model,head,regime,dof,horizon_samples,horizon_s,picp_id,picp_ood,picp_delta,width_id,width_ood,width_delta,width_ratio_id,width_ratio_ood
dlinear_gaussian,gaussian,unseen_heading,heave,10,1.0,0.9623911668631496,0.9790432508104924,0.016652083947342744,0.0726154981555236,0.0728945715215901,0.00027907336606650124,0.0290749499237767,0.028427496584161
dlinear_gaussian,gaussian,unseen_heading,heave,20,2.0,0.9443569481284998,0.9587729639453778,0.014416015816878014,0.3961823326952836,0.3984162837736294,0.0022339510783458416,0.1586212698731246,0.1553611660273098
dlinear_gaussian,gaussian,unseen_heading,heave,30,3.0,0.922431445868946,0.9367674869830044,0.014336041114058395,0.8291633206551996,0.8417641240898108,0.01260080343461123,0.331974639861799,0.328220338386003
dlinear_gaussian,gaussian,unseen_heading,heave,50,5.0,0.9195601851851852,0.9310842175066312,0.011524032321445943,0.9750872234329716,0.9920471972763578,0.01695997384338621,0.3903617315511704,0.3867445582755754
dlinear_gaussian,gaussian,unseen_heading,heave,100,10.0,0.9071633387366146,0.9212318253266528,0.014068486590038232,1.877813868026161,1.895472119739953,0.017658251713792206,0.7519305244245476,0.7388454322606681
dlinear_gaussian,gaussian,unseen_heading,heave,150,15.0,0.8855901242754691,0.8919693732193732,0.00637924894390407,2.2598974757807784,2.2706466540860557,0.01074917830527733,0.9054426988142972,0.8850036992517084
dlinear_gaussian,gaussian,unseen_heading,heave_rate,10,1.0,0.9701115654779447,0.9927393407996856,0.022627775321740873,0.0430817399064153,0.0436864753120825,0.0006047354056672033,0.0291305094685982,0.0295750922644344
dlinear_gaussian,gaussian,unseen_heading,heave_rate,20,2.0,0.9550568265546714,0.9786085322723254,0.02355170571765397,0.2350504600740056,0.2387759740505735,0.0037255139765678957,0.1589175605897463,0.1616311716388259
dlinear_gaussian,gaussian,unseen_heading,heave_rate,30,3.0,0.9344138360840948,0.9606622703605462,0.026248434276451404,0.4919324787441526,0.5044807993849751,0.012548320640822563,0.3325631250905185,0.3414579711824329
dlinear_gaussian,gaussian,unseen_heading,heave_rate,50,5.0,0.9273665450928382,0.9521140337950684,0.024747488702230203,0.5785077400502342,0.5945475366220253,0.01603979657179111,0.3911405223770832,0.4023967044230148
dlinear_gaussian,gaussian,unseen_heading,heave_rate,100,10.0,0.9007208468415364,0.9257982120051084,0.025077365163571952,1.1140845481255592,1.135982128256131,0.02189758013057186,0.753600733881861,0.7688576504906367
dlinear_gaussian,gaussian,unseen_heading,heave_rate,150,15.0,0.8826329022988505,0.8941257736516356,0.011492871352785095,1.3407705840585908,1.3608296692888036,0.020059085230212714,0.9074360165044304,0.9210759261812184
dlinear_gaussian,gaussian,unseen_heading,pitch,10,1.0,0.9228942553296,1.0,0.07710574467039999,0.1195705013847263,0.1397735037957622,0.020203002411035897,0.0292808888518271,0.4553047447220983
dlinear_gaussian,gaussian,unseen_heading,pitch,20,2.0,0.9047088368209056,1.0,0.09529116317909436,0.6523666232066185,0.7639627731240483,0.11159614991742972,0.1597460322551408,2.488698255713143
dlinear_gaussian,gaussian,unseen_heading,pitch,30,3.0,0.89469050864525,1.0,0.10530949135474998,1.3653277226530869,1.614088738981904,0.2487610163288172,0.3343244467310407,5.258296882994045
dlinear_gaussian,gaussian,unseen_heading,pitch,50,5.0,0.8867352514981826,1.0,0.11326474850181745,1.605611449028842,1.902259826778864,0.29664837775002195,0.3931249312824595,6.197756868220796
dlinear_gaussian,gaussian,unseen_heading,pitch,100,10.0,0.8646669920915611,1.0,0.13533300790843894,3.0920721612305893,3.6345847368846393,0.5425125756540501,0.7572797028161536,11.845309471945493
dlinear_gaussian,gaussian,unseen_heading,pitch,150,15.0,0.8752647914824639,1.0,0.12473520851753606,3.721226963375417,4.353985897133322,0.6327589337579052,0.9118656694738668,14.187474545918649
dlinear_gaussian,gaussian,unseen_heading,pitch_rate,10,1.0,0.8635993835347283,1.0,0.13640061646527168,0.0891454723671413,0.1041925026894289,0.015047030322287588,0.0293393140213907,0.4815967873172801
dlinear_gaussian,gaussian,unseen_heading,pitch_rate,20,2.0,0.8470096215247077,1.0,0.1529903784752923,0.4863720726981311,0.5694870293151145,0.08311495661698343,0.1600526843506417,2.6324357945823595
dlinear_gaussian,gaussian,unseen_heading,pitch_rate,30,3.0,0.8454131975144906,1.0,0.15458680248550938,1.017919763592616,1.20320342181839,0.18528365822577397,0.3349241984318538,5.562332045705268
dlinear_gaussian,gaussian,unseen_heading,pitch_rate,50,5.0,0.840434350132626,1.0,0.15956564986737398,1.1970636478981866,1.4180171454045691,0.2209534975063825,0.3938975628473577,6.556651412055626
dlinear_gaussian,gaussian,unseen_heading,pitch_rate,100,10.0,0.8384748931623932,1.0,0.1615251068376068,2.305300200589698,2.7093582194299266,0.4040580188402285,0.7586458143878115,12.530779033525375
dlinear_gaussian,gaussian,unseen_heading,pitch_rate,150,15.0,0.8728586427939876,1.0,0.12714135720601238,2.774369608094307,3.2456273937954414,0.4712577857011344,0.9133009687347532,15.009868349959277
dlinear_gaussian,gaussian,unseen_heading,roll,10,1.0,0.991690152519894,0.963395225464191,-0.028294927055703023,0.3499108055491069,0.294710749946618,-0.05520005560248892,0.0288815154369496,0.0177162205536783
dlinear_gaussian,gaussian,unseen_heading,roll,20,2.0,0.9828207891246684,0.9416918410452894,-0.04112894807937906,1.9090731555982252,1.6107495069101774,-0.29832364868804784,0.1575367971796192,0.0968017470778896
dlinear_gaussian,gaussian,unseen_heading,roll,30,3.0,0.9705728399155124,0.9203335298162884,-0.050239310099224,3.995470310888191,3.4031322753590043,-0.5923380355291865,0.3296313764816931,0.2044942469480357
dlinear_gaussian,gaussian,unseen_heading,roll,50,5.0,0.9707155970625796,0.9147706061499165,-0.05594499091266314,4.698629215773553,4.010694083888157,-0.6879351318853963,0.3874900170043138,0.241005290439222
dlinear_gaussian,gaussian,unseen_heading,roll,100,10.0,0.9624441251596424,0.8921762943314667,-0.07026783082817567,9.048574718505366,7.66309999153948,-1.385474726965886,0.7453972808048892,0.4601505747372865
dlinear_gaussian,gaussian,unseen_heading,roll,150,15.0,0.9410244130071715,0.8537362461931428,-0.08728816681402873,10.889709602717296,9.179870375942263,-1.709839226775033,0.8961778346115575,0.5509157494983605
dlinear_gaussian,gaussian,unseen_heading,roll_rate,10,1.0,0.9937148479713136,0.9632785637095984,-0.030436284261715185,0.1872027941785281,0.1561965081783114,-0.031006286000216682,0.0288927208991464,0.017371149470441
dlinear_gaussian,gaussian,unseen_heading,roll_rate,20,2.0,0.9865670129678752,0.93956982513017,-0.046997187837705234,1.0213584359439103,0.8536974595539838,-0.1676609763899265,0.1576078419338269,0.0949437340705013
dlinear_gaussian,gaussian,unseen_heading,roll_rate,30,3.0,0.974315226201002,0.9152661116023184,-0.05904911459868356,2.1375844592689264,1.8036607212237357,-0.3339237380451907,0.3297949532703659,0.2005655982226083
dlinear_gaussian,gaussian,unseen_heading,roll_rate,50,5.0,0.9738347639748502,0.9069180420473524,-0.06691672192749787,2.513776717349524,2.1256690719860685,-0.3881076453634553,0.3876659342758799,0.2362542814017728
dlinear_gaussian,gaussian,unseen_heading,roll_rate,100,10.0,0.9614026119952844,0.873749877198153,-0.08765273479713143,4.841007258374129,4.061445706071619,-0.7795615523025097,0.7459531168510574,0.4512184302323108
dlinear_gaussian,gaussian,unseen_heading,roll_rate,150,15.0,0.9387372286079182,0.8335414824638963,-0.10519574614402194,5.826018707743647,4.865334423849498,-0.9606842838941487,0.8970967651389894,0.5403397478286249
dlinear_quantile,quantile,unseen_heading,heave,10,1.0,0.9335143125552609,0.9587324393358876,0.025218126780626737,0.047145345070851,0.0515570958543923,0.0044117507835413,0.0188768042896074,0.0201062868701533
dlinear_quantile,quantile,unseen_heading,heave,20,2.0,0.9149290205324688,0.934816779644366,0.01988775911189722,0.2975909208561715,0.3238385793569649,0.026247658500793414,0.1191477909875015,0.1262798267605739
dlinear_quantile,quantile,unseen_heading,heave,30,3.0,0.901588902397092,0.9182778268985166,0.016688924501424562,0.7101421010177847,0.7533555158061316,0.04321341478834684,0.2843217522571945,0.2937480883854686
dlinear_quantile,quantile,unseen_heading,heave,50,5.0,0.9008543938500836,0.9177160084487672,0.016861614598683627,0.8686064992429307,0.909251205264544,0.0406447060216133,0.3477337503072912,0.3544669615588974
dlinear_quantile,quantile,unseen_heading,heave,100,10.0,0.9013578814225366,0.9192031388152078,0.017845257392671177,1.828657204485918,1.884219985829299,0.055562781343380996,0.7322467866355472,0.7344594074510745
dlinear_quantile,quantile,unseen_heading,heave,150,15.0,0.8861227772865704,0.8944444444444445,0.00832166715787408,2.270090697080292,2.29540520922532,0.025314512145028,0.9095266795709264,0.8946535550964946
dlinear_quantile,quantile,unseen_heading,heave_rate,10,1.0,0.934346295068278,0.9743485362019844,0.04000224113370632,0.0280029695368626,0.0308965636177163,0.0028935940808537015,0.0189347220194552,0.0209165127907492
dlinear_quantile,quantile,unseen_heading,heave_rate,20,2.0,0.9166935295706848,0.9547935700952942,0.03810004052460936,0.1766300726036571,0.1940762730499039,0.017446200446246812,0.1194195504068583,0.1313732486071176
dlinear_quantile,quantile,unseen_heading,heave_rate,30,3.0,0.907610030454858,0.9404718046959428,0.03286177424108483,0.4213501827942366,0.4514877987975019,0.03013761600326531,0.2848470869523333,0.3055896438059935
dlinear_quantile,quantile,unseen_heading,heave_rate,50,5.0,0.9042844029374204,0.9375128941939288,0.0332284912565084,0.5140552577170064,0.5446729377399391,0.030617680022932636,0.3475629245974419,0.3686409944278188
dlinear_quantile,quantile,unseen_heading,heave_rate,100,10.0,0.8933611786521269,0.9225826456429904,0.029221466990863476,1.084552777828992,1.129238489731524,0.0446857119025319,0.7336245446368276,0.7642934078473593
dlinear_quantile,quantile,unseen_heading,heave_rate,150,15.0,0.8828078949307397,0.8963147165733373,0.013506821642597533,1.3468054087233032,1.3756680167796034,0.028862608056300143,0.911520397023484,0.9311192438472932
dlinear_quantile,quantile,unseen_heading,pitch,10,1.0,0.8644989070635622,1.0,0.13550109293643775,0.0795151794697094,0.0988352833359135,0.0193201038662041,0.0194719860260037,0.3219506718136569
dlinear_quantile,quantile,unseen_heading,pitch,20,2.0,0.8507765681795855,1.0,0.14922343182041453,0.4949051480719162,0.6209450136296584,0.12603986555774216,0.121188195310372,2.022801145132473
dlinear_quantile,quantile,unseen_heading,pitch,30,3.0,0.8602814311327243,1.0,0.13971856886727574,1.1724459178861315,1.4445344485893388,0.27208853070320727,0.2870939528406139,4.705931467675025
dlinear_quantile,quantile,unseen_heading,pitch,50,5.0,0.8602783610865506,1.0,0.13972163891344935,1.4267138746087211,1.742639426788572,0.31592555217985097,0.3493228665344488,5.677697296746186
dlinear_quantile,quantile,unseen_heading,pitch,100,10.0,0.8575529275960311,1.0,0.14244707240396892,3.010102691957608,3.6130108833213535,0.6029081913637455,0.7372045518836033,11.774999109012915
dlinear_quantile,quantile,unseen_heading,pitch,150,15.0,0.8757483237547893,1.0,0.12425167624521072,3.7379680709749272,4.401462126673443,0.6634940556985156,0.9159679834254764,14.3421759652733
dlinear_quantile,quantile,unseen_heading,pitch_rate,10,1.0,0.806487314569211,1.0,0.19351268543078903,0.0654603434580966,0.073675504975304,0.008215161517207387,0.0215441291819673,0.3405416472800074
dlinear_quantile,quantile,unseen_heading,pitch_rate,20,2.0,0.7931095883682091,1.0,0.2068904116317909,0.3875086848750859,0.4628761710001867,0.0753674861251008,0.1275192567685491,2.1396304714183185
dlinear_quantile,quantile,unseen_heading,pitch_rate,30,3.0,0.8094330238726791,1.0,0.19056697612732088,0.8914415298410582,1.0768112931853009,0.1853697633442427,0.2933093064006676,4.978029362823728
dlinear_quantile,quantile,unseen_heading,pitch_rate,50,5.0,0.8124685320267216,1.0,0.18753146797327835,1.0659142531705303,1.2990299985415472,0.23311574537101687,0.3507424415279241,6.006476650753062
dlinear_quantile,quantile,unseen_heading,pitch_rate,100,10.0,0.8315266111602319,1.0,0.16847338883976815,2.2444659243047664,2.6932762728451327,0.4488103485403663,0.7386260056604842,12.456400046783116
dlinear_quantile,quantile,unseen_heading,pitch_rate,150,15.0,0.8733045670006877,1.0,0.1266954329993123,2.786841461088587,3.281018050982061,0.4941765898934736,0.917406606061648,15.173537508718905
dlinear_quantile,quantile,unseen_heading,roll,10,1.0,0.9726650763827488,0.9502247273798998,-0.02244034900284897,0.2271936179897972,0.2089625751872576,-0.018231042802539593,0.0187524817213108,0.0125615610226386
dlinear_quantile,quantile,unseen_heading,roll,20,2.0,0.9667583075449456,0.9111006729541212,-0.0556576345908244,1.4342212417394016,1.3112764636510343,-0.12294477808836723,0.1183519972548147,0.0788042163222685
dlinear_quantile,quantile,unseen_heading,roll,30,3.0,0.9608975893997446,0.9036944935651832,-0.0572030958345614,3.4218405392670364,3.046824417062238,-0.3750161222047983,0.2823061915854183,0.1830837047567604
dlinear_quantile,quantile,unseen_heading,roll,50,5.0,0.9624364500442087,0.9026623440416544,-0.059774106002554395,4.173396812062102,3.675497506529705,-0.4978993055323975,0.3441747640445503,0.2208631038772913
dlinear_quantile,quantile,unseen_heading,roll,100,10.0,0.959621217703114,0.8895931574810886,-0.07002806022202546,8.808554880329238,7.6176100621183105,-1.1909448182109275,0.7256250912301239,0.4574190147692552
dlinear_quantile,quantile,unseen_heading,roll,150,15.0,0.9422332436879852,0.8565465664603596,-0.08568667722762557,10.93871965952281,9.27996215741168,-1.658757502111131,0.9002111585645854,0.5569226032499517
dlinear_quantile,quantile,unseen_heading,roll_rate,10,1.0,0.9739422155909224,0.9447895176343452,-0.029152697956577267,0.1215498651890943,0.1107737574533632,-0.010776107735731108,0.0187599033745629,0.0123195295500975
dlinear_quantile,quantile,unseen_heading,roll_rate,20,2.0,0.9687262071421556,0.9029865409175754,-0.06573966622458027,0.7672861806706909,0.6949195934296375,-0.07236658724105338,0.1184014493103938,0.077285296261084
dlinear_quantile,quantile,unseen_heading,roll_rate,30,3.0,0.9635347590627764,0.8938101729050004,-0.06972458615777599,1.830673174642648,1.6147206492236637,-0.21595252541898424,0.2824434709312359,0.1795556166207434
dlinear_quantile,quantile,unseen_heading,roll_rate,50,5.0,0.9642723376559582,0.8915942135769722,-0.072678124078986,2.232449428446292,1.9477542827068983,-0.2846951457393938,0.3442806146740005,0.2164802106182028
dlinear_quantile,quantile,unseen_heading,roll_rate,100,10.0,0.9576594581982512,0.8702862511052166,-0.08737320709303453,4.7125856439969445,4.03733272834095,-0.6752529156559941,0.7261645690545233,0.448539527017233
dlinear_quantile,quantile,unseen_heading,roll_rate,150,15.0,0.9398693081343944,0.8364248698300423,-0.10344443830435213,5.852239654834129,4.918380807486624,-0.9338588473475049,0.9011342953965712,0.546231032386003
lstm_gaussian,gaussian,unseen_heading,heave,10,1.0,0.9934554290696532,0.1062549120738775,-0.8872005169957757,0.0301433171219693,0.0817854083672479,0.051642091245278604,0.0120692614954004,0.0318947538679961
lstm_gaussian,gaussian,unseen_heading,heave,20,2.0,0.9909272460457806,0.0733470871401906,-0.9175801589055901,0.0342384879999503,0.0950317488168113,0.060793260816861,0.013708214619618,0.0370573289975841
lstm_gaussian,gaussian,unseen_heading,heave,30,3.0,0.97694702328323,0.0949319677767953,-0.8820150555064348,0.0489591263098243,0.1350854355064599,0.08612630919663561,0.0196019142667925,0.0526724602345018
lstm_gaussian,gaussian,unseen_heading,heave,50,5.0,0.939813279791728,0.424339326063464,-0.515473953728264,0.1511431787546298,0.4208326444750327,0.2696894657204029,0.0605079336011432,0.1640594677776199
lstm_gaussian,gaussian,unseen_heading,heave,100,10.0,0.920979314028883,0.6335199921406818,-0.2874593218882012,0.5193563668682172,1.3275751383061305,0.8082187714379133,0.2079651833186939,0.5174820651304957
lstm_gaussian,gaussian,unseen_heading,heave,150,15.0,0.9098173936536006,0.657487842617153,-0.2523295510364476,1.0591005866672158,2.119320695241784,1.060220108574568,0.4243355744164711,0.8260231294968355
lstm_gaussian,gaussian,unseen_heading,heave_rate,10,1.0,0.9894766492288044,0.0686161459868356,-0.9208605032419688,0.0214805084525079,0.0597516479779422,0.038271139525434296,0.0145244401972936,0.0404509745699465
lstm_gaussian,gaussian,unseen_heading,heave_rate,20,2.0,0.982423218145201,0.0799218980253463,-0.9025013201198546,0.026105882732635,0.0705876085824531,0.04448172584981809,0.0176501811551703,0.0477818504300112
lstm_gaussian,gaussian,unseen_heading,heave_rate,30,3.0,0.963827948472345,0.2020882454072109,-0.761739703065134,0.0434630902893149,0.1189533237948424,0.0754902335055275,0.0293825306464942,0.0805135907212163
lstm_gaussian,gaussian,unseen_heading,heave_rate,50,5.0,0.9350362879457706,0.2565177080263287,-0.678518579919442,0.0940157680583296,0.2530476895438595,0.15903192148552986,0.0635659198385566,0.1712656264843652
lstm_gaussian,gaussian,unseen_heading,heave_rate,100,10.0,0.9177196925041752,0.5321120689655172,-0.38560762353865796,0.3793808417321777,0.8732044793832371,0.4938236376510594,0.256624760868567,0.5910039671549487
lstm_gaussian,gaussian,unseen_heading,heave_rate,150,15.0,0.9088948447784656,0.6826665193044503,-0.22622832547401528,0.7241456603343875,1.5073046646342685,0.783159004299881,0.4901031251697652,1.0202173507437229
lstm_gaussian,gaussian,unseen_heading,pitch,10,1.0,0.9896132662835248,0.0728116710875331,-0.9168015951959917,0.0594899293239626,0.1579278229035437,0.0984378935795811,0.014568124982041,0.5144414723743569
lstm_gaussian,gaussian,unseen_heading,pitch,20,2.0,0.9780606825326652,0.0929352097455545,-0.8851254727871107,0.0907338762002894,0.2553997401700865,0.1646658639697971,0.0222181457458388,0.8319945817146207
lstm_gaussian,gaussian,unseen_heading,pitch,30,3.0,0.9557583321053148,0.129420866489832,-0.8263374656154828,0.147202707208066,0.4114795262131516,0.2642768190050856,0.0360451654413177,1.340497246432211
lstm_gaussian,gaussian,unseen_heading,pitch,50,5.0,0.937506140092347,0.3549458443854996,-0.5825602957068474,0.3419958540341971,0.8624250803576202,0.5204292263234231,0.0837357610382016,2.8098690251811096
lstm_gaussian,gaussian,unseen_heading,pitch,100,10.0,0.9171785968660968,0.5695905786423028,-0.34758801822379404,1.2750706095837792,2.546658142319433,1.2715875327356538,0.3122776707484506,8.299697489204789
lstm_gaussian,gaussian,unseen_heading,pitch,150,15.0,0.9075524670891052,0.6604197367128402,-0.24713273037626504,2.235200624380424,3.3927220259908624,1.1575214016104383,0.547723300357435,11.055193682830852
lstm_gaussian,gaussian,unseen_heading,pitch_rate,10,1.0,0.9823810050103152,0.0848812506140092,-0.897499754396306,0.0657664300253537,0.1695906063622846,0.10382417633693089,0.021644867555729,0.7838787731850135
lstm_gaussian,gaussian,unseen_heading,pitch_rate,20,2.0,0.9647435897435898,0.1247365900383141,-0.8400069997052757,0.0977544535800845,0.2569934576086037,0.1592390040285192,0.0321685055145701,1.187944135612673
lstm_gaussian,gaussian,unseen_heading,pitch_rate,30,3.0,0.9430306881815502,0.1758147902544454,-0.7672158979271049,0.135979215552523,0.308294836898275,0.17231562134575204,0.0447409819528249,1.4252272057314592
lstm_gaussian,gaussian,unseen_heading,pitch_rate,50,5.0,0.9382882343550448,0.3397607820021613,-0.5985274523528835,0.3727958817313153,1.0073077433953657,0.6345118616640504,0.1226696588032939,4.657606404486363
lstm_gaussian,gaussian,unseen_heading,pitch_rate,100,10.0,0.9151953470380194,0.5945365458296493,-0.3206588012083701,1.2077571635239828,2.3702949766554067,1.162537813131424,0.3974579608633986,10.96261187750713
lstm_gaussian,gaussian,unseen_heading,pitch_rate,150,15.0,0.906580797475194,0.7151948865310934,-0.19138591094410062,1.8484202028200252,3.172080489782267,1.3236602869622418,0.6084856022568692,14.669740167378864
lstm_gaussian,gaussian,unseen_heading,roll,10,1.0,0.9917914640436192,0.0840916347381864,-0.9076998293054328,0.1339051024901903,0.4134655126748985,0.27956041018470823,0.0110524802987657,0.024855035709471
lstm_gaussian,gaussian,unseen_heading,roll,20,2.0,0.9906156363591708,0.0745609833971902,-0.9160546529619806,0.1366414588430849,0.4300382477416988,0.29339678889861387,0.011275658936886,0.0258441511315838
lstm_gaussian,gaussian,unseen_heading,roll,30,3.0,0.9821614967089104,0.0882902298850574,-0.893871266823853,0.1550902384846181,0.5427037005192651,0.38761346203464697,0.0127951417011516,0.0326110699126121
lstm_gaussian,gaussian,unseen_heading,roll,50,5.0,0.9531587705079084,0.130252849002849,-0.8229059215050594,0.2176214471152746,0.6800574487190829,0.4624360016038083,0.0179469658853083,0.0408651070153445
lstm_gaussian,gaussian,unseen_heading,roll,100,10.0,0.9241721620493172,0.3854307888790647,-0.5387413731702525,0.8294067430763709,1.998345100128032,1.168938357051661,0.0683242997050132,0.1199957781266825
lstm_gaussian,gaussian,unseen_heading,roll,150,15.0,0.9135060541310542,0.4653803173199725,-0.44812573681108175,1.89619030511275,3.408674556731642,1.512484251618892,0.1560485801405891,0.2045663414964122
lstm_gaussian,gaussian,unseen_heading,roll_rate,10,1.0,0.9925520679831024,0.0777685676392573,-0.914783500343845,0.0786725754018515,0.273777081676077,0.1951045062742255,0.0121422587385902,0.0304476883820419
lstm_gaussian,gaussian,unseen_heading,roll_rate,20,2.0,0.9651956540426369,0.0844182876510462,-0.8807773663915907,0.0882361250491231,0.3112852733339588,0.22304914828483569,0.0136158911114719,0.0346195082118711
lstm_gaussian,gaussian,unseen_heading,roll_rate,30,3.0,0.9669371377345516,0.0945684743098536,-0.872368663424698,0.1038194155699915,0.3506541611974594,0.2468347456274679,0.0160176685220532,0.0389924561655359
lstm_gaussian,gaussian,unseen_heading,roll_rate,50,5.0,0.9491201247666764,0.2787644906179389,-0.6703556341487376,0.1675288163255758,0.7278361325204908,0.560307316194915,0.0258357135105712,0.080894248654713
lstm_gaussian,gaussian,unseen_heading,roll_rate,100,10.0,0.9171962496315944,0.4877382355830632,-0.42945801404853123,0.6533861540084809,1.464624884718537,0.8112387307100561,0.1006805840348285,0.1627168720669889
lstm_gaussian,gaussian,unseen_heading,roll_rate,150,15.0,0.9075202316042832,0.5087391934374693,-0.3987810381668139,1.2816420265262682,2.19297671769446,0.9113346911681919,0.1973486481488114,0.2435500591335558
lstm_quantile,quantile,unseen_heading,heave,10,1.0,0.9922673212005108,0.1855437665782493,-0.8067235546222614,0.0520269597572923,0.0813521801700286,0.029325220412736296,0.020831382942383,0.0317258031102162
lstm_quantile,quantile,unseen_heading,heave,20,2.0,0.9855201272227134,0.10490409175754,-0.8806160354651734,0.0502746051867032,0.0866607981877461,0.03638619300104289,0.0201286656647013,0.0337931033535651
lstm_quantile,quantile,unseen_heading,heave,30,3.0,0.950152427792514,0.0963042784163473,-0.8538481493761667,0.057540683699492,0.106996356362716,0.049455672663223996,0.023037738492154,0.0417199774692383
lstm_quantile,quantile,unseen_heading,heave,50,5.0,0.9302930666077218,0.29741010904804,-0.6328829575596818,0.131396480656112,0.3180860193721247,0.1866895387160127,0.0526026354114931,0.1240042181394712
lstm_quantile,quantile,unseen_heading,heave,100,10.0,0.9171801318891836,0.5463079624717556,-0.37087216941742795,0.4602181055715102,1.1128851128856008,0.6526670073140906,0.184284527537229,0.4337969805639936
lstm_quantile,quantile,unseen_heading,heave,150,15.0,0.9083092334708714,0.7203599322133805,-0.18794930125749099,0.962114381264522,2.0201419604939588,1.058027579229437,0.3854774171289448,0.7873673804920397
lstm_quantile,quantile,unseen_heading,heave_rate,10,1.0,0.9862600083505256,0.1294104283328421,-0.8568495800176835,0.0329597072948698,0.0557175036839371,0.022757796389067303,0.0222863112660048,0.037719919046448
lstm_quantile,quantile,unseen_heading,heave_rate,20,2.0,0.9796778293545536,0.1017517683465959,-0.8779260610079577,0.0337128704122268,0.0590872076685354,0.025374337256308603,0.0227932637302751,0.0399970501316401
lstm_quantile,quantile,unseen_heading,heave_rate,30,3.0,0.9624134246979074,0.1669847234502407,-0.7954287012476666,0.0452845009821184,0.0909330129071479,0.04564851192502951,0.0306138663647993,0.0615480354031993
lstm_quantile,quantile,unseen_heading,heave_rate,50,5.0,0.9346387169663032,0.2023074467039984,-0.7323312702623048,0.083031697676118,0.190801871964181,0.107770174288063,0.0561393726557102,0.1291369314426056
lstm_quantile,quantile,unseen_heading,heave_rate,100,10.0,0.920343046959426,0.5325289812358778,-0.38781406572354826,0.3434207746497524,0.7794939672282851,0.4360731925785327,0.2323002758109909,0.5275786346522834
lstm_quantile,quantile,unseen_heading,heave_rate,150,15.0,0.906887034581,0.7206245701935358,-0.1862624643874642,0.6631336923279854,1.3517661254894116,0.6886324331614262,0.448810112133013,0.9149412774533788
lstm_quantile,quantile,unseen_heading,pitch,10,1.0,0.9884090406719718,0.1352662344041654,-0.8531428062678064,0.08545277894197,0.1468443324450894,0.06139155350311941,0.0209260084494318,0.4783375924774195
lstm_quantile,quantile,unseen_heading,pitch,20,2.0,0.981353307053738,0.1199681943216425,-0.8613851127320955,0.0989141008029935,0.2018875799560303,0.1029734791530368,0.0242212500996677,0.6576724491850824
lstm_quantile,quantile,unseen_heading,pitch,30,3.0,0.9645256164652716,0.14627849002849,-0.8182471264367815,0.1414086530080477,0.3273605488935263,0.18595189588547859,0.0346263896173077,1.0664586848848263
lstm_quantile,quantile,unseen_heading,pitch,50,5.0,0.9418832584242068,0.3627087631397976,-0.5791744952844092,0.2966819700554334,0.7439605211408562,0.4472785510854228,0.0726409114492381,2.423899387810536
lstm_quantile,quantile,unseen_heading,pitch,100,10.0,0.911991753855978,0.611451886236369,-0.30053986761960894,1.1582297468354632,2.6073983942083507,1.4491686473728875,0.2836621633459281,8.497653275935148
lstm_quantile,quantile,unseen_heading,pitch,150,15.0,0.9104874312309658,0.8009553983691915,-0.10953203286177426,2.0458981734161124,3.889250287463229,1.8433521140471165,0.501335802932382,12.673132334310305
lstm_quantile,quantile,unseen_heading,pitch_rate,10,1.0,0.9858655074172316,0.2092420670006876,-0.776623440416544,0.0807933542880761,0.1651631526033712,0.08436979831529509,0.0265904877651764,0.76341427284909
lstm_quantile,quantile,unseen_heading,pitch_rate,20,2.0,0.979054609981334,0.1903428627566558,-0.7887117472246782,0.1028994716975944,0.2186088895733976,0.1157094178758032,0.0338616001780279,1.0105126829999966
lstm_quantile,quantile,unseen_heading,pitch_rate,30,3.0,0.9658580165045684,0.2206147460457805,-0.7452432704587879,0.1259872108253047,0.2660095154001802,0.1400223045748755,0.041453331694243,1.2297448836513407
lstm_quantile,quantile,unseen_heading,pitch_rate,50,5.0,0.9334291187739464,0.3517554524020041,-0.5816736663719423,0.3229481413216862,0.8459170433796489,0.5229689020579626,0.1062671028529267,3.91136538435484
lstm_quantile,quantile,unseen_heading,pitch_rate,100,10.0,0.9126341610177816,0.6830625552608312,-0.22957160575695046,1.090495177597517,2.3701296298588668,1.2796344522613499,0.358868490048639,10.961847148739826
lstm_quantile,quantile,unseen_heading,pitch_rate,150,15.0,0.9043964596227528,0.8434331712348954,-0.06096328838785747,1.723172147747983,3.234052193591788,1.510880045843805,0.5672549134201309,14.95633718014188
lstm_quantile,quantile,unseen_heading,roll,10,1.0,0.9854426085568329,0.1507061106199037,-0.8347364979369292,0.2289755683129632,0.3679554551812432,0.13897988686827997,0.0188995632773823,0.0221192474285406
lstm_quantile,quantile,unseen_heading,roll,20,2.0,0.979138268739562,0.1038707142155418,-0.8752675545240202,0.2251671482209998,0.3700722911740919,0.1449051429530921,0.0185808025516389,0.0222403571611133
lstm_quantile,quantile,unseen_heading,roll,30,3.0,0.978964043619216,0.0924280381176932,-0.8865360055015228,0.2371654170763648,0.3980264011090673,0.1608609840327025,0.0195664482030297,0.0239174097785103
lstm_quantile,quantile,unseen_heading,roll,50,5.0,0.9543315281461834,0.1154859269083407,-0.8388456012378427,0.2595985269590794,0.4821315967338861,0.2225330697748067,0.021408762642512,0.0289716101678166
lstm_quantile,quantile,unseen_heading,roll,100,10.0,0.9248913203654584,0.3644224629138422,-0.5604688574516161,0.7617095311580963,1.6292402995691473,0.867530768411051,0.0627475852221504,0.0978319297751041
lstm_quantile,quantile,unseen_heading,roll,150,15.0,0.9203844925827684,0.5085169220945083,-0.41186757048826017,1.720918574156807,2.987963270082395,1.2670446959255879,0.1416244452419393,0.1793180030869498
lstm_quantile,quantile,unseen_heading,roll_rate,10,1.0,0.9762539603595638,0.1239727625503487,-0.8522811978092151,0.133049617937418,0.2044373869994294,0.07138776906201139,0.0205347654861275,0.0227361830832951
lstm_quantile,quantile,unseen_heading,roll_rate,20,2.0,0.978727650063857,0.1044890215148836,-0.8742386285489734,0.1380357618836273,0.222216897547246,0.0841811356636187,0.0213005716451191,0.0247137926798099
lstm_quantile,quantile,unseen_heading,roll_rate,30,3.0,0.9813333517536104,0.1014981825326653,-0.8798351692209451,0.1439415837530292,0.2522062421548233,0.10826465840179408,0.0222078747259082,0.0280451280210495
lstm_quantile,quantile,unseen_heading,roll_rate,50,5.0,0.9650413842224188,0.2194591806660772,-0.7455822035563416,0.1796685633439149,0.4895978126489455,0.3099292493050306,0.0277078632274718,0.0544156100907952
lstm_quantile,quantile,unseen_heading,roll_rate,100,10.0,0.92187039493074,0.5022577119559878,-0.4196126829747522,0.5957860563864095,1.3654534337781925,0.769667377391783,0.0918049575259478,0.1516991237931988
lstm_quantile,quantile,unseen_heading,roll_rate,150,15.0,0.9154616735435702,0.5986510217113665,-0.3168106518322037,1.1971252822695435,2.194556591845473,0.9974313095759295,0.1843346669592195,0.2437255185626496
tcn_gaussian,gaussian,unseen_heading,heave,10,1.0,0.9936795424403184,0.3843685529030356,-0.6093109895372828,0.0174404057042832,0.0294633704755269,0.012022964771243701,0.0069830674633169,0.0114901541509553
tcn_gaussian,gaussian,unseen_heading,heave,20,2.0,0.9926357267413302,0.2369952844090775,-0.7556404423322527,0.0392527188592421,0.0677564374066983,0.028503718547456203,0.0157157843689475,0.026421407834179
tcn_gaussian,gaussian,unseen_heading,heave,30,3.0,0.978041494744081,0.23987560172905,-0.738165893015031,0.0858668894196388,0.1502376333258605,0.06437074390622169,0.0343787876055739,0.0585805992882454
tcn_gaussian,gaussian,unseen_heading,heave,50,5.0,0.951658285440613,0.4613137341585617,-0.49034455128205134,0.2430332091658011,0.48234059183848,0.2393073826726789,0.0972947466385518,0.1880380284739485
tcn_gaussian,gaussian,unseen_heading,heave,100,10.0,0.9220960433244916,0.6329888741526672,-0.28910716917182433,0.6934490612683385,1.291348281127332,0.5978992198589935,0.2776768907609046,0.5033610196806756
tcn_gaussian,gaussian,unseen_heading,heave,150,15.0,0.9067811179880144,0.8159169613910994,-0.09086415659691505,1.2366123051419546,2.3452861702507266,1.108673865108772,0.4954568049897303,0.9140950806858134
tcn_gaussian,gaussian,unseen_heading,heave_rate,10,1.0,0.9921990126731508,0.2257883878573533,-0.7664106248157975,0.0175038514628185,0.0272119599358536,0.0097081084730351,0.0118355505576654,0.0184220910487685
tcn_gaussian,gaussian,unseen_heading,heave_rate,20,2.0,0.9812212950682778,0.2278268985165537,-0.7533943965517241,0.041300011669528,0.067517033855327,0.026217022185798994,0.0279229281439526,0.0457033306261517
tcn_gaussian,gaussian,unseen_heading,heave_rate,30,3.0,0.959826143285195,0.3488640829158071,-0.6109620603693879,0.0753467259120713,0.1322702618166157,0.056923535904544395,0.0509369552069955,0.0895271639728058
tcn_gaussian,gaussian,unseen_heading,heave_rate,50,5.0,0.9426354197367128,0.5136598634443462,-0.4289755562923666,0.1341241603496344,0.2573659061157101,0.12324174576607569,0.0906839969643072,0.1741882458048826
tcn_gaussian,gaussian,unseen_heading,heave_rate,100,10.0,0.9187466229492092,0.7078372138716965,-0.21090940907751266,0.4595773226800136,0.7623992135978401,0.3028218909178265,0.3108721041233633,0.516008529995622
tcn_gaussian,gaussian,unseen_heading,heave_rate,150,15.0,0.9033910195009334,0.8095607377934965,-0.0938302817074369,0.8087881997989572,1.3411949048365983,0.5324067050376411,0.5473893527703492,0.9077861594592624
tcn_gaussian,gaussian,unseen_heading,pitch,10,1.0,0.9768917624521072,0.4246733470871402,-0.552218415364967,0.0533469266160917,0.0779036874328756,0.024556760816783894,0.0130638026163859,0.253767112909786
tcn_gaussian,gaussian,unseen_heading,pitch,20,2.0,0.9716864991649472,0.3679953826505551,-0.6036911165143921,0.1576938785124856,0.2447224297395585,0.0870285512270729,0.0386147459222714,0.7972119918045126
tcn_gaussian,gaussian,unseen_heading,pitch,30,3.0,0.9677192319972492,0.3417483298948816,-0.6259709021023676,0.2633857537102857,0.4621974490631066,0.1988116953528209,0.0644946227378431,1.5057235373993771
tcn_gaussian,gaussian,unseen_heading,pitch,50,5.0,0.9508953789664996,0.4832142155418018,-0.4676811634246978,0.5618929330212382,0.9094710898654008,0.3475781568441626,0.1375763238457736,2.9631497308158217
tcn_gaussian,gaussian,unseen_heading,pitch,100,10.0,0.917566957707044,0.8322090824245997,-0.08535787528244432,1.621436554972254,2.5837065476606687,0.9622699926884146,0.3971061891375659,8.420440258593397
tcn_gaussian,gaussian,unseen_heading,pitch,150,15.0,0.9055807299341782,0.9055095048629532,-7.122507122492294e-05,2.482229931381927,3.917747599377126,1.435517667995199,0.6082564381169945,12.765990900451207
tcn_gaussian,gaussian,unseen_heading,pitch_rate,10,1.0,0.9753206663228214,0.3814078003733176,-0.5939128659495039,0.0864165347718719,0.1160216086461939,0.029605073874322,0.0284411735446356,0.5362730766717514
tcn_gaussian,gaussian,unseen_heading,pitch_rate,20,2.0,0.9685819149720012,0.3782124963159446,-0.5903694186560566,0.1639972370093649,0.2607911306924409,0.09679389368307603,0.0539673214866683,1.2054987594186584
tcn_gaussian,gaussian,unseen_heading,pitch_rate,30,3.0,0.956212698938992,0.4600286128303369,-0.49618408610865505,0.2483514673610163,0.3687637452708146,0.12041227790979833,0.0817146096483025,1.7047710806159513
tcn_gaussian,gaussian,unseen_heading,pitch_rate,50,5.0,0.932769058846645,0.6154441742803812,-0.31732488456626373,0.562542618829184,0.7783805786390046,0.21583795980982057,0.1851064201503778,3.5990891482444134
tcn_gaussian,gaussian,unseen_heading,pitch_rate,100,10.0,0.9139834463110326,0.8997599223892326,-0.01422352392179993,1.413116182576393,2.0226035793584285,0.6094873967820356,0.4650390768547326,9.354539515520672
tcn_gaussian,gaussian,unseen_heading,pitch_rate,150,15.0,0.9014054671382258,0.9259062776304156,0.024500810492189773,2.012131150945583,2.8963800017555905,0.8842488508100077,0.6623779773316736,13.394723806224516
tcn_gaussian,gaussian,unseen_heading,roll,10,1.0,0.9953312272816582,0.1292317516455447,-0.8660994756361136,0.0567256374764266,0.1071950832572873,0.0504694457808607,0.0046821142658776,0.0064439174261543
tcn_gaussian,gaussian,unseen_heading,roll,20,2.0,0.984876185037823,0.106192897141173,-0.8786832878966501,0.1010684423304565,0.2062130398019082,0.10514459747145169,0.0083401721164969,0.0123928534122967
tcn_gaussian,gaussian,unseen_heading,roll,30,3.0,0.9742922008547008,0.1137875773651635,-0.8605046234895373,0.1746599359807477,0.3640147215747485,0.18935478559400082,0.0144096666058669,0.0218736476702406
tcn_gaussian,gaussian,unseen_heading,roll,50,5.0,0.9647535673936536,0.1755243638864328,-0.7892292035072208,0.2980914179475682,0.6962580241936157,0.3981666062460475,0.0245832227453867,0.0418386104329219
tcn_gaussian,gaussian,unseen_heading,roll,100,10.0,0.932620929118774,0.4345521416642106,-0.49806878745456346,1.0728231591435666,2.147548662194016,1.0747255030504494,0.0883762902432235,0.1289550902736352
tcn_gaussian,gaussian,unseen_heading,roll,150,15.0,0.91654002726201,0.5516044061302682,-0.3649356211317418,2.2330433449346967,4.263943944231323,2.030900599296626,0.1837701851074126,0.2558940134940712
tcn_gaussian,gaussian,unseen_heading,roll_rate,10,1.0,0.9818944026918164,0.1043422733077905,-0.8775521293840258,0.0505755528251767,0.1033041810971974,0.0527286282720207,0.0078057880413062,0.0114888123408773
tcn_gaussian,gaussian,unseen_heading,roll_rate,20,2.0,0.9738339964633068,0.1163572060123784,-0.8574767904509284,0.0950832756083008,0.1945022721581585,0.0994189965498577,0.0146724884675516,0.0216315180480219
tcn_gaussian,gaussian,unseen_heading,roll_rate,30,3.0,0.965555616956479,0.1403330386089006,-0.8252225783475784,0.1207971310298529,0.2722122934744527,0.1514151624445998,0.0186370573618455,0.0302697845785595
tcn_gaussian,gaussian,unseen_heading,roll_rate,50,5.0,0.9494969729344728,0.2374042145593869,-0.7120927583750859,0.2671735727909388,0.507954725682645,0.2407811528917062,0.0412025825503828,0.0564558614896074
tcn_gaussian,gaussian,unseen_heading,roll_rate,100,10.0,0.9236379740151291,0.4643150112977698,-0.45932296271735934,0.8382219386307633,1.4259802017765877,0.5877582631458244,0.1291620182252225,0.158423525698275
tcn_gaussian,gaussian,unseen_heading,roll_rate,150,15.0,0.9121629089301504,0.574363886432852,-0.33779902249729843,1.502147677732789,2.5698720359078666,1.0677243581750777,0.2313023507226308,0.285407720593154
tcn_quantile,quantile,unseen_heading,heave,10,1.0,0.9928805629236664,0.4378929659102073,-0.5549875970134591,0.029807716809082,0.0442851998934173,0.014477483084335302,0.0119348884959795,0.0172703857423202
tcn_quantile,quantile,unseen_heading,heave,20,2.0,0.992029392622065,0.2476950093329403,-0.7443343832891247,0.0601538587264927,0.0807290558548706,0.020575197128377902,0.0240840660259921,0.0314800392471475
tcn_quantile,quantile,unseen_heading,heave,30,3.0,0.9860305223990568,0.1816779644365851,-0.8043525579624716,0.1037994096434228,0.1324295711561618,0.028630161512739005,0.0415584852535608,0.0516368866446857
tcn_quantile,quantile,unseen_heading,heave,50,5.0,0.9579841155810984,0.2059730818351508,-0.7520110337459476,0.240151115332782,0.2974176509296574,0.05726653559687539,0.0961409430483567,0.1159467597387978
tcn_quantile,quantile,unseen_heading,heave,100,10.0,0.9215119670399844,0.2661171284016111,-0.6553948386383732,0.6378688116327921,0.6579594486188572,0.02009063698606517,0.2554209648846976,0.2564692606987458
tcn_quantile,quantile,unseen_heading,heave,150,15.0,0.9038576665193044,0.4249637734551528,-0.47889389306415164,1.1279137793567886,1.2034386782395412,0.0755248988827526,0.451906029966163,0.4690503826951739
tcn_quantile,quantile,unseen_heading,heave_rate,10,1.0,0.9866314839375184,0.2409102072895176,-0.7457212766480008,0.0309224391925453,0.0379742080134715,0.0070517688209261985,0.0209087750320051,0.0257079724936433
tcn_quantile,quantile,unseen_heading,heave_rate,20,2.0,0.9847457080754496,0.1792243835347283,-0.8055213245407213,0.0528402799411237,0.0652721984899105,0.012431918548786808,0.035725300799151,0.0441837666428353
tcn_quantile,quantile,unseen_heading,heave_rate,30,3.0,0.9683516615089892,0.185970502996365,-0.7823811585126242,0.082174644545543,0.0967111519938383,0.014536507448295294,0.0555528609597688,0.0654589704718015
tcn_quantile,quantile,unseen_heading,heave_rate,50,5.0,0.9524043066607722,0.2556439728853522,-0.69676033377542,0.1337473153354811,0.1461319860305071,0.012384670695025995,0.0904292045985589,0.098903831850958
tcn_quantile,quantile,unseen_heading,heave_rate,100,10.0,0.9169230155221536,0.332946507515473,-0.5839765080066806,0.4321658375693691,0.3938898575494262,-0.03827598001994292,0.2923301403819855,0.2665933053827591
tcn_quantile,quantile,unseen_heading,heave_rate,150,15.0,0.9003209733274389,0.4463638373121131,-0.4539571360153258,0.7554246742277247,0.6787890144236514,-0.07663565980407339,0.5112728197506513,0.4594375286281431
tcn_quantile,quantile,unseen_heading,pitch,10,1.0,0.988674599665979,0.4815643727281658,-0.5071102269378132,0.0719179425463241,0.092032812035893,0.020114869489568907,0.0176115451366669,0.2997919838318424
tcn_quantile,quantile,unseen_heading,pitch,20,2.0,0.983364187297377,0.2902366391590529,-0.6931275481383241,0.1721602217871334,0.193742817233777,0.02158259544664362,0.0421571419571984,0.6311399302022789
tcn_quantile,quantile,unseen_heading,pitch,30,3.0,0.9784406007466352,0.2385794282346006,-0.7398611725120345,0.2743076607202371,0.3197774705501868,0.04546980982994969,0.067169043287405,1.0417549147306324
tcn_quantile,quantile,unseen_heading,pitch,50,5.0,0.961241434571176,0.2925870665094803,-0.6686543680616956,0.527438357508958,0.5578558813761813,0.030417523867223295,0.1291403148481895,1.817551457274464
tcn_quantile,quantile,unseen_heading,pitch,100,10.0,0.9166375012280183,0.5002928824049514,-0.41634461882306695,1.474605008736546,1.3314859776656245,-0.1431190310709216,0.3611456604372394,4.339385268129413
tcn_quantile,quantile,unseen_heading,pitch,150,15.0,0.9047410723057276,0.6466904902249729,-0.2580505820807547,2.2714139262158537,2.1121092219115454,-0.15930470430430832,0.5565971656301061,6.882313478277335
tcn_quantile,quantile,unseen_heading,pitch_rate,10,1.0,0.9850427350427352,0.2896840308478239,-0.6953587041949113,0.0932374766729352,0.0993574571630528,0.00611998049011761,0.0306860632854489,0.4592483233498075
tcn_quantile,quantile,unseen_heading,pitch_rate,20,2.0,0.9714501056095884,0.292428652126928,-0.6790214534826604,0.1727495192719129,0.1881166631445856,0.015367143872672712,0.0568474750747316,0.8695633300283424
tcn_quantile,quantile,unseen_heading,pitch_rate,30,3.0,0.9706365433736124,0.3271072796934866,-0.6435292636801258,0.2443555524592101,0.2462657037903944,0.001910151331184301,0.0803998413891955,1.1384705122275072
tcn_quantile,quantile,unseen_heading,pitch_rate,50,5.0,0.9459265092346988,0.4638950289812358,-0.482031480253463,0.5214573459741053,0.4373275313385864,-0.08412981463551894,0.1715871817415019,2.022122359503528
tcn_quantile,quantile,unseen_heading,pitch_rate,100,10.0,0.9145030516258964,0.6657867914333432,-0.24871626019255322,1.3028708583822646,1.0308121900844327,-0.2720586682978319,0.4287587027263184,4.767505339965791
tcn_quantile,quantile,unseen_heading,pitch_rate,150,15.0,0.9009994535317812,0.7381606739365361,-0.16283877959524518,1.8681285105072645,1.507516718842479,-0.3606117916647855,0.6149734243734191,6.97172680032362
tcn_quantile,quantile,unseen_heading,roll,10,1.0,0.991571188230671,0.1869252873563218,-0.8046459008743492,0.1112395817531852,0.1533478133200353,0.042108231566850104,0.0091816761490481,0.0092183392790868
tcn_quantile,quantile,unseen_heading,roll,20,2.0,0.9892510008350528,0.0945918066607721,-0.8946591941742807,0.196250671621663,0.2174978957694834,0.021247224147820404,0.0161946136851617,0.0130710431422933
tcn_quantile,quantile,unseen_heading,roll,30,3.0,0.98361286103743,0.0811861430395913,-0.9024267179978387,0.2937802137538962,0.3233148582957636,0.02953464454186744,0.0242372408521928,0.0194279925447001
tcn_quantile,quantile,unseen_heading,roll,50,5.0,0.9751257183908044,0.0830711513901169,-0.8920545670006875,0.4092772135820268,0.4584820091133104,0.049204795531283596,0.0337525748824741,0.0275504906273955
tcn_quantile,quantile,unseen_heading,roll,100,10.0,0.9367900518223796,0.1497771146478043,-0.7870129371745753,1.0699452439044588,1.030306864998306,-0.03963837890615274,0.088139215315917,0.0618674291876881
tcn_quantile,quantile,unseen_heading,roll,150,15.0,0.9222457080754496,0.1846356469201296,-0.73761006115532,2.1321123663509343,2.107423354281309,-0.02468901206962526,0.1754639851138103,0.1264737593438038
tcn_quantile,quantile,unseen_heading,roll_rate,10,1.0,0.9804553185479912,0.0960721829256312,-0.8843831356223599,0.1086739449351956,0.1084209626300111,-0.0002529823051845015,0.0167726447342843,0.012057867167075
tcn_quantile,quantile,unseen_heading,roll_rate,20,2.0,0.9744449356518322,0.0907616170547205,-0.8836833185971117,0.1638174739902952,0.1760559153358073,0.012238441345512108,0.0252789986727824,0.0195800114198706
tcn_quantile,quantile,unseen_heading,roll_rate,30,3.0,0.9734087950682778,0.0910980941153355,-0.8823107009529423,0.1920226143739357,0.2091954488368238,0.017172834462888115,0.0296260055876175,0.0232623629531266
tcn_quantile,quantile,unseen_heading,roll_rate,50,5.0,0.9593694739168876,0.1056593231162196,-0.853710150800668,0.3243959515896795,0.3100136646502867,-0.014382286939392808,0.050027219514119,0.0344560009513859
tcn_quantile,quantile,unseen_heading,roll_rate,100,10.0,0.9249857242852932,0.1528833873661459,-0.7721023369191473,0.8296393280787641,0.6493643890970024,-0.1802749389817616,0.1278395196726934,0.0721430745360174
tcn_quantile,quantile,unseen_heading,roll_rate,150,15.0,0.9146258534728364,0.2252744621279103,-0.6893513913449261,1.4414394787912217,1.2813672820426063,-0.1600721967486154,0.2219544355133118,0.1423075196354004
dlinear_gaussian,gaussian,unseen_seastate,heave,10,1.0,0.9623911668631496,0.4133227723744965,-0.5490683944886532,0.0726154981555236,0.0419760569060926,-0.030639441249430993,0.0290749499237767,0.0097759361574371
dlinear_gaussian,gaussian,unseen_seastate,heave,20,2.0,0.9443569481284998,0.3383589989193438,-0.6059979492091561,0.3961823326952836,0.2191099765115304,-0.17707235618375317,0.1586212698731246,0.0510306939602038
dlinear_gaussian,gaussian,unseen_seastate,heave,30,3.0,0.922431445868946,0.2842224187051773,-0.6382090271637687,0.8291633206551996,0.4172924387165231,-0.4118708819386765,0.331974639861799,0.0971920835475808
dlinear_gaussian,gaussian,unseen_seastate,heave,50,5.0,0.9195601851851852,0.3830502750761371,-0.5365099101090481,0.9750872234329716,0.5198199699044506,-0.45526725352852104,0.3903617315511704,0.1210653703846744
dlinear_gaussian,gaussian,unseen_seastate,heave,100,10.0,0.9071633387366146,0.4314507810197465,-0.4757125577168681,1.877813868026161,1.1247929205070382,-0.7530209475191227,0.7519305244245476,0.2620329215967773
dlinear_gaussian,gaussian,unseen_seastate,heave,150,15.0,0.8855901242754691,0.3825130169957756,-0.5030771072796936,2.2598974757807784,1.3240674145651097,-0.9358300612156687,0.9054426988142972,0.308481729999624
dlinear_gaussian,gaussian,unseen_seastate,heave_rate,10,1.0,0.9701115654779447,0.5541844729344729,-0.4159270925434718,0.0430817399064153,0.0282632948953974,-0.014818445011017898,0.0291305094685982,0.0116993989539422
dlinear_gaussian,gaussian,unseen_seastate,heave_rate,20,2.0,0.9550568265546714,0.4632969839866391,-0.4917598425680323,0.2350504600740056,0.1475351109121901,-0.0875153491618155,0.1589175605897463,0.0610687976187437
dlinear_gaussian,gaussian,unseen_seastate,heave_rate,30,3.0,0.9344138360840948,0.3965683023872679,-0.5378455336968269,0.4919324787441526,0.2809803422674001,-0.21095213647675248,0.3325631250905185,0.1162999813026182
dlinear_gaussian,gaussian,unseen_seastate,heave_rate,50,5.0,0.9273665450928382,0.5093482905982906,-0.41801825449454766,0.5785077400502342,0.3500129270691771,-0.22849481298105712,0.3911405223770832,0.1449018822994412
dlinear_gaussian,gaussian,unseen_seastate,heave_rate,100,10.0,0.9007208468415364,0.5335482365654779,-0.3671726102760585,1.1140845481255592,0.7573688300246698,-0.3567157181008894,0.753600733881861,0.3136123897545509
dlinear_gaussian,gaussian,unseen_seastate,heave_rate,150,15.0,0.8826329022988505,0.4762513508203163,-0.4063815514785342,1.3407705840585908,0.8915479288165614,-0.4492226552420294,0.9074360165044304,0.3691598770085308
dlinear_gaussian,gaussian,unseen_seastate,pitch,10,1.0,0.9228942553296,0.7212115630219079,-0.2016826923076921,0.1195705013847263,0.0940969029035468,-0.0254735984811795,0.0292808888518271,0.0158927647875293
dlinear_gaussian,gaussian,unseen_seastate,pitch,20,2.0,0.9047088368209056,0.6661232684939581,-0.23858556832694755,0.6523666232066185,0.4911977828073539,-0.16116884039926466,0.1597460322551408,0.0829752333354194
dlinear_gaussian,gaussian,unseen_seastate,pitch,30,3.0,0.89469050864525,0.6278041801748698,-0.2668863284703802,1.3653277226530869,0.9354891649621708,-0.42983855769091606,0.3343244467310407,0.1580449848955664
dlinear_gaussian,gaussian,unseen_seastate,pitch,50,5.0,0.8867352514981826,0.66859711170056,-0.21813813979762253,1.605611449028842,1.1653194725513645,-0.44029197647747753,0.3931249312824595,0.1968713039135745
dlinear_gaussian,gaussian,unseen_seastate,pitch,100,10.0,0.8646669920915611,0.6629985754985755,-0.2016684165929855,3.0920721612305893,2.5215702179181325,-0.5705019433124567,0.7572797028161536,0.4261466140457685
dlinear_gaussian,gaussian,unseen_seastate,pitch,150,15.0,0.8752647914824639,0.6492828372138716,-0.22598195426859236,3.721226963375417,2.9683091627159954,-0.7529178006594215,0.9118656694738668,0.5015322177837355
dlinear_gaussian,gaussian,unseen_seastate,pitch_rate,10,1.0,0.8635993835347283,0.7420571765399352,-0.12154220699479312,0.0891454723671413,0.0746597259559303,-0.014485746411211003,0.0293393140213907,0.0180650719711234
dlinear_gaussian,gaussian,unseen_seastate,pitch_rate,20,2.0,0.8470096215247077,0.6972774830533451,-0.14973213847136257,0.4863720726981311,0.3897377926325176,-0.09663428006561348,0.1600526843506417,0.0942893021522462
dlinear_gaussian,gaussian,unseen_seastate,pitch_rate,30,3.0,0.8454131975144906,0.6677049562825425,-0.17770824123194817,1.017919763592616,0.7422589560569919,-0.27566080753562416,0.3349241984318538,0.1795749460075772
dlinear_gaussian,gaussian,unseen_seastate,pitch_rate,50,5.0,0.840434350132626,0.6869535317811181,-0.15348081835150795,1.1970636478981866,0.9246150490192157,-0.272448598878971,0.3938975628473577,0.2237673881151017
dlinear_gaussian,gaussian,unseen_seastate,pitch_rate,100,10.0,0.8384748931623932,0.6885659200314374,-0.14990897313095586,2.305300200589698,2.000728935293326,-0.30457126529637213,0.7586458143878115,0.4842627305227363
dlinear_gaussian,gaussian,unseen_seastate,pitch_rate,150,15.0,0.8728586427939876,0.699816411238825,-0.17304223155516263,2.774369608094307,2.355191698152154,-0.4191779099421531,0.9133009687347532,0.5697507886850958
dlinear_gaussian,gaussian,unseen_seastate,roll,10,1.0,0.991690152519894,0.7324571421554179,-0.2592330103644761,0.3499108055491069,0.205253797125948,-0.14465700842315893,0.0288815154369496,0.0099716665085844
dlinear_gaussian,gaussian,unseen_seastate,roll,20,2.0,0.9828207891246684,0.6578783524904215,-0.32494243663424693,1.9090731555982252,1.071448454801154,-0.8376247007970712,0.1575367971796192,0.0520436898799838
dlinear_gaussian,gaussian,unseen_seastate,roll,30,3.0,0.9705728399155124,0.609159789763238,-0.3614130501522743,3.995470310888191,2.0405638488842825,-1.9549064620039083,0.3296313764816931,0.0991061367233718
dlinear_gaussian,gaussian,unseen_seastate,roll,50,5.0,0.9707155970625796,0.7140988800471559,-0.25661671701542366,4.698629215773553,2.541929505999589,-2.156699709773964,0.3874900170043138,0.1234422695680398
dlinear_gaussian,gaussian,unseen_seastate,roll,100,10.0,0.9624441251596424,0.7087766480007859,-0.2536674771588565,9.048574718505366,5.500286790978126,-3.54828792752724,0.7453972808048892,0.2669336503004291
dlinear_gaussian,gaussian,unseen_seastate,roll,150,15.0,0.9410244130071715,0.6533162638766087,-0.28770814913056286,10.889709602717296,6.474733793026656,-4.41497580969064,0.8961778346115575,0.3140311687006877
dlinear_gaussian,gaussian,unseen_seastate,roll_rate,10,1.0,0.9937148479713136,0.772300201395029,-0.22141464657628462,0.1872027941785281,0.114083490347743,-0.07311930383078509,0.0288927208991464,0.0105117975194883
dlinear_gaussian,gaussian,unseen_seastate,roll_rate,20,2.0,0.9865670129678752,0.6917710482365654,-0.29479596473130976,1.0213584359439103,0.5955314577854595,-0.42582697815845083,0.1576078419338269,0.0548699286447289
dlinear_gaussian,gaussian,unseen_seastate,roll_rate,30,3.0,0.974315226201002,0.6418435013262599,-0.3324717248747421,2.1375844592689264,1.1341847003078949,-1.0033997589610315,0.3297949532703659,0.1044852581101842
dlinear_gaussian,gaussian,unseen_seastate,roll_rate,50,5.0,0.9738347639748502,0.7463699774044601,-0.22746478657039015,2.513776717349524,1.412852304208555,-1.1009244131409688,0.3876659342758799,0.130110998771336
dlinear_gaussian,gaussian,unseen_seastate,roll_rate,100,10.0,0.9614026119952844,0.7256870763336281,-0.23571553566165637,4.841007258374129,3.057164848674072,-1.7838424097000565,0.7459531168510574,0.2814102722572436
dlinear_gaussian,gaussian,unseen_seastate,roll_rate,150,15.0,0.9387372286079182,0.668325719618823,-0.27041150898909516,5.826018707743647,3.598780730639913,-2.227237977103734,0.8970967651389894,0.3311275108735307
dlinear_quantile,quantile,unseen_seastate,heave,10,1.0,0.9335143125552609,0.3368890608114745,-0.5966252517437863,0.047145345070851,0.029000820847427,-0.018144524223423997,0.0188768042896074,0.0067540925473771
dlinear_quantile,quantile,unseen_seastate,heave,20,2.0,0.9149290205324688,0.2886248649179683,-0.6263041556145006,0.2975909208561715,0.1721494403830607,-0.1254414804731108,0.1191477909875015,0.0400935892900615
dlinear_quantile,quantile,unseen_seastate,heave,30,3.0,0.901588902397092,0.2506999705275567,-0.6508889318695352,0.7101421010177847,0.3683387290758707,-0.34180337194191407,0.2843217522571945,0.0857902161857078
dlinear_quantile,quantile,unseen_seastate,heave,50,5.0,0.9008543938500836,0.3306507269869339,-0.5702036668631497,0.8686064992429307,0.4846254213752119,-0.38398107786771873,0.3477337503072912,0.1128686074669341
dlinear_quantile,quantile,unseen_seastate,heave,100,10.0,0.9013578814225366,0.4196169810393948,-0.48174090038314177,1.828657204485918,1.1065404266499208,-0.7221167778359971,0.7322467866355472,0.2577808017579969
dlinear_quantile,quantile,unseen_seastate,heave,150,15.0,0.8861227772865704,0.3829489635524118,-0.5031738137341586,2.270090697080292,1.3225920370859376,-0.9474986599943542,0.9095266795709264,0.3081379959932049
dlinear_quantile,quantile,unseen_seastate,heave_rate,10,1.0,0.934346295068278,0.453747912368602,-0.48059838269967603,0.0280029695368626,0.0193623225463429,-0.0086406469905197,0.0189347220194552,0.0080149019066233
dlinear_quantile,quantile,unseen_seastate,heave_rate,20,2.0,0.9166935295706848,0.3956466745259848,-0.5210468550447,0.1766300726036571,0.1152019230847356,-0.06142814951892149,0.1194195504068583,0.047685211219579
dlinear_quantile,quantile,unseen_seastate,heave_rate,30,3.0,0.907610030454858,0.3496678210040279,-0.5579422094508302,0.4213501827942366,0.2437377450870985,-0.17761243770713808,0.2848470869523333,0.1008849763923884
dlinear_quantile,quantile,unseen_seastate,heave_rate,50,5.0,0.9042844029374204,0.4346559092248747,-0.4696284937125457,0.5140552577170064,0.297626493723272,-0.21642876399373445,0.3475629245974419,0.1232144181753644
dlinear_quantile,quantile,unseen_seastate,heave_rate,100,10.0,0.8933611786521269,0.5155209254347185,-0.37784025321740844,1.084552777828992,0.7279231409970297,-0.35662963683196236,0.7336245446368276,0.3014194758956234
dlinear_quantile,quantile,unseen_seastate,heave_rate,150,15.0,0.8828078949307397,0.4765387071421554,-0.40626918778858434,1.3468054087233032,0.8905457203438946,-0.45625968837940867,0.911520397023484,0.3687448963389019
dlinear_quantile,quantile,unseen_seastate,pitch,10,1.0,0.8644989070635622,0.634592052264466,-0.22990685479909623,0.0795151794697094,0.0667525212376462,-0.012762658232063198,0.0194719860260037,0.0112743574577785
dlinear_quantile,quantile,unseen_seastate,pitch,20,2.0,0.8507765681795855,0.6034642401021711,-0.24731232807741432,0.4949051480719162,0.3893124020045301,-0.10559274606738611,0.121188195310372,0.0657643184219496
dlinear_quantile,quantile,unseen_seastate,pitch,30,3.0,0.8602814311327243,0.5858839276942726,-0.2743975034384517,1.1724459178861315,0.812983831997292,-0.35946208588883954,0.2870939528406139,0.1373484827625421
dlinear_quantile,quantile,unseen_seastate,pitch,50,5.0,0.8602783610865506,0.6083928922290992,-0.25188546885745144,1.4267138746087211,0.9680971188779416,-0.45861675573077954,0.3493228665344488,0.1635521816958862
dlinear_quantile,quantile,unseen_seastate,pitch,100,10.0,0.8575529275960311,0.6483084045584045,-0.20924452303762653,3.010102691957608,2.4165573921384484,-0.5935452998191595,0.7372045518836033,0.4083993945476187
dlinear_quantile,quantile,unseen_seastate,pitch,150,15.0,0.8757483237547893,0.6489617103841242,-0.22678661337066508,3.7379680709749272,2.964968398984104,-0.7729996719908234,0.9159679834254764,0.5009677548010406
dlinear_quantile,quantile,unseen_seastate,pitch_rate,10,1.0,0.806487314569211,0.6636451272227134,-0.14284218734649756,0.0654603434580966,0.0600218953496925,-0.005438448108404104,0.0215441291819673,0.0145232231360649
dlinear_quantile,quantile,unseen_seastate,pitch_rate,20,2.0,0.7931095883682091,0.6354092985558503,-0.15770028981235884,0.3875086848750859,0.3299269000156314,-0.05758178485945448,0.1275192567685491,0.0798192470727619
dlinear_quantile,quantile,unseen_seastate,pitch_rate,30,3.0,0.8094330238726791,0.6248477257097947,-0.18458529816288438,0.8914415298410582,0.6628001847335693,-0.2286413451074889,0.2933093064006676,0.1603514601152272
dlinear_quantile,quantile,unseen_seastate,pitch_rate,50,5.0,0.8124685320267216,0.628011715296198,-0.1844568167305236,1.0659142531705303,0.7743082450115634,-0.291606008158967,0.3507424415279241,0.1873914271306922
dlinear_quantile,quantile,unseen_seastate,pitch_rate,100,10.0,0.8315266111602319,0.6744823902151488,-0.15704422094508308,2.2444659243047664,1.922429454009016,-0.32203647029575033,0.7386260056604842,0.4653108775573595
dlinear_quantile,quantile,unseen_seastate,pitch_rate,150,15.0,0.8733045670006877,0.6990974064249927,-0.17420716057569496,2.786841461088587,2.352536351849915,-0.43430510923867205,0.917406606061648,0.5691084266849581
dlinear_quantile,quantile,unseen_seastate,roll,10,1.0,0.9726650763827488,0.6759203998428136,-0.2967446765399352,0.2271936179897972,0.1409013916898905,-0.08629222629990671,0.0187524817213108,0.0068452896277717
dlinear_quantile,quantile,unseen_seastate,roll,20,2.0,0.9667583075449456,0.6159918705177326,-0.350766437027213,1.4342212417394016,0.8432437636898632,-0.5909774780495384,0.1183519972548147,0.0409590556914379
dlinear_quantile,quantile,unseen_seastate,roll,30,3.0,0.9608975893997446,0.5816527900579624,-0.3792447993417821,3.4218405392670364,1.801837506998601,-1.6200030322684353,0.2823061915854183,0.0875116720408141
dlinear_quantile,quantile,unseen_seastate,roll,50,5.0,0.9624364500442087,0.6648049906670596,-0.2976314593771492,4.173396812062102,2.1458140785992827,-2.0275827334628196,0.3441747640445503,0.1042059424968925
dlinear_quantile,quantile,unseen_seastate,roll,100,10.0,0.959621217703114,0.6931519550054034,-0.26646926269771065,8.808554880329238,5.274680728027698,-3.5338741523015402,0.7256250912301239,0.2559847939586025
dlinear_quantile,quantile,unseen_seastate,roll,150,15.0,0.9422332436879852,0.6516123882503192,-0.290620855437666,10.93871965952281,6.467443966077501,-4.4712756934453095,0.9002111585645854,0.3136776046856027
dlinear_quantile,quantile,unseen_seastate,roll_rate,10,1.0,0.9739422155909224,0.7046099813341193,-0.2693322342568031,0.1215498651890943,0.0780706087330213,-0.04347925645607301,0.0187599033745629,0.0071935249239238
dlinear_quantile,quantile,unseen_seastate,roll_rate,20,2.0,0.9687262071421556,0.6427890755476963,-0.32593713159445936,0.7672861806706909,0.4672923467407476,-0.2999938339299433,0.1184014493103938,0.0430544808115404
dlinear_quantile,quantile,unseen_seastate,roll_rate,30,3.0,0.9635347590627764,0.6105683269476373,-0.3529664321151391,1.830673174642648,0.9947051625472088,-0.8359680120954391,0.2824434709312359,0.0916358910714133
dlinear_quantile,quantile,unseen_seastate,roll_rate,50,5.0,0.9642723376559582,0.6877609539247471,-0.2765113837312111,2.232449428446292,1.174174958449672,-1.0582744699966202,0.3442806146740005,0.1081309604132744
dlinear_quantile,quantile,unseen_seastate,roll_rate,100,10.0,0.9576594581982512,0.7082449160035367,-0.24941454219471448,4.7125856439969445,2.9262601797554804,-1.786325464241464,0.7261645690545233,0.2693605725048399
dlinear_quantile,quantile,unseen_seastate,roll_rate,150,15.0,0.9398693081343944,0.6663357156891639,-0.27353359244523046,5.852239654834129,3.59473384170707,-2.257505813127059,0.9011342953965712,0.3307551524667778
lstm_gaussian,gaussian,unseen_seastate,heave,10,1.0,0.9934554290696532,0.6198810050103153,-0.37357442405933794,0.0301433171219693,0.2869820437903643,0.256838726668395,0.0120692614954004,0.0668361524452339
lstm_gaussian,gaussian,unseen_seastate,heave,20,2.0,0.9909272460457806,0.5841137390706357,-0.40681350697514496,0.0342384879999503,0.2871921519383498,0.25295366393839946,0.013708214619618,0.0668870265364984
lstm_gaussian,gaussian,unseen_seastate,heave,30,3.0,0.97694702328323,0.4941349837901561,-0.48281203949307394,0.0489591263098243,0.2589122748576447,0.20995314854782038,0.0196019142667925,0.0603035691872506
lstm_gaussian,gaussian,unseen_seastate,heave,50,5.0,0.939813279791728,0.3640835298162884,-0.5757297499754397,0.1511431787546298,0.3263585236073112,0.17521534485268142,0.0605079336011432,0.0760084602866973
lstm_gaussian,gaussian,unseen_seastate,heave,100,10.0,0.920979314028883,0.3728251792906965,-0.5481541347381865,0.5193563668682172,0.8792006432038973,0.35984427633568017,0.2079651833186939,0.204819490777584
lstm_gaussian,gaussian,unseen_seastate,heave,150,15.0,0.9098173936536006,0.3956343943412908,-0.5141829993123098,1.0591005866672158,1.520221418557586,0.4611208318903701,0.4243355744164711,0.3541817644784777
lstm_gaussian,gaussian,unseen_seastate,heave_rate,10,1.0,0.9894766492288044,0.6275125257883878,-0.3619641234404166,0.0214805084525079,0.2182965609260812,0.1968160524735733,0.0145244401972936,0.0903623786964658
lstm_gaussian,gaussian,unseen_seastate,heave_rate,20,2.0,0.982423218145201,0.5759492582768445,-0.40647395986835644,0.026105882732635,0.1818165104461281,0.1557106277134931,0.0176501811551703,0.0752588018643864
lstm_gaussian,gaussian,unseen_seastate,heave_rate,30,3.0,0.963827948472345,0.5059921161214265,-0.4578358323509185,0.0434630902893149,0.1620749195614992,0.11861182927218429,0.0293825306464942,0.0670840883832628
lstm_gaussian,gaussian,unseen_seastate,heave_rate,50,5.0,0.9350362879457706,0.4393917624521073,-0.49564452549366333,0.0940157680583296,0.232353273083783,0.1383375050254534,0.0635659198385566,0.0961919518521725
lstm_gaussian,gaussian,unseen_seastate,heave_rate,100,10.0,0.9177196925041752,0.4353196532075842,-0.482400039296591,0.3793808417321777,0.6377330323279021,0.25835219059572445,0.256624760868567,0.2640734241561737
lstm_gaussian,gaussian,unseen_seastate,heave_rate,150,15.0,0.9088948447784656,0.4662374742116121,-0.4426573705668535,0.7241456603343875,1.0982924822267996,0.3741468218924121,0.4901031251697652,0.4547658118576159
lstm_gaussian,gaussian,unseen_seastate,pitch,10,1.0,0.9896132662835248,0.6351802731113075,-0.3544329931722172,0.0594899293239626,0.5795723350636687,0.5200824057397061,0.014568124982041,0.0978885225156422
lstm_gaussian,gaussian,unseen_seastate,pitch,20,2.0,0.9780606825326652,0.5720576677473229,-0.4060030147853423,0.0907338762002894,0.5823560359812977,0.4916221597810083,0.0222181457458388,0.0983740759041444
lstm_gaussian,gaussian,unseen_seastate,pitch,30,3.0,0.9557583321053148,0.4789413252775321,-0.4768170068277827,0.147202707208066,0.61552886767529,0.46832616046722403,0.0360451654413177,0.1039897138717369
lstm_gaussian,gaussian,unseen_seastate,pitch,50,5.0,0.937506140092347,0.5370444051478535,-0.40046173494449355,0.3419958540341971,1.055531913291841,0.713536059257644,0.0837357610382016,0.178323583349368
lstm_gaussian,gaussian,unseen_seastate,pitch,100,10.0,0.9171785968660968,0.5014177473229198,-0.41576084954317705,1.2750706095837792,2.324818500023936,1.049747890440157,0.3122776707484506,0.3928954764044283
lstm_gaussian,gaussian,unseen_seastate,pitch,150,15.0,0.9075524670891052,0.5569733028784752,-0.35057916421062996,2.235200624380424,3.720051179122768,1.4848505547423438,0.547723300357435,0.6285482461090096
lstm_gaussian,gaussian,unseen_seastate,pitch_rate,10,1.0,0.9823810050103152,0.651156179388938,-0.33122482562137723,0.0657664300253537,0.5943334871662861,0.5285670571409324,0.021644867555729,0.1438081520262383
lstm_gaussian,gaussian,unseen_seastate,pitch_rate,20,2.0,0.9647435897435898,0.5441239316239316,-0.4206196581196582,0.0977544535800845,0.5115625474590019,0.41380809387891737,0.0321685055145701,0.1237623769594628
lstm_gaussian,gaussian,unseen_seastate,pitch_rate,30,3.0,0.9430306881815502,0.5728012329305433,-0.3702294552510069,0.135979215552523,0.6329949922798845,0.4970157767273615,0.0447409819528249,0.1531406803975286
lstm_gaussian,gaussian,unseen_seastate,pitch_rate,50,5.0,0.9382882343550448,0.5468139060811474,-0.3914743282738974,0.3727958817313153,1.0655204274630443,0.692724545731729,0.1226696588032939,0.2578680968794583
lstm_gaussian,gaussian,unseen_seastate,pitch_rate,100,10.0,0.9151953470380194,0.5357304253855978,-0.3794649216524216,1.2077571635239828,2.274096249314236,1.0663390857902533,0.3974579608633986,0.5504294158683568
lstm_gaussian,gaussian,unseen_seastate,pitch_rate,150,15.0,0.906580797475194,0.6059951861676,-0.3005856113075941,1.8484202028200252,3.0889904070805283,1.2405702042605031,0.6084856022568692,0.7472660174777529
lstm_gaussian,gaussian,unseen_seastate,roll,10,1.0,0.9917914640436192,0.5703611602318499,-0.42143030381176927,0.1339051024901903,1.844974411935904,1.7110693094457137,0.0110524802987657,0.0896327854115527
lstm_gaussian,gaussian,unseen_seastate,roll,20,2.0,0.9906156363591708,0.553695107574418,-0.43692052878475285,0.1366414588430849,1.7839385309719895,1.6472970721289046,0.011275658936886,0.0866516193614656
lstm_gaussian,gaussian,unseen_seastate,roll,30,3.0,0.9821614967089104,0.5072182925631202,-0.47494320414579017,0.1550902384846181,1.5219239345916693,1.3668336961070513,0.0127951417011516,0.0739168253062428
lstm_gaussian,gaussian,unseen_seastate,roll,50,5.0,0.9531587705079084,0.458480695549661,-0.49467807495824745,0.2176214471152746,1.0855043240746356,0.867882876959361,0.0179469658853083,0.0527147259880446
lstm_gaussian,gaussian,unseen_seastate,roll,100,10.0,0.9241721620493172,0.4412945770704391,-0.48287758497887806,0.8294067430763709,1.74143671013739,0.9120299670610191,0.0683242997050132,0.0845134218394963
lstm_gaussian,gaussian,unseen_seastate,roll,150,15.0,0.9135060541310542,0.433091413694862,-0.48041464043619225,1.89619030511275,3.065722647126618,1.1695323420138681,0.1560485801405891,0.148690663827169
lstm_gaussian,gaussian,unseen_seastate,roll_rate,10,1.0,0.9925520679831024,0.5910237989979369,-0.40152826898516547,0.0786725754018515,1.1382248016797534,1.0595522262779018,0.0121422587385902,0.1048774771042409
lstm_gaussian,gaussian,unseen_seastate,roll_rate,20,2.0,0.9651956540426369,0.5330011543373613,-0.43219449970527557,0.0882361250491231,0.9595409014942352,0.8713047764451121,0.0136158911114719,0.0884083285750704
lstm_gaussian,gaussian,unseen_seastate,roll_rate,30,3.0,0.9669371377345516,0.5000349985263778,-0.4669021392081738,0.1038194155699915,0.7596140024739949,0.6557945869040034,0.0160176685220532,0.0699784304012031
lstm_gaussian,gaussian,unseen_seastate,roll_rate,50,5.0,0.9491201247666764,0.5388059976422045,-0.4103141271244719,0.1675288163255758,0.8350916355442531,0.6675628192186773,0.0258357135105712,0.0769044339897346
lstm_gaussian,gaussian,unseen_seastate,roll_rate,100,10.0,0.9171962496315944,0.4701781854799096,-0.4470180641516848,0.6533861540084809,1.2936306199894536,0.6402444659809727,0.1006805840348285,0.1190779571894619
lstm_gaussian,gaussian,unseen_seastate,roll_rate,150,15.0,0.9075202316042832,0.4867275763827487,-0.4207926552215345,1.2816420265262682,2.17883716355002,0.8971951370237516,0.1973486481488114,0.2004770450231832
lstm_quantile,quantile,unseen_seastate,heave,10,1.0,0.9922673212005108,0.4232089350623833,-0.5690583861381275,0.0520269597572923,0.1053799565921629,0.053352996834870596,0.020831382942383,0.024542270138026
lstm_quantile,quantile,unseen_seastate,heave,20,2.0,0.9855201272227134,0.401123636899499,-0.5843964903232144,0.0502746051867032,0.1020932192913551,0.051818614104651904,0.0201286656647013,0.0237775016547225
lstm_quantile,quantile,unseen_seastate,heave,30,3.0,0.950152427792514,0.3668723597602907,-0.5832800680322232,0.057540683699492,0.1111937168831496,0.05365303318365759,0.023037738492154,0.0258982622702509
lstm_quantile,quantile,unseen_seastate,heave,50,5.0,0.9302930666077218,0.2532143383436487,-0.6770787282640731,0.131396480656112,0.1821197131657686,0.0507232325096566,0.0526026354114931,0.0424154357379098
lstm_quantile,quantile,unseen_seastate,heave,100,10.0,0.9171801318891836,0.2731272718341684,-0.6440528600550152,0.4602181055715102,0.5505889144987958,0.09037080892728555,0.184284527537229,0.1282657627324699
lstm_quantile,quantile,unseen_seastate,heave,150,15.0,0.9083092334708714,0.3451659052952156,-0.5631433281756558,0.962114381264522,1.2151565372692756,0.25304215600475366,0.3854774171289448,0.2831076323710447
lstm_quantile,quantile,unseen_seastate,heave_rate,10,1.0,0.9862600083505256,0.4325216131250614,-0.5537383952254642,0.0329597072948698,0.0701325063410237,0.037172799046153907,0.0222863112660048,0.0290308746506813
lstm_quantile,quantile,unseen_seastate,heave_rate,20,2.0,0.9796778293545536,0.4122175557520385,-0.5674602736025152,0.0337128704122268,0.0717829126430143,0.0380700422307875,0.0227932637302751,0.0297129011363897
lstm_quantile,quantile,unseen_seastate,heave_rate,30,3.0,0.9624134246979074,0.3513796787503684,-0.611033745947539,0.0452845009821184,0.079604100964662,0.0343195999825436,0.0306138663647993,0.0329487656648642
lstm_quantile,quantile,unseen_seastate,heave_rate,50,5.0,0.9346387169663032,0.2564182385303075,-0.6782204784359958,0.083031697676118,0.1071028456245417,0.024071147948423702,0.0561393726557102,0.0443395164303611
lstm_quantile,quantile,unseen_seastate,heave_rate,100,10.0,0.920343046959426,0.3153950535416053,-0.6049479934178208,0.3434207746497524,0.4154116142372863,0.07199083958753388,0.2323002758109909,0.172014247098745
lstm_quantile,quantile,unseen_seastate,heave_rate,150,15.0,0.906887034581,0.3543029767167698,-0.5525840578642301,0.6631336923279854,0.8075036474426155,0.14436995511463013,0.448810112133013,0.3343599794680141
lstm_quantile,quantile,unseen_seastate,pitch,10,1.0,0.9884090406719718,0.4827954612437371,-0.5056135794282346,0.08545277894197,0.2257775101302229,0.1403247311882529,0.0209260084494318,0.0381333365083412
lstm_quantile,quantile,unseen_seastate,pitch,20,2.0,0.981353307053738,0.4121936093918852,-0.5691596976618528,0.0989141008029935,0.2304958268392828,0.13158172603628931,0.0242212500996677,0.0389363423131143
lstm_quantile,quantile,unseen_seastate,pitch,30,3.0,0.9645256164652716,0.3462287552804794,-0.6182968611847921,0.1414086530080477,0.26418381646204,0.12277516345399228,0.0346263896173077,0.0446321869308711
lstm_quantile,quantile,unseen_seastate,pitch,50,5.0,0.9418832584242068,0.3514165193044503,-0.5904667391197566,0.2966819700554334,0.4658060669204475,0.16912409686501412,0.0726409114492381,0.0786941692175664
lstm_quantile,quantile,unseen_seastate,pitch,100,10.0,0.911991753855978,0.3985386580214167,-0.5134530958345613,1.1582297468354632,1.5654450542972846,0.40721530746182144,0.2836621633459281,0.2645609884757692
lstm_quantile,quantile,unseen_seastate,pitch,150,15.0,0.9104874312309658,0.4863008399646331,-0.4241865912663327,2.0458981734161124,2.922413350837532,0.8765151774214197,0.501335802932382,0.493777557788235
lstm_quantile,quantile,unseen_seastate,pitch_rate,10,1.0,0.9858655074172316,0.4828875626289419,-0.5029779447882896,0.0807933542880761,0.1997866949027155,0.1189933406146394,0.0265904877651764,0.0483414716043938
lstm_quantile,quantile,unseen_seastate,pitch_rate,20,2.0,0.979054609981334,0.4134062776304155,-0.5656483323509185,0.1028994716975944,0.2082505681725429,0.10535109647494849,0.0338616001780279,0.0503820802523823
lstm_quantile,quantile,unseen_seastate,pitch_rate,30,3.0,0.9658580165045684,0.3931617791531585,-0.57269623735141,0.1259872108253047,0.2307581674188776,0.10477095659357291,0.041453331694243,0.0558273970518056
lstm_quantile,quantile,unseen_seastate,pitch_rate,50,5.0,0.9334291187739464,0.3532603890362511,-0.5801687297376953,0.3229481413216862,0.4642123498253294,0.14126420850364318,0.1062671028529267,0.112344683510585
lstm_quantile,quantile,unseen_seastate,pitch_rate,100,10.0,0.9126341610177816,0.4050391737891738,-0.5075949872286079,1.090495177597517,1.503607311343348,0.413112133745831,0.358868490048639,0.3639378475417147
lstm_quantile,quantile,unseen_seastate,pitch_rate,150,15.0,0.9043964596227528,0.4900573484625208,-0.41433911116023203,1.723172147747983,2.369424998735332,0.6462528509873491,0.5672549134201309,0.5731940048951479
lstm_quantile,quantile,unseen_seastate,roll,10,1.0,0.9854426085568329,0.4176871500147363,-0.5677554585420965,0.2289755683129632,0.4758457848697658,0.2468702165568026,0.0188995632773823,0.0231176014411333
lstm_quantile,quantile,unseen_seastate,roll,20,2.0,0.979138268739562,0.4081122900088417,-0.5710259787307204,0.2251671482209998,0.4658333809055017,0.24066623268450188,0.0185808025516389,0.0226270222360716
lstm_quantile,quantile,unseen_seastate,roll,30,3.0,0.978964043619216,0.3859269083407015,-0.5930371352785144,0.2371654170763648,0.4601793571547025,0.2230139400783377,0.0195664482030297,0.0223499981695665
lstm_quantile,quantile,unseen_seastate,roll,50,5.0,0.9543315281461834,0.3471602072895177,-0.6071713208566657,0.2595985269590794,0.4543509690329535,0.1947524420738741,0.021408762642512,0.0220643863905307
lstm_quantile,quantile,unseen_seastate,roll,100,10.0,0.9248913203654584,0.3401107672659396,-0.5847805530995188,0.7617095311580963,1.0362913260337112,0.27458179487561496,0.0627475852221504,0.0502921096562782
lstm_quantile,quantile,unseen_seastate,roll,150,15.0,0.9203844925827684,0.3829176490814421,-0.5374668435013263,1.720918574156807,2.2718118670004785,0.5508932928436716,0.1416244452419393,0.1101851842048874
lstm_quantile,quantile,unseen_seastate,roll_rate,10,1.0,0.9762539603595638,0.422871229983299,-0.5533827303762648,0.133049617937418,0.2776988241546015,0.1446492062171835,0.0205347654861275,0.0255875219281534
lstm_quantile,quantile,unseen_seastate,roll_rate,20,2.0,0.978727650063857,0.3951118724825621,-0.5836157775812949,0.1380357618836273,0.2714223364510259,0.13338657456739864,0.0213005716451191,0.0250077876474135
lstm_quantile,quantile,unseen_seastate,roll_rate,30,3.0,0.9813333517536104,0.371170424403183,-0.6101629273504274,0.1439415837530292,0.2704294577845034,0.12648787403147418,0.0222078747259082,0.0249129543799527
lstm_quantile,quantile,unseen_seastate,roll_rate,50,5.0,0.9650413842224188,0.3840554081933392,-0.5809859760290796,0.1796685633439149,0.324141581267939,0.14447301792402412,0.0277078632274718,0.0298505263122438
lstm_quantile,quantile,unseen_seastate,roll_rate,100,10.0,0.92187039493074,0.3673248845662638,-0.5545455103644762,0.5957860563864095,0.8683859803454399,0.27259992395903043,0.0918049575259478,0.0799344318182158
lstm_quantile,quantile,unseen_seastate,roll_rate,150,15.0,0.9154616735435702,0.3956399204244032,-0.519821753119167,1.1971252822695435,1.744313287034559,0.5471880047650155,0.1843346669592195,0.160496056901104
tcn_gaussian,gaussian,unseen_seastate,heave,10,1.0,0.9936795424403184,0.8990145151783082,-0.0946650272620102,0.0174404057042832,0.0566037249937526,0.0391633192894694,0.0069830674633169,0.013182619869465
tcn_gaussian,gaussian,unseen_seastate,heave,20,2.0,0.9926357267413302,0.8278655810983397,-0.16477014564299042,0.0392527188592421,0.1314715341343741,0.092218815275132,0.0157157843689475,0.0306197085578012
tcn_gaussian,gaussian,unseen_seastate,heave,30,3.0,0.978041494744081,0.6911404607525297,-0.2869010339915513,0.0858668894196388,0.2422214928348254,0.15635460341518662,0.0343787876055739,0.0564160990815718
tcn_gaussian,gaussian,unseen_seastate,heave,50,5.0,0.951658285440613,0.5658438942921702,-0.38581439114844285,0.2430332091658011,0.6066193823885648,0.36358617322276376,0.0972947466385518,0.1412808365651926
tcn_gaussian,gaussian,unseen_seastate,heave,100,10.0,0.9220960433244916,0.5135339915512329,-0.40856205177325866,0.6934490612683385,1.3931976795013694,0.6997486182330309,0.2776768907609046,0.3245607717347916
tcn_gaussian,gaussian,unseen_seastate,heave,150,15.0,0.9067811179880144,0.6561935111504077,-0.2505876068376067,1.2366123051419546,3.2425583141243344,2.00594600898238,0.4954568049897303,0.7554524696873369
tcn_gaussian,gaussian,unseen_seastate,heave_rate,10,1.0,0.9921990126731508,0.8324522300815405,-0.15974678259161035,0.0175038514628185,0.0611513579547147,0.0436475064918962,0.0118355505576654,0.0253131892773069
tcn_gaussian,gaussian,unseen_seastate,heave_rate,20,2.0,0.9812212950682778,0.7093225022104331,-0.2718987928578447,0.041300011669528,0.1189849188218238,0.0776849071522958,0.0279229281439526,0.0492510961105207
tcn_gaussian,gaussian,unseen_seastate,heave_rate,30,3.0,0.959826143285195,0.586757662835249,-0.373068480449946,0.0753467259120713,0.1799584565209591,0.1046117306088878,0.0509369552069955,0.074486225476649
tcn_gaussian,gaussian,unseen_seastate,heave_rate,50,5.0,0.9426354197367128,0.519392253659495,-0.4232431660772178,0.1341241603496344,0.2523448157201809,0.11822065537054652,0.0906839969643072,0.104468252337243
tcn_gaussian,gaussian,unseen_seastate,heave_rate,100,10.0,0.9187466229492092,0.5373937764023972,-0.381352846546812,0.4595773226800136,0.9557472007448388,0.49616987806482515,0.3108721041233633,0.3957571948360328
tcn_gaussian,gaussian,unseen_seastate,heave_rate,150,15.0,0.9033910195009334,0.6406817958542096,-0.2627092236467238,0.8087881997989572,1.7062207154220488,0.8974325156230916,0.5473893527703492,0.7064883547996086
tcn_gaussian,gaussian,unseen_seastate,pitch,10,1.0,0.9768917624521072,0.8029061057078298,-0.17398565674427735,0.0533469266160917,0.1362165899991144,0.08286966338302271,0.0130638026163859,0.023006689468136
tcn_gaussian,gaussian,unseen_seastate,pitch,20,2.0,0.9716864991649472,0.6948060958836821,-0.27688040328126506,0.1576938785124856,0.4249130775472249,0.26721919903473934,0.0386147459222714,0.0717781370169171
tcn_gaussian,gaussian,unseen_seastate,pitch,30,3.0,0.9677192319972492,0.6625626289419393,-0.3051566030553099,0.2633857537102857,0.7785525821352105,0.5151668284249248,0.0644946227378431,0.1315315406020114
tcn_gaussian,gaussian,unseen_seastate,pitch,50,5.0,0.9508953789664996,0.6949817025248061,-0.2559136764416935,0.5618929330212382,1.4573324921748567,0.8954395591536185,0.1375763238457736,0.2462045428125608
tcn_gaussian,gaussian,unseen_seastate,pitch,100,10.0,0.917566957707044,0.6438629776991845,-0.27370398000785945,1.621436554972254,3.3935907871059303,1.7721542321336763,0.3971061891375659,0.5735185215568164
tcn_gaussian,gaussian,unseen_seastate,pitch,150,15.0,0.9055807299341782,0.7753616514392375,-0.13021907849494063,2.482229931381927,6.768096626829532,4.285866695447606,0.6082564381169945,1.1435528866280726
tcn_gaussian,gaussian,unseen_seastate,pitch_rate,10,1.0,0.9753206663228214,0.7404908389822182,-0.2348298273406032,0.0864165347718719,0.2119927907260127,0.1255762559541408,0.0284411735446356,0.0512949247106167
tcn_gaussian,gaussian,unseen_seastate,pitch_rate,20,2.0,0.9685819149720012,0.6794423568130465,-0.28913955815895465,0.1639972370093649,0.4482477939470451,0.2842505569376802,0.0539673214866683,0.1084446324721765
tcn_gaussian,gaussian,unseen_seastate,pitch_rate,30,3.0,0.956212698938992,0.6563476274683171,-0.29986507147067487,0.2483514673610163,0.5605690557626752,0.3122175884016589,0.0817146096483025,0.1356186504732074
tcn_gaussian,gaussian,unseen_seastate,pitch_rate,50,5.0,0.932769058846645,0.5699037233519992,-0.3628653354946457,0.562542618829184,1.040711346862264,0.47816872803307997,0.1851064201503778,0.2518640163991953
tcn_gaussian,gaussian,unseen_seastate,pitch_rate,100,10.0,0.9139834463110326,0.6502228853521957,-0.2637605609588368,1.413116182576393,3.0647663867101342,1.6516502041337413,0.4650390768547326,0.7418057052416044
tcn_gaussian,gaussian,unseen_seastate,pitch_rate,150,15.0,0.9014054671382258,0.8032880194518125,-0.09811744768641328,2.012131150945583,4.185003065977713,2.1728719150321303,0.6623779773316736,1.012405401802798
tcn_gaussian,gaussian,unseen_seastate,roll,10,1.0,0.9953312272816582,0.883454293152569,-0.11187693412908928,0.0567256374764266,0.2240472425139241,0.1673216050374975,0.0046821142658776,0.0108846921021679
tcn_gaussian,gaussian,unseen_seastate,roll,20,2.0,0.984876185037823,0.8102472001178898,-0.17462898491993328,0.1010684423304565,0.3589965857610774,0.25792814343062087,0.0083401721164969,0.017437616241455
tcn_gaussian,gaussian,unseen_seastate,roll,30,3.0,0.9742922008547008,0.72417415757933,-0.2501180432753708,0.1746599359807477,0.6111351025110607,0.43647516653031304,0.0144096666058669,0.0296816191559158
tcn_gaussian,gaussian,unseen_seastate,roll,50,5.0,0.9647535673936536,0.6827383583849101,-0.28201520900874344,0.2980914179475682,0.8346093724961321,0.5365179545485639,0.0245832227453867,0.0405306578724991
tcn_gaussian,gaussian,unseen_seastate,roll,100,10.0,0.932620929118774,0.6873514097652028,-0.24526951935357122,1.0728231591435666,2.6379261716343603,1.5651030124907936,0.0883762902432235,0.1280208267271415
tcn_gaussian,gaussian,unseen_seastate,roll,150,15.0,0.91654002726201,0.7902225169466549,-0.1263175103153551,2.2330433449346967,7.671853431135151,5.438810086200455,0.1837701851074126,0.3720926876830801
tcn_gaussian,gaussian,unseen_seastate,roll_rate,10,1.0,0.9818944026918164,0.8242895913154534,-0.15760481137636295,0.0505755528251767,0.1694885747654947,0.118913021940318,0.0078057880413062,0.0156168922810029
tcn_gaussian,gaussian,unseen_seastate,roll_rate,20,2.0,0.9738339964633068,0.7316798064642892,-0.2421541899990176,0.0950832756083008,0.2954599346814713,0.2003766590731705,0.0146724884675516,0.0272225175033305
tcn_gaussian,gaussian,unseen_seastate,roll_rate,30,3.0,0.965555616956479,0.6766197563611357,-0.28893586059534326,0.1207971310298529,0.3503560047004356,0.2295588736705827,0.0186370573618455,0.0322760812869722
tcn_gaussian,gaussian,unseen_seastate,roll_rate,50,5.0,0.9494969729344728,0.6764183613321544,-0.2730786116023184,0.2671735727909388,0.6356435099673804,0.3684699371764416,0.0412025825503828,0.0585370542257086
tcn_gaussian,gaussian,unseen_seastate,roll_rate,100,10.0,0.9236379740151291,0.6074104774535809,-0.31622749656154825,0.8382219386307633,1.8925131615730064,1.054291222942243,0.1291620182252225,0.1742047519222457
tcn_gaussian,gaussian,unseen_seastate,roll_rate,150,15.0,0.9121629089301504,0.7454729099125651,-0.1666899990175853,1.502147677732789,4.537913723961577,3.0357660462287885,0.2313023507226308,0.4175381020524257
tcn_quantile,quantile,unseen_seastate,heave,10,1.0,0.9928805629236664,0.8676859219962668,-0.12519464092739963,0.029807716809082,0.0744516846542345,0.0446439678451525,0.0119348884959795,0.0173392874328745
tcn_quantile,quantile,unseen_seastate,heave,20,2.0,0.992029392622065,0.8146981530602221,-0.17733123956184293,0.0601538587264927,0.1444752920054415,0.08432143327894881,0.0240840660259921,0.0336482826045704
tcn_quantile,quantile,unseen_seastate,heave,30,3.0,0.9860305223990568,0.719930739758326,-0.26609978264073075,0.1037994096434228,0.2321245502444526,0.1283251406010298,0.0415584852535608,0.0540644080448567
tcn_quantile,quantile,unseen_seastate,heave,50,5.0,0.9579841155810984,0.540842052264466,-0.4171420633166324,0.240151115332782,0.4698989742929038,0.2297478589601218,0.0961409430483567,0.1094388377895636
tcn_quantile,quantile,unseen_seastate,heave,100,10.0,0.9215119670399844,0.5657315306022203,-0.35578043643776414,0.6378688116327921,1.336412104592003,0.6985432929592109,0.2554209648846976,0.3113319454977396
tcn_quantile,quantile,unseen_seastate,heave,150,15.0,0.9038576665193044,0.6228128991060026,-0.28104476741330187,1.1279137793567886,2.5626386529912133,1.4347248736344247,0.451906029966163,0.5970445283545359
tcn_quantile,quantile,unseen_seastate,heave_rate,10,1.0,0.9866314839375184,0.833886555653797,-0.15274492828372144,0.0309224391925453,0.0741678420906393,0.043245402898094004,0.0209087750320051,0.0307012744757047
tcn_quantile,quantile,unseen_seastate,heave_rate,20,2.0,0.9847457080754496,0.7431089743589743,-0.24163673371647532,0.0528402799411237,0.124941232347885,0.0721009524067613,0.035725300799151,0.0517165763818122
tcn_quantile,quantile,unseen_seastate,heave_rate,30,3.0,0.9683516615089892,0.6365716180371354,-0.33178004347185386,0.082174644545543,0.1816146238594605,0.0994399793139175,0.0555528609597688,0.0751717262093601
tcn_quantile,quantile,unseen_seastate,heave_rate,50,5.0,0.9524043066607722,0.573837680518715,-0.37856662614205727,0.1337473153354811,0.2557320533719402,0.12198473803645912,0.0904292045985589,0.1058705351490389
tcn_quantile,quantile,unseen_seastate,heave_rate,100,10.0,0.9169230155221536,0.5538774683171235,-0.36304554720503013,0.4321658375693691,0.8196769020626093,0.38751106449324024,0.2923301403819855,0.3394130070999736
tcn_quantile,quantile,unseen_seastate,heave_rate,150,15.0,0.9003209733274389,0.6461464780430298,-0.25417449528440905,0.7554246742277247,1.5646293466244066,0.8092046723966818,0.5112728197506513,0.6478601525444702
tcn_quantile,quantile,unseen_seastate,pitch,10,1.0,0.988674599665979,0.8685836034973966,-0.12009099616858243,0.0719179425463241,0.1980546107990449,0.1261366682527208,0.0176115451366669,0.0334509983579518
tcn_quantile,quantile,unseen_seastate,pitch,20,2.0,0.983364187297377,0.7279822428529324,-0.2553819444444445,0.1721602217871334,0.4093313593327559,0.2371711375456225,0.0421571419571984,0.0691460064376156
tcn_quantile,quantile,unseen_seastate,pitch,30,3.0,0.9784406007466352,0.6474113370665094,-0.33102926368012575,0.2743076607202371,0.6046181823737964,0.3303105216535593,0.067169043287405,0.1021464225133121
tcn_quantile,quantile,unseen_seastate,pitch,50,5.0,0.961241434571176,0.6566853325474015,-0.3045561020237745,0.527438357508958,1.058143521485216,0.530705163976258,0.1291403148481895,0.1787647934402073
tcn_quantile,quantile,unseen_seastate,pitch,100,10.0,0.9166375012280183,0.6582535121328225,-0.2583839890951959,1.474605008736546,3.085262887816661,1.6106578790801147,0.3611456604372394,0.5214109540719625
tcn_quantile,quantile,unseen_seastate,pitch,150,15.0,0.9047410723057276,0.7396576284507318,-0.16508344385499585,2.2714139262158537,5.1293370894813926,2.857923163265539,0.5565971656301061,0.8666643753153115
tcn_quantile,quantile,unseen_seastate,pitch_rate,10,1.0,0.9850427350427352,0.791539566755084,-0.19350316828765124,0.0932374766729352,0.2416621012888777,0.1484246246159425,0.0306860632854489,0.0584738719112553
tcn_quantile,quantile,unseen_seastate,pitch_rate,20,2.0,0.9714501056095884,0.6911613370665095,-0.28028876854307894,0.1727495192719129,0.3853464049179584,0.2125968856460455,0.0568474750747316,0.0932268932945141
tcn_quantile,quantile,unseen_seastate,pitch_rate,30,3.0,0.9706365433736124,0.7276463798015523,-0.24299016357206005,0.2443555524592101,0.524524258866926,0.2801687064077159,0.0803998413891955,0.1268983212625063
tcn_quantile,quantile,unseen_seastate,pitch_rate,50,5.0,0.9459265092346988,0.6521250859612928,-0.29380142327340597,0.5214573459741053,1.0112470223937202,0.4897896764196149,0.1715871817415019,0.2447333138047528
tcn_quantile,quantile,unseen_seastate,pitch_rate,100,10.0,0.9145030516258964,0.6645145642990471,-0.2499884873268493,1.3028708583822646,2.647135485396225,1.3442646270139604,0.4287587027263184,0.6407210070332013
tcn_quantile,quantile,unseen_seastate,pitch_rate,150,15.0,0.9009994535317812,0.8053860890067787,-0.09561336452500258,1.8681285105072645,4.111920426486552,2.243791915979288,0.6149734243734191,0.99472578297519
tcn_quantile,quantile,unseen_seastate,roll,10,1.0,0.991571188230671,0.8806906375871894,-0.11088055064348168,0.1112395817531852,0.279552908002654,0.16831332624946876,0.0091816761490481,0.0135812755190926
tcn_quantile,quantile,unseen_seastate,roll,20,2.0,0.9892510008350528,0.7944739168877101,-0.19477708394734272,0.196250671621663,0.4694525945730941,0.2732019229514311,0.0161946136851617,0.0228028190584773
tcn_quantile,quantile,unseen_seastate,roll,30,3.0,0.98361286103743,0.737106420080558,-0.2465064409568719,0.2937802137538962,0.6914516771482419,0.39767146339434567,0.0242372408521928,0.0335824358010296
tcn_quantile,quantile,unseen_seastate,roll,50,5.0,0.9751257183908044,0.6833720159151193,-0.2917537024756851,0.4092772135820268,0.885348194909484,0.47607098132745723,0.0337525748824741,0.0429946583017521
tcn_quantile,quantile,unseen_seastate,roll,100,10.0,0.9367900518223796,0.6519476372924649,-0.28484241452991477,1.0699452439044588,2.3321281842758275,1.2621829403713687,0.088139215315917,0.1131801872982979
tcn_quantile,quantile,unseen_seastate,roll,150,15.0,0.9222457080754496,0.6888477502701641,-0.2333979578052855,2.1321123663509343,4.921552203482892,2.7894398371319578,0.1754639851138103,0.2387002832372377
tcn_quantile,quantile,unseen_seastate,roll_rate,10,1.0,0.9804553185479912,0.8211814765694075,-0.15927384197858363,0.1086739449351956,0.2634758971586838,0.1548019522234882,0.0167726447342843,0.0242770033924755
tcn_quantile,quantile,unseen_seastate,roll_rate,20,2.0,0.9744449356518322,0.7627382355830631,-0.21170670006876913,0.1638174739902952,0.3801061557140666,0.2162886817237714,0.0252789986727824,0.0350214877296483
tcn_quantile,quantile,unseen_seastate,roll_rate,30,3.0,0.9734087950682778,0.7283352981628844,-0.24507349690539337,0.1920226143739357,0.4267474224242728,0.23472480805033713,0.0296260055876175,0.039313539115588
tcn_quantile,quantile,unseen_seastate,roll_rate,50,5.0,0.9593694739168876,0.7500577168680617,-0.20931175704882599,0.3243959515896795,0.7417081306964147,0.41731217910673524,0.050027219514119,0.0683046525063287
tcn_quantile,quantile,unseen_seastate,roll_rate,100,10.0,0.9249857242852932,0.6488751350820317,-0.2761105892032616,0.8296393280787641,1.9117106857070645,1.0820713576283003,0.1278395196726934,0.1759718730166719
tcn_quantile,quantile,unseen_seastate,roll_rate,150,15.0,0.9146258534728364,0.668850083505256,-0.24577576996758044,1.4414394787912217,3.411197129485158,1.9697576506939365,0.2219544355133118,0.3138677510881597
dlinear_gaussian,gaussian,unseen_vessel,heave,10,1.0,0.9623911668631496,0.9718361639159052,0.009444997052755588,0.0726154981555236,0.0694180924280541,-0.003197405727469488,0.0290749499237767,0.0322728618459617
dlinear_gaussian,gaussian,unseen_vessel,heave,20,2.0,0.9443569481284998,0.954406744277434,0.010049796148934198,0.3961823326952836,0.3858148388327678,-0.010367493862515786,0.1586212698731246,0.1793443878279153
dlinear_gaussian,gaussian,unseen_vessel,heave,30,3.0,0.922431445868946,0.9361415045682286,0.013710058699282657,0.8291633206551996,0.8203695858618523,-0.00879373479334733,0.331974639861799,0.3812294910067232
dlinear_gaussian,gaussian,unseen_vessel,heave,50,5.0,0.9195601851851852,0.9326040438648198,0.013043858679634535,0.9750872234329716,0.973953197280146,-0.0011340261528256512,0.3903617315511704,0.452513495040422
dlinear_gaussian,gaussian,unseen_vessel,heave,100,10.0,0.9071633387366146,0.9335196851360644,0.026356346399449837,1.877813868026161,1.8792863037651308,0.001472435738969935,0.7519305244245476,0.8729888173201404
dlinear_gaussian,gaussian,unseen_vessel,heave,150,15.0,0.8855901242754691,0.91615550397878,0.030565379703310858,2.2598974757807784,2.264288202942336,0.004390727161557528,0.9054426988142972,1.0518227452178155
dlinear_gaussian,gaussian,unseen_vessel,heave_rate,10,1.0,0.9701115654779447,0.9861502541998232,0.016038688721878414,0.0430817399064153,0.041180572060402,-0.0019011678460132964,0.0291305094685982,0.0341167978510988
dlinear_gaussian,gaussian,unseen_vessel,heave_rate,20,2.0,0.9550568265546714,0.97516332645643,0.020106499901758612,0.2350504600740056,0.2288764699071754,-0.006173990166830207,0.1589175605897463,0.1895976100657285
dlinear_gaussian,gaussian,unseen_vessel,heave_rate,30,3.0,0.9344138360840948,0.9602014564299046,0.025787620345809836,0.4919324787441526,0.4866662932206333,-0.005266185523519262,0.3325631250905185,0.4032064379832942
dlinear_gaussian,gaussian,unseen_vessel,heave_rate,50,5.0,0.9273665450928382,0.9557944051478534,0.028427860055015186,0.5785077400502342,0.577776755906079,-0.0007309841441551779,0.3911405223770832,0.4786333103612657
dlinear_gaussian,gaussian,unseen_vessel,heave_rate,100,10.0,0.9007208468415364,0.947198275862069,0.046477429020532535,1.1140845481255592,1.1148459869556124,0.000761438830053196,0.753600733881861,0.9233853439992692
dlinear_gaussian,gaussian,unseen_vessel,heave_rate,150,15.0,0.8826329022988505,0.9287941165635132,0.04616121426466269,1.3407705840585908,1.343240033310444,0.0024694492518531064,0.9074360165044304,1.1125299292562525
dlinear_gaussian,gaussian,unseen_vessel,pitch,10,1.0,0.9228942553296,0.9801368012574908,0.0572425459278908,0.1195705013847263,0.1142111902854005,-0.005359311099325803,0.0292808888518271,0.0329103347245583
dlinear_gaussian,gaussian,unseen_vessel,pitch,20,2.0,0.9047088368209056,0.9692826530111012,0.06457381619019553,0.6523666232066185,0.634770721441723,-0.01759590176489556,0.1597460322551408,0.182874232069229
dlinear_gaussian,gaussian,unseen_vessel,pitch,30,3.0,0.89469050864525,0.9556777433932608,0.06098723474801082,1.3653277226530869,1.349732597214637,-0.015595125438449875,0.3343244467310407,0.3887214055275557
dlinear_gaussian,gaussian,unseen_vessel,pitch,50,5.0,0.8867352514981826,0.9495061830729936,0.06277093157481106,1.605611449028842,1.602420411384694,-0.003191037644147965,0.3931249312824595,0.4614143792016117
dlinear_gaussian,gaussian,unseen_vessel,pitch,100,10.0,0.8646669920915611,0.9246656719717063,0.05999867988014529,3.0920721612305893,3.0919422793524918,-0.00012988187809748197,0.7572797028161536,0.889848605206183
dlinear_gaussian,gaussian,unseen_vessel,pitch,150,15.0,0.8752647914824639,0.9127408451223108,0.03747605363984685,3.721226963375417,3.725376405568168,0.004149442192751263,0.9118656694738668,1.0716971177011712
dlinear_gaussian,gaussian,unseen_vessel,pitch_rate,10,1.0,0.8635993835347283,0.9795120468611848,0.11591266332645644,0.0891454723671413,0.0851307372074815,-0.004014735159659805,0.0293393140213907,0.0368070642355495
dlinear_gaussian,gaussian,unseen_vessel,pitch_rate,20,2.0,0.8470096215247077,0.9695067663817664,0.12249714485705865,0.4863720726981311,0.473146696538463,-0.013225376159668123,0.1600526843506417,0.2045643657946102
dlinear_gaussian,gaussian,unseen_vessel,pitch_rate,30,3.0,0.8454131975144906,0.95909470478436,0.11368150726986936,1.017919763592616,1.006066920735513,-0.011852842857102974,0.3349241984318538,0.4350217860932312
dlinear_gaussian,gaussian,unseen_vessel,pitch_rate,50,5.0,0.840434350132626,0.9533452758129484,0.11291092568032235,1.1970636478981866,1.194416273648025,-0.0026473742501615938,0.3938975628473577,0.5163478125980542
dlinear_gaussian,gaussian,unseen_vessel,pitch_rate,100,10.0,0.8384748931623932,0.929274578789665,0.09079968562727181,2.305300200589698,2.304679976459497,-0.0006202241302011302,0.7586458143878115,0.99598210452896
dlinear_gaussian,gaussian,unseen_vessel,pitch_rate,150,15.0,0.8728586427939876,0.9287035502013952,0.05584490740740755,2.774369608094307,2.776830891999241,0.002461283904934053,0.9133009687347532,1.199544598120099
dlinear_gaussian,gaussian,unseen_vessel,roll,10,1.0,0.991690152519894,0.9870866182827388,-0.004603534237155205,0.3499108055491069,0.3342289261761124,-0.015681879372994534,0.0288815154369496,0.0469549595447548
dlinear_gaussian,gaussian,unseen_vessel,roll,20,2.0,0.9828207891246684,0.976653066362118,-0.006167722762550398,1.9090731555982252,1.85759765489954,-0.05147550069868512,0.1575367971796192,0.2610287019948695
dlinear_gaussian,gaussian,unseen_vessel,roll,30,3.0,0.9705728399155124,0.9664083222811672,-0.004164517634345111,3.995470310888191,3.9498657134613295,-0.04560459742686129,0.3296313764816931,0.5552262336572161
dlinear_gaussian,gaussian,unseen_vessel,roll,50,5.0,0.9707155970625796,0.9719098450240692,0.0011942479614895918,4.698629215773553,4.689332606773756,-0.009296608999797229,0.3874900170043138,0.6591629976044636
dlinear_gaussian,gaussian,unseen_vessel,roll,100,10.0,0.9624441251596424,0.9724517081736908,0.01000758301404836,9.048574718505366,9.048280428111172,-0.00029429039419426317,0.7453972808048892,1.271476848359724
dlinear_gaussian,gaussian,unseen_vessel,roll,150,15.0,0.9410244130071715,0.9599796455938696,0.018955232586698068,10.889709602717296,10.90196974547312,0.012260142755824432,0.8961778346115575,1.5309820467632278
dlinear_gaussian,gaussian,unseen_vessel,roll_rate,10,1.0,0.9937148479713136,0.993105443805875,-0.0006094041654386428,0.1872027941785281,0.1788560387905903,-0.008346755387937776,0.0288927208991464,0.0542352016698966
dlinear_gaussian,gaussian,unseen_vessel,roll_rate,20,2.0,0.9865670129678752,0.9866199712643678,5.29582964926556e-05,1.0213584359439103,0.9940579619319516,-0.027300474011958675,0.1576078419338269,0.3013271514337616
dlinear_gaussian,gaussian,unseen_vessel,roll_rate,30,3.0,0.974315226201002,0.9796095208271932,0.005294294626191243,2.1375844592689264,2.11369856985673,-0.02388588941219627,0.3297949532703659,0.6404420910800009
dlinear_gaussian,gaussian,unseen_vessel,roll_rate,50,5.0,0.9738347639748502,0.9834240531977602,0.009589289222909914,2.513776717349524,2.5094115608153262,-0.004365156534197556,0.3876659342758799,0.7602887377326296
dlinear_gaussian,gaussian,unseen_vessel,roll_rate,100,10.0,0.9614026119952844,0.9830940232341095,0.02169141123882512,4.841007258374129,4.84202282772104,0.0010155693469116045,0.7459531168510574,1.4669110410461503
dlinear_gaussian,gaussian,unseen_vessel,roll_rate,150,15.0,0.9387372286079182,0.9730242717850476,0.034287043177129384,5.826018707743647,5.833989232742635,0.00797052499898765,0.8970967651389894,1.767609436400892
dlinear_quantile,quantile,unseen_vessel,heave,10,1.0,0.9335143125552609,0.9524196568916397,0.018905344336378804,0.047145345070851,0.0455596058019425,-0.0015857392689084954,0.0188768042896074,0.0211809171409664
dlinear_quantile,quantile,unseen_vessel,heave,20,2.0,0.9149290205324688,0.9339494916003538,0.01902047106788496,0.2975909208561715,0.2913417474823989,-0.006249173373772621,0.1191477909875015,0.1354289728954515
dlinear_quantile,quantile,unseen_vessel,heave,30,3.0,0.901588902397092,0.9190651402397092,0.017476237842617204,0.7101421010177847,0.6986988966709803,-0.011443204346804459,0.2843217522571945,0.3246885663916993
dlinear_quantile,quantile,unseen_vessel,heave,50,5.0,0.9008543938500836,0.9186668017486982,0.0178124078986146,0.8686064992429307,0.8660315077302783,-0.0025749915126523915,0.3477337503072912,0.4023714337326947
dlinear_quantile,quantile,unseen_vessel,heave,100,10.0,0.9013578814225366,0.9299139159052952,0.028556034482758563,1.828657204485918,1.8284363454494583,-0.0002208590364596308,0.7322467866355472,0.849367379287075
dlinear_quantile,quantile,unseen_vessel,heave,150,15.0,0.8861227772865704,0.9169153404067196,0.03079256312014922,2.270090697080292,2.274314046478947,0.004223349398654985,0.9095266795709264,1.0564800190834387
dlinear_quantile,quantile,unseen_vessel,heave_rate,10,1.0,0.934346295068278,0.971313488554868,0.036967193486589944,0.0280029695368626,0.0270247023271647,-0.0009782672096978993,0.0189347220194552,0.0223891087508365
dlinear_quantile,quantile,unseen_vessel,heave_rate,20,2.0,0.9166935295706848,0.9559816779644366,0.03928814839375172,0.1766300726036571,0.1728376961714665,-0.003792376432190603,0.1194195504068583,0.1431759854416962
dlinear_quantile,quantile,unseen_vessel,heave_rate,30,3.0,0.907610030454858,0.9433706957952648,0.03576066534040678,0.4213501827942366,0.4144823920888218,-0.006867790705414767,0.2848470869523333,0.3434015695127732
dlinear_quantile,quantile,unseen_vessel,heave_rate,50,5.0,0.9042844029374204,0.941678332842126,0.03739392990470558,0.5140552577170064,0.5125959514050309,-0.00145930631197555,0.3475629245974419,0.4246371883098994
dlinear_quantile,quantile,unseen_vessel,heave_rate,100,10.0,0.8933611786521269,0.9426523049906672,0.04929112633854027,1.084552777828992,1.084281030555753,-0.00027174727323897585,0.7336245446368276,0.8980695307749889
dlinear_quantile,quantile,unseen_vessel,heave_rate,150,15.0,0.8828078949307397,0.9292599960703408,0.046452101139601076,1.3468054087233032,1.3491674000071991,0.0023619912838959145,0.911520397023484,1.1174392326482638
dlinear_quantile,quantile,unseen_vessel,pitch,10,1.0,0.8644989070635622,0.9580846595932804,0.09358575252971812,0.0795151794697094,0.0749727305451583,-0.004542448924551107,0.0194719860260037,0.0216036419136302
dlinear_quantile,quantile,unseen_vessel,pitch,20,2.0,0.8507765681795855,0.9430874840357598,0.09231091585617435,0.4949051480719162,0.4794708099956728,-0.015434338076243392,0.121188195310372,0.1381331136042636
dlinear_quantile,quantile,unseen_vessel,pitch,30,3.0,0.8602814311327243,0.9356702524805972,0.07538882134787295,1.1724459178861315,1.1495881376663262,-0.022857780219805335,0.2870939528406139,0.3310800358334959
dlinear_quantile,quantile,unseen_vessel,pitch,50,5.0,0.8602783610865506,0.932491219667944,0.07221285858139337,1.4267138746087211,1.4218846071030846,-0.004829267505636503,0.3493228665344488,0.4094293848365691
dlinear_quantile,quantile,unseen_vessel,pitch,100,10.0,0.8575529275960311,0.9183966376854308,0.060843710089399705,3.010102691957608,3.007209527768811,-0.002893164188797037,0.7372045518836033,0.865462858643084
dlinear_quantile,quantile,unseen_vessel,pitch,150,15.0,0.8757483237547893,0.912788430838,0.037040107083210705,3.7379680709749272,3.741819395623514,0.003851324648586729,0.9159679834254764,1.076427352482914
dlinear_quantile,quantile,unseen_vessel,pitch_rate,10,1.0,0.806487314569211,0.951461034973966,0.14497372040475498,0.0654603434580966,0.0559423091289853,-0.00951803432911131,0.0215441291819673,0.0241871764904036
dlinear_quantile,quantile,unseen_vessel,pitch_rate,20,2.0,0.7931095883682091,0.940238481186757,0.1471288928185479,0.3875086848750859,0.3577063831585425,-0.02980230171654341,0.1275192567685491,0.1546538947579075
dlinear_quantile,quantile,unseen_vessel,pitch_rate,30,3.0,0.8094330238726791,0.93902427792514,0.12959125405246086,0.8914415298410582,0.8570310045832841,-0.034410525257774105,0.2933093064006676,0.3705788856257503
dlinear_quantile,quantile,unseen_vessel,pitch_rate,50,5.0,0.8124685320267216,0.9364239488161902,0.12395541678946853,1.0659142531705303,1.0591328756018246,-0.006781377568705782,0.3507424415279241,0.4578646118889418
dlinear_quantile,quantile,unseen_vessel,pitch_rate,100,10.0,0.8315266111602319,0.923508264564299,0.09198165340406717,2.2444659243047664,2.241445895291722,-0.003020029013044656,0.7386260056604842,0.9686550943224552
dlinear_quantile,quantile,unseen_vessel,pitch_rate,150,15.0,0.8733045670006877,0.9287595785440612,0.05545501154337351,2.786841461088587,2.7890848071276637,0.002243346039076499,0.917406606061648,1.2048380849292786
dlinear_quantile,quantile,unseen_vessel,roll,10,1.0,0.9726650763827488,0.9779624410551134,0.005297364672364635,0.2271936179897972,0.2193466722562776,-0.0078469457335196,0.0187524817213108,0.0308154480819626
dlinear_quantile,quantile,unseen_vessel,roll,20,2.0,0.9667583075449456,0.9674575105609589,0.0006992030160132279,1.4342212417394016,1.4027481531837942,-0.031473088555607376,0.1183519972548147,0.1971134753995305
dlinear_quantile,quantile,unseen_vessel,roll,30,3.0,0.9608975893997446,0.9577415819333922,-0.003156007466352362,3.4218405392670364,3.3644975081198463,-0.05734303114719008,0.2823061915854183,0.472941971980476
dlinear_quantile,quantile,unseen_vessel,roll,50,5.0,0.9624364500442087,0.965294663031732,0.002858212987523201,4.173396812062102,4.171614505556014,-0.0017823065060884602,0.3441747640445503,0.5863891843288119
dlinear_quantile,quantile,unseen_vessel,roll,100,10.0,0.959621217703114,0.9719098450240692,0.012288627320955148,8.808554880329238,8.80325154613003,-0.005303334199208365,0.7256250912301239,1.2370450518328866
dlinear_quantile,quantile,unseen_vessel,roll,150,15.0,0.9422332436879852,0.961278275125258,0.019045031437272764,10.93871965952281,10.950208001751294,0.011488342228483717,0.9002111585645854,1.5377562266640403
dlinear_quantile,quantile,unseen_vessel,roll_rate,10,1.0,0.9739422155909224,0.9873644574614402,0.01342224187051777,0.1215498651890943,0.1173654208285959,-0.004184444360498404,0.0187599033745629,0.0355891660731897
dlinear_quantile,quantile,unseen_vessel,roll_rate,20,2.0,0.9687262071421556,0.9802434853620198,0.011517278219864147,0.7672861806706909,0.7506458011755317,-0.016640379495159174,0.1184014493103938,0.2275420243748529
dlinear_quantile,quantile,unseen_vessel,roll_rate,30,3.0,0.9635347590627764,0.9729789886039888,0.009444229541212379,1.830673174642648,1.8002214837399582,-0.030451690902689732,0.2824434709312359,0.5454598058093537
dlinear_quantile,quantile,unseen_vessel,roll_rate,50,5.0,0.9642723376559582,0.9787130673445328,0.014440729688574572,2.232449428446292,2.228237227054336,-0.004212201391956327,0.3442806146740005,0.6750999697218137
dlinear_quantile,quantile,unseen_vessel,roll_rate,100,10.0,0.9576594581982512,0.9825997458001768,0.02494028760192568,4.7125856439969445,4.709539396930172,-0.0030462470667727004,0.7261645690545233,1.426774632297688
dlinear_quantile,quantile,unseen_vessel,roll_rate,150,15.0,0.9398693081343944,0.9740535047647118,0.034184196630317354,5.852239654834129,5.859741355179594,0.007501700345464712,0.9011342953965712,1.775411935310462
lstm_gaussian,gaussian,unseen_vessel,heave,10,1.0,0.9934554290696532,0.5152374066705964,-0.47821802239905686,0.0301433171219693,0.0326780352355108,0.002534718113541501,0.0120692614954004,0.0151922024887982
lstm_gaussian,gaussian,unseen_vessel,heave,20,2.0,0.9909272460457806,0.3297275641025641,-0.6611996819432165,0.0342384879999503,0.0387539060795318,0.004515418079581501,0.013708214619618,0.0180145885077965
lstm_gaussian,gaussian,unseen_vessel,heave,30,3.0,0.97694702328323,0.2920296996266824,-0.6849173236565476,0.0489591263098243,0.0542608363380725,0.0053017100282482035,0.0196019142667925,0.0252152583119359
lstm_gaussian,gaussian,unseen_vessel,heave,50,5.0,0.939813279791728,0.4741893543078888,-0.46562392548383924,0.1511431787546298,0.1459377704619076,-0.005205408292722202,0.0605079336011432,0.0678049117293768
lstm_gaussian,gaussian,unseen_vessel,heave,100,10.0,0.920979314028883,0.6933515080066804,-0.22762780602220256,0.5193563668682172,0.4788440631476298,-0.040512303720587395,0.2079651833186939,0.2224384392790551
lstm_gaussian,gaussian,unseen_vessel,heave,150,15.0,0.9098173936536006,0.8409309301011887,-0.0688864635524119,1.0591005866672158,0.9991031100499944,-0.059997476617221435,0.4243355744164711,0.4641102553124085
lstm_gaussian,gaussian,unseen_vessel,heave_rate,10,1.0,0.9894766492288044,0.3609054180174869,-0.6285712312113175,0.0214805084525079,0.0232160064016385,0.0017354979491305995,0.0145244401972936,0.0192337249747955
lstm_gaussian,gaussian,unseen_vessel,heave_rate,20,2.0,0.982423218145201,0.3237862572453089,-0.6586369608998921,0.026105882732635,0.0283352672754239,0.002229384542788898,0.0176501811551703,0.0234724825936578
lstm_gaussian,gaussian,unseen_vessel,heave_rate,30,3.0,0.963827948472345,0.4118451591511936,-0.5519827893211514,0.0434630902893149,0.0420152472189893,-0.0014478430703256037,0.0293825306464942,0.0348099270653124
lstm_gaussian,gaussian,unseen_vessel,heave_rate,50,5.0,0.9350362879457706,0.4743083185971117,-0.46072796934865895,0.0940157680583296,0.0881052541775476,-0.005910513880782009,0.0635659198385566,0.0729868570103491
lstm_gaussian,gaussian,unseen_vessel,heave_rate,100,10.0,0.9177196925041752,0.6886244044110423,-0.22909528809313284,0.3793808417321777,0.3219717327973255,-0.05740910893485218,0.256624760868567,0.2666771757944501
lstm_gaussian,gaussian,unseen_vessel,heave_rate,150,15.0,0.9088948447784656,0.8495086391099322,-0.059386205668533365,0.7241456603343875,0.6500990995179681,-0.07404656081641947,0.4901031251697652,0.5384404032492998
lstm_gaussian,gaussian,unseen_vessel,pitch,10,1.0,0.9896132662835248,0.461656658316141,-0.5279566079673838,0.0594899293239626,0.0652511631756794,0.005761233851716806,0.014568124982041,0.0188023399100577
lstm_gaussian,gaussian,unseen_vessel,pitch,20,2.0,0.9780606825326652,0.377553510904804,-0.6005071716278612,0.0907338762002894,0.0887088256979329,-0.002025050502356504,0.0222181457458388,0.0255565636997672
lstm_gaussian,gaussian,unseen_vessel,pitch,30,3.0,0.9557583321053148,0.414463141025641,-0.5412951910796737,0.147202707208066,0.1416190886598925,-0.005583618548173491,0.0360451654413177,0.0407861314952377
lstm_gaussian,gaussian,unseen_vessel,pitch,50,5.0,0.937506140092347,0.5304111098830927,-0.4070950302092543,0.3419958540341971,0.2669858926183132,-0.0750099614158839,0.0837357610382016,0.0768781582054452
lstm_gaussian,gaussian,unseen_vessel,pitch,100,10.0,0.9171785968660968,0.792515534433638,-0.12466306243245884,1.2750706095837792,1.1093182921919824,-0.16575231739179674,0.3122776707484506,0.3192573618300087
lstm_gaussian,gaussian,unseen_vessel,pitch,150,15.0,0.9075524670891052,0.856766228264073,-0.05078623882503219,2.235200624380424,2.040397655494116,-0.19480296888630821,0.547723300357435,0.5869710999105802
lstm_gaussian,gaussian,unseen_vessel,pitch_rate,10,1.0,0.9823810050103152,0.4107890632675115,-0.5715919417428037,0.0657664300253537,0.0650324964313519,-0.0007339335940018121,0.021644867555729,0.028117403326522
lstm_gaussian,gaussian,unseen_vessel,pitch_rate,20,2.0,0.9647435897435898,0.4210437849985264,-0.5436998047450634,0.0977544535800845,0.091368123428905,-0.006386330151179495,0.0321685055145701,0.0395028906675632
lstm_gaussian,gaussian,unseen_vessel,pitch_rate,30,3.0,0.9430306881815502,0.4455558011592495,-0.49747488702230075,0.135979215552523,0.1149306509278264,-0.021048564624696592,0.0447409819528249,0.0496958363434996
lstm_gaussian,gaussian,unseen_vessel,pitch_rate,50,5.0,0.9382882343550448,0.588864789026427,-0.3494234453286178,0.3727958817313153,0.2854966540230781,-0.08729922770823717,0.1226696588032939,0.1234205997199271
lstm_gaussian,gaussian,unseen_vessel,pitch_rate,100,10.0,0.9151953470380194,0.7835256717261028,-0.13166967531191665,1.2077571635239828,0.958855714843746,-0.24890144868023678,0.3974579608633986,0.4143755933857647
lstm_gaussian,gaussian,unseen_vessel,pitch_rate,150,15.0,0.906580797475194,0.9016426282051282,-0.004938169270065851,1.8484202028200252,1.6252863146441072,-0.22313388817591795,0.6084856022568692,0.7020965607762313
lstm_gaussian,gaussian,unseen_vessel,roll,10,1.0,0.9917914640436192,0.2880117766971215,-0.7037796873464977,0.1339051024901903,0.1287123041189063,-0.005192798371284002,0.0110524802987657,0.0180824595344296
lstm_gaussian,gaussian,unseen_vessel,roll,20,2.0,0.9906156363591708,0.2291935295706847,-0.7614221067884861,0.1366414588430849,0.137315504521663,0.0006740456785780946,0.011275658936886,0.0192955066531879
lstm_gaussian,gaussian,unseen_vessel,roll,30,3.0,0.9821614967089104,0.1946992582768445,-0.7874622384320659,0.1550902384846181,0.1645976354991675,0.009507397014549418,0.0127951417011516,0.0231372233530948
lstm_gaussian,gaussian,unseen_vessel,roll,50,5.0,0.9531587705079084,0.1875560283426662,-0.7656027421652423,0.2176214471152746,0.2325018501994162,0.014880403084141597,0.0179469658853083,0.0326819676438927
lstm_gaussian,gaussian,unseen_vessel,roll,100,10.0,0.9241721620493172,0.3619484662049317,-0.5622236958443855,0.8294067430763709,0.8215239496919899,-0.007882793384380915,0.0683242997050132,0.1154416787482849
lstm_gaussian,gaussian,unseen_vessel,roll,150,15.0,0.9135060541310542,0.5465948582866687,-0.3669111958443856,1.89619030511275,1.8871280817242104,-0.00906222338853957,0.1560485801405891,0.2650125876805131
lstm_gaussian,gaussian,unseen_vessel,roll_rate,10,1.0,0.9925520679831024,0.2553211575302092,-0.7372309104528931,0.0786725754018515,0.0783883313077254,-0.00028424409412609875,0.0121422587385902,0.0237699939336061
lstm_gaussian,gaussian,unseen_vessel,roll_rate,20,2.0,0.9651956540426369,0.2024096792415758,-0.762785974801061,0.0882361250491231,0.0897779879395303,0.0015418628904072113,0.0136158911114719,0.0272142534975492
lstm_gaussian,gaussian,unseen_vessel,roll_rate,30,3.0,0.9669371377345516,0.2075236086550741,-0.7594135290794775,0.1038194155699915,0.1064126199302676,0.0025932043602761023,0.0160176685220532,0.0322425921071902
lstm_gaussian,gaussian,unseen_vessel,roll_rate,50,5.0,0.9491201247666764,0.2423018592199627,-0.7068182655467137,0.1675288163255758,0.1656676566067276,-0.0018611597188482043,0.0258357135105712,0.0501931430824076
lstm_gaussian,gaussian,unseen_vessel,roll_rate,100,10.0,0.9171962496315944,0.4670507294429708,-0.4501455201886236,0.6533861540084809,0.6335013289034562,-0.01988482510502465,0.1006805840348285,0.1919218737602009
lstm_gaussian,gaussian,unseen_vessel,roll_rate,150,15.0,0.9075202316042832,0.6342523516553689,-0.2732678799489143,1.2816420265262682,1.2895606765790206,0.007918650052752385,0.1973486481488114,0.3907171456435823
lstm_quantile,quantile,unseen_vessel,heave,10,1.0,0.9922673212005108,0.4310559730818351,-0.5612113481186757,0.0520269597572923,0.0322165136162412,-0.019810446141051104,0.020831382942383,0.014977638490615
lstm_quantile,quantile,unseen_vessel,heave,20,2.0,0.9855201272227134,0.2634230093820611,-0.7220971178406523,0.0502746051867032,0.0332254212774998,-0.017049183909203403,0.0201286656647013,0.015444695847794
lstm_quantile,quantile,unseen_vessel,heave,30,3.0,0.950152427792514,0.1955527311130759,-0.754599696679438,0.057540683699492,0.0378544560380429,-0.019686227661449104,0.023037738492154,0.0175911385019942
lstm_quantile,quantile,unseen_vessel,heave,50,5.0,0.9302930666077218,0.2988490396895569,-0.6314440269181649,0.131396480656112,0.0946487260956587,-0.0367477545604533,0.0526026354114931,0.0439752402541275
lstm_quantile,quantile,unseen_vessel,heave,100,10.0,0.9171801318891836,0.5564696618037135,-0.3607104700854701,0.4602181055715102,0.3596245676478858,-0.10059353792362441,0.184284527537229,0.1670571564115604
lstm_quantile,quantile,unseen_vessel,heave,150,15.0,0.9083092334708714,0.7498372875528047,-0.1584719459180668,0.962114381264522,0.8282027185493606,-0.13391166271516142,0.3854774171289448,0.3847224288363397
lstm_quantile,quantile,unseen_vessel,heave_rate,10,1.0,0.9862600083505256,0.3630160747617644,-0.6232439335887612,0.0329597072948698,0.0201947946623277,-0.012764912632542098,0.0222863112660048,0.0167307468708427
lstm_quantile,quantile,unseen_vessel,heave_rate,20,2.0,0.9796778293545536,0.2624014515178308,-0.7172763778367228,0.0337128704122268,0.0210890401937939,-0.0126238302184329,0.0227932637302751,0.0174698238789904
lstm_quantile,quantile,unseen_vessel,heave_rate,30,3.0,0.9624134246979074,0.2776565109539247,-0.6847569137439826,0.0452845009821184,0.0273698913137492,-0.0179146096683692,0.0306138663647993,0.0226761469580627
lstm_quantile,quantile,unseen_vessel,heave_rate,50,5.0,0.9346387169663032,0.2857637353865802,-0.648874981579723,0.083031697676118,0.059677694900011,-0.023354002776106997,0.0561393726557102,0.0494373170480488
lstm_quantile,quantile,unseen_vessel,heave_rate,100,10.0,0.920343046959426,0.5660405307495825,-0.35430251620984354,0.3434207746497524,0.2624214500987511,-0.08099932455100128,0.2323002758109909,0.2173538980338726
lstm_quantile,quantile,unseen_vessel,heave_rate,150,15.0,0.906887034581,0.781028189163965,-0.12585884541703496,0.6631336923279854,0.5626694389300706,-0.10046425339791476,0.448810112133013,0.4660273484738012
lstm_quantile,quantile,unseen_vessel,pitch,10,1.0,0.9884090406719718,0.3495800176834659,-0.6388290229885059,0.08545277894197,0.0545363354579566,-0.030916443484013394,0.0209260084494318,0.0157148266302726
lstm_quantile,quantile,unseen_vessel,pitch,20,2.0,0.981353307053738,0.2667923850574712,-0.7145609219962668,0.0989141008029935,0.0613792564362349,-0.037534844366758593,0.0242212500996677,0.017683053119184
lstm_quantile,quantile,unseen_vessel,pitch,30,3.0,0.9645256164652716,0.265676423273406,-0.6988491931918656,0.1414086530080477,0.0925819880983305,-0.048826664909717196,0.0346263896173077,0.0266635040261945
lstm_quantile,quantile,unseen_vessel,pitch,50,5.0,0.9418832584242068,0.354966413694862,-0.5869168447293449,0.2966819700554334,0.1781078186093004,-0.11857415144613301,0.0726409114492381,0.0512858597972728
lstm_quantile,quantile,unseen_vessel,pitch,100,10.0,0.911991753855978,0.6614291678946851,-0.2505625859612929,1.1582297468354632,0.9034358563552092,-0.254793890480254,0.2836621633459281,0.2600052213262182
lstm_quantile,quantile,unseen_vessel,pitch,150,15.0,0.9104874312309658,0.8125283979271049,-0.09795903330386091,2.0458981734161124,1.8059894955942244,-0.23990867782188796,0.501335802932382,0.5195377664748315
lstm_quantile,quantile,unseen_vessel,pitch_rate,10,1.0,0.9858655074172316,0.3679358237547892,-0.6179296836624424,0.0807933542880761,0.0469435119637961,-0.033849842324280004,0.0265904877651764,0.0202964630281844
lstm_quantile,quantile,unseen_vessel,pitch_rate,20,2.0,0.979054609981334,0.3144264539738677,-0.6646281560074663,0.1028994716975944,0.060857103419417,-0.04204236827817741,0.0338616001780279,0.0263114904028037
lstm_quantile,quantile,unseen_vessel,pitch_rate,30,3.0,0.9658580165045684,0.3034924845269672,-0.6623655319776012,0.1259872108253047,0.0765399873011722,-0.0494472235241325,0.041453331694243,0.0330957725545402
lstm_quantile,quantile,unseen_vessel,pitch_rate,50,5.0,0.9334291187739464,0.4032812653502309,-0.5301478534237155,0.3229481413216862,0.2004852573192392,-0.12246288400244701,0.1062671028529267,0.0866700549539338
lstm_quantile,quantile,unseen_vessel,pitch_rate,100,10.0,0.9126341610177816,0.6859028084782395,-0.22673135253954213,1.090495177597517,0.8294388541755152,-0.2610563234220017,0.358868490048639,0.3584472742410434
lstm_quantile,quantile,unseen_vessel,pitch_rate,150,15.0,0.9043964596227528,0.8387857353374595,-0.06561072428529335,1.723172147747983,1.468045834626999,-0.2551263131209842,0.5672549134201309,0.6341712978609464
lstm_quantile,quantile,unseen_vessel,roll,10,1.0,0.9854426085568329,0.3072318007662835,-0.6782108077905493,0.2289755683129632,0.1509405829653174,-0.0780349853476458,0.0188995632773823,0.0212052530817266
lstm_quantile,quantile,unseen_vessel,roll,20,2.0,0.979138268739562,0.2300400948030258,-0.7490981739365362,0.2251671482209998,0.1497953535475137,-0.07537179467348612,0.0185808025516389,0.0210491688543204
lstm_quantile,quantile,unseen_vessel,roll,30,3.0,0.978964043619216,0.1971069419884075,-0.7818571016308085,0.2371654170763648,0.1531026910845251,-0.0840627259918397,0.0195664482030297,0.0215213976120602
lstm_quantile,quantile,unseen_vessel,roll,50,5.0,0.9543315281461834,0.1684265706356223,-0.7859049575105611,0.2595985269590794,0.1807069460685416,-0.07889158089053783,0.021408762642512,0.0254013400726631
lstm_quantile,quantile,unseen_vessel,roll,100,10.0,0.9248913203654584,0.3359137071421554,-0.588977613223303,0.7617095311580963,0.6457187085332,-0.11599082262489624,0.0627475852221504,0.0907372837276321
lstm_quantile,quantile,unseen_vessel,roll,150,15.0,0.9203844925827684,0.4864772141173003,-0.4339072784654681,1.720918574156807,1.562925200330466,-0.15799337382634104,0.1416244452419393,0.2194842288140952
lstm_quantile,quantile,unseen_vessel,roll_rate,10,1.0,0.9762539603595638,0.2941165635131152,-0.6821373968464486,0.133049617937418,0.0843361099777417,-0.048713507959676314,0.0205347654861275,0.02557356164
lstm_quantile,quantile,unseen_vessel,roll_rate,20,2.0,0.978727650063857,0.2463243872187837,-0.7324032628450733,0.1380357618836273,0.0867172636194825,-0.05131849826414479,0.0213005716451191,0.0262864611795926
lstm_quantile,quantile,unseen_vessel,roll_rate,30,3.0,0.9813333517536104,0.2109137071421554,-0.770419644611455,0.1439415837530292,0.0932147890130871,-0.05072679473994211,0.0222078747259082,0.0282437028848295
lstm_quantile,quantile,unseen_vessel,roll_rate,50,5.0,0.9650413842224188,0.2227648528833873,-0.7422765313390315,0.1796685633439149,0.1201206515339624,-0.0595479118099525,0.0277078632274718,0.0363935433933781
lstm_quantile,quantile,unseen_vessel,roll_rate,100,10.0,0.92187039493074,0.4242550532960016,-0.49761534163473836,0.5957860563864095,0.4859108937032346,-0.10987516268317488,0.0918049575259478,0.1472087349231602
lstm_quantile,quantile,unseen_vessel,roll_rate,150,15.0,0.9154616735435702,0.5737839547106788,-0.34167771883289144,1.1971252822695435,1.0643513798451365,-0.132773902424407,0.1843346669592195,0.3224821760214532
tcn_gaussian,gaussian,unseen_vessel,heave,10,1.0,0.9936795424403184,0.5497700535416054,-0.44390948889871307,0.0174404057042832,0.013860311722265,-0.0035800939820182006,0.0069830674633169,0.0064437369237454
tcn_gaussian,gaussian,unseen_vessel,heave,20,2.0,0.9926357267413302,0.3978503536693192,-0.594785373072011,0.0392527188592421,0.0327064536077446,-0.006546265251497499,0.0157157843689475,0.0152034559325116
tcn_gaussian,gaussian,unseen_vessel,heave,30,3.0,0.978041494744081,0.4265990335494646,-0.5514424611946164,0.0858668894196388,0.0718274207442367,-0.014039468675402095,0.0343787876055739,0.0333785302655799
tcn_gaussian,gaussian,unseen_vessel,heave,50,5.0,0.951658285440613,0.5965015288829943,-0.3551567565576187,0.2430332091658011,0.2124160790398956,-0.0306171301259055,0.0972947466385518,0.0986917467877849
tcn_gaussian,gaussian,unseen_vessel,heave,100,10.0,0.9220960433244916,0.7953415119363395,-0.12675453138815207,0.6934490612683385,0.6099539384063896,-0.08349512286194893,0.2776768907609046,0.2833431852519393
tcn_gaussian,gaussian,unseen_vessel,heave,150,15.0,0.9067811179880144,0.8959853006189213,-0.010795817369093075,1.2366123051419546,1.1449370537311458,-0.09167525141080879,0.4954568049897303,0.5318540428697186
tcn_gaussian,gaussian,unseen_vessel,heave_rate,10,1.0,0.9921990126731508,0.4050058637881914,-0.5871931488849593,0.0175038514628185,0.0141282396087057,-0.0033756118541128,0.0118355505576654,0.011704798418417
tcn_gaussian,gaussian,unseen_vessel,heave_rate,20,2.0,0.9812212950682778,0.4434827524805973,-0.5377385425876805,0.041300011669528,0.0329173190997141,-0.008382692569813902,0.0279229281439526,0.0272681811005208
tcn_gaussian,gaussian,unseen_vessel,heave_rate,30,3.0,0.959826143285195,0.568481984969054,-0.391344158316141,0.0753467259120713,0.0606933888086713,-0.0146533371034,0.0509369552069955,0.050284898402826
tcn_gaussian,gaussian,unseen_vessel,heave_rate,50,5.0,0.9426354197367128,0.5251367705570291,-0.4174986491796837,0.1341241603496344,0.1097108866059911,-0.0244132737436433,0.0906839969643072,0.0908850768088548
tcn_gaussian,gaussian,unseen_vessel,heave_rate,100,10.0,0.9187466229492092,0.7469568167305236,-0.17178980621868556,0.4595773226800136,0.3804284211553352,-0.0791489015246784,0.3108721041233633,0.3150946701569858
tcn_gaussian,gaussian,unseen_vessel,heave_rate,150,15.0,0.9033910195009334,0.8919965431280087,-0.011394476372924678,0.8087881997989572,0.7164211096939918,-0.09236709010496547,0.5473893527703492,0.5933711821566399
tcn_gaussian,gaussian,unseen_vessel,pitch,10,1.0,0.9768917624521072,0.7457034703801945,-0.23118829207191272,0.0533469266160917,0.0398048648424916,-0.013542061773600102,0.0130638026163859,0.0114699043268762
tcn_gaussian,gaussian,unseen_vessel,pitch,20,2.0,0.9716864991649472,0.5469410059927301,-0.4247454931722171,0.1576938785124856,0.1158490520583217,-0.04184482645416389,0.0386147459222714,0.0333755255488083
tcn_gaussian,gaussian,unseen_vessel,pitch,30,3.0,0.9677192319972492,0.4850135696040868,-0.48270566239316237,0.2633857537102857,0.2134937150847368,-0.04989203862554892,0.0644946227378431,0.0614859396374504
tcn_gaussian,gaussian,unseen_vessel,pitch,50,5.0,0.9508953789664996,0.6713937702623047,-0.2795016087041948,0.5618929330212382,0.4120125074546286,-0.14988042556660963,0.1375763238457736,0.1186383386031628
tcn_gaussian,gaussian,unseen_vessel,pitch,100,10.0,0.917566957707044,0.8393943719913547,-0.0781725857156893,1.621436554972254,1.377747195055936,-0.24368935991631813,0.3971061891375659,0.3965101250544686
tcn_gaussian,gaussian,unseen_vessel,pitch,150,15.0,0.9055807299341782,0.901880556783574,-0.0037001731506041136,2.482229931381927,2.25248355466733,-0.22974637671459686,0.6082564381169945,0.6479828802260593
tcn_gaussian,gaussian,unseen_vessel,pitch_rate,10,1.0,0.9753206663228214,0.6062343427645152,-0.3690863235583063,0.0864165347718719,0.0593571534412629,-0.027059381330609006,0.0284411735446356,0.0256636161181971
tcn_gaussian,gaussian,unseen_vessel,pitch_rate,20,2.0,0.9685819149720012,0.5278000356125356,-0.44078187935946556,0.1639972370093649,0.1241885455507854,-0.03980869145857949,0.0539673214866683,0.0536927579657872
tcn_gaussian,gaussian,unseen_vessel,pitch_rate,30,3.0,0.956212698938992,0.6164752492877493,-0.33973744965124264,0.2483514673610163,0.1677486269389903,-0.080602840422026,0.0817146096483025,0.0725342477738327
tcn_gaussian,gaussian,unseen_vessel,pitch_rate,50,5.0,0.932769058846645,0.6720446200510857,-0.2607244387955593,0.562542618829184,0.4121819499590364,-0.1503606688701476,0.1851064201503778,0.1781868289551339
tcn_gaussian,gaussian,unseen_vessel,pitch_rate,100,10.0,0.9139834463110326,0.8343940342862757,-0.07958941202475689,1.413116182576393,1.116072195873234,-0.2970439867031589,0.4650390768547326,0.4823176952141219
tcn_gaussian,gaussian,unseen_vessel,pitch_rate,150,15.0,0.9014054671382258,0.945895808772964,0.044490341634738195,2.012131150945583,1.7625040155235308,-0.24962713542205206,0.6623779773316736,0.7613723172980357
tcn_gaussian,gaussian,unseen_vessel,roll,10,1.0,0.9953312272816582,0.3269921529619805,-0.6683390743196778,0.0567256374764266,0.0432995140996428,-0.013426123376783804,0.0046821142658776,0.0060830370253021
tcn_gaussian,gaussian,unseen_vessel,roll,20,2.0,0.984876185037823,0.2182902605855191,-0.7665859244523039,0.1010684423304565,0.0865466382668442,-0.014521804063612309,0.0083401721164969,0.0121614907239079
tcn_gaussian,gaussian,unseen_vessel,roll,30,3.0,0.9742922008547008,0.1804688267511543,-0.7938233741035465,0.1746599359807477,0.1589088940152868,-0.0157510419654609,0.0144096666058669,0.022337566165363
tcn_gaussian,gaussian,unseen_vessel,roll,50,5.0,0.9647535673936536,0.210843096080165,-0.7539104713134885,0.2980914179475682,0.2757118945804269,-0.02237952336714133,0.0245832227453867,0.0387558516630527
tcn_gaussian,gaussian,unseen_vessel,roll,100,10.0,0.932620929118774,0.4399729221927497,-0.49264800692602434,1.0728231591435666,1.0258136578772037,-0.04700950126636294,0.0883762902432235,0.1441487503713829
tcn_gaussian,gaussian,unseen_vessel,roll,150,15.0,0.91654002726201,0.627216573337263,-0.289323453924747,2.2330433449346967,2.226152627925037,-0.006890717009659486,0.1837701851074126,0.3126223779994635
tcn_gaussian,gaussian,unseen_vessel,roll_rate,10,1.0,0.9818944026918164,0.2771906314470969,-0.7047037712447195,0.0505755528251767,0.0439610343363281,-0.0066145184888486,0.0078057880413062,0.0133304728147285
tcn_gaussian,gaussian,unseen_vessel,roll_rate,20,2.0,0.9738339964633068,0.2222490851262403,-0.7515849113370665,0.0950832756083008,0.0847000388642316,-0.0103832367440692,0.0146724884675516,0.0256749831646486
tcn_gaussian,gaussian,unseen_vessel,roll_rate,30,3.0,0.965555616956479,0.2301130083996463,-0.7354426085568326,0.1207971310298529,0.1120025635019826,-0.008794567527870306,0.0186370573618455,0.033936322330195
tcn_gaussian,gaussian,unseen_vessel,roll_rate,50,5.0,0.9494969729344728,0.319188863100501,-0.6303081098339718,0.2671735727909388,0.235563983374215,-0.03160958941672379,0.0412025825503828,0.0713699762810777
tcn_gaussian,gaussian,unseen_vessel,roll_rate,100,10.0,0.9236379740151291,0.5423812199135475,-0.38125675410158166,0.8382219386307633,0.8032961887203293,-0.03492574991043407,0.1291620182252225,0.2433619357839242
tcn_gaussian,gaussian,unseen_vessel,roll_rate,150,15.0,0.9121629089301504,0.7138448337262991,-0.19831807520385125,1.502147677732789,1.5136099186153424,0.011462240882553543,0.2313023507226308,0.4586006364493564
tcn_quantile,quantile,unseen_vessel,heave,10,1.0,0.9928805629236664,0.6864139711661265,-0.30646659175754,0.029807716809082,0.0249196903446344,-0.004888026464447602,0.0119348884959795,0.0115853042860555
tcn_quantile,quantile,unseen_vessel,heave,20,2.0,0.992029392622065,0.4885310750073681,-0.503498317614697,0.0601538587264927,0.04639437609914,-0.013759482627352694,0.0240840660259921,0.0215662285186622
tcn_quantile,quantile,unseen_vessel,heave,30,3.0,0.9860305223990568,0.4528747912368602,-0.5331557311621966,0.1037994096434228,0.0799663767619277,-0.023833032881495103,0.0415584852535608,0.0371607402760726
tcn_quantile,quantile,unseen_vessel,heave,50,5.0,0.9579841155810984,0.6448309632576874,-0.313153152323411,0.240151115332782,0.1957555010451197,-0.04439561428766228,0.0961409430483567,0.0909509884034361
tcn_quantile,quantile,unseen_vessel,heave,100,10.0,0.9215119670399844,0.7665744117791532,-0.1549375552608312,0.6378688116327921,0.5122040715376572,-0.12566474009513484,0.2554209648846976,0.2379352341058213
tcn_quantile,quantile,unseen_vessel,heave,150,15.0,0.9038576665193044,0.8531312935946557,-0.050726372924648766,1.1279137793567886,0.947148654320604,-0.18076512503618458,0.451906029966163,0.4399760138405968
tcn_quantile,quantile,unseen_vessel,heave_rate,10,1.0,0.9866314839375184,0.5213483335789371,-0.46528315035858137,0.0309224391925453,0.0229946729343977,-0.0079277662581476,0.0209087750320051,0.0190503572170951
tcn_quantile,quantile,unseen_vessel,heave_rate,20,2.0,0.9847457080754496,0.5355733925238235,-0.44917231555162607,0.0528402799411237,0.0423035742399192,-0.010536705701204498,0.035725300799151,0.035043604859773
tcn_quantile,quantile,unseen_vessel,heave_rate,30,3.0,0.9683516615089892,0.6701550066312998,-0.2981966548776894,0.082174644545543,0.0647028503837467,-0.01747179416179631,0.0555528609597688,0.0536067654448571
tcn_quantile,quantile,unseen_vessel,heave_rate,50,5.0,0.9524043066607722,0.5712718894292169,-0.38113241723155533,0.1337473153354811,0.1016320446854744,-0.03211527065000669,0.0904292045985589,0.084192521574025
tcn_quantile,quantile,unseen_vessel,heave_rate,100,10.0,0.9169230155221536,0.7331945672462914,-0.1837284482758622,0.4321658375693691,0.3331270685672087,-0.09903876900216041,0.2923301403819855,0.2759167242861926
tcn_quantile,quantile,unseen_vessel,heave_rate,150,15.0,0.9003209733274389,0.8730819886531093,-0.027238984674329614,0.7554246742277247,0.6181174473261838,-0.13730722690154096,0.5112728197506513,0.5119518052563299
tcn_quantile,quantile,unseen_vessel,pitch,10,1.0,0.988674599665979,0.8547730007859319,-0.13390159888004716,0.0719179425463241,0.0533430260116756,-0.018574916534648496,0.0176115451366669,0.0153709705404364
tcn_quantile,quantile,unseen_vessel,pitch,20,2.0,0.983364187297377,0.7316250061400923,-0.25173918115728466,0.1721602217871334,0.1240703331619623,-0.04808988862517109,0.0421571419571984,0.0357440350242277
tcn_quantile,quantile,unseen_vessel,pitch,30,3.0,0.9784406007466352,0.655475580852736,-0.32296501989389914,0.2743076607202371,0.2066836112257774,-0.06762404949445969,0.067169043287405,0.0595246377104567
tcn_quantile,quantile,unseen_vessel,pitch,50,5.0,0.961241434571176,0.7659273995480892,-0.19531403502308675,0.527438357508958,0.361694451225621,-0.16574390628333696,0.1291403148481895,0.1041493352725846
tcn_quantile,quantile,unseen_vessel,pitch,100,10.0,0.9166375012280183,0.8334131545338442,-0.08322434669417411,1.474605008736546,1.1286215201234833,-0.34598348861306283,0.3611456604372394,0.3248127535219973
tcn_quantile,quantile,unseen_vessel,pitch,150,15.0,0.9047410723057276,0.8725117275763828,-0.0322293447293448,2.2714139262158537,1.8869019175154829,-0.38451200870037083,0.5565971656301061,0.5428142357276099
tcn_quantile,quantile,unseen_vessel,pitch_rate,10,1.0,0.9850427350427352,0.773583327193241,-0.21145940784949424,0.0932374766729352,0.0639718986933302,-0.029265577979604995,0.0306860632854489,0.0276588440522577
tcn_quantile,quantile,unseen_vessel,pitch_rate,20,2.0,0.9714501056095884,0.7397606284998526,-0.23168947710973586,0.1727495192719129,0.1249261496395866,-0.04782336963232629,0.0568474750747316,0.0540116601450416
tcn_quantile,quantile,unseen_vessel,pitch_rate,30,3.0,0.9706365433736124,0.7947750884173298,-0.17586145495628258,0.2443555524592101,0.1623075708868221,-0.08204798157238799,0.0803998413891955,0.0701815435219952
tcn_quantile,quantile,unseen_vessel,pitch_rate,50,5.0,0.9459265092346988,0.7188490089890952,-0.22707750024560358,0.5214573459741053,0.3522729187849402,-0.1691844271891651,0.1715871817415019,0.1522880716423807
tcn_quantile,quantile,unseen_vessel,pitch_rate,100,10.0,0.9145030516258964,0.8342474395814913,-0.08025561204440512,1.3028708583822646,0.9468605134002298,-0.35601034498203477,0.4287587027263184,0.4091917908188177
tcn_quantile,quantile,unseen_vessel,pitch_rate,150,15.0,0.9009994535317812,0.9097429450338932,0.008743491502111955,1.8681285105072645,1.4723608642743615,-0.39576764623290295,0.6149734243734191,0.6360353186477851
tcn_quantile,quantile,unseen_vessel,roll,10,1.0,0.991571188230671,0.480997949209156,-0.510573239021515,0.1112395817531852,0.0853146375529792,-0.025924944200205996,0.0091816761490481,0.0119856333223676
tcn_quantile,quantile,unseen_vessel,roll,20,2.0,0.9892510008350528,0.3779518493958149,-0.6112991514392379,0.196250671621663,0.1556012326517344,-0.04064943896992859,0.0161946136851617,0.0218650081091324
tcn_quantile,quantile,unseen_vessel,roll,30,3.0,0.98361286103743,0.3282424292661361,-0.6553704317712938,0.2937802137538962,0.2467165134621105,-0.04706370029178569,0.0242372408521928,0.0346805411849221
tcn_quantile,quantile,unseen_vessel,roll,50,5.0,0.9751257183908044,0.327839485705865,-0.6472862326849393,0.4092772135820268,0.3514346885380677,-0.05784252504395909,0.0337525748824741,0.0493999385806672
tcn_quantile,quantile,unseen_vessel,roll,100,10.0,0.9367900518223796,0.4575757994400236,-0.47921425238235604,1.0699452439044588,0.9234759115458572,-0.1464693323586016,0.088139215315917,0.1297681090763407
tcn_quantile,quantile,unseen_vessel,roll,150,15.0,0.9222457080754496,0.6000789001866588,-0.3221668078887908,2.1321123663509343,1.8772996465856997,-0.25481271976523456,0.1754639851138103,0.2636323639139699
tcn_quantile,quantile,unseen_vessel,roll_rate,10,1.0,0.9804553185479912,0.4429055837999803,-0.5375497347480109,0.1086739449351956,0.086501594886937,-0.0221723500482586,0.0167726447342843,0.026230209922929
tcn_quantile,quantile,unseen_vessel,roll_rate,20,2.0,0.9744449356518322,0.3929129519107968,-0.5815319837410354,0.1638174739902952,0.1347898432451596,-0.02902763074513559,0.0252789986727824,0.0408586230005444
tcn_quantile,quantile,unseen_vessel,roll_rate,30,3.0,0.9734087950682778,0.421221847676589,-0.5521869473916888,0.1920226143739357,0.1670191315268289,-0.025003482847106795,0.0296260055876175,0.0506061192313993
tcn_quantile,quantile,unseen_vessel,roll_rate,50,5.0,0.9593694739168876,0.4296007711955987,-0.529768702721289,0.3243959515896795,0.2677477096958128,-0.05664824189386669,0.050027219514119,0.0811208378147792
tcn_quantile,quantile,unseen_vessel,roll_rate,100,10.0,0.9249857242852932,0.5476056709892917,-0.37738005329600155,0.8296393280787641,0.7109514335973802,-0.11868789448138384,0.1278395196726934,0.2153857064904507
tcn_quantile,quantile,unseen_vessel,roll_rate,150,15.0,0.9146258534728364,0.6716677718832891,-0.24295808158954735,1.4414394787912217,1.269235547480394,-0.17220393131082767,0.2219544355133118,0.3845589426443099
