model,head,regime,dof,horizon_samples,horizon_s,n_seeds,deterministic,n_windows,n_quantiles,alpha,picp_mean,picp_std,picp_ci_lo,picp_ci_hi,mean_interval_width_mean,mean_interval_width_std,width_ratio_mean,width_ratio_std,signal_std,winkler_mean,winkler_std,crps_mean,crps_std,pinball_mean,pinball_std,crossing_rate_mean,crossing_rate_std,n_params,val_loss_name,fit_time_s_mean
dlinear_gaussian,gaussian,id,heave,10,1.0,3,False,434304,9,0.1,0.9623911668631496,0.002453285907886853,0.9512293232390215,0.973871239960949,0.07261549815552364,0.00043319599996027343,0.02907494992377679,0.00017344991532041443,0.7591945699315659,0.08757397629093482,0.0012012886220663386,0.008416384271898655,0.00011401720091757141,0.004208192135949327,5.700860045878248e-05,0.0,0.0,120600,gaussian_nll,1055.7465900426614
dlinear_gaussian,gaussian,id,heave,20,2.0,3,False,434304,9,0.1,0.9443569481284998,0.0007447516138047209,0.9323781268420277,0.9563824533045977,0.39618233269528363,0.002167732701415423,0.15862126987312467,0.0008679047132282825,0.7592353662201028,0.5380846027137344,0.003505723214349251,0.05149848600635453,0.00017855446497091408,0.02574924300317727,8.927723248545945e-05,0.0,0.0,120600,gaussian_nll,1055.7465900426614
dlinear_gaussian,gaussian,id,heave,30,3.0,3,False,434304,9,0.1,0.9224314458689459,0.0006789640676501563,0.9080353277888299,0.9374979277188329,0.8291633206551996,9.243682409536377e-05,0.33197463986179904,3.700921232836544e-05,0.7592379733777742,1.2924868816574187,0.0010438664475983096,0.12304111480748721,0.00036918251962884393,0.061520557403743605,0.00018459125981442102,0.0,0.0,120600,gaussian_nll,1055.7465900426614
dlinear_gaussian,gaussian,id,heave,50,5.0,3,False,434304,9,0.1,0.9195601851851851,0.0004673653763444955,0.9051070793729737,0.9343135798887415,0.9750872234329715,0.0006668277471205513,0.39036173155117043,0.0002669546146814086,0.7593097520603712,1.540123563957967,0.0005861619134237193,0.14771507413657173,0.00022701031636447274,0.07385753706828586,0.00011350515818223637,0.0,0.0,120600,gaussian_nll,1055.7465900426614
dlinear_gaussian,gaussian,id,heave,100,10.0,3,False,434304,9,0.1,0.9071633387366146,0.00028197668000799135,0.8938351937813145,0.9209776446912762,1.877813868026161,0.0007960027593726809,0.7519305244245476,0.0003187423325015784,0.7591324816869609,2.8211167411447207,0.00229520480659123,0.2928380150097059,0.00028593917364150366,0.1464190075048529,0.0001429695868207462,0.0,0.0,120600,gaussian_nll,1055.7465900426614
dlinear_gaussian,gaussian,id,heave,150,15.0,3,False,434304,9,0.1,0.8855901242754691,3.61383036367573e-05,0.8703164143088713,0.9012595440060419,2.2598974757807784,4.465584796003834e-05,0.9054426988142973,1.789165744381738e-05,0.758700750262978,3.7179343293912996,0.0007151544624035894,0.3830604129985075,4.819050944973053e-05,0.19153020649925379,2.4095254724933033e-05,0.0,0.0,120600,gaussian_nll,1055.7465900426614
dlinear_gaussian,gaussian,id,heave_rate,10,1.0,3,False,434304,9,0.1,0.9701115654779447,0.002722899156672533,0.9604749783561745,0.9780589172561155,0.04308173990641532,0.0002570647257334109,0.029130509468598274,0.00017381903431213747,0.4495602477358838,0.04742410404504249,0.00012442206966829184,0.004855009710587335,8.276437995484387e-05,0.0024275048552936675,4.138218997742307e-05,0.0,0.0,120600,gaussian_nll,1055.7465900426614
dlinear_gaussian,gaussian,id,heave_rate,20,2.0,3,False,434304,9,0.1,0.9550568265546714,0.0008411628889301999,0.9458804201665193,0.9643895174808429,0.23505046007400565,0.0012860685546509235,0.1589175605897463,0.0008695106463180546,0.44960586015695647,0.2774625385301498,0.0009564441988239497,0.02902378927044819,1.993947313775147e-05,0.014511894635224098,9.969736568873237e-06,0.0,0.0,120600,gaussian_nll,1055.7465900426614
dlinear_gaussian,gaussian,id,heave_rate,30,3.0,3,False,434304,9,0.1,0.9344138360840947,0.0008149357187333059,0.9234959843796051,0.946212848603743,0.49193247874415263,5.540544626097515e-05,0.3325631250905185,3.7455970385645976e-05,0.4496495382799816,0.6395532596319872,0.0014013007535631184,0.06790087418839108,0.00025946915069139027,0.03395043709419555,0.0001297345753456953,0.0,0.0,120600,gaussian_nll,1055.7465900426614
dlinear_gaussian,gaussian,id,heave_rate,50,5.0,3,False,434304,9,0.1,0.9273665450928382,0.0006076074343523554,0.9158989440576186,0.9389702259246979,0.5785077400502342,0.00039543332409997304,0.39114052237708324,0.00026736028966587735,0.44959255402628673,0.7709831988080543,0.0012822862886614221,0.0824436501461392,0.00020895449706899907,0.0412218250730696,0.00010447724853448158,0.0,0.0,120600,gaussian_nll,1055.7465900426614
dlinear_gaussian,gaussian,id,heave_rate,100,10.0,3,False,434304,9,0.1,0.9007208468415365,0.00039278523363090004,0.8884592359269083,0.9133787047782199,1.1140845481255592,0.00047179954089796147,0.753600733881861,0.0003191395849300953,0.4493860488108614,1.6046711059419192,0.0019817199083742147,0.17745225603169015,0.00019756358922992228,0.08872612801584506,9.878179461493475e-05,0.0,0.0,120600,gaussian_nll,1055.7465900426614
dlinear_gaussian,gaussian,id,heave_rate,150,15.0,3,False,434304,9,0.1,0.8826329022988505,2.8011542745639156e-05,0.8691785016946655,0.8962494013409962,1.3407705840585908,2.6791951888188133e-05,0.9074360165044304,1.8132842698702156e-05,0.44913945544323325,2.1021903160593145,0.0001717849571315417,0.22848731386407842,1.5336425270183926e-05,0.11424365693203915,7.668212635068416e-06,0.0,0.0,120600,gaussian_nll,1055.7465900426614
dlinear_gaussian,gaussian,id,pitch,10,1.0,3,False,434304,9,0.1,0.9228942553296001,0.0053144999935205205,0.9046495657419688,0.9411486539382553,0.11957050138472636,0.0007129918160595106,0.02928088885182716,0.0001746002055400589,1.2413165389175655,0.17262462288186256,0.0026520115422998783,0.017271902221552303,0.0003562199650124208,0.008635951110776151,0.00017810998250620923,0.0,0.0,120600,gaussian_nll,1055.7465900426614
dlinear_gaussian,gaussian,id,pitch,20,2.0,3,False,434304,9,0.1,0.9047088368209057,0.0009454346635842047,0.888838751197318,0.9191961160845858,0.6523666232066185,0.0035691324477453617,0.15974603225514086,0.0008739790278016904,1.2413790185919036,1.0117047975520357,0.006557424650528985,0.1022440853017596,0.0005763462093653495,0.051122042650879794,0.0002881731046826622,0.0,0.0,120600,gaussian_nll,1055.7465900426614
dlinear_gaussian,gaussian,id,pitch,30,3.0,3,False,434304,9,0.1,0.89469050864525,0.000389239603053698,0.8797033299255821,0.9091811841475096,1.3653277226530867,0.00015351042793462414,0.3343244467310407,3.758972152632167e-05,1.2413993725281671,2.168350878442593,0.0060971003127264735,0.22226407423812958,0.0004730248255167006,0.11113203711906479,0.00023651241275835332,0.0,0.0,120600,gaussian_nll,1055.7465900426614
dlinear_gaussian,gaussian,id,pitch,50,5.0,3,False,434304,9,0.1,0.8867352514981826,0.0005576904922898321,0.8714304381262894,0.9014400627210433,1.605611449028842,0.0010978635251756132,0.39312493128245957,0.00026880570835069234,1.2415168463730468,2.6184146967076427,0.003727084935792285,0.2690455998099247,0.0003649260759531206,0.13452279990496233,0.00018246303797658935,0.0,0.0,120600,gaussian_nll,1055.7465900426614
dlinear_gaussian,gaussian,id,pitch,100,10.0,3,False,434304,9,0.1,0.8646669920915611,9.066062592114002e-05,0.8489324298187445,0.8803715254752431,3.0920721612305893,0.0013101781419735134,0.7572797028161536,0.00032087586002360163,1.2411836658196425,5.449057170222242,0.002035085170169513,0.5606460510027541,0.00019678759178633925,0.28032302550137705,9.839379589307226e-05,0.0,0.0,120600,gaussian_nll,1055.7465900426614
dlinear_gaussian,gaussian,id,pitch,150,15.0,3,False,434304,9,0.1,0.8752647914824639,3.344624743572886e-05,0.8606064530835543,0.8899642301245211,3.721226963375417,7.361173320628864e-05,0.9118656694738668,1.8038139850570363e-05,1.2405036351372414,6.2037205875819454,5.725478130759432e-05,0.6424362309724208,6.084405919703827e-06,0.3212181154862103,3.04220295997951e-06,0.0,0.0,120600,gaussian_nll,1055.7465900426614
dlinear_gaussian,gaussian,id,pitch_rate,10,1.0,3,False,434304,9,0.1,0.8635993835347283,0.005650443126463995,0.8345270248489537,0.8904414304266136,0.08914547236714136,0.0005316872279871298,0.029339314021390794,0.00017498744612437454,0.9236173504276821,0.2581686590088384,0.0025496046776318183,0.020611707807275687,0.0002752870558849597,0.010305853903637847,0.00013764352794247905,0.0,0.0,120600,gaussian_nll,1055.7465900426614
dlinear_gaussian,gaussian,id,pitch_rate,20,2.0,3,False,434304,9,0.1,0.8470096215247077,0.001175053906464873,0.8230241950338933,0.868646270814913,0.48637207269813115,0.002660903385077435,0.16005268435064177,0.0008756356573204751,0.9237371608217294,1.3684958507389522,0.009331154164816714,0.11358147070058926,0.0007432898713941183,0.05679073535029463,0.000371644935697041,0.0,0.0,120600,gaussian_nll,1055.7465900426614
dlinear_gaussian,gaussian,id,pitch_rate,30,3.0,3,False,434304,9,0.1,0.8454131975144906,0.0007458944752333064,0.823850056642352,0.8653669434313292,1.017919763592616,0.00011547216970701672,0.3349241984318538,3.799358776944937e-05,0.9238676654473805,2.510208267660668,0.007390622734603723,0.22240142257463058,0.0006007706498931592,0.11120071128731533,0.0003003853249466489,0.0,0.0,120600,gaussian_nll,1055.7465900426614
dlinear_gaussian,gaussian,id,pitch_rate,50,5.0,3,False,434304,9,0.1,0.840434350132626,0.0003565361679242511,0.8198881428676688,0.8602608426355732,1.1970636478981866,0.0008183611522744577,0.3938975628473577,0.0002692843141430692,0.923797316378609,2.8645324983165565,0.0025555219791459144,0.25959341175974265,0.0002074883346966364,0.12979670587987135,0.0001037441673482553,0.0,0.0,120600,gaussian_nll,1055.7465900426614
dlinear_gaussian,gaussian,id,pitch_rate,100,10.0,3,False,434304,9,0.1,0.8384748931623932,7.182284280354266e-05,0.8187287591180371,0.8568856722480106,2.305300200589698,0.0009762962092608548,0.7586458143878115,0.0003212870204795549,0.9237004804982916,4.910541582593914,0.003789913136396094,0.47620233186410066,0.0003012002202411269,0.23810116593205036,0.00015060011012052416,0.0,0.0,120600,gaussian_nll,1055.7465900426614
dlinear_gaussian,gaussian,id,pitch_rate,150,15.0,3,False,434304,9,0.1,0.8728586427939876,3.705578797210572e-05,0.857183677792514,0.8882385955459771,2.774369608094307,5.463642745513831e-05,0.9133009687347533,1.798588838969332e-05,0.9234069683655249,4.731502059659021,0.0002567239603447504,0.4882279551834892,1.8960778630296318e-05,0.24411397759174455,9.480389315127925e-06,0.0,0.0,120600,gaussian_nll,1055.7465900426614
dlinear_gaussian,gaussian,id,roll,10,1.0,3,False,434304,9,0.1,0.9916901525198939,0.0047382073218871935,0.98274866222738,0.9975179252320955,0.3499108055491069,0.0020880643206452414,0.02888151543694967,0.0001723480982972825,3.682816873957597,0.35730027238559087,0.006630953471304765,0.030405875433733354,0.0015093878268587634,0.015202937716866677,0.0007546939134293811,0.0,0.0,120600,gaussian_nll,1055.7465900426614
dlinear_gaussian,gaussian,id,roll,20,2.0,3,False,434304,9,0.1,0.9828207891246684,0.0006406344877865995,0.9776320273356911,0.9880781088822576,1.9090731555982254,0.01044573189376744,0.15753679717961921,0.0008619822356809901,3.683691963859013,2.0109140398177128,0.013721278314733097,0.17773397424078108,0.0012824614143968809,0.08886698712039058,0.0006412307071984292,0.0,0.0,120600,gaussian_nll,1055.7465900426614
dlinear_gaussian,gaussian,id,roll,30,3.0,3,False,434304,9,0.1,0.9705728399155124,0.0006284794880581667,0.963044204059829,0.9780041169319187,3.995470310888191,0.0004417832209615006,0.3296313764816931,3.6447676969412296e-05,3.6845301229084004,4.451337889438672,0.010763144807680609,0.40811809211818323,0.0020612596536045075,0.20405904605909156,0.001030629826802355,0.0,0.0,120600,gaussian_nll,1055.7465900426614
dlinear_gaussian,gaussian,id,roll,50,5.0,3,False,434304,9,0.1,0.9707155970625797,0.0005753680372523761,0.9632256437886826,0.9780533911730033,4.698629215773553,0.0032141304764026894,0.38749001700431385,0.0002650652809066969,3.685983647312865,5.216975992480495,0.01846115414022629,0.48161143519447885,0.0017737402151725566,0.24080571759723943,0.0008868701075862109,0.0,0.0,120600,gaussian_nll,1055.7465900426614
dlinear_gaussian,gaussian,id,roll,100,10.0,3,False,434304,9,0.1,0.9624441251596424,0.00025447261613277436,0.9548493681844975,0.9712161297155909,9.048574718505366,0.003837064577597513,0.7453972808048892,0.00031608707353262346,3.6900743810329235,10.324173455207722,0.018165035519428822,0.9869908314769513,0.0013646666264752537,0.4934954157384756,0.0006823333132378099,0.0,0.0,120600,gaussian_nll,1055.7465900426614
dlinear_gaussian,gaussian,id,roll,150,15.0,3,False,434304,9,0.1,0.9410244130071717,2.063735641353322e-05,0.9302208821470674,0.9530658248600059,10.889709602717295,0.0002154365695457992,0.8961778346115575,1.7729534159847734e-05,3.6937274583324062,13.878953150238798,0.00114728825554021,1.3435385139160905,0.00018924812600258232,0.6717692569580452,9.462406300133856e-05,0.0,0.0,120600,gaussian_nll,1055.7465900426614
dlinear_gaussian,gaussian,id,roll_rate,10,1.0,3,False,434304,9,0.1,0.9937148479713135,0.004351476937565674,0.9859909763667846,0.9985633335175361,0.18720279417852814,0.0011171534386301063,0.028892720899146445,0.00017242051672091885,1.9695482829582032,0.1898032661934342,0.00305667422908608,0.016440705831964525,0.0007737765207262069,0.00822035291598226,0.00038688826036310136,0.0,0.0,120600,gaussian_nll,1055.7465900426614
dlinear_gaussian,gaussian,id,roll_rate,20,2.0,3,False,434304,9,0.1,0.9865670129678751,0.0006490575167177016,0.982316534040672,0.9908274503573533,1.0213584359439103,0.005588466743952079,0.15760784193382696,0.0008623673651055275,1.9698951249631573,1.057040445326482,0.0064905455552226885,0.09540313545973085,0.0005894638183721499,0.0477015677298654,0.0002947319091860857,0.0,0.0,120600,gaussian_nll,1055.7465900426614
dlinear_gaussian,gaussian,id,roll_rate,30,3.0,3,False,434304,9,0.1,0.9743152262010021,0.0008152956171479806,0.9675871048850575,0.9811599708959623,2.1375844592689264,0.00023747369240221993,0.32979495327036595,3.663837700031566e-05,1.9702531268505945,2.31923217846374,0.006973973779908017,0.21859157558344577,0.0013305744854125606,0.1092957877917229,0.0006652872427063503,0.0,0.0,120600,gaussian_nll,1055.7465900426614
dlinear_gaussian,gaussian,id,roll_rate,50,5.0,3,False,434304,9,0.1,0.9738347639748502,0.0005357010650885802,0.9672892720306513,0.9802540386457412,2.5137767173495242,0.0017195160483047072,0.3876659342758799,0.0002651778062735845,1.9711142946671736,2.726772602330381,0.008004639854954733,0.25897030206549365,0.0007736795083492611,0.1294851510327468,0.00038683975417464384,0.0,0.0,120600,gaussian_nll,1055.7465900426614
dlinear_gaussian,gaussian,id,roll_rate,100,10.0,3,False,434304,9,0.1,0.9614026119952843,0.00013360654358609178,0.9540951729664015,0.9695381576038903,4.841007258374129,0.002052209053487778,0.7459531168510574,0.0003162258716367831,1.972726817260997,5.495532264680328,0.006632660215933393,0.5424391445580999,0.0004832810236131967,0.27121957227905,0.00024164051180651592,0.0,0.0,120600,gaussian_nll,1055.7465900426614
dlinear_gaussian,gaussian,id,roll_rate,150,15.0,3,False,434304,9,0.1,0.9387372286079182,2.8418663089379264e-05,0.9282567049808429,0.9504879070881227,5.826018707743647,0.00011567067781217113,0.8970967651389894,1.7811098125857482e-05,1.9741281062750022,7.399174742355936,0.001361559328072387,0.7357945545882364,0.00014871329886843287,0.36789727729411825,7.435664943411067e-05,0.0,0.0,120600,gaussian_nll,1055.7465900426614
dlinear_quantile,quantile,id,heave,10,1.0,3,False,434304,9,0.1,0.9335143125552609,0.005486830838096625,0.9159615729995579,0.950878647214854,0.04714534507085102,0.0028972324057512156,0.018876804289607446,0.00116004006382145,0.7591945699315659,0.06578218272105224,0.0013685767895367496,0.005060171217198797,5.4142118168240076e-05,0.0025300856085993984,2.7071059084120424e-05,0.5492934288731702,0.0975637322607438,542700,pinball,1198.9041593746708
dlinear_quantile,quantile,id,heave,20,2.0,3,False,434304,9,0.1,0.9149290205324688,0.00403548103224495,0.8974188586796346,0.9335605359379605,0.2975909208561715,0.008638603470805873,0.11914779098750157,0.0034586758151164843,0.7592353662201028,0.4726939259480066,0.0034455067050936433,0.036753083615365306,0.00011149481775353829,0.018376541807682643,5.574740887676639e-05,0.2939193130464682,0.044236420335950065,542700,pinball,1198.9041593746708
dlinear_quantile,quantile,id,heave,30,3.0,3,False,434304,9,0.1,0.9015889023970921,0.0007671150212331222,0.8847466866526672,0.9183514312555261,0.7101421010177847,0.004373750251342481,0.2843217522571945,0.0017511316870451202,0.7592379733777742,1.2605205011180243,0.003676351672043982,0.10501720912789113,6.20693600590233e-05,0.05250860456394557,3.103468002950899e-05,0.09245213798015522,0.044462688139902166,542700,pinball,1198.9041593746708
dlinear_quantile,quantile,id,heave,50,5.0,3,False,434304,9,0.1,0.9008543938500835,0.0006529800389911344,0.8846429574675804,0.9175987902483054,0.8686064992429307,0.002660300698619981,0.3477337503072912,0.0010650119929824773,0.7593097520603712,1.528704445020022,0.0007649473268582081,0.1418293222349295,8.910943685075828e-05,0.07091466111746476,4.455471842537385e-05,0.07616784556439729,0.06575700980249082,542700,pinball,1198.9041593746708
dlinear_quantile,quantile,id,heave,100,10.0,3,False,434304,9,0.1,0.9013578814225366,0.00034308796190174993,0.8872694587201592,0.9156079036803714,1.828657204485918,0.0017241882020208044,0.7322467866355472,0.0006904144021020223,0.7591324816869609,2.8126731167761005,0.001970720866727039,0.28358936765430015,0.0001250659851375788,0.14179468382715005,6.253299256877972e-05,0.003938101729050005,0.0007029873654034184,542700,pinball,1198.9041593746708
dlinear_quantile,quantile,id,heave,150,15.0,3,False,434304,9,0.1,0.8861227772865704,0.0001357584519458473,0.8708131861553198,0.901714006778662,2.270090697080292,0.0015381338544217392,0.9095266795709263,0.0006162633850476868,0.758700750262978,3.7140764934206882,0.0005559980572712233,0.3789011671471994,5.901136672905676e-05,0.1894505835735997,2.9505683364450404e-05,0.0003000970134590824,7.401613279325842e-06,542700,pinball,1198.9041593746708
dlinear_quantile,quantile,id,heave_rate,10,1.0,3,False,434304,9,0.1,0.9343462950682779,0.006616949463798836,0.9187169586280578,0.9505795479664014,0.028002969536862644,0.001723371141796401,0.018934722019455254,0.001165289040625152,0.4495602477358838,0.035549124763814215,0.0009194591439606582,0.0031997417487619763,5.7618596187857915e-05,0.0015998708743809886,2.8809298093929798e-05,0.6023499668435014,0.11092504690726175,542700,pinball,1198.9041593746708
dlinear_quantile,quantile,id,heave_rate,20,2.0,3,False,434304,9,0.1,0.9166935295706847,0.005424050451158589,0.900654437905246,0.9339902464633069,0.17663007260365712,0.005109624293522463,0.11941955040685837,0.003454615779101363,0.44960586015695647,0.24553126769543995,0.0015923772707594445,0.021796753666655833,5.2713801941266426e-05,0.010898376833327915,2.6356900970624885e-05,0.33443394488653105,0.04565196779911179,542700,pinball,1198.9041593746708
dlinear_quantile,quantile,id,heave_rate,30,3.0,3,False,434304,9,0.1,0.9076100304548581,0.001285656522164324,0.8936929547045388,0.9218119105511348,0.4213501827942366,0.002595517603416813,0.28484708695233335,0.0017546583783679725,0.4496495382799816,0.6204099531212613,0.0009620349191427212,0.05732791055756551,6.138315152112303e-05,0.028663955278782755,3.0691575760564925e-05,0.12112253168287652,0.04920767875237696,542700,pinball,1198.9041593746708
dlinear_quantile,quantile,id,heave_rate,50,5.0,3,False,434304,9,0.1,0.9042844029374203,0.0008457743886821454,0.8912508864758326,0.918393164695697,0.5140552577170064,0.001586724328248471,0.3475629245974419,0.0010728156939882334,0.44959255402628673,0.7626576705620426,0.0007151520361641566,0.07567345743826041,9.034934078218323e-05,0.03783672871913019,4.517467039108678e-05,0.0696869780921505,0.06915448950015422,542700,pinball,1198.9041593746708
dlinear_quantile,quantile,id,heave_rate,100,10.0,3,False,434304,9,0.1,0.8933611786521269,0.0003085768682278316,0.8803522993110816,0.9064129618884468,1.084552777828992,0.0010207877797074802,0.7336245446368276,0.0006904919570238069,0.4493860488108614,1.6145157957750156,0.0017948127462467632,0.1715162952989204,8.171524267662723e-05,0.0857581476494602,4.085762133828251e-05,0.0013247249238628547,0.0014279359921188864,542700,pinball,1198.9041593746708
dlinear_quantile,quantile,id,heave_rate,150,15.0,3,False,434304,9,0.1,0.8828078949307397,0.00018461963311778323,0.8691321631852343,0.8965208701738875,1.3468054087233032,0.0009129006622808708,0.9115203970234841,0.0006178528603579573,0.44913945544323325,2.1082358563787817,0.00027208951595797794,0.22634643507335572,2.5715384440077385e-05,0.11317321753667786,1.2857692219982012e-05,0.0,0.0,542700,pinball,1198.9041593746708
dlinear_quantile,quantile,id,pitch,10,1.0,3,False,434304,9,0.1,0.8644989070635622,0.010663242550918925,0.8354639261899499,0.8931446636457412,0.07951517946970943,0.004598949614369871,0.019471986026003727,0.0011262086462298538,1.2413165389175655,0.17431593412114474,0.0005748009604371091,0.016547298785506055,0.00020228458738125066,0.008273649392753029,0.00010114229369062561,0.5775923469888987,0.07927684192120618,542700,pinball,1198.9041593746708
dlinear_quantile,quantile,id,pitch,20,2.0,3,False,434304,9,0.1,0.8507765681795855,0.006477433166129494,0.8269563485484821,0.8760728084475391,0.4949051480719162,0.01375482255679371,0.12118819531037206,0.0033681648472769546,1.2413790185919036,1.0679840776088676,0.0058147603572515335,0.09874614936932812,8.958686545699999e-05,0.04937307468466406,4.479343272849018e-05,0.3808185050103154,0.04045666131053228,542700,pinball,1198.9041593746708
dlinear_quantile,quantile,id,pitch,30,3.0,3,False,434304,9,0.1,0.8602814311327243,0.0019757442198676486,0.841127010112732,0.8789429754273504,1.1724459178861315,0.007075951251830135,0.28709395284061395,0.0017326708072454443,1.2413993725281671,2.2475903543245375,0.007952677742507486,0.21334248733457914,0.00020423992527973274,0.10667124366728954,0.00010211996263985185,0.18995143186953534,0.044024166743358156,542700,pinball,1198.9041593746708
dlinear_quantile,quantile,id,pitch,50,5.0,3,False,434304,9,0.1,0.8602783610865506,0.0007565651362108176,0.8424322018678161,0.8774658418987622,1.4267138746087211,0.004410674301009223,0.3493228665344488,0.0010799287913288835,1.2415168463730468,2.686302484684005,0.0025966635074646544,0.255755677380515,0.00013101295288264306,0.12787783869025754,6.55064764412093e-05,0.08955324688083309,0.054254444730029196,542700,pinball,1198.9041593746708
dlinear_quantile,quantile,id,pitch,100,10.0,3,False,434304,9,0.1,0.8575529275960311,0.00021942240918288074,0.8410176972811672,0.8741258427276746,3.010102691957608,0.002832933499369709,0.7372045518836033,0.0006938140271755015,1.2411836658196425,5.504671029029313,0.0013428924434645407,0.5531622903844443,8.658455443823117e-06,0.27658114519222204,4.329227721911558e-06,0.0034092862756655855,0.004168867447337197,542700,pinball,1198.9041593746708
dlinear_quantile,quantile,id,pitch,150,15.0,3,False,434304,9,0.1,0.8757483237547893,0.00010621649899303943,0.8610073819260241,0.8905174716327734,3.7379680709749272,0.002532299747807246,0.9159679834254764,0.0006205257641012046,1.2405036351372414,6.217996084962718,0.0004502316553588656,0.6275925376107212,4.0293482906810895e-05,0.31379626880536055,2.0146741453238233e-05,0.0,0.0,542700,pinball,1198.9041593746708
dlinear_quantile,quantile,id,pitch_rate,10,1.0,3,False,434304,9,0.1,0.806487314569211,0.009911605083318053,0.7715045221780136,0.8411681103558798,0.0654603434580966,0.0032082828831051595,0.021544129181967315,0.0010559012867104485,0.9236173504276821,0.30936403696850534,0.000655735825485952,0.02533108132189518,0.00016882092136690253,0.01266554066094759,8.441046068344414e-05,0.5965782800373317,0.06659090379685954,542700,pinball,1198.9041593746708
dlinear_quantile,quantile,id,pitch_rate,20,2.0,3,False,434304,9,0.1,0.7931095883682091,0.005929163183722423,0.7634488169577069,0.8240617171382257,0.3875086848750859,0.009803820115290645,0.1275192567685491,0.0032261879627224657,0.9237371608217294,1.6441156181632124,0.008656751567676773,0.13522386124724198,1.3554422544591614e-05,0.06761193062362097,6.77721127231407e-06,0.42611550127713915,0.0364020890207026,542700,pinball,1198.9041593746708
dlinear_quantile,quantile,id,pitch_rate,30,3.0,3,False,434304,9,0.1,0.8094330238726791,0.001986030553523901,0.7844255406351311,0.8333060482979664,0.8914415298410582,0.005056375410835496,0.29330930640066766,0.0016636895578759528,0.9238676654473805,2.7749948353447267,0.008319874543835454,0.2463878913245773,0.0001376319432368121,0.1231939456622887,6.881597161848221e-05,0.2538836084094705,0.034962680455839064,542700,pinball,1198.9041593746708
dlinear_quantile,quantile,id,pitch_rate,50,5.0,3,False,434304,9,0.1,0.8124685320267216,0.0008349231021261297,0.7889345942012969,0.8348306716033009,1.0659142531705303,0.0032849872352932893,0.35074244152792416,0.0010809353940691713,0.923797316378609,3.032392390942636,0.0047204950493936375,0.26479793062669654,0.00010107134678686825,0.13239896531334827,5.053567339347574e-05,0.12305359072600452,0.04171187571904021,542700,pinball,1198.9041593746708
dlinear_quantile,quantile,id,pitch_rate,100,10.0,3,False,434304,9,0.1,0.8315266111602319,0.00023634745033200344,0.8111591189581491,0.850661690889331,2.2444659243047664,0.0021072741719647876,0.7386260056604842,0.0006934778949482177,0.9237004804982916,4.964492750283937,0.002541689879287026,0.4872638467257408,6.0970469968853e-05,0.24363192336287035,3.048523498450763e-05,0.013377726201002063,0.007009246717088165,542700,pinball,1198.9041593746708
dlinear_quantile,quantile,id,pitch_rate,150,15.0,3,False,434304,9,0.1,0.8733045670006877,0.00014951116984922717,0.8576859757220748,0.8887248908598585,2.786841461088587,0.0018888052873118825,0.917406606061648,0.0006217800590160173,0.9234069683655249,4.741132918175244,0.00037118426431724375,0.4797418468866687,2.119886884643273e-05,0.23987092344333436,1.0599434423195206e-05,3.837557716868061e-06,4.793108052115874e-06,542700,pinball,1198.9041593746708
dlinear_quantile,quantile,id,roll,10,1.0,3,False,434304,9,0.1,0.9726650763827488,0.003465578775027422,0.9619367424661067,0.9810226247052756,0.2271936179897972,0.013986260016219373,0.01875248172131083,0.0011544210071756174,3.682816873957597,0.24759264260206323,0.009941924550588042,0.013778951931505452,0.0006027417572396478,0.006889475965752724,0.0003013708786198248,0.3779633620689655,0.04880920794762733,542700,pinball,1198.9041593746708
dlinear_quantile,quantile,id,roll,20,2.0,3,False,434304,9,0.1,0.9667583075449455,0.002680887058841833,0.9571054491784556,0.9769220407824933,1.4342212417394016,0.041475258303939916,0.11835199725481473,0.003422540061516213,3.683691963859013,1.6187614497859102,0.028810046752262362,0.09205444000644686,0.00024224326371384623,0.04602722000322342,0.00012112163185689766,0.1972957498280774,0.04497199238579316,542700,pinball,1198.9041593746708
dlinear_quantile,quantile,id,roll,30,3.0,3,False,434304,9,0.1,0.9608975893997446,0.00011411686219557636,0.9523969385499558,0.9697954658488064,3.4218405392670364,0.021097264541805022,0.2823061915854183,0.001740551126600063,3.6845301229084004,4.011521332187939,0.023088926689052682,0.2591381579860892,0.0007950345795025944,0.1295690789930446,0.00039751728975130456,0.056575578396699085,0.039663636440349426,542700,pinball,1198.9041593746708
dlinear_quantile,quantile,id,roll,50,5.0,3,False,434304,9,0.1,0.9624364500442087,0.00025506222786955235,0.9541803091843502,0.9710644502468317,4.173396812062102,0.012915125265230231,0.34417476404455033,0.0010650940686778587,3.685983647312865,4.828367407320893,0.011066958025855604,0.34179361516873996,0.0007023202025747403,0.17089680758436995,0.00035116010128734206,0.05128819137439827,0.06473687808232578,542700,pinball,1198.9041593746708
dlinear_quantile,quantile,id,roll,100,10.0,3,False,434304,9,0.1,0.9596212177031141,0.00023210340935098117,0.9515979590333039,0.9687850560897436,8.808554880329238,0.00828529814052327,0.7256250912301239,0.000682520606474496,3.6900743810329235,10.181429243746237,0.014540843546089987,0.7803677800807934,0.0004322810529194808,0.3901838900403965,0.00021614052645952005,0.00040908365261813534,0.000427654098541406,542700,pinball,1198.9041593746708
dlinear_quantile,quantile,id,roll,150,15.0,3,False,434304,9,0.1,0.9422332436879851,9.813048545021301e-05,0.9316048781498674,0.9541252210433245,10.93871965952281,0.0074122103294190205,0.9002111585645854,0.0006099940994796265,3.6937274583324062,13.820910991389631,0.004361939511454327,1.1549820449421926,0.00029990947790415647,0.577491022471096,0.0001499547389523002,0.0,0.0,542700,pinball,1198.9041593746708
dlinear_quantile,quantile,id,roll_rate,10,1.0,3,False,434304,9,0.1,0.9739422155909225,0.0029898738000715694,0.9643751266394047,0.9817480958038609,0.12154986518909439,0.007485374871657966,0.018759903374562934,0.0011552864258321197,1.9695482829582032,0.13051390702342813,0.005734529444141277,0.008147343478324421,0.0002721232372120219,0.004073671739162211,0.0001360616186060118,0.41060946556636213,0.06255249792065518,542700,pinball,1198.9041593746708
dlinear_quantile,quantile,id,roll_rate,20,2.0,3,False,434304,9,0.1,0.9687262071421555,0.0029341097996466187,0.9601770303750369,0.9786028334991159,0.7672861806706909,0.022207297617740207,0.11840144931039387,0.003426852052658285,1.9698951249631573,0.8467849701243148,0.015421868158531239,0.05290942804595052,0.00014396313210054916,0.02645471402297526,7.198156605027843e-05,0.21568916396502605,0.04474058898870989,542700,pinball,1198.9041593746708
dlinear_quantile,quantile,id,roll_rate,30,3.0,3,False,434304,9,0.1,0.9635347590627763,0.00020095469094145866,0.9561881193818155,0.971834935897436,1.830673174642648,0.011290782372483666,0.2824434709312359,0.0017419863943961681,1.9702531268505945,2.079259485288594,0.011986522744864812,0.1417905944490252,0.00036511587432226417,0.0708952972245126,0.00018255793716118188,0.06111387415266726,0.04133430466075953,542700,pinball,1198.9041593746708
dlinear_quantile,quantile,id,roll_rate,50,5.0,3,False,434304,9,0.1,0.9642723376559582,0.00027107721066398744,0.956750628591954,0.9722732233642793,2.232449428446292,0.006912285903072239,0.34428061467400056,0.0010659887785983866,1.9711142946671736,2.5175254376336342,0.005004888017853219,0.184796476904306,0.0002798251004562991,0.09239823845215304,0.00013991255022811303,0.05121220773160429,0.06825955667423592,542700,pinball,1198.9041593746708
dlinear_quantile,quantile,id,roll_rate,100,10.0,3,False,434304,9,0.1,0.9576594581982513,0.0001087891773819495,0.9498544222480106,0.9663610051945182,4.7125856439969445,0.004432756857264712,0.7261645690545233,0.0006830456178721238,1.972726817260997,5.433114839364322,0.0062023830786199965,0.4391866240846949,0.00016865295180866363,0.21959331204234744,8.43264759043975e-05,0.00032849494056390603,0.0003812369753180356,542700,pinball,1198.9041593746708
dlinear_quantile,quantile,id,roll_rate,150,15.0,3,False,434304,9,0.1,0.9398693081343943,0.00011059359304562261,0.9293833351753611,0.9515179459549072,5.852239654834129,0.003965651428223548,0.9011342953965711,0.0006106353663437148,1.9741281062750022,7.380484142549552,0.0019516758876129917,0.6429955552367045,0.0001773730930466541,0.3214977776183523,8.868654652337594e-05,0.0,0.0,542700,pinball,1198.9041593746708
lstm_gaussian,gaussian,id,heave,10,1.0,3,False,434304,9,0.1,0.9934554290696532,0.0007808591680627318,0.9914180504899793,0.9949093261862658,0.030143317121969323,0.010224501982075434,0.012069261495400418,0.004093848980939433,0.7591945699315659,0.03153599488888914,0.01106416665125418,0.0034144885962596543,0.0012864864327474105,0.0017072442981298274,0.000643243216373705,0.0,0.0,433928,gaussian_nll,2917.8597306173374
lstm_gaussian,gaussian,id,heave,20,2.0,3,False,434304,9,0.1,0.9909272460457806,0.00032235758931796417,0.9893807102858827,0.9923280697391689,0.034238487999950364,0.011693076381267173,0.013708214619618042,0.0046816086212168465,0.7592353662201028,0.03600824208569071,0.012461978538537656,0.003950690213824366,0.001471711649010867,0.0019753451069121834,0.000735855824505434,0.0,0.0,433928,gaussian_nll,2917.8597306173374
lstm_gaussian,gaussian,id,heave,30,3.0,3,False,434304,9,0.1,0.9769470232832301,0.0009248310274913605,0.9737434492889774,0.9795954561781609,0.048959126309824325,0.013705509347977585,0.019601914266792572,0.005487316450903894,0.7592379733777742,0.05339563182615115,0.015033167563928172,0.006398508660510008,0.0018850307582949893,0.0031992543302550042,0.0009425153791474963,0.0,0.0,433928,gaussian_nll,2917.8597306173374
lstm_gaussian,gaussian,id,heave,50,5.0,3,False,434304,9,0.1,0.939813279791728,0.004274003788462042,0.932182296271736,0.9464870804781904,0.15114317875462988,0.022868499076591876,0.06050793360114326,0.009155064985966754,0.7593097520603712,0.18215801960333652,0.02854957420812837,0.023770481317239855,0.0038601899143025534,0.011885240658619928,0.0019300949571512808,0.0,0.0,433928,gaussian_nll,2917.8597306173374
lstm_gaussian,gaussian,id,heave,100,10.0,3,False,434304,9,0.1,0.920979314028883,0.0013193523430592435,0.9159932328507221,0.9260105248857943,0.5193563668682172,0.03841921071240593,0.20796518331869393,0.015384153749659166,0.7591324816869609,0.6518179547900682,0.05408295188812898,0.0859364849067697,0.007057662492619092,0.04296824245338487,0.003528831246309538,0.0,0.0,433928,gaussian_nll,2917.8597306173374
lstm_gaussian,gaussian,id,heave,150,15.0,3,False,434304,9,0.1,0.9098173936536006,0.0012229956272609708,0.9054182669282346,0.9139061578986147,1.0591005866672158,0.040083862129324396,0.42433557441647113,0.016059861429216598,0.758700750262978,1.3445515353380488,0.05965488337802924,0.17851599978851188,0.007447425646713479,0.08925799989425594,0.0037237128233567098,0.0,0.0,433928,gaussian_nll,2917.8597306173374
lstm_gaussian,gaussian,id,heave_rate,10,1.0,3,False,434304,9,0.1,0.9894766492288044,0.0006214469447517019,0.987586690428824,0.9913793679081934,0.02148050845250793,0.006467626640399447,0.01452444019729362,0.004373204506057078,0.4495602477358838,0.02280964488778517,0.0068674975494526554,0.002549963505603507,0.0008240900518659174,0.0012749817528017536,0.00041204502593295824,0.0,0.0,433928,gaussian_nll,2917.8597306173374
lstm_gaussian,gaussian,id,heave_rate,20,2.0,3,False,434304,9,0.1,0.982423218145201,0.0018085472701331263,0.9785702526340996,0.9855817583996462,0.02610588273263502,0.007486679289845175,0.017650181155170357,0.0050617421011870025,0.44960586015695647,0.02836178892067022,0.008438067149375417,0.0033459318512773354,0.0010624520181096262,0.0016729659256386673,0.0005312260090548129,0.0,0.0,433928,gaussian_nll,2917.8597306173374
lstm_gaussian,gaussian,id,heave_rate,30,3.0,3,False,434304,9,0.1,0.963827948472345,0.00037496925499750993,0.9601222876142057,0.9667998107316534,0.043463090289314936,0.009003570749893629,0.029382530646494237,0.006086720749160938,0.4496495382799816,0.04959345202309431,0.010757746821460218,0.006290202502253509,0.001381740397737869,0.0031451012511267543,0.0006908701988689348,0.0,0.0,433928,gaussian_nll,2917.8597306173374
lstm_gaussian,gaussian,id,heave_rate,50,5.0,3,False,434304,9,0.1,0.9350362879457706,0.0030441937392365636,0.9278785712312113,0.9404915105548187,0.0940157680583296,0.010406820305576842,0.06356591983855663,0.00703625699157336,0.44959255402628673,0.11572773892851802,0.013863021677223005,0.015224546058611054,0.001852341827648141,0.007612273029305529,0.0009261709138240747,0.0,0.0,433928,gaussian_nll,2917.8597306173374
lstm_gaussian,gaussian,id,heave_rate,100,10.0,3,False,434304,9,0.1,0.9177196925041753,0.0019299173525140064,0.9120097903772473,0.9218873761236369,0.37938084173217773,0.0224512448473045,0.25662476086856706,0.015186706091522985,0.4493860488108614,0.478356434554418,0.0309449860733648,0.0635406736738542,0.004008711927326325,0.0317703368369271,0.002004355963663155,0.0,0.0,433928,gaussian_nll,2917.8597306173374
lstm_gaussian,gaussian,id,heave_rate,150,15.0,3,False,434304,9,0.1,0.9088948447784655,0.00034947237203352213,0.9052893249889479,0.9123251800582081,0.7241456603343875,0.026565258350893052,0.4901031251697652,0.017979416092478957,0.44913945544323325,0.9172071715689838,0.03506070291448912,0.12228370378549769,0.004711986735820018,0.061141851892748844,0.002355993367910009,0.0,0.0,433928,gaussian_nll,2917.8597306173374
lstm_gaussian,gaussian,id,pitch,10,1.0,3,False,434304,9,0.1,0.9896132662835249,0.0013204609515676446,0.9869971840001474,0.9921693675397878,0.05948992932396263,0.017702086439303284,0.014568124982041025,0.004334955691177579,1.2413165389175655,0.06340734265187566,0.018883009655152928,0.007021669397799167,0.0021302187370970385,0.0035108346988995845,0.001065109368548521,0.0,0.0,433928,gaussian_nll,2917.8597306173374
lstm_gaussian,gaussian,id,pitch,20,2.0,3,False,434304,9,0.1,0.9780606825326652,0.0015766467522510689,0.9734792910035367,0.9811820752284114,0.09073387620028948,0.021554208202409105,0.022218145745838868,0.00527801257184418,1.2413790185919036,0.1009058605117491,0.02402750736724844,0.012265566719920823,0.0030362983749845566,0.0061327833599604115,0.0015181491874922772,0.0,0.0,433928,gaussian_nll,2917.8597306173374
lstm_gaussian,gaussian,id,pitch,30,3.0,3,False,434304,9,0.1,0.9557583321053148,0.006386438463654447,0.9443981059350132,0.9624986184792219,0.147202707208066,0.023123770766469286,0.0360451654413177,0.005662260964578373,1.2413993725281671,0.17452382144245848,0.029157004968493577,0.02251406474696703,0.0038781567945565857,0.011257032373483517,0.0019390783972782915,0.0,0.0,433928,gaussian_nll,2917.8597306173374
lstm_gaussian,gaussian,id,pitch,50,5.0,3,False,434304,9,0.1,0.937506140092347,0.007884769656978707,0.9254298256520778,0.9482518005820807,0.34199585403419713,0.03573698939956696,0.08373576103820164,0.00875000082395052,1.2415168463730468,0.41509889351762164,0.045991035071250845,0.054714932185432684,0.00634820782094638,0.027357466092716342,0.0031741039104731905,0.0,0.0,433928,gaussian_nll,2917.8597306173374
lstm_gaussian,gaussian,id,pitch,100,10.0,3,False,434304,9,0.1,0.9171785968660968,0.0032466312552446685,0.9099982385610079,0.92200877726201,1.2750706095837792,0.04552469244535858,0.31227767074845064,0.011149456988124634,1.2411836658196425,1.6033666459592375,0.08702392023127857,0.21407924174263504,0.011138990427999752,0.10703962087131753,0.00556949521399988,0.0,0.0,433928,gaussian_nll,2917.8597306173374
lstm_gaussian,gaussian,id,pitch,150,15.0,3,False,434304,9,0.1,0.9075524670891051,0.0013903807906815828,0.9034915059497495,0.9118402662651046,2.2352006243804237,0.05754406167117778,0.547723300357435,0.01410084760657486,1.2405036351372414,2.8114083908729453,0.08821453952532494,0.3772801535634292,0.01166705155296961,0.1886400767817146,0.0058335257764848564,0.0,0.0,433928,gaussian_nll,2917.8597306173374
lstm_gaussian,gaussian,id,pitch_rate,10,1.0,3,False,434304,9,0.1,0.9823810050103153,0.0027339115624239237,0.9772343796050692,0.9862842041519305,0.06576643002535378,0.017813973213714033,0.021644867555729048,0.0058628861366429525,0.9236173504276821,0.07132548805766946,0.01970431189827312,0.008365033221557155,0.0025133900134551085,0.004182516610778577,0.0012566950067275538,0.0,0.0,433928,gaussian_nll,2917.8597306173374
lstm_gaussian,gaussian,id,pitch_rate,20,2.0,3,False,434304,9,0.1,0.9647435897435898,0.0057535687237427816,0.955249894083407,0.9722594081564987,0.09775445358008451,0.01641063990588186,0.03216850551457011,0.005400324394197575,0.9237371608217294,0.11270795444230884,0.020173437532059916,0.014409978898103337,0.0027070142870514913,0.007204989449051668,0.0013535071435257454,0.0,0.0,433928,gaussian_nll,2917.8597306173374
lstm_gaussian,gaussian,id,pitch_rate,30,3.0,3,False,434304,9,0.1,0.9430306881815502,0.024568911013676215,0.9058233403330387,0.9622437278956675,0.13597921555252307,0.019860937645467973,0.04474098195282492,0.00653480643458217,0.9238676654473805,0.1588895637549015,0.02534000501735687,0.020701795761365212,0.00349872363809678,0.010350897880682606,0.0017493618190483925,0.0,0.0,433928,gaussian_nll,2917.8597306173374
lstm_gaussian,gaussian,id,pitch_rate,50,5.0,3,False,434304,9,0.1,0.9382882343550447,0.006063328902739012,0.9275657719017094,0.9463004600464191,0.37279588173131534,0.03290059696611269,0.12266965880329393,0.01082604503438833,0.923797316378609,0.45998298234674345,0.04822485651953513,0.060677927005771924,0.006388958699696324,0.03033896350288597,0.003194479349848171,0.0,0.0,433928,gaussian_nll,2917.8597306173374
lstm_gaussian,gaussian,id,pitch_rate,100,10.0,3,False,434304,9,0.1,0.9151953470380194,0.002183097912739833,0.9097611350574714,0.9197810750073682,1.2077571635239828,0.05332228865886124,0.39745796086339863,0.017547706409029043,0.9237004804982916,1.5058404269608987,0.07745060647599823,0.20187543159046403,0.010199143970849924,0.10093771579523202,0.005099571985424954,0.0,0.0,433928,gaussian_nll,2917.8597306173374
lstm_gaussian,gaussian,id,pitch_rate,150,15.0,3,False,434304,9,0.1,0.9065807974751939,0.0009205945034005813,0.9030033110447981,0.9103189240716181,1.8484202028200254,0.0413795108361654,0.6084856022568692,0.013621814203190936,0.9234069683655249,2.3183254925973107,0.05487975089007726,0.3115835613044962,0.007283275533117669,0.1557917806522481,0.0036416377665587523,0.0,0.0,433928,gaussian_nll,2917.8597306173374
lstm_gaussian,gaussian,id,roll,10,1.0,3,False,434304,9,0.1,0.9917914640436192,0.0028337579099485502,0.9868868350279989,0.9947342759910108,0.13390510249019033,0.04545172828886873,0.011052480298765757,0.0037515697468987613,3.682816873957597,0.1434331642911484,0.04908024560858762,0.01571420098371677,0.006054918663486677,0.007857100491858384,0.0030274593317433395,0.0,0.0,433928,gaussian_nll,2917.8597306173374
lstm_gaussian,gaussian,id,roll,20,2.0,3,False,434304,9,0.1,0.9906156363591708,0.0014989223380827464,0.9877365854332449,0.9933525825228412,0.13664145884308493,0.05055256866429979,0.011275658936886035,0.004171600094644363,3.683691963859013,0.14593936680165429,0.0529446218998405,0.016036622381004367,0.006296734743784577,0.008018311190502185,0.0031483673718922895,0.0,0.0,433928,gaussian_nll,2917.8597306173374
lstm_gaussian,gaussian,id,roll,30,3.0,3,False,434304,9,0.1,0.9821614967089105,0.003398234043569092,0.9775589218611848,0.9879924545940171,0.15509023848461811,0.05472891280076718,0.01279514170115162,0.004515204833508843,3.6845301229084004,0.1682256877061115,0.05626494222024263,0.01944928101310487,0.006792734229691668,0.009724640506552433,0.003396367114845833,0.0,0.0,433928,gaussian_nll,2917.8597306173374
lstm_gaussian,gaussian,id,roll,50,5.0,3,False,434304,9,0.1,0.9531587705079084,0.007329428268356446,0.9427375755231359,0.964352676926761,0.21762144711527465,0.049028942526616326,0.017946965885308367,0.00404335496607479,3.685983647312865,0.2577181623850528,0.05342896282512167,0.03268826053174534,0.006591633530206439,0.016344130265872673,0.0032958167651032286,0.0,0.0,433928,gaussian_nll,2917.8597306173374
lstm_gaussian,gaussian,id,roll,100,10.0,3,False,434304,9,0.1,0.9241721620493172,0.0012989853412763762,0.9195998079686118,0.9293676203765104,0.8294067430763709,0.06917466366795541,0.0683242997050132,0.0056984229895604855,3.6900743810329235,1.0311439627803498,0.0770589670660605,0.1362796245901978,0.010756110235766827,0.0681398122950989,0.005378055117883417,0.0,0.0,433928,gaussian_nll,2917.8597306173374
lstm_gaussian,gaussian,id,roll,150,15.0,3,False,434304,9,0.1,0.9135060541310542,0.004406910729759832,0.9071914488468906,0.9222069103669319,1.89619030511275,0.08380786368882011,0.15604858014058917,0.006897038814086098,3.6937274583324062,2.385706057958791,0.10294190308810232,0.3189423969842005,0.01436565964479403,0.15947119849210026,0.007182829822396935,0.0,0.0,433928,gaussian_nll,2917.8597306173374
lstm_gaussian,gaussian,id,roll_rate,10,1.0,3,False,434304,9,0.1,0.9925520679831025,0.0011975157731507807,0.9900138497458002,0.9945085124705275,0.07867257540185153,0.028774079345448365,0.012142258738590277,0.004440967066255948,1.9695482829582032,0.08239382199748126,0.02959770635990935,0.009029146325819828,0.003447378291226774,0.004514573162909915,0.001723689145613388,0.0,0.0,433928,gaussian_nll,2917.8597306173374
lstm_gaussian,gaussian,id,roll_rate,20,2.0,3,False,434304,9,0.1,0.9651956540426369,0.026719961143328395,0.9239671980916593,0.98630250930224,0.08823612504912316,0.03123933292800169,0.013615891111471963,0.004820603299452333,1.9698951249631573,0.09550551694248315,0.0335388101652479,0.011344343673418834,0.004611384159627514,0.005672171836709418,0.002305692079813758,0.0,0.0,433928,gaussian_nll,2917.8597306173374
lstm_gaussian,gaussian,id,roll_rate,30,3.0,3,False,434304,9,0.1,0.9669371377345515,0.0012822954344404135,0.9627126390730917,0.970841564894636,0.10381941556999151,0.03055270810191338,0.01601766852205323,0.004713792195233206,1.9702531268505945,0.11721944507122002,0.03238524241515756,0.014457505558117418,0.004105136034864622,0.007228752779058709,0.0020525680174323063,0.0,0.0,433928,gaussian_nll,2917.8597306173374
lstm_gaussian,gaussian,id,roll_rate,50,5.0,3,False,434304,9,0.1,0.9491201247666764,0.008654137082064469,0.9329902556734453,0.9584882939139404,0.16752881632557584,0.03449780373084692,0.025835713510571286,0.005320131744988705,1.9711142946671736,0.19347369705217585,0.03925339486298413,0.024583626506140585,0.00517639470265596,0.01229181325307029,0.002588197351327984,0.0,0.0,433928,gaussian_nll,2917.8597306173374
lstm_gaussian,gaussian,id,roll_rate,100,10.0,3,False,434304,9,0.1,0.9171962496315945,0.0033776864573404003,0.9099861502541998,0.9230038751657824,0.6533861540084809,0.05676808613661091,0.10068058403482853,0.008747421462345917,1.972726817260997,0.809119256546496,0.07756073576730765,0.10755581549972303,0.01049836782080336,0.05377790774986152,0.005249183910401679,0.0,0.0,433928,gaussian_nll,2917.8597306173374
lstm_gaussian,gaussian,id,roll_rate,150,15.0,3,False,434304,9,0.1,0.9075202316042833,0.0021823805762031514,0.9022175135389037,0.9124088196286473,1.2816420265262682,0.06153020281280078,0.19734864814881145,0.009474488269037368,1.9741281062750022,1.6202198939482617,0.08723953966025656,0.21651660625533256,0.012026147212519711,0.10825830312766627,0.0060130736062599,0.0,0.0,433928,gaussian_nll,2917.8597306173374
lstm_quantile,quantile,id,heave,10,1.0,3,False,434304,9,0.1,0.9922673212005108,0.0017726471263409674,0.9894197382478632,0.9947756064876215,0.05202695975729232,0.01570669807773576,0.020831382942383066,0.006288897985661078,0.7591945699315659,0.05391036540893548,0.015605100013530597,0.005601695522982207,0.0015531256560653048,0.002800847761491105,0.0007765628280326527,0.02267459352588663,0.019317459002401244,1246628,pinball,3189.14311168467
lstm_quantile,quantile,id,heave,20,2.0,3,False,434304,9,0.1,0.9855201272227134,0.008208685905022403,0.9742274420682286,0.9933180445033893,0.050274605186703236,0.011892511167601824,0.02012866566470136,0.004761457207220323,0.7592353662201028,0.052843530569964846,0.012164196881986342,0.005632556254444623,0.001362388526331876,0.0028162781272223123,0.0006811942631659375,0.05032419687592102,0.08714611973047279,1246628,pinball,3189.14311168467
lstm_quantile,quantile,id,heave,30,3.0,3,False,434304,9,0.1,0.9501524277925141,0.059269838293438126,0.8579965300803124,0.9882042302166224,0.05754068369949209,0.011028999044339972,0.02303773849215407,0.0044157138823841275,0.7592379733777742,0.06458385891209371,0.016550249501504462,0.007420569379312583,0.0021657324845477783,0.0037102846896562938,0.0010828662422738874,0.025204311572846055,0.029054991241219737,1246628,pinball,3189.14311168467
lstm_quantile,quantile,id,heave,50,5.0,3,False,434304,9,0.1,0.9302930666077218,0.030155685293549107,0.888003679450339,0.9524713104185086,0.13139648065611204,0.013788315516797782,0.052602635411493154,0.00551994795025745,0.7593097520603712,0.16174847047066576,0.02311056891685965,0.021456096570726915,0.0038922445428247188,0.010728048285363459,0.0019461222714123598,0.02522656940760389,0.04368572370070154,1246628,pinball,3189.14311168467
lstm_quantile,quantile,id,heave,100,10.0,3,False,434304,9,0.1,0.9171801318891836,0.0013530854108622342,0.911909399867374,0.9213225643788682,0.4602181055715102,0.029282642472522557,0.184284527537229,0.011725609809264471,0.7591324816869609,0.5818365203353517,0.03682693002914786,0.07716484195480568,0.0047822016203304205,0.03858242097740283,0.0023911008101652155,0.016711796345417036,0.02888187064455729,1246628,pinball,3189.14311168467
lstm_quantile,quantile,id,heave,150,15.0,3,False,434304,9,0.1,0.9083092334708714,0.0005570865046325027,0.9048426908340701,0.9129443316202476,0.962114381264522,0.035189487277898016,0.38547741712894484,0.014098898145714918,0.758700750262978,1.2311780470104863,0.04628672693364734,0.1640366964220495,0.005779602286399876,0.08201834821102473,0.0028898011431999298,0.0008289124668435013,0.000798727326084698,1246628,pinball,3189.14311168467
lstm_quantile,quantile,id,heave_rate,10,1.0,3,False,434304,9,0.1,0.9862600083505256,0.004688415299540057,0.9795041031167109,0.9922591088269967,0.032959707294869835,0.009037130359726643,0.02228631126600482,0.006110621624958383,0.4495602477358838,0.03469534054367149,0.009509074526054082,0.003804787295784776,0.00110083333779638,0.0019023936478923878,0.0005504166688981895,0.00595128450731899,0.008059482121455706,1246628,pinball,3189.14311168467
lstm_quantile,quantile,id,heave_rate,20,2.0,3,False,434304,9,0.1,0.9796778293545535,0.013208698773810694,0.9604700279067198,0.99089675664972,0.03371287041222685,0.007555314685028357,0.02279326373027517,0.00510814647567404,0.44960586015695647,0.03638833110342784,0.009065503110886311,0.004350236376684424,0.0016008450444588154,0.0021751181883422114,0.0008004225222294078,0.014310252726201003,0.018790897088908826,1246628,pinball,3189.14311168467
lstm_quantile,quantile,id,heave_rate,30,3.0,3,False,434304,9,0.1,0.9624134246979074,0.020060398583928656,0.933294017554524,0.978994091696139,0.04528450098211848,0.01026859012865818,0.03061386636479933,0.006941916972382474,0.4496495382799816,0.050664156237317876,0.012506183161468514,0.006341188258886707,0.0018576488537391425,0.003170594129443353,0.0009288244268695697,0.002774554229295609,0.0007557366240941252,1246628,pinball,3189.14311168467
lstm_quantile,quantile,id,heave_rate,50,5.0,3,False,434304,9,0.1,0.9346387169663032,0.014511576559436233,0.9130560621131742,0.9482994630489242,0.083031697676118,0.007925683581367245,0.056139372655710236,0.005358711390693351,0.44959255402628673,0.10233384780844966,0.010276407478724587,0.013422735938444555,0.0013359505674096618,0.0067113679692222756,0.0006679752837048321,0.01977646993810787,0.026103094185605333,1246628,pinball,3189.14311168467
lstm_quantile,quantile,id,heave_rate,100,10.0,3,False,434304,9,0.1,0.9203430469594261,0.007840606573829102,0.9109882133252284,0.9327072741674034,0.34342077464975246,0.02482965529871496,0.23230027581099097,0.016795535389686055,0.4493860488108614,0.43328084594149857,0.023452849884137615,0.057573752563560184,0.002823625702601406,0.02878687628178009,0.001411812851300707,0.002523577954612437,0.004349038112585481,1246628,pinball,3189.14311168467
lstm_quantile,quantile,id,heave_rate,150,15.0,3,False,434304,9,0.1,0.9068870345810001,0.0001317149098137699,0.9038136305445034,0.9105028965885646,0.6631336923279854,0.01999323411247531,0.44881011213301303,0.013531457906203791,0.44913945544323325,0.8471768227841544,0.02808991693172162,0.11315575818291639,0.0033740889698476743,0.05657787909145819,0.0016870444849238246,0.008404251399941056,0.0089911323898095,1246628,pinball,3189.14311168467
lstm_quantile,quantile,id,pitch,10,1.0,3,False,434304,9,0.1,0.9884090406719718,0.002806296675294197,0.9853162761567934,0.9926320043103448,0.08545277894197005,0.01931698970799745,0.020926008449431807,0.0047304194767223175,1.2413165389175655,0.08938166508892438,0.020059149618960877,0.009749965408205281,0.002666325000303591,0.004874982704102641,0.001333162500151795,0.12548967236467237,0.08067798786761576,1246628,pinball,3189.14311168467
lstm_quantile,quantile,id,pitch,20,2.0,3,False,434304,9,0.1,0.981353307053738,0.003353516863724437,0.9766462546971706,0.986675635039051,0.09891410080299351,0.019971590616918108,0.024221250099667798,0.004890474535920894,1.2413790185919036,0.10619605815838018,0.02079443448895353,0.012622036441048685,0.0032045044139783624,0.006311018220524344,0.0016022522069891818,0.12477435160624815,0.038281933558908694,1246628,pinball,3189.14311168467
lstm_quantile,quantile,id,pitch,30,3.0,3,False,434304,9,0.1,0.9645256164652717,0.005522439269168874,0.9567651345601238,0.9734726712164751,0.14140865300804772,0.02593145042985686,0.03462638961730775,0.0063497705891804555,1.2413993725281671,0.1619138005097197,0.028627021983683665,0.020394210570906842,0.003930869114885451,0.010197105285453414,0.0019654345574427216,0.1052649756852343,0.10584973060243928,1246628,pinball,3189.14311168467
lstm_quantile,quantile,id,pitch,50,5.0,3,False,434304,9,0.1,0.9418832584242067,0.017651787527316633,0.9173474685934276,0.9558977122015915,0.29668197005543345,0.032106427914114694,0.0726409114492381,0.007861078267158548,1.2415168463730468,0.3589924710763264,0.03859151423409547,0.04686694682643139,0.005104432436836549,0.02343347341321569,0.0025522162184182734,0.13502446826800274,0.05886412044900086,1246628,pinball,3189.14311168467
lstm_quantile,quantile,id,pitch,100,10.0,3,False,434304,9,0.1,0.9119917538559781,0.007134334472579047,0.9010277938955202,0.9191559368552903,1.1582297468354632,0.059115020429613946,0.28366216334592814,0.014477865576427097,1.2411836658196425,1.4605299744666869,0.071963633015973,0.1955807890254392,0.009775342014870575,0.09779039451271959,0.004887671007435335,0.003771551724137931,0.0005459338256094686,1246628,pinball,3189.14311168467
lstm_quantile,quantile,id,pitch,150,15.0,3,False,434304,9,0.1,0.9104874312309658,0.007389915335949026,0.9032081790635131,0.92298533976201,2.0458981734161124,0.061670915995358656,0.501335802932382,0.015112109971965968,1.2405036351372414,2.5882309158163523,0.07550943993493946,0.34692661533607155,0.009390591627323064,0.17346330766803583,0.004695295813661427,0.02195236516357206,0.03740250726175085,1246628,pinball,3189.14311168467
lstm_quantile,quantile,id,pitch_rate,10,1.0,3,False,434304,9,0.1,0.9858655074172317,0.003810574698878608,0.9803679565465665,0.9906750225648394,0.08079335428807617,0.021208303184954636,0.026590487765176446,0.006980018732096601,0.9236173504276821,0.0847601537669806,0.021831698412419175,0.009461485765359177,0.0027470697191517924,0.00473074288267959,0.0013735348595758994,0.05863481186757049,0.04999438783440317,1246628,pinball,3189.14311168467
lstm_quantile,quantile,id,pitch_rate,20,2.0,3,False,434304,9,0.1,0.9790546099813341,0.003929050742122034,0.9728619239058355,0.9845940286066903,0.10289947169759443,0.024322069143200356,0.03386160017802798,0.008003774628209828,0.9237371608217294,0.11169526782779864,0.024237783094002846,0.013697920771374978,0.0032501057316847897,0.00684896038568749,0.0016250528658423955,0.08281679806464289,0.12517268864307718,1246628,pinball,3189.14311168467
lstm_quantile,quantile,id,pitch_rate,30,3.0,3,False,434304,9,0.1,0.9658580165045683,0.0030828617159763204,0.9600058369252873,0.971603934110669,0.12598721082530476,0.018092999702271087,0.04145333169424303,0.0059531051849545475,0.9238676654473805,0.14208994256609758,0.01921055963927084,0.018101506983559133,0.002581847239487878,0.009050753491779567,0.001290923619743942,0.15216683858925237,0.01763574529897448,1246628,pinball,3189.14311168467
lstm_quantile,quantile,id,pitch_rate,50,5.0,3,False,434304,9,0.1,0.9334291187739464,0.02740535362871695,0.8940991793766578,0.9526533833443855,0.32294814132168626,0.025817559309235943,0.10626710285292673,0.00849534918918539,0.923797316378609,0.39698853354599684,0.03481591800193074,0.052189577565436795,0.004306773015999756,0.0260947887827184,0.0021533865079998863,0.12482423985656745,0.08968274803416536,1246628,pinball,3189.14311168467
lstm_quantile,quantile,id,pitch_rate,100,10.0,3,False,434304,9,0.1,0.9126341610177816,0.002960827958811229,0.9050417449528442,0.9175853779840849,1.090495177597517,0.045127587728461635,0.358868490048639,0.014850931577092927,0.9237004804982916,1.3735212920315085,0.05242898094284903,0.18456723255088323,0.006970140533397996,0.09228361627544159,0.0034850702666990026,0.014453777384811869,0.008783350360240756,1246628,pinball,3189.14311168467
lstm_quantile,quantile,id,pitch_rate,150,15.0,3,False,434304,9,0.1,0.9043964596227528,0.004180751762970498,0.89665407180224,0.9097641859158562,1.7231721477479833,0.04296420625971786,0.5672549134201309,0.0141434836524443,0.9234069683655249,2.1722075825296634,0.052798341638227476,0.2920882204791544,0.006309118917168161,0.14604411023957728,0.003154559458584121,0.002718525886629335,0.0026202169643129098,1246628,pinball,3189.14311168467
lstm_quantile,quantile,id,roll,10,1.0,3,False,434304,9,0.1,0.9854426085568327,0.0016273501843380356,0.9821230060050103,0.9886738897178013,0.22897556831296328,0.05590164298864644,0.018899563277382337,0.004614102049217389,3.682816873957597,0.24245970123929658,0.056985775513378405,0.02588761489542007,0.006773137359391599,0.012943807447710037,0.003386568679695804,0.05353316263876609,0.05043429602661846,1246628,pinball,3189.14311168467
lstm_quantile,quantile,id,roll,20,2.0,3,False,434304,9,0.1,0.9791382687395619,0.007437118539320529,0.9678242083885942,0.9874361046640141,0.2251671482209998,0.046889941361860754,0.018580802551638933,0.003869359935435763,3.683691963859013,0.24227102454054184,0.05124257971016742,0.026603199178874173,0.007407896865631308,0.013301599589437087,0.0037039484328156543,0.03843390804597701,0.03755954197113559,1246628,pinball,3189.14311168467
lstm_quantile,quantile,id,roll,30,3.0,3,False,434304,9,0.1,0.9789640436192161,0.004152040743558497,0.9716879766246684,0.9853147795092838,0.23716541707636485,0.05897549199741483,0.019566448203029756,0.004865553012073659,3.6845301229084004,0.25548587370241743,0.061159531231472004,0.028722149288976553,0.008672158109680157,0.014361074644488278,0.004336079054840077,0.07784409077512526,0.07759446007664815,1246628,pinball,3189.14311168467
lstm_quantile,quantile,id,roll,50,5.0,3,False,434304,9,0.1,0.9543315281461834,0.020085505555748295,0.9219462058834366,0.9711940829465076,0.2595985269590794,0.06020865730392304,0.02140876264251204,0.004965331923656186,3.685983647312865,0.29666451499322616,0.06842220337788406,0.03659248921108842,0.009676863131251892,0.018296244605544208,0.004838431565625942,0.09978033819628647,0.09797778906901676,1246628,pinball,3189.14311168467
lstm_quantile,quantile,id,roll,100,10.0,3,False,434304,9,0.1,0.9248913203654583,0.009808944269262203,0.9090170134283819,0.9344960557581786,0.7617095311580963,0.058730608989986284,0.06274758522215049,0.00483806981795936,3.6900743810329235,0.9629871101467199,0.07754462288705316,0.1265802410231756,0.010562389474913685,0.06329012051158785,0.005281194737456847,0.06602211047254151,0.06964350886801571,1246628,pinball,3189.14311168467
lstm_quantile,quantile,id,roll,150,15.0,3,False,434304,9,0.1,0.9203844925827683,0.005601310233521075,0.9106491651009431,0.9293002712385795,1.720918574156807,0.08025796372814348,0.14162444524193935,0.006604896803333769,3.6937274583324062,2.1957195249674935,0.10991458833496626,0.29165007362679946,0.014501715940941193,0.14582503681339976,0.007250857970470652,0.0722381864623244,0.06148550831954629,1246628,pinball,3189.14311168467
lstm_quantile,quantile,id,roll_rate,10,1.0,3,False,434304,9,0.1,0.9762539603595638,0.012654384900340468,0.9586444057618626,0.9893580878831418,0.133049617937418,0.03533240132193288,0.020534765486127596,0.005453172932438682,1.9695482829582032,0.14159803221928247,0.039102944498963094,0.015788060963942342,0.00512614768600513,0.007894030481971173,0.002563073843002564,0.03704087459475391,0.03130678980481065,1246628,pinball,3189.14311168467
lstm_quantile,quantile,id,roll_rate,20,2.0,3,False,434304,9,0.1,0.978727650063857,0.007096732349367153,0.9668112082780725,0.9859293835654288,0.1380357618836273,0.03629963555019306,0.021300571645119157,0.005601468613477569,1.9698951249631573,0.1464560898171369,0.03818950709615271,0.016115040524383062,0.004512772585707339,0.008057520262191533,0.0022563862928536714,0.06281698226741331,0.09568056253025917,1246628,pinball,3189.14311168467
lstm_quantile,quantile,id,roll_rate,30,3.0,3,False,434304,9,0.1,0.9813333517536105,0.005114748349438741,0.976125018420277,0.9885887534998526,0.1439415837530292,0.036843053373847384,0.022207874725908294,0.0056842914501358385,1.9702531268505945,0.1538320302643524,0.035550751308095166,0.017422066131811947,0.0037656587491142366,0.008711033065905973,0.0018828293745571185,0.0760020630710286,0.06845018372533346,1246628,pinball,3189.14311168467
lstm_quantile,quantile,id,roll_rate,50,5.0,3,False,434304,9,0.1,0.9650413842224187,0.004713568088210547,0.9579509398946361,0.9732821940391984,0.17966856334391493,0.03350183191092606,0.027707863227471888,0.005166536422294665,1.9711142946671736,0.20533936680270515,0.035016402179049555,0.02516818532008098,0.004587168507010892,0.012584092660040486,0.002293584253505448,0.047019292170154235,0.06275048005016237,1246628,pinball,3189.14311168467
lstm_quantile,quantile,id,roll_rate,100,10.0,3,False,434304,9,0.1,0.9218703949307399,0.009228613947889599,0.9039377947244327,0.9307951342838197,0.5957860563864095,0.04641540508089367,0.09180495752594782,0.007152171901850351,1.972726817260997,0.737942808301657,0.0584075651442862,0.09750755367084292,0.008080167359364525,0.04875377683542146,0.004040083679682296,0.08351600108065625,0.052060357191253986,1246628,pinball,3189.14311168467
lstm_quantile,quantile,id,roll_rate,150,15.0,3,False,434304,9,0.1,0.9154616735435702,0.00459731028155466,0.9075067234011199,0.9238462574602122,1.1971252822695437,0.05663708417879642,0.1843346669592195,0.008721040482786324,1.9741281062750022,1.5183407779347842,0.06545063904784548,0.20180933522048936,0.00862011585383413,0.10090466761024462,0.004310057926917138,0.03598324368798506,0.016358821390996873,1246628,pinball,3189.14311168467
tcn_gaussian,gaussian,id,heave,10,1.0,3,False,434304,9,0.1,0.9936795424403183,0.0024917159120677376,0.990267013428382,0.9970090650788388,0.017440405704283287,0.0013634321035644143,0.006983067463316929,0.000545912665237146,0.7591945699315659,0.0177336627892459,0.0013532135460387134,0.001834668561407472,0.0001440347905531035,0.0009173342807037357,7.201739527655195e-05,0.0,0.0,255304,gaussian_nll,4499.546564506328
tcn_gaussian,gaussian,id,heave,20,2.0,3,False,434304,9,0.1,0.9926357267413302,0.0006972739937363041,0.9911559069223401,0.9937303133289125,0.039252718859242114,0.0021890249183031986,0.015715784368947595,0.0008764295721188273,0.7592353662201028,0.040057455270351476,0.0021723967846812905,0.004271181838621521,0.00029878212542714,0.0021355909193107605,0.00014939106271357041,0.0,0.0,255304,gaussian_nll,4499.546564506328
tcn_gaussian,gaussian,id,heave,30,3.0,3,False,434304,9,0.1,0.978041494744081,0.001950955314626077,0.9741031627615679,0.9809607440870911,0.08586688941963887,0.0035586135261398764,0.034378787605573974,0.0014247729178542316,0.7592379733777742,0.09091009843980945,0.0036939677399754002,0.010846497504209539,0.0005018677208177583,0.005423248752104769,0.0002509338604088764,0.0,0.0,255304,gaussian_nll,4499.546564506328
tcn_gaussian,gaussian,id,heave,50,5.0,3,False,434304,9,0.1,0.951658285440613,0.0012878642441719705,0.9470483808576482,0.9563808415303566,0.24303320916580118,0.006093872908365119,0.09729474663855181,0.0024395917854272853,0.7593097520603712,0.28586277167026886,0.007872698392072754,0.03649126525416146,0.0010965110412894483,0.01824563262708073,0.0005482555206447248,0.0,0.0,255304,gaussian_nll,4499.546564506328
tcn_gaussian,gaussian,id,heave,100,10.0,3,False,434304,9,0.1,0.9220960433244917,0.0016243055886557205,0.9165674274241085,0.9284028008031241,0.6934490612683385,0.009531146324315462,0.2776768907609046,0.0038165443210529163,0.7591324816869609,0.8707053607985511,0.0077073626966825725,0.11392454933631169,0.0007337583667118572,0.05696227466815584,0.0003668791833559273,0.0,0.0,255304,gaussian_nll,4499.546564506328
tcn_gaussian,gaussian,id,heave,150,15.0,3,False,434304,9,0.1,0.9067811179880145,0.0013117585121691089,0.9016598396514884,0.9115860664419393,1.2366123051419546,0.009042072508360413,0.4954568049897303,0.003622765467276727,0.758700750262978,1.596578611593384,0.007623386658040052,0.21130187302400383,0.0013396257686329662,0.1056509365120019,0.0006698128843164965,0.0,0.0,255304,gaussian_nll,4499.546564506328
tcn_gaussian,gaussian,id,heave_rate,10,1.0,3,False,434304,9,0.1,0.9921990126731507,0.0010918992121220095,0.9901404891504568,0.9937466037614207,0.017503851462818524,0.0009135930393783355,0.011835550557665471,0.000617742708206943,0.4495602477358838,0.01786593747899033,0.0009478213104530056,0.0019220895748476513,0.0001399638615288183,0.0009610447874238258,6.998193076440894e-05,0.0,0.0,255304,gaussian_nll,4499.546564506328
tcn_gaussian,gaussian,id,heave_rate,20,2.0,3,False,434304,9,0.1,0.9812212950682778,0.0006010335802461898,0.9791778915229885,0.9828785827438844,0.04130001166952809,0.002032839542369889,0.0279229281439526,0.0013744023348947517,0.44960586015695647,0.04327100311562362,0.0021169785605866997,0.005110631096432902,0.0003034564913952722,0.0025553155482164517,0.00015172824569763559,0.0,0.0,255304,gaussian_nll,4499.546564506328
tcn_gaussian,gaussian,id,heave_rate,30,3.0,3,False,434304,9,0.1,0.959826143285195,0.0004468479625979635,0.9566361350574712,0.9629663208259652,0.07534672591207131,0.0022547548161981614,0.05093695520699552,0.0015242911179640683,0.4496495382799816,0.08489432789455907,0.0025853354337253987,0.010736609160117644,0.0003501209696521634,0.005368304580058822,0.00017506048482608075,0.0,0.0,255304,gaussian_nll,4499.546564506328
tcn_gaussian,gaussian,id,heave_rate,50,5.0,3,False,434304,9,0.1,0.9426354197367127,0.001501729843359733,0.9366657341401415,0.9481055320697023,0.1341241603496344,0.003358171274376451,0.09068399696430723,0.0022705260026032845,0.44959255402628673,0.16079866871006562,0.0038122383715467156,0.020837150835427403,0.00048740400441548494,0.010418575417713703,0.00024370200220774472,0.0,0.0,255304,gaussian_nll,4499.546564506328
tcn_gaussian,gaussian,id,heave_rate,100,10.0,3,False,434304,9,0.1,0.9187466229492092,0.0026958013434870425,0.9127258210838491,0.9252600712864721,0.45957732268001367,0.00724431309072237,0.31087210412336336,0.00490027410471104,0.4493860488108614,0.5826093182821124,0.006403269402421453,0.07670326235891663,0.0007734508071275413,0.03835163117945831,0.0003867254035637819,0.0,0.0,255304,gaussian_nll,4499.546564506328
tcn_gaussian,gaussian,id,heave_rate,150,15.0,3,False,434304,9,0.1,0.9033910195009334,0.0030890957115644337,0.897334125405246,0.910331530448718,0.8087881997989572,0.008890998882130397,0.5473893527703492,0.0060174445235242615,0.44913945544323325,1.0465958395167538,0.0056701470530152,0.13912107524329168,0.0006560767515550639,0.06956053762164587,0.00032803837577751566,0.0,0.0,255304,gaussian_nll,4499.546564506328
tcn_gaussian,gaussian,id,pitch,10,1.0,3,False,434304,9,0.1,0.9768917624521073,0.011344767575884198,0.9631799960396404,0.9893001215738285,0.05334692661609173,0.005983576854634911,0.0130638026163859,0.0014652815434234737,1.2413165389175655,0.05595082025138359,0.004955470856429616,0.006455270288336761,0.0003157001701702784,0.0032276351441683803,0.00015785008508513877,0.0,0.0,255304,gaussian_nll,4499.546564506328
tcn_gaussian,gaussian,id,pitch,20,2.0,3,False,434304,9,0.1,0.9716864991649473,0.0010209458629173822,0.9685039741747715,0.9748705975537872,0.1576938785124856,0.00999075282876001,0.03861474592227148,0.002446451223686762,1.2413790185919036,0.17265856706637683,0.011183173120595389,0.02145110566061309,0.0013928215686079995,0.010725552830306545,0.0006964107843040011,0.0,0.0,255304,gaussian_nll,4499.546564506328
tcn_gaussian,gaussian,id,pitch,30,3.0,3,False,434304,9,0.1,0.9677192319972492,0.0019329532514041725,0.9634746053455644,0.9718286614905688,0.2633857537102857,0.013652706675200804,0.06449462273784319,0.003343104757807262,1.2413993725281671,0.28948324441543877,0.014205338189060357,0.036010492087004846,0.00165489240173256,0.01800524604350243,0.0008274462008662837,0.0,0.0,255304,gaussian_nll,4499.546564506328
tcn_gaussian,gaussian,id,pitch,50,5.0,3,False,434304,9,0.1,0.9508953789664997,0.002333528065944299,0.9447777938955202,0.956574196875921,0.5618929330212382,0.020874093589505465,0.13757632384577367,0.005110904392791583,1.2415168463730468,0.6680478919205369,0.019470070475891537,0.08555219554757106,0.00234392427022508,0.04277609777378554,0.0011719621351125521,0.0,0.0,255304,gaussian_nll,4499.546564506328
tcn_gaussian,gaussian,id,pitch,100,10.0,3,False,434304,9,0.1,0.9175669577070439,0.003179505199256134,0.9105844638778368,0.9234884435786914,1.621436554972254,0.04063260346203091,0.39710618913756596,0.009951334985056525,1.2411836658196425,2.0117526963048413,0.03110403538720752,0.2674903986048122,0.004240963596841423,0.13374519930240614,0.002120481798420656,0.0,0.0,255304,gaussian_nll,4499.546564506328
tcn_gaussian,gaussian,id,pitch,150,15.0,3,False,434304,9,0.1,0.9055807299341782,0.0012138885993300127,0.9014511148872679,0.910541751860448,2.482229931381927,0.060949886951117034,0.6082564381169945,0.014935425873251187,1.2405036351372414,3.1383079886284597,0.05133096443794726,0.4209144499033495,0.007748103515592598,0.21045722495167474,0.00387405175779637,0.0,0.0,255304,gaussian_nll,4499.546564506328
tcn_gaussian,gaussian,id,pitch_rate,10,1.0,3,False,434304,9,0.1,0.9753206663228214,0.003283689943156117,0.9691964039014146,0.9796440972222222,0.0864165347718719,0.0062601864282113015,0.028441173544635618,0.0020603354334509092,0.9236173504276821,0.0932322019825117,0.006436778142942029,0.011444637034830915,0.0007857728784406852,0.005722318517415457,0.00039288643922034456,0.0,0.0,255304,gaussian_nll,4499.546564506328
tcn_gaussian,gaussian,id,pitch_rate,20,2.0,3,False,434304,9,0.1,0.9685819149720012,0.003400845987077616,0.9631518475537872,0.9741661946470674,0.1639972370093649,0.00875140620469889,0.05396732148666832,0.002879865299696724,0.9237371608217294,0.18027058785412778,0.008610660287767679,0.022660724900389076,0.0010656086555671453,0.01133036245019454,0.0005328043277835759,0.0,0.0,255304,gaussian_nll,4499.546564506328
tcn_gaussian,gaussian,id,pitch_rate,30,3.0,3,False,434304,9,0.1,0.956212698938992,0.0018227539521925363,0.950079955515031,0.9607608380305039,0.24835146736101632,0.013518511830660615,0.08171460964830257,0.0044479701650508175,0.9238676654473805,0.2901087282850376,0.01609526669187455,0.03726526883583195,0.002104103161244645,0.01863263441791597,0.0010520515806223217,0.0,0.0,255304,gaussian_nll,4499.546564506328
tcn_gaussian,gaussian,id,pitch_rate,50,5.0,3,False,434304,9,0.1,0.932769058846645,0.001912475524322236,0.9275528777077807,0.9388889464522546,0.562542618829184,0.01907161942714862,0.18510642015037782,0.006275576428284523,0.923797316378609,0.6891115098976712,0.02208144984057171,0.09036997366172705,0.002966583331052428,0.04518498683086352,0.0014832916655262219,0.0,0.0,255304,gaussian_nll,4499.546564506328
tcn_gaussian,gaussian,id,pitch_rate,100,10.0,3,False,434304,9,0.1,0.9139834463110326,0.0016762789471596,0.9093568675397878,0.9190603241047746,1.413116182576393,0.03267474784856339,0.4650390768547326,0.010752855825522772,0.9237004804982916,1.7801144980095895,0.032075247989121806,0.23815654405262698,0.004675930121151777,0.1190782720263135,0.0023379650605758902,0.0,0.0,255304,gaussian_nll,4499.546564506328
tcn_gaussian,gaussian,id,pitch_rate,150,15.0,3,False,434304,9,0.1,0.9014054671382258,0.0017337581218007446,0.8966551655061893,0.9068679427313587,2.012131150945583,0.04187978531567369,0.6623779773316736,0.013786500683836864,0.9234069683655249,2.566892816082577,0.05266276884331697,0.3452489324904329,0.0072003940681644955,0.17262446624521643,0.0036001970340822672,0.0,0.0,255304,gaussian_nll,4499.546564506328
tcn_gaussian,gaussian,id,roll,10,1.0,3,False,434304,9,0.1,0.9953312272816582,0.0029515694982651304,0.9910523504273504,0.9979370440981432,0.05672563747642662,0.004615523536025819,0.0046821142658776856,0.0003809636974375348,3.682816873957597,0.05721465439787099,0.004679214035623804,0.005654149411712839,0.0003940160474819404,0.0028270747058564195,0.00019700802374096843,0.0,0.0,255304,gaussian_nll,4499.546564506328
tcn_gaussian,gaussian,id,roll,20,2.0,3,False,434304,9,0.1,0.984876185037823,0.00397081248471578,0.9797122522472739,0.9905852237142647,0.10106844233045653,0.0023680268189608853,0.008340172116496953,0.00019540967280409904,3.683691963859013,0.10465710898296317,0.0031261188784009776,0.011649983650004643,0.000710339812831001,0.005824991825002322,0.0003551699064154977,0.0,0.0,255304,gaussian_nll,4499.546564506328
tcn_gaussian,gaussian,id,roll,30,3.0,3,False,434304,9,0.1,0.9742922008547009,0.0040879030186940155,0.9694798459143825,0.9806690129494547,0.1746599359807477,0.002915382294110981,0.014409666605866914,0.000240522742957018,3.6845301229084004,0.18830955370875083,0.005050006603221949,0.022794924438796094,0.0009451765819943632,0.01139746221939805,0.00047258829099718617,0.0,0.0,255304,gaussian_nll,4499.546564506328
tcn_gaussian,gaussian,id,roll,50,5.0,3,False,434304,9,0.1,0.9647535673936535,0.0037452722344622365,0.9593577885536398,0.9715775700891541,0.2980914179475682,0.00457450506855852,0.02458322274538677,0.0003772536553536559,3.685983647312865,0.33106043689563674,0.006998355457860164,0.04067580274512538,0.0010202896997515486,0.02033790137256269,0.0005101448498757664,0.0,0.0,255304,gaussian_nll,4499.546564506328
tcn_gaussian,gaussian,id,roll,100,10.0,3,False,434304,9,0.1,0.9326209291187739,0.004020285466793447,0.9245179643751842,0.939114479719275,1.0728231591435666,0.013244728265343942,0.08837629024322358,0.0010910651391093228,3.6900743810329235,1.3042004959535796,0.018630863228388497,0.17124929910216968,0.0026329688893180817,0.08562464955108491,0.001316484444659024,0.0,0.0,255304,gaussian_nll,4499.546564506328
tcn_gaussian,gaussian,id,roll,150,15.0,3,False,434304,9,0.1,0.91654002726201,0.005368036913257917,0.908780427995137,0.9262982841511936,2.2330433449346967,0.05228839688440385,0.18377018510741264,0.004303117714312781,3.6937274583324062,2.848023608869562,0.07498259208411934,0.37859712475469326,0.011528818510602694,0.18929856237734655,0.00576440925530129,0.0,0.0,255304,gaussian_nll,4499.546564506328
tcn_gaussian,gaussian,id,roll_rate,10,1.0,3,False,434304,9,0.1,0.9818944026918165,0.011302653588995758,0.967853853521957,0.9949966498121131,0.05057555282517671,0.0004397268325234886,0.00780578804130624,6.786706736786617e-05,1.9695482829582032,0.05208161320815507,0.0011977228811304824,0.005638805555491719,0.00034460836674524983,0.00281940277774586,0.0001723041833726248,0.0,0.0,255304,gaussian_nll,4499.546564506328
tcn_gaussian,gaussian,id,roll_rate,20,2.0,3,False,434304,9,0.1,0.9738339964633068,0.008014810502542595,0.9623555159519599,0.9823994828507221,0.09508327560830084,0.001247701009857198,0.014672488467551625,0.00019253521253830347,1.9698951249631573,0.10174994810536657,0.0017252350238772588,0.012254671147642135,0.0003457480228086892,0.006127335573821067,0.00017287401140434383,0.0,0.0,255304,gaussian_nll,4499.546564506328
tcn_gaussian,gaussian,id,roll_rate,30,3.0,3,False,434304,9,0.1,0.965555616956479,0.0032884244128325176,0.959847422542735,0.9716309313292072,0.1207971310298529,0.0015084169629524472,0.018637057361845562,0.00023272451277984513,1.9702531268505945,0.13402229021516351,0.002253521026587865,0.016660094152298594,0.0003458218360082464,0.008330047076149299,0.00017291091800412142,0.0,0.0,255304,gaussian_nll,4499.546564506328
tcn_gaussian,gaussian,id,roll_rate,50,5.0,3,False,434304,9,0.1,0.9494969729344729,0.0020004101420828518,0.944093307913351,0.9544148223364279,0.2671735727909388,0.005467084784447595,0.0412025825503828,0.0008431148701874328,1.9711142946671736,0.30594233848380376,0.0066288957389517055,0.039018653898664955,0.0008136302772193244,0.01950932694933247,0.0004068151386096643,0.0,0.0,255304,gaussian_nll,4499.546564506328
tcn_gaussian,gaussian,id,roll_rate,100,10.0,3,False,434304,9,0.1,0.9236379740151293,0.00365618453321835,0.9164051562960507,0.930788284243295,0.8382219386307633,0.006158866637285736,0.12916201822522252,0.000949022696961677,1.972726817260997,1.0373062297594038,0.010552408142711318,0.13749992864009233,0.0016026630652468021,0.0687499643200462,0.0008013315326233507,0.0,0.0,255304,gaussian_nll,4499.546564506328
tcn_gaussian,gaussian,id,roll_rate,150,15.0,3,False,434304,9,0.1,0.9121629089301503,0.00372700136154815,0.9058581086059534,0.9194066828765105,1.5021476777327887,0.014249599987544458,0.23130235072263086,0.002194169070614169,1.9741281062750022,1.9080283286185054,0.020529690025241725,0.2544689148517661,0.0028715495969610623,0.1272344574258831,0.0014357747984805125,0.0,0.0,255304,gaussian_nll,4499.546564506328
tcn_quantile,quantile,id,heave,10,1.0,3,False,434304,9,0.1,0.9928805629236663,0.0015011095464843999,0.9905802732648099,0.9949919871794872,0.02980771680908209,0.0023351300989116197,0.011934888495979526,0.0009349765878621167,0.7591945699315659,0.030125853427826896,0.002350615969251783,0.003221351993129108,0.0002614851205938482,0.0016106759965645537,0.000130742560296924,0.007265264269574614,0.008939916307220998,664804,pinball,4657.466583210345
tcn_quantile,quantile,id,heave,20,2.0,3,False,434304,9,0.1,0.992029392622065,0.0010715579916592659,0.9903705699233717,0.9937533386752136,0.060153858726492725,0.000686012616099131,0.024084066025992196,0.0002746619001769662,0.7592353662201028,0.06103997380812262,0.0007379938983473617,0.006616936068839061,0.0001756824815297572,0.0033084680344195303,8.784124076487657e-05,0.00025788387857353373,0.00040936579221440364,664804,pinball,4657.466583210345
tcn_quantile,quantile,id,heave,30,3.0,3,False,434304,9,0.1,0.9860305223990569,0.0005134600598572834,0.9843746546198054,0.9874153242889773,0.10379940964342282,0.0015715020368657873,0.04155848525356084,0.0006291870488414281,0.7592379733777742,0.10702058417341491,0.0016153858552473757,0.012201255998502478,0.0002226420442586152,0.006100627999251238,0.00011132102212930638,0.0,0.0,664804,pinball,4657.466583210345
tcn_quantile,quantile,id,heave,50,5.0,3,False,434304,9,0.1,0.9579841155810983,0.002789130190116982,0.9529613473511642,0.9639354000884174,0.240151115332782,0.003578612889301584,0.09614094304835673,0.001432644680853134,0.7593097520603712,0.2756865026095741,0.0026873143491449062,0.03460593961236855,0.0002467747702161137,0.01730296980618427,0.00012338738510804723,0.0,0.0,664804,pinball,4657.466583210345
tcn_quantile,quantile,id,heave,100,10.0,3,False,434304,9,0.1,0.9215119670399843,0.003505959126136776,0.9131470697944296,0.9288503559718538,0.6378688116327921,0.006194118124868186,0.2554209648846976,0.0024803025311957096,0.7591324816869609,0.8106632428991914,0.004021517225077585,0.10486131098803465,0.0004602767832989512,0.05243065549401732,0.00023013839164945593,0.0002164382552313587,0.0002040960254019418,664804,pinball,4657.466583210345
tcn_quantile,quantile,id,heave,150,15.0,3,False,434304,9,0.1,0.9038576665193044,0.002747028033777163,0.8966458402409372,0.9103078143420277,1.1279137793567886,0.006593151004944689,0.451906029966163,0.002641589055957024,0.758700750262978,1.4873067379883398,0.003407024671046355,0.19415316107971012,0.0004970320254836298,0.09707658053985503,0.0002485160127418321,7.675115433736123e-07,1.3293689885187006e-06,664804,pinball,4657.466583210345
tcn_quantile,quantile,id,heave_rate,10,1.0,3,False,434304,9,0.1,0.9866314839375184,0.00543149129691337,0.9786390408561745,0.9915566630747127,0.03092243919254538,0.0009952791362617228,0.02090877503200517,0.0006729762624664356,0.4495602477358838,0.03153837972877643,0.0010052236035702738,0.0035552907115564704,0.00017557605023516711,0.0017776453557782357,8.778802511758342e-05,0.0,0.0,664804,pinball,4657.466583210345
tcn_quantile,quantile,id,heave_rate,20,2.0,3,False,434304,9,0.1,0.9847457080754495,0.0015219370725071868,0.9826339384394341,0.9877403270520189,0.05284027994112376,0.0008883931979499179,0.03572530079915103,0.0006006424314943885,0.44960586015695647,0.05437741586039004,0.0009350733130534293,0.006220926443720142,0.00020990375555252186,0.003110463221860071,0.00010495187777626041,6.140092346988898e-06,1.0634951908149605e-05,664804,pinball,4657.466583210345
tcn_quantile,quantile,id,heave_rate,30,3.0,3,False,434304,9,0.1,0.9683516615089891,0.0018757942865123389,0.9645839089669909,0.9728722277483053,0.08217464454554309,0.0017340388748729647,0.0555528609597688,0.001172269390970874,0.4496495382799816,0.0895825382179342,0.0013160673167216118,0.011052101156699483,9.029360399531474e-05,0.005526050578349743,4.514680199765748e-05,0.0005165352686904411,0.0008946653292730855,664804,pinball,4657.466583210345
tcn_quantile,quantile,id,heave_rate,50,5.0,3,False,434304,9,0.1,0.9524043066607722,0.0024804582640611753,0.9461869450891541,0.9584300973511641,0.13374731533548115,0.0021511338080687347,0.09042920459855892,0.0014544241038468195,0.44959255402628673,0.1562373801677233,0.0018838644313408657,0.019974923770602195,0.000292551946599014,0.009987461885301098,0.00014627597329950806,0.0,0.0,664804,pinball,4657.466583210345
tcn_quantile,quantile,id,heave_rate,100,10.0,3,False,434304,9,0.1,0.9169230155221535,0.0027877232201479027,0.9098893286730033,0.9229579395999116,0.4321658375693691,0.004252476261292073,0.29233014038198557,0.002876504513698512,0.4493860488108614,0.5583096816286974,0.003500530603438023,0.07272229696397502,0.00021421808326595217,0.036361148481987494,0.00010710904163297312,0.00045666936830729936,0.0006574949355452394,664804,pinball,4657.466583210345
tcn_quantile,quantile,id,heave_rate,150,15.0,3,False,434304,9,0.1,0.9003209733274389,0.0027461941626865088,0.8937055035182728,0.9061053432618627,0.7554246742277247,0.007523891253110562,0.5112728197506513,0.005092183546172483,0.44913945544323325,0.9984710954602157,0.00407660281448157,0.1312714058901088,0.0004549847236939746,0.06563570294505443,0.00022749236184699698,7.828617742410846e-05,0.00011413234721663839,664804,pinball,4657.466583210345
tcn_quantile,quantile,id,pitch,10,1.0,3,False,434304,9,0.1,0.988674599665979,0.001783304276087701,0.9852752334770115,0.9909513842838197,0.07191794254632417,0.0012141345972784235,0.017611545136666976,0.00029732199649878363,1.2413165389175655,0.07345045268142707,0.0014307634931810624,0.008186355440278218,0.0003165975702873188,0.00409317772013911,0.0001582987851436559,0.005411723892327341,0.009371386755278712,664804,pinball,4657.466583210345
tcn_quantile,quantile,id,pitch,20,2.0,3,False,434304,9,0.1,0.983364187297377,0.00039032546404144135,0.9811626763741527,0.9854668619216033,0.17216022178713342,0.0027793015309489767,0.04215714195719846,0.0006805718996281635,1.2413790185919036,0.18149865770218973,0.0027572420463794207,0.02145935678725053,0.00027462279854531047,0.010729678393625264,0.00013731139927265957,0.008386598634443462,0.014526014937543841,664804,pinball,4657.466583210345
tcn_quantile,quantile,id,pitch,30,3.0,3,False,434304,9,0.1,0.9784406007466352,0.0013880795849786263,0.9749567123489538,0.9812741190502505,0.2743076607202371,0.004951308175613169,0.06716904328740503,0.001212414674471062,1.2413993725281671,0.29392624872009354,0.005141170209990668,0.03539109837353482,0.0006294074756650921,0.017695549186767398,0.0003147037378325482,0.0007061106199037233,0.0010043098970631496,664804,pinball,4657.466583210345
tcn_quantile,quantile,id,pitch,50,5.0,3,False,434304,9,0.1,0.9612414345711761,0.0005381186487378101,0.9571760218648688,0.9656122784961686,0.527438357508958,0.005669485913613136,0.1291403148481895,0.0013881417335085357,1.2415168463730468,0.6196979539318294,0.004125486838482755,0.07790228898740047,0.00043744680150666434,0.03895114449370021,0.00021872340075334757,0.0034468943412908925,0.005880672093017599,664804,pinball,4657.466583210345
tcn_quantile,quantile,id,pitch,100,10.0,3,False,434304,9,0.1,0.9166375012280185,0.0025760210957897116,0.9096909077512525,0.9224002081491305,1.474605008736546,0.016535684001995003,0.3611456604372394,0.0040497560257160906,1.2411836658196425,1.8848768037285903,0.002133013407635034,0.24811054478803443,0.0003125007682549013,0.12405527239401724,0.00015625038412749926,4.605069260241674e-06,7.976213931112203e-06,664804,pinball,4657.466583210345
tcn_quantile,quantile,id,pitch,150,15.0,3,False,434304,9,0.1,0.9047410723057275,0.002059887596907242,0.8991252095306513,0.9106388036951075,2.2714139262158537,0.014645146848190477,0.5565971656301061,0.003588710596452081,1.2405036351372414,2.9764167044449947,0.0017539213948117765,0.39301094945844056,0.00018264415760506152,0.1965054747292203,9.13220788025331e-05,9.210138520483348e-06,1.2183868032827652e-05,664804,pinball,4657.466583210345
tcn_quantile,quantile,id,pitch_rate,10,1.0,3,False,434304,9,0.1,0.9850427350427351,0.003122580791475301,0.9797902506078691,0.9891900604185087,0.0932374766729352,0.001162623428297543,0.030686063285448997,0.00038263944253909385,0.9236173504276821,0.0970167667444642,0.001158099578924128,0.011276360430604796,0.00027092061969722557,0.0056381802153024,0.00013546030984861284,0.013769924599665978,0.020454439911253886,664804,pinball,4657.466583210345
tcn_quantile,quantile,id,pitch_rate,20,2.0,3,False,434304,9,0.1,0.9714501056095884,0.005665516103149072,0.963055198662688,0.9777419158009136,0.17274951927191295,0.0033867682460406263,0.05684747507473167,0.0011144993297934494,0.9237371608217294,0.18668963175266115,0.0037999585842946734,0.02309810204494643,0.0005719844494425387,0.011549051022473217,0.0002859922247212677,0.006219146035956381,0.010771876913967032,664804,pinball,4657.466583210345
tcn_quantile,quantile,id,pitch_rate,30,3.0,3,False,434304,9,0.1,0.9706365433736123,0.0030663090918627545,0.9641868944333923,0.9762960391799292,0.24435555245921015,0.0031658232823222254,0.08039984138919554,0.001041644796704248,0.9238676654473805,0.27375625616300053,0.0025258618620972893,0.033865677175166004,0.0005262532576333457,0.016932838587583002,0.00026312662881667384,0.009907039001866588,0.016639786981622343,664804,pinball,4657.466583210345
tcn_quantile,quantile,id,pitch_rate,50,5.0,3,False,434304,9,0.1,0.9459265092346989,0.0028294977962022017,0.9390101749005304,0.952121152464633,0.5214573459741053,0.008308409413610452,0.17158718174150198,0.002733908280403791,0.923797316378609,0.6320452572876832,0.006659544409083053,0.0819476021874843,0.0007842034800635815,0.04097380109374215,0.0003921017400317572,0.00013354700854700853,0.0002313102040022539,664804,pinball,4657.466583210345
tcn_quantile,quantile,id,pitch_rate,100,10.0,3,False,434304,9,0.1,0.9145030516258964,0.001723167342033254,0.9091480276488358,0.9197061275051577,1.3028708583822646,0.010812234478088996,0.4287587027263184,0.003558172783259865,0.9237004804982916,1.6811698992465158,0.00522844749927233,0.22237909930627728,0.0005687685343900176,0.11118954965313861,0.000284384267195018,0.00013661705472050301,0.00021494297460328377,664804,pinball,4657.466583210345
tcn_quantile,quantile,id,pitch_rate,150,15.0,3,False,434304,9,0.1,0.9009994535317811,0.0014365497380400554,0.8961704819665487,0.9066892084806956,1.8681285105072645,0.013016755250915614,0.6149734243734191,0.0042850149258269075,0.9234069683655249,2.4428155060296985,0.0018628253769791554,0.3247655198394988,0.0006739810186170808,0.16238275991974946,0.00033699050930853806,7.675115433736122e-06,9.586216104231748e-06,664804,pinball,4657.466583210345
tcn_quantile,quantile,id,roll,10,1.0,3,False,434304,9,0.1,0.991571188230671,0.001951140093946541,0.9877963937702623,0.9933963306808135,0.11123958175318525,0.018927125887647733,0.009181676149048107,0.0015622383471220664,3.682816873957597,0.11291628142070594,0.018678527232268663,0.011643631805306085,0.002207694170322062,0.005821815902653044,0.0011038470851610313,0.026217426810099226,0.04540592723022551,664804,pinball,4657.466583210345
tcn_quantile,quantile,id,roll,20,2.0,3,False,434304,9,0.1,0.9892510008350527,0.0009051431248038737,0.9874165331196582,0.9915405453323017,0.196250671621663,0.007318156037766239,0.01619461368516176,0.0006038945443602559,3.683691963859013,0.20159432050979112,0.006843659533352098,0.021385495049997105,0.0013385633176897444,0.010692747524998549,0.0006692816588448674,0.049345619658119656,0.059280364955170084,664804,pinball,4657.466583210345
tcn_quantile,quantile,id,roll,30,3.0,3,False,434304,9,0.1,0.9836128610374301,0.0012874689866548268,0.9812296801318892,0.9868670332301798,0.29378021375389624,0.006827486629300204,0.024237240852192827,0.0005632763205356629,3.6845301229084004,0.3077035609096796,0.006547058258044867,0.03388457887361608,0.0008382662049623041,0.01694228943680804,0.0004191331024811616,0.044116563513115235,0.0013781722885368968,664804,pinball,4657.466583210345
tcn_quantile,quantile,id,roll,50,5.0,3,False,434304,9,0.1,0.9751257183908045,0.002366014271966774,0.9698711041114059,0.9810651064692013,0.4092772135820268,0.0033280322361295815,0.03375257488247417,0.00027445861517217806,3.685983647312865,0.4414995731091829,0.004312419886016116,0.04981772290447765,0.0006898016533452078,0.024908861452238817,0.00034490082667260963,0.017899136703016013,0.022036252508653865,664804,pinball,4657.466583210345
tcn_quantile,quantile,id,roll,100,10.0,3,False,434304,9,0.1,0.9367900518223795,0.0019479188946433198,0.9308216709954318,0.9425198133104923,1.0699452439044588,0.0033209930915883154,0.088139215315917,0.0002735744906851593,3.6900743810329235,1.319590076027825,0.0042341742888626546,0.16850098242057754,0.0007589630141636912,0.08425049121028877,0.00037948150708187354,0.02451048113763631,0.028727948753593847,664804,pinball,4657.466583210345
tcn_quantile,quantile,id,roll,150,15.0,3,False,434304,9,0.1,0.9222457080754495,0.004286030140068227,0.9139861709770114,0.9316982459291188,2.1321123663509343,0.0065673051117744905,0.1754639851138103,0.0005404619121188177,3.6937274583324062,2.7581450545589115,0.019478169090413288,0.356409258461309,0.0015139755796609736,0.1782046292306545,0.000756987789830476,0.019822520630710286,0.01584403776418684,664804,pinball,4657.466583210345
tcn_quantile,quantile,id,roll_rate,10,1.0,3,False,434304,9,0.1,0.9804553185479911,0.0015728525127436796,0.9767719155246095,0.9843198542956085,0.1086739449351956,0.006066734281562315,0.016772644734284397,0.0009363346371812248,1.9695482829582032,0.11244565335408836,0.006402278699774754,0.012658189171907438,0.00085723256076023,0.006329094585953717,0.00042861628038011766,0.03113103571077709,0.028562014777823053,664804,pinball,4657.466583210345
tcn_quantile,quantile,id,roll_rate,20,2.0,3,False,434304,9,0.1,0.9744449356518322,0.0033767879951323793,0.9693241370100206,0.9805759905503978,0.16381747399029525,0.007637505989999582,0.025278998672782448,0.0011785586670443053,1.9698951249631573,0.1730637344167346,0.006810189244392867,0.020092279795133648,0.0005705094657089724,0.010046139897566829,0.00028525473285449045,0.022915592150505943,0.0172141433230293,664804,pinball,4657.466583210345
tcn_quantile,quantile,id,roll_rate,30,3.0,3,False,434304,9,0.1,0.9734087950682778,0.002938878870657314,0.9669031945365458,0.9781747347480106,0.19202261437393572,0.005253511282874475,0.02962600558761754,0.0008105324215509529,1.9702531268505945,0.20470198758957614,0.004396696582572183,0.02424019353369568,0.0004135798551281079,0.012120096766847839,0.00020678992756405456,0.03415272865703901,0.04364458699660357,664804,pinball,4657.466583210345
tcn_quantile,quantile,id,roll_rate,50,5.0,3,False,434304,9,0.1,0.9593694739168876,0.004887050966600896,0.9482825969827586,0.966843961833186,0.32439595158967954,0.008639441476911824,0.05002721951411904,0.0013323447260264781,1.9711142946671736,0.36858311780302233,0.004568577734337428,0.04416532732072422,0.00044532808678474567,0.022082663660362118,0.0002226640433923671,0.06100028244424796,0.02141918868274063,664804,pinball,4657.466583210345
tcn_quantile,quantile,id,roll_rate,100,10.0,3,False,434304,9,0.1,0.9249857242852931,0.003798573663640157,0.915729419945476,0.9321664087827881,0.8296393280787641,0.011241115137196,0.1278395196726934,0.00173214879175564,1.972726817260997,1.0434883547296565,0.0039053020168846953,0.1350684299694613,0.0007097576111500529,0.06753421498473065,0.00035487880557503185,0.011613217162786129,0.009944384059363785,664804,pinball,4657.466583210345
tcn_quantile,quantile,id,roll_rate,150,15.0,3,False,434304,9,0.1,0.9146258534728363,0.004195754098303872,0.906343713159446,0.9226106598143236,1.4414394787912215,0.01972900969614295,0.22195443551331182,0.0030378946010388127,1.9741281062750022,1.8770422148794221,0.013792864953058703,0.24460453122647566,0.0014823840449506892,0.12230226561323787,0.0007411920224752946,0.02210586747224678,0.01911215458900246,664804,pinball,4657.466583210345
dlinear_gaussian,gaussian,unseen_heading,heave,10,1.0,3,False,542880,9,0.1,0.9790432508104923,0.0024482571700841773,0.9732348769525494,0.9845419337606837,0.0728945715215901,0.0004937439869035313,0.02842749658416106,0.0001925507648672145,0.7794698459399999,0.07642875915256024,0.00012854294077549667,0.007415782259262625,5.77099105370493e-05,0.003707891129631314,2.885495526852441e-05,0.0,0.0,120600,gaussian_nll,1015.3242196550127
dlinear_gaussian,gaussian,unseen_heading,heave,20,2.0,3,False,542880,9,0.1,0.9587729639453778,0.00035872908233718483,0.9524845730179782,0.9652559036987916,0.3984162837736294,0.000570839483522153,0.15536116602730987,0.00022259704581959733,0.7795381170816457,0.4498984397615624,0.0011545105774457053,0.04617976722595752,0.00018974093044949933,0.023089883612978757,9.487046522474945e-05,0.0,0.0,120600,gaussian_nll,1015.3242196550127
dlinear_gaussian,gaussian,unseen_heading,heave,30,3.0,3,False,542880,9,0.1,0.9367674869830043,0.0002537745552480356,0.9275148283230179,0.946143438697318,0.8417641240898108,8.197316638683429e-05,0.328220338386003,3.1962945010458636e-05,0.7795925331975873,1.0537959333686555,0.0011236362376906696,0.1097324489959578,0.00019355648319879698,0.0548662244979789,9.677824159938575e-05,0.0,0.0,120600,gaussian_nll,1015.3242196550127
dlinear_gaussian,gaussian,unseen_heading,heave,50,5.0,3,False,542880,9,0.1,0.9310842175066313,0.00020573891010619214,0.9215426061007957,0.9407694149720012,0.9920471972763578,0.0003625512205002268,0.38674455827557547,0.00014133875082717102,0.7797418971482062,1.2720896005860485,0.000962983155924459,0.13399659542183953,0.00012792856044483648,0.06699829771091975,6.396428022244471e-05,0.0,0.0,120600,gaussian_nll,1015.3242196550127
dlinear_gaussian,gaussian,unseen_heading,heave,100,10.0,3,False,542880,9,0.1,0.9212318253266529,7.668972883391909e-05,0.9120129218243442,0.9305542200854702,1.895472119739953,0.0008422471564693231,0.7388454322606681,0.0003283036758553381,0.7798418820620302,2.463471365230784,0.0006263587220587777,0.27273042948389575,9.101711034316641e-05,0.1363652147419479,4.5508555171543684e-05,0.0,0.0,120600,gaussian_nll,1015.3242196550127
dlinear_gaussian,gaussian,unseen_heading,heave,150,15.0,3,False,542880,9,0.1,0.8919693732193732,1.7890758282128796e-05,0.8804270280725022,0.9037037651046271,2.2706466540860553,0.00038255210463981876,0.8850036992517084,0.00014910291178660135,0.7799149016983908,3.369074767025726,0.00012050493095439842,0.36887796479177,4.067201455146325e-05,0.18443898239588497,2.0336007275801516e-05,0.0,0.0,120600,gaussian_nll,1015.3242196550127
dlinear_gaussian,gaussian,unseen_heading,heave_rate,10,1.0,3,False,542880,9,0.1,0.9927393407996856,0.0006666825636701968,0.9910047800618922,0.9945034353816681,0.04368647531208259,0.00029565347477272227,0.029575092264434426,0.00020015299316870444,0.44901789131634606,0.044190617775365065,0.00024431309981082526,0.004201703608684745,8.282093007880874e-05,0.0021008518043423717,4.1410465039404044e-05,0.0,0.0,120600,gaussian_nll,1015.3242196550127
dlinear_gaussian,gaussian,unseen_heading,heave_rate,20,2.0,3,False,542880,9,0.1,0.9786085322723254,0.0006367956644125103,0.9751250736811082,0.9821748821102269,0.23877597405057358,0.0003416394475163088,0.1616311716388259,0.00023126105714642674,0.4490640117514402,0.24960764133964494,0.0006742106310672386,0.025960471527718378,0.0001420398436001845,0.012980235763859182,7.101992180008851e-05,0.0,0.0,120600,gaussian_nll,1015.3242196550127
dlinear_gaussian,gaussian,unseen_heading,heave_rate,30,3.0,3,False,542880,9,0.1,0.9606622703605462,0.00045845894938750743,0.9553113026819924,0.9659162245800177,0.5044807993849751,4.911381592915189e-05,0.3414579711824329,3.3242700147655406e-05,0.44910731984426616,0.5574399503132944,0.0007620269819288717,0.060743517034836,0.000152605804943751,0.030371758517417993,7.630290247185914e-05,0.0,0.0,120600,gaussian_nll,1015.3242196550127
dlinear_gaussian,gaussian,unseen_heading,heave_rate,50,5.0,3,False,542880,9,0.1,0.9521140337950683,0.00036962080970764813,0.9462087846301208,0.9581216843501326,0.5945475366220253,0.0002174501597483449,0.40239670442301484,0.0001471728032986739,0.44913294867058995,0.6746557957817393,0.0005681381828042207,0.07484317373413431,0.00012318722215210173,0.037421586867067154,6.159361107604829e-05,0.0,0.0,120600,gaussian_nll,1015.3242196550127
dlinear_gaussian,gaussian,unseen_heading,heave_rate,100,10.0,3,False,542880,9,0.1,0.9257982120051085,7.262200550382999e-05,0.9185931973916888,0.9335876252578839,1.135982128256131,0.0005047845990266813,0.7688576504906367,0.0003416493016552219,0.4491261128521456,1.4071117409575908,0.00037193963011259947,0.16374150998812478,0.00013024933047699707,0.08187075499406239,6.512466523845558e-05,0.0,0.0,120600,gaussian_nll,1015.3242196550127
dlinear_gaussian,gaussian,unseen_heading,heave_rate,150,15.0,3,False,542880,9,0.1,0.8941257736516356,2.8949737779043574e-05,0.8844016173003242,0.9044805021367521,1.3608296692888036,0.00022945353302947889,0.9210759261812185,0.000155305348068428,0.4491083042103025,1.9216225042156208,0.00023459018786173473,0.22095159714276472,3.071315463619707e-05,0.11047579857138239,1.535657731804376e-05,0.0,0.0,120600,gaussian_nll,1015.3242196550127
dlinear_gaussian,gaussian,unseen_heading,pitch,10,1.0,3,False,542880,9,0.1,1.0,0.0,1.0,1.0,0.13977350379576228,0.0009446560778155151,0.4553047447220983,0.003077166864103564,0.09331800023822037,0.13977350379576228,0.0009446560778155151,0.009944302112349883,6.049847375497662e-05,0.004972151056174943,3.0249236877488183e-05,0.0,0.0,120600,gaussian_nll,1015.3242196550127
dlinear_gaussian,gaussian,unseen_heading,pitch,20,2.0,3,False,542880,9,0.1,1.0,0.0,1.0,1.0,0.7639627731240483,0.0010899235540715831,2.488698255713143,0.003550553696205042,0.09331311784801627,0.7639627731240483,0.0010899235540715831,0.0542390577539131,6.842675742981548e-05,0.02711952887695655,3.421337871491341e-05,0.0,0.0,120600,gaussian_nll,1015.3242196550127
dlinear_gaussian,gaussian,unseen_heading,pitch,30,3.0,3,False,542880,9,0.1,1.0,0.0,1.0,1.0,1.614088738981904,0.00015434307595584842,5.258296882994045,0.0005028110881455029,0.0933093260053012,1.614088738981904,0.00015434307595584842,0.1148466179265571,1.7365751962667827e-05,0.05742330896327857,8.682875981360976e-06,0.0,0.0,120600,gaussian_nll,1015.3242196550127
dlinear_gaussian,gaussian,unseen_heading,pitch,50,5.0,3,False,542880,9,0.1,1.0,0.0,1.0,1.0,1.9022598267788637,0.0006955793600677186,6.197756868220796,0.0022662686219641587,0.09329922763600644,1.9022598267788637,0.0006955793600677186,0.13548895127090332,4.3245557827798666e-05,0.06774447563545168,2.1622778913983453e-05,0.0,0.0,120600,gaussian_nll,1015.3242196550127
dlinear_gaussian,gaussian,unseen_heading,pitch,100,10.0,3,False,542880,9,0.1,1.0,0.0,1.0,1.0,3.6345847368846393,0.0016152888938109381,11.845309471945491,0.005264314417990017,0.09327196673014979,3.6345847368846393,0.0016152888938109381,0.26018365451183106,0.00012037964888884035,0.13009182725591553,6.018982444436497e-05,0.0,0.0,120600,gaussian_nll,1015.3242196550127
dlinear_gaussian,gaussian,unseen_heading,pitch,150,15.0,3,False,542880,9,0.1,1.0,0.0,1.0,1.0,4.353985897133322,0.0007337744982383175,14.187474545918649,0.002391006140615944,0.09328776110372569,4.353985897133322,0.0007337744982383175,0.31186534366087143,5.1275679246389304e-05,0.15593267183043577,2.563783962318589e-05,0.0,0.0,120600,gaussian_nll,1015.3242196550127
dlinear_gaussian,gaussian,unseen_heading,pitch_rate,10,1.0,3,False,542880,9,0.1,1.0,0.0,1.0,1.0,0.10419250268942891,0.0007041791277359608,0.4815967873172801,0.0032548446083916784,0.06576512293290253,0.10419250268942891,0.0007041791277359608,0.0074184882207308815,4.5624429026384225e-05,0.0037092441103654394,2.2812214513192407e-05,0.0,0.0,120600,gaussian_nll,1015.3242196550127
dlinear_gaussian,gaussian,unseen_heading,pitch_rate,20,2.0,3,False,542880,9,0.1,1.0,0.0,1.0,1.0,0.5694870293151145,0.0008124531475720955,2.6324357945823595,0.003755538997371196,0.06576105880147227,0.5694870293151145,0.0008124531475720955,0.04048053118071901,4.952097414661853e-05,0.020240265590359515,2.4760487073308403e-05,0.0,0.0,120600,gaussian_nll,1015.3242196550127
dlinear_gaussian,gaussian,unseen_heading,pitch_rate,30,3.0,3,False,542880,9,0.1,1.0,0.0,1.0,1.0,1.20320342181839,0.00011506360293001077,5.562332045705268,0.000531931637050025,0.06575441150073948,1.20320342181839,0.00011506360293001077,0.08570704350366898,1.5791306159035923e-05,0.042853521751834496,7.895653079552826e-06,0.0,0.0,120600,gaussian_nll,1015.3242196550127
dlinear_gaussian,gaussian,unseen_heading,pitch_rate,50,5.0,3,False,542880,9,0.1,1.0,0.0,1.0,1.0,1.4180171454045691,0.0005185214137363884,6.556651412055626,0.002397547991978506,0.06574188233734778,1.4180171454045691,0.0005185214137363884,0.10112032844290968,3.28778113629777e-05,0.05056016422145484,1.643890568147392e-05,0.0,0.0,120600,gaussian_nll,1015.3242196550127
dlinear_gaussian,gaussian,unseen_heading,pitch_rate,100,10.0,3,False,542880,9,0.1,1.0,0.0,1.0,1.0,2.7093582194299266,0.0012040962133804875,12.530779033525377,0.005568943773020267,0.06572507723549406,2.7093582194299266,0.0012040962133804875,0.19424193784167712,8.937097278674742e-05,0.09712096892083853,4.46854863932452e-05,0.0,0.0,120600,gaussian_nll,1015.3242196550127
dlinear_gaussian,gaussian,unseen_heading,pitch_rate,150,15.0,3,False,542880,9,0.1,1.0,0.0,1.0,1.0,3.2456273937954414,0.0005470115282879273,15.009868349959277,0.0025297330929640854,0.0657301350648849,3.2456273937954414,0.0005470115282879273,0.23243847348202182,3.7926734085599886e-05,0.11621923674101087,1.8963367042767532e-05,0.0,0.0,120600,gaussian_nll,1015.3242196550127
dlinear_gaussian,gaussian,unseen_heading,roll,10,1.0,3,False,542880,9,0.1,0.963395225464191,0.0075734742244273675,0.9515333499115827,0.9764922726937812,0.294710749946618,0.002004551082078932,0.017716220553678347,0.00012050143772379283,5.0567053318459285,0.32643323073116565,0.007332349472016876,0.03217958665637895,0.0008301556622240453,0.016089793328189467,0.0004150778311120233,0.0,0.0,120600,gaussian_nll,1015.3242196550127
dlinear_gaussian,gaussian,unseen_heading,roll,20,2.0,3,False,542880,9,0.1,0.9416918410452894,0.002530536022407366,0.930855023209549,0.9530060050103153,1.6107495069101774,0.002325041151763719,0.09680174707788962,0.0001397287688452884,5.058101722258217,1.970870093717301,0.028201529814172607,0.1996631943767007,0.0028638814444583017,0.09983159718835038,0.0014319407222291634,0.0,0.0,120600,gaussian_nll,1015.3242196550127
dlinear_gaussian,gaussian,unseen_heading,roll,30,3.0,3,False,542880,9,0.1,0.9203335298162885,0.0012151441320987046,0.9074556531830239,0.9328244271293841,3.4031322753590043,0.0003482697288654815,0.20449424694803575,2.0927530926387488e-05,5.058718148754806,4.708931316336186,0.03521297775540731,0.4752249121124142,0.003087174180569174,0.23761245605620698,0.0015435870902847776,0.0,0.0,120600,gaussian_nll,1015.3242196550127
dlinear_gaussian,gaussian,unseen_heading,roll,50,5.0,3,False,542880,9,0.1,0.9147706061499165,0.0008056978080308981,0.9024893162393163,0.9275110521662246,4.010694083888157,0.0014620669395579492,0.24100529043922206,8.785658044210605e-05,5.058662539241705,5.709551310942492,0.03047884596607203,0.5810839308753861,0.002426867633255364,0.290541965437693,0.0012134338166276259,0.0,0.0,120600,gaussian_nll,1015.3242196550127
dlinear_gaussian,gaussian,unseen_heading,roll,100,10.0,3,False,542880,9,0.1,0.8921762943314667,0.0008658810389178821,0.8776833738579428,0.9060781848659004,7.66309999153948,0.0034031792930373497,0.4601505747372865,0.000204352665286128,5.062292920246066,12.146061798116905,0.06719078283911686,1.2441509056008495,0.0044932433676064965,0.6220754528004246,0.0022466216838032673,0.0,0.0,120600,gaussian_nll,1015.3242196550127
dlinear_gaussian,gaussian,unseen_heading,roll,150,15.0,3,False,542880,9,0.1,0.8537362461931428,2.3178340318537322e-05,0.8369626805187149,0.8702672782198645,9.179870375942265,0.001548866050067265,0.5509157494983605,9.295280498537216e-05,5.065170959625261,18.310253545476822,0.003868535620793624,1.7786939665405512,0.00036415602537504617,0.889346983270276,0.0001820780126878629,0.0,0.0,120600,gaussian_nll,1015.3242196550127
dlinear_gaussian,gaussian,unseen_heading,roll_rate,10,1.0,3,False,542880,9,0.1,0.9632785637095983,0.006772938821067572,0.9529150548924256,0.9755908303860891,0.15619650817831143,0.0010619786948524701,0.017371149470441067,0.00011810629352639858,2.7332887334068814,0.1727675945182384,0.0032844376842208825,0.017571290812916345,0.00035110435929085985,0.008785645406458169,0.00017555217964542656,0.0,0.0,120600,gaussian_nll,1015.3242196550127
dlinear_gaussian,gaussian,unseen_heading,roll_rate,20,2.0,3,False,542880,9,0.1,0.9395698251301701,0.002704408675380345,0.9286673390067787,0.95066658377542,0.8536974595539838,0.0012319853513177805,0.09494373407050138,0.00013701492052627773,2.733256744126837,1.0461421054711564,0.01491824361847283,0.11020267529621251,0.0015386420414715855,0.055101337648106284,0.0007693210207358332,0.0,0.0,120600,gaussian_nll,1015.3242196550127
dlinear_gaussian,gaussian,unseen_heading,roll_rate,30,3.0,3,False,542880,9,0.1,0.9152661116023185,0.0013820491343200976,0.9024673500589449,0.9275170387562629,1.8036607212237354,0.00018425094930039457,0.20056559822260836,2.0488554989684263e-05,2.733638938173776,2.5016922997263875,0.019395141427941513,0.26290327465616925,0.0016879091225897585,0.13145163732808463,0.0008439545612948884,0.0,0.0,120600,gaussian_nll,1015.3242196550127
dlinear_gaussian,gaussian,unseen_heading,roll_rate,50,5.0,3,False,542880,9,0.1,0.9069180420473524,0.0008817529634880026,0.8948699988947834,0.9192885628499853,2.1256690719860685,0.0007755607019340477,0.23625428140177285,8.619852390647536e-05,2.7350087097464617,3.0539303247905654,0.015566561343092214,0.32334157805706404,0.0012316827299532578,0.16167078902853194,0.0006158413649766496,0.0,0.0,120600,gaussian_nll,1015.3242196550127
dlinear_gaussian,gaussian,unseen_heading,roll_rate,100,10.0,3,False,542880,9,0.1,0.873749877198153,0.0007725200077582892,0.8592155264515179,0.887873425066313,4.061445706071619,0.0018034717678069813,0.4512184302323108,0.0002003620776763794,2.736128999843485,6.769240468811396,0.034285118175995194,0.715071393536279,0.002108993784706514,0.3575356967681396,0.001054496892353218,0.0,0.0,120600,gaussian_nll,1015.3242196550127
dlinear_gaussian,gaussian,unseen_heading,roll_rate,150,15.0,3,False,542880,9,0.1,0.8335414824638963,4.873547213157813e-06,0.8167967598732685,0.8507300876805187,4.865334423849498,0.0008206788762607462,0.5403397478286249,9.114387181138284e-05,2.7370865408303726,10.272152899098371,0.0024899107381784855,1.0157274860448402,0.00021893410353726554,0.5078637430224204,0.00010946705176863616,0.0,0.0,120600,gaussian_nll,1015.3242196550127
dlinear_quantile,quantile,unseen_heading,heave,10,1.0,3,False,542880,9,0.1,0.9587324393358876,0.0033196678288789075,0.9491173924255821,0.9675261567933982,0.05155709585439237,0.0016106957622966619,0.02010628687015338,0.0006281407150771093,0.7794698459399999,0.057977778089933485,0.0015050800678925638,0.004447308928210998,2.453626264600257e-05,0.0022236544641054995,1.2268131323000953e-05,0.46640264269574616,0.07353074369332716,542700,pinball,1168.1270394810126
dlinear_quantile,quantile,unseen_heading,heave,20,2.0,3,False,542880,9,0.1,0.9348167796443659,0.0014321363622399942,0.9246327917771884,0.9453489260978486,0.3238385793569649,0.004088781189628649,0.12627982676057392,0.0015944072547299985,0.7795381170816457,0.40672597665183935,0.0027385088187984,0.032441550683300235,9.688695404016537e-05,0.016220775341650114,4.8443477020083255e-05,0.18602330779054918,0.04583069600611182,542700,pinball,1168.1270394810126
dlinear_quantile,quantile,unseen_heading,heave,30,3.0,3,False,542880,9,0.1,0.9182778268985166,0.000629171340962275,0.9067904048776894,0.9299891780872385,0.7533555158061316,0.003458263074887963,0.2937480883854686,0.0013484445870093357,0.7795925331975873,1.0333485211055862,0.001966677151497278,0.0932309680382411,1.7417456986741942e-05,0.04661548401912055,8.708728493406785e-06,0.04978693879555949,0.03316958371566118,542700,pinball,1168.1270394810126
dlinear_quantile,quantile,unseen_heading,heave,50,5.0,3,False,542880,9,0.1,0.9177160084487671,0.00032374302869956435,0.9069258399646332,0.9289336501620985,0.909251205264544,0.0009571087958235238,0.3544669615588974,0.000373124000026085,0.7797418971482062,1.24610064416163,0.0007658841048634043,0.12366112774446951,0.00010914182216395124,0.06183056387223474,5.457091108196155e-05,0.023569358483151587,0.01774389560621067,542700,pinball,1168.1270394810126
dlinear_quantile,quantile,unseen_heading,heave,100,10.0,3,False,542880,9,0.1,0.9192031388152078,0.00021262458046726786,0.9097201499410551,0.9286528330386089,1.884219985829299,0.0013306470125368504,0.7344594074510745,0.0005186794661474458,0.7798418820620302,2.4638377169150445,0.0004285486180030519,0.25759181293101013,5.864129840491192e-05,0.12879590646550507,2.9320649202497056e-05,0.0,0.0,542700,pinball,1168.1270394810126
dlinear_quantile,quantile,unseen_heading,heave,150,15.0,3,False,542880,9,0.1,0.8944444444444445,8.210981833192295e-05,0.8830764625699971,0.9059385131152373,2.29540520922532,0.0005708713155881562,0.8946535550964946,0.000222501913797547,0.7799149016983908,3.3617839117096935,5.16459393183674e-05,0.36098166286843253,1.1797802277023384e-05,0.1804908314342162,5.898901138524474e-06,0.0,0.0,542700,pinball,1168.1270394810126
dlinear_quantile,quantile,unseen_heading,heave_rate,10,1.0,3,False,542880,9,0.1,0.9743485362019845,0.0033021481148405806,0.9678696028588271,0.9804954594017093,0.03089656361771634,0.0009653169128444343,0.020916512790749294,0.0006535051536624454,0.44901789131634606,0.03257186842261805,0.0008633554862166069,0.0024639952178739035,7.050669591842622e-06,0.0012319976089369517,3.525334795921643e-06,0.5198539886039887,0.08275471806247003,542700,pinball,1168.1270394810126
dlinear_quantile,quantile,unseen_heading,heave_rate,20,2.0,3,False,542880,9,0.1,0.9547935700952942,0.0014361607747028834,0.9481692547155909,0.961669291556145,0.19407627304990396,0.002450823808682749,0.13137324860711763,0.0016590007652688722,0.4490640117514402,0.218280880516992,0.001579338387531929,0.017334945126472847,0.00012410152622575153,0.008667472563236425,6.205076311288075e-05,0.19572342568032222,0.037804842574707544,542700,pinball,1168.1270394810126
dlinear_quantile,quantile,unseen_heading,heave_rate,30,3.0,3,False,542880,9,0.1,0.9404718046959427,0.00029516350595365227,0.9335549292661363,0.9477239445181255,0.4514877987975019,0.0020749970534487583,0.30558964380599357,0.0014044623401800874,0.44910731984426616,0.5351608982064023,0.0015206516708670245,0.04820588273138813,2.4057636595056668e-05,0.02410294136569407,1.2028818297522666e-05,0.04564114844287257,0.03463153688319347,542700,pinball,1168.1270394810126
dlinear_quantile,quantile,unseen_heading,heave_rate,50,5.0,3,False,542880,9,0.1,0.9375128941939287,0.0006046538359405488,0.9300868516062482,0.9452237142646626,0.5446729377399391,0.0005868484356182968,0.36864099442781884,0.0003971858631023796,0.44913294867058995,0.6516728320285373,0.0005106693927705454,0.06382236601854313,6.951438733032526e-05,0.03191118300927156,3.4757193665174825e-05,0.009677399548089202,0.012474070485329294,542700,pinball,1168.1270394810126
dlinear_quantile,quantile,unseen_heading,heave_rate,100,10.0,3,False,542880,9,0.1,0.9225826456429905,0.0002357099801281223,0.9148723935307986,0.930545424403183,1.129238489731524,0.0007969644011148696,0.7642934078473593,0.0005394030079561951,0.4491261128521456,1.415350527105095,0.0003314502255603104,0.15369699733162936,5.8701673068522845e-05,0.07684849866581468,2.9350836534258278e-05,0.0,0.0,542700,pinball,1168.1270394810126
dlinear_quantile,quantile,unseen_heading,heave_rate,150,15.0,3,False,542880,9,0.1,0.8963147165733373,9.210752509256993e-05,0.8867485908488064,0.9065677958296493,1.3756680167796034,0.00034188753329313223,0.9311192438472933,0.00023140616602095659,0.4491083042103025,1.92269374124102,9.912188712095288e-05,0.21679551859191878,1.020066920816273e-05,0.10839775929595936,5.10033460411594e-06,0.0,0.0,542700,pinball,1168.1270394810126
dlinear_quantile,quantile,unseen_heading,pitch,10,1.0,3,False,542880,9,0.1,1.0,0.0,1.0,1.0,0.09883528333591358,0.0030942674044831444,0.32195067181365694,0.010079411279255776,0.09331800023822037,0.09883528333591358,0.0030942674044831444,0.0034775516424299575,9.906000120764002e-05,0.0017387758212149783,4.953000060382093e-05,0.0003917378917378918,0.0006737298691763472,542700,pinball,1168.1270394810126
dlinear_quantile,quantile,unseen_heading,pitch,20,2.0,3,False,542880,9,0.1,1.0,0.0,1.0,1.0,0.6209450136296584,0.00784369047690757,2.022801145132473,0.025551740863509427,0.09331311784801627,0.6209450136296584,0.00784369047690757,0.021111663950103925,0.00024338254499864026,0.010555831975051957,0.0001216912724993246,0.0,0.0,542700,pinball,1168.1270394810126
dlinear_quantile,quantile,unseen_heading,pitch,30,3.0,3,False,542880,9,0.1,1.0,0.0,1.0,1.0,1.4445344485893388,0.006638400032764945,4.705931467675025,0.021626244801369165,0.0933093260053012,1.4445344485893388,0.006638400032764945,0.052176534635159276,0.0002756546721000288,0.02608826731757964,0.0001378273360500271,0.0,0.0,542700,pinball,1168.1270394810126
dlinear_quantile,quantile,unseen_heading,pitch,50,5.0,3,False,542880,9,0.1,1.0,0.0,1.0,1.0,1.742639426788572,0.0018831116713029445,5.677697296746186,0.006135370221326972,0.09329922763600644,1.742639426788572,0.0018831116713029445,0.06550926773429071,0.00028529181719129046,0.03275463386714536,0.00014264590859565694,0.0,0.0,542700,pinball,1168.1270394810126
dlinear_quantile,quantile,unseen_heading,pitch,100,10.0,3,False,542880,9,0.1,1.0,0.0,1.0,1.0,3.6130108833213535,0.0025524831463875426,11.774999109012917,0.008318681494492603,0.09327196673014979,3.6130108833213535,0.0025524831463875426,0.15185272180166356,3.993760737661383e-05,0.07592636090083178,1.996880368830628e-05,0.0,0.0,542700,pinball,1168.1270394810126
dlinear_quantile,quantile,unseen_heading,pitch,150,15.0,3,False,542880,9,0.1,1.0,0.0,1.0,1.0,4.401462126673443,0.0010949974435275265,14.3421759652733,0.0035680520619333802,0.09328776110372569,4.401462126673443,0.0010949974435275265,0.18516146665296254,2.4426303984818816e-05,0.0925807333264813,1.2213151992395984e-05,0.0,0.0,542700,pinball,1168.1270394810126
dlinear_quantile,quantile,unseen_heading,pitch_rate,10,1.0,3,False,542880,9,0.1,1.0,0.0,1.0,1.0,0.07367550497530406,0.0023065574902050748,0.3405416472800074,0.010661330214482645,0.06576512293290253,0.07367550497530406,0.0023065574902050748,0.002608625620027558,7.3047303044254e-05,0.0013043128100137787,3.6523651522127524e-05,0.00029533844189016603,0.0005067562953810773,542700,pinball,1168.1270394810126
dlinear_quantile,quantile,unseen_heading,pitch_rate,20,2.0,3,False,542880,9,0.1,1.0,0.0,1.0,1.0,0.4628761710001867,0.005846801975385377,2.1396304714183185,0.02702665734520671,0.06576105880147227,0.4628761710001867,0.005846801975385377,0.015831723540176545,0.00018627271944995086,0.007915861770088269,9.313635972498027e-05,0.0,0.0,542700,pinball,1168.1270394810126
dlinear_quantile,quantile,unseen_heading,pitch_rate,30,3.0,3,False,542880,9,0.1,1.0,0.0,1.0,1.0,1.0768112931853009,0.004948758427069837,4.978029362823728,0.022877791972818882,0.06575441150073948,1.0768112931853009,0.004948758427069837,0.0390290210526616,0.00020409147589867233,0.019514510526330804,0.00010204573794934873,0.0,0.0,542700,pinball,1168.1270394810126
dlinear_quantile,quantile,unseen_heading,pitch_rate,50,5.0,3,False,542880,9,0.1,1.0,0.0,1.0,1.0,1.2990299985415472,0.001403837361766874,6.006476650753062,0.0064910866911268884,0.06574188233734778,1.2990299985415472,0.001403837361766874,0.048978690156030034,0.00020306802894520527,0.024489345078015024,0.00010153401447261276,0.0,0.0,542700,pinball,1168.1270394810126
dlinear_quantile,quantile,unseen_heading,pitch_rate,100,10.0,3,False,542880,9,0.1,1.0,0.0,1.0,1.0,2.6932762728451327,0.001902688978854958,12.456400046783116,0.008799934609080273,0.06572507723549406,2.6932762728451327,0.001902688978854958,0.1138122561621791,2.9246723742898092e-05,0.056906128081089524,1.4623361871456025e-05,0.0,0.0,542700,pinball,1168.1270394810126
dlinear_quantile,quantile,unseen_heading,pitch_rate,150,15.0,3,False,542880,9,0.1,1.0,0.0,1.0,1.0,3.2810180509820612,0.0008162390083842596,15.173537508718903,0.0037748141026207192,0.0657301350648849,3.2810180509820612,0.0008162390083842596,0.13786928991735983,1.87509587451781e-05,0.06893464495867992,9.37547937257623e-06,0.0,0.0,542700,pinball,1168.1270394810126
dlinear_quantile,quantile,unseen_heading,roll,10,1.0,3,False,542880,9,0.1,0.9502247273798998,0.006457779243329271,0.934306891025641,0.9607462975243147,0.20896257518725767,0.006427559383324394,0.012561561022638681,0.0003863858365446993,5.0567053318459285,0.2422808480330674,0.009229195245150952,0.017306447989979306,0.0009375593382348104,0.008653223994989655,0.0004687796691174031,0.4768555359072601,0.06265566182208751,542700,pinball,1168.1270394810126
dlinear_quantile,quantile,unseen_heading,roll,20,2.0,3,False,542880,9,0.1,0.9111006729541212,0.004842874869856887,0.892648375331565,0.9273322373268493,1.3112764636510343,0.01590354237135576,0.07880421632226851,0.0009557604578924348,5.058101722258217,1.8816689122010715,0.04713772385469291,0.125045196211267,0.0023366752467263623,0.06252259810563349,0.001168337623363176,0.2610239217997839,0.05071142299142933,542700,pinball,1168.1270394810126
dlinear_quantile,quantile,unseen_heading,roll,30,3.0,3,False,542880,9,0.1,0.9036944935651832,0.002432128401689092,0.8881805831859712,0.9191708572796935,3.046824417062238,0.013734482809689277,0.18308370475676042,0.0008253051871431646,5.058718148754806,4.614825596329467,0.06388103555224955,0.34930262122962225,0.0009047728145217135,0.17465131061481118,0.0004523864072609332,0.10679032812653501,0.04272708976822169,542700,pinball,1168.1270394810126
dlinear_quantile,quantile,unseen_heading,roll,50,5.0,3,False,542880,9,0.1,0.9026623440416545,0.0005098602694333585,0.8892681623931624,0.9161682139699381,3.675497506529705,0.0038877167788555103,0.22086310387729138,0.00023361550191461735,5.058662539241705,5.584492116941587,0.021226121261429785,0.4602769211380126,0.0005266079560464421,0.23013846056900625,0.0002633039780232702,0.05143371156302191,0.05338108383694826,542700,pinball,1168.1270394810126
dlinear_quantile,quantile,unseen_heading,roll,100,10.0,3,False,542880,9,0.1,0.8895931574810886,0.00034900146629106467,0.8758791077217801,0.903535495873858,7.6176100621183105,0.005386195401323908,0.4574190147692552,0.00032342797461898783,5.062292920246066,12.218653853266277,0.0191589592474839,1.1093344003935233,0.0007702377533659036,0.5546672001967617,0.0003851188766831287,2.6402397092052266e-05,4.57302932050433e-05,542700,pinball,1168.1270394810126
dlinear_quantile,quantile,unseen_heading,roll,150,15.0,3,False,542880,9,0.1,0.8565465664603596,2.8773392557896986e-05,0.8400897067491895,0.8728306439728853,9.279962157411681,0.0023097875480656313,0.5569226032499517,0.00013861833404088961,5.065170959625261,18.13491371075797,0.01125108729732284,1.6920427339224264,0.0002788782024144908,0.8460213669612133,0.00013943910120702731,0.0,0.0,542700,pinball,1168.1270394810126
dlinear_quantile,quantile,unseen_heading,roll_rate,10,1.0,3,False,542880,9,0.1,0.9447895176343453,0.006741508429558175,0.9288765012525789,0.9564258215443561,0.11077375745336322,0.0033932210039680356,0.012319529550097527,0.00037737174750974013,2.7332887334068814,0.12977331406084017,0.0045558875913374545,0.00991925120619641,0.00044915502871285476,0.004959625603098206,0.00022457751435642938,0.5471976618528344,0.06708886651963385,542700,pinball,1168.1270394810126
dlinear_quantile,quantile,unseen_heading,roll_rate,20,2.0,3,False,542880,9,0.1,0.9029865409175754,0.0048255730701271225,0.8847270575449455,0.9190784335396405,0.6949195934296375,0.008462157497823013,0.07728529626108403,0.0009411165772424412,2.733256744126837,1.0085565309418476,0.023692931031964466,0.0711669350630626,0.0010065499685757522,0.03558346753153129,0.0005032749842878712,0.28975218587287555,0.04175802401609964,542700,pinball,1168.1270394810126
dlinear_quantile,quantile,unseen_heading,roll_rate,30,3.0,3,False,542880,9,0.1,0.8938101729050004,0.002370450146076157,0.8788635610079576,0.9089537743147657,1.6147206492236637,0.00730786086581924,0.17955561662074349,0.0008126281561901498,2.733638938173776,2.481760237064965,0.030371126377202934,0.1961300196913014,0.0004540389754518289,0.09806500984565066,0.00022701948772590135,0.11474788780823264,0.04332813212796179,542700,pinball,1168.1270394810126
dlinear_quantile,quantile,unseen_heading,roll_rate,50,5.0,3,False,542880,9,0.1,0.8915942135769722,0.0006012981494457727,0.8783888244179192,0.9045645446507515,1.9477542827068983,0.0020668145846739136,0.2164802106182028,0.00022971298822003897,2.7350087097464617,3.0147680809057724,0.010348416059913778,0.25875413262938335,0.0002889137748014053,0.12937706631469162,0.00014445688740075908,0.0503309509775027,0.054583589366556405,542700,pinball,1168.1270394810126
dlinear_quantile,quantile,unseen_heading,roll_rate,100,10.0,3,False,542880,9,0.1,0.8702862511052166,0.000405359112659936,0.8561266301945182,0.884409399867374,4.03733272834095,0.0028508196430860424,0.44853952701723304,0.0003167203152083634,2.736128999843485,6.83568473326618,0.010863339025886706,0.6546105162208846,0.000337984672711419,0.32730525811044225,0.00016899233635552842,3.254248943904116e-05,5.6365245113192906e-05,542700,pinball,1168.1270394810126
dlinear_quantile,quantile,unseen_heading,roll_rate,150,15.0,3,False,542880,9,0.1,0.8364248698300423,4.317318948632447e-05,0.8198927939876216,0.8534448681108163,4.918380807486624,0.001223182979161895,0.546231032386003,0.00013584562230069624,2.7370865408303726,10.183843935399684,0.004125250321738165,0.9833414606757218,0.0001403199431905218,0.49167073033786096,7.015997159558387e-05,0.0,0.0,542700,pinball,1168.1270394810126
lstm_gaussian,gaussian,unseen_heading,heave,10,1.0,3,False,542880,9,0.1,0.10625491207387759,0.015697761859534233,0.08713647583259652,0.1259315594606543,0.08178540836724792,0.019983503607663225,0.031894753867996145,0.007793186360635382,0.7794698459399999,2.810384693628647,1.0234480387619334,0.15861650786242779,0.05493061861259039,0.07930825393121385,0.027465309306295167,0.0,0.0,433928,gaussian_nll,2909.491442403659
lstm_gaussian,gaussian,unseen_heading,heave,20,2.0,3,False,542880,9,0.1,0.0733470871401906,0.007206118400968824,0.06631069481284999,0.08349543177129384,0.09503174881681137,0.020913947573396544,0.03705732899758416,0.00815532751438202,0.7795381170816457,4.689038306308362,0.8936565426428227,0.2574285877530792,0.04858806157819658,0.12871429387653957,0.024294030789098368,0.0,0.0,433928,gaussian_nll,2909.491442403659
lstm_gaussian,gaussian,unseen_heading,heave,30,3.0,3,False,542880,9,0.1,0.09493196777679536,0.014598102134221006,0.078849147141173,0.1111738321544356,0.1350854355064599,0.012617264843235006,0.05267246023450186,0.004919718978081043,0.7795925331975873,6.2756748728042355,0.8307712393612565,0.3479873186805023,0.042695293101314,0.1739936593402511,0.021347646550657,0.0,0.0,433928,gaussian_nll,2909.491442403659
lstm_gaussian,gaussian,unseen_heading,heave,50,5.0,3,False,542880,9,0.1,0.424339326063464,0.19985536894199096,0.22052824749484232,0.6348567823460065,0.42083264447503277,0.11430403371797251,0.16405946777761996,0.04456084665199554,0.7797418971482062,4.894164862046964,3.080631601503009,0.323592954581287,0.14052604756736675,0.16179647729064348,0.07026302378368343,0.0,0.0,433928,gaussian_nll,2909.491442403659
lstm_gaussian,gaussian,unseen_heading,heave,100,10.0,3,False,542880,9,0.1,0.6335199921406818,0.26825222525254067,0.3451503094606543,0.8980329907161804,1.3275751383061303,0.2471004280793371,0.5174820651304957,0.09631849537365986,0.7798418820620302,7.095871818120005,4.871531401885621,0.5071474892225654,0.24599722673029084,0.25357374461128274,0.12299861336514527,0.0,0.0,433928,gaussian_nll,2909.491442403659
lstm_gaussian,gaussian,unseen_heading,heave,150,15.0,3,False,542880,9,0.1,0.657487842617153,0.31086412584729833,0.3005275106837607,0.9219041500884173,2.1193206952417842,0.560915135644933,0.8260231294968355,0.21862140862768772,0.7799149016983908,10.38754611112816,8.30373374518803,0.7466086757825793,0.43246429891678073,0.37330433789128925,0.21623214945838973,0.0,0.0,433928,gaussian_nll,2909.491442403659
lstm_gaussian,gaussian,unseen_heading,heave_rate,10,1.0,3,False,542880,9,0.1,0.06861614598683564,0.013586643799560327,0.053370634394341296,0.08521431992337164,0.05975164797794227,0.01536869030020355,0.040450974569946514,0.010404374131009985,0.44901789131634606,3.1274934188936503,0.7518238701404713,0.17011868459829993,0.03999161578699539,0.08505934229914992,0.019995807893497666,0.0,0.0,433928,gaussian_nll,2909.491442403659
lstm_gaussian,gaussian,unseen_heading,heave_rate,20,2.0,3,False,542880,9,0.1,0.07992189802534631,0.016558663869721747,0.06605069260241675,0.10076292182434424,0.07058760858245318,0.012713183277634214,0.047781850430011236,0.008605751548469959,0.4490640117514402,3.6767584535025954,0.6824919504727832,0.2009309920396297,0.035725173291485356,0.1004654960198148,0.01786258664574268,0.0,0.0,433928,gaussian_nll,2909.491442403659
lstm_gaussian,gaussian,unseen_heading,heave_rate,30,3.0,3,False,542880,9,0.1,0.20208824540721093,0.09518360206358918,0.13352835801650456,0.31603319333922786,0.11895332379484247,0.026556844673290086,0.08051359072121633,0.017975007798520203,0.44910731984426616,3.1848211787278857,1.2580752834510893,0.18704329071598588,0.058433472181028505,0.09352164535799294,0.029216736090514225,0.0,0.0,433928,gaussian_nll,2909.491442403659
lstm_gaussian,gaussian,unseen_heading,heave_rate,50,5.0,3,False,542880,9,0.1,0.25651770802632873,0.11675200778265284,0.1649825007368111,0.3966131557618627,0.25304768954385953,0.04446261261040655,0.17126562648436527,0.030092814589927578,0.44913294867058995,4.357472919492494,1.3847603428810482,0.27446840087903107,0.05958803224068456,0.1372342004395155,0.029794016120342257,0.0,0.0,433928,gaussian_nll,2909.491442403659
lstm_gaussian,gaussian,unseen_heading,heave_rate,100,10.0,3,False,542880,9,0.1,0.5321120689655172,0.302023052751041,0.2208311229000884,0.8464027040966696,0.8732044793832371,0.4030624337699448,0.5910039671549487,0.27280150639792866,0.4491261128521456,5.179884260547861,2.852464325047008,0.38166374683886434,0.10711560044143736,0.19083187341943217,0.05355780022071872,0.0,0.0,433928,gaussian_nll,2909.491442403659
lstm_gaussian,gaussian,unseen_heading,heave_rate,150,15.0,3,False,542880,9,0.1,0.6826665193044503,0.2623585136770909,0.3797433134394341,0.9027327402004126,1.5073046646342683,0.4994531359413663,1.0202173507437229,0.33805425480745954,0.4491083042103025,4.57501966474809,2.2719602602565003,0.3829853211054801,0.0921772192484649,0.19149266055273997,0.046088609624232474,0.0,0.0,433928,gaussian_nll,2909.491442403659
lstm_gaussian,gaussian,unseen_heading,pitch,10,1.0,3,False,542880,9,0.1,0.07281167108753316,0.015342983196645116,0.05754250478927203,0.09089020593869732,0.1579278229035437,0.042200551120857396,0.5144414723743569,0.13746604780895808,0.09331800023822037,8.426084476276612,1.4173653208977954,0.4590359765980192,0.07713794902738796,0.22951798829900957,0.03856897451369398,0.0,0.0,433928,gaussian_nll,2909.491442403659
lstm_gaussian,gaussian,unseen_heading,pitch,20,2.0,3,False,542880,9,0.1,0.09293520974555458,0.039496077137181375,0.06785279435602712,0.14006041850869438,0.2553997401700865,0.03988338071737224,0.8319945817146207,0.12992478627901738,0.09331311784801627,12.439556629746825,1.807667820576667,0.6858385224196505,0.08550213262207493,0.34291926120982524,0.042751066311037325,0.0,0.0,433928,gaussian_nll,2909.491442403659
lstm_gaussian,gaussian,unseen_heading,pitch,30,3.0,3,False,542880,9,0.1,0.129420866489832,0.06954479550180015,0.07431467359269084,0.21242631889183614,0.41147952621315165,0.10487457986698392,1.3404972464322107,0.3416551166621169,0.0933093260053012,15.279949869195377,2.1708565913176177,0.8680990547993669,0.08556901818324349,0.43404952739968333,0.04278450909162186,0.0,0.0,433928,gaussian_nll,2909.491442403659
lstm_gaussian,gaussian,unseen_heading,pitch,50,5.0,3,False,542880,9,0.1,0.3549458443854996,0.2289926767126507,0.1623304413498379,0.6234697354848217,0.8624250803576202,0.3340059424101124,2.8098690251811096,1.088225485529049,0.09329922763600644,11.962875381490676,4.851902591510919,0.7723871209840331,0.20507385930118074,0.3861935604920163,0.10253692965059026,0.0,0.0,433928,gaussian_nll,2909.491442403659
lstm_gaussian,gaussian,unseen_heading,pitch,100,10.0,3,False,542880,9,0.1,0.5695905786423028,0.3047358273693275,0.2410631262894194,0.8681224211612143,2.546658142319433,0.9950926454316168,8.299697489204789,3.243061089971376,0.09327196673014979,12.744275916240511,7.214489724237769,0.9663023640995996,0.3161383348666004,0.48315118204979995,0.15806916743330074,0.0,0.0,433928,gaussian_nll,2909.491442403659
lstm_gaussian,gaussian,unseen_heading,pitch,150,15.0,3,False,542880,9,0.1,0.6604197367128402,0.29884282742526214,0.3147140712496316,0.9114262360005894,3.3927220259908624,1.122411133989563,11.055193682830852,3.6573796447106424,0.09328776110372569,14.837771325819666,10.584539585503334,1.1071893744010828,0.4904652085775739,0.5535946872005413,0.24523260428878677,0.0,0.0,433928,gaussian_nll,2909.491442403659
lstm_gaussian,gaussian,unseen_heading,pitch_rate,10,1.0,3,False,542880,9,0.1,0.08488125061400924,0.01828984772286499,0.07169356027114648,0.10724312923666371,0.16959060636228462,0.03253852944898106,0.7838787731850135,0.15039902912561348,0.06576512293290253,7.27623212073587,0.6747380714401738,0.40380110287054216,0.0341404710886587,0.20190055143527116,0.017070235544329362,0.0,0.0,433928,gaussian_nll,2909.491442403659
lstm_gaussian,gaussian,unseen_heading,pitch_rate,20,2.0,3,False,542880,9,0.1,0.12473659003831417,0.05098651935874728,0.0868808023872679,0.18524360816386679,0.25699345760860376,0.05930917956575023,1.187944135612673,0.2741548080980144,0.06576105880147227,8.474934961917787,0.773293404588789,0.48845739361028073,0.023933973779304854,0.24422869680514028,0.011966986889652462,0.0,0.0,433928,gaussian_nll,2909.491442403659
lstm_gaussian,gaussian,unseen_heading,pitch_rate,30,3.0,3,False,542880,9,0.1,0.17581479025444544,0.06797500843061456,0.12618773946360154,0.2593024701591512,0.308294836898275,0.0488982342070806,1.4252272057314592,0.22605339228290486,0.06575441150073948,8.446519155594624,1.5720107935477332,0.49701010178638,0.06763090394041585,0.24850505089319017,0.03381545197020797,0.0,0.0,433928,gaussian_nll,2909.491442403659
lstm_gaussian,gaussian,unseen_heading,pitch_rate,50,5.0,3,False,542880,9,0.1,0.3397607820021613,0.22305884430910897,0.16392176908340703,0.6015745652814618,1.0073077433953657,0.4659458770203974,4.657606404486363,2.154448345288281,0.06574188233734778,9.300742086785542,2.2434677646670536,0.6552428919718816,0.08445555162305678,0.3276214459859408,0.04222777581152838,0.0,0.0,433928,gaussian_nll,2909.491442403659
lstm_gaussian,gaussian,unseen_heading,pitch_rate,100,10.0,3,False,542880,9,0.1,0.5945365458296493,0.28379168445369096,0.28429012857353375,0.8690142388741527,2.3702949766554067,1.0917409818778987,10.96261187750713,5.049300940587491,0.06572507723549406,7.735777660870802,2.0999789762311045,0.6744071812934518,0.06519827658299478,0.3372035906467257,0.03259913829149731,0.0,0.0,433928,gaussian_nll,2909.491442403659
lstm_gaussian,gaussian,unseen_heading,pitch_rate,150,15.0,3,False,542880,9,0.1,0.7151948865310934,0.28599841750317073,0.3780238726790451,0.9399039382552313,3.172080489782267,1.2686208688361942,14.669740167378864,5.866918754643208,0.0657301350648849,7.9480439647424435,3.834929493200421,0.6380984427116247,0.15911157276059992,0.31904922135581243,0.0795557863803,0.0,0.0,433928,gaussian_nll,2909.491442403659
lstm_gaussian,gaussian,unseen_heading,roll,10,1.0,3,False,542880,9,0.1,0.08409163473818647,0.012636996137569256,0.07150383141762452,0.1023800379457707,0.41346551267489856,0.03349974977689585,0.024855035709471087,0.0020138015177526575,5.0567053318459285,16.019913367151634,2.8689733246158653,0.8945662586734932,0.15373404995698592,0.4472831293367466,0.07686702497849296,0.0,0.0,433928,gaussian_nll,2909.491442403659
lstm_gaussian,gaussian,unseen_heading,roll,20,2.0,3,False,542880,9,0.1,0.07456098339719029,0.0020347731505661387,0.07001524277925139,0.08005093206601827,0.4300382477416988,0.04564288900975903,0.025844151131583837,0.002743015831370524,5.058101722258217,20.226222328625198,3.2903155140645706,1.110262928183598,0.1764558042061644,0.5551314640917989,0.08822790210308191,0.0,0.0,433928,gaussian_nll,2909.491442403659
lstm_gaussian,gaussian,unseen_heading,roll,30,3.0,3,False,542880,9,0.1,0.08829022988505747,0.01967309570408862,0.07368635794282347,0.11538212864721485,0.5427037005192651,0.13250289485697955,0.03261106991261217,0.00796210006246506,5.058718148754806,23.01900247494999,4.125362181769997,1.2783632988931288,0.20010643270248582,0.6391816494465645,0.10005321635124291,0.0,0.0,433928,gaussian_nll,2909.491442403659
lstm_gaussian,gaussian,unseen_heading,roll,50,5.0,3,False,542880,9,0.1,0.130252849002849,0.048753381992569816,0.08717713859416445,0.18932844274977895,0.6800574487190829,0.1496297363049994,0.04086510701534458,0.008991350948804055,5.058662539241705,26.84504357896638,6.475548375445377,1.5119160753225984,0.29988272431827484,0.7559580376612994,0.1499413621591372,0.0,0.0,433928,gaussian_nll,2909.491442403659
lstm_gaussian,gaussian,unseen_heading,roll,100,10.0,3,False,542880,9,0.1,0.3854307888790647,0.2509461596260517,0.14097770225464193,0.659503573533746,1.9983451001280317,0.7974477594294708,0.1199957781266825,0.04788480448246307,5.062292920246066,29.662009399182285,18.962275305718638,1.8874567372900495,0.8452829216886638,0.9437283686450247,0.42264146084433146,0.0,0.0,433928,gaussian_nll,2909.491442403659
lstm_gaussian,gaussian,unseen_heading,roll,150,15.0,3,False,542880,9,0.1,0.4653803173199725,0.2561999476410956,0.19245132441791923,0.7259923924255821,3.408674556731642,0.8274945535250197,0.20456634149641229,0.049660808213128356,5.065170959625261,38.928588664811834,28.093692245608725,2.5920382217422024,1.3690015498156325,1.2960191108711012,0.684500774907817,0.0,0.0,433928,gaussian_nll,2909.491442403659
lstm_gaussian,gaussian,unseen_heading,roll_rate,10,1.0,3,False,542880,9,0.1,0.0777685676392573,0.0035736661985777698,0.06917794908635426,0.08436136899498968,0.273777081676077,0.026660123722797833,0.0304476883820419,0.0029649638105897097,2.7332887334068814,10.530948007270375,1.6707726630979962,0.584432084076781,0.08757837074364122,0.2922160420383905,0.04378918537182049,0.0,0.0,433928,gaussian_nll,2909.491442403659
lstm_gaussian,gaussian,unseen_heading,roll_rate,20,2.0,3,False,542880,9,0.1,0.08441828765104627,0.01938139534337114,0.06849543177129383,0.11104346264367816,0.3112852733339588,0.053592823200940366,0.03461950821187119,0.005960311462957703,2.733256744126837,13.095642504969005,2.0775589746388685,0.7269992183885421,0.10040622014049126,0.3634996091942711,0.05020311007024578,0.0,0.0,433928,gaussian_nll,2909.491442403659
lstm_gaussian,gaussian,unseen_heading,roll_rate,30,3.0,3,False,542880,9,0.1,0.09456847430985364,0.028555653425154343,0.0684029619805482,0.12972143936044797,0.3506541611974594,0.056417720487031114,0.03899245616553592,0.00627360441278561,2.733638938173776,14.907835633049459,2.8557779402532533,0.8304509322122854,0.13507764611787812,0.4152254661061428,0.06753882305893899,0.0,0.0,433928,gaussian_nll,2909.491442403659
lstm_gaussian,gaussian,unseen_heading,roll_rate,50,5.0,3,False,542880,9,0.1,0.2787644906179389,0.16971718411300415,0.138262369216033,0.4767998913203655,0.7278361325204908,0.3955820530201167,0.08089424865471301,0.04396637035528087,2.7350087097464617,12.745674835048613,5.7279351675213235,0.7888118122634267,0.23405578000471244,0.3944059061317134,0.11702789000235607,0.0,0.0,433928,gaussian_nll,2909.491442403659
lstm_gaussian,gaussian,unseen_heading,roll_rate,100,10.0,3,False,542880,9,0.1,0.48773823558306323,0.2737577286618532,0.21658133473327437,0.7817258878573534,1.464624884718537,0.5481024358468977,0.16271687206698895,0.0608930756699821,2.736128999843485,15.223312688095362,10.015711073440007,1.0045952484487022,0.45718766577849057,0.502297624224351,0.2285938328892448,0.0,0.0,433928,gaussian_nll,2909.491442403659
lstm_gaussian,gaussian,unseen_heading,roll_rate,150,15.0,3,False,542880,9,0.1,0.5087391934374693,0.27707943333106133,0.20690912356321842,0.777148126657825,2.19297671769446,0.6021808923078674,0.24355005913355585,0.06687767852130581,2.7370865408303726,21.00599877927809,14.806945157022355,1.422784829866884,0.7104221504697074,0.711392414933442,0.3552110752348535,0.0,0.0,433928,gaussian_nll,2909.491442403659
lstm_quantile,quantile,unseen_heading,heave,10,1.0,3,False,542880,9,0.1,0.18554376657824934,0.09160732234978755,0.1220634854848217,0.2983998305334512,0.08135218017002861,0.028532985526057864,0.03172580311021624,0.011127321714727233,0.7794698459399999,2.1035427917671496,0.4829897142894128,0.12511787927128376,0.019005954886505822,0.06255893963564191,0.009502977443252902,0.0261635474997544,0.035774261394986046,1246628,pinball,2826.4645210966314
lstm_quantile,quantile,unseen_heading,heave,20,2.0,3,False,542880,9,0.1,0.10490409175754005,0.04278803313872487,0.07830984748010611,0.15846282788093133,0.08666079818774612,0.032542170661749366,0.033793103353565196,0.01268971622139238,0.7795381170816457,4.199237411613939,0.32437978739939294,0.23219080283433943,0.008859233195367178,0.11609540141716972,0.004429616597683573,0.018317123489537283,0.02080742892154136,1246628,pinball,2826.4645210966314
lstm_quantile,quantile,unseen_heading,heave,30,3.0,3,False,542880,9,0.1,0.09630427841634738,0.03420452441460808,0.07075196175950486,0.1392334401709402,0.10699635636271605,0.038969363948712775,0.041719977469238306,0.015194919165465814,0.7795925331975873,6.4076683708189295,0.29975333963364403,0.3492019981715182,0.00487618753909184,0.17460099908575902,0.0024380937695460377,0.009526967285587976,0.009707692920661343,1246628,pinball,2826.4645210966314
lstm_quantile,quantile,unseen_heading,heave,50,5.0,3,False,542880,9,0.1,0.29741010904804005,0.1388215398387483,0.21070149020041262,0.4723065410403772,0.3180860193721247,0.07216433711720957,0.12400421813947121,0.028132900086073415,0.7797418971482062,5.592273119334865,1.5001931654647325,0.35294213608426706,0.06421583872669238,0.17647106804213344,0.032107919363346164,0.009578544061302681,0.013522523854621339,1246628,pinball,2826.4645210966314
lstm_quantile,quantile,unseen_heading,heave,100,10.0,3,False,542880,9,0.1,0.5463079624717556,0.1621472293885995,0.4045970564397289,0.7380584567491895,1.1128851128856008,0.1910531067364836,0.43379698056399363,0.07447153337756657,0.7798418820620302,7.753800486371134,2.794595764199079,0.5788963358248544,0.14257028739500457,0.2894481679124275,0.07128514369750254,0.01351250122801847,0.02247107031424983,1246628,pinball,2826.4645210966314
lstm_quantile,quantile,unseen_heading,heave,150,15.0,3,False,542880,9,0.1,0.7203599322133805,0.1182487758111002,0.581660956380784,0.8401809792219276,2.0201419604939588,0.2449455762730469,0.7873673804920397,0.09546960586179007,0.7799149016983908,8.221631551410061,3.0660703283702246,0.6795731869883971,0.15931433118667732,0.33978659349419854,0.07965716559333866,0.009953703703703704,0.0164523403098479,1246628,pinball,2826.4645210966314
lstm_quantile,quantile,unseen_heading,heave_rate,10,1.0,3,False,542880,9,0.1,0.1294104283328421,0.03843865550229534,0.09767881483937518,0.17614288608900677,0.05571750368393713,0.02026511002527351,0.03771991904644803,0.013719177261723744,0.44901789131634606,2.20470704654525,0.23669316097004384,0.1250574504825722,0.010979052781051534,0.06252872524128607,0.005489526390525772,0.021264367816091954,0.015449364401962144,1246628,pinball,2826.4645210966314
lstm_quantile,quantile,unseen_heading,heave_rate,20,2.0,3,False,542880,9,0.1,0.10175176834659594,0.032148934849712894,0.0815664603595638,0.14107758620689656,0.0590872076685354,0.020706272590709167,0.03999705013164014,0.014016398058543239,0.4490640117514402,3.1511260871407405,0.14994398796350103,0.1735022525546522,0.0027346034051031064,0.08675112627732613,0.0013673017025515296,0.05311855290303566,0.0777983546680317,1246628,pinball,2826.4645210966314
lstm_quantile,quantile,unseen_heading,heave_rate,30,3.0,3,False,542880,9,0.1,0.1669847234502407,0.0634668190563161,0.11941303787208961,0.24505443191865603,0.09093301290714799,0.025474770455837643,0.061548035403199315,0.017242605559603327,0.44910731984426616,2.9941399205108845,0.5180455282668136,0.17314168103816,0.020117071366775,0.08657084051907994,0.010058535683387534,0.008227109735730426,0.010832160139663219,1246628,pinball,2826.4645210966314
lstm_quantile,quantile,unseen_heading,heave_rate,50,5.0,3,False,542880,9,0.1,0.20230744670399844,0.03874484897343081,0.16454584806955497,0.24916698902151488,0.19080187196418108,0.03698758882097531,0.1291369314426056,0.025033631340358402,0.44913294867058995,4.794007831184797,0.49413108006395573,0.2867923901021351,0.01770638362204161,0.1433961950510675,0.00885319181102079,0.010983397190293743,0.00999659361166918,1246628,pinball,2826.4645210966314
lstm_quantile,quantile,unseen_heading,heave_rate,100,10.0,3,False,542880,9,0.1,0.5325289812358778,0.10747862159235383,0.44127136752136753,0.6750044208664898,0.7794939672282851,0.11571136734291117,0.5275786346522834,0.07831599443109417,0.4491261128521456,5.479770353727102,1.2495601930662945,0.4174976407405335,0.051835585479315514,0.2087488203702669,0.025917792739657834,0.013873538658021418,0.014674981583979306,1246628,pinball,2826.4645210966314
lstm_quantile,quantile,unseen_heading,heave_rate,150,15.0,3,False,542880,9,0.1,0.7206245701935358,0.09633787733611122,0.6149645409666962,0.8306368350279988,1.3517661254894116,0.14244680580460434,0.9149412774533788,0.09641494931294527,0.4491083042103025,4.393853178367059,1.1760068841856868,0.402998116108507,0.058663964883619774,0.2014990580542534,0.029331982441809904,0.0065490224972983594,0.01049516946937821,1246628,pinball,2826.4645210966314
lstm_quantile,quantile,unseen_heading,pitch,10,1.0,3,False,542880,9,0.1,0.13526623440416544,0.03619417819481368,0.10567335322723255,0.17881976679929268,0.14684433244508943,0.0418167738002632,0.4783375924774195,0.13621591362588287,0.09331800023822037,5.325214052116529,0.8342552321960647,0.30362727945111917,0.04043178314930893,0.15181363972555964,0.02021589157465436,0.1470097750270164,0.243114791970921,1246628,pinball,2826.4645210966314
lstm_quantile,quantile,unseen_heading,pitch,20,2.0,3,False,542880,9,0.1,0.11996819432164259,0.0297003097836044,0.09357104700854701,0.15678819444444442,0.20188757995603035,0.06584354773918362,0.6576724491850824,0.21449307240244786,0.09331311784801627,9.270099143596077,0.9419657424102948,0.5152145802179392,0.05203391800413459,0.25760729010896954,0.02601695900206751,0.014870075645937716,0.01520182792442629,1246628,pinball,2826.4645210966314
lstm_quantile,quantile,unseen_heading,pitch,30,3.0,3,False,542880,9,0.1,0.14627849002849003,0.03042408366888541,0.11853231837606838,0.18489445181255526,0.32736054889352634,0.08673382995839173,1.0664586848848263,0.2825570965869057,0.0933093260053012,13.09794019735834,1.0162289311138228,0.7400234928232695,0.055407149704797216,0.3700117464116346,0.027703574852398646,0.013971780135573238,0.01623305890928829,1246628,pinball,2826.4645210966314
lstm_quantile,quantile,unseen_heading,pitch,50,5.0,3,False,542880,9,0.1,0.3627087631397976,0.07900710537462277,0.30312960506926023,0.46737142646625407,0.7439605211408562,0.16569516480795138,2.423899387810536,0.5398517759050789,0.09329922763600644,11.627212484269334,2.1114699123165015,0.7408112803865566,0.08268816238012898,0.3704056401932783,0.04134408119006455,0.01042526279595245,0.009186978198879907,1246628,pinball,2826.4645210966314
lstm_quantile,quantile,unseen_heading,pitch,100,10.0,3,False,542880,9,0.1,0.611451886236369,0.1203097151004252,0.47054358237547894,0.732131778661951,2.6073983942083507,0.38390679567985503,8.497653275935148,1.2511731414765916,0.09327196673014979,14.379037274531491,5.8476056657285165,1.1211959202880901,0.280792831135449,0.5605979601440448,0.1403964155677246,0.02252124471952058,0.03231435686641849,1246628,pinball,2826.4645210966314
lstm_quantile,quantile,unseen_heading,pitch,150,15.0,3,False,542880,9,0.1,0.8009553983691915,0.11256393449777866,0.6605602066755084,0.8906599064249927,3.889250287463229,0.3406782565530541,12.673132334310303,1.1101009988058763,0.09328776110372569,11.502823720087505,5.265075130364625,0.9855417232738141,0.2980539214880002,0.4927708616369069,0.1490269607440002,0.0069665487768936045,0.008383773534915054,1246628,pinball,2826.4645210966314
lstm_quantile,quantile,unseen_heading,pitch_rate,10,1.0,3,False,542880,9,0.1,0.20924206700068768,0.10342849687700452,0.12369377210433244,0.331863993884468,0.1651631526033712,0.07605604906750975,0.76341427284909,0.3515449570890702,0.06576512293290253,3.9384770183241464,1.1555901977112484,0.23796601051242097,0.048096707431423656,0.11898300525621049,0.024048353715711804,0.02169171824344238,0.021483948160079168,1246628,pinball,2826.4645210966314
lstm_quantile,quantile,unseen_heading,pitch_rate,20,2.0,3,False,542880,9,0.1,0.19034286275665582,0.054367865810219844,0.14448114684644858,0.25729917292956084,0.2186088895733976,0.06226422027370119,1.0105126829999966,0.28781439037755,0.06576105880147227,6.035784517417732,0.8818099790282161,0.35643974866410644,0.03702745226523404,0.17821987433205325,0.0185137261326171,0.012685430788879066,0.015309182159353165,1246628,pinball,2826.4645210966314
lstm_quantile,quantile,unseen_heading,pitch_rate,30,3.0,3,False,542880,9,0.1,0.22061474604578055,0.04763061027323583,0.18259771956970233,0.28132736516357204,0.2660095154001802,0.06960691600715525,1.2297448836513407,0.3217882965493716,0.06575441150073948,6.436114590467319,0.6144238044367242,0.386888685374454,0.016423829467644813,0.19344434268722696,0.008211914733822366,0.013469520581589548,0.013165899726392854,1246628,pinball,2826.4645210966314
lstm_quantile,quantile,unseen_heading,pitch_rate,50,5.0,3,False,542880,9,0.1,0.3517554524020041,0.05871226528515139,0.28182812039493077,0.41682853485116417,0.8459170433796489,0.17914312889672698,3.91136538435484,0.8283249979362368,0.06574188233734778,10.34102674388429,1.217251121080498,0.6981729038500247,0.05651423268117213,0.3490864519250123,0.02825711634058614,0.034846866096866096,0.039393975938430324,1246628,pinball,2826.4645210966314
lstm_quantile,quantile,unseen_heading,pitch_rate,100,10.0,3,False,542880,9,0.1,0.6830625552608312,0.09941859857025107,0.57844988763631,0.8035760665340407,2.3701296298588668,0.2629832593848429,10.961847148739826,1.2162973095381735,0.06572507723549406,9.056989791497267,2.359074004811432,0.7719161362072858,0.12205256730922376,0.3859580681036429,0.0610262836546119,0.009549071618037136,0.009174326744066342,1246628,pinball,2826.4645210966314
lstm_quantile,quantile,unseen_heading,pitch_rate,150,15.0,3,False,542880,9,0.1,0.8434331712348954,0.10182286070631402,0.7191215369879163,0.9189682802829355,3.234052193591788,0.24818844658387124,14.95633718014188,1.147782988375773,0.0657301350648849,6.533502919009057,2.378185375412994,0.5884127510494581,0.1329457848761636,0.29420637552472934,0.06647289243808202,0.008387980155221535,0.012108865313719134,1246628,pinball,2826.4645210966314
lstm_quantile,quantile,unseen_heading,roll,10,1.0,3,False,542880,9,0.1,0.15070611061990372,0.06543652449431785,0.10344053934571175,0.22919627726201003,0.3679554551812432,0.11344059094590596,0.02211924742854064,0.006819359420385269,5.0567053318459285,12.097955996755843,2.956775482996579,0.7001099359076456,0.13304010690902093,0.3500549679538228,0.0665200534545104,0.011708542096473132,0.010165111068541477,1246628,pinball,2826.4645210966314
lstm_quantile,quantile,unseen_heading,roll,20,2.0,3,False,542880,9,0.1,0.1038707142155418,0.04119034265966681,0.07490053050397878,0.15331256447096966,0.37007229117409196,0.11906890418660629,0.02224035716111336,0.0071557234060702895,5.058101722258217,17.586156723604244,2.6606268423657276,0.9781785430712038,0.11424075076689358,0.48908927153560205,0.0571203753834467,0.04844225857156892,0.07216292396918869,1246628,pinball,2826.4645210966314
lstm_quantile,quantile,unseen_heading,roll,30,3.0,3,False,542880,9,0.1,0.09242803811769329,0.031069637963073035,0.07120887673150604,0.13009357500736812,0.39802640110906734,0.11318305346697584,0.023917409778510326,0.006801170631419796,5.058718148754806,22.099225392891274,2.169366709806916,1.211773512810728,0.09355095633267652,0.6058867564053639,0.046775478166338445,0.009223032714412025,0.013695461362649722,1246628,pinball,2826.4645210966314
lstm_quantile,quantile,unseen_heading,roll,50,5.0,3,False,542880,9,0.1,0.1154859269083407,0.02886434942315261,0.09416072612732095,0.15464273872679044,0.48213159673388617,0.10051472685305983,0.02897161016781663,0.006039997175540325,5.058662539241705,26.363469862579773,1.7544959824506352,1.4465633785714616,0.06960049489779752,0.7232816892857311,0.03480024744889911,0.011014711661263386,0.011299531003288128,1246628,pinball,2826.4645210966314
lstm_quantile,quantile,unseen_heading,roll,100,10.0,3,False,542880,9,0.1,0.3644224629138422,0.09492540121515523,0.2875355511346891,0.4914458535956381,1.6292402995691473,0.26411586263765213,0.09783192977510417,0.01585951718288024,5.062292920246066,25.76732509243214,5.701503489999488,1.6471714586208044,0.24126159026779503,0.8235857293104019,0.12063079513389752,0.024034163473818648,0.03731382768343512,1246628,pinball,2826.4645210966314
lstm_quantile,quantile,unseen_heading,roll,150,15.0,3,False,542880,9,0.1,0.5085169220945083,0.08391204835181176,0.4163258454907162,0.6156093888152078,2.987963270082395,0.436996925870897,0.17931800308694987,0.0262256959069461,5.065170959625261,30.967896933137485,9.74123776673973,2.1368247344748768,0.4153049518481366,1.0684123672374384,0.20765247592406777,0.018524044601630808,0.03165229396091201,1246628,pinball,2826.4645210966314
lstm_quantile,quantile,unseen_heading,roll_rate,10,1.0,3,False,542880,9,0.1,0.12397276255034877,0.047065563116351336,0.08911541224580018,0.18161495173887415,0.20443738699942948,0.062289306325102996,0.022736183083295138,0.006927407425447811,2.7332887334068814,8.226348630149749,1.7130579332567413,0.46456021635558414,0.07967210784272241,0.2322801081777921,0.03983605392136118,0.009155491698595147,0.00790498636570114,1246628,pinball,2826.4645210966314
lstm_quantile,quantile,unseen_heading,roll_rate,20,2.0,3,False,542880,9,0.1,0.1044890215148836,0.035462499065110474,0.0798169024462128,0.1479321396993811,0.22221689754724608,0.06778611139286275,0.02471379267980994,0.007538814203710739,2.733256744126837,10.983574439763155,1.4639234140882083,0.6085601921851312,0.06727772417347656,0.30428009609256557,0.033638862086738344,0.010551134689065723,0.01595582993961819,1246628,pinball,2826.4645210966314
lstm_quantile,quantile,unseen_heading,roll_rate,30,3.0,3,False,542880,9,0.1,0.1014981825326653,0.033223830578527826,0.07646362916298262,0.14201310602711464,0.2522062421548233,0.0725404477369203,0.028045128021049522,0.008066438507248795,2.733638938173776,13.363336378553848,1.551880505170826,0.736054861444663,0.06726212060752758,0.3680274307223315,0.03363106030376399,0.012689728853521957,0.016419887338575974,1246628,pinball,2826.4645210966314
lstm_quantile,quantile,unseen_heading,roll_rate,50,5.0,3,False,542880,9,0.1,0.2194591806660772,0.06504776290733122,0.1700362879457707,0.3022941534040672,0.4895978126489455,0.11312750359164662,0.054415610090795215,0.012573385678914419,2.7350087097464617,13.261599389475945,2.6246015611725495,0.783746129660808,0.10941268995439946,0.39187306483040385,0.05470634497719973,0.005527925139994105,0.004735649388974989,1246628,pinball,2826.4645210966314
lstm_quantile,quantile,unseen_heading,roll_rate,100,10.0,3,False,542880,9,0.1,0.5022577119559878,0.10397817577183155,0.39303635241674034,0.6239053750368405,1.3654534337781925,0.21781334899387692,0.15169912379319886,0.02419862397021208,2.736128999843485,13.24824945960849,4.75430323535479,0.9235533476402944,0.2140696763346309,0.46177667382014737,0.10703483816731553,0.016966303173199724,0.027322632721156356,1246628,pinball,2826.4645210966314
lstm_quantile,quantile,unseen_heading,roll_rate,150,15.0,3,False,542880,9,0.1,0.5986510217113665,0.10033440986825862,0.47999737511052165,0.7107612639994105,2.194556591845473,0.32099172856949276,0.24372551856264968,0.03564905812437105,2.7370865408303726,16.12661878125522,6.624681219812874,1.1850966691411795,0.29471584289856523,0.5925483345705899,0.14735792144928272,0.028274511248649183,0.046989838776900536,1246628,pinball,2826.4645210966314
tcn_gaussian,gaussian,unseen_heading,heave,10,1.0,3,False,542880,9,0.1,0.3843685529030356,0.025969647723798152,0.3515298961096375,0.40846881447096967,0.029463370475526926,0.0035172302986531795,0.011490154150955396,0.001371652925774548,0.7794698459399999,0.20297534358087257,0.009689415173678186,0.016673711254396786,0.0007652489521271752,0.008336855627198396,0.00038262447606358745,0.0,0.0,255304,gaussian_nll,4095.943914618673
tcn_gaussian,gaussian,unseen_heading,heave,20,2.0,3,False,542880,9,0.1,0.2369952844090775,0.006869846705855437,0.2287611903183024,0.24644686671087532,0.06775643740669833,0.009811452229023486,0.026421407834179077,0.003825944673457217,0.7795381170816457,1.0578856072372937,0.0977410981389105,0.0694661481588728,0.006605380545373262,0.03473307407943641,0.0033026902726866246,0.0,0.0,255304,gaussian_nll,4095.943914618673
tcn_gaussian,gaussian,unseen_heading,heave,30,3.0,3,False,542880,9,0.1,0.23987560172905,0.03346196571467739,0.21204308502799882,0.2804728485116416,0.1502376333258605,0.02147614811024591,0.058580599288245494,0.008373971280368748,0.7795925331975873,2.4554371391816914,0.34681149628227814,0.15938076074873261,0.018435332288116547,0.07969038037436633,0.009217666144058242,0.0,0.0,255304,gaussian_nll,4095.943914618673
tcn_gaussian,gaussian,unseen_heading,heave,50,5.0,3,False,542880,9,0.1,0.46131373415856175,0.18413852578457812,0.3419812849985264,0.6814105787651047,0.48234059183848005,0.0831779686717853,0.18803802847394854,0.032426508376363,0.7797418971482062,3.2741466805474757,1.3488798032976252,0.2602249544610914,0.08160412121242111,0.1301124772305457,0.04080206060621049,0.0,0.0,255304,gaussian_nll,4095.943914618673
tcn_gaussian,gaussian,unseen_heading,heave,100,10.0,3,False,542880,9,0.1,0.6329888741526672,0.1878661489304486,0.4896397454317713,0.8562536840554082,1.291348281127332,0.17842660879281166,0.5033610196806756,0.06954978842865611,0.7798418820620302,5.295183477410332,2.4697826974962824,0.4734305369121094,0.16534008329344876,0.23671526845605473,0.08267004164672431,0.0,0.0,255304,gaussian_nll,4095.943914618673
tcn_gaussian,gaussian,unseen_heading,heave,150,15.0,3,False,542880,9,0.1,0.8159169613910994,0.10066761583860907,0.7351343298703212,0.9347946599616858,2.3452861702507266,0.25936394052471146,0.9140950806858134,0.10108928502980134,0.7799149016983908,4.189844228326337,1.22355232575507,0.49761481649294526,0.131380014763329,0.2488074082464727,0.06569000738166456,0.0,0.0,255304,gaussian_nll,4095.943914618673
tcn_gaussian,gaussian,unseen_heading,heave_rate,10,1.0,3,False,542880,9,0.1,0.22578838785735336,0.01526334300013504,0.20797404582964926,0.2411527409372237,0.027211959935853666,0.0033643384351057927,0.01842209104876856,0.002277606946228445,0.44901789131634606,0.47701102845729615,0.05569272186648716,0.03055733657079358,0.003280740827353857,0.01527866828539679,0.0016403704136769308,0.0,0.0,255304,gaussian_nll,4095.943914618673
tcn_gaussian,gaussian,unseen_heading,heave_rate,20,2.0,3,False,542880,9,0.1,0.2278268985165537,0.037374150980032564,0.1970636696875921,0.2734071065428824,0.06751703385532705,0.009007284810188644,0.04570333062615172,0.006097171220614656,0.4490640117514402,1.2237298105804313,0.16785199660727101,0.07778355601670926,0.008662165400408617,0.03889177800835463,0.004331082700204267,0.0,0.0,255304,gaussian_nll,4095.943914618673
tcn_gaussian,gaussian,unseen_heading,heave_rate,30,3.0,3,False,542880,9,0.1,0.3488640829158071,0.13115014280977022,0.25643940649867375,0.5074115366195108,0.1322702618166157,0.02151707101726657,0.0895271639728058,0.014563835579671804,0.44910731984426616,1.4615186657684058,0.4767559150815023,0.1027427439642956,0.024980857601313054,0.051371371982147786,0.01249042880065649,0.0,0.0,255304,gaussian_nll,4095.943914618673
tcn_gaussian,gaussian,unseen_heading,heave_rate,50,5.0,3,False,542880,9,0.1,0.5136598634443462,0.033139630482861705,0.46898877284114354,0.5356636365310934,0.2573659061157101,0.041561569861059466,0.17418824580488265,0.028129355034851342,0.44913294867058995,1.1270225578419015,0.03043202994726079,0.10615482244230338,0.008035993405633766,0.05307741122115168,0.004017996702816863,0.0,0.0,255304,gaussian_nll,4095.943914618673
tcn_gaussian,gaussian,unseen_heading,heave_rate,100,10.0,3,False,542880,9,0.1,0.7078372138716965,0.12804532271939292,0.6277332007073386,0.8609582688623637,0.7623992135978401,0.13350221862394657,0.516008529995622,0.09035723326393001,0.4491261128521456,2.071789403275128,0.61924756474025,0.21284275996844862,0.03682192377871173,0.10642137998422434,0.018410961889355936,0.0,0.0,255304,gaussian_nll,4095.943914618673
tcn_gaussian,gaussian,unseen_heading,heave_rate,150,15.0,3,False,542880,9,0.1,0.8095607377934965,0.1126843047020794,0.7230627855142941,0.9413062278956675,1.3411949048365985,0.16398655540534596,0.9077861594592624,0.1109941029432327,0.4491083042103025,2.579134474290186,0.8035801554911562,0.2856200231943779,0.06728471330005577,0.142810011597189,0.03364235665002804,0.0,0.0,255304,gaussian_nll,4095.943914618673
tcn_gaussian,gaussian,unseen_heading,pitch,10,1.0,3,False,542880,9,0.1,0.4246733470871402,0.012881545406341883,0.40314420313881516,0.44790469348659007,0.07790368743287569,0.007088442338486541,0.253767112909786,0.023090223409708753,0.09331800023822037,0.8168290954710754,0.3588834520857029,0.05795270414099323,0.01712531273923303,0.02897635207049661,0.008562656369616511,0.0,0.0,255304,gaussian_nll,4095.943914618673
tcn_gaussian,gaussian,unseen_heading,pitch,20,2.0,3,False,542880,9,0.1,0.3679953826505551,0.016061570714853438,0.3501304155614501,0.39218294098143236,0.24472242973955857,0.03269260107868538,0.7972119918045126,0.1064999789800475,0.09331311784801627,2.695518610743326,0.559899564779817,0.19043378191306104,0.03354596774398633,0.09521689095653052,0.016772983871993108,0.0,0.0,255304,gaussian_nll,4095.943914618673
tcn_gaussian,gaussian,unseen_heading,pitch,30,3.0,3,False,542880,9,0.1,0.34174832989488163,0.020027509329000697,0.3149050895225464,0.36043932360742703,0.46219744906310667,0.06166209470786633,1.5057235373993771,0.20087966204743604,0.0933093260053012,5.400295799510135,0.6237862159926243,0.3756777963732523,0.046309272482865385,0.18783889818662616,0.023154636241432682,0.0,0.0,255304,gaussian_nll,4095.943914618673
tcn_gaussian,gaussian,unseen_heading,pitch,50,5.0,3,False,542880,9,0.1,0.4832142155418018,0.09082993864315039,0.41070756889183613,0.6006174937371058,0.9094710898654009,0.15121532009014513,2.9631497308158217,0.49267496241871256,0.09329922763600644,6.328459275824972,1.262598394816812,0.5011222499051009,0.06126761204700244,0.2505611249525505,0.030633806023501364,0.0,0.0,255304,gaussian_nll,4095.943914618673
tcn_gaussian,gaussian,unseen_heading,pitch,100,10.0,3,False,542880,9,0.1,0.8322090824245997,0.10601723579132281,0.713757644414972,0.9455128205128205,2.5837065476606687,0.36236607225865275,8.420440258593397,1.1809707514801964,0.09327196673014979,5.413181808132052,2.036932327040987,0.571525510393076,0.14493477311609182,0.2857627551965381,0.07246738655804585,0.0,0.0,255304,gaussian_nll,4095.943914618673
tcn_gaussian,gaussian,unseen_heading,pitch,150,15.0,3,False,542880,9,0.1,0.9055095048629531,0.085532751860312,0.8077321875921014,0.9905617263483644,3.917747599377126,0.25806417874240145,12.765990900451207,0.8409028080526901,0.09328776110372569,5.7712546323696445,1.9526675619177927,0.6168256498829593,0.22306674142213082,0.30841282494147965,0.11153337071106553,0.0,0.0,255304,gaussian_nll,4095.943914618673
tcn_gaussian,gaussian,unseen_heading,pitch_rate,10,1.0,3,False,542880,9,0.1,0.3814078003733176,0.028467466679677752,0.3452631336575302,0.41725961538461537,0.11602160864619393,0.01817551214240106,0.5362730766717514,0.0840105384714466,0.06576512293290253,1.1767378713898602,0.2815130075911244,0.08471317979154232,0.013814470186077772,0.04235658989577118,0.006907235093038894,0.0,0.0,255304,gaussian_nll,4095.943914618673
tcn_gaussian,gaussian,unseen_heading,pitch_rate,20,2.0,3,False,542880,9,0.1,0.3782124963159446,0.013816136254289962,0.35850275383141766,0.3958092948717949,0.2607911306924409,0.03929143231966145,1.2054987594186584,0.18162340410646077,0.06576105880147227,2.418949622549228,0.21708394977484743,0.17888159318251126,0.016393496430180673,0.08944079659125563,0.008196748215090343,0.0,0.0,255304,gaussian_nll,4095.943914618673
tcn_gaussian,gaussian,unseen_heading,pitch_rate,30,3.0,3,False,542880,9,0.1,0.46002861283033697,0.09133108022345808,0.3853208812260536,0.574908036766873,0.3687637452708146,0.05062830221121461,1.7047710806159513,0.23405138541203055,0.06575441150073948,2.7544426905267847,0.7784961751466185,0.2146820166517022,0.0395352064769539,0.10734100832585108,0.019767603238476983,0.0,0.0,255304,gaussian_nll,4095.943914618673
tcn_gaussian,gaussian,unseen_heading,pitch_rate,50,5.0,3,False,542880,9,0.1,0.6154441742803812,0.02589130121630715,0.5840129494547598,0.6550343077659888,0.7783805786390046,0.17343875986561355,3.5990891482444134,0.8019490409289852,0.06574188233734778,2.9108588281344416,0.6692158412967999,0.28649814446020533,0.0727896605345959,0.14324907223010266,0.03639483026729795,0.0,0.0,255304,gaussian_nll,4095.943914618673
tcn_gaussian,gaussian,unseen_heading,pitch_rate,100,10.0,3,False,542880,9,0.1,0.8997599223892326,0.02642955454723862,0.8760477914087828,0.9394667790303567,2.0226035793584285,0.34683514831873596,9.354539515520672,1.604112211325287,0.06572507723549406,2.9124841712039395,0.30875275928324075,0.3343637143461505,0.039363294955493615,0.16718185717307513,0.019681647477746658,0.0,0.0,255304,gaussian_nll,4095.943914618673
tcn_gaussian,gaussian,unseen_heading,pitch_rate,150,15.0,3,False,542880,9,0.1,0.9259062776304156,0.05853775835557329,0.8717277298850574,0.9914644120247569,2.8963800017555905,0.358633127022796,13.394723806224517,1.6585502183143266,0.0657301350648849,3.609488420558003,0.18442063049967336,0.3816806227819158,0.0595546043155641,0.19084031139095783,0.029777302157782064,0.0,0.0,255304,gaussian_nll,4095.943914618673
tcn_gaussian,gaussian,unseen_heading,roll,10,1.0,3,False,542880,9,0.1,0.12923175164554476,0.015222043987252402,0.11519474837901562,0.15057116674034776,0.10719508325728731,0.008353724677525447,0.006443917426154303,0.0005021751967261243,5.0567053318459285,4.141666792354705,0.13870812071714628,0.23396521873969078,0.005257825033202941,0.11698260936984539,0.002628912516601504,0.0,0.0,255304,gaussian_nll,4095.943914618673
tcn_gaussian,gaussian,unseen_heading,roll,20,2.0,3,False,542880,9,0.1,0.10619289714117301,0.01268137441021435,0.08994989684644857,0.11856925103153551,0.2062130398019082,0.01852051697871694,0.012392853412296753,0.0011130336483942767,5.058101722258217,10.889566189723459,0.45710827719462976,0.5989640251614735,0.018302155829108106,0.29948201258073653,0.0091510779145539,0.0,0.0,255304,gaussian_nll,4095.943914618673
tcn_gaussian,gaussian,unseen_heading,roll,30,3.0,3,False,542880,9,0.1,0.11378757736516358,0.017098781981874592,0.09247877063071028,0.12950946802239904,0.3640147215747485,0.05015402518464732,0.021873647670240606,0.00301375579368725,5.058718148754806,17.41572645083153,1.0200969321946958,0.96710714427549,0.03967166018050746,0.48355357213774486,0.01983583009025355,0.0,0.0,255304,gaussian_nll,4095.943914618673
tcn_gaussian,gaussian,unseen_heading,roll,50,5.0,3,False,542880,9,0.1,0.17552436388643286,0.027645441459895774,0.143563863100501,0.20992397030651339,0.6962580241936157,0.10184099355578853,0.04183861043292192,0.006119693428908302,5.058662539241705,22.95221560625929,1.7478952021040421,1.32651184681775,0.07481272262843496,0.6632559234088747,0.03740636131421738,0.0,0.0,255304,gaussian_nll,4095.943914618673
tcn_gaussian,gaussian,unseen_heading,roll,100,10.0,3,False,542880,9,0.1,0.43455214166421063,0.11031009427233261,0.36687182250221045,0.5719851072060124,2.147548662194016,0.2824300712548189,0.12895509027363525,0.016959241006183103,5.062292920246066,17.046382263180977,4.91901212897958,1.300258655121273,0.2670036895891792,0.6501293275606365,0.1335018447945896,0.0,0.0,255304,gaussian_nll,4095.943914618673
tcn_gaussian,gaussian,unseen_heading,roll,150,15.0,3,False,542880,9,0.1,0.5516044061302682,0.10662466348088262,0.45416243000294726,0.6830300895225464,4.263943944231323,0.5820288157680172,0.25589401349407126,0.03492956089105645,5.065170959625261,23.708982802025158,6.83333524999482,1.9666532323580208,0.40814722084805954,0.9833266161790112,0.2040736104240298,0.0,0.0,255304,gaussian_nll,4095.943914618673
tcn_gaussian,gaussian,unseen_heading,roll_rate,10,1.0,3,False,542880,9,0.1,0.10434227330779056,0.01568811213377487,0.08549384762746831,0.11832099174771589,0.10330418109719748,0.017300284650281047,0.011488812340877326,0.0019240240005758244,2.7332887334068814,4.789570655212056,0.10217715966579141,0.26670368878317197,0.002886332379452371,0.13335184439158598,0.0014431661897261704,0.0,0.0,255304,gaussian_nll,4095.943914618673
tcn_gaussian,gaussian,unseen_heading,roll_rate,20,2.0,3,False,542880,9,0.1,0.11635720601237842,0.013711177728669248,0.10133883178603006,0.1321381797082228,0.19450227215815852,0.03135895931608487,0.02163151804802195,0.003487578252358335,2.733256744126837,7.894654951003975,0.39961454059960444,0.44625398453164195,0.021397355154023915,0.22312699226582097,0.01069867757701198,0.0,0.0,255304,gaussian_nll,4095.943914618673
tcn_gaussian,gaussian,unseen_heading,roll_rate,30,3.0,3,False,542880,9,0.1,0.14033303860890067,0.016171011400632932,0.12226440465664604,0.16005217543471856,0.2722122934744527,0.04639402730679448,0.030269784578559566,0.005158977922649466,2.733638938173776,9.437879850304812,0.31542664487095645,0.5430217484748434,0.0224539566537367,0.27151087423742165,0.011226978326868397,0.0,0.0,255304,gaussian_nll,4095.943914618673
tcn_gaussian,gaussian,unseen_heading,roll_rate,50,5.0,3,False,542880,9,0.1,0.23740421455938698,0.0757441157607352,0.17842736884762747,0.33198128499852636,0.507954725682645,0.10662165666407929,0.05645586148960748,0.011850303139379587,2.7350087097464617,11.187652236995822,1.8750965944140001,0.6820479782687938,0.0738827944271609,0.3410239891343969,0.03694139721358034,0.0,0.0,255304,gaussian_nll,4095.943914618673
tcn_gaussian,gaussian,unseen_heading,roll_rate,100,10.0,3,False,542880,9,0.1,0.46431501129776986,0.14261892860450542,0.37109844717064544,0.641318339227822,1.4259802017765877,0.2121040370749005,0.158423525698275,0.023564330925758492,2.736128999843485,11.276189047117185,3.5260515216288373,0.8495086370915391,0.17285044751216333,0.4247543185457696,0.08642522375608169,0.0,0.0,255304,gaussian_nll,4095.943914618673
tcn_gaussian,gaussian,unseen_heading,roll_rate,150,15.0,3,False,542880,9,0.1,0.574363886432852,0.1181580106749202,0.49174007147067494,0.7266163793103448,2.5698720359078666,0.22378333648796656,0.285407720593154,0.02485317987873971,2.7370865408303726,14.287792766400221,4.264400806765983,1.1861389564532756,0.253501110451354,0.593069478226638,0.1267505552256771,0.0,0.0,255304,gaussian_nll,4095.943914618673
tcn_quantile,quantile,unseen_heading,heave,10,1.0,3,False,542880,9,0.1,0.4378929659102073,0.04776224619662365,0.3930294908635426,0.4938203194076039,0.044285199893417386,0.003356162327792682,0.017270385742320236,0.0013088394803302806,0.7794698459399999,0.2529506885654708,0.05014548470446354,0.021385098214960093,0.0030583952536069815,0.010692549107480043,0.0015291976268034923,0.06800152274290205,0.06205165550864741,664804,pinball,4416.180810503662
tcn_quantile,quantile,unseen_heading,heave,20,2.0,3,False,542880,9,0.1,0.24769500933294034,0.01083374298246012,0.23366273393751844,0.26290008841732976,0.08072905585487063,0.006027785154868957,0.03148003924714755,0.0023505157001932103,0.7795381170816457,1.1708256086269466,0.14110360601171767,0.07758234313089284,0.008199037954509063,0.03879117156544642,0.004099518977254548,0.01328531781117988,0.011648902856875289,664804,pinball,4416.180810503662
tcn_quantile,quantile,unseen_heading,heave,30,3.0,3,False,542880,9,0.1,0.18167796443658513,0.024416347672200602,0.16187292771883288,0.212884661435308,0.13242957115616188,0.006325758574803447,0.05163688664468571,0.002466537311999566,0.7795925331975873,2.8961914211636217,0.48168066906766005,0.17780321989941764,0.025495441203545237,0.0889016099497088,0.012747720601772617,0.0,0.0,664804,pinball,4416.180810503662
tcn_quantile,quantile,unseen_heading,heave,50,5.0,3,False,542880,9,0.1,0.2059730818351508,0.07480705791164562,0.14351007589154138,0.2949485613763631,0.2974176509296574,0.010429599594472063,0.11594675973879782,0.004065926398692875,0.7797418971482062,5.515895969882522,1.604949135762266,0.34751738134235494,0.08113462356627264,0.17375869067117747,0.04056731178313632,6.140092346988899e-07,1.0634951908149605e-06,664804,pinball,4416.180810503662
tcn_quantile,quantile,unseen_heading,heave,100,10.0,3,False,542880,9,0.1,0.26611712840161117,0.10487467420564968,0.2004786969496021,0.3898985042735043,0.6579594486188572,0.05102630894784879,0.25646926069874587,0.019889796794485163,0.7798418820620302,9.460383401287638,2.5277705836153705,0.6248154073739998,0.12953626057249606,0.3124077036869997,0.06476813028624795,1.2280184693977797e-06,2.126990381629921e-06,664804,pinball,4416.180810503662
tcn_quantile,quantile,unseen_heading,heave,150,15.0,3,False,542880,9,0.1,0.4249637734551528,0.1091353302081215,0.34657553234600647,0.5530422008547009,1.2034386782395412,0.05217827327776108,0.46905038269517396,0.020336922430571638,0.7799149016983908,8.392327034859315,2.40799155908767,0.661690875497478,0.1340979636831264,0.33084543774873887,0.06704898184156302,0.00016148442872580804,0.0002514171010558102,664804,pinball,4416.180810503662
tcn_quantile,quantile,unseen_heading,heave_rate,10,1.0,3,False,542880,9,0.1,0.24091020728951762,0.02317452685065028,0.22409303160919541,0.26969321028588267,0.03797420801347156,0.0029298482285469024,0.025707972493643302,0.001983463556193535,0.44901789131634606,0.5705301546138464,0.07660383679637726,0.03785643699852281,0.004362356642503628,0.018928218499261407,0.0021811783212518153,0.0206307102858827,0.03573343841138268,664804,pinball,4416.180810503662
tcn_quantile,quantile,unseen_heading,heave_rate,20,2.0,3,False,542880,9,0.1,0.17922438353472836,0.030077935462806002,0.15813757183908045,0.21647905614500443,0.06527219848991057,0.005081213931011484,0.04418376664283533,0.0034395527618828223,0.4490640117514402,1.4553928398442653,0.2859237739873603,0.08926168423331597,0.015590320286840677,0.044630842116657986,0.007795160143420374,0.0,0.0,664804,pinball,4416.180810503662
tcn_quantile,quantile,unseen_heading,heave_rate,30,3.0,3,False,542880,9,0.1,0.18597050299636506,0.058271578009699794,0.14112575523135867,0.25570761494252875,0.09671115199383833,0.0022542101203199025,0.06545897047180156,0.0015257627549784367,0.44910731984426616,2.032289067750305,0.5430638583266292,0.1258429786898216,0.027414902900903915,0.0629214893449108,0.013707451450451982,0.0,0.0,664804,pinball,4416.180810503662
tcn_quantile,quantile,unseen_heading,heave_rate,50,5.0,3,False,542880,9,0.1,0.2556439728853522,0.04835448095296888,0.21375253278809314,0.31444734563807836,0.14613198603050714,0.007002700851853904,0.09890383185095808,0.004739509578756635,0.44913294867058995,1.8755860884422508,0.26897750048747093,0.12791472091899947,0.013837715068354815,0.06395736045949972,0.0069188575341773756,0.0,0.0,664804,pinball,4416.180810503662
tcn_quantile,quantile,unseen_heading,heave_rate,100,10.0,3,False,542880,9,0.1,0.332946507515473,0.12219212915932728,0.2403011715296198,0.47792168619216036,0.39388985754942624,0.046539185738899924,0.2665933053827591,0.03149874290530219,0.4491261128521456,3.9224461579069096,1.0363916324837361,0.27899724583396285,0.05278156589044826,0.13949862291698145,0.026390782945224057,0.0,0.0,664804,pinball,4416.180810503662
tcn_quantile,quantile,unseen_heading,heave_rate,150,15.0,3,False,542880,9,0.1,0.4463638373121131,0.1316166097623052,0.34511112032124963,0.5995304210875331,0.6787890144236514,0.059878423111243584,0.4594375286281431,0.040528638719556545,0.4491083042103025,4.402280043657268,1.1367644546433742,0.3523970587481622,0.06803918421547411,0.17619852937408106,0.03401959210773701,0.0,0.0,664804,pinball,4416.180810503662
tcn_quantile,quantile,unseen_heading,pitch,10,1.0,3,False,542880,9,0.1,0.4815643727281658,0.053579181429643706,0.43136729111405836,0.5502935731653403,0.09203281203589304,0.009004226650900456,0.29979198383184247,0.02933078877881319,0.09331800023822037,0.5453731552350388,0.013417797854011688,0.04647128979724005,0.003055908099506989,0.023235644898620022,0.0015279540497534973,0.017165242165242164,0.017050078515419384,664804,pinball,4416.180810503662
tcn_quantile,quantile,unseen_heading,pitch,20,2.0,3,False,542880,9,0.1,0.29023663915905296,0.03399237605382577,0.26240002394636014,0.33455128205128204,0.19374281723377706,0.009272898579090041,0.6311399302022789,0.03020755373303914,0.09331311784801627,2.6462639430938353,0.1966399739445487,0.17925913274678554,0.011140949423736403,0.08962956637339287,0.0055704747118681605,0.0,0.0,664804,pinball,4416.180810503662
tcn_quantile,quantile,unseen_heading,pitch,30,3.0,3,False,542880,9,0.1,0.23857942823460065,0.028422667080298756,0.21306720638078397,0.27576508620689655,0.31977747055018685,0.0067316727171116185,1.0417549147306324,0.0219301038479773,0.0933093260053012,5.801705033968837,0.48718392629153745,0.3697523880799783,0.02386135902402138,0.18487619403998923,0.011930679512010753,0.0,0.0,664804,pinball,4416.180810503662
tcn_quantile,quantile,unseen_heading,pitch,50,5.0,3,False,542880,9,0.1,0.2925870665094803,0.08773884682507749,0.2221324233716475,0.400533497273799,0.5578558813761813,0.03423010945843648,1.8175514572744638,0.1115251938822743,0.09329922763600644,8.250361927694714,1.7588085786598175,0.5458542559486144,0.08872433300807084,0.272927127974307,0.04436216650403537,3.070046173494449e-06,5.3174759540748025e-06,664804,pinball,4416.180810503662
tcn_quantile,quantile,unseen_heading,pitch,100,10.0,3,False,542880,9,0.1,0.5002928824049514,0.14570303847547067,0.3896752965664603,0.6747856800766283,1.3314859776656245,0.1019502976325112,4.339385268129413,0.332261568690007,0.09327196673014979,7.9307909661734,2.1015810557073014,0.6511048488763247,0.14087728037782465,0.3255524244381624,0.07043864018891222,0.0,0.0,664804,pinball,4416.180810503662
tcn_quantile,quantile,unseen_heading,pitch,150,15.0,3,False,542880,9,0.1,0.6466904902249729,0.16669163708031684,0.4630047155909225,0.8025297947981138,2.1121092219115454,0.1025475601530436,6.882313478277335,0.33415149561583896,0.09328776110372569,8.247342084347425,3.5400309372369025,0.7342523387362431,0.25573427589813064,0.3671261693681216,0.12786713794906532,0.0,0.0,664804,pinball,4416.180810503662
tcn_quantile,quantile,unseen_heading,pitch_rate,10,1.0,3,False,542880,9,0.1,0.28968403084782396,0.05508289102410564,0.22683645557029178,0.3418803879310345,0.09935745716305287,0.007274409212481468,0.45924832334980753,0.033623648688090674,0.06576512293290253,1.2897857201172027,0.1479855732841123,0.08809881236425053,0.0073290534127943225,0.04404940618212525,0.003664526706397166,6.140092346988899e-07,1.0634951908149605e-06,664804,pinball,4416.180810503662
tcn_quantile,quantile,unseen_heading,pitch_rate,20,2.0,3,False,542880,9,0.1,0.292428652126928,0.06038370569686706,0.2352917311376363,0.36372006704980847,0.1881166631445856,0.011882024417901756,0.8695633300283424,0.05492428234476738,0.06576105880147227,2.6078507756603138,0.3312344093353594,0.17516884213858833,0.014701561388218836,0.08758442106929416,0.007350780694109454,0.0,0.0,664804,pinball,4416.180810503662
tcn_quantile,quantile,unseen_heading,pitch_rate,30,3.0,3,False,542880,9,0.1,0.3271072796934866,0.0824867127986937,0.25440419613911,0.4258747329059829,0.2462657037903944,0.012563426476885048,1.1384705122275072,0.05807991269724603,0.06575441150073948,2.9864449620218703,0.6044056027829321,0.20665247428468378,0.030287830890831317,0.1033262371423419,0.015143915445415624,4.29806464289223e-06,7.444466335704724e-06,664804,pinball,4416.180810503662
tcn_quantile,quantile,unseen_heading,pitch_rate,50,5.0,3,False,542880,9,0.1,0.46389502898123586,0.09051106211632301,0.3556730769230769,0.5300445770704392,0.43732753133858643,0.054265151915319054,2.0221223595035274,0.2509121177300565,0.06574188233734778,2.737183007389278,0.4336767066844928,0.22597681441707906,0.026408692765875666,0.11298840720853963,0.013204346382937864,0.0,0.0,664804,pinball,4416.180810503662
tcn_quantile,quantile,unseen_heading,pitch_rate,100,10.0,3,False,542880,9,0.1,0.6657867914333432,0.07705483831388307,0.5903809773798998,0.7539383012820513,1.0308121900844327,0.1376342465217261,4.767505339965791,0.6365582514121718,0.06572507723549406,2.7418366849340337,0.18036627765297497,0.30227189865488613,0.008170615614084144,0.15113594932744304,0.004085307807042167,2.4560369387955594e-06,4.253980763259842e-06,664804,pinball,4416.180810503662
tcn_quantile,quantile,unseen_heading,pitch_rate,150,15.0,3,False,542880,9,0.1,0.7381606739365361,0.0925182976993162,0.665240338564692,0.8476903275125257,1.507516718842479,0.1212114847217992,6.97172680032362,0.5605598571343509,0.0657301350648849,3.044333409707621,0.3772408068985238,0.36553094360848554,0.06052450335626787,0.18276547180424285,0.030262251678133976,5.0962766480007865e-05,8.827010083764172e-05,664804,pinball,4416.180810503662
tcn_quantile,quantile,unseen_heading,roll,10,1.0,3,False,542880,9,0.1,0.18692528735632186,0.02025940309247899,0.1728425711022694,0.21553391173003242,0.15334781332003536,0.012954696054132936,0.009218339279086813,0.0007787576548953768,5.0567053318459285,3.4947919465113433,0.3755520160742203,0.21450992048961584,0.015117644366328474,0.10725496024480792,0.0075588221831642466,0.08917808723843207,0.15430307592297404,664804,pinball,4416.180810503662
tcn_quantile,quantile,unseen_heading,roll,20,2.0,3,False,542880,9,0.1,0.09459180666077217,0.008167562679782287,0.08464665303566166,0.10310842175066312,0.2174978957694834,0.01505495118112894,0.013071043142293385,0.000904762391826631,5.058101722258217,10.830995321113898,0.44661056041275216,0.6029782854309405,0.016424162415728045,0.3014891427154704,0.00821208120786423,0.007457756164652717,0.012906047498428958,664804,pinball,4416.180810503662
tcn_quantile,quantile,unseen_heading,roll,30,3.0,3,False,542880,9,0.1,0.08118614303959132,0.008210747594412714,0.07084254347185381,0.08767536103743001,0.3233148582957636,0.018130770384465603,0.01942799254470011,0.0010894781443568538,5.058718148754806,18.81736822053939,0.6408545500127819,1.0327647282836696,0.028389805024044378,0.5163823641418349,0.014194902512022123,0.027595417035072206,0.03981040292008181,664804,pinball,4416.180810503662
tcn_quantile,quantile,unseen_heading,roll,50,5.0,3,False,542880,9,0.1,0.0830711513901169,0.01274490493529253,0.06973732684939582,0.09805597001178898,0.45848200911331044,0.0291132092612717,0.02755049062739555,0.0017494322196791843,5.058662539241705,28.024140509230254,2.21385238605671,1.530394560348235,0.10724880374884305,0.7651972801741173,0.05362440187442136,0.0,0.0,664804,pinball,4416.180810503662
tcn_quantile,quantile,unseen_heading,roll,100,10.0,3,False,542880,9,0.1,0.1497771146478043,0.031009021926947766,0.12120703470380194,0.18610820991747715,1.030306864998306,0.033829303294439055,0.061867429187688144,0.0020313676411745298,5.062292920246066,29.86098506536703,4.335973174002637,1.7556599757508422,0.22171900350037124,0.8778299878754212,0.11085950175018552,0.0003653354946458395,0.0006264095008636388,664804,pinball,4416.180810503662
tcn_quantile,quantile,unseen_heading,roll,150,15.0,3,False,542880,9,0.1,0.18463564692012968,0.051611307798826944,0.12791367337164752,0.2381539658856469,2.1074233542813094,0.16333468664367307,0.12647375934380387,0.009802279076532461,5.065170959625261,46.35734571274835,9.323825150856184,2.8464436747679307,0.5195035025489468,1.4232218373839647,0.2597517512744718,0.0008338245407210924,0.0011640250005149795,664804,pinball,4416.180810503662
tcn_quantile,quantile,unseen_heading,roll_rate,10,1.0,3,False,542880,9,0.1,0.0960721829256312,0.014370698851629343,0.08143033451223106,0.1124982500736811,0.10842096263001118,0.00983333567889047,0.012057867167075041,0.0010935989918291022,2.7332887334068814,4.902091514899451,0.48338732095715714,0.2748424495147946,0.022376933907536763,0.13742122475739726,0.011188466953768347,4.727871107181452e-05,8.188912969275195e-05,664804,pinball,4416.180810503662
tcn_quantile,quantile,unseen_heading,roll_rate,20,2.0,3,False,542880,9,0.1,0.09076161705472051,0.01262883693216589,0.07502164382552313,0.10104291003536693,0.17605591533580736,0.012596365254397711,0.01958001141987069,0.0014009013844240158,2.733256744126837,8.441859822956006,0.5444912589577224,0.47146415743586556,0.02384774650959087,0.23573207871793275,0.011923873254795402,0.0008939974457215836,0.0015420724273451686,664804,pinball,4416.180810503662
tcn_quantile,quantile,unseen_heading,roll_rate,30,3.0,3,False,542880,9,0.1,0.0910980941153355,0.012071253824805584,0.07789732537577365,0.10465890251989389,0.2091954488368238,0.019341993570704864,0.023262362953126604,0.0021508138785071703,2.733638938173776,10.44725895599167,0.5736831201604633,0.5805795887545454,0.021887177768656844,0.2902897943772726,0.010943588884328346,0.002002898123587779,0.003285810512456793,664804,pinball,4416.180810503662
tcn_quantile,quantile,unseen_heading,roll_rate,50,5.0,3,False,542880,9,0.1,0.10565932311621967,0.028285051284923843,0.08232758620689655,0.13879236663719421,0.31001366465028674,0.04374845058323105,0.03445600095138596,0.004862355524289228,2.7350087097464617,13.779110839980595,1.485887712213908,0.7714323470134916,0.06499355934462418,0.38571617350674575,0.032496779672311994,0.0005814667452598487,0.0010071299457017676,664804,pinball,4416.180810503662
tcn_quantile,quantile,unseen_heading,roll_rate,100,10.0,3,False,542880,9,0.1,0.15288338736614598,0.04457610284396159,0.11471743295019157,0.204820816755084,0.6493643890970024,0.04851163073234422,0.07214307453601748,0.005389544376854425,2.736128999843485,18.94245326962301,3.0131202785231155,1.111830593400863,0.14386303863031066,0.5559152967004316,0.07193151931515558,0.0002124471952058159,0.0002526489457582877,664804,pinball,4416.180810503662
tcn_quantile,quantile,unseen_heading,roll_rate,150,15.0,3,False,542880,9,0.1,0.22527446212791039,0.03702896308071213,0.19455344643383435,0.2703278348806366,1.2813672820426065,0.07020572866426626,0.14230751963540048,0.0077969862742878005,2.7370865408303726,24.43663717257607,3.449625367331356,1.5332027597831501,0.19096002520657263,0.7666013798915747,0.09548001260328619,2.3332350918557816e-05,4.0412817250968503e-05,664804,pinball,4416.180810503662
dlinear_gaussian,gaussian,unseen_seastate,heave,10,1.0,3,False,542880,9,0.1,0.4133227723744965,0.003923445645025783,0.39390408561744766,0.43238270888594166,0.0419760569060926,0.00022965781843362968,0.009775936157437106,5.348573297597099e-05,1.3052269451126672,0.49840326027596,0.0006383638864671064,0.03381127064741096,9.88094484329925e-05,0.016905635323705478,4.9404724216493534e-05,0.0,0.0,120600,gaussian_nll,1036.6534977233193
dlinear_gaussian,gaussian,unseen_seastate,heave,20,2.0,3,False,542880,9,0.1,0.3383589989193438,0.0005913377547912333,0.3241594827586207,0.3522201038903625,0.2191099765115304,0.0004295150624042907,0.05103069396020385,0.00010003401967275518,1.3051890619407918,3.5815532126776084,0.005277055586648319,0.22844492794486096,0.0001888500528615559,0.11422246397243048,9.442502643081738e-05,0.0,0.0,120600,gaussian_nll,1036.6534977233193
dlinear_gaussian,gaussian,unseen_seastate,heave,30,3.0,3,False,542880,9,0.1,0.28422241870517734,0.00034577334600268355,0.27181821949602125,0.29645041261420574,0.4172924387165231,0.00010217735312634598,0.09719208354758081,2.3798250148682023e-05,1.3051257868066772,8.94241990168607,0.01013799143788528,0.545079152808999,0.0005063491611819706,0.2725395764044995,0.0002531745805912225,0.0,0.0,120600,gaussian_nll,1036.6534977233193
dlinear_gaussian,gaussian,unseen_seastate,heave,50,5.0,3,False,542880,9,0.1,0.38305027507613715,0.0017743769493260481,0.3670782677571471,0.398475261567934,0.5198199699044506,0.0007106347046423049,0.12106537038467442,0.00016550586492769645,1.305196114559555,6.85401596453607,0.02734295643771164,0.45577108181836246,0.0013534610125046013,0.2278855409091812,0.0006767305062523722,0.0,0.0,120600,gaussian_nll,1036.6534977233193
dlinear_gaussian,gaussian,unseen_seastate,heave,100,10.0,3,False,542880,9,0.1,0.43145078101974654,0.00018009530391701549,0.42168522509578543,0.44066593906572354,1.1247929205070382,0.0004709299722420648,0.2620329215967773,0.00010970833319118539,1.3048466130537077,9.599652451628613,0.007626146413358846,0.715458245888196,0.0005030740959743027,0.3577291229440979,0.00025153704798703625,0.0,0.0,120600,gaussian_nll,1036.6534977233193
dlinear_gaussian,gaussian,unseen_seastate,heave,150,15.0,3,False,542880,9,0.1,0.3825130169957756,6.915172524463506e-05,0.37418941570881226,0.3897805684497495,1.3240674145651097,0.00039088334327862316,0.30848172999962403,9.106815003237093e-05,1.3047382588874747,13.44862527280616,0.001180732828808351,0.9610308111734742,4.3793095700463476e-05,0.48051540558673717,2.18965478502123e-05,0.0,0.0,120600,gaussian_nll,1036.6534977233193
dlinear_gaussian,gaussian,unseen_seastate,heave_rate,10,1.0,3,False,542880,9,0.1,0.5541844729344729,0.005460043035640354,0.5345859582228117,0.572038664161509,0.028263294895397428,0.00015488997256090292,0.011699398953942286,6.411565210856728e-05,0.734348118721256,0.1622309474822559,0.00125137964790107,0.013372729614932001,0.00012023334524639549,0.006686364807465997,6.0116672623196566e-05,0.0,0.0,120600,gaussian_nll,1036.6534977233193
dlinear_gaussian,gaussian,unseen_seastate,heave_rate,20,2.0,3,False,542880,9,0.1,0.46329698398663915,0.0006739539446430649,0.4504739997789567,0.4760995063365753,0.14753511091219018,0.00028972183827407076,0.06106879761874373,0.00011992375372815378,0.7343764911329834,1.2084593618941393,0.0018655834627067575,0.09041112343819006,6.013557653678335e-05,0.04520556171909503,3.0067788268395045e-05,0.0,0.0,120600,gaussian_nll,1036.6534977233193
dlinear_gaussian,gaussian,unseen_seastate,heave_rate,30,3.0,3,False,542880,9,0.1,0.3965683023872679,0.00044887686730206276,0.38453428934571177,0.4085759744326555,0.2809803422674001,6.840988440603532e-05,0.1162999813026182,2.831539108085851e-05,0.7344107746237766,3.0811056270789887,0.004081238814335726,0.214535553571619,0.0002136051038098747,0.10726777678580951,0.00010680255190496423,0.0,0.0,120600,gaussian_nll,1036.6534977233193
dlinear_gaussian,gaussian,unseen_seastate,heave_rate,50,5.0,3,False,542880,9,0.1,0.5093482905982906,0.0017132650065158788,0.4950166703507221,0.521638023135868,0.35001292706917714,0.0004771542695155804,0.1449018822994412,0.00019753713778221952,0.734264962236321,2.3123397006385367,0.01086157638119983,0.18383189641603467,0.0005627375832617291,0.09191594820801735,0.0002813687916308153,0.0,0.0,120600,gaussian_nll,1036.6534977233193
dlinear_gaussian,gaussian,unseen_seastate,heave_rate,100,10.0,3,False,542880,9,0.1,0.5335482365654779,0.00011983566497161422,0.5247199657382847,0.5415799071618037,0.7573688300246698,0.0003171242826687675,0.3136123897545509,0.0001313152854913392,0.7341029397003275,3.8968254596608722,0.0029591871051166943,0.33918011438841433,0.0002216723961569548,0.16959005719420714,0.00011083619807830508,0.0,0.0,120600,gaussian_nll,1036.6534977233193
dlinear_gaussian,gaussian,unseen_seastate,heave_rate,150,15.0,3,False,542880,9,0.1,0.47625135082031633,7.938548167252138e-05,0.4691323128499853,0.48301535330091366,0.8915479288165614,0.0002628872537222057,0.36915987700853087,0.0001088527303069363,0.7341299638155024,5.645319499404404,0.00018623642028374297,0.46175087684812866,3.5641814593217187e-05,0.23087543842406433,1.7820907296452712e-05,0.0,0.0,120600,gaussian_nll,1036.6534977233193
dlinear_gaussian,gaussian,unseen_seastate,pitch,10,1.0,3,False,542880,9,0.1,0.7212115630219079,0.0025763866265926787,0.6985215425139993,0.7439776746242264,0.09409690290354684,0.000515821481456636,0.015892764787529375,8.712114027332386e-05,1.7997766828726487,0.3542894894184487,0.00340514080766484,0.03027519843382334,0.00017362334126406825,0.01513759921691167,8.681167063203311e-05,0.0,0.0,120600,gaussian_nll,1036.6534977233193
dlinear_gaussian,gaussian,unseen_seastate,pitch,20,2.0,3,False,542880,9,0.1,0.6661232684939581,0.0006521090273114237,0.6431947207486001,0.6883224653698792,0.49119778280735393,0.000967624787722948,0.08297523333541945,0.00016345532360421294,1.7994950774677116,2.3931965566402567,0.003634908187756848,0.19083305858304636,0.00018990104302679263,0.09541652929152318,9.49505215133575e-05,0.0,0.0,120600,gaussian_nll,1036.6534977233193
dlinear_gaussian,gaussian,unseen_seastate,pitch,30,3.0,3,False,542880,9,0.1,0.6278041801748698,0.0002171275912835982,0.6032473566902447,0.6509206454465074,0.9354891649621707,0.0002218137659605335,0.1580449848955664,3.747403455205115e-05,1.7992884411802126,5.631280547830587,0.007471982610305556,0.42423241303146114,0.00039032757567338797,0.21211620651573046,0.00019516378783645193,0.0,0.0,120600,gaussian_nll,1036.6534977233193
dlinear_gaussian,gaussian,unseen_seastate,pitch,50,5.0,3,False,542880,9,0.1,0.66859711170056,0.0008416131651646158,0.6459495192307693,0.6898310400088418,1.1653194725513645,0.001585940285922934,0.19687130391357457,0.0002679317898422565,1.799307264730753,5.2507355864979885,0.017125671486109755,0.43084177825659714,0.0008952739143142951,0.21542088912829863,0.00044763695715716376,0.0,0.0,120600,gaussian_nll,1036.6534977233193
dlinear_gaussian,gaussian,unseen_seastate,pitch,100,10.0,3,False,542880,9,0.1,0.6629985754985755,8.876840890499392e-05,0.6429838546271736,0.6831618405540819,2.5215702179181325,0.0010560611933877304,0.42614661404576853,0.00017847486403093027,1.7986835875269107,9.898489581251889,0.0016853434039364743,0.8638008847796378,0.0002080039609545337,0.4319004423898189,0.00010400198047699317,0.0,0.0,120600,gaussian_nll,1036.6534977233193
dlinear_gaussian,gaussian,unseen_seastate,pitch,150,15.0,3,False,542880,9,0.1,0.6492828372138716,7.278534980226477e-05,0.6292966677718833,0.6698884652225169,2.9683091627159954,0.0008735690428192968,0.5015322177837355,0.0001476001977609296,1.799090637361259,12.265758642165077,0.0024071694262706744,1.055584782054817,0.0001248119930520442,0.5277923910274082,6.240599652593738e-05,0.0,0.0,120600,gaussian_nll,1036.6534977233193
dlinear_gaussian,gaussian,unseen_seastate,pitch_rate,10,1.0,3,False,542880,9,0.1,0.7420571765399352,0.005499179586247826,0.7150439323607427,0.769514809902741,0.07465972595593034,0.0004095984695206168,0.018065071971123434,9.91086658357109e-05,1.256288669542056,0.33113715398252314,0.0032763425659371355,0.026056204582426228,0.0002254931867719958,0.013028102291213114,0.00011274659338599761,0.0,0.0,120600,gaussian_nll,1036.6534977233193
dlinear_gaussian,gaussian,unseen_seastate,pitch_rate,20,2.0,3,False,542880,9,0.1,0.6972774830533451,0.0008676967257295271,0.6738402593575007,0.7203626031535514,0.3897377926325176,0.0007682697859049031,0.09428930215224622,0.00018586758417327338,1.2564720932103475,1.827254538014808,0.002037595140659782,0.14498831705911,5.820697881516366e-05,0.07249415852955504,2.9103489407571373e-05,0.0,0.0,120600,gaussian_nll,1036.6534977233193
dlinear_gaussian,gaussian,unseen_seastate,pitch_rate,30,3.0,3,False,542880,9,0.1,0.6677049562825425,0.0003166162895007662,0.6459052645151783,0.6900113745210729,0.7422589560569919,0.00017405611836163778,0.17957494600757729,4.2109452236343994e-05,1.2564709426767824,3.4585436107251333,0.0023238937131792124,0.2799575030236661,0.0001652620922696663,0.13997875151183312,8.263104613480468e-05,0.0,0.0,120600,gaussian_nll,1036.6534977233193
dlinear_gaussian,gaussian,unseen_seastate,pitch_rate,50,5.0,3,False,542880,9,0.1,0.6869535317811181,0.0006465552227565674,0.6634678934571175,0.7102574694223401,0.9246150490192155,0.0012576530075600117,0.2237673881151017,0.0003043663727465126,1.2560499558821334,4.383434785846476,0.003954457456401799,0.34839152527609857,0.00032726297719829617,0.17419576263804917,0.00016363148859920918,0.0,0.0,120600,gaussian_nll,1036.6534977233193
dlinear_gaussian,gaussian,unseen_seastate,pitch_rate,100,10.0,3,False,542880,9,0.1,0.6885659200314374,0.00016452239666336137,0.6681219606542883,0.7104203046713823,2.000728935293326,0.000838022258281013,0.4842627305227363,0.00020283754579402706,1.2558852337264772,7.710111932318802,0.0005485036588136281,0.6664721721972392,9.234792519235678e-05,0.3332360860986195,4.617396259618328e-05,0.0,0.0,120600,gaussian_nll,1036.6534977233193
dlinear_gaussian,gaussian,unseen_seastate,pitch_rate,150,15.0,3,False,542880,9,0.1,0.699816411238825,0.0001733692885289348,0.6819066828765105,0.7192316902446213,2.355191698152154,0.0006930634793100468,0.5697507886850958,0.0001676608593073349,1.2565624407980214,7.739185190404796,0.0012925718525927275,0.7141668924818888,5.880532071715543e-05,0.3570834462409444,2.940266035855609e-05,0.0,0.0,120600,gaussian_nll,1036.6534977233193
dlinear_gaussian,gaussian,unseen_seastate,roll,10,1.0,3,False,542880,9,0.1,0.7324571421554179,0.026227310680380603,0.6817222038019453,0.7755049918950782,0.20525379712594805,0.0011316085872620214,0.009971666508584416,5.497595468844253e-05,6.257000679431415,0.7284887129196966,0.06303324634597461,0.06276328815354082,0.004606670475399341,0.03138164407677041,0.0023033352376996973,0.0,0.0,120600,gaussian_nll,1036.6534977233193
dlinear_gaussian,gaussian,unseen_seastate,roll,20,2.0,3,False,542880,9,0.1,0.6578783524904215,0.00024382352323734999,0.6332773817418214,0.680993221338049,1.071448454801154,0.0021019144995080515,0.05204368987998382,0.00010209673258331058,6.258149735730003,5.47924533843322,0.0036642510576994744,0.42902611357213694,0.0002135726989345399,0.21451305678606844,0.00010678634946722847,0.0,0.0,120600,gaussian_nll,1036.6534977233193
dlinear_gaussian,gaussian,unseen_seastate,roll,30,3.0,3,False,542880,9,0.1,0.609159789763238,0.002000125162671304,0.5814202954612437,0.6362978927203065,2.0405638488842825,0.00048158342815133746,0.09910613672337183,2.3389551422358735e-05,6.258818948538503,13.689320166172017,0.08845678024952176,1.0000294544913042,0.005326980018123325,0.500014727245652,0.002663490009061225,0.0,0.0,120600,gaussian_nll,1036.6534977233193
dlinear_gaussian,gaussian,unseen_seastate,roll,50,5.0,3,False,542880,9,0.1,0.7140988800471559,0.006139467008140455,0.6860022933244916,0.7404748747421162,2.541929505999589,0.0034620482642447603,0.12344226956803984,0.00016812547086132262,6.25953903317843,9.675632567150215,0.2097406074629339,0.8214859456525248,0.014324636952844505,0.4107429728262623,0.00716231847642237,0.0,0.0,120600,gaussian_nll,1036.6534977233193
dlinear_gaussian,gaussian,unseen_seastate,roll,100,10.0,3,False,542880,9,0.1,0.7087766480007859,0.0005656444894689507,0.6880078470380194,0.7278624650014737,5.500286790978126,0.0023105080921043855,0.26693365030042915,0.00011213094562374128,6.263610691806128,18.66317380758576,0.041680254279523085,1.678019999261081,0.0023219373972589827,0.8390099996305406,0.0011609686986290798,0.0,0.0,120600,gaussian_nll,1036.6534977233193
dlinear_gaussian,gaussian,unseen_seastate,roll,150,15.0,3,False,542880,9,0.1,0.6533162638766087,0.0003130598204431667,0.6306741360890068,0.6740106929708223,6.4747337930266555,0.0019138245210816372,0.3140311687006877,9.282243413478407e-05,6.26746488344986,28.657093004632845,0.035127850169380276,2.3847580494815794,0.0018761437941134905,1.1923790247407904,0.0009380718970576106,0.0,0.0,120600,gaussian_nll,1036.6534977233193
dlinear_gaussian,gaussian,unseen_seastate,roll_rate,10,1.0,3,False,542880,9,0.1,0.772300201395029,0.03317753933029234,0.7161755360300619,0.8171013852048336,0.11408349034774302,0.0006289320001198006,0.010511797519488315,5.795059231299987e-05,3.299047438683298,0.302513949462694,0.03742023916520738,0.028952473614591332,0.002839357852794225,0.014476236807295666,0.0014196789263971,0.0,0.0,120600,gaussian_nll,1036.6534977233193
dlinear_gaussian,gaussian,unseen_seastate,roll_rate,20,2.0,3,False,542880,9,0.1,0.6917710482365654,0.00016826429879457114,0.6697275641025642,0.712002422266431,0.5955314577854595,0.0011676530132032294,0.054869928644728956,0.00010758296086408311,3.2992335448738204,2.309596585197107,0.001851269922577176,0.19815118339555374,0.0002619812850413272,0.09907559169777685,0.00013099064252063264,0.0,0.0,120600,gaussian_nll,1036.6534977233193
dlinear_gaussian,gaussian,unseen_seastate,roll_rate,30,3.0,3,False,542880,9,0.1,0.6418435013262599,0.0025600527274253363,0.6155555095048629,0.666475740495137,1.1341847003078949,0.00026686107709161924,0.1044852581101842,2.4584222051233324e-05,3.2996776276077266,5.776914843690787,0.05508397657861806,0.4576755050412133,0.0033614912000949106,0.22883775252060656,0.0016807456000474171,0.0,0.0,120600,gaussian_nll,1036.6534977233193
dlinear_gaussian,gaussian,unseen_seastate,roll_rate,50,5.0,3,False,542880,9,0.1,0.7463699774044601,0.006893381648478524,0.7204892425582081,0.7701310602711465,1.412852304208555,0.0019238068247362473,0.13011099877133606,0.00017716531775044628,3.3008478104739085,4.101870723351706,0.11490257692736107,0.38538938862394617,0.008105632677797845,0.19269469431197286,0.004052816338898874,0.0,0.0,120600,gaussian_nll,1036.6534977233193
dlinear_gaussian,gaussian,unseen_seastate,roll_rate,100,10.0,3,False,542880,9,0.1,0.7256870763336281,0.0004304712730020371,0.7072434055408193,0.7428320254936635,3.0571648486740717,0.0012830877206733188,0.28141027225724363,0.00011810748934954572,3.3023390388764846,8.965206927888104,0.018896569236123466,0.8543427271021115,0.0010498307892666113,0.4271713635510559,0.0005249153946334601,0.0,0.0,120600,gaussian_nll,1036.6534977233193
dlinear_gaussian,gaussian,unseen_seastate,roll_rate,150,15.0,3,False,542880,9,0.1,0.668325719618823,0.00032449676445931266,0.6476340535661657,0.6876888538903625,3.598780730639913,0.0010630658722317725,0.33112751087353076,9.781378264301418e-05,3.303717238675165,13.982825565795642,0.01882625603756977,1.2192637106653599,0.0010312413063014191,0.6096318553326797,0.0005156206531510396,0.0,0.0,120600,gaussian_nll,1036.6534977233193
dlinear_quantile,quantile,unseen_seastate,heave,10,1.0,3,False,542880,9,0.1,0.33688906081147457,0.009727955550137094,0.3143744934423814,0.3597316626142057,0.029000820847427045,0.0014970631265975956,0.006754092547377118,0.0003486557487286772,1.3052269451126672,0.456325279626318,0.0014861693953577193,0.027711569923743355,0.00015293556115690557,0.013855784961871676,7.646778057845827e-05,0.9656351311523726,0.015166330263657804,542700,pinball,1195.5228483293322
dlinear_quantile,quantile,unseen_seastate,heave,20,2.0,3,False,542880,9,0.1,0.28862486491796835,0.0003370323480048706,0.2763626399941055,0.3002292403477748,0.1721494403830607,0.0006247516821473425,0.040093589290061536,0.00014550461097377683,1.3051890619407918,3.4806597339758567,0.003567585619649176,0.2078250721766763,3.2085788313593726e-05,0.10391253608833817,1.6042894156885686e-05,0.8200504715590923,0.08873909607347184,542700,pinball,1195.5228483293322
dlinear_quantile,quantile,unseen_seastate,heave,30,3.0,3,False,542880,9,0.1,0.2506999705275567,0.0008221120495937751,0.23889906609195402,0.2620947999557913,0.3683387290758707,0.0010969233604644017,0.08579021618570785,0.00025548573854695483,1.3051257868066772,9.24594228072979,0.011946651494255332,0.5799050283202135,0.00018703715628437352,0.2899525141601069,9.351857814238891e-05,0.5830987818056784,0.059366835023986285,542700,pinball,1195.5228483293322
dlinear_quantile,quantile,unseen_seastate,heave,50,5.0,3,False,542880,9,0.1,0.3306507269869339,0.0018767083528501058,0.3180828175655762,0.3447654177718833,0.4846254213752119,0.0018713596599112664,0.11286860746693413,0.0004358371426009985,1.305196114559555,7.287680001888062,0.003925839206780163,0.5370502987684626,0.00011144529325594206,0.2685251493842313,5.5722646627977576e-05,0.617357427055703,0.08959897984702457,542700,pinball,1195.5228483293322
dlinear_quantile,quantile,unseen_seastate,heave,100,10.0,3,False,542880,9,0.1,0.4196169810393948,0.00059538351398086,0.4101164161508989,0.42836460175361035,1.1065404266499208,0.001823459325459047,0.25778080175799695,0.00042479496959097607,1.3048466130537077,9.686819475339176,0.010210263226766731,0.7777428454130247,0.0002641990443043486,0.3888714227065126,0.00013209952215193567,0.1593317123489537,0.030832035351499962,542700,pinball,1195.5228483293322
dlinear_quantile,quantile,unseen_seastate,heave,150,15.0,3,False,542880,9,0.1,0.38294896355241187,0.00014351669597076504,0.37463518641320365,0.39030034261715296,1.3225920370859376,0.0006938343621517169,0.3081379959932049,0.0001616497936701076,1.3047382588874747,13.397474433831798,0.0033973553293731437,1.0074226648620686,3.250479176748407e-05,0.5037113324310339,1.6252395883950858e-05,0.0025941890166028096,0.0027668441593983084,542700,pinball,1195.5228483293322
dlinear_quantile,quantile,unseen_seastate,heave_rate,10,1.0,3,False,542880,9,0.1,0.45374791236860207,0.01294476700326148,0.43024959475390506,0.4789009081196581,0.019362322546342958,0.0010270104754703637,0.008014901906623318,0.0004251240107310488,0.734348118721256,0.15935108554218977,0.0010525267691169542,0.01126996197684395,6.467855646375614e-05,0.005634980988421975,3.233927823187457e-05,0.9462134050496119,0.0256850821461997,542700,pinball,1195.5228483293322
dlinear_quantile,quantile,unseen_seastate,heave_rate,20,2.0,3,False,542880,9,0.1,0.39564667452598484,0.0009719909698700697,0.3839713656793398,0.40719988763631004,0.11520192308473569,0.00036152332137696165,0.047685211219579006,0.00014964434168328753,0.7343764911329834,1.2250889218515486,0.0011074626150062526,0.08324403169155205,2.820202906565971e-05,0.041622015845776066,1.410101453285109e-05,0.7607832301797819,0.10181075055958483,542700,pinball,1195.5228483293322
dlinear_quantile,quantile,unseen_seastate,heave_rate,30,3.0,3,False,542880,9,0.1,0.3496678210040279,0.0010155644064717263,0.33820273356911285,0.36114675434718535,0.24373774508709856,0.0007827535593355896,0.10088497639238843,0.0003239878760936646,0.7344107746237766,3.2592913240239305,0.005555693112472733,0.2293280838361383,7.8945385165843e-05,0.11466404191806923,3.947269258284478e-05,0.4721884517143138,0.07747006418168752,542700,pinball,1195.5228483293322
dlinear_quantile,quantile,unseen_seastate,heave_rate,50,5.0,3,False,542880,9,0.1,0.43465590922487474,0.0022075309133915122,0.42221457780725025,0.44706611037430005,0.29762649372327205,0.0013401431132192255,0.12321441817536449,0.0005548059646885939,0.734264962236321,2.5538764272483805,0.005792167362801386,0.21588277010140208,4.6669948570443666e-05,0.10794138505070106,2.3334974285177367e-05,0.4754862953138816,0.10349164889990892,542700,pinball,1195.5228483293322
dlinear_quantile,quantile,unseen_seastate,heave_rate,100,10.0,3,False,542880,9,0.1,0.5155209254347185,0.0006874392110891702,0.5067575246831711,0.5238034648541114,0.7279231409970297,0.0012136010781147225,0.3014194758956234,0.0005025297044556973,0.7341029397003275,3.998375683471282,0.004123471706225517,0.3599424789337264,6.817824992141768e-05,0.1799712394668631,3.408912496082252e-05,0.05841806660772178,0.0208812355595146,542700,pinball,1195.5228483293322
dlinear_quantile,quantile,unseen_seastate,heave_rate,150,15.0,3,False,542880,9,0.1,0.4765387071421554,0.00018519784767480438,0.46945591106690243,0.4833613782051282,0.8905457203438946,0.00047019166850366015,0.36874489633890195,0.00019469048483534122,0.7341299638155024,5.630700768758298,0.0007311414715722852,0.48348993903862586,2.8728167166468544e-05,0.24174496951931304,1.4364083583150013e-05,9.824147755182238e-06,1.7015923053039367e-05,542700,pinball,1195.5228483293322
dlinear_quantile,quantile,unseen_seastate,pitch,10,1.0,3,False,542880,9,0.1,0.634592052264466,0.012953929397824379,0.5999397656940761,0.6710358182287062,0.06675252123764629,0.0032791614436837274,0.011274357457778592,0.0005538433244526719,1.7997766828726487,0.3778429084895107,0.003977224303330092,0.02905626759462791,9.478957138111562e-05,0.014528133797313958,4.739478569055434e-05,0.7187334217506631,0.03274949524969478,542700,pinball,1195.5228483293322
dlinear_quantile,quantile,unseen_seastate,pitch,20,2.0,3,False,542880,9,0.1,0.6034642401021711,0.0008093575717487115,0.5775938973622163,0.6274762838933098,0.38931240200453016,0.001193140424461978,0.06576431842194969,0.00020155039087479688,1.7994950774677116,2.5426869653626016,0.0031360818366742253,0.18775360516722608,0.00014180293040516072,0.09387680258361308,7.090146520257507e-05,0.5782978435995677,0.05262306074399207,542700,pinball,1195.5228483293322
dlinear_quantile,quantile,unseen_seastate,pitch,30,3.0,3,False,542880,9,0.1,0.5858839276942726,0.0009738602632452529,0.5581582025493664,0.6112870708075449,0.812983831997292,0.002666736903126728,0.13734848276254216,0.0004505283538929703,1.7992884411802126,5.997787041089609,0.009634331934011692,0.44994589012467595,0.0001078981767175515,0.22497294506233798,5.394908835875159e-05,0.3402280430297672,0.07095194916804264,542700,pinball,1195.5228483293322
dlinear_quantile,quantile,unseen_seastate,pitch,50,5.0,3,False,542880,9,0.1,0.6083928922290992,0.0016698693176738473,0.5835495413351017,0.6338951978337753,0.9680971188779415,0.005141722434407474,0.16355218169588628,0.0008686524372644581,1.799307264730753,5.801301237761867,0.011551090056555623,0.4825570311815828,0.00014875449883422644,0.24127851559079147,7.437724941717517e-05,0.31061990372335196,0.06298834902582906,542700,pinball,1195.5228483293322
dlinear_quantile,quantile,unseen_seastate,pitch,100,10.0,3,False,542880,9,0.1,0.6483084045584045,0.0005497652986680186,0.6268423961096374,0.6695216254052461,2.4165573921384484,0.00404221125264502,0.4083993945476187,0.0006831357010531771,1.7986835875269107,10.152761945699998,0.008887490558975409,0.9087428726801186,7.734819342350194e-05,0.45437143634005944,3.8674096711443876e-05,0.03560455349248453,0.01115074342420863,542700,pinball,1195.5228483293322
dlinear_quantile,quantile,unseen_seastate,pitch,150,15.0,3,False,542880,9,0.1,0.6489617103841242,0.00012224644764556524,0.6289230585028,0.6697153146183319,2.964968398984104,0.0015671490914159778,0.5009677548010406,0.0002647890486908153,1.799090637361259,12.262437575411596,0.001233188428086179,1.0849811938125937,6.845169212169711e-05,0.5424905969062971,3.422584606109539e-05,0.0,0.0,542700,pinball,1195.5228483293322
dlinear_quantile,quantile,unseen_seastate,pitch_rate,10,1.0,3,False,542880,9,0.1,0.6636451272227134,0.014010455976656764,0.6291228264073092,0.7022123213233127,0.060021895349692524,0.002580094962182149,0.01452322313606492,0.0006242937619629883,1.256288669542056,0.40195869072708046,0.0028779780546476248,0.03146435916073381,1.0435128415762657e-05,0.015732179580366906,5.2175642078842474e-06,0.6916912270360546,0.04043447429930679,542700,pinball,1195.5228483293322
dlinear_quantile,quantile,unseen_seastate,pitch_rate,20,2.0,3,False,542880,9,0.1,0.6354092985558503,0.0008244324195916268,0.6109219348659004,0.6607723161656351,0.32992690001563146,0.0009078673153993388,0.07981924707276199,0.000219640428087898,1.2564720932103475,2.152970000455079,0.0011514392060167447,0.16821258520094462,0.00023828166295803178,0.0841062926004723,0.00011914083147902867,0.5517898369191473,0.04040692185312393,542700,pinball,1195.5228483293322
dlinear_quantile,quantile,unseen_seastate,pitch_rate,30,3.0,3,False,542880,9,0.1,0.6248477257097947,0.0008420713014921276,0.6002947244326555,0.6490314618331859,0.6628001847335693,0.0019009989351899423,0.16035146011522725,0.00045990927877871977,1.2564709426767824,3.7985545051491774,0.005603563327982217,0.312636778068142,3.1140742538039604e-05,0.156318389034071,1.5570371268975336e-05,0.3258491747715886,0.06680189300690711,542700,pinball,1195.5228483293322
dlinear_quantile,quantile,unseen_seastate,pitch_rate,50,5.0,3,False,542880,9,0.1,0.628011715296198,0.001693677111857902,0.6022869694960212,0.6541840277777777,0.7743082450115634,0.00434362443080389,0.18739142713069223,0.0010512066560726563,1.2560499558821334,4.941932029408329,0.010565249225145686,0.3958570286556375,0.00014281556729835992,0.1979285143278188,7.140778364921319e-05,0.2836108655074172,0.04671486478199092,542700,pinball,1195.5228483293322
dlinear_quantile,quantile,unseen_seastate,pitch_rate,100,10.0,3,False,542880,9,0.1,0.6744823902151488,0.0005125506217940302,0.6531836685823755,0.6970713601532568,1.922429454009016,0.0031800907768405706,0.4653108775573595,0.000769719183712037,1.2558852337264772,7.937767236741405,0.005630161628441203,0.7214436775135725,5.758205416756734e-05,0.3607218387567864,2.8791027083879782e-05,0.053656424992631895,0.014188766713772654,542700,pinball,1195.5228483293322
dlinear_quantile,quantile,unseen_seastate,pitch_rate,150,15.0,3,False,542880,9,0.1,0.6990974064249927,0.0001391554095952056,0.6813580349248454,0.7185608698054818,2.352536351849915,0.0012424751576781126,0.5691084266849581,0.00030057052322498494,1.2565624407980214,7.760943637128208,0.00126893317202216,0.733872967065288,3.7182482713057735e-05,0.3669364835326441,1.8591241356386908e-05,9.824147755182238e-06,9.271336127407837e-06,542700,pinball,1195.5228483293322
dlinear_quantile,quantile,unseen_seastate,roll,10,1.0,3,False,542880,9,0.1,0.6759203998428136,0.01235598865128258,0.6388728632478632,0.7096919208664899,0.14090139168989055,0.006680185641846675,0.006845289627771735,0.0003245376425121821,6.257000679431415,0.6541273501233902,0.02619196217792952,0.04796049524075006,0.0010831411056255883,0.02398024762037504,0.0005415705528127939,0.7208222811671088,0.03653686728052056,542700,pinball,1195.5228483293322
dlinear_quantile,quantile,unseen_seastate,roll,20,2.0,3,False,542880,9,0.1,0.6159918705177326,0.003674744318397065,0.5861852066755084,0.6428835101679929,0.8432437636898632,0.005403346114669123,0.04095905569143795,0.00026245786089471447,6.258149735730003,5.275730289692571,0.04852331100891739,0.3627086017111725,0.0018507105591855247,0.1813543008555862,0.0009253552795928701,0.5593845171431379,0.10082214414458812,542700,pinball,1195.5228483293322
dlinear_quantile,quantile,unseen_seastate,roll,30,3.0,3,False,542880,9,0.1,0.5816527900579624,0.0008247869742294444,0.554230677129384,0.6073871297524315,1.801837506998601,0.006034940050245411,0.08751167204081416,0.0002931050621444629,6.258818948538503,14.039260338154376,0.013564189153611957,1.0110505852433513,0.0004955824067146258,0.5055252926216754,0.0002477912033569337,0.3721405589940073,0.05407622093297903,542700,pinball,1195.5228483293322
dlinear_quantile,quantile,unseen_seastate,roll,50,5.0,3,False,542880,9,0.1,0.6648049906670596,0.0010833571350648706,0.6401720914382553,0.6868962754199823,2.1458140785992827,0.012501389384848006,0.10420594249689256,0.0006070978265829522,6.25953903317843,10.383351126948,0.08412799878728888,0.891778133562302,0.0029117111149923984,0.44588906678115103,0.0014558555574963096,0.3700596816976127,0.06658202810278707,542700,pinball,1195.5228483293322
dlinear_quantile,quantile,unseen_seastate,roll,100,10.0,3,False,542880,9,0.1,0.6931519550054034,0.0006000158435695786,0.6717534261715296,0.7126999060565871,5.274680728027698,0.009025113446865048,0.2559847939586025,0.0004379965205993766,6.263610691806128,19.182394713205596,0.016605919597353174,1.6341274748320354,0.0012888849881216382,0.8170637374160169,0.0006444424940604327,0.07278281265350231,0.0310026530460441,542700,pinball,1195.5228483293322
dlinear_quantile,quantile,unseen_seastate,roll,150,15.0,3,False,542880,9,0.1,0.6516123882503192,0.0003288023751594862,0.628795175729443,0.672600758915414,6.467443966077501,0.003418309578156386,0.31367760468560274,0.0001657914882871671,6.26746488344986,28.88001811246173,0.033343901339987624,2.422430950801365,0.0015080845005160947,1.2112154754006828,0.0007540422502584378,0.00014490617938893801,0.0002493913229255826,542700,pinball,1195.5228483293322
dlinear_quantile,quantile,unseen_seastate,roll_rate,10,1.0,3,False,542880,9,0.1,0.7046099813341193,0.01353094050737391,0.6692120265988801,0.7360361405835544,0.07807060873302137,0.0038065299580376795,0.007193524923923863,0.0003507384990482986,3.299047438683298,0.27514676878657224,0.013973440458872602,0.022174090529650522,0.000619176767357356,0.011087045264825268,0.00030958838367868525,0.7220681059043127,0.034705396051228535,542700,pinball,1195.5228483293322
dlinear_quantile,quantile,unseen_seastate,roll_rate,20,2.0,3,False,542880,9,0.1,0.6427890755476963,0.004771123901292738,0.6134464798850575,0.6668540929855584,0.46729234674074765,0.00258960091442028,0.04305448081154043,0.00023859565357125457,3.2992335448738204,2.249418678017379,0.03383451390072011,0.1642747726065026,0.0011421332804154353,0.08213738630325125,0.0005710666402078349,0.5600292268395717,0.09734984941770136,542700,pinball,1195.5228483293322
dlinear_quantile,quantile,unseen_seastate,roll_rate,30,3.0,3,False,542880,9,0.1,0.6105683269476373,0.0008609589671237023,0.5848856561302682,0.6344820678603006,0.9947051625472089,0.003301786813583736,0.09163589107141334,0.00030417272191068023,3.2996776276077266,5.946911095037787,0.007209572193809997,0.4505672361741932,0.00018662663311199847,0.22528361808709665,9.331331655596192e-05,0.359051724137931,0.05023414278814838,542700,pinball,1195.5228483293322
dlinear_quantile,quantile,unseen_seastate,roll_rate,50,5.0,3,False,542880,9,0.1,0.6877609539247471,0.0012643106181920343,0.6651733808576481,0.7076836501620984,1.1741749584496721,0.006823658201031023,0.10813096041327447,0.0006283975905802148,3.3008478104739085,4.464132190632459,0.043251706499600286,0.4038847245150123,0.0015777756772143534,0.2019423622575062,0.0007888878386072172,0.34009357500736814,0.07149187809398823,542700,pinball,1195.5228483293322
dlinear_quantile,quantile,unseen_seastate,roll_rate,100,10.0,3,False,542880,9,0.1,0.7082449160035367,0.0006407397453862051,0.688702982242853,0.7260068523430592,2.9262601797554804,0.0050065667146577475,0.26936057250483997,0.0004608515968175546,3.3023390388764846,9.301790041092572,0.012144412064594018,0.8160280228310247,0.000609413412894143,0.40801401141551247,0.0003047067064470862,0.05287540524609491,0.02889582295416598,542700,pinball,1195.5228483293322
dlinear_quantile,quantile,unseen_seastate,roll_rate,150,15.0,3,False,542880,9,0.1,0.6663357156891639,0.0003502872906343245,0.6454313568376068,0.6858232021809608,3.59473384170707,0.0018985214630190227,0.33075515246677784,0.00017468490954096512,3.303717238675165,14.112521715640701,0.017299251103761064,1.23173534174965,0.0007593630013636957,0.6158676708748252,0.00037968150068200187,9.210138520483349e-05,0.00015952427862224406,542700,pinball,1195.5228483293322
lstm_gaussian,gaussian,unseen_seastate,heave,10,1.0,3,False,542880,9,0.1,0.6198810050103153,0.014672565966110477,0.6015989721485412,0.6444333922782199,0.28698204379036435,0.018826642723097187,0.06683615244523398,0.004384596145646122,1.3052269451126672,0.9017765043601117,0.0064633602515647,0.07978346759804875,0.0010039416843969828,0.03989173379902437,0.0005019708421984917,0.0,0.0,433928,gaussian_nll,3025.760852844338
lstm_gaussian,gaussian,unseen_seastate,heave,20,2.0,3,False,542880,9,0.1,0.5841137390706357,0.023880704042977586,0.5635103982463896,0.6180237345269673,0.28719215193834985,0.04318634432313779,0.06688702653649849,0.010058095735764258,1.3051890619407918,1.048612075198449,0.08291601084354691,0.08988609056503556,0.004629571208975729,0.04494304528251777,0.0023147856044878905,0.0,0.0,433928,gaussian_nll,3025.760852844338
lstm_gaussian,gaussian,unseen_seastate,heave,30,3.0,3,False,542880,9,0.1,0.49413498379015613,0.020851187244252885,0.465407134173298,0.5191758307544946,0.2589122748576447,0.03655672844593791,0.06030356918725067,0.00851447156884019,1.3051257868066772,1.4551145996871637,0.18484173076773233,0.11562615838919522,0.00873905871854191,0.05781307919459764,0.004369529359270929,0.0,0.0,433928,gaussian_nll,3025.760852844338
lstm_gaussian,gaussian,unseen_seastate,heave,50,5.0,3,False,542880,9,0.1,0.3640835298162884,0.016715398705832545,0.34211073349543175,0.38241526672561155,0.3263585236073112,0.020582235874929546,0.07600846028669735,0.00479357499482196,1.305196114559555,3.0941761230218954,0.13125418586999782,0.22356560348918467,0.0042103701131370325,0.11178280174459237,0.002105185056568479,0.0,0.0,433928,gaussian_nll,3025.760852844338
lstm_gaussian,gaussian,unseen_seastate,heave,100,10.0,3,False,542880,9,0.1,0.37282517929069653,0.03638054097142783,0.32580551871500146,0.40366641799292663,0.8792006432038973,0.0709569181966624,0.204819490777584,0.016530197019904387,1.3048466130537077,7.806934756452335,1.0047366729940874,0.5784479297820885,0.040567442848417914,0.28922396489104446,0.020283721424208857,0.0,0.0,433928,gaussian_nll,3025.760852844338
lstm_gaussian,gaussian,unseen_seastate,heave,150,15.0,3,False,542880,9,0.1,0.39563439434129083,0.029251360560146662,0.3604699933687003,0.4317021256999705,1.520221418557586,0.07720389040126135,0.35418176447847777,0.017986991758652145,1.3047382588874747,11.93083708866447,1.7432307298081622,0.916126407349764,0.07869676253397018,0.4580632036748818,0.03934838126698499,0.0,0.0,433928,gaussian_nll,3025.760852844338
lstm_gaussian,gaussian,unseen_seastate,heave_rate,10,1.0,3,False,542880,9,0.1,0.6275125257883878,0.04152609847598372,0.5809369013409962,0.6742283285440612,0.21829656092608127,0.050892551505293655,0.09036237869646589,0.02106662602672864,0.734348118721256,0.6676814387613023,0.08367992151118475,0.058038145286777476,0.0054692203754830564,0.029019072643388755,0.002734610187741551,0.0,0.0,433928,gaussian_nll,3025.760852844338
lstm_gaussian,gaussian,unseen_seastate,heave_rate,20,2.0,3,False,542880,9,0.1,0.5759492582768445,0.03916542506607158,0.5267976808871205,0.6102569168140289,0.1818165104461281,0.035060479227851195,0.07525880186438648,0.014512486533840423,0.7343764911329834,0.7297961816424029,0.11272167406811719,0.06204096972786797,0.006718335581654753,0.031020484863933964,0.0033591677908273655,0.0,0.0,433928,gaussian_nll,3025.760852844338
lstm_gaussian,gaussian,unseen_seastate,heave_rate,30,3.0,3,False,542880,9,0.1,0.5059921161214265,0.017527737451613366,0.4823032714412025,0.5238007939139404,0.16207491956149922,0.00876422053076563,0.06708408838326281,0.003627580049319075,0.7344107746237766,0.8264771049038327,0.10060080104366126,0.06885241335391008,0.005827266201287799,0.03442620667695503,0.0029136331006438566,0.0,0.0,433928,gaussian_nll,3025.760852844338
lstm_gaussian,gaussian,unseen_seastate,heave_rate,50,5.0,3,False,542880,9,0.1,0.4393917624521073,0.03593520387424904,0.40895096522251695,0.488841272472738,0.23235327308378304,0.037261848250276695,0.0961919518521725,0.015426035817111708,0.734264962236321,1.4369867038745465,0.1339328260578391,0.11355356677700951,0.005226486062973441,0.05677678338850478,0.0026132430314867567,0.0,0.0,433928,gaussian_nll,3025.760852844338
lstm_gaussian,gaussian,unseen_seastate,heave_rate,100,10.0,3,False,542880,9,0.1,0.43531965320758426,0.006971081343365223,0.4184998986884763,0.4534710249042146,0.6377330323279021,0.013939582663641849,0.26407342415617374,0.00577212272015925,0.7341029397003275,4.068736869387879,0.05480627918473447,0.327591454829264,0.0018996737786341705,0.16379572741463203,0.0009498368893171167,0.0,0.0,433928,gaussian_nll,3025.760852844338
lstm_gaussian,gaussian,unseen_seastate,heave_rate,150,15.0,3,False,542880,9,0.1,0.46623747421161216,0.031367603716072626,0.4275151967285588,0.5034381907603891,1.0982924822267996,0.09135329262636845,0.4547658118576159,0.03782631217038388,0.7341299638155024,6.10415568621898,0.3635237206249444,0.5170345648332025,0.00912331764921983,0.2585172824166013,0.004561658824609936,0.0,0.0,433928,gaussian_nll,3025.760852844338
lstm_gaussian,gaussian,unseen_seastate,pitch,10,1.0,3,False,542880,9,0.1,0.6351802731113075,0.0073831672105431935,0.6202448054818744,0.652120312039493,0.5795723350636687,0.09734883369587741,0.09788852251564224,0.016442008913457835,1.7997766828726487,1.5710116245762678,0.24273606923247643,0.1430036047476511,0.021460053294215034,0.07150180237382546,0.010730026647107493,0.0,0.0,433928,gaussian_nll,3025.760852844338
lstm_gaussian,gaussian,unseen_seastate,pitch,20,2.0,3,False,542880,9,0.1,0.5720576677473229,0.025890321989004123,0.5334969053934571,0.5991768438697318,0.5823560359812977,0.05437706890857346,0.09837407590414447,0.009185607384051714,1.7994950774677116,2.168215039035472,0.4815595914677589,0.1902440925001377,0.034162913142775087,0.09512204625006893,0.017081456571387557,0.0,0.0,433928,gaussian_nll,3025.760852844338
lstm_gaussian,gaussian,unseen_seastate,pitch,30,3.0,3,False,542880,9,0.1,0.47894132527753214,0.039943779345036574,0.4276238763631005,0.5192561431623932,0.61552886767529,0.0415167259552984,0.10398971387173699,0.007013988587226278,1.7992884411802126,3.3413799022228896,0.7501819804691634,0.27497435105462825,0.04457795112515687,0.13748717552731418,0.022288975562578445,0.0,0.0,433928,gaussian_nll,3025.760852844338
lstm_gaussian,gaussian,unseen_seastate,pitch,50,5.0,3,False,542880,9,0.1,0.5370444051478535,0.026690613045465002,0.49767577549366343,0.5648071857500737,1.055531913291841,0.03548400651924165,0.17832358334936807,0.005994736032537188,1.799307264730753,4.030828384129252,0.4741090625037465,0.37031900581894295,0.027426256958357965,0.1851595029094715,0.013713128479178934,0.0,0.0,433928,gaussian_nll,3025.760852844338
lstm_gaussian,gaussian,unseen_seastate,pitch,100,10.0,3,False,542880,9,0.1,0.5014177473229198,0.050071606220366376,0.4369777851458886,0.5488560086943707,2.324818500023936,0.15970888085451082,0.3928954764044283,0.026990879859526657,1.7986835875269107,12.113702385066935,1.423240410934306,1.0486527538153796,0.0717381024087151,0.5243263769076897,0.03586905120435772,0.0,0.0,433928,gaussian_nll,3025.760852844338
lstm_gaussian,gaussian,unseen_seastate,pitch,150,15.0,3,False,542880,9,0.1,0.5569733028784752,0.04376489009193694,0.49488091290893016,0.5949171548040083,3.720051179122768,0.10842181071233183,0.6285482461090096,0.018319193925517233,1.799090637361259,13.698760308366374,1.1738293955576573,1.3288483963447282,0.04725139796799095,0.6644241981723639,0.023625698983995514,0.0,0.0,433928,gaussian_nll,3025.760852844338
lstm_gaussian,gaussian,unseen_seastate,pitch_rate,10,1.0,3,False,542880,9,0.1,0.651156179388938,0.004348328433330317,0.6362986755820808,0.6637596245947539,0.5943334871662861,0.05180480389170909,0.1438081520262383,0.012534971147711852,1.256288669542056,1.3360509181682376,0.07638185771479605,0.12978046063951795,0.008143532503333651,0.06489023031975898,0.004071766251666857,0.0,0.0,433928,gaussian_nll,3025.760852844338
lstm_gaussian,gaussian,unseen_seastate,pitch_rate,20,2.0,3,False,542880,9,0.1,0.5441239316239316,0.01147755090528095,0.5259621831712349,0.5622691939286766,0.5115625474590019,0.022284478662583367,0.12376237695946286,0.005391286094502029,1.2564720932103475,1.8507098631205852,0.11094434866172474,0.1691805900533462,0.007774620197135779,0.08459029502667316,0.003887310098567905,0.0,0.0,433928,gaussian_nll,3025.760852844338
lstm_gaussian,gaussian,unseen_seastate,pitch_rate,30,3.0,3,False,542880,9,0.1,0.5728012329305433,0.0289083567461134,0.5286561026377836,0.6048960175361037,0.6329949922798845,0.008239341389490397,0.15314068039752868,0.00199334649057725,1.2564709426767824,1.8862909767192466,0.23149853595232445,0.1792221487135545,0.01667567792159534,0.08961107435677729,0.008337838960797646,0.0,0.0,433928,gaussian_nll,3025.760852844338
lstm_gaussian,gaussian,unseen_seastate,pitch_rate,50,5.0,3,False,542880,9,0.1,0.5468139060811474,0.060462180875112057,0.49004453101974654,0.6202448975832596,1.0655204274630445,0.15802680993251386,0.2578680968794583,0.03824429047339179,1.2560499558821334,4.400456894015355,0.9360487574922879,0.40140541445638095,0.045156995819715176,0.20070270722819047,0.022578497909857543,0.0,0.0,433928,gaussian_nll,3025.760852844338
lstm_gaussian,gaussian,unseen_seastate,pitch_rate,100,10.0,3,False,542880,9,0.1,0.5357304253855978,0.034063535854861327,0.5032109766430888,0.587060077733569,2.2740962493142356,0.1932578424827945,0.5504294158683568,0.04677673664070355,1.2558852337264772,8.242869581870933,0.5898569516678234,0.7897830695915937,0.016541906091534258,0.3948915347957968,0.008270953045766982,0.0,0.0,433928,gaussian_nll,3025.760852844338
lstm_gaussian,gaussian,unseen_seastate,pitch_rate,150,15.0,3,False,542880,9,0.1,0.6059951861676,0.014497641139988098,0.5831882276009431,0.6283721080165046,3.0889904070805283,0.1304304901883493,0.7472660174777529,0.03155279237426849,1.2565624407980214,9.169048326649255,0.4042741931029829,0.9610868814244334,0.0399947901646142,0.48054344071221666,0.019997395082307006,0.0,0.0,433928,gaussian_nll,3025.760852844338
lstm_gaussian,gaussian,unseen_seastate,roll,10,1.0,3,False,542880,9,0.1,0.5703611602318499,0.030129886755564213,0.525036610300619,0.6011922524314766,1.844974411935904,0.46816835398388157,0.08963278541155277,0.02274461550124465,6.257000679431415,5.004399697323262,0.22948424362373146,0.45073554338464045,0.022956029905823867,0.22536777169232028,0.01147801495291181,0.0,0.0,433928,gaussian_nll,3025.760852844338
lstm_gaussian,gaussian,unseen_seastate,roll,20,2.0,3,False,542880,9,0.1,0.553695107574418,0.019977819548060015,0.5219452273062187,0.57950205386089,1.7839385309719897,0.42633436290376686,0.08665161936146566,0.020708428173767723,6.258149735730003,5.4600441290683515,0.2650714998649231,0.473460576320395,0.024710797131079962,0.2367302881601975,0.012355398565540054,0.0,0.0,433928,gaussian_nll,3025.760852844338
lstm_gaussian,gaussian,unseen_seastate,roll,30,3.0,3,False,542880,9,0.1,0.5072182925631202,0.015067404848052373,0.48870855437665783,0.5337591180371354,1.5219239345916693,0.3073834690486897,0.07391682530624283,0.01492900510155579,6.258818948538503,6.206556138495434,0.335064086183654,0.5106644491861908,0.025951578337850816,0.2553322245930957,0.012975789168925415,0.0,0.0,433928,gaussian_nll,3025.760852844338
lstm_gaussian,gaussian,unseen_seastate,roll,50,5.0,3,False,542880,9,0.1,0.45848069554966103,0.019795411121602335,0.42799840664603594,0.48956670903330385,1.0855043240746356,0.17013464699040495,0.05271472598804466,0.00826215160848613,6.25953903317843,7.305046427492978,0.890414315443825,0.5554619930962853,0.051256296501449555,0.27773099654814265,0.02562814825072463,0.0,0.0,433928,gaussian_nll,3025.760852844338
lstm_gaussian,gaussian,unseen_seastate,roll,100,10.0,3,False,542880,9,0.1,0.4412945770704391,0.0038125385926938054,0.42906480253463014,0.4491522988505747,1.74143671013739,0.08745982839037676,0.08451342183949632,0.004244500720432558,6.263610691806128,11.143031211862073,0.7610966804457979,0.8940921166754894,0.05513407249705306,0.44704605833774447,0.027567036248526477,0.0,0.0,433928,gaussian_nll,3025.760852844338
lstm_gaussian,gaussian,unseen_seastate,roll,150,15.0,3,False,542880,9,0.1,0.433091413694862,0.020356854990738995,0.40901037061597406,0.4598678805629237,3.065722647126618,0.25233143855098644,0.14869066382716908,0.012238331193389625,6.26746488344986,19.892981827446842,0.9535919392824045,1.5913423197489405,0.044704000007969244,0.79567115987447,0.022352000003985285,0.0,0.0,433928,gaussian_nll,3025.760852844338
lstm_gaussian,gaussian,unseen_seastate,roll_rate,10,1.0,3,False,542880,9,0.1,0.5910237989979369,0.029362325078554415,0.5480023670055997,0.6247740292514,1.1382248016797534,0.35781470182041586,0.10487747710424095,0.03296950052603918,3.299047438683298,2.7850982848705605,0.13640141729205107,0.2493739545270399,0.01036998543114747,0.12468697726351992,0.00518499271557375,0.0,0.0,433928,gaussian_nll,3025.760852844338
lstm_gaussian,gaussian,unseen_seastate,roll_rate,20,2.0,3,False,542880,9,0.1,0.5330011543373613,0.023127221307866135,0.5066896459622753,0.5702495487032124,0.9595409014942352,0.21170273524750316,0.08840832857507043,0.019505458234095763,3.2992335448738204,3.137188728457959,0.1258873869262409,0.27325411077953143,0.005338179961341234,0.13662705538976574,0.002669089980670604,0.0,0.0,433928,gaussian_nll,3025.760852844338
lstm_gaussian,gaussian,unseen_seastate,roll_rate,30,3.0,3,False,542880,9,0.1,0.5000349985263778,0.03191688860503144,0.46518369621279104,0.546779675066313,0.7596140024739949,0.18111169930113571,0.06997843040120312,0.016684674588817946,3.2996776276077266,3.3776346539924282,0.2973774327658748,0.2834886275124863,0.017033065347185964,0.14174431375624313,0.00851653267359302,0.0,0.0,433928,gaussian_nll,3025.760852844338
lstm_gaussian,gaussian,unseen_seastate,roll_rate,50,5.0,3,False,542880,9,0.1,0.5388059976422045,0.014629016172414048,0.5202886917919246,0.5652044650751548,0.8350916355442531,0.10183033312333675,0.07690443398973468,0.009377658449102443,3.3008478104739085,3.595781750608109,0.46539006771491004,0.307404762527742,0.024970703408528555,0.15370238126387117,0.012485351704264356,0.0,0.0,433928,gaussian_nll,3025.760852844338
lstm_gaussian,gaussian,unseen_seastate,roll_rate,100,10.0,3,False,542880,9,0.1,0.47017818547990964,0.04270241624049041,0.41603162761567936,0.5086874171087533,1.2936306199894536,0.17390319403335378,0.11907795718946196,0.016007689346734248,3.3023390388764846,7.4494895493553095,1.2415345273876484,0.6152518867708497,0.05274051585649763,0.30762594338542515,0.026370257928248594,0.0,0.0,433928,gaussian_nll,3025.760852844338
lstm_gaussian,gaussian,unseen_seastate,roll_rate,150,15.0,3,False,542880,9,0.1,0.48672757638274877,0.02114127747271934,0.456536435307987,0.5091895999115826,2.17883716355002,0.08943247410882245,0.20047704502318323,0.008228773787407214,3.303717238675165,12.249478899841685,1.6402875784216335,1.0349465214768854,0.08287173650356365,0.5174732607384428,0.041435868251782304,0.0,0.0,433928,gaussian_nll,3025.760852844338
lstm_quantile,quantile,unseen_seastate,heave,10,1.0,3,False,542880,9,0.1,0.42320893506238333,0.04344472712788725,0.3666141688770999,0.46194255636604775,0.10537995659216294,0.00615002222487323,0.024542270138026043,0.0014322980543809384,1.3052269451126672,1.8866910421412584,0.39939910893166225,0.11764579258653962,0.02012934120782649,0.05882289629326979,0.010064670603913233,0.01357820021613125,0.0024912131386107153,1246628,pinball,3365.6574986203145
lstm_quantile,quantile,unseen_seastate,heave,20,2.0,3,False,542880,9,0.1,0.401123636899499,0.03618808824289432,0.3557488303124079,0.44017660440613027,0.10209321929135518,0.004410133132608336,0.023777501654722515,0.0010271196127030206,1.3051890619407918,1.9640423975813486,0.3542633436196037,0.12115649751708275,0.017821981750204812,0.0605782487585414,0.00891099087510245,0.01512795952451125,0.00539076428328381,1246628,pinball,3365.6574986203145
lstm_quantile,quantile,unseen_seastate,heave,30,3.0,3,False,542880,9,0.1,0.36687235976029076,0.022575613517157016,0.3418102066755084,0.39736000589448867,0.11119371688314961,0.007163153518566244,0.02589826227025092,0.0016683786971601103,1.3051257868066772,2.220815021986744,0.2704343961172381,0.13638167898044326,0.0124464223842277,0.06819083949022163,0.006223211192113836,0.01279963650653306,0.005456962330842271,1246628,pinball,3365.6574986203145
lstm_quantile,quantile,unseen_seastate,heave,50,5.0,3,False,542880,9,0.1,0.2532143383436487,0.019268681952503582,0.23401737032124964,0.28146293840259357,0.18211971316576867,0.009311530626472726,0.04241543573790984,0.002168642932954986,1.305196114559555,3.8824345925298065,0.42112539876762756,0.23893707944778853,0.019430832485143577,0.11946853972389421,0.009715416242571816,0.00966818940956872,0.002895680049728708,1246628,pinball,3365.6574986203145
lstm_quantile,quantile,unseen_seastate,heave,100,10.0,3,False,542880,9,0.1,0.2731272718341684,0.02222122471475581,0.25280927645151785,0.3046353245652815,0.5505889144987958,0.026390275245795902,0.12826576273246995,0.00614790580410284,1.3048466130537077,9.000990856909963,0.9332218260273285,0.5838593574739984,0.042523967666051835,0.29192967873699915,0.021261983833025785,0.004791728067590137,0.003924906050675811,1246628,pinball,3365.6574986203145
lstm_quantile,quantile,unseen_seastate,heave,150,15.0,3,False,542880,9,0.1,0.3451659052952156,0.028288738005815033,0.3232758620689655,0.383361286103743,1.2151565372692756,0.03787825443345071,0.2831076323710447,0.008824890129053336,1.3047382588874747,12.532754230337531,1.3388735224592083,0.9084931528563045,0.06377501081974352,0.45424657642815247,0.031887505409871356,0.0032978435995677374,0.001995440082007834,1246628,pinball,3365.6574986203145
lstm_quantile,quantile,unseen_seastate,heave_rate,10,1.0,3,False,542880,9,0.1,0.4325216131250614,0.024347677502940715,0.40249553308281755,0.46297271035956383,0.07013250634102379,0.004422949993479123,0.029030874650681337,0.0018308501085439733,0.734348118721256,1.1610833711188346,0.1334048537909721,0.07329564666843513,0.006064531947006914,0.03664782333421757,0.003032265973503473,0.016037921210335006,0.004756180570853466,1246628,pinball,3365.6574986203145
lstm_quantile,quantile,unseen_seastate,heave_rate,20,2.0,3,False,542880,9,0.1,0.4122175557520385,0.010991427673627112,0.3947575431034483,0.4304982684939581,0.07178291264301435,0.0044346198407653435,0.02971290113638976,0.0018356098415986486,0.7343764911329834,1.2621678210557128,0.11212326267555528,0.07898351639407902,0.005198191722440699,0.039491758197039505,0.002599095861220338,0.020100206307102856,0.005567323274904858,1246628,pinball,3365.6574986203145
lstm_quantile,quantile,unseen_seastate,heave_rate,30,3.0,3,False,542880,9,0.1,0.3513796787503684,0.01867034538108496,0.3230085377984085,0.3727992834512231,0.07960410096466204,0.0031804750406441854,0.03294876566486429,0.0013164237212308274,0.7344107746237766,1.378269376309334,0.1640904019153626,0.08727916489362975,0.008128357339861215,0.04363958244681488,0.004064178669930587,0.010213429609981334,0.0020580192775243394,1246628,pinball,3365.6574986203145
lstm_quantile,quantile,unseen_seastate,heave_rate,50,5.0,3,False,542880,9,0.1,0.2564182385303075,0.02002456043678953,0.22894728116710877,0.28235825596816977,0.10710284562454175,0.004689631324144827,0.04433951643036113,0.0019414608821710776,0.734264962236321,2.145670662832457,0.15616479330919059,0.13325760462334227,0.007375607821977252,0.06662880231167116,0.0036878039109886768,0.013063046468218882,0.0041922690401305605,1246628,pinball,3365.6574986203145
lstm_quantile,quantile,unseen_seastate,heave_rate,100,10.0,3,False,542880,9,0.1,0.3153950535416053,0.016150214262106482,0.29421543435013264,0.3430561542145594,0.4154116142372863,0.007782474781792053,0.17201424709874505,0.0032225785083376474,0.7341029397003275,5.166818809913528,0.19112877129200445,0.3552363890781276,0.009200694077383458,0.17761819453906383,0.004600347038691728,0.005130047155909225,0.002884492462523116,1246628,pinball,3365.6574986203145
lstm_quantile,quantile,unseen_seastate,heave_rate,150,15.0,3,False,542880,9,0.1,0.3543029767167698,0.01581275504878049,0.33548947281167113,0.37980686339522546,0.8075036474426155,0.025207871029177237,0.3343599794680141,0.01043772776313933,0.7341299638155024,7.806992531201651,0.19251599384751597,0.5715200276723845,0.007954893583176163,0.28576001383619243,0.0039774467915880615,0.004175262795952451,0.0032282324256892093,1246628,pinball,3365.6574986203145
lstm_quantile,quantile,unseen_seastate,pitch,10,1.0,3,False,542880,9,0.1,0.4827954612437371,0.011215061595618778,0.46313204575596817,0.49869041040377243,0.22577751013022299,0.016941263855550427,0.03813333650834124,0.0028613430766761963,1.7997766828726487,2.86169271347047,0.3035363797099943,0.18973214110704265,0.013981862059319696,0.0948660705535213,0.006990931029659884,0.014876215738284704,0.007525472248217048,1246628,pinball,3365.6574986203145
lstm_quantile,quantile,unseen_seastate,pitch,20,2.0,3,False,542880,9,0.1,0.4121936093918852,0.022956633571834844,0.3796288314176245,0.4407846577512526,0.23049582683928285,0.008998744873696875,0.03893634231311436,0.0015201065268524445,1.7994950774677116,3.7232354100443863,0.36661523919236066,0.2369388641899874,0.019317062052164605,0.11846943209499373,0.009658531026082395,0.020108188427153947,0.003895986718281624,1246628,pinball,3365.6574986203145
lstm_quantile,quantile,unseen_seastate,pitch,30,3.0,3,False,542880,9,0.1,0.3462287552804794,0.019973521865307167,0.3181515712496316,0.3757828617742411,0.26418381646204003,0.010031717562522368,0.04463218693087118,0.0016947953114021916,1.7992884411802126,4.915953215396223,0.39270105961610924,0.307595117366168,0.019993679786692482,0.1537975586830841,0.009996839893346245,0.028304597701149427,0.011885987894764772,1246628,pinball,3365.6574986203145
lstm_quantile,quantile,unseen_seastate,pitch,50,5.0,3,False,542880,9,0.1,0.35141651930445034,0.010891831777862815,0.3355224451075744,0.36934336317418215,0.46580606692044757,0.006392324441750158,0.0786941692175664,0.0010799315359681283,1.799307264730753,6.7504136193088025,0.4236699709615103,0.4452918681528734,0.021165871650548868,0.22264593407643662,0.010582935825274394,0.024844041654386483,0.017277555144095166,1246628,pinball,3365.6574986203145
lstm_quantile,quantile,unseen_seastate,pitch,100,10.0,3,False,542880,9,0.1,0.3985386580214167,0.025909143612332892,0.37042550839964633,0.43515380931329206,1.5654450542972846,0.020444296904465243,0.26456098847576925,0.0034550962890009546,1.7986835875269107,14.769592421764905,2.3750959367757263,1.081733959286096,0.12836506622412755,0.540866979643048,0.06418253311206361,0.02290377247273799,0.007577352410510712,1246628,pinball,3365.6574986203145
lstm_quantile,quantile,unseen_seastate,pitch,150,15.0,3,False,542880,9,0.1,0.4863008399646331,0.023826072035116354,0.4631133952254642,0.5206086980548187,2.922413350837532,0.043312907177214394,0.49377755778823507,0.007318246585666631,1.799090637361259,16.054009971682834,1.8457053844550724,1.3904866197018724,0.11355136521057138,0.695243309850936,0.05677568260528586,0.0365593378524413,0.007666586207855663,1246628,pinball,3365.6574986203145
lstm_quantile,quantile,unseen_seastate,pitch_rate,10,1.0,3,False,542880,9,0.1,0.48288756262894195,0.020060117334971622,0.4588348253757737,0.5116997771146478,0.19978669490271553,0.00975078647799949,0.04834147160439387,0.0023593531484979407,1.256288669542056,2.2548564286674364,0.14492984652331214,0.15424742130121089,0.009532918701967439,0.07712371065060543,0.004766459350983764,0.012752357795461244,0.002088597065337235,1246628,pinball,3365.6574986203145
lstm_quantile,quantile,unseen_seastate,pitch_rate,20,2.0,3,False,542880,9,0.1,0.41340627763041554,0.018953779359435236,0.38718482905982904,0.442469882847038,0.20825056817254298,0.010033495652072549,0.050382080252382354,0.002427404580888427,1.2564720932103475,2.897306192015152,0.21388225175461625,0.19088337471502217,0.011156751773293139,0.09544168735751107,0.005578375886646595,0.017844950388053837,0.009650662541805539,1246628,pinball,3365.6574986203145
lstm_quantile,quantile,unseen_seastate,pitch_rate,30,3.0,3,False,542880,9,0.1,0.3931617791531585,0.008666915609425086,0.3760877634099617,0.40830123600058943,0.23075816741887767,0.004387004599216118,0.05582739705180564,0.0010613494220725003,1.2564709426767824,3.092276020665287,0.14461582727771483,0.20466106374806534,0.00694986850208495,0.10233053187403267,0.0034749342510424397,0.020479050004912073,0.010812634422828784,1246628,pinball,3365.6574986203145
lstm_quantile,quantile,unseen_seastate,pitch_rate,50,5.0,3,False,542880,9,0.1,0.3532603890362511,0.030233207665585425,0.3226845711759505,0.3983709567491895,0.46421234982532944,0.005255224857806221,0.11234468351058506,0.0012718243572135593,1.2560499558821334,6.616355550363736,0.8036274562625906,0.4387931399772012,0.042923643870731464,0.2193965699886007,0.02146182193536577,0.024307397583259654,0.009515731128754755,1246628,pinball,3365.6574986203145
lstm_quantile,quantile,unseen_seastate,pitch_rate,100,10.0,3,False,542880,9,0.1,0.4050391737891738,0.010132237492013424,0.3832039769378131,0.4208658451223107,1.5036073113433481,0.029507526076726204,0.36393784754171477,0.007142094512064063,1.2558852337264772,10.751917205388372,0.1982680832832908,0.852102895618536,0.014922102117173442,0.42605144780926807,0.007461051058586827,0.04849076530111013,0.010454458431954205,1246628,pinball,3365.6574986203145
lstm_quantile,quantile,unseen_seastate,pitch_rate,150,15.0,3,False,542880,9,0.1,0.49005734846252086,0.008511330809761679,0.47182434423813735,0.5047508197023283,2.3694249987353317,0.036370767236930494,0.5731940048951479,0.008798550595512732,1.2565624407980214,11.75903009579335,0.217873737104862,1.0511178884592223,0.006748880955681732,0.525558944229611,0.003374440477840497,0.03228828961587582,0.00876004571523766,1246628,pinball,3365.6574986203145
lstm_quantile,quantile,unseen_seastate,roll,10,1.0,3,False,542880,9,0.1,0.4176871500147363,0.038956559735225625,0.3757370413351017,0.46908004531388153,0.47584578486976586,0.02672957281106475,0.023117601441133354,0.0012985795620887336,6.257000679431415,8.66979221471803,1.7382320635348463,0.5381924050088882,0.08480588875978112,0.2690962025044441,0.04240294437989044,0.020507908438942922,0.004739596463884226,1246628,pinball,3365.6574986203145
lstm_quantile,quantile,unseen_seastate,roll,20,2.0,3,False,542880,9,0.1,0.4081122900088417,0.03167179879324451,0.36966604037724726,0.4508924163719422,0.46583338090550175,0.03529743079995975,0.02262702223607164,0.0017145094884235153,6.258149735730003,9.089459017695296,1.3015520899933979,0.5577264638624849,0.06081762817860086,0.2788632319312425,0.030408814089300285,0.018597725709794673,0.007742565564940562,1246628,pinball,3365.6574986203145
lstm_quantile,quantile,unseen_seastate,roll,30,3.0,3,False,542880,9,0.1,0.3859269083407015,0.024884040067488743,0.34850321433834364,0.4175053879310345,0.46017935715470254,0.03903499421348995,0.02234999816956651,0.0018958522055721998,6.258818948538503,9.740721327439909,0.7550574073718598,0.5909862610479731,0.031181794017233033,0.2954931305239867,0.01559089700861665,0.02452844090775125,0.002948080028142329,1246628,pinball,3365.6574986203145
lstm_quantile,quantile,unseen_seastate,roll,50,5.0,3,False,542880,9,0.1,0.3471602072895177,0.024740025124091083,0.3162514275714707,0.38431315391983495,0.4543509690329535,0.037184307902249275,0.022064386390530783,0.001805760289156969,6.25953903317843,10.43236227097914,0.6504859571953461,0.6270387071532623,0.026184320365011077,0.3135193535766312,0.013092160182505587,0.022090824245996663,0.010685346985889537,1246628,pinball,3365.6574986203145
lstm_quantile,quantile,unseen_seastate,roll,100,10.0,3,False,542880,9,0.1,0.34011076726593964,0.025472360093509422,0.31755871463306806,0.3779897951665193,1.0362913260337112,0.08478572464636729,0.05029210965627825,0.004114724164991619,6.263610691806128,15.0151381392865,0.4784929191659925,0.9896979408161876,0.011002826818706095,0.49484897040809384,0.005501413409352959,0.03503352490421456,0.019003360831282994,1246628,pinball,3365.6574986203145
lstm_quantile,quantile,unseen_seastate,roll,150,15.0,3,False,542880,9,0.1,0.38291764908144216,0.017773587229439912,0.3607808815944592,0.4070508675950486,2.2718118670004785,0.16583427893444022,0.11018518420488742,0.008043131052045047,6.26746488344986,22.93115680196963,0.8415375949680701,1.6488687960419959,0.034832607117562434,0.8244343980209976,0.01741630355878033,0.04012980155221534,0.014738954756552416,1246628,pinball,3365.6574986203145
lstm_quantile,quantile,unseen_seastate,roll_rate,10,1.0,3,False,542880,9,0.1,0.422871229983299,0.018007682651104927,0.3976902814618332,0.45160873489537284,0.2776988241546015,0.015828149662521742,0.02558752192815349,0.0014584257884592109,3.299047438683298,4.832971707880283,0.3786020397958989,0.30335358590613476,0.016758636313394047,0.15167679295306738,0.00837931815669704,0.017053492484526967,0.006321230409136999,1246628,pinball,3365.6574986203145
lstm_quantile,quantile,unseen_seastate,roll_rate,20,2.0,3,False,542880,9,0.1,0.39511187248256213,0.03273069608808938,0.3578225851016799,0.4403578599322134,0.2714223364510259,0.022216746998862474,0.025007787647413567,0.0020469637776628366,3.2992335448738204,5.253174734306501,0.5263784688603361,0.3238753587805157,0.02301458876636065,0.16193767939025785,0.011507294383180287,0.01961329698398664,0.009319841123949088,1246628,pinball,3365.6574986203145
lstm_quantile,quantile,unseen_seastate,roll_rate,30,3.0,3,False,542880,9,0.1,0.37117042440318304,0.03897640404122602,0.3313965793545535,0.4247608587533156,0.27042945778450345,0.02458405062575075,0.02491295437995278,0.0022647729900853817,3.2996776276077266,5.572502120339196,0.7676128421842552,0.3404401073844438,0.03503632892526708,0.1702200536922219,0.017518164462633618,0.013713282247765005,0.006122707607166082,1246628,pinball,3365.6574986203145
lstm_quantile,quantile,unseen_seastate,roll_rate,50,5.0,3,False,542880,9,0.1,0.3840554081933392,0.032342256806619216,0.3485329170350722,0.42879443891836133,0.32414158126793907,0.026235692844297605,0.0298505263122438,0.002416071509570666,3.3008478104739085,5.765505593874058,0.6421794688445946,0.3613169753328435,0.030228434425276254,0.18065848766642179,0.015114217212638089,0.02086833185971117,0.011210994495792641,1246628,pinball,3365.6574986203145
lstm_quantile,quantile,unseen_seastate,roll_rate,100,10.0,3,False,542880,9,0.1,0.36732488456626383,0.030612595310173265,0.33080538056292363,0.40498153367226647,0.8683859803454399,0.0612668666698201,0.07993443181821581,0.0056395799648749695,3.3023390388764846,9.805344156325164,0.5472338653907238,0.6861495974378126,0.01529808863363039,0.34307479871890645,0.007649044316815411,0.04196323312702623,0.02052871152309107,1246628,pinball,3365.6574986203145
lstm_quantile,quantile,unseen_seastate,roll_rate,150,15.0,3,False,542880,9,0.1,0.3956399204244032,0.020193339164508668,0.3693060160624816,0.4203067897141173,1.744313287034559,0.12654200300214502,0.160496056901104,0.011643259651332089,3.303717238675165,15.533844603622983,0.88250702182382,1.1652008356247483,0.04021900565255046,0.5826004178123746,0.020109502826275508,0.040306636211808626,0.01233822295474462,1246628,pinball,3365.6574986203145
tcn_gaussian,gaussian,unseen_seastate,heave,10,1.0,3,False,542880,9,0.1,0.8990145151783082,0.033706344283159044,0.8551633418066608,0.9260522122752727,0.05660372499375268,0.013085041310571251,0.013182619869465081,0.003047416501167479,1.3052269451126672,0.07305410554776373,0.01289314918342034,0.008061708532428987,0.0013280677769308728,0.004030854266214495,0.0006640338884654349,0.0,0.0,255304,gaussian_nll,4140.614205902345
tcn_gaussian,gaussian,unseen_seastate,heave,20,2.0,3,False,542880,9,0.1,0.8278655810983397,0.028949206267163265,0.7914137102122016,0.8579804008252284,0.1314715341343741,0.027136467750445457,0.030619708557801245,0.006320080915444075,1.3051890619407918,0.21766437930009155,0.03313024560833152,0.024079283164292833,0.00347877104009233,0.01203964158214641,0.0017393855200461554,0.0,0.0,255304,gaussian_nll,4140.614205902345
tcn_gaussian,gaussian,unseen_seastate,heave,30,3.0,3,False,542880,9,0.1,0.6911404607525297,0.03473863781196322,0.6449424826849396,0.7222191368258178,0.24222149283482544,0.03878971811962721,0.05641609908157182,0.009034559878117049,1.3051257868066772,0.5839535403494218,0.049925186164066535,0.062272546229963234,0.004211891964759082,0.031136273114981614,0.00210594598237954,0.0,0.0,255304,gaussian_nll,4140.614205902345
tcn_gaussian,gaussian,unseen_seastate,heave,50,5.0,3,False,542880,9,0.1,0.5658438942921702,0.04049395347537398,0.5188912835249042,0.6130445033893309,0.6066193823885648,0.10053482510259766,0.14128083656519266,0.023414425266966327,1.305196114559555,2.120649935032047,0.11604116073183467,0.20359456514246407,0.0009816126239167845,0.10179728257123201,0.0004908063119583846,0.0,0.0,255304,gaussian_nll,4140.614205902345
tcn_gaussian,gaussian,unseen_seastate,heave,100,10.0,3,False,542880,9,0.1,0.5135339915512329,0.022832452730689345,0.48020027446212793,0.5360663498379016,1.3931976795013694,0.13236969350472744,0.32456077173479164,0.030836980645538005,1.3048466130537077,6.219517681536367,0.17008286483255444,0.5691505150384188,0.008386762413052902,0.2845752575192095,0.004193381206526398,0.0,0.0,255304,gaussian_nll,4140.614205902345
tcn_gaussian,gaussian,unseen_seastate,heave,150,15.0,3,False,542880,9,0.1,0.6561935111504077,0.059577478448465844,0.579047211170056,0.7094228927203066,3.2425583141243344,0.6302253132900153,0.7554524696873369,0.14683013326561928,1.3047382588874747,7.940992049723778,0.494385830839906,0.8406102124612786,0.02019099177775452,0.42030510623063916,0.010095495888877315,0.0,0.0,255304,gaussian_nll,4140.614205902345
tcn_gaussian,gaussian,unseen_seastate,heave_rate,10,1.0,3,False,542880,9,0.1,0.8324522300815405,0.04683609247836759,0.773663701002063,0.875956380783967,0.061151357954714713,0.011871735341616854,0.025313189277306986,0.0049142242102781135,0.734348118721256,0.10230418781472535,0.017347499106030683,0.011151468519421124,0.0015816655351500498,0.005575734259710562,0.0007908327675750237,0.0,0.0,255304,gaussian_nll,4140.614205902345
tcn_gaussian,gaussian,unseen_seastate,heave_rate,20,2.0,3,False,542880,9,0.1,0.7093225022104331,0.03774769073721004,0.6594964817270852,0.7447989426760979,0.11898491882182383,0.011997708067689919,0.0492510961105207,0.004966177890431816,0.7343764911329834,0.27463130494356847,0.026863956964481104,0.029458409378199647,0.0018791326750863945,0.014729204689099823,0.0009395663375431976,0.0,0.0,255304,gaussian_nll,4140.614205902345
tcn_gaussian,gaussian,unseen_seastate,heave_rate,30,3.0,3,False,542880,9,0.1,0.586757662835249,0.03707542198335553,0.536390730916593,0.6155429837164751,0.1799584565209591,0.017998579026238387,0.074486225476649,0.007449753912795631,0.7344107746237766,0.5930214381603435,0.047780384535983,0.05878785608497663,0.0017476167573520624,0.029393928042488315,0.0008738083786760271,0.0,0.0,255304,gaussian_nll,4140.614205902345
tcn_gaussian,gaussian,unseen_seastate,heave_rate,50,5.0,3,False,542880,9,0.1,0.519392253659495,0.023171349091476317,0.4779926503094607,0.5497588325228411,0.2523448157201809,0.015499087092672614,0.10446825233724301,0.006416468421485932,0.734264962236321,1.1018657910791683,0.06021216199173418,0.09562555197148692,0.0011983220310407526,0.04781277598574346,0.0005991610155203688,0.0,0.0,255304,gaussian_nll,4140.614205902345
tcn_gaussian,gaussian,unseen_seastate,heave_rate,100,10.0,3,False,542880,9,0.1,0.5373937764023972,0.0426598765788695,0.47533225574712645,0.5913362068965518,0.9557472007448388,0.1372001129123499,0.3957571948360328,0.05681202286029482,0.7341029397003275,3.5929543046701564,0.29222662005284744,0.31720444469966236,0.013709682168715934,0.15860222234983123,0.00685484108435788,0.0,0.0,255304,gaussian_nll,4140.614205902345
tcn_gaussian,gaussian,unseen_seastate,heave_rate,150,15.0,3,False,542880,9,0.1,0.6406817958542096,0.02965804647786683,0.5940341327733569,0.6765606119216033,1.7062207154220488,0.18049978390573568,0.7064883547996086,0.07473886245819292,0.7341299638155024,4.462949255866126,0.11511683586032173,0.45991546034344816,0.0028612839653716035,0.22995773017172402,0.0014306419826858588,0.0,0.0,255304,gaussian_nll,4140.614205902345
tcn_gaussian,gaussian,unseen_seastate,pitch,10,1.0,3,False,542880,9,0.1,0.8029061057078298,0.048549581716891034,0.7372258141762451,0.846017766357206,0.13621658999911443,0.02255561976557821,0.023006689468136044,0.003809595730677027,1.7997766828726487,0.2564789861094931,0.030971032020489075,0.028817074769777126,0.002280233022775658,0.014408537384888565,0.0011401165113878403,0.0,0.0,255304,gaussian_nll,4140.614205902345
tcn_gaussian,gaussian,unseen_seastate,pitch,20,2.0,3,False,542880,9,0.1,0.6948060958836821,0.04655242860809779,0.6345906553934572,0.735761448202181,0.4249130775472249,0.05535484422930668,0.07177813701691717,0.009350777379168076,1.7994950774677116,1.0906564038823616,0.14645025039329332,0.11657865942260663,0.00917279074511961,0.058289329711303316,0.004586395372559804,0.0,0.0,255304,gaussian_nll,4140.614205902345
tcn_gaussian,gaussian,unseen_seastate,pitch,30,3.0,3,False,542880,9,0.1,0.6625626289419393,0.043298908408536195,0.6074557913351016,0.7073809129089301,0.7785525821352105,0.08902003558093981,0.13153154060201144,0.01503937266805365,1.7992884411802126,2.2181892513509127,0.2673292927306917,0.22495542737449736,0.012196173461230678,0.11247771368724864,0.006098086730615363,0.0,0.0,255304,gaussian_nll,4140.614205902345
tcn_gaussian,gaussian,unseen_seastate,pitch,50,5.0,3,False,542880,9,0.1,0.6949817025248061,0.055201173261484784,0.6243252192012968,0.744069453654583,1.4573324921748567,0.19907596173188002,0.24620454281256088,0.03363227431375185,1.799307264730753,3.668223833131941,0.6749284454934648,0.36854148856037594,0.03320622612285162,0.184270744280188,0.016603113061425964,0.0,0.0,255304,gaussian_nll,4140.614205902345
tcn_gaussian,gaussian,unseen_seastate,pitch,100,10.0,3,False,542880,9,0.1,0.6438629776991845,0.02752580355564643,0.6051562960506927,0.6790308171234896,3.3935907871059303,0.3789478072606836,0.5735185215568164,0.06404236686200095,1.7986835875269107,9.305914234094951,0.9232112567369201,0.9721018775615115,0.021374155476724062,0.4860509387807556,0.010687077738361857,0.0,0.0,255304,gaussian_nll,4140.614205902345
tcn_gaussian,gaussian,unseen_seastate,pitch,150,15.0,3,False,542880,9,0.1,0.7753616514392375,0.03478250033066537,0.7254052000442086,0.807194453654583,6.768096626829532,0.8839571592209274,1.1435528866280726,0.14935539736172007,1.799090637361259,11.03768210870713,0.3425246950285024,1.2910075856302978,0.040862907337063416,0.645503792815149,0.020431453668531767,0.0,0.0,255304,gaussian_nll,4140.614205902345
tcn_gaussian,gaussian,unseen_seastate,pitch_rate,10,1.0,3,False,542880,9,0.1,0.7404908389822182,0.0661934585744642,0.6601990310934277,0.8040870910698497,0.21199279072601276,0.022363579766199185,0.051294924710616786,0.005411212977754815,1.256288669542056,0.4868023587427705,0.08412828922943191,0.05220705139110913,0.005939425064255622,0.026103525695554564,0.002969712532127808,0.0,0.0,255304,gaussian_nll,4140.614205902345
tcn_gaussian,gaussian,unseen_seastate,pitch_rate,20,2.0,3,False,542880,9,0.1,0.6794423568130465,0.05930194296089363,0.6045625184202771,0.7328783985411141,0.4482477939470451,0.05903087390314267,0.10844463247217657,0.014281345076054004,1.2564720932103475,1.2088139231244444,0.1691024491873489,0.12531004585698077,0.007319059324483459,0.06265502292849036,0.0036595296622417063,0.0,0.0,255304,gaussian_nll,4140.614205902345
tcn_gaussian,gaussian,unseen_seastate,pitch_rate,30,3.0,3,False,542880,9,0.1,0.6563476274683171,0.04645724800121625,0.5962761107427056,0.717248885573239,0.5605690557626752,0.06490902998755231,0.1356186504732074,0.015703462329828662,1.2564709426767824,1.5436275769987269,0.156750164007119,0.145977670095275,0.006268507785770806,0.07298883504763751,0.0031342538928854436,0.0,0.0,255304,gaussian_nll,4140.614205902345
tcn_gaussian,gaussian,unseen_seastate,pitch_rate,50,5.0,3,False,542880,9,0.1,0.5699037233519992,0.031085004483675766,0.5249031093427645,0.6094149720011789,1.040711346862264,0.08704212302953035,0.2518640163991953,0.02106518658437559,1.2560499558821334,4.229966051631764,0.5484881913467632,0.38558486248510876,0.025347017840626457,0.19279243124255444,0.012673508920313246,0.0,0.0,255304,gaussian_nll,4140.614205902345
tcn_gaussian,gaussian,unseen_seastate,pitch_rate,100,10.0,3,False,542880,9,0.1,0.6502228853521957,0.03224922305245529,0.5998094882847038,0.6874787706307103,3.0647663867101342,0.4517411071342409,0.7418057052416044,0.1093408398165237,1.2558852337264772,7.474410791253233,0.6451848995825302,0.7448353964503571,0.04532197467084607,0.3724176982251784,0.022660987335422943,0.0,0.0,255304,gaussian_nll,4140.614205902345
tcn_gaussian,gaussian,unseen_seastate,pitch_rate,150,15.0,3,False,542880,9,0.1,0.8032880194518125,0.029673727125208552,0.7638091290893015,0.8440226661508989,4.185003065977713,0.37294563265328157,1.0124054018027981,0.09022028589332336,1.2565624407980214,6.596552353561155,0.6208811277116129,0.7875463282257483,0.06337347750577726,0.3937731641128741,0.031686738752888834,0.0,0.0,255304,gaussian_nll,4140.614205902345
tcn_gaussian,gaussian,unseen_seastate,roll,10,1.0,3,False,542880,9,0.1,0.883454293152569,0.02421145695813541,0.8534182968611848,0.9133088343648688,0.22404724251392416,0.031437910006653,0.010884692102167947,0.0015273206084507637,6.257000679431415,0.3586980533448572,0.09057057054310079,0.034317849620377,0.00730620658851684,0.017158924810188506,0.0036531032942584214,0.0,0.0,255304,gaussian_nll,4140.614205902345
tcn_gaussian,gaussian,unseen_seastate,roll,20,2.0,3,False,542880,9,0.1,0.8102472001178898,0.0460782947045714,0.7460886844238138,0.84507077991453,0.35899658576107746,0.058227033841645195,0.017437616241455057,0.0028282738925115127,6.258149735730003,0.9357670243491087,0.3046566619564479,0.08876969954127918,0.019553381051880977,0.04438484977063959,0.009776690525940481,0.0,0.0,255304,gaussian_nll,4140.614205902345
tcn_gaussian,gaussian,unseen_seastate,roll,30,3.0,3,False,542880,9,0.1,0.72417415757933,0.05609464082048135,0.6497345177571471,0.7733911269525494,0.6111351025110607,0.09628090728233792,0.029681619155915828,0.004676172601112656,6.258818948538503,1.9939347423089508,0.5486998617104167,0.18463595504759342,0.031798677647926106,0.09231797752379671,0.01589933882396312,0.0,0.0,255304,gaussian_nll,4140.614205902345
tcn_gaussian,gaussian,unseen_seastate,roll,50,5.0,3,False,542880,9,0.1,0.6827383583849101,0.0725962930345338,0.5976590590922487,0.7676200081049218,0.8346093724961321,0.08993837865400621,0.04053065787249915,0.004367626071500534,6.25953903317843,3.453157700320162,1.1155214691848785,0.2962789404790011,0.05892927520538088,0.1481394702395006,0.029464637602690497,0.0,0.0,255304,gaussian_nll,4140.614205902345
tcn_gaussian,gaussian,unseen_seastate,roll,100,10.0,3,False,542880,9,0.1,0.6873514097652028,0.04506373896588515,0.6338125828912466,0.7459422432213381,2.6379261716343603,0.24648140270650085,0.12802082672714157,0.011961954540904212,6.263610691806128,7.673702891448483,0.8220474376297787,0.7537518481473721,0.04032117486308966,0.3768759240736861,0.020160587431544728,0.0,0.0,255304,gaussian_nll,4140.614205902345
tcn_gaussian,gaussian,unseen_seastate,roll,150,15.0,3,False,542880,9,0.1,0.7902225169466549,0.0330530340271686,0.7406406111847922,0.8204739076775714,7.671853431135151,1.1833852148197666,0.3720926876830801,0.05739538549572548,6.26746488344986,12.917548251651931,0.4319674784878385,1.4029744820009735,0.07342402282567355,0.701487241000487,0.036712011412835886,0.0,0.0,255304,gaussian_nll,4140.614205902345
tcn_gaussian,gaussian,unseen_seastate,roll_rate,10,1.0,3,False,542880,9,0.1,0.8242895913154534,0.03091292239429931,0.7784253426171529,0.8502030835543767,0.1694885747654947,0.019606282593241327,0.0156168922810029,0.0018065477493878095,3.299047438683298,0.38694521477306515,0.1231242104488629,0.03873288947431838,0.008883139971358731,0.019366444737159188,0.004441569985679367,0.0,0.0,255304,gaussian_nll,4140.614205902345
tcn_gaussian,gaussian,unseen_seastate,roll_rate,20,2.0,3,False,542880,9,0.1,0.7316798064642892,0.046102238478942945,0.670400641025641,0.7787947152225169,0.2954599346814713,0.030387723034610906,0.02722251750333052,0.002799805405385586,3.2992335448738204,0.9076101968139971,0.23252823351029128,0.08738459924168945,0.013882937437864817,0.043692299620844734,0.006941468718932425,0.0,0.0,255304,gaussian_nll,4140.614205902345
tcn_gaussian,gaussian,unseen_seastate,roll_rate,30,3.0,3,False,542880,9,0.1,0.6766197563611357,0.06560755577299204,0.6146577512525788,0.7613823957412319,0.35035600470043565,0.0397986028678468,0.03227608128697229,0.003666393394253008,3.2996776276077266,1.3274068236711751,0.34852097290977446,0.1204813904113549,0.018734951981193414,0.060240695205677465,0.009367475990596742,0.0,0.0,255304,gaussian_nll,4140.614205902345
tcn_gaussian,gaussian,unseen_seastate,roll_rate,50,5.0,3,False,542880,9,0.1,0.6764183613321544,0.03248610822192816,0.6382940060418509,0.7179638686265841,0.6356435099673804,0.0393296159238123,0.05853705422570865,0.0036219041395178274,3.3008478104739085,2.1099408921587233,0.2442763919435179,0.20509166788773556,0.010655862027604922,0.10254583394386775,0.005327931013802487,0.0,0.0,255304,gaussian_nll,4140.614205902345
tcn_gaussian,gaussian,unseen_seastate,roll_rate,100,10.0,3,False,542880,9,0.1,0.6074104774535809,0.022145050346606292,0.5748314544650751,0.6417542090333038,1.8925131615730064,0.1356710214408533,0.17420475192224574,0.012488439770478069,3.3023390388764846,7.273089928286923,0.1361569544770391,0.6965399448361355,0.02572514933524683,0.3482699724180676,0.012862574667623226,0.0,0.0,255304,gaussian_nll,4140.614205902345
tcn_gaussian,gaussian,unseen_seastate,roll_rate,150,15.0,3,False,542880,9,0.1,0.7454729099125651,0.03734354832368197,0.7014156903919835,0.7953245192307692,4.537913723961577,0.5398675635497507,0.41753810205242575,0.0496737689511302,3.303717238675165,9.84196484816849,0.43122396429741716,1.090722380720092,0.021559254175777916,0.5453611903600463,0.010779627087889734,0.0,0.0,255304,gaussian_nll,4140.614205902345
tcn_quantile,quantile,unseen_seastate,heave,10,1.0,3,False,542880,9,0.1,0.8676859219962668,0.036597075916063086,0.8236271367521367,0.9072824565281462,0.07445168465423452,0.011858022839265113,0.017339287432874505,0.0027616523031076113,1.3052269451126672,0.11008963617351512,0.005311539658134504,0.01423191350213679,0.0009589438564778432,0.007115956751068394,0.0004794719282389225,0.012816828765104628,0.01851254512434606,664804,pinball,4568.147537712648
tcn_quantile,quantile,unseen_seastate,heave,20,2.0,3,False,542880,9,0.1,0.8146981530602221,0.027253503275703986,0.7768679542440319,0.8408198404804008,0.14447529200544154,0.007842673226786832,0.03364828260457047,0.0018265578940673333,1.3051890619407918,0.2827165923757596,0.029350063634929865,0.03270393424324678,0.0020499574305592643,0.016351967121623387,0.0010249787152796412,7.552313586796345e-05,7.552313586796345e-05,664804,pinball,4568.147537712648
tcn_quantile,quantile,unseen_seastate,heave,30,3.0,3,False,542880,9,0.1,0.719930739758326,0.028224779940148024,0.6819075578396699,0.7496932563365754,0.23212455024445264,0.010289403422456373,0.0540644080448567,0.0023965173204815765,1.3051257868066772,0.614715336784572,0.07692319775957693,0.06615798425338307,0.0046255150711098985,0.03307899212669155,0.0023127575355549627,7.982120051085567e-06,8.30616296939083e-06,664804,pinball,4568.147537712648
tcn_quantile,quantile,unseen_seastate,heave,50,5.0,3,False,542880,9,0.1,0.540842052264466,0.015158006617394125,0.5178283874889479,0.5598858863837312,0.46989897429290384,0.018147023648296665,0.1094388377895636,0.004226417349384082,1.305196114559555,2.1186667930992065,0.11898776126186665,0.1945045531119293,0.005343220250352365,0.09725227655596465,0.0026716101251761997,0.0,0.0,664804,pinball,4568.147537712648
tcn_quantile,quantile,unseen_seastate,heave,100,10.0,3,False,542880,9,0.1,0.5657315306022203,0.015945694126517765,0.5427882312849985,0.5894931660772178,1.336412104592003,0.057489260625724195,0.3113319454977396,0.0133927575890204,1.3048466130537077,5.486535183977188,0.2291973842403854,0.5295311593691641,0.0119742970710416,0.2647655796845822,0.005987148535520883,1.2280184693977797e-06,2.126990381629921e-06,664804,pinball,4568.147537712648
tcn_quantile,quantile,unseen_seastate,heave,150,15.0,3,False,542880,9,0.1,0.6228128991060026,0.010824515011755279,0.6038148393751842,0.6368574546861185,2.5626386529912133,0.118198442184774,0.5970445283545359,0.027537918029948344,1.3047382588874747,7.695687187563839,0.14582292757467402,0.836693014708139,0.013588509625202286,0.41834650735406925,0.006794254812601041,0.0,0.0,664804,pinball,4568.147537712648
tcn_quantile,quantile,unseen_seastate,heave_rate,10,1.0,3,False,542880,9,0.1,0.833886555653797,0.038170710817956754,0.785910514294135,0.8722224064249926,0.07416784209063931,0.0028956548704138305,0.030701274475704782,0.001198636665939973,0.734348118721256,0.13343758268409464,0.019220027145533232,0.015682577292307542,0.001390761372519926,0.007841288646153771,0.0006953806862599643,0.012522104332449163,0.018471922056811845,664804,pinball,4568.147537712648
tcn_quantile,quantile,unseen_seastate,heave_rate,20,2.0,3,False,542880,9,0.1,0.7431089743589743,0.039424015010269355,0.6991335562186856,0.7870287632625995,0.12494123234788508,0.008004035706729098,0.05171657638181229,0.0033130882112418587,0.7343764911329834,0.3024425730290818,0.04964162472217524,0.03326826076708696,0.0034076747255946892,0.016634130383543482,0.0017038373627973466,0.0001154337361233913,0.00019675523304579426,664804,pinball,4568.147537712648
tcn_quantile,quantile,unseen_seastate,heave_rate,30,3.0,3,False,542880,9,0.1,0.6365716180371354,0.028145382422971297,0.5990185215885647,0.6649145299145299,0.18161462385946056,0.00992011736390889,0.07517172620936013,0.004106014871476074,0.7344107746237766,0.586925741691775,0.06648977789650067,0.06006878915383789,0.0036019585196197545,0.030034394576918946,0.001800979259809867,0.0003192848020434227,0.0005530174992237794,664804,pinball,4568.147537712648
tcn_quantile,quantile,unseen_seastate,heave_rate,50,5.0,3,False,542880,9,0.1,0.573837680518715,0.014892517623943526,0.5495698865310934,0.5958398264809903,0.25573205337194027,0.008382090651793213,0.1058705351490389,0.0034701024422716157,0.734264962236321,0.976045654183581,0.03545262352966383,0.09360699355639863,0.0012394078280861174,0.04680349677819933,0.0006197039140430472,0.0,0.0,664804,pinball,4568.147537712648
tcn_quantile,quantile,unseen_seastate,heave_rate,100,10.0,3,False,542880,9,0.1,0.5538774683171235,0.02998485558377041,0.513202134910109,0.5873656240789862,0.8196769020626093,0.050349639095086586,0.33941300709997363,0.020848851991142704,0.7341029397003275,3.230548142711496,0.26391745703081587,0.3115485144726504,0.010416306285520623,0.1557742572363252,0.0052081531427603045,0.0,0.0,664804,pinball,4568.147537712648
tcn_quantile,quantile,unseen_seastate,heave_rate,150,15.0,3,False,542880,9,0.1,0.6461464780430298,0.027645065192425797,0.6087010020630711,0.6781472885352196,1.5646293466244066,0.09023515479849681,0.6478601525444702,0.03736332907135573,0.7341299638155024,4.299876022563068,0.263848420552357,0.4689429788280283,0.01093307835872268,0.2344714894140143,0.005466539179361434,0.0,0.0,664804,pinball,4568.147537712648
tcn_quantile,quantile,unseen_seastate,pitch,10,1.0,3,False,542880,9,0.1,0.8685836034973966,0.01697815454301322,0.8432416003536692,0.8915387378426172,0.19805461079904493,0.02124785860446801,0.0334509983579518,0.0035887176795354834,1.7997766828726487,0.3057534897716657,0.014507856037188334,0.038183668173523484,0.0033291015889317056,0.019091834086761735,0.0016645507944658539,0.01770372826407309,0.004565769159887635,664804,pinball,4568.147537712648
tcn_quantile,quantile,unseen_seastate,pitch,20,2.0,3,False,542880,9,0.1,0.7279822428529324,0.01581713783652999,0.6993988542587681,0.7505777059386973,0.4093313593327559,0.014995576679860883,0.06914600643761569,0.0025331170407555145,1.7994950774677116,1.1631776611762705,0.0953259215932478,0.12143842353036521,0.004468256019854293,0.0607192117651826,0.002234128009927139,0.00016209843796050692,0.00018691816724761235,664804,pinball,4568.147537712648
tcn_quantile,quantile,unseen_seastate,pitch,30,3.0,3,False,542880,9,0.1,0.6474113370665094,0.0303910925504776,0.6030870542292956,0.6851583683318597,0.6046181823737964,0.01805123435635442,0.10214642251331213,0.003049642014091877,1.7992884411802126,2.3512579766986743,0.3162217845594043,0.22056012411229023,0.017980068060565034,0.11028006205614506,0.008990034030282491,0.0002241133706650948,0.0003754861010179399,664804,pinball,4568.147537712648
tcn_quantile,quantile,unseen_seastate,pitch,50,5.0,3,False,542880,9,0.1,0.6566853325474015,0.02138679507921534,0.6281114150456824,0.6898937150014737,1.058143521485216,0.045368413869059564,0.17876479344020732,0.007664626744232808,1.799307264730753,4.036351847192497,0.37369175675582694,0.38321456873787846,0.017289693709178273,0.19160728436893917,0.008644846854589073,5.0348757245308965e-05,6.341856436622142e-05,664804,pinball,4568.147537712648
tcn_quantile,quantile,unseen_seastate,pitch,100,10.0,3,False,542880,9,0.1,0.6582535121328225,0.017702409733796363,0.6322779435602712,0.6870304671382257,3.0852628878166612,0.1113986679571407,0.5214109540719625,0.018826429984701545,1.7986835875269107,8.855858505306077,0.5970073625930886,0.944625395789299,0.04718692344428068,0.47231269789464947,0.023593461722140392,2.7630415561450043e-05,4.785728358667322e-05,664804,pinball,4568.147537712648
tcn_quantile,quantile,unseen_seastate,pitch,150,15.0,3,False,542880,9,0.1,0.7396576284507318,0.01179431370948828,0.7173579336133216,0.7628049476864132,5.1293370894813926,0.22604364213626255,0.8666643753153115,0.03819284412166189,1.799090637361259,10.614382418199497,0.5415367027761485,1.2645289211020925,0.052436800880193035,0.6322644605510461,0.026218400440096597,3.8682581786030064e-05,5.7694001486022046e-05,664804,pinball,4568.147537712648
tcn_quantile,quantile,unseen_seastate,pitch_rate,10,1.0,3,False,542880,9,0.1,0.791539566755084,0.011905464530811394,0.7700758454907162,0.8053929045092838,0.24166210128887777,0.012033133485295942,0.05847387191125535,0.0029116022014107025,1.256288669542056,0.5183136109316966,0.03714041171139549,0.05985664043341268,0.003823722044438469,0.02992832021670634,0.001911861022219246,0.022640976520286866,0.038487012173519325,664804,pinball,4568.147537712648
tcn_quantile,quantile,unseen_seastate,pitch_rate,20,2.0,3,False,542880,9,0.1,0.6911613370665095,0.025534446512961124,0.6563614887267905,0.7256031259210138,0.3853464049179584,0.008284735352907942,0.09322689329451413,0.002004326831291643,1.2564720932103475,1.165717867797066,0.12117164124170256,0.12101044659394793,0.0076059867336473715,0.06050522329697395,0.00380299336682368,0.00799808429118774,0.005705804134300473,664804,pinball,4568.147537712648
tcn_quantile,quantile,unseen_seastate,pitch_rate,30,3.0,3,False,542880,9,0.1,0.7276463798015523,0.016856201607294386,0.700388483642794,0.7464948975832597,0.524524258866926,0.017456071827102064,0.1268983212625063,0.004223153025337915,1.2564709426767824,1.2939700918719348,0.13087321502077887,0.14232061553797784,0.008513995874117896,0.07116030776898889,0.004256997937059005,0.008948570586501621,0.01538620623469705,664804,pinball,4568.147537712648
tcn_quantile,quantile,unseen_seastate,pitch_rate,50,5.0,3,False,542880,9,0.1,0.6521250859612928,0.022432519626722935,0.6151841106690245,0.6842787080017683,1.0112470223937202,0.02600837319745229,0.2447333138047528,0.006294322967909832,1.2560499558821334,3.5269632110821063,0.22737458980950237,0.34911395268076567,0.01573302032153242,0.17455697634038278,0.007866510160766319,0.0011733716475095786,0.001968599404991933,664804,pinball,4568.147537712648
tcn_quantile,quantile,unseen_seastate,pitch_rate,100,10.0,3,False,542880,9,0.1,0.6645145642990471,0.015619851472428501,0.636666620615974,0.6887785514294135,2.6471354853962246,0.12594744774868386,0.6407210070332013,0.03048471678158904,1.2558852337264772,6.923302142003475,0.42358058199460175,0.7672085499423656,0.03231244030982415,0.38360427497118293,0.016156220154912287,0.0004887513508203163,0.0007349582817637925,664804,pinball,4568.147537712648
tcn_quantile,quantile,unseen_seastate,pitch_rate,150,15.0,3,False,542880,9,0.1,0.8053860890067787,0.008571893882101111,0.7857441331417624,0.8233446157530209,4.111920426486552,0.20586345157232014,0.99472578297519,0.04980098392279065,1.2565624407980214,6.528181545442876,0.2104368766552067,0.8349370309222007,0.03249170250851838,0.41746851546110025,0.016245851254259095,0.0001743786226544847,3.276186651919172e-05,664804,pinball,4568.147537712648
tcn_quantile,quantile,unseen_seastate,roll,10,1.0,3,False,542880,9,0.1,0.8806906375871894,0.01581770998233276,0.8583662595785441,0.902639119142352,0.27955290800265403,0.06355716828607359,0.013581275519092642,0.003087742566778477,6.257000679431415,0.4298461332765828,0.03882304611239743,0.05141796802953489,0.008564355125890714,0.02570898401476744,0.004282177562945359,0.061240667059632575,0.05359918293808093,664804,pinball,4568.147537712648
tcn_quantile,quantile,unseen_seastate,roll,20,2.0,3,False,542880,9,0.1,0.7944739168877101,0.01621483816620864,0.770722765620395,0.8228476366784556,0.46945259457309413,0.03477148088461668,0.022802819058477374,0.0016889624131873142,6.258149735730003,1.1293856465477885,0.04194492327431932,0.11749858420883003,0.005107594803930243,0.058749292104415034,0.002553797401965088,0.001888692405933785,0.002254092043644491,664804,pinball,4568.147537712648
tcn_quantile,quantile,unseen_seastate,roll,30,3.0,3,False,542880,9,0.1,0.737106420080558,0.019995077970303986,0.7076810713233127,0.7704338896256999,0.6914516771482419,0.0388669568912695,0.03358243580102967,0.0018876909662952695,6.258818948538503,2.206868827942029,0.1437167152153298,0.2118163629802949,0.015102991501655534,0.1059081814901474,0.007551495750827824,0.0027384811867570487,0.00352802760383787,664804,pinball,4568.147537712648
tcn_quantile,quantile,unseen_seastate,roll,50,5.0,3,False,542880,9,0.1,0.6833720159151193,0.004905992073509216,0.6704332909666961,0.698867567418214,0.885348194909484,0.05938086467768747,0.04299465830175216,0.002883678987723895,6.25953903317843,3.617600304204007,0.35441323785839557,0.3212840783678626,0.026669296865345606,0.16064203918393127,0.01333464843267275,0.0001872728165831614,0.00017409192139124913,664804,pinball,4568.147537712648
tcn_quantile,quantile,unseen_seastate,roll,100,10.0,3,False,542880,9,0.1,0.6519476372924649,0.017141801079052988,0.6215869529177719,0.6783563126289419,2.3321281842758275,0.12855986007230427,0.11318018729829797,0.006239120619583172,6.263610691806128,7.959741059897134,0.30666626083943627,0.766808172491697,0.021878251589873842,0.3834040862458485,0.010939125794936885,0.0007054966106690244,0.0009912419872861106,664804,pinball,4568.147537712648
tcn_quantile,quantile,unseen_seastate,roll,150,15.0,3,False,542880,9,0.1,0.6888477502701641,0.004304367606647258,0.6727889220453875,0.7001789529914529,4.921552203482892,0.23440879196841763,0.23870028323723771,0.011369064620824867,6.26746488344986,12.867736117928295,0.14773008538639418,1.384108573262641,0.02163140010527536,0.6920542866313206,0.010815700052637966,0.002258325965222517,0.0022230664568847723,664804,pinball,4568.147537712648
tcn_quantile,quantile,unseen_seastate,roll_rate,10,1.0,3,False,542880,9,0.1,0.8211814765694075,0.011193709545217733,0.8061909169613911,0.8401849395814913,0.26347589715868386,0.019812884518229355,0.02427700339247557,0.0018255843128378842,3.299047438683298,0.505769465505475,0.02446870032182321,0.05932987743943698,0.0033242257279214927,0.0296649387197185,0.0016621128639607303,0.029287626485902347,0.038864637807379115,664804,pinball,4568.147537712648
tcn_quantile,quantile,unseen_seastate,roll_rate,20,2.0,3,False,542880,9,0.1,0.7627382355830631,0.004598960851973679,0.7502275364721486,0.7749191349837902,0.38010615571406664,0.037677344743430735,0.035021487729648366,0.0034714425083144213,3.2992335448738204,0.9866618316148769,0.10738619524756161,0.10420850997907245,0.01097320833107855,0.05210425498953625,0.005486604165539259,0.020380808527360253,0.0283251374007873,664804,pinball,4568.147537712648
tcn_quantile,quantile,unseen_seastate,roll_rate,30,3.0,3,False,542880,9,0.1,0.7283352981628844,0.024096856030441368,0.6915597369584439,0.7547492539787799,0.4267474224242728,0.023787684281115887,0.03931353911558807,0.0021914087990088757,3.2996776276077266,1.3092614992182476,0.19351485480572497,0.130201741635088,0.01588048283069691,0.065100870817544,0.007940241415348446,0.01186450044208665,0.010947241778541682,664804,pinball,4568.147537712648
tcn_quantile,quantile,unseen_seastate,roll_rate,50,5.0,3,False,542880,9,0.1,0.7500577168680617,0.020194131013528228,0.7193301466254052,0.781098032714412,0.7417081306964147,0.03194116857169034,0.06830465250632872,0.002941494544338992,3.3008478104739085,2.0363945353953348,0.07831748521004817,0.2096073962853624,0.006247349231924572,0.10480369814268121,0.003123674615962333,0.0004715590922487474,0.000652109027311391,664804,pinball,4568.147537712648
tcn_quantile,quantile,unseen_seastate,roll_rate,100,10.0,3,False,542880,9,0.1,0.6488751350820317,0.009934476769214055,0.631501574933687,0.6711592801355732,1.9117106857070645,0.08644236623401545,0.17597187301667197,0.007956970271663635,3.3023390388764846,6.800415629359443,0.18528946030350432,0.6908436737155079,0.022609356798582964,0.345421836857754,0.011304678399291621,0.001398713036644071,0.0005434023354670453,664804,pinball,4568.147537712648
tcn_quantile,quantile,unseen_seastate,roll_rate,150,15.0,3,False,542880,9,0.1,0.668850083505256,0.00962849154289658,0.6491964614647805,0.6921775991010904,3.4111971294851586,0.16942671343323237,0.3138677510881597,0.015589125899496957,3.303717238675165,10.684121203135343,0.3029608100739349,1.1309054443614253,0.016695807961744764,0.5654527221807123,0.008347903980872262,0.001828519500933294,0.002166533390031988,664804,pinball,4568.147537712648
dlinear_gaussian,gaussian,unseen_vessel,heave,10,1.0,3,False,434304,9,0.1,0.9718361639159053,0.00019107338221171398,0.9633750782861774,0.9803963352858827,0.06941809242805412,0.0004060621421698915,0.03227286184596171,0.00018878057516066705,0.6538497228934008,0.08070328821322702,0.0002650299255114397,0.007307523658054714,5.41388561445031e-05,0.003653761829027357,2.70694280722525e-05,0.0,0.0,120600,gaussian_nll,1347.111506111687
dlinear_gaussian,gaussian,unseen_vessel,heave,20,2.0,3,False,434304,9,0.1,0.954406744277434,0.0005845642220714902,0.9431106436965813,0.965404762562629,0.38581483883276785,0.0005058345729536192,0.17934438782791537,0.00023513505105978943,0.6539339478701262,0.5034155503505212,0.0014865674729825245,0.04570568106243222,0.00022205828850782234,0.022852840531216112,0.00011102914425391389,0.0,0.0,120600,gaussian_nll,1347.111506111687
dlinear_gaussian,gaussian,unseen_vessel,heave,30,3.0,3,False,434304,9,0.1,0.9361415045682286,0.00027976506405776546,0.9230414064802535,0.9495004075486295,0.8203695858618523,0.00011209339580651285,0.38122949100672326,5.20903126651665e-05,0.6541326237646001,1.2168800088574094,0.0019182361870201685,0.10989054172750351,0.0001685044870075076,0.05494527086375175,8.425224350375117e-05,0.0,0.0,120600,gaussian_nll,1347.111506111687
dlinear_gaussian,gaussian,unseen_vessel,heave,50,5.0,3,False,434304,9,0.1,0.9326040438648198,0.00015555889425310446,0.9194507764146773,0.946526338693634,0.973953197280146,0.00034812694198917875,0.452513495040422,0.00016174508146506522,0.6542583886872622,1.4736620428102274,0.0010215487110298788,0.13381747558479098,9.16155719023738e-05,0.06690873779239546,4.580778595121482e-05,0.0,0.0,120600,gaussian_nll,1347.111506111687
dlinear_gaussian,gaussian,unseen_vessel,heave,100,10.0,3,False,434304,9,0.1,0.9335196851360644,1.9582828037774052e-05,0.9210604783745948,0.9458365568818156,1.8792863037651308,0.0005641852257681135,0.8729888173201404,0.0002620821489551405,0.6543754769960836,2.5784504828667187,0.0005353407935886044,0.2523891452213238,0.00011171995725109713,0.1261945726106619,5.585997862553417e-05,0.0,0.0,120600,gaussian_nll,1347.111506111687
dlinear_gaussian,gaussian,unseen_vessel,heave,150,15.0,3,False,434304,9,0.1,0.9161555039787799,5.018257883353843e-05,0.9018893447907457,0.930466389902004,2.264288202942336,0.00021367303349457511,1.0518227452178155,9.92568686163775e-05,0.6543828266952652,3.32595303962254,0.0003533625493415566,0.33032750342799594,4.0112216200344524e-05,0.16516375171399797,2.0056108100199333e-05,0.0,0.0,120600,gaussian_nll,1347.111506111687
dlinear_gaussian,gaussian,unseen_vessel,heave_rate,10,1.0,3,False,434304,9,0.1,0.9861502541998232,0.0004835322723253377,0.9808522947060124,0.9913044779693486,0.041180572060402015,0.0002410892495169325,0.03411679785109889,0.00019973479673322895,0.366916177705551,0.043179890446660645,0.0002485401214388766,0.00394824036075538,3.9227592110551124e-05,0.0019741201803776904,1.961379605527537e-05,0.0,0.0,120600,gaussian_nll,1347.111506111687
dlinear_gaussian,gaussian,unseen_vessel,heave_rate,20,2.0,3,False,434304,9,0.1,0.97516332645643,0.0005906812917693669,0.9675456592617153,0.9825275037761568,0.2288764699071754,0.00030016638517548947,0.18959761006572853,0.0002486530366115164,0.36695350087924916,0.2524374035507441,0.0006790124221197243,0.023827135985712903,0.00012452401010271455,0.011913567992856455,6.226200505135438e-05,0.0,0.0,120600,gaussian_nll,1347.111506111687
dlinear_gaussian,gaussian,unseen_vessel,heave_rate,30,3.0,3,False,434304,9,0.1,0.9602014564299046,0.00030238104153393065,0.9510927253720896,0.9695891587459475,0.4866662932206333,6.581129159529291e-05,0.4032064379832942,5.452511676453015e-05,0.36689902485748377,0.5779198197674132,0.0006381776229341085,0.056000805772362695,6.070290132614664e-05,0.028000402886181355,3.0351450663084092e-05,0.0,0.0,120600,gaussian_nll,1347.111506111687
dlinear_gaussian,gaussian,unseen_vessel,heave_rate,50,5.0,3,False,434304,9,0.1,0.9557944051478534,0.00030198628995638043,0.9462675913645741,0.9657636125847333,0.577776755906079,0.00020642588031281295,0.4786333103612657,0.00017100428743178426,0.3669440869125789,0.6986096084187882,0.0003575360852965311,0.06853116899405017,0.00012809946639628185,0.034265584497025096,6.404973319814014e-05,0.0,0.0,120600,gaussian_nll,1347.111506111687
dlinear_gaussian,gaussian,unseen_vessel,heave_rate,100,10.0,3,False,434304,9,0.1,0.947198275862069,0.00010856151667149287,0.9379343155946065,0.9569621163977307,1.1148459869556124,0.0003351862094971711,0.9233853439992692,0.00027762223390657536,0.36700725147074686,1.3446053975050354,0.0007616641445565615,0.13974493882528663,0.00010864241024044381,0.06987246941264331,5.432120512023993e-05,0.0,0.0,120600,gaussian_nll,1347.111506111687
dlinear_gaussian,gaussian,unseen_vessel,heave_rate,150,15.0,3,False,434304,9,0.1,0.9287941165635131,4.220615693113294e-05,0.9174545940170941,0.940284742945034,1.343240033310444,0.00012629321221362016,1.1125299292562523,0.00010460154176867078,0.3670157241047937,1.757571935237462,0.0002604686928542093,0.18437001040418696,2.615475256611148e-05,0.09218500520209345,1.3077376283069386e-05,0.0,0.0,120600,gaussian_nll,1347.111506111687
dlinear_gaussian,gaussian,unseen_vessel,pitch,10,1.0,3,False,434304,9,0.1,0.9801368012574909,0.0002655445750463954,0.9744041040377247,0.9857105852122016,0.1142111902854005,0.0006684974880852099,0.03291033472455835,0.0001926297768233943,1.054918979036852,0.1217944972974,0.0006974811467718357,0.011519020484506148,7.714368176012703e-05,0.005759510242253072,3.8571840880061294e-05,0.0,0.0,120600,gaussian_nll,1347.111506111687
dlinear_gaussian,gaussian,unseen_vessel,pitch,20,2.0,3,False,434304,9,0.1,0.9692826530111013,0.0003490245557795048,0.9615355833701739,0.9770601928603007,0.634770721441723,0.0008323935012727493,0.18287423206922906,0.0002398083547063027,1.0551327883415698,0.7145894282590582,0.0014760567020578744,0.06934775814304645,0.00019638736557261544,0.0346738790715232,9.819368278630907e-05,0.0,0.0,120600,gaussian_nll,1347.111506111687
dlinear_gaussian,gaussian,unseen_vessel,pitch,30,3.0,3,False,434304,9,0.1,0.9556777433932607,0.0002466221328167279,0.9461921257920719,0.9652335691128795,1.349732597214637,0.0001832857078296469,0.3887214055275557,5.278606896484329e-05,1.0554849077799053,1.6315867894548506,0.0012623689514380345,0.16143237023468082,0.00022071308376053747,0.0807161851173404,0.00011035654188027798,0.0,0.0,120600,gaussian_nll,1347.111506111687
dlinear_gaussian,gaussian,unseen_vessel,pitch,50,5.0,3,False,434304,9,0.1,0.9495061830729935,0.0004968266497974268,0.9390113261678456,0.9599048707817566,1.602420411384694,0.000572311005186389,0.4614143792016117,0.00016479603310851204,1.0556697846975003,1.9802861634366054,0.0026240849740646597,0.19833194553185615,0.00040115652339546836,0.09916597276592808,0.00020057826169775356,0.0,0.0,120600,gaussian_nll,1347.111506111687
dlinear_gaussian,gaussian,unseen_vessel,pitch,100,10.0,3,False,434304,9,0.1,0.9246656719717065,0.0002152962224827897,0.91314096807766,0.9368261056771293,3.0919422793524913,0.0009288388337192082,0.889848605206183,0.00026731609647620666,1.0562287908366403,4.126895016348724,0.0031840780020434755,0.42902794000675676,0.0002910853217030198,0.21451397000337838,0.0001455426608514179,0.0,0.0,120600,gaussian_nll,1347.111506111687
dlinear_gaussian,gaussian,unseen_vessel,pitch,150,15.0,3,False,434304,9,0.1,0.9127408451223107,2.532788093130567e-05,0.9002411905025052,0.9263903279730327,3.725376405568168,0.000351150595959526,1.0716971177011712,0.00010101719681440256,1.0566735693319307,5.286850391261222,0.0004182897901861133,0.5430561157605394,2.705323749570135e-05,0.2715280578802696,1.3526618748036955e-05,0.0,0.0,120600,gaussian_nll,1347.111506111687
dlinear_gaussian,gaussian,unseen_vessel,pitch_rate,10,1.0,3,False,434304,9,0.1,0.9795120468611849,0.00010967898397267373,0.9738128131447097,0.9846997149462128,0.08513073720748154,0.0004985353757315474,0.03680706423554951,0.0002155463960510855,0.7030690217475473,0.09067168114994191,0.0005148164294089734,0.008625008427002874,4.567010553171059e-05,0.004312504213501436,2.283505276585569e-05,0.0,0.0,120600,gaussian_nll,1347.111506111687
dlinear_gaussian,gaussian,unseen_vessel,pitch_rate,20,2.0,3,False,434304,9,0.1,0.9695067663817664,0.0002700975519494825,0.9623115375405247,0.976539417090333,0.47314669653846303,0.0006203581942749855,0.20456436579461026,0.0002682110675310054,0.703086203551836,0.5250847006596547,0.0003066534960998192,0.051550869524645666,1.4449545989931908e-05,0.02577543476232284,7.224772994976344e-06,0.0,0.0,120600,gaussian_nll,1347.111506111687
dlinear_gaussian,gaussian,unseen_vessel,pitch_rate,30,3.0,3,False,434304,9,0.1,0.95909470478436,0.0005240951885487009,0.950073163037872,0.9674818214890952,1.006066920735513,0.0001359551869275125,0.4350217860932312,5.8786813309206226e-05,0.7030053176354107,1.1607417192226288,0.0023037559663480673,0.11712760697747031,0.0003031305906575742,0.05856380348873517,0.0001515652953287882,0.0,0.0,120600,gaussian_nll,1347.111506111687
dlinear_gaussian,gaussian,unseen_vessel,pitch_rate,50,5.0,3,False,434304,9,0.1,0.9533452758129483,0.0002890055518853644,0.943770262304745,0.9620850256962865,1.194416273648025,0.00042640142847000375,0.5163478125980542,0.00018433392924782787,0.7031631741182381,1.4114970088530894,0.0012175716504943647,0.1439300139729114,0.0002154668430255459,0.0719650069864557,0.00010773342151276572,0.0,0.0,120600,gaussian_nll,1347.111506111687
dlinear_gaussian,gaussian,unseen_vessel,pitch_rate,100,10.0,3,False,434304,9,0.1,0.929274578789665,0.00018578377506671008,0.9181275673261126,0.9403336718059239,2.304679976459497,0.0006928497795551734,0.9959821045289599,0.0002994194372373802,0.7033991527997708,3.0092725021186246,0.001130756148528559,0.3135327188841263,0.00012700922854682256,0.15676635944206313,6.350461427340903e-05,0.0,0.0,120600,gaussian_nll,1347.111506111687
dlinear_gaussian,gaussian,unseen_vessel,pitch_rate,150,15.0,3,False,434304,9,0.1,0.9287035502013951,4.793108052125359e-06,0.9179134316055114,0.9398303377357795,2.7768308919992415,0.00026133551874825303,1.199544598120099,0.0001128925822292004,0.7036809279539469,3.6122410710724413,9.09697465875447e-05,0.37648390061469145,9.380723876476784e-06,0.18824195030734578,4.69036193821092e-06,0.0,0.0,120600,gaussian_nll,1347.111506111687
dlinear_gaussian,gaussian,unseen_vessel,roll,10,1.0,3,False,434304,9,0.1,0.9870866182827389,0.0005114029109546233,0.9805663199049514,0.9933715784335396,0.3342289261761124,0.001956650085532266,0.04695495954475485,0.0002748847224581527,2.1637411794341554,0.358317371583452,0.0010089166936959168,0.028956335578778702,6.719134451915966e-05,0.014478167789389354,3.359567225957129e-05,0.0,0.0,120600,gaussian_nll,1347.111506111687
dlinear_gaussian,gaussian,unseen_vessel,roll,20,2.0,3,False,434304,9,0.1,0.9766530663621181,0.0002203506794004992,0.9682484503941939,0.984941596209107,1.85759765489954,0.002435667367097242,0.2610287019948695,0.00034225877150940407,2.16324713835809,2.1318185344380427,0.003946242865289623,0.176620362713217,0.00045328684246966804,0.0883101813566085,0.00022664342123485294,0.0,0.0,120600,gaussian_nll,1347.111506111687
dlinear_gaussian,gaussian,unseen_vessel,roll,30,3.0,3,False,434304,9,0.1,0.9664083222811671,8.602979338105439e-05,0.9564322456159741,0.976286771478043,3.9498657134613295,0.0005348522179414035,0.5552262336572161,7.518331104747505e-05,2.162494943561516,4.876160849871488,0.004218077581763012,0.4072688273472483,0.0003461126398303595,0.20363441367362414,0.0001730563199152017,0.0,0.0,120600,gaussian_nll,1347.111506111687
dlinear_gaussian,gaussian,unseen_vessel,roll,50,5.0,3,False,434304,9,0.1,0.9719098450240692,0.00031931708755533744,0.963032576259947,0.981154905319776,4.689332606773756,0.0016741082984248268,0.6591629976044636,0.00023532351761745038,2.162524144828776,5.568653327113286,0.011111332717202313,0.4648527233177011,0.001126810691161437,0.23242636165885058,0.0005634053455805593,0.0,0.0,120600,gaussian_nll,1347.111506111687
dlinear_gaussian,gaussian,unseen_vessel,roll,100,10.0,3,False,434304,9,0.1,0.9724517081736909,0.00013896198683355387,0.9643066262341586,0.9807006728006189,9.048280428111172,0.0027170626246552127,1.2714768483597239,0.00038180538835419535,2.1632182726804206,10.425511753870834,0.007596965170739777,0.8897842363604194,0.0008437124809512028,0.44489211818020974,0.00042185624047536935,0.0,0.0,120600,gaussian_nll,1347.111506111687
dlinear_gaussian,gaussian,unseen_vessel,roll,150,15.0,3,False,434304,9,0.1,0.9599796455938697,1.3815207780737415e-05,0.949637811302682,0.9704311956601828,10.901969745473119,0.001027495228786729,1.5309820467632278,0.00014429289248953388,2.164599840366654,13.48439724615207,0.0006185706849998509,1.1680940342517372,4.216809807554746e-05,0.5840470171258686,2.108404903775071e-05,0.0,0.0,120600,gaussian_nll,1347.111506111687
dlinear_gaussian,gaussian,unseen_vessel,roll_rate,10,1.0,3,False,434304,9,0.1,0.993105443805875,0.00031763574409820756,0.989081150530504,0.9969359596043325,0.17885603879059034,0.0010471329406305956,0.05423520166989664,0.00031752613215808406,1.0024554842926892,0.184122831214498,0.0007720313824080536,0.01459197882490184,3.8370459179200034e-05,0.007295989412450921,1.9185229589601823e-05,0.0,0.0,120600,gaussian_nll,1347.111506111687
dlinear_gaussian,gaussian,unseen_vessel,roll_rate,20,2.0,3,False,434304,9,0.1,0.9866199712643678,0.00011282419687590223,0.981049103853522,0.9922766656535514,0.9940579619319515,0.001302967076674758,0.3013271514337616,0.00039496626219194205,1.0028043048846653,1.061860014577521,0.0016607314919410635,0.0869431013902684,0.00021012312027069894,0.04347155069513422,0.00010506156013532381,0.0,0.0,120600,gaussian_nll,1347.111506111687
dlinear_gaussian,gaussian,unseen_vessel,roll_rate,30,3.0,3,False,434304,9,0.1,0.9796095208271932,8.591673823056307e-05,0.9722603291703508,0.9869911974101091,2.11369856985673,0.0002861006548996635,0.6404420910800009,8.668733768206469e-05,1.0032425289065006,2.3576746072606727,0.0012925894017367324,0.19700339464825314,0.00012102298493683955,0.09850169732412657,6.051149246839776e-05,0.0,0.0,120600,gaussian_nll,1347.111506111687
dlinear_gaussian,gaussian,unseen_vessel,roll_rate,50,5.0,3,False,434304,9,0.1,0.9834240531977602,0.00022233472783255757,0.9769897928639847,0.9900323275862069,2.5094115608153262,0.0008960856844109849,0.7602887377326296,0.0002714914781374596,1.0033121804656835,2.731349882352955,0.003647039902983786,0.2273859534767492,0.00044603885809200587,0.1136929767383746,0.00022301942904593515,0.0,0.0,120600,gaussian_nll,1347.111506111687
dlinear_gaussian,gaussian,unseen_vessel,roll_rate,100,10.0,3,False,434304,9,0.1,0.9830940232341095,0.00011898409432385543,0.9775453944702328,0.9887950030393458,4.84202282772104,0.00145415600213202,1.4669110410461503,0.0004405426349331643,1.0033808376976885,5.194824638898036,0.0027078557477885784,0.44232112188655365,0.00034279957575301457,0.22116056094327682,0.0001713997878763906,0.0,0.0,120600,gaussian_nll,1347.111506111687
dlinear_gaussian,gaussian,unseen_vessel,roll_rate,150,15.0,3,False,434304,9,0.1,0.9730242717850476,1.3092766134107164e-05,0.9656666758768052,0.9805871002799882,5.833989232742635,0.0005499866367692284,1.7676094364008919,0.0001666375322724281,1.003279779544346,6.569962480335453,0.0001681491152377527,0.5743344014852718,1.3458098885694176e-05,0.2871672007426358,6.729049442942549e-06,0.0,0.0,120600,gaussian_nll,1347.111506111687
dlinear_quantile,quantile,unseen_vessel,heave,10,1.0,3,False,434304,9,0.1,0.9524196568916397,0.005857288467799027,0.937867772343796,0.9689742668729738,0.045559605801942536,0.0034445797960396176,0.021180917140966486,0.0016014045328340315,0.6538497228934008,0.05945653645921723,0.002628880207677057,0.004023726818871306,1.3131011184395614e-05,0.002011863409435653,6.565505592197649e-06,0.4515669515669516,0.05880080581894538,542700,pinball,1548.386456410032
dlinear_quantile,quantile,unseen_vessel,heave,20,2.0,3,False,434304,9,0.1,0.9339494916003538,0.0012477379711014886,0.9197834926687297,0.9484002565023578,0.2913417474823989,0.0026654239663500235,0.13542897289545155,0.0012390110006995053,0.6539339478701262,0.432360800272994,0.0014836751321428083,0.030050108873909187,6.319244609028511e-05,0.015025054436954594,3.1596223045140876e-05,0.2695899646330681,0.05967658717948918,542700,pinball,1548.386456410032
dlinear_quantile,quantile,unseen_vessel,heave,30,3.0,3,False,434304,9,0.1,0.9190651402397091,0.0003558465278006688,0.9032003504457706,0.934689871610669,0.6986988966709803,0.002832840709056237,0.32468856639169935,0.0013164340075846048,0.6541326237646001,1.169068021768494,0.0032453413033882825,0.08960398569305017,2.965265335462002e-05,0.044801992846525106,1.4826326677317616e-05,0.05545347652028687,0.017807240931381984,542700,pinball,1548.386456410032
dlinear_quantile,quantile,unseen_vessel,heave,50,5.0,3,False,434304,9,0.1,0.9186668017486982,0.000660238840337842,0.9026003099211611,0.9347742595048629,0.8660315077302783,0.002760162945212434,0.40237143373269474,0.0012824137594158631,0.6542583886872622,1.4467631623452453,0.0011302696583945174,0.12524939496710036,2.589358160055868e-05,0.06262469748355015,1.2946790800269326e-05,0.07461363468906572,0.01513459445333513,542700,pinball,1548.386456410032
dlinear_quantile,quantile,unseen_vessel,heave,100,10.0,3,False,434304,9,0.1,0.9299139159052953,0.00013833104790996026,0.9165996053455644,0.9428886793582376,1.8284363454494585,0.0013220048393894194,0.849367379287075,0.0006141136871576613,0.6543754769960836,2.5489548332350345,0.00031509860682422643,0.23407917270566128,2.940864826344174e-05,0.11703958635283067,1.4704324131733054e-05,0.004376350820316338,0.002145700794841138,542700,pinball,1548.386456410032
dlinear_quantile,quantile,unseen_vessel,heave,150,15.0,3,False,434304,9,0.1,0.9169153404067197,4.6223060114331056e-05,0.9028512286324786,0.931272852656204,2.274314046478947,0.0011081057848277103,1.0564800190834387,0.0005147449282625486,0.6543828266952652,3.319656528362833,0.0011455324603638498,0.3147972451400554,5.504940700488656e-05,0.15739862257002776,2.7524703502438324e-05,0.00033002996365065333,4.7931080521158604e-06,542700,pinball,1548.386456410032
dlinear_quantile,quantile,unseen_vessel,heave_rate,10,1.0,3,False,434304,9,0.1,0.9713134885548679,0.0058973487385875455,0.9597159478153552,0.9843630268199234,0.02702470232716474,0.002048319310451429,0.022389108750836537,0.0016969675833223836,0.366916177705551,0.03010240698337106,0.001572629674480884,0.002039390815905777,2.184739151347197e-05,0.0010196954079528878,1.0923695756736143e-05,0.46583806120444055,0.07193068202714249,542700,pinball,1548.386456410032
dlinear_quantile,quantile,unseen_vessel,heave_rate,20,2.0,3,False,434304,9,0.1,0.9559816779644366,0.0007876026050393248,0.9464332587312113,0.9662371863947834,0.17283769617146652,0.0015855567629087192,0.14317598544169627,0.0013134498840923516,0.36695350087924916,0.2077119241361219,0.0010472931505381984,0.014692912859173018,7.723693233932244e-05,0.00734645642958651,3.861846616966295e-05,0.2800465418999902,0.06348634439706732,542700,pinball,1548.386456410032
dlinear_quantile,quantile,unseen_vessel,heave_rate,30,3.0,3,False,434304,9,0.1,0.9433706957952648,0.000435229803478139,0.9318974727379901,0.9550705841990864,0.41448239208882187,0.0016790895944014934,0.34340156951277323,0.0013911375080716865,0.36689902485748377,0.5373509712914749,0.0010983434330206047,0.0423918965170521,4.248006497647358e-05,0.021195948258526044,2.1240032488235135e-05,0.047604135966204934,0.014259525641231953,542700,pinball,1548.386456410032
dlinear_quantile,quantile,unseen_vessel,heave_rate,50,5.0,3,False,434304,9,0.1,0.9416783328421259,0.0007725898681065211,0.9300351251657825,0.9539648495063366,0.5125959514050309,0.0016689446882284247,0.42463718830989944,0.0013825625776237936,0.3669440869125789,0.6677406531570126,0.00017761016465843262,0.0587611328576434,2.6586696453867934e-05,0.029380566428821697,1.3293348226928746e-05,0.056115071470674925,0.019649085851473132,542700,pinball,1548.386456410032
dlinear_quantile,quantile,unseen_vessel,heave_rate,100,10.0,3,False,434304,9,0.1,0.9426523049906671,0.0001661073015972576,0.9328210193781314,0.9529169084328029,1.0842810305557533,0.0007846678579617683,0.8980695307749889,0.0006499111163576973,0.36700725147074686,1.3339710900239494,0.00048238710812038594,0.1257702789875027,1.9249303311197473e-05,0.06288513949375137,9.624651655602727e-06,0.0015687935946556637,0.001991479936184987,542700,pinball,1548.386456410032
dlinear_quantile,quantile,unseen_vessel,heave_rate,150,15.0,3,False,434304,9,0.1,0.9292599960703409,3.143051139210795e-05,0.9180078355253464,0.940666503186708,1.3491674000071991,0.0006548190294110246,1.1174392326482638,0.0005423496548646103,0.3670157241047937,1.7612152481373684,0.0007529382251973954,0.17332065862056512,3.07831412205203e-05,0.08666032931028256,1.5391570610310252e-05,0.0,0.0,542700,pinball,1548.386456410032
dlinear_quantile,quantile,unseen_vessel,pitch,10,1.0,3,False,434304,9,0.1,0.9580846595932803,0.009282281051678009,0.940745249871058,0.9755975652998821,0.0749727305451583,0.0056725104067917274,0.02160364191363026,0.0016345527592309833,1.054918979036852,0.08776196267760407,0.0032647632585768305,0.006607599501908053,0.00010644187405373967,0.0033037997509540256,5.3220937026870276e-05,0.46003337140190587,0.07857122911596531,542700,pinball,1548.386456410032
dlinear_quantile,quantile,unseen_vessel,pitch,20,2.0,3,False,434304,9,0.1,0.9430874840357598,0.0015365090373832442,0.9313620183097554,0.9554310459954317,0.4794708099956728,0.004455160110766096,0.13813311360426364,0.001283509078918048,1.0551327883415698,0.6069412787728377,0.005956409459297569,0.04592099642621391,0.0004095631206891677,0.022960498213106955,0.00020478156034456411,0.3053084168385893,0.054998110741861846,542700,pinball,1548.386456410032
dlinear_quantile,quantile,unseen_vessel,pitch,30,3.0,3,False,434304,9,0.1,0.9356702524805973,0.0010179764008819417,0.9228871366600353,0.9481335654288241,1.1495881376663262,0.004655733590314754,0.33108003583349593,0.0013408458154776197,1.0554849077799053,1.5344233712319924,0.0010306931676542384,0.12329203969119662,0.00020170860768495763,0.06164601984559831,0.00010085430384251208,0.06765460752529719,0.016426357952339363,542700,pinball,1548.386456410032
dlinear_quantile,quantile,unseen_vessel,pitch,50,5.0,3,False,434304,9,0.1,0.9324912196679439,0.0007177570820605612,0.9203911315576186,0.9453082403109343,1.4218846071030846,0.004620612958161545,0.4094293848365691,0.0013304980668454212,1.0556697846975003,1.913764646217773,0.0003909317897271371,0.16551989362424432,8.7332479901926e-05,0.08275994681212218,4.366623995097342e-05,0.0665486233912958,0.028938519077516076,542700,pinball,1548.386456410032
dlinear_quantile,quantile,unseen_vessel,pitch,100,10.0,3,False,434304,9,0.1,0.9183966376854308,0.00032811185804727816,0.9061820176650457,0.9314152068597112,3.007209527768811,0.0021806707709464738,0.865462858643084,0.000627588314600423,1.0562287908366403,4.132787830435869,0.0019521423327266483,0.39205465625222385,4.997863300779385e-05,0.19602732812611198,2.498931650388907e-05,0.002627192012967875,0.0034178573071697088,542700,pinball,1548.386456410032
dlinear_quantile,quantile,unseen_vessel,pitch,150,15.0,3,False,434304,9,0.1,0.9127884308379999,2.6884823976048517e-05,0.9002738289308871,0.9265591613247863,3.741819395623514,0.0018213424100545126,1.076427352482914,0.0005239544139176691,1.0566735693319307,5.306471956913236,0.0013993642037957274,0.5094590427245603,3.749730889647773e-05,0.2547295213622802,1.8748654448380356e-05,0.0,0.0,542700,pinball,1548.386456410032
dlinear_quantile,quantile,unseen_vessel,pitch_rate,10,1.0,3,False,434304,9,0.1,0.9514610349739661,0.009208990731389087,0.9326933438328913,0.9696864408340702,0.05594230912898537,0.004219082863431931,0.024187176490403684,0.0018241596286305585,0.7030690217475473,0.06849487116867464,0.0022312846336550556,0.00560143666532218,6.318514414521864e-05,0.0028007183326610903,3.159257207260825e-05,0.4562871475586993,0.08633583690465116,542700,pinball,1548.386456410032
dlinear_quantile,quantile,unseen_vessel,pitch_rate,20,2.0,3,False,434304,9,0.1,0.940238481186757,0.001094693187869328,0.928251294024462,0.9515734946028589,0.3577063831585425,0.0033882774529067658,0.15465389475790758,0.0014649173995315195,0.703086203551836,0.4574612181142836,0.004030537421543893,0.03724501638605304,0.00031834208977002745,0.018622508193026525,0.0001591710448850124,0.30000030700461733,0.056545089468263136,542700,pinball,1548.386456410032
dlinear_quantile,quantile,unseen_vessel,pitch_rate,30,3.0,3,False,434304,9,0.1,0.93902427792514,0.001037224765976478,0.9269196806844975,0.9501939885425876,0.8570310045832841,0.0034590074355159025,0.3705788856257503,0.0014956694844989213,0.7030053176354107,1.0883437019845923,0.0013459712133729862,0.09177335093110761,0.0001360211620821078,0.045886675465553826,6.801058104106698e-05,0.06406956110619903,0.016197115550657337,542700,pinball,1548.386456410032
dlinear_quantile,quantile,unseen_vessel,pitch_rate,50,5.0,3,False,434304,9,0.1,0.9364239488161902,0.0004113382149797078,0.9252501128241969,0.9475640910514295,1.0591328756018246,0.0034713561124755077,0.45786461188894184,0.0015006720646489073,0.7031631741182381,1.3560097314685613,0.001586509563053457,0.11830446220671813,4.741361158154975e-05,0.059152231103359064,2.3706805790767315e-05,0.05474122580803615,0.030824819291962877,542700,pinball,1548.386456410032
dlinear_quantile,quantile,unseen_vessel,pitch_rate,100,10.0,3,False,434304,9,0.1,0.923508264564299,0.00016183941390483797,0.9118272569444444,0.9353393015030946,2.241445895291722,0.0016230613691955514,0.9686550943224551,0.0007014162898027578,0.7033991527997708,3.0107240769742014,0.0007102640570448753,0.2870735445609827,3.2060346294847196e-05,0.14353677228049133,1.603017314755171e-05,0.002021625405246095,0.0033820683332089598,542700,pinball,1548.386456410032
dlinear_quantile,quantile,unseen_vessel,pitch_rate,150,15.0,3,False,434304,9,0.1,0.9287595785440613,2.7146482930367805e-05,0.917949408709107,0.939872877063071,2.7890848071276633,0.0013555783363272092,1.2048380849292786,0.0005855872157554925,0.7036809279539469,3.6291542080482557,0.0007409423447895438,0.34906780621778194,1.681827241143417e-05,0.17453390310889105,8.409136205755791e-06,0.0,0.0,542700,pinball,1548.386456410032
dlinear_quantile,quantile,unseen_vessel,roll,10,1.0,3,False,434304,9,0.1,0.9779624410551134,0.001841367045999457,0.9683166054192455,0.9874019695881227,0.21934667225627766,0.016596677971095958,0.030815448081962654,0.0023316244695694203,2.1637411794341554,0.24941684411217968,0.01591057154358355,0.013646352691036154,0.00037265524995403664,0.006823176345518073,0.0001863276249770198,0.21270968415364966,0.012578025163468077,542700,pinball,1548.386456410032
dlinear_quantile,quantile,unseen_vessel,roll,20,2.0,3,False,434304,9,0.1,0.9674575105609589,0.0013924078840001465,0.9560053556955497,0.9780002601864132,1.4027481531837942,0.012819934210414352,0.19711347539953059,0.001801450802749349,2.16324713835809,1.7188243913174313,0.010040493285994944,0.10098477743017982,0.000430417864263247,0.05049238871508991,0.0002152089321316363,0.11572922806759013,0.03755222952475424,542700,pinball,1548.386456410032
dlinear_quantile,quantile,unseen_vessel,roll,30,3.0,3,False,434304,9,0.1,0.9577415819333922,0.0002619531627058049,0.9461067593206602,0.9693745049550545,3.3644975081198463,0.013565194392315622,0.472941971980476,0.0019068374313599605,2.162494943561516,4.4459735262673785,0.024804076692827522,0.30115640500555957,0.0006004170225726739,0.15057820250277976,0.00030020851128632523,0.023435197465369883,0.006756712840194377,542700,pinball,1548.386456410032
dlinear_quantile,quantile,unseen_vessel,roll,50,5.0,3,False,434304,9,0.1,0.965294663031732,0.00013626518478143735,0.9552148379936634,0.9752858021109637,4.171614505556014,0.013156200747122647,0.5863891843288119,0.001849320883963911,2.162524144828776,5.200320348223625,0.0192389610301609,0.3886729513526596,8.427612574007215e-05,0.19433647567632972,4.213806287004578e-05,0.039583640337950685,0.010904886009810724,542700,pinball,1548.386456410032
dlinear_quantile,quantile,unseen_vessel,roll,100,10.0,3,False,434304,9,0.1,0.9719098450240692,0.00015346584754613634,0.9636364159666961,0.9802719408524904,8.80325154613003,0.006351484258135361,1.2370450518328866,0.0008925193301757994,2.1632182726804206,10.169759032273669,0.012003734201046305,0.7056373762096023,0.00017237406740537364,0.3528186881048012,8.618703370263814e-05,0.003608071765399352,0.0002951558421559474,542700,pinball,1548.386456410032
dlinear_quantile,quantile,unseen_vessel,roll,150,15.0,3,False,434304,9,0.1,0.9612782751252579,3.705578797217298e-05,0.951206125202623,0.9715500548003242,10.950208001751294,0.005324980434633908,1.5377562266640403,0.0007477960070633137,2.164599840366654,13.42890353133413,0.004268333378177012,0.9707486635991964,0.00016079059829730938,0.48537433179959805,8.039529914867391e-05,0.0002456036938795559,9.305582919630927e-06,542700,pinball,1548.386456410032
dlinear_quantile,quantile,unseen_vessel,roll_rate,10,1.0,3,False,434304,9,0.1,0.9873644574614402,0.0012496301836581222,0.9809096278183024,0.9937568500405246,0.11736542082859598,0.008897082321873834,0.035589166073189765,0.0026978963487247136,1.0024554842926892,0.12476960340091975,0.00855274919139461,0.006419850699378169,0.00016405039010297627,0.003209925349689085,8.202519505148973e-05,0.2145678296001572,0.010416331341515761,542700,pinball,1548.386456410032
dlinear_quantile,quantile,unseen_vessel,roll_rate,20,2.0,3,False,434304,9,0.1,0.9802434853620198,0.001020436832207904,0.9718489813586797,0.988004830717654,0.7506458011755317,0.006867479247033801,0.22754202437485294,0.002081727664066365,1.0028043048846653,0.8336324788485431,0.00515680974942112,0.04618462815498849,0.000255607729954608,0.023092314077494253,0.00012780386497730618,0.10748538658021417,0.03939895851655906,542700,pinball,1548.386456410032
dlinear_quantile,quantile,unseen_vessel,roll_rate,30,3.0,3,False,434304,9,0.1,0.9729789886039887,0.0002045285060220853,0.9642323694923371,0.9816703852600943,1.8002214837399582,0.0072905021047510055,0.5454598058093537,0.002208992559098125,1.0032425289065006,2.097715088851711,0.010681970800735678,0.13502792067106228,0.00024014664500805538,0.06751396033553114,0.00012007332250402425,0.014150610325179289,0.004825543691860418,542700,pinball,1548.386456410032
dlinear_quantile,quantile,unseen_vessel,roll_rate,50,5.0,3,False,434304,9,0.1,0.9787130673445329,9.27610018719033e-05,0.9714709627357796,0.9860778970490717,2.228237227054336,0.007163445887518181,0.6750999697218137,0.002170344361475575,1.0033121804656835,2.499062596292205,0.00878090564160832,0.1744879885718684,8.146674055128169e-06,0.0872439942859342,4.073337027521623e-06,0.025924237400530504,0.00885886935701633,542700,pinball,1548.386456410032
dlinear_quantile,quantile,unseen_vessel,roll_rate,100,10.0,3,False,434304,9,0.1,0.9825997458001768,0.00010777731486213499,0.9769558880415561,0.9883592483605954,4.709539396930172,0.0034116215906777026,1.426774632297688,0.0010335650114215696,1.0033808376976885,5.062235174937455,0.004724227702278723,0.33497767109449494,9.584710759227213e-05,0.1674888355472475,4.7923553796134014e-05,0.0012387636310050103,0.00011999718373116877,542700,pinball,1548.386456410032
dlinear_quantile,quantile,unseen_vessel,roll_rate,150,15.0,3,False,434304,9,0.1,0.9740535047647118,3.599129975836561e-05,0.9669217299403183,0.981417336704244,5.859741355179594,0.0028514561599926945,1.775411935310462,0.000863947569117607,1.003279779544346,6.561189836864059,0.0023466885117303265,0.46105924025523803,8.302862530444591e-05,0.23052962012761902,4.151431265227795e-05,3.3770507908438943e-05,2.658737977037401e-06,542700,pinball,1548.386456410032
lstm_gaussian,gaussian,unseen_vessel,heave,10,1.0,3,False,434304,9,0.1,0.5152374066705964,0.14270873739665252,0.3539956459070145,0.6759602145041261,0.03267803523551085,0.006990506382517419,0.015192202488798247,0.003249925758909567,0.6538497228934008,0.2012392743133329,0.065543733281915,0.01633046211731325,0.0029359450445602463,0.008165231058656628,0.0014679725222801266,0.0,0.0,433928,gaussian_nll,2471.2177577849943
lstm_gaussian,gaussian,unseen_vessel,heave,20,2.0,3,False,434304,9,0.1,0.3297275641025641,0.10464875025725942,0.21340616250368405,0.4481209590517241,0.03875390607953188,0.008643502985676097,0.018014588507796588,0.004017895621497231,0.6539339478701262,0.46451515198902776,0.14768269120927913,0.031964576491102674,0.006349653977524354,0.01598228824555134,0.0031748269887621693,0.0,0.0,433928,gaussian_nll,2471.2177577849943
lstm_gaussian,gaussian,unseen_vessel,heave,30,3.0,3,False,434304,9,0.1,0.2920296996266824,0.0795415413429765,0.20296612511052167,0.38596731782346005,0.0542608363380725,0.012575918536859387,0.025215258311935912,0.005844086745015271,0.6541326237646001,0.7759705033209002,0.18461407269217497,0.05149423744252862,0.007232474969579991,0.02574711872126431,0.0036162374847900016,0.0,0.0,433928,gaussian_nll,2471.2177577849943
lstm_gaussian,gaussian,unseen_vessel,heave,50,5.0,3,False,434304,9,0.1,0.4741893543078888,0.05945158332419097,0.40624861847922195,0.5566886328470381,0.14593777046190762,0.02162654984443212,0.06780491172937687,0.010048024569454712,0.6542583886872622,0.8218392761643113,0.16083866260136545,0.0686254088380064,0.005877252791509741,0.034312704419003213,0.0029386263957548574,0.0,0.0,433928,gaussian_nll,2471.2177577849943
lstm_gaussian,gaussian,unseen_vessel,heave,100,10.0,3,False,434304,9,0.1,0.6933515080066804,0.039240858350611585,0.6435137023835839,0.7536541224580017,0.47884406314762984,0.04805221849089669,0.22243843927905516,0.022321798070859347,0.6543754769960836,1.2268628726331299,0.1920292943500138,0.129283677900361,0.006797377613398349,0.06464183895018046,0.00339868880669919,0.0,0.0,433928,gaussian_nll,2471.2177577849943
lstm_gaussian,gaussian,unseen_vessel,heave,150,15.0,3,False,434304,9,0.1,0.8409309301011887,0.026389418037147148,0.8096825034998527,0.8819561298076922,0.9991031100499944,0.06316614941753024,0.46411025531240857,0.029342374614172457,0.6543828266952652,1.4396258308192034,0.08595557284322546,0.17837672312645667,0.004757687269629122,0.08918836156322833,0.002378843634814599,0.0,0.0,433928,gaussian_nll,2471.2177577849943
lstm_gaussian,gaussian,unseen_vessel,heave_rate,10,1.0,3,False,434304,9,0.1,0.36090541801748693,0.1101494592943434,0.2519910592580313,0.49801429413498377,0.02321600640163859,0.004920786215396654,0.01923372497479554,0.004076715309659124,0.366916177705551,0.26932600740994955,0.06463561295941818,0.018677257253154663,0.0025720876795464376,0.009338628626577332,0.0012860438397732181,0.0,0.0,433928,gaussian_nll,2471.2177577849943
lstm_gaussian,gaussian,unseen_vessel,heave_rate,20,2.0,3,False,434304,9,0.1,0.32378625724530896,0.09544463511280785,0.23842256806292367,0.449908877192013,0.02833526727542399,0.007024350094158123,0.023472482593657886,0.005818859363994424,0.36695350087924916,0.3855316305227605,0.05917472214533629,0.025818214021444363,0.0017712158438018936,0.012909107010722178,0.0008856079219009474,0.0,0.0,433928,gaussian_nll,2471.2177577849943
lstm_gaussian,gaussian,unseen_vessel,heave_rate,30,3.0,3,False,434304,9,0.1,0.4118451591511936,0.08680984668389305,0.3321382602969349,0.5283466189581492,0.04201524721898939,0.008423517983486829,0.034809927065312475,0.006978943741785208,0.36689902485748377,0.34860917482024045,0.05107864562740991,0.026183148804817966,0.0013874403969600048,0.013091574402408981,0.0006937201984799982,0.0,0.0,433928,gaussian_nll,2471.2177577849943
lstm_gaussian,gaussian,unseen_vessel,heave_rate,50,5.0,3,False,434304,9,0.1,0.4743083185971117,0.07582133290315089,0.376786939563071,0.5622176516909815,0.08810525417754768,0.009791632695193682,0.07298685701034914,0.008111440141603744,0.3669440869125789,0.4484314717391836,0.08330599280437628,0.038433192651267614,0.0038190594235522316,0.019216596325633807,0.0019095297117761127,0.0,0.0,433928,gaussian_nll,2471.2177577849943
lstm_gaussian,gaussian,unseen_vessel,heave_rate,100,10.0,3,False,434304,9,0.1,0.6886244044110423,0.028009454325246867,0.6428343971043325,0.7354999608569114,0.32197173279732555,0.01452012014359928,0.26667717579445016,0.012026473872253318,0.36700725147074686,0.6931902326687257,0.03122567443989254,0.07757754777848355,0.00046537593137143865,0.03878877388924179,0.0002326879656857222,0.0,0.0,433928,gaussian_nll,2471.2177577849943
lstm_gaussian,gaussian,unseen_vessel,heave_rate,150,15.0,3,False,434304,9,0.1,0.8495086391099322,0.026857703854295527,0.8100228181181844,0.8933267941349838,0.6500990995179681,0.02291955657610972,0.5384404032492998,0.018982975509866187,0.3670157241047937,0.9053335904956504,0.01864897799345674,0.11196218739252033,0.0006282894394185951,0.05598109369626018,0.0003141447197092948,0.0,0.0,433928,gaussian_nll,2471.2177577849943
lstm_gaussian,gaussian,unseen_vessel,pitch,10,1.0,3,False,434304,9,0.1,0.46165665831614106,0.10715976359872825,0.32638342036914236,0.5667598041924551,0.0652511631756794,0.010688859781645577,0.018802339910057742,0.0030800305325492496,1.054918979036852,0.4786251883245871,0.09180198642449999,0.03669326139880424,0.003630272169356966,0.018346630699402112,0.001815136084678488,0.0,0.0,433928,gaussian_nll,2471.2177577849943
lstm_gaussian,gaussian,unseen_vessel,pitch,20,2.0,3,False,434304,9,0.1,0.37755351090480405,0.07395838877553412,0.29715539115458295,0.47480520557029177,0.08870882569793291,0.01776472747778026,0.025556563699767203,0.005117928073367283,1.0551327883415698,0.8720120499883356,0.1496505192652838,0.06223534550397373,0.0053412846911171825,0.031117672751986864,0.0026706423455585848,0.0,0.0,433928,gaussian_nll,2471.2177577849943
lstm_gaussian,gaussian,unseen_vessel,pitch,30,3.0,3,False,434304,9,0.1,0.414463141025641,0.08708373005908111,0.3194782341401415,0.5266197755489243,0.14161908865989256,0.026187619711504087,0.040786131495237764,0.007542003773698738,1.0554849077799053,1.1015564946689176,0.21739414324179684,0.08288697858296902,0.008645962450474179,0.04144348929148451,0.0043229812252370825,0.0,0.0,433928,gaussian_nll,2471.2177577849943
lstm_gaussian,gaussian,unseen_vessel,pitch,50,5.0,3,False,434304,9,0.1,0.5304111098830927,0.06629703839577494,0.4490385191018273,0.6239467055334512,0.26698589261831324,0.030555693768543314,0.07687815820544526,0.008798462857262141,1.0556697846975003,1.136709109136232,0.1575697368212737,0.09751272410069885,0.006419393454465529,0.04875636205034941,0.0032096967272327694,0.0,0.0,433928,gaussian_nll,2471.2177577849943
lstm_gaussian,gaussian,unseen_vessel,pitch,100,10.0,3,False,434304,9,0.1,0.792515534433638,0.016184315983078377,0.7656978176576775,0.8253464163351016,1.1093182921919824,0.0852718526022228,0.31925736183000875,0.02454089767721202,1.0562287908366403,1.7667861413225554,0.07241742011615154,0.2091351569342289,0.005697557078013317,0.10456757846711447,0.002848778539006657,0.0,0.0,433928,gaussian_nll,2471.2177577849943
lstm_gaussian,gaussian,unseen_vessel,pitch,150,15.0,3,False,434304,9,0.1,0.856766228264073,0.0078077492809949444,0.8289510342985559,0.8791421446728559,2.040397655494116,0.06038633921328525,0.5869710999105802,0.01737163138379113,1.0566735693319307,2.9246827395884156,0.09382887202783606,0.3456395616050001,0.010727976441252712,0.17281978080250004,0.00536398822062645,0.0,0.0,433928,gaussian_nll,2471.2177577849943
lstm_gaussian,gaussian,unseen_vessel,pitch_rate,10,1.0,3,False,434304,9,0.1,0.4107890632675115,0.09297897777640933,0.31440315999852636,0.5314134223953728,0.06503249643135191,0.013584916953939336,0.02811740332652202,0.005873564911573529,0.7030690217475473,0.49704891120412054,0.11976726682046172,0.03777923511422229,0.0047859036416392385,0.018889617557111146,0.0023929518208196244,0.0,0.0,433928,gaussian_nll,2471.2177577849943
lstm_gaussian,gaussian,unseen_vessel,pitch_rate,20,2.0,3,False,434304,9,0.1,0.4210437849985264,0.10056563907242365,0.30202916620615977,0.5385787374742116,0.09136812342890505,0.018635068053945564,0.03950289066756325,0.008056847708932245,0.703086203551836,0.646920891411333,0.17147051901068708,0.04993242441644057,0.0072952946210195395,0.024966212208220293,0.003647647310509775,0.0,0.0,433928,gaussian_nll,2471.2177577849943
lstm_gaussian,gaussian,unseen_vessel,pitch_rate,30,3.0,3,False,434304,9,0.1,0.4455558011592495,0.08729123537609981,0.3315043725132626,0.5460033755157677,0.11493065092782645,0.016483530762715436,0.049695836343499694,0.0071274532993062245,0.7030053176354107,0.7080427457777962,0.15569072235676953,0.056389461380989624,0.007059416921627034,0.0281947306904948,0.003529708460813514,0.0,0.0,433928,gaussian_nll,2471.2177577849943
lstm_gaussian,gaussian,unseen_vessel,pitch_rate,50,5.0,3,False,434304,9,0.1,0.588864789026427,0.0759509251174495,0.5133840006078692,0.6973022928639847,0.28549665402307817,0.045843329870912275,0.12342059971992718,0.019818135120312403,0.7031631741182381,0.8258549216277764,0.11140846444130716,0.07969259596284421,0.0032630822506290263,0.0398462979814221,0.0016315411253145099,0.0,0.0,433928,gaussian_nll,2471.2177577849943
lstm_gaussian,gaussian,unseen_vessel,pitch_rate,100,10.0,3,False,434304,9,0.1,0.7835256717261028,0.01872906809777627,0.7484876376915709,0.8170732367189802,0.9588557148437461,0.03548623170526181,0.41437559338576474,0.015335600645910361,0.7033991527997708,1.3941507056607483,0.03700063108473478,0.16652510343658836,0.0024193743423442725,0.08326255171829418,0.0012096871711721286,0.0,0.0,433928,gaussian_nll,2471.2177577849943
lstm_gaussian,gaussian,unseen_vessel,pitch_rate,150,15.0,3,False,434304,9,0.1,0.9016426282051282,0.0076996424080368565,0.8817685307987032,0.9225229908082817,1.6252863146441072,0.04086255966594553,0.7020965607762313,0.017651943751372894,0.7036809279539469,1.9491746691784881,0.024578475882256787,0.2388463427362413,0.003767682238161246,0.11942317136812064,0.001883841119080623,0.0,0.0,433928,gaussian_nll,2471.2177577849943
lstm_gaussian,gaussian,unseen_vessel,roll,10,1.0,3,False,434304,9,0.1,0.2880117766971215,0.08591829311001321,0.20956518936044796,0.41716384145667545,0.12871230411890636,0.028491193579222404,0.018082459534429662,0.004002654280106356,2.1637411794341554,4.005134459670433,0.5279552813396725,0.2325907208919562,0.021025746424240002,0.1162953604459781,0.01051287321212,0.0,0.0,433928,gaussian_nll,2471.2177577849943
lstm_gaussian,gaussian,unseen_vessel,roll,20,2.0,3,False,434304,9,0.1,0.22919352957068473,0.07484587835471139,0.15368998443486592,0.34522039861479514,0.13731550452166305,0.03822646155233803,0.019295506653187914,0.005371563435464828,2.16324713835809,7.193121720171241,0.5876676434883068,0.39546739450608576,0.020727251031993764,0.19773369725304293,0.01036362551599693,0.0,0.0,433928,gaussian_nll,2471.2177577849943
lstm_gaussian,gaussian,unseen_vessel,roll,30,3.0,3,False,434304,9,0.1,0.1946992582768445,0.055754062315437364,0.13580095969643383,0.2866726993073976,0.16459763549916753,0.04367911200027067,0.023137223353094843,0.006139902114330305,2.162494943561516,10.450946221919038,0.4678006699924291,0.5662828671712049,0.01285211251500819,0.2831414335856024,0.006426056257504214,0.0,0.0,433928,gaussian_nll,2471.2177577849943
lstm_gaussian,gaussian,unseen_vessel,roll,50,5.0,3,False,434304,9,0.1,0.18755602834266627,0.03674247026039281,0.14072625396035957,0.25453196378573534,0.2325018501994162,0.04577790368529663,0.03268196764389275,0.006434838973388351,2.162524144828776,15.161440379587688,0.20552679325586706,0.820052145130164,0.00652230152852036,0.4100260725650821,0.0032611507642603677,0.0,0.0,433928,gaussian_nll,2471.2177577849943
lstm_gaussian,gaussian,unseen_vessel,roll,100,10.0,3,False,434304,9,0.1,0.3619484662049317,0.01875839568927555,0.3220274853558798,0.4073483665819334,0.8215239496919899,0.07094154206154227,0.11544167874828491,0.009968803358255096,2.1632182726804206,18.276799746531612,0.13765131099973293,1.110855321977861,0.014825430048391834,0.5554276609889308,0.00741271502419589,0.0,0.0,433928,gaussian_nll,2471.2177577849943
lstm_gaussian,gaussian,unseen_vessel,roll,150,15.0,3,False,434304,9,0.1,0.5465948582866687,0.01418380046354653,0.5103856975758915,0.5895525944960212,1.8871280817242104,0.08723853127141798,0.2650125876805131,0.012251054468206787,2.164599840366654,16.85125844121914,0.7617095564695331,1.2380838112706767,0.020416763398532097,0.6190419056353382,0.010208381699265814,0.0,0.0,433928,gaussian_nll,2471.2177577849943
lstm_gaussian,gaussian,unseen_vessel,roll_rate,10,1.0,3,False,434304,9,0.1,0.25532115753020923,0.0455976485920251,0.19259867512157383,0.31683601808871203,0.07838833130772543,0.018224548187809483,0.023769993933606168,0.005526299547905437,1.0024554842926892,1.934543976365368,0.40981688041827624,0.11620695835745003,0.017024296639919907,0.058103479178725013,0.008512148319959967,0.0,0.0,433928,gaussian_nll,2471.2177577849943
lstm_gaussian,gaussian,unseen_vessel,roll_rate,20,2.0,3,False,434304,9,0.1,0.2024096792415758,0.02810296879775049,0.16953171050692603,0.24761100519451812,0.08977798793953036,0.021090931387929997,0.02721425349754925,0.006393259266148216,1.0028043048846653,2.833208357346951,0.3520932150348206,0.1646075678409695,0.013000395397104037,0.08230378392048472,0.006500197698552031,0.0,0.0,433928,gaussian_nll,2471.2177577849943
lstm_gaussian,gaussian,unseen_vessel,roll_rate,30,3.0,3,False,434304,9,0.1,0.20752360865507416,0.05008833605965177,0.16201284123563217,0.2862358509246979,0.10641261993026764,0.02317402960861851,0.03224259210719028,0.00702163695095819,1.0032425289065006,3.6881803417248378,0.3847604910422034,0.21176340483384315,0.014249565278209468,0.10588170241692159,0.007124782639104726,0.0,0.0,433928,gaussian_nll,2471.2177577849943
lstm_gaussian,gaussian,unseen_vessel,roll_rate,50,5.0,3,False,434304,9,0.1,0.2423018592199627,0.04369029399176479,0.19647706445254937,0.3176667150198939,0.16566765660672764,0.03568835732065023,0.050193143082407694,0.01081267678955474,1.0033121804656835,6.04792764435983,0.46969931859690384,0.3445193715069334,0.015342516859618117,0.17225968575346676,0.007671258429809126,0.0,0.0,433928,gaussian_nll,2471.2177577849943
lstm_gaussian,gaussian,unseen_vessel,roll_rate,100,10.0,3,False,434304,9,0.1,0.4670507294429708,0.02030345726183055,0.4294949505415562,0.5163768351201002,0.6335013289034562,0.06329659448433547,0.19192187376020095,0.01917596769228653,1.0033808376976885,7.6367571097483555,0.1517338638892004,0.5162481425668403,0.005043192185691774,0.2581240712834201,0.0025215960928458804,0.0,0.0,433928,gaussian_nll,2471.2177577849943
lstm_gaussian,gaussian,unseen_vessel,roll_rate,150,15.0,3,False,434304,9,0.1,0.6342523516553689,0.01803608406001162,0.5955731469201296,0.6805238381410257,1.2895606765790206,0.09501568045381152,0.39071714564358234,0.02878829676846235,1.003279779544346,7.104596052797713,0.19113591955936718,0.5892572303115008,0.0017020079718528796,0.2946286151557503,0.0008510039859263696,0.0,0.0,433928,gaussian_nll,2471.2177577849943
lstm_quantile,quantile,unseen_vessel,heave,10,1.0,3,False,434304,9,0.1,0.43105597308183513,0.05199657284713537,0.3577402579759799,0.49416670120468614,0.03221651361624128,0.002078070912255729,0.01497763849061509,0.0009661068622254076,0.6538497228934008,0.3064845613203155,0.028103344853113776,0.02226444146308919,0.0014727462423534195,0.011132220731544601,0.0007363731211767112,0.012696175950486296,0.009688715248238592,1246628,pinball,4601.1335156050045
lstm_quantile,quantile,unseen_vessel,heave,20,2.0,3,False,434304,9,0.1,0.2634230093820611,0.007520907960355088,0.24417516301945183,0.29037621113321543,0.03322542127749981,0.0016130413925616544,0.015444695847794095,0.0007498154346921079,0.6539339478701262,0.6471117547384896,0.016452948167375973,0.04038446305982032,0.0011725345091207324,0.020192231529910152,0.0005862672545603626,0.009342150505943609,0.007036859758977988,1246628,pinball,4601.1335156050045
lstm_quantile,quantile,unseen_vessel,heave,30,3.0,3,False,434304,9,0.1,0.19555273111307594,0.005675312248701826,0.1786199873821102,0.21402635020630711,0.03785445603804297,0.0015525198371231616,0.017591138501994244,0.0007214630545603532,0.6541326237646001,1.0756563311688738,0.06898892323031998,0.06338920017202564,0.003831322778124494,0.031694600086012825,0.0019156613890622452,0.007587619117791531,0.005205572172533196,1246628,pinball,4601.1335156050045
lstm_quantile,quantile,unseen_vessel,heave,50,5.0,3,False,434304,9,0.1,0.2988490396895569,0.02336068691410403,0.26283622761936337,0.33509834125405247,0.09464872609565876,0.0031505027347115164,0.043975240254127586,0.0014637715730077797,0.6542583886872622,1.34086144401092,0.21034312907378522,0.088270244561219,0.011045625925091476,0.04413512228060951,0.005522812962545742,0.010391338785735336,0.017569371113267195,1246628,pinball,4601.1335156050045
lstm_quantile,quantile,unseen_vessel,heave,100,10.0,3,False,434304,9,0.1,0.5564696618037135,0.0043052662966984396,0.5313560892830829,0.5819284418287651,0.3596245676478858,0.0159897158527046,0.1670571564115604,0.007427736318607368,0.6543754769960836,1.7871516338777598,0.20979147942503235,0.14984670524060997,0.010926762743340465,0.074923352620305,0.005463381371670248,0.014546646281560075,0.020658880441838962,1246628,pinball,4601.1335156050045
lstm_quantile,quantile,unseen_vessel,heave,150,15.0,3,False,434304,9,0.1,0.7498372875528047,0.0028295502596691296,0.7261372794171824,0.7732244004199823,0.8282027185493606,0.02905918136174686,0.3847224288363397,0.013498770993010995,0.6543828266952652,1.9237587213998921,0.2208813589411371,0.2024361910519278,0.013776066053196624,0.10121809552596388,0.006888033026598291,0.005752499017585225,0.006310376805333609,1246628,pinball,4601.1335156050045
lstm_quantile,quantile,unseen_vessel,heave_rate,10,1.0,3,False,434304,9,0.1,0.3630160747617644,0.014009144906378442,0.32351895216254056,0.4011477559497495,0.02019479466232775,0.0010141360484536676,0.01673074687084278,0.0008401795513636236,0.366916177705551,0.2965820513796138,0.01366141304139629,0.019356670678845823,0.0006875938202855675,0.00967833533942291,0.00034379691014278134,0.016884486442676098,0.017439951329029837,1246628,pinball,4601.1335156050045
lstm_quantile,quantile,unseen_vessel,heave_rate,20,2.0,3,False,434304,9,0.1,0.26240145151783084,0.006963633713404701,0.24128456104479812,0.2924590839596227,0.02108904019379393,0.0007438238147588804,0.017469823878990477,0.0006161717613237069,0.36695350087924916,0.4370063156215371,0.0024915492034188248,0.026950883655561832,0.0002447307531884847,0.01347544182778092,0.00012236537659424167,0.017775567344532863,0.013675651627407697,1246628,pinball,4601.1335156050045
lstm_quantile,quantile,unseen_vessel,heave_rate,30,3.0,3,False,434304,9,0.1,0.27765651095392474,0.012460120215712845,0.2524328580901857,0.30314762240274096,0.02736989131374924,0.0008699240283082506,0.02267614695806275,0.0007207381601240845,0.36689902485748377,0.4676742173101281,0.0329305464322953,0.029854028716779196,0.0019144638741190596,0.0149270143583896,0.0009572319370595228,0.023679266136162686,0.019074720942725113,1246628,pinball,4601.1335156050045
lstm_quantile,quantile,unseen_vessel,heave_rate,50,5.0,3,False,434304,9,0.1,0.28576373538658023,0.010212788030880812,0.26387277114647806,0.310161142886089,0.059677694900011076,0.002114682777927062,0.0494373170480488,0.0017518143608527589,0.3669440869125789,0.6902289796700862,0.05535298850651971,0.047551968277549005,0.0027202979741748354,0.023775984138774495,0.0013601489870874203,0.02571240421455939,0.012752829535272528,1246628,pinball,4601.1335156050045
lstm_quantile,quantile,unseen_vessel,heave_rate,100,10.0,3,False,434304,9,0.1,0.5660405307495825,0.0014951808438885155,0.5435892255194518,0.5900502873563218,0.2624214500987511,0.011011364298473719,0.21735389803387264,0.009120302292528458,0.36700725147074686,0.9920399804735317,0.09353217617073828,0.09054018637357286,0.0053649387632104025,0.04527009318678643,0.0026824693816051874,0.008022030651340996,0.013707151488876416,1246628,pinball,4601.1335156050045
lstm_quantile,quantile,unseen_vessel,heave_rate,150,15.0,3,False,434304,9,0.1,0.781028189163965,0.005638204627213399,0.7523221637378427,0.8055782355216623,0.5626694389300706,0.016197057041252804,0.4660273484738012,0.013415108452250753,0.3670157241047937,1.0668353078707005,0.0827000724007629,0.11828925364853064,0.005167810803449574,0.05914462682426533,0.0025839054017248006,0.0027553664407112682,0.003116051117536041,1246628,pinball,4601.1335156050045
lstm_quantile,quantile,unseen_vessel,pitch,10,1.0,3,False,434304,9,0.1,0.34958001768346597,0.003398228323110445,0.32925514155982905,0.3728118437776304,0.05453633545795664,0.002785385698329912,0.01571482663027269,0.00080261816237067,1.054918979036852,0.7422284629003492,0.022852932966772915,0.0496590420732545,0.0011329284229936076,0.024829521036627254,0.0005664642114967978,0.09244216033009135,0.073554184626825,1246628,pinball,4601.1335156050045
lstm_quantile,quantile,unseen_vessel,pitch,20,2.0,3,False,434304,9,0.1,0.26679238505747127,0.012688201222529885,0.24524273320070733,0.29689917661361626,0.06137925643623496,0.0023663934239011664,0.017683053119184028,0.0006817459683501293,1.0551327883415698,1.2131952409158504,0.0351128248425249,0.07559964268793584,0.0023440525597868875,0.03779982134396793,0.0011720262798934377,0.1546735312899106,0.08974710935577357,1246628,pinball,4601.1335156050045
lstm_quantile,quantile,unseen_vessel,pitch,30,3.0,3,False,434304,9,0.1,0.26567642327340607,0.015767366493646972,0.24558322050913645,0.296184872807987,0.09258198809833056,0.004065252084185628,0.02666350402619454,0.0011707878340121085,1.0554849077799053,1.5754861620352747,0.0534930126724831,0.10019690380038498,0.0033548824339657227,0.05009845190019251,0.001677441216982853,0.14745355020139503,0.08608906635743105,1246628,pinball,4601.1335156050045
lstm_quantile,quantile,unseen_vessel,pitch,50,5.0,3,False,434304,9,0.1,0.354966413694862,0.011183011844537485,0.3268660316276157,0.386918725132626,0.17810781860930044,0.014796490204432121,0.0512858597972728,0.004260625547162816,1.0556697846975003,1.6957225702438912,0.022740593251687816,0.12003687690832705,0.0026967566967363477,0.06001843845416353,0.0013483783483681773,0.15014291064937615,0.06552178630373581,1246628,pinball,4601.1335156050045
lstm_quantile,quantile,unseen_vessel,pitch,100,10.0,3,False,434304,9,0.1,0.6614291678946851,0.00999687680247139,0.6309219463785735,0.6918979562702623,0.9034358563552093,0.052207791149930814,0.2600052213262182,0.015025193208131504,1.0562287908366403,2.3322191777404773,0.1747456849782078,0.2359593544249373,0.006171438477276992,0.11797967721246864,0.0030857192386384642,0.01015187518420277,0.0161676898867872,1246628,pinball,4601.1335156050045
lstm_quantile,quantile,unseen_vessel,pitch,150,15.0,3,False,434304,9,0.1,0.8125283979271049,0.008800833252559127,0.7832058880415562,0.8439072631152372,1.8059894955942244,0.06270229388373447,0.5195377664748315,0.018037873308053405,1.0566735693319307,3.215677099650818,0.34342640297749977,0.3529738725404383,0.01940282741414763,0.17648693627021916,0.00970141370707376,0.012138962569997053,0.020283753669427307,1246628,pinball,4601.1335156050045
lstm_quantile,quantile,unseen_vessel,pitch_rate,10,1.0,3,False,434304,9,0.1,0.3679358237547892,0.0044990236339104255,0.34780723870837016,0.38993182194960213,0.046943511963796175,0.0015954117754992067,0.020296463028184417,0.0006897910863832012,0.7030690217475473,0.5517494852796815,0.014099680901415277,0.0379976893615431,0.0010472563380644225,0.01899884468077156,0.0005236281690322077,0.08619001129776993,0.07808881890243108,1246628,pinball,4601.1335156050045
lstm_quantile,quantile,unseen_vessel,pitch_rate,20,2.0,3,False,434304,9,0.1,0.31442645397386776,0.01398552205427566,0.2916478434460654,0.34530864325449456,0.060857103419417045,0.003635480188541955,0.026311490402803724,0.0015717951843873808,0.703086203551836,0.7677635928792457,0.03225204572985174,0.052029819526847675,0.002163463379160714,0.026014909763423844,0.0010817316895803603,0.0939104099125651,0.1093212198007745,1246628,pinball,4601.1335156050045
lstm_quantile,quantile,unseen_vessel,pitch_rate,30,3.0,3,False,434304,9,0.1,0.30349248452696725,0.004955559515176252,0.28418786149793696,0.3208956168950781,0.07653998730117223,0.0037644623308484126,0.033095772554540215,0.0016277477105092913,0.7030053176354107,0.9046829132701809,0.02362896980031122,0.06197260701344361,0.0019360797810204582,0.03098630350672181,0.0009680398905102282,0.08498118061695648,0.11400761179341891,1246628,pinball,4601.1335156050045
lstm_quantile,quantile,unseen_vessel,pitch_rate,50,5.0,3,False,434304,9,0.1,0.4032812653502309,0.007930999342146217,0.37732187592101385,0.43389699381078695,0.20048525731923925,0.02064937374529953,0.08667005495393383,0.008926752925376752,0.7031631741182381,1.2169184670674595,0.03754039221553694,0.09499899041133116,0.005643351944601243,0.04749949520566558,0.002821675972300603,0.0420934030847824,0.045171600261223854,1246628,pinball,4601.1335156050045
lstm_quantile,quantile,unseen_vessel,pitch_rate,100,10.0,3,False,434304,9,0.1,0.6859028084782395,0.004413617356115999,0.6592305159519599,0.7139639515178308,0.8294388541755152,0.05339665361395867,0.3584472742410434,0.023075703344693426,0.7033991527997708,1.7090549764418723,0.07091581712221773,0.18114124432064038,0.002538449788463288,0.0905706221603202,0.0012692248942316247,0.019080336968268,0.02068411218442395,1246628,pinball,4601.1335156050045
lstm_quantile,quantile,unseen_vessel,pitch_rate,150,15.0,3,False,434304,9,0.1,0.8387857353374595,0.008781714642196374,0.8064073782419687,0.8635937039493075,1.468045834626999,0.05349920378971607,0.6341712978609464,0.02311076309853213,0.7036809279539469,2.2301357516231266,0.13534350081410068,0.2564458724668033,0.006532366547396062,0.12822293623340167,0.003266183273698063,0.015281922340111996,0.01693001731123878,1246628,pinball,4601.1335156050045
lstm_quantile,quantile,unseen_vessel,roll,10,1.0,3,False,434304,9,0.1,0.30723180076628354,0.046715100313056764,0.2341994317344533,0.369379512967875,0.1509405829653174,0.00790363336387536,0.021205253081726633,0.001110361060316467,2.1637411794341554,4.5506716345927485,0.6053994538383064,0.26490832021777,0.029030571739127615,0.13245416010888503,0.014515285869563807,0.05471052534630121,0.011486533423303226,1246628,pinball,4601.1335156050045
lstm_quantile,quantile,unseen_vessel,roll,20,2.0,3,False,434304,9,0.1,0.2300400948030258,0.015971829227312686,0.19216591373784261,0.2614966705349248,0.1497953535475137,0.007656145707005434,0.021049168854320427,0.001075837800996416,2.16324713835809,7.602795803179518,0.5752000834313237,0.41863508523539467,0.027512123778737584,0.20931754261769728,0.01375606188936861,0.0554642216818941,0.03634870507252183,1246628,pinball,4601.1335156050045
lstm_quantile,quantile,unseen_vessel,roll,30,3.0,3,False,434304,9,0.1,0.1971069419884075,0.00392349761483289,0.1771141297340112,0.2239259251584144,0.1531026910845251,0.0067577536134984986,0.021521397612060202,0.0009499264934549381,2.162494943561516,10.637494063103167,0.3694866766227179,0.5721403277458146,0.016943118460157378,0.28607016387290746,0.008471559230078708,0.07772666150898909,0.05261290536499926,1246628,pinball,4601.1335156050045
lstm_quantile,quantile,unseen_vessel,roll,50,5.0,3,False,434304,9,0.1,0.16842657063562236,0.014629151613147968,0.14201296787503684,0.20277305758178601,0.18070694606854165,0.0056045209297598585,0.02540134007266313,0.0007878078025135277,2.162524144828776,15.187743594202354,0.44913989223919265,0.8073072312360313,0.023335805853074685,0.4036536156180157,0.01166790292653736,0.06218532026721682,0.03960487756241104,1246628,pinball,4601.1335156050045
lstm_quantile,quantile,unseen_vessel,roll,100,10.0,3,False,434304,9,0.1,0.3359137071421554,0.015099532014862306,0.30136551816239315,0.3767882059571176,0.6457187085332,0.009853792142057604,0.09073728372763216,0.0013846684656512783,2.1632182726804206,18.881619410014853,0.851291361547199,1.100342768765591,0.04608451838474962,0.5501713843827956,0.02304225919237465,0.10481598143236075,0.04383240832957345,1246628,pinball,4601.1335156050045
lstm_quantile,quantile,unseen_vessel,roll,150,15.0,3,False,434304,9,0.1,0.4864772141173003,0.0076980716424707015,0.4517868819997053,0.5194856598143236,1.5629252003304661,0.024153874854804972,0.2194842288140952,0.003391969490451692,2.164599840366654,18.65453722512727,0.6660436870233586,1.2666337602907658,0.040161257978995536,0.6333168801453829,0.02008062898949752,0.06958950412614205,0.03548773302537356,1246628,pinball,4601.1335156050045
lstm_quantile,quantile,unseen_vessel,roll_rate,10,1.0,3,False,434304,9,0.1,0.29411656351311527,0.026369422466590835,0.24512012323165341,0.33376183502799883,0.08433610997774178,0.0028569271306346914,0.02557356164000008,0.0008663169559937899,1.0024554842926892,1.892288594957822,0.2557464239526067,0.11496642101603978,0.012280135033390375,0.05748321050801991,0.006140067516695203,0.04928191620001965,0.04590241658936123,1246628,pinball,4601.1335156050045
lstm_quantile,quantile,unseen_vessel,roll_rate,20,2.0,3,False,434304,9,0.1,0.24632438721878377,0.01436696190247394,0.21354339356763927,0.2819126694665488,0.08671726361948258,0.0032885052754434343,0.026286461179592675,0.0009968391835003497,1.0028043048846653,2.724950720353046,0.2506910406652703,0.1578982534631894,0.011873546526926643,0.07894912673159465,0.005936773263463321,0.09161017781707437,0.037150100003238824,1246628,pinball,4601.1335156050045
lstm_quantile,quantile,unseen_vessel,roll_rate,30,3.0,3,False,434304,9,0.1,0.2109137071421554,0.018380524105520168,0.17994584438549957,0.2506524807508105,0.09321478901308711,0.003065231825595456,0.02824370288482954,0.0009287528070581925,1.0032425289065006,3.768626432913622,0.25010447716152745,0.21243914827159557,0.011846884346313893,0.10621957413579784,0.005923442173156975,0.0932380698005698,0.02520144320363614,1246628,pinball,4601.1335156050045
lstm_quantile,quantile,unseen_vessel,roll_rate,50,5.0,3,False,434304,9,0.1,0.22276485288338735,0.0052150077982634786,0.1997034911030062,0.250866558908046,0.12012065153396244,0.001357050621525448,0.03639354339337815,0.00041115228772742063,1.0033121804656835,6.541165519603989,0.21451434774171177,0.3579187421689971,0.01054711129184475,0.17895937108449858,0.005273555645922399,0.09172990961784065,0.06618188758781696,1246628,pinball,4601.1335156050045
lstm_quantile,quantile,unseen_vessel,roll_rate,100,10.0,3,False,434304,9,0.1,0.4242550532960016,0.016266395568604507,0.39047401129162984,0.46775691681402887,0.4859108937032346,0.012683834793545332,0.1472087349231602,0.003842620731760203,1.0033808376976885,8.409509393639665,0.4028278668448221,0.5263556379200652,0.021224093986965727,0.2631778189600326,0.010612046993483025,0.05317012967875037,0.036936828431857305,1246628,pinball,4601.1335156050045
lstm_quantile,quantile,unseen_vessel,roll_rate,150,15.0,3,False,434304,9,0.1,0.5737839547106788,0.012775875679245796,0.5322991499042146,0.6083598700449454,1.0643513798451363,0.02278561477598667,0.3224821760214532,0.006903692496754146,1.003279779544346,8.228234957277527,0.3117685494884025,0.6161762189686941,0.01622864245018883,0.308088109484347,0.00811432122509472,0.02613146551724138,0.009867652589235948,1246628,pinball,4601.1335156050045
tcn_gaussian,gaussian,unseen_vessel,heave,10,1.0,3,False,434304,9,0.1,0.5497700535416054,0.019823510240330935,0.5084373503352491,0.5979316331417625,0.013860311722265069,0.00048228560722411875,0.006443736923745415,0.00022421729304030114,0.6538497228934008,0.0979631713743253,0.0069751224494937905,0.007483492257327001,0.00035793608786131116,0.003741746128663501,0.00017896804393065672,0.0,0.0,255304,gaussian_nll,5649.737123223332
tcn_gaussian,gaussian,unseen_vessel,heave,20,2.0,3,False,434304,9,0.1,0.3978503536693192,0.025649812886845196,0.36017962072649573,0.44698759394341286,0.032706453607744636,0.0015806170289285923,0.015203455932511665,0.0007347431070852349,0.6539339478701262,0.3656104778781098,0.00794183555445677,0.025213620394697597,0.0005342060871031449,0.012606810197348795,0.0002671030435515693,0.0,0.0,255304,gaussian_nll,5649.737123223332
tcn_gaussian,gaussian,unseen_vessel,heave,30,3.0,3,False,434304,9,0.1,0.42659903354946466,0.005848671986411389,0.40344240439876217,0.45379187159224876,0.07182742074423674,0.0018405862985855538,0.03337853026557994,0.0008553288540390604,0.6541326237646001,0.6525833693268719,0.029888385558905987,0.04729688092467536,0.001630186616934196,0.02364844046233767,0.0008150933084671095,0.0,0.0,255304,gaussian_nll,5649.737123223332
tcn_gaussian,gaussian,unseen_vessel,heave,50,5.0,3,False,434304,9,0.1,0.5965015288829943,0.028996951283797315,0.5551626280209254,0.6501374613174182,0.2124160790398956,0.005324767995378922,0.09869174678778492,0.002473968341186338,0.6542583886872622,0.8336108745507943,0.11165561144967656,0.07740297979104073,0.007177302951559225,0.03870148989552036,0.003588651475779629,0.0,0.0,255304,gaussian_nll,5649.737123223332
tcn_gaussian,gaussian,unseen_vessel,heave,100,10.0,3,False,434304,9,0.1,0.7953415119363395,0.014302324290587365,0.7673678460249042,0.8211283455828176,0.6099539384063896,0.02139043130878799,0.28334318525193936,0.009936542022795638,0.6543754769960836,1.022085750834222,0.07250693327384618,0.12779581443366259,0.005986466496350496,0.0638979072168313,0.0029932332481752725,0.0,0.0,255304,gaussian_nll,5649.737123223332
tcn_gaussian,gaussian,unseen_vessel,heave,150,15.0,3,False,434304,9,0.1,0.8959853006189213,0.008923371585738818,0.8773777699491601,0.9091058912651045,1.1449370537311458,0.01707747139586776,0.5318540428697186,0.007932944587901454,0.6543828266952652,1.4429522181300605,0.031325997866145386,0.18991821597458516,0.004409125090126358,0.09495910798729261,0.0022045625450631563,0.0,0.0,255304,gaussian_nll,5649.737123223332
tcn_gaussian,gaussian,unseen_vessel,heave_rate,10,1.0,3,False,434304,9,0.1,0.4050058637881914,0.040520556455824155,0.3501763741526672,0.4682866724690539,0.014128239608705776,0.0008920145042556646,0.011704798418417066,0.0007390057252556195,0.366916177705551,0.15515478562233387,0.00878109441984545,0.010737167415753509,0.00040062444105637044,0.005368583707876756,0.00020031222052819126,0.0,0.0,255304,gaussian_nll,5649.737123223332
tcn_gaussian,gaussian,unseen_vessel,heave_rate,20,2.0,3,False,434304,9,0.1,0.4434827524805973,0.011002398655218584,0.4129352366084586,0.4734136112032125,0.032917319099714126,0.0008782377172219221,0.0272681811005208,0.0007275180900963258,0.36695350087924916,0.27477192804131934,0.009268759202209763,0.02034742920803576,0.0005454660801113422,0.01017371460401788,0.00027273304005567557,0.0,0.0,255304,gaussian_nll,5649.737123223332
tcn_gaussian,gaussian,unseen_vessel,heave_rate,30,3.0,3,False,434304,9,0.1,0.568481984969054,0.03176216229000754,0.5188011162687887,0.6218009159482759,0.060693388808671346,0.0019471885466969153,0.05028489840282607,0.0016132593708099506,0.36689902485748377,0.2717200973819086,0.03695091792449996,0.023996076909227712,0.0024206038533718605,0.011998038454613856,0.0012103019266859276,0.0,0.0,255304,gaussian_nll,5649.737123223332
tcn_gaussian,gaussian,unseen_vessel,heave_rate,50,5.0,3,False,434304,9,0.1,0.5251367705570291,0.01152206435232569,0.49021370975169465,0.5631273255599764,0.10971088660599111,0.00409531586514275,0.09088507680885488,0.00339258125127298,0.3669440869125789,0.6103697258117998,0.06442400612032335,0.049585612518724696,0.0038684164984717144,0.024792806259362348,0.001934208249235849,0.0,0.0,255304,gaussian_nll,5649.737123223332
tcn_gaussian,gaussian,unseen_vessel,heave_rate,100,10.0,3,False,434304,9,0.1,0.7469568167305236,0.007434595993142474,0.7239271339890953,0.7720479779140879,0.38042842115533526,0.01118947209732662,0.31509467015698583,0.009267822338379677,0.36700725147074686,0.81489873346827,0.013227792101691754,0.09265907061038188,0.00230878932864554,0.046329535305190954,0.0011543946643227435,0.0,0.0,255304,gaussian_nll,5649.737123223332
tcn_gaussian,gaussian,unseen_vessel,heave_rate,150,15.0,3,False,434304,9,0.1,0.8919965431280087,0.0059669127991451585,0.8758026635720602,0.9074447276562039,0.7164211096939918,0.017988558207322675,0.5933711821566399,0.014898907785299325,0.3670157241047937,0.9373892669017985,0.026744944613019545,0.12233850717227818,0.0006140418679963529,0.06116925358613909,0.0003070209339981787,0.0,0.0,255304,gaussian_nll,5649.737123223332
tcn_gaussian,gaussian,unseen_vessel,pitch,10,1.0,3,False,434304,9,0.1,0.7457034703801945,0.04869269271100843,0.6850832020888594,0.8191588150235779,0.03980486484249169,0.0019942136453092135,0.011469904326876286,0.0005746393012401459,1.054918979036852,0.09296264235495937,0.010103692636319968,0.009576123464268017,0.00040248978251191525,0.00478806173213401,0.00020124489125595866,0.0,0.0,255304,gaussian_nll,5649.737123223332
tcn_gaussian,gaussian,unseen_vessel,pitch,20,2.0,3,False,434304,9,0.1,0.5469410059927301,0.017578177369383257,0.5069139934239612,0.5987462698938992,0.11584905205832179,0.0018740740240368343,0.033375525548808356,0.0005399112410355442,1.0551327883415698,0.41672377682218426,0.008559469381809414,0.03876360941598276,0.0011453665019644703,0.019381804707991387,0.0005726832509822327,0.0,0.0,255304,gaussian_nll,5649.737123223332
tcn_gaussian,gaussian,unseen_vessel,pitch,30,3.0,3,False,434304,9,0.1,0.48501356960408687,0.01779204316268731,0.4479280642130858,0.5322646694481284,0.21349371508473683,0.0018338054646187308,0.06148593963745047,0.0005281338237972109,1.0554849077799053,0.9110113184905843,0.06349213641472394,0.08139550273729898,0.004741627167979005,0.04069775136864948,0.00237081358398951,0.0,0.0,255304,gaussian_nll,5649.737123223332
tcn_gaussian,gaussian,unseen_vessel,pitch,50,5.0,3,False,434304,9,0.1,0.6713937702623047,0.040330226641937555,0.6070920369142352,0.7291767402556735,0.4120125074546286,0.0038568065025225274,0.11863833860316286,0.001110561226890756,1.0556697846975003,1.0990714775023023,0.07254571491563078,0.10828933651815408,0.005745688023687375,0.054144668259077045,0.0028728440118437077,0.0,0.0,255304,gaussian_nll,5649.737123223332
tcn_gaussian,gaussian,unseen_vessel,pitch,100,10.0,3,False,434304,9,0.1,0.8393943719913547,0.009474883094166935,0.8152647684571176,0.8600363455091364,1.377747195055936,0.00797319421591892,0.39651012505446864,0.0022946533638264427,1.0562287908366403,1.7569125425114702,0.08338351429767263,0.2227676623773979,0.008944385057640362,0.11138383118869893,0.004472192528820172,0.0,0.0,255304,gaussian_nll,5649.737123223332
tcn_gaussian,gaussian,unseen_vessel,pitch,150,15.0,3,False,434304,9,0.1,0.901880556783574,0.008653300820365575,0.8874117553603007,0.9182816644562335,2.25248355466733,0.014571527652195078,0.6479828802260593,0.00419186210607319,1.0566735693319307,2.7808151361080475,0.03619433503366924,0.3598535905657705,0.008404026186219394,0.17992679528288527,0.004202013093109703,0.0,0.0,255304,gaussian_nll,5649.737123223332
tcn_gaussian,gaussian,unseen_vessel,pitch_rate,10,1.0,3,False,434304,9,0.1,0.6062343427645152,0.012421531566412411,0.570647864168877,0.641782656848659,0.05935715344126292,0.0043140719183102985,0.025663616118197192,0.0018652290279952217,0.7030690217475473,0.17889514139909354,0.007147621265799125,0.017499685054620153,0.0011258828723697786,0.008749842527310073,0.0005629414361848872,0.0,0.0,255304,gaussian_nll,5649.737123223332
tcn_gaussian,gaussian,unseen_vessel,pitch_rate,20,2.0,3,False,434304,9,0.1,0.5278000356125356,0.00932659247873749,0.4952278242889773,0.5624563094053934,0.12418854555078547,0.0016429520110361696,0.053692757965787284,0.0007103281891798496,0.703086203551836,0.44109777951033563,0.04547016273356335,0.041680896310141,0.003489929643474149,0.0208404481550705,0.0017449648217370728,0.0,0.0,255304,gaussian_nll,5649.737123223332
tcn_gaussian,gaussian,unseen_vessel,pitch_rate,30,3.0,3,False,434304,9,0.1,0.6164752492877493,0.00906002241858548,0.585985507847038,0.6450884633804893,0.16774862693899031,0.0021467524215342806,0.07253424777383279,0.0009282524387473904,0.7030053176354107,0.4844958811977231,0.06801608914874428,0.04717679537216004,0.004412161350849636,0.023588397686080027,0.002206080675424813,0.0,0.0,255304,gaussian_nll,5649.737123223332
tcn_gaussian,gaussian,unseen_vessel,pitch_rate,50,5.0,3,False,434304,9,0.1,0.6720446200510857,0.01683621703060246,0.6347296478964044,0.7185267692676097,0.41218194995903645,0.005984740263172111,0.17818682895513396,0.00258721152083621,0.7031631741182381,0.7469910555377813,0.032992756791633035,0.08492428417151106,0.003377871086278311,0.04246214208575553,0.0016889355431391683,0.0,0.0,255304,gaussian_nll,5649.737123223332
tcn_gaussian,gaussian,unseen_vessel,pitch_rate,100,10.0,3,False,434304,9,0.1,0.8343940342862757,0.0101924478493107,0.8107344740089891,0.8517471057139699,1.116072195873234,0.02318438843065171,0.4823176952141219,0.010019280862087676,0.7033991527997708,1.4839906614140939,0.019343004164121793,0.18691640045339086,0.0026814336708979284,0.09345820022669545,0.001340716835448974,0.0,0.0,255304,gaussian_nll,5649.737123223332
tcn_gaussian,gaussian,unseen_vessel,pitch_rate,150,15.0,3,False,434304,9,0.1,0.945895808772964,0.0044950390616121634,0.936203442749779,0.9529939857795461,1.7625040155235308,0.013838433960105742,0.7613723172980357,0.005977972497754556,0.7036809279539469,1.976538739595742,0.028713317048302735,0.2532403163364118,0.0030495455793233444,0.12662015816820593,0.0015247727896617088,0.0,0.0,255304,gaussian_nll,5649.737123223332
tcn_gaussian,gaussian,unseen_vessel,roll,10,1.0,3,False,434304,9,0.1,0.32699215296198053,0.012365479850617781,0.2850014621094901,0.37022914824638964,0.04329951409964288,0.0029897022461977943,0.006083037025302159,0.0004200155552877261,2.1637411794341554,1.6881241844730068,0.06432153147487187,0.09527140430958479,0.0030166199600718505,0.047635702154792396,0.001508309980035929,0.0,0.0,255304,gaussian_nll,5649.737123223332
tcn_gaussian,gaussian,unseen_vessel,roll,20,2.0,3,False,434304,9,0.1,0.21829026058551917,0.009267201703104426,0.18836684672487475,0.2516673228890362,0.08654663826684424,0.004070432964674079,0.012161490723907917,0.0005719752232264009,2.16324713835809,4.920461985130677,0.08967901493512818,0.26887462987999966,0.0035005924760277136,0.13443731493999983,0.0017502962380138844,0.0,0.0,255304,gaussian_nll,5649.737123223332
tcn_gaussian,gaussian,unseen_vessel,roll,30,3.0,3,False,434304,9,0.1,0.18046882675115436,0.004376011941831125,0.16341514238874152,0.20336728420645447,0.15890889401528685,0.0027182551796678394,0.02233756616536307,0.00038210073329394793,2.162494943561516,8.992364593271533,0.24150079288443613,0.49176905123529896,0.011597532270564277,0.2458845256176493,0.005798766135282159,0.0,0.0,255304,gaussian_nll,5649.737123223332
tcn_gaussian,gaussian,unseen_vessel,roll,50,5.0,3,False,434304,9,0.1,0.21084309608016505,0.009343571195968108,0.18433067620837018,0.2411909630120837,0.2757118945804269,0.004678198932112504,0.038755851663052725,0.000657597976101516,2.162524144828776,14.240544131995753,0.5926288629730904,0.7838092729325563,0.02901490689561559,0.391904636466278,0.01450745344780796,0.0,0.0,255304,gaussian_nll,5649.737123223332
tcn_gaussian,gaussian,unseen_vessel,roll,100,10.0,3,False,434304,9,0.1,0.43997292219274975,0.012370985883447448,0.40071620339669906,0.4748915506189213,1.0258136578772037,0.012086848821516921,0.1441487503713829,0.0016984606708736717,2.1632182726804206,18.36211484356788,0.18226477502628416,1.152135958440543,0.010110977122375306,0.5760679792202716,0.005055488561187672,0.0,0.0,255304,gaussian_nll,5649.737123223332
tcn_gaussian,gaussian,unseen_vessel,roll,150,15.0,3,False,434304,9,0.1,0.627216573337263,0.009539766751612751,0.5907142807802829,0.6609249511862658,2.226152627925037,0.018070420049453566,0.3126223779994635,0.0025376596449161403,2.164599840366654,15.382130699873045,0.31956333402968307,1.2062707717295815,0.015211422828139042,0.6031353858647909,0.007605711414069363,0.0,0.0,255304,gaussian_nll,5649.737123223332
tcn_gaussian,gaussian,unseen_vessel,roll_rate,10,1.0,3,False,434304,9,0.1,0.27719063144709694,0.02113469094028559,0.23497509808797523,0.32105852122015915,0.04396103433632812,0.0026619011233099555,0.013330472814728588,0.0008071784728335096,1.0024554842926892,1.3305066682434872,0.0982245249940297,0.07771759687286418,0.005045270978004159,0.038858798436432085,0.0025226354890020763,0.0,0.0,255304,gaussian_nll,5649.737123223332
tcn_gaussian,gaussian,unseen_vessel,roll_rate,20,2.0,3,False,434304,9,0.1,0.2222490851262403,0.017989964368843085,0.19042093786840555,0.2552874829612437,0.08470003886423161,0.002199894206080069,0.025674983164648658,0.0006668503044685839,1.0028043048846653,2.7607071671564376,0.16433938700785158,0.1598367198556967,0.008076221661785968,0.07991835992784836,0.004038110830892977,0.0,0.0,255304,gaussian_nll,5649.737123223332
tcn_gaussian,gaussian,unseen_vessel,roll_rate,30,3.0,3,False,434304,9,0.1,0.23011300839964632,0.01369009737506813,0.20333142222959033,0.2609563232206012,0.11200256350198262,0.0017368007716649727,0.03393632233019508,0.0005262435873578067,1.0032425289065006,3.356182969666644,0.13834250424388866,0.19628448628503314,0.00662789096672033,0.09814224314251656,0.0033139454833601614,0.0,0.0,255304,gaussian_nll,5649.737123223332
tcn_gaussian,gaussian,unseen_vessel,roll_rate,50,5.0,3,False,434304,9,0.1,0.31918886310050104,0.0019645559560960025,0.2982306748268494,0.34345164907530207,0.235563983374215,0.004437406339689543,0.07136997628107772,0.001344422779224458,1.0033121804656835,4.717205387390533,0.1662092055485056,0.2925937872896523,0.009563221627960944,0.14629689364482612,0.004781610813980445,0.0,0.0,255304,gaussian_nll,5649.737123223332
tcn_gaussian,gaussian,unseen_vessel,roll_rate,100,10.0,3,False,434304,9,0.1,0.5423812199135475,0.003940309781188658,0.5167970476900973,0.5728768903809313,0.8032961887203293,0.01666053307987843,0.24336193578392426,0.005047378088486011,1.0033808376976885,6.690455066347401,0.2915600786860197,0.500504473265393,0.019353788253913266,0.2502522366326965,0.009676894126956744,0.0,0.0,255304,gaussian_nll,5649.737123223332
tcn_gaussian,gaussian,unseen_vessel,roll_rate,150,15.0,3,False,434304,9,0.1,0.7138448337262991,0.0022347926342675623,0.6861408138078396,0.7405448142315061,1.5136099186153424,0.006374357936152892,0.45860063644935645,0.0019313328820875963,1.003279779544346,6.567401552427266,0.4521925226274002,0.596597916274305,0.025983712522721806,0.2982989581371525,0.012991856261360887,0.0,0.0,255304,gaussian_nll,5649.737123223332
tcn_quantile,quantile,unseen_vessel,heave,10,1.0,3,False,434304,9,0.1,0.6864139711661265,0.024194835075741748,0.6366851329944002,0.723453099672119,0.024919690344634458,0.0019811957306269602,0.011585304286055524,0.0009210690450850424,0.6538497228934008,0.09027521731964548,0.008525874049895962,0.008655702652607691,0.0002977572432790684,0.004327851326303845,0.00014887862163953338,0.04553876240298654,0.07887545019578007,664804,pinball,5874.816889132354
tcn_quantile,quantile,unseen_vessel,heave,20,2.0,3,False,434304,9,0.1,0.4885310750073681,0.025063951536003454,0.44619287411582675,0.5316512166592986,0.04639437609914002,0.002170560571929085,0.02156622851866229,0.001008975855344861,0.6539339478701262,0.3328436393381963,0.01796995052865477,0.02600052088658583,0.0014680603935026098,0.013000260443292916,0.0007340301967513043,0.01932670817369093,0.031322573855589286,664804,pinball,5874.816889132354
tcn_quantile,quantile,unseen_vessel,heave,30,3.0,3,False,434304,9,0.1,0.4528747912368602,0.015752183867329867,0.4240338564692013,0.48864533828838785,0.07996637676192773,0.0034930451629393744,0.03716074027607265,0.0016232340307105449,0.6541326237646001,0.6052854496461677,0.041739091267775884,0.04682210692443123,0.002924847358296842,0.023411053462215614,0.0014624236791484224,0.0,0.0,664804,pinball,5874.816889132354
tcn_quantile,quantile,unseen_vessel,heave,50,5.0,3,False,434304,9,0.1,0.6448309632576874,0.020762801669426244,0.6091392780172413,0.6862658990016209,0.19575550104511977,0.003409798431269039,0.09095098840343617,0.0015842443043729522,0.6542583886872622,0.6402559456718736,0.07221441692747561,0.06414091837150389,0.0045870699085468186,0.03207045918575194,0.0022935349542734206,1.5350230867472245e-06,2.6587379770374012e-06,664804,pinball,5874.816889132354
tcn_quantile,quantile,unseen_vessel,heave,100,10.0,3,False,434304,9,0.1,0.7665744117791532,0.0047447302269355745,0.7451521860263779,0.7860932664677277,0.5122040715376572,0.009088170536189403,0.23793523410582132,0.00422174696431101,0.6543754769960836,0.9707281751273508,0.01894779111049587,0.11643194914730398,0.0022821718278341623,0.05821597457365199,0.0011410859139170757,0.002307139699381079,0.0038848774781270194,664804,pinball,5874.816889132354
tcn_quantile,quantile,unseen_vessel,heave,150,15.0,3,False,434304,9,0.1,0.8531312935946557,0.012321452374215934,0.8231029992816092,0.8735403081712348,0.9471486543206039,0.015411874407149527,0.4399760138405968,0.007159230007388361,0.6543828266952652,1.4025944091089182,0.10940138333728319,0.17481716588516172,0.007930852055141865,0.08740858294258082,0.003965426027570916,0.0006201493270458787,0.0009229727608353989,664804,pinball,5874.816889132354
tcn_quantile,quantile,unseen_vessel,heave_rate,10,1.0,3,False,434304,9,0.1,0.5213483335789371,0.009402633903907904,0.49374856091585617,0.5478856975758916,0.022994672934397793,0.0049488208662716235,0.019050357217095106,0.004099941128749849,0.366916177705551,0.13688366456308587,0.026240087762766793,0.011282542976669868,0.0023205691091237744,0.005641271488334937,0.0011602845545618892,0.11859818621672069,0.10947981322097919,664804,pinball,5874.816889132354
tcn_quantile,quantile,unseen_vessel,heave_rate,20,2.0,3,False,434304,9,0.1,0.5355733925238235,0.0193256265376642,0.496251300932066,0.5709181241710874,0.042303574239919206,0.002697621403786655,0.03504360485977309,0.0022346664610282422,0.36695350087924916,0.23506407679733002,0.03905720939888051,0.01987348092393839,0.0026598779394529275,0.009936740461969197,0.0013299389697264653,0.05672908070537381,0.09825765004838273,664804,pinball,5874.816889132354
tcn_quantile,quantile,unseen_vessel,heave_rate,30,3.0,3,False,434304,9,0.1,0.6701550066312998,0.013850810514043336,0.6366424209770115,0.6990616020114943,0.06470285038374675,0.0014537459879404883,0.05360676544485712,0.0012044387492935566,0.36689902485748377,0.19249260587692205,0.011446312961016744,0.019972305827784725,0.0007912713547570533,0.009986152913892361,0.0003956356773785304,0.0,0.0,664804,pinball,5874.816889132354
tcn_quantile,quantile,unseen_vessel,heave_rate,50,5.0,3,False,434304,9,0.1,0.5712718894292169,0.03433621323959944,0.5216426742558208,0.6276596577512527,0.10163204468547445,0.0007682973966530244,0.084192521574025,0.0006364616134916869,0.3669440869125789,0.4341984729658537,0.028961294026797545,0.03925882941974957,0.0017228102551425418,0.019629414709874796,0.0008614051275712763,5.60283426662737e-05,5.641601417727997e-05,664804,pinball,5874.816889132354
tcn_quantile,quantile,unseen_vessel,heave_rate,100,10.0,3,False,434304,9,0.1,0.7331945672462914,0.006024193361383141,0.7107432236405835,0.7569777736332154,0.3331270685672087,0.004431541679193676,0.2759167242861926,0.0036704806634894165,0.36700725147074686,0.711975742084992,0.027659368374451397,0.0818622572382265,0.00225297736038751,0.040931128619113265,0.0011264886801937233,0.001959456970232832,0.002700884898776805,664804,pinball,5874.816889132354
tcn_quantile,quantile,unseen_vessel,heave_rate,150,15.0,3,False,434304,9,0.1,0.8730819886531093,0.004487233576567877,0.8578876201923077,0.8873860245358091,0.6181174473261838,0.008688546756640568,0.5119518052563299,0.0071962330401084225,0.3670157241047937,0.8442690456792615,0.020970102503763778,0.1097747755603204,0.0027652945274779087,0.0548873877801602,0.001382647263738992,0.0002793742017879949,0.00025650621599323354,664804,pinball,5874.816889132354
tcn_quantile,quantile,unseen_vessel,pitch,10,1.0,3,False,434304,9,0.1,0.8547730007859319,0.03208814411176164,0.8028345352564102,0.8978402800803124,0.05334302601167567,0.0019887829767417284,0.015370970540436417,0.0005730744360120765,1.054918979036852,0.09302829170444786,0.010385521489984026,0.010551825793028569,0.00013422132944177417,0.005275912896514284,6.711066472088773e-05,0.004264294134983791,0.007322257067493934,664804,pinball,5874.816889132354
tcn_quantile,quantile,unseen_vessel,pitch,20,2.0,3,False,434304,9,0.1,0.7316250061400923,0.056327970277501346,0.6631114380710286,0.8104530467138226,0.12407033316196231,0.0025060256956928183,0.035744035024227745,0.0007219733191296091,1.0551327883415698,0.27099903359577543,0.03123516710169766,0.030163363772162388,0.0024702420580018313,0.015081681886081196,0.001235121029000919,0.007120204587877002,0.00897209566809841,664804,pinball,5874.816889132354
tcn_quantile,quantile,unseen_vessel,pitch,30,3.0,3,False,434304,9,0.1,0.655475580852736,0.03295002955874184,0.6052298044687592,0.7013245906093427,0.20668361122577747,0.0027225660105834287,0.05952463771045674,0.0007840958190233608,1.0554849077799053,0.5492364897110161,0.06206971995384788,0.05918004987404596,0.005003521371963621,0.029590024937022966,0.0025017606859818256,0.002802184644857059,0.004372171324655581,664804,pinball,5874.816889132354
tcn_quantile,quantile,unseen_vessel,pitch,50,5.0,3,False,434304,9,0.1,0.7659273995480892,0.013161267066110196,0.7372856915893015,0.792277471540672,0.361694451225621,0.004168640389206696,0.10414933527258467,0.001200353292828101,1.0556697846975003,0.7700372576644959,0.05718256007406056,0.08550129295786442,0.004489469982377827,0.04275064647893221,0.002244734991188897,0.0330214166421063,0.032964466543626905,664804,pinball,5874.816889132354
tcn_quantile,quantile,unseen_vessel,pitch,100,10.0,3,False,434304,9,0.1,0.8334131545338442,0.011216800778906013,0.8086679491784556,0.8531328861811082,1.1286215201234833,0.017463701363361568,0.32481275352199734,0.005025983312721797,1.0562287908366403,1.6271375248248943,0.11218946582114708,0.20194215935766402,0.0075295499427603255,0.10097107967883201,0.0037647749713801857,0.0,0.0,664804,pinball,5874.816889132354
tcn_quantile,quantile,unseen_vessel,pitch,150,15.0,3,False,434304,9,0.1,0.8725117275763828,0.010742801058068335,0.8420920599395815,0.8921810529030356,1.8869019175154829,0.02374504053220327,0.5428142357276099,0.006830851094677166,1.0566735693319307,2.7159219594430795,0.20361800769928182,0.33172468679282224,0.014418188157230494,0.16586234339641107,0.0072090940786151995,0.0,0.0,664804,pinball,5874.816889132354
tcn_quantile,quantile,unseen_vessel,pitch_rate,10,1.0,3,False,434304,9,0.1,0.773583327193241,0.03104992120826484,0.7210788986516358,0.814388366213528,0.0639718986933302,0.0009240467281791954,0.02765884405225777,0.0003995201779804632,0.7030690217475473,0.12416555502653738,0.020501826379395224,0.01403915425121328,0.0012680553319499594,0.007019577125606638,0.0006340276659749809,0.11158159568719915,0.17459712013203538,664804,pinball,5874.816889132354
tcn_quantile,quantile,unseen_vessel,pitch_rate,20,2.0,3,False,434304,9,0.1,0.7397606284998526,0.012731411082877607,0.7109353125921014,0.7610066336022693,0.1249261496395866,0.0017346493126761126,0.05401166014504164,0.0007499733996236428,0.703086203551836,0.2681896509913185,0.011311227950708677,0.030775232947478182,0.0011640994358276464,0.015387616473739088,0.0005820497179138259,0.00712404214559387,0.012339202951430579,664804,pinball,5874.816889132354
tcn_quantile,quantile,unseen_vessel,pitch_rate,30,3.0,3,False,434304,9,0.1,0.7947750884173298,0.004523728207147123,0.7721749051355732,0.8135827669098143,0.16230757088682216,0.0029060469162970944,0.07018154352199521,0.0012565702081468566,0.7030053176354107,0.3371237871859696,0.0025448678230118094,0.03788520193938814,0.0006643747453777639,0.018942600969694075,0.0003321873726888876,0.009989162737007564,0.017210092406268033,664804,pinball,5874.816889132354
tcn_quantile,quantile,unseen_vessel,pitch_rate,50,5.0,3,False,434304,9,0.1,0.7188490089890952,0.012915869697549038,0.6847028809313291,0.7480693247126436,0.35227291878494027,0.004928191080822018,0.15228807164238076,0.0021304638431253946,0.7031631741182381,0.5953869316353265,0.034490582734144994,0.071286894814638,0.003107776750122211,0.035643447407319,0.0015538883750611154,1.5350230867472245e-06,2.6587379770374012e-06,664804,pinball,5874.816889132354
tcn_quantile,quantile,unseen_vessel,pitch_rate,100,10.0,3,False,434304,9,0.1,0.8342474395814913,0.010787638658011816,0.8064111198607427,0.8520973212312114,0.9468605134002298,0.012021277359230607,0.4091917908188177,0.005195071439708519,0.7033991527997708,1.3256185196995096,0.03320277311409475,0.16504605613165077,0.00247032001001632,0.08252302806582539,0.0012351600050081873,2.2257834757834756e-05,1.9582828037769353e-05,664804,pinball,5874.816889132354
tcn_quantile,quantile,unseen_vessel,pitch_rate,150,15.0,3,False,434304,9,0.1,0.9097429450338933,0.006355682965340359,0.8905361221632773,0.9232219827586207,1.4723608642743617,0.013181436991348865,0.6360353186477851,0.005694160772984277,0.7036809279539469,1.8447232679424737,0.030710931865080317,0.23550602114875652,0.0024218207367289473,0.11775301057437831,0.0012109103683644923,0.0,0.0,664804,pinball,5874.816889132354
tcn_quantile,quantile,unseen_vessel,roll,10,1.0,3,False,434304,9,0.1,0.48099794920915606,0.036500086332812036,0.42681992337164754,0.5586487805776599,0.08531463755297926,0.010289001941134716,0.011985633322367635,0.0014454753376053344,2.1637411794341554,1.6314656944697103,0.18443178714007627,0.09988940648426152,0.008872810971470522,0.04994470324213074,0.0044364054857352455,0.26596347259062775,0.4329285668016849,664804,pinball,5874.816889132354
tcn_quantile,quantile,unseen_vessel,roll,20,2.0,3,False,434304,9,0.1,0.37795184939581494,0.020096427939359472,0.3357680910145889,0.4338574477785146,0.1556012326517344,0.009624942361790692,0.021865008109132483,0.0013524921313542077,2.16324713835809,4.826261213581861,0.3564545305930124,0.277927643942961,0.01793684732965624,0.13896382197148047,0.008968423664828046,0.1693997752726201,0.21492799664727294,664804,pinball,5874.816889132354
tcn_quantile,quantile,unseen_vessel,roll,30,3.0,3,False,434304,9,0.1,0.32824242926613617,0.04138364348576601,0.2656432475869437,0.4013263175103154,0.24671651346211054,0.01775989967172715,0.034680541184922135,0.002496480366726684,2.162494943561516,8.705884077455302,0.47461113586602305,0.4952611147142581,0.021612476731508568,0.24763055735712905,0.010806238365754273,0.05835083259652225,0.08097129514708609,664804,pinball,5874.816889132354
tcn_quantile,quantile,unseen_vessel,roll,50,5.0,3,False,434304,9,0.1,0.327839485705865,0.03848167044597541,0.26139294134983787,0.38576043508694374,0.3514346885380677,0.019022676025153732,0.049399938580667234,0.002673950688225061,2.162524144828776,13.891212478919483,0.46280556822026,0.7821123113843926,0.020486254858623553,0.39105615569219626,0.010243127429311782,0.0006485472541507024,0.001095487161916818,664804,pinball,5874.816889132354
tcn_quantile,quantile,unseen_vessel,roll,100,10.0,3,False,434304,9,0.1,0.4575757994400236,0.015333997454308431,0.4163608325044209,0.5031713385094312,0.9234759115458573,0.01843975844925844,0.12976810907634076,0.0025911802959528783,2.1632182726804206,17.752119064459183,0.2433693560073363,1.1032685087070335,0.012836460986494044,0.5516342543535167,0.006418230493246804,0.02444294012181943,0.024491652532680513,664804,pinball,5874.816889132354
tcn_quantile,quantile,unseen_vessel,roll,150,15.0,3,False,434304,9,0.1,0.6000789001866588,0.005707210211270673,0.5669776815318303,0.6309275875884174,1.8772996465856995,0.037738065812629104,0.2636323639139699,0.005299620397744662,2.164599840366654,15.925258654260048,0.31085209514002404,1.1858996711461256,0.008970617001271842,0.592949835573063,0.004485308500635708,0.014628770016701051,0.010720177993687276,664804,pinball,5874.816889132354
tcn_quantile,quantile,unseen_vessel,roll_rate,10,1.0,3,False,434304,9,0.1,0.4429055837999803,0.015291651039978933,0.40569767950559976,0.4908181826554672,0.08650159488693705,0.0035959557606333025,0.026230209922929074,0.001090415437984274,1.0024554842926892,1.3566355136321502,0.10719305507420454,0.08686301861332209,0.005711524713114562,0.04343150930666106,0.0028557623565572776,0.0093889687100894,0.008258860271564788,664804,pinball,5874.816889132354
tcn_quantile,quantile,unseen_vessel,roll_rate,20,2.0,3,False,434304,9,0.1,0.3929129519107968,0.02982639888692177,0.3507632326665193,0.458212910772178,0.1347898432451596,0.01251359985048163,0.040858623000544485,0.003793226895742828,1.0028043048846653,2.543487929458657,0.1135825226614765,0.1585799521646162,0.0039458468583474715,0.07928997608230808,0.0019729234291737544,0.0336960592887317,0.0537395988707395,664804,pinball,5874.816889132354
tcn_quantile,quantile,unseen_vessel,roll_rate,30,3.0,3,False,434304,9,0.1,0.42122184767658905,0.008024956640999293,0.3827034749852638,0.4582519962975243,0.16701913152682898,0.009923791367149317,0.050606119231399384,0.0030068685219622224,1.0032425289065006,2.9512092808703225,0.04597392257251426,0.18580927384691873,0.0015744189389728643,0.09290463692345936,0.0007872094694864083,0.025548156744277434,0.02835704940234468,664804,pinball,5874.816889132354
tcn_quantile,quantile,unseen_vessel,roll_rate,50,5.0,3,False,434304,9,0.1,0.42960077119559875,0.02904677016730748,0.37846738689949894,0.48776548224285293,0.2677477096958128,0.015101752371694609,0.08112083781477923,0.004575452041233102,1.0033121804656835,4.240241214367985,0.5753227035479752,0.273209041072942,0.02847842221180295,0.136604520536471,0.014239211105901452,0.04493933588761175,0.042491780663230776,664804,pinball,5874.816889132354
tcn_quantile,quantile,unseen_vessel,roll_rate,100,10.0,3,False,434304,9,0.1,0.5476056709892917,0.018365574129143518,0.503221936707928,0.5914655402667256,0.7109514335973802,0.011691385371876062,0.21538570649045072,0.0035419540339512307,1.0033808376976885,6.788627793354757,0.22157256957678612,0.4902323861274905,0.010715835903605449,0.24511619306374519,0.005357917951802643,0.015150677866195108,0.012722625668509839,664804,pinball,5874.816889132354
tcn_quantile,quantile,unseen_vessel,roll_rate,150,15.0,3,False,434304,9,0.1,0.6716677718832891,0.008617894980467784,0.6412073685713233,0.7076105101495727,1.269235547480394,0.012229853501191197,0.3845589426443099,0.003705458407975738,1.003279779544346,6.834117670361942,0.06212241460624268,0.5787719399224952,0.004869750031986211,0.2893859699612476,0.0024348750159932445,0.0008657530209254348,0.0007305569017257957,664804,pinball,5874.816889132354
