model,dof,horizon_samples,horizon_s,n_windows,rmse,mae,rmse_persistence,skill,signal_std,nrmse,n_realizations,skill_ci_lo,skill_ci_hi,seed,deterministic,n_params,fit_time_s,best_epoch,epochs_run,best_val_loss,val_loss_name,regime
persistence,roll,10,1.0,441984,1.9441887058497527,1.0376391666711577,1.9441887058497527,0.0,3.6812260110585493,0.5281361970195072,384,0.0,0.0,0,True,0,0.0,,,,,id
persistence,roll,20,2.0,441984,3.7433237763378164,1.9889288367508204,3.7433237763378164,0.0,3.68200459667907,1.0166537488068461,384,0.0,0.0,0,True,0,0.0,,,,,id
persistence,roll,30,3.0,441984,5.265474435851124,2.7769902715423904,5.265474435851124,0.0,3.682905472408515,1.4297066474550744,384,0.0,0.0,0,True,0,0.0,,,,,id
persistence,roll,50,5.0,441984,7.084126957314898,3.6495384503863666,7.084126957314898,0.0,3.6839516687677145,1.9229695702507805,384,0.0,0.0,0,True,0,0.0,,,,,id
persistence,roll,100,10.0,441984,3.791928940503627,1.8808152204889255,3.791928940503627,0.0,3.687975218896941,1.0281872071900142,384,0.0,0.0,0,True,0,0.0,,,,,id
persistence,roll,150,15.0,441984,5.250895133025821,2.775710307552533,5.250895133025821,0.0,3.691026864737781,1.4226109225024177,384,0.0,0.0,0,True,0,0.0,,,,,id
persistence,pitch,10,1.0,441984,0.8966907219950414,0.5665905256340152,0.8966907219950414,0.0,1.2414942738632275,0.7222673039036729,384,0.0,0.0,0,True,0,0.0,,,,,id
persistence,pitch,20,2.0,441984,1.6403012048843704,1.0366945424751026,1.6403012048843704,0.0,1.2415327853866043,1.3211904060782353,384,0.0,0.0,0,True,0,0.0,,,,,id
persistence,pitch,30,3.0,441984,2.122998045479648,1.3395565433243384,2.122998045479648,0.0,1.2416332907389511,1.7098430440892556,384,0.0,0.0,0,True,0,0.0,,,,,id
persistence,pitch,50,5.0,441984,2.2344126987335295,1.377141336591562,2.2344126987335295,0.0,1.2414203979989746,1.7998839896099204,384,0.0,0.0,0,True,0,0.0,,,,,id
persistence,pitch,100,10.0,441984,1.559113656168873,0.9837140825994295,1.559113656168873,0.0,1.2413004417338516,1.2560324670400496,384,0.0,0.0,0,True,0,0.0,,,,,id
persistence,pitch,150,15.0,441984,1.7864119156340135,1.1014593821836718,1.7864119156340135,0.0,1.2412541101955465,1.4391991945570137,384,0.0,0.0,0,True,0,0.0,,,,,id
persistence,heave,10,1.0,441984,0.44176164489730846,0.29314612367589893,0.44176164489730846,0.0,0.7588420523524625,0.582152298397034,384,0.0,0.0,0,True,0,0.0,,,,,id
persistence,heave,20,2.0,441984,0.8382274709219251,0.5538813710975136,0.8382274709219251,0.0,0.7589901623461219,1.1043983341376546,384,0.0,0.0,0,True,0,0.0,,,,,id
persistence,heave,30,3.0,441984,1.1512678447482159,0.7548397692759489,1.1512678447482159,0.0,0.7591491660051453,1.5165238879290464,384,0.0,0.0,0,True,0,0.0,,,,,id
persistence,heave,50,5.0,441984,1.4417657704203946,0.9156648682608908,1.4417657704203946,0.0,0.7592428798701399,1.8989519805137884,384,0.0,0.0,0,True,0,0.0,,,,,id
persistence,heave,100,10.0,441984,0.8330535871021622,0.5177948289379383,0.8330535871021622,0.0,0.7593228844826043,1.097100593339548,384,0.0,0.0,0,True,0,0.0,,,,,id
persistence,heave,150,15.0,441984,1.106950994995508,0.6987377632766578,1.106950994995508,0.0,0.7589789870887942,1.4584738363329737,384,0.0,0.0,0,True,0,0.0,,,,,id
persistence,roll_rate,10,1.0,441984,1.067152512176711,0.596462981486495,1.067152512176711,0.0,1.9689364482018927,0.5419943915159248,384,0.0,0.0,0,True,0,0.0,,,,,id
persistence,roll_rate,20,2.0,441984,2.047558406358368,1.137267635254164,2.047558406358368,0.0,1.9690140692926346,1.039890185799409,384,0.0,0.0,0,True,0,0.0,,,,,id
persistence,roll_rate,30,3.0,441984,2.8646272877409147,1.5746648782645398,2.8646272877409147,0.0,1.9690705168546092,1.4548119344739703,384,0.0,0.0,0,True,0,0.0,,,,,id
persistence,roll_rate,50,5.0,441984,3.7964230491902806,2.0205500254385362,3.7964230491902806,0.0,1.9696305994416974,1.9274797265367412,384,0.0,0.0,0,True,0,0.0,,,,,id
persistence,roll_rate,100,10.0,441984,1.9586932675176199,1.0299687031173306,1.9586932675176199,0.0,1.9713538426324322,0.9935777257025019,384,0.0,0.0,0,True,0,0.0,,,,,id
persistence,roll_rate,150,15.0,441984,2.8973020365613404,1.572854097515196,2.8973020365613404,0.0,1.9735510474462146,1.4680654145280227,384,0.0,0.0,0,True,0,0.0,,,,,id
persistence,pitch_rate,10,1.0,441984,0.7532807082973466,0.4666715911321881,0.7532807082973466,0.0,0.9239888688455106,0.815248682853228,384,0.0,0.0,0,True,0,0.0,,,,,id
persistence,pitch_rate,20,2.0,441984,1.3419571056400967,0.8358426985867333,1.3419571056400967,0.0,0.923970107339699,1.4523815164365748,384,0.0,0.0,0,True,0,0.0,,,,,id
persistence,pitch_rate,30,3.0,441984,1.664455273751304,1.0431974221440723,1.664455273751304,0.0,0.9238185246193283,1.801712381159671,384,0.0,0.0,0,True,0,0.0,,,,,id
persistence,pitch_rate,50,5.0,441984,1.549581026050816,0.9689925947641781,1.549581026050816,0.0,0.9236574909668279,1.6776576178999099,384,0.0,0.0,0,True,0,0.0,,,,,id
persistence,pitch_rate,100,10.0,441984,1.2730734843521008,0.7930323572994048,1.2730734843521008,0.0,0.923592844476832,1.3783925373233394,384,0.0,0.0,0,True,0,0.0,,,,,id
persistence,pitch_rate,150,15.0,441984,1.3086174999358147,0.8174575342466434,1.3086174999358147,0.0,0.9235658452936027,1.4169184651039186,384,0.0,0.0,0,True,0,0.0,,,,,id
persistence,heave_rate,10,1.0,441984,0.2852552458521747,0.19354905061395775,0.2852552458521747,0.0,0.4495774018198838,0.6344964063973522,384,0.0,0.0,0,True,0,0.0,,,,,id
persistence,heave_rate,20,2.0,441984,0.5352136906829078,0.36224249012407433,0.5352136906829078,0.0,0.4495800662022177,1.1904746916474112,384,0.0,0.0,0,True,0,0.0,,,,,id
persistence,heave_rate,30,3.0,441984,0.7215930065668222,0.4858605500764741,0.7215930065668222,0.0,0.4495552834133054,1.6051262952312249,384,0.0,0.0,0,True,0,0.0,,,,,id
persistence,heave_rate,50,5.0,441984,0.8524435901074202,0.5593942849385654,0.8524435901074202,0.0,0.44953242177486064,1.896289452809145,384,0.0,0.0,0,True,0,0.0,,,,,id
persistence,heave_rate,100,10.0,441984,0.47857922016872095,0.3220463365231404,0.47857922016872095,0.0,0.4494169755457696,1.0648890589580797,384,0.0,0.0,0,True,0,0.0,,,,,id
persistence,heave_rate,150,15.0,441984,0.6816023493244259,0.4391329668152379,0.6816023493244259,0.0,0.4492651780163546,1.5171492977352754,384,0.0,0.0,0,True,0,0.0,,,,,id
window_mean,roll,10,1.0,441984,4.353610909503639,2.201300862041466,1.9441887058497527,-4.014439474258743,3.6812260110585493,1.1826524360159412,384,-4.111939445680487,-3.907777778564149,0,True,0,0.0,,,,,id
window_mean,roll,20,2.0,441984,4.319345302892834,2.191938108091728,3.7433237763378164,-0.33143835396467436,3.68200459667907,1.1730961191055012,384,-0.35697495007847607,-0.30404091870619765,0,True,0,0.0,,,,,id
window_mean,roll,30,3.0,441984,4.147777890750854,2.1147762227712983,5.265474435851124,0.3794797376175816,3.682905472408515,1.126224368728727,384,0.36870591071832937,0.3911040861588307,0,True,0,0.0,,,,,id
window_mean,roll,50,5.0,441984,3.544522994271691,1.8291029913386128,7.084126957314898,0.749652692626698,3.6839516687677145,0.9621524148435252,384,0.7467981195456399,0.7525708901499982,0,True,0,0.0,,,,,id
window_mean,roll,100,10.0,441984,3.6249469481979713,1.8817704846778183,3.791928940503627,0.08613313801063216,3.687975218896941,0.9829097900723365,384,0.045173421499720263,0.12419317429862552,0,True,0,0.0,,,,,id
window_mean,roll,150,15.0,441984,4.1297950835028825,2.089334540082659,5.250895133025821,0.38142791688232736,3.691026864737781,1.1188742956484206,384,0.3573591976386938,0.4053509685509361,0,True,0,0.0,,,,,id
window_mean,pitch,10,1.0,441984,1.3521194770626188,0.8485979747237273,0.8966907219950414,-1.2737608540449177,1.2414942738632275,1.089106494913708,384,-1.3980698530605407,-1.1542733268551872,0,True,0,0.0,,,,,id
window_mean,pitch,20,2.0,441984,1.3978332191861664,0.877982749266603,1.6403012048843704,0.2737878569225991,1.2415327853866043,1.125893118280313,384,0.2410853682133507,0.305241689766395,0,True,0,0.0,,,,,id
window_mean,pitch,30,3.0,441984,1.3798046957133896,0.8649322591155045,2.122998045479648,0.5775881933129345,1.2416332907389511,1.111281975125044,384,0.5627209154969784,0.5922945262897101,0,True,0,0.0,,,,,id
window_mean,pitch,50,5.0,441984,1.2298677139384653,0.7693271903546439,2.2344126987335295,0.6970367021213557,1.2414203979989746,0.9906939791877667,384,0.691148356884448,0.7022344838482694,0,True,0,0.0,,,,,id
window_mean,pitch,100,10.0,441984,1.2610728368566428,0.7929997259221014,1.559113656168873,0.3457785317204699,1.2413004417338516,1.01592877474141,384,0.31323425563982515,0.3783168108788961,0,True,0,0.0,,,,,id
window_mean,pitch,150,15.0,441984,1.2819601623210193,0.8038842448919196,1.7864119156340135,0.4850253571239098,1.2412541101955465,1.0327942939250851,384,0.4620173871614339,0.5076616808872961,0,True,0,0.0,,,,,id
window_mean,heave,10,1.0,441984,0.8657593456341913,0.5408715391746157,0.44176164489730846,-2.8407705585741936,0.7588420523524625,1.140895319322747,384,-3.049693477289309,-2.6234340985301277,0,True,0,0.0,,,,,id
window_mean,heave,20,2.0,441984,0.8809879744419759,0.5538628191218576,0.8382274709219251,-0.10462834007649979,0.7589901623461219,1.1607370136639785,384,-0.1612811805536584,-0.0456480420879673,0,True,0,0.0,,,,,id
window_mean,heave,30,3.0,441984,0.8704918665714905,0.5494944094353503,1.1512678447482159,0.42828881932700114,0.7591491660051453,1.1466677506243754,384,0.4018502680969571,0.45609783782828794,0,True,0,0.0,,,,,id
window_mean,heave,50,5.0,441984,0.7847320571321917,0.4970226700353407,1.4417657704203946,0.7037534048020628,0.7592428798701399,1.0335718357561832,384,0.6945534037846492,0.7128193907258634,0,True,0,0.0,,,,,id
window_mean,heave,100,10.0,441984,0.7279917333278686,0.470703257637928,0.8330535871021622,0.23632773554559405,0.7593228844826043,0.9587380391200978,384,0.1570133509271366,0.3002715882102212,0,True,0,0.0,,,,,id
window_mean,heave,150,15.0,441984,0.8216502651646228,0.5152903158971655,1.106950994995508,0.44904362884181537,0.7589789870887942,1.0825731398918117,384,0.4112590881914002,0.48499737521807457,0,True,0,0.0,,,,,id
window_mean,roll_rate,10,1.0,441984,2.298158434225644,1.2045332181215236,1.067152512176711,-3.637745885629177,1.9689364482018927,1.1672080306728077,384,-3.7477144906012474,-3.5144486318080292,0,True,0,0.0,,,,,id
window_mean,roll_rate,20,2.0,441984,2.28110972313888,1.2026645192676193,2.047558406358368,-0.24113708864915906,1.9690140692926346,1.1585035164113202,384,-0.2679720930280578,-0.2114835614785398,0,True,0,0.0,,,,,id
window_mean,roll_rate,30,3.0,441984,2.193319115539591,1.163270460653068,2.8646272877409147,0.4137708656532,1.9690705168546092,1.1138855093128894,384,0.40342062993238786,0.4250418047049418,0,True,0,0.0,,,,,id
window_mean,roll_rate,50,5.0,441984,1.8870530277007218,1.0129197377570756,3.7964230491902806,0.7529305742664718,1.9696305994416974,0.9580745893344759,384,0.7508232647271661,0.7549154579464652,0,True,0,0.0,,,,,id
window_mean,roll_rate,100,10.0,441984,1.958943488869283,1.0542462483562056,1.9586932675176199,-0.00025551457044592496,1.9713538426324322,0.9937046543878814,384,-0.04151648787153549,0.038375570345159135,0,True,0,0.0,,,,,id
window_mean,roll_rate,150,15.0,441984,2.175817128922477,1.1419411837905682,2.8973020365613404,0.43602839393028203,1.9735510474462146,1.1024883961010261,384,0.41426029866582953,0.4560779727620491,0,True,0,0.0,,,,,id
window_mean,pitch_rate,10,1.0,441984,0.9968546689269117,0.6316489176230606,0.7532807082973466,-0.7512574838362238,0.9239888688455106,1.078860041000758,384,-0.8161182445564482,-0.6909278679880622,0,True,0,0.0,,,,,id
window_mean,pitch_rate,20,2.0,441984,1.0316445806475285,0.6530381562912224,1.3419571056400967,0.40900618785236,0.923970107339699,1.1165345853209976,384,0.3911225939093744,0.42509670824541645,0,True,0,0.0,,,,,id
window_mean,pitch_rate,30,3.0,441984,1.007953856475736,0.6375702743087887,1.664455273751304,0.6332779340751254,0.9238185246193283,1.0910734409564657,384,0.6256527214725005,0.6404304183109153,0,True,0,0.0,,,,,id
window_mean,pitch_rate,50,5.0,441984,0.8948281809002195,0.5660313681345263,1.549581026050816,0.6665346405733676,0.9236574909668279,0.9687878782464789,384,0.6586611539033106,0.6738546313400913,0,True,0,0.0,,,,,id
window_mean,pitch_rate,100,10.0,441984,0.9538220852927779,0.600234651289261,1.2730734843521008,0.43865765736327467,0.923592844476832,1.0327300509057855,384,0.416594021396854,0.46099146075248215,0,True,0,0.0,,,,,id
window_mean,pitch_rate,150,15.0,441984,0.9384921066094779,0.5946479787639444,1.3086174999358147,0.4856771716923173,0.9235658452936027,1.0161615562029906,384,0.47116511805117406,0.49997073214995563,0,True,0,0.0,,,,,id
window_mean,heave_rate,10,1.0,441984,0.49348881952215534,0.3253197711743449,0.2852552458521747,-1.9928665736255335,0.4495774018198838,1.0976726533062353,384,-2.1385475491190564,-1.8486561517259499,0,True,0,0.0,,,,,id
window_mean,heave_rate,20,2.0,441984,0.5054112999167905,0.3351117999243729,0.5352136906829078,0.1082657099044344,0.4495800662022177,1.124185296261468,384,0.0721608613527862,0.14451026883112114,0,True,0,0.0,,,,,id
window_mean,heave_rate,30,3.0,441984,0.5013252485877853,0.33312785464398237,0.7215930065668222,0.5173253118870937,0.4495552834133054,1.115158173164844,384,0.5014334531126825,0.5329890519075947,0,True,0,0.0,,,,,id
window_mean,heave_rate,50,5.0,441984,0.4540313980619151,0.30130180386078215,0.8524435901074202,0.7163123202821915,0.44953242177486064,1.0100081241510712,384,0.7116799560625524,0.7208613164723267,0,True,0,0.0,,,,,id
window_mean,heave_rate,100,10.0,441984,0.44624016918843495,0.29739355333353895,0.47857922016872095,0.13057995722257898,0.4494169755457696,0.992931272003073,384,0.07326186143572798,0.1852100785932646,0,True,0,0.0,,,,,id
window_mean,heave_rate,150,15.0,441984,0.47158978565768167,0.31082536523224036,0.6816023493244259,0.5212964781703049,0.4492651780163546,1.0496913821362632,384,0.49730996692505564,0.5427564159406705,0,True,0,0.0,,,,,id
damped_persistence,roll,10,1.0,441984,2.477950528558388,1.280711816063831,1.9441887058497527,-0.6244577909844251,3.6812260110585493,0.6731318645240815,384,-0.6471757984473158,-0.600286284510322,0,True,6,0.14087614801246673,,,,,id
damped_persistence,roll,20,2.0,441984,3.6663358825080405,1.8938561315566271,3.7433237763378164,0.040710450997844316,3.68200459667907,0.9957445153150646,384,0.02754188535570679,0.05499407362474879,0,True,6,0.14087614801246673,,,,,id
damped_persistence,roll,30,3.0,441984,4.056394355315498,2.0928792052473564,5.265474435851124,0.40652104647605725,3.682905472408515,1.1014114768095669,384,0.3987816074332009,0.41486943488668315,0,True,6,0.14087614801246673,,,,,id
damped_persistence,roll,50,5.0,441984,3.688017279793033,1.9050139760569496,7.084126957314898,0.7289725849656126,3.6839516687677145,1.0011036005330327,384,0.7263709512505966,0.7316160000062211,0,True,6,0.14087614801246673,,,,,id
damped_persistence,roll,100,10.0,441984,3.6190325491802224,1.8787039817076419,3.791928940503627,0.08911280310306735,3.687975218896941,0.9813060919272286,384,0.0483462255680003,0.12698229266848932,0,True,6,0.14087614801246673,,,,,id
damped_persistence,roll,150,15.0,441984,4.129677442135274,2.0893006227869146,5.250895133025821,0.3814631576765518,3.691026864737781,1.1188424233884995,384,0.3574011895025961,0.4053805620109343,0,True,6,0.14087614801246673,,,,,id
damped_persistence,pitch,10,1.0,441984,1.006938496579829,0.6371671893870283,0.8966907219950414,-0.26101582666146506,1.2414942738632275,0.8110697872544202,384,-0.30392728990825874,-0.21942542452103736,0,True,6,0.14087614801246673,,,,,id
damped_persistence,pitch,20,2.0,441984,1.3612749980264456,0.8591786172348002,1.6403012048843704,0.31127709228898737,1.2415327853866043,1.0964470806162034,384,0.28920033106006116,0.33282495928586076,0,True,6,0.14087614801246673,,,,,id
damped_persistence,pitch,30,3.0,441984,1.4089695957766797,0.885354670755326,2.122998045479648,0.5595424543802403,1.2416332907389511,1.1347711166298862,384,0.5466364183061285,0.5721411846916329,0,True,6,0.14087614801246673,,,,,id
damped_persistence,pitch,50,5.0,441984,1.2395616442402386,0.7750688369971045,2.2344126987335295,0.6922419107172287,1.2414203979989746,0.9985027201407902,384,0.6864663973938248,0.6972954682704549,0,True,6,0.14087614801246673,,,,,id
damped_persistence,pitch,100,10.0,441984,1.2610256823254822,0.7929742164955066,1.559113656168873,0.3458274566182902,1.2413004417338516,1.01589078673337,384,0.3132934676028172,0.37835282913047164,0,True,6,0.14087614801246673,,,,,id
damped_persistence,pitch,150,15.0,441984,1.2819601263069778,0.8038842171335799,1.7864119156340135,0.4850253860582223,1.2412541101955465,1.0327942649108477,384,0.4620175036095425,0.5076616248484506,0,True,6,0.14087614801246673,,,,,id
damped_persistence,heave,10,1.0,441984,0.5354372316361904,0.34521293481953663,0.44176164489730846,-0.469065366782474,0.7588420523524625,0.7055977327248776,384,-0.5224927718951771,-0.4137075079396006,0,True,6,0.14087614801246673,,,,,id
damped_persistence,heave,20,2.0,441984,0.7863406097022022,0.505867344964578,0.8382274709219251,0.11996968993308887,0.7589901623461219,1.036035312067204,384,0.08858602473199108,0.15288790810666988,0,True,6,0.14087614801246673,,,,,id
damped_persistence,heave,30,3.0,441984,0.8686528066514569,0.5562175381013482,1.1512678447482159,0.43070193889185426,0.7591491660051453,1.144245222875697,384,0.41090442388311327,0.4514856099318436,0,True,6,0.14087614801246673,,,,,id
damped_persistence,heave,50,5.0,441984,0.8047806122427762,0.5104538405552985,1.4417657704203946,0.6884228577828976,0.7592428798701399,1.0599778194567,384,0.6798082746430569,0.6968084527240542,0,True,6,0.14087614801246673,,,,,id
damped_persistence,heave,100,10.0,441984,0.7274213789806431,0.4703724615143037,0.8330535871021622,0.23752388421588044,0.7593228844826043,0.9579869036560137,384,0.1584371821145957,0.30128739189983156,0,True,6,0.14087614801246673,,,,,id
damped_persistence,heave,150,15.0,441984,0.8216449312929597,0.5152893859751727,1.106950994995508,0.4490507820581209,0.7589789870887942,1.0825661121983527,384,0.41127113277300176,0.4849994748981154,0,True,6,0.14087614801246673,,,,,id
damped_persistence,roll_rate,10,1.0,441984,1.344668376967381,0.7247532453258043,1.067152512176711,-0.5877327422777958,1.9689364482018927,0.6829414825427114,384,-0.6136409226614404,-0.5592152084373617,0,True,6,0.14087614801246673,,,,,id
damped_persistence,roll_rate,20,2.0,441984,1.9701201082368822,1.0606476065379362,2.047558406358368,0.07420930850217655,1.9690140692926346,1.0005617222149383,384,0.06019636845278073,0.08948607842385692,0,True,6,0.14087614801246673,,,,,id
damped_persistence,roll_rate,30,3.0,441984,2.1629055441455374,1.1618570892606825,2.8646272877409147,0.4299159917493134,1.9690705168546092,1.098439860650882,384,0.42264763655665116,0.4376390329660237,0,True,6,0.14087614801246673,,,,,id
damped_persistence,roll_rate,50,5.0,441984,1.9569514899246176,1.050500611975273,3.7964230491902806,0.7342881534207928,1.9696305994416974,0.9935626967205557,384,0.7322684215918759,0.736140270579408,0,True,6,0.14087614801246673,,,,,id
damped_persistence,roll_rate,100,10.0,441984,1.9564100438098593,1.0529401440783281,1.9586932675176199,0.0023300156111788484,1.9713538426324322,0.9924195248466314,384,-0.03878697497462452,0.04081599112598678,0,True,6,0.14087614801246673,,,,,id
damped_persistence,roll_rate,150,15.0,441984,2.1757894951814554,1.1419351092575027,2.8973020365613404,0.43604271916573767,1.9735510474462146,1.1024743940608672,384,0.41427826458931427,0.45608896772070795,0,True,6,0.14087614801246673,,,,,id
damped_persistence,pitch_rate,10,1.0,441984,0.8060023691164395,0.5086328521273484,0.7532807082973466,-0.14487730478801297,0.9239888688455106,0.8723074447027801,384,-0.17319138185626337,-0.11917066076200697,0,True,6,0.14087614801246673,,,,,id
damped_persistence,pitch_rate,20,2.0,441984,1.031840692612583,0.651970272071983,1.3419571056400967,0.40878147485296157,0.923970107339699,1.116746834573973,384,0.39506319401968265,0.42124403391798215,0,True,6,0.14087614801246673,,,,,id
damped_persistence,pitch_rate,30,3.0,441984,1.0290082631029718,0.6505146025870259,1.664455273751304,0.6177975511272602,0.9238185246193283,1.1138640714386934,384,0.6107986194797468,0.6243077811701337,0,True,6,0.14087614801246673,,,,,id
damped_persistence,pitch_rate,50,5.0,441984,0.8972623200539797,0.5675205516417666,1.549581026050816,0.6647179675800698,0.9236574909668279,0.9714232048448831,384,0.656954124177531,0.671954986303713,0,True,6,0.14087614801246673,,,,,id
damped_persistence,pitch_rate,100,10.0,441984,0.9538198962303109,0.6002330329495356,1.2730734843521008,0.4386602339696717,0.923592844476832,1.0327276807461636,384,0.41659809018189453,0.46099278013605627,0,True,6,0.14087614801246673,,,,,id
damped_persistence,pitch_rate,150,15.0,441984,0.9384921058307679,0.5946479771322968,1.3086174999358147,0.48567717254583187,0.9235658452936027,1.0161615553598349,384,0.47116512427082274,0.49997072794866315,0,True,6,0.14087614801246673,,,,,id
damped_persistence,heave_rate,10,1.0,441984,0.3356320199572656,0.22528270045800383,0.2852552458521747,-0.3843933155476482,0.4495774018198838,0.7465500236413826,384,-0.4273887181533846,-0.34233453521188845,0,True,6,0.14087614801246673,,,,,id
damped_persistence,heave_rate,20,2.0,441984,0.47370812639207766,0.3175445613623637,0.5352136906829078,0.21662944773927428,0.4495800662022177,1.0536679937651137,384,0.19391736026831982,0.23908664985898698,0,True,6,0.14087614801246673,,,,,id
damped_persistence,heave_rate,30,3.0,441984,0.5083480748463821,0.3396307096806425,0.7215930065668222,0.5037074735185064,0.4495552834133054,1.130779892045056,384,0.49084546826074527,0.5162577757293798,0,True,6,0.14087614801246673,,,,,id
damped_persistence,heave_rate,50,5.0,441984,0.461346710137012,0.30603171947808305,0.8524435901074202,0.707097177239556,0.44953242177486064,1.0262812820385807,384,0.7026063430357192,0.7114944167997238,0,True,6,0.14087614801246673,,,,,id
damped_persistence,heave_rate,100,10.0,441984,0.4461353770197047,0.29733373755852416,0.47857922016872095,0.13098824728902214,0.4494169755457696,0.992698098414997,384,0.07371600477459303,0.18556971619862786,0,True,6,0.14087614801246673,,,,,id
damped_persistence,heave_rate,150,15.0,441984,0.47159001569915504,0.310825520444868,0.6816023493244259,0.521296011147084,0.4492651780163546,1.0496918941756659,384,0.4973099940411613,0.5427554670803107,0,True,6,0.14087614801246673,,,,,id
ar20,roll,10,1.0,441984,0.006651937047320154,0.004511711324624374,1.9441887058497527,0.9999882937059441,3.6812260110585493,0.001806989581008466,384,0.9999852797452021,0.9999904913904358,0,True,108900,0.06753703999856953,,,,,id
ar20,roll,20,2.0,441984,0.05244617390057111,0.03611315196352023,3.7433237763378164,0.999803703373593,3.68200459667907,0.01424391863819892,384,0.9997549330059441,0.9998393387509293,0,True,108900,0.06753703999856953,,,,,id
ar20,roll,30,3.0,441984,0.17414970941050884,0.12200085215999348,5.265474435851124,0.9989061179620565,3.682905472408515,0.04728595689332746,384,0.9986541808382486,0.9990933239193096,0,True,108900,0.06753703999856953,,,,,id
ar20,roll,50,5.0,441984,0.5647373742743149,0.3961203167101946,7.084126957314898,0.9936449292618695,3.6839516687677145,0.15329662955736337,384,0.992270006574132,0.9946060630850377,0,True,108900,0.06753703999856953,,,,,id
ar20,roll,100,10.0,441984,1.026952694504843,0.7241005849029464,3.791928940503627,0.9266533138256625,3.687975218896941,0.27845976004470024,384,0.9153667605364818,0.9347374485909055,0,True,108900,0.06753703999856953,,,,,id
ar20,roll,150,15.0,441984,1.6448135234459016,1.09527875706088,5.250895133025821,0.9018779425233654,3.691026864737781,0.4456249124490599,384,0.8908868906868799,0.9108366837455588,0,True,108900,0.06753703999856953,,,,,id
ar20,pitch,10,1.0,441984,0.0086033282484045,0.0055886920069708,0.8966907219950414,0.9999079449466677,1.2414942738632275,0.006929817099867114,384,0.999894597491084,0.999919492401543,0,True,108900,0.06753703999856953,,,,,id
ar20,pitch,20,2.0,441984,0.08397898264881754,0.05651382840475385,1.6403012048843704,0.9973788371111859,1.2415327853866043,0.06764137333889825,384,0.9970704677160545,0.9976513149916929,0,True,108900,0.06753703999856953,,,,,id
ar20,pitch,30,3.0,441984,0.27275102519499245,0.18935407068677285,2.122998045479648,0.9834943134035458,1.2416332907389511,0.2196711599385888,384,0.981807373598916,0.9849969844755523,0,True,108900,0.06753703999856953,,,,,id
ar20,pitch,50,5.0,441984,0.6068038089809064,0.4209922872653161,2.2344126987335295,0.9262486771202788,1.2414203979989746,0.48879800103091875,384,0.9180027466385209,0.9332204741663968,0,True,108900,0.06753703999856953,,,,,id
ar20,pitch,100,10.0,441984,1.0389138900322052,0.6873893814935347,1.559113656168873,0.5559789551873437,1.2413004417338516,0.8369560302266933,384,0.5433638605410818,0.5679582239549883,0,True,108900,0.06753703999856953,,,,,id
ar20,pitch,150,15.0,441984,1.2230976336149202,0.7950033096074519,1.7864119156340135,0.5312308334527958,1.2412541101955465,0.9853724741521573,384,0.5097711381924876,0.5488439380292238,0,True,108900,0.06753703999856953,,,,,id
ar20,heave,10,1.0,441984,0.0016061319304237994,0.0010985023878083812,0.44176164489730846,0.9999867813708245,0.7588420523524625,0.0021165563050237926,384,0.9999848966416847,0.9999884173810053,0,True,108900,0.06753703999856953,,,,,id
ar20,heave,20,2.0,441984,0.014727442571394743,0.01008847582836966,0.8382274709219251,0.9996913040750851,0.7589901623461219,0.019403996655069415,384,0.9996474374725604,0.9997290143250678,0,True,108900,0.06753703999856953,,,,,id
ar20,heave,30,3.0,441984,0.05670760906354425,0.03858492830448605,1.1512678447482159,0.9975737814228959,0.7591491660051453,0.07469890187979197,384,0.9972272101029449,0.9978742385074248,0,True,108900,0.06753703999856953,,,,,id
ar20,heave,50,5.0,441984,0.24439729160945278,0.16082304215976828,1.4417657704203946,0.9712655190569083,0.7592428798701399,0.3218960599949969,384,0.9670907646065353,0.9748139879226412,0,True,108900,0.06753703999856953,,,,,id
ar20,heave,100,10.0,441984,0.4538767247251004,0.30851421186949934,0.8330535871021622,0.7031548573121847,0.7593228844826043,0.5977387669994535,384,0.6700239161431135,0.7296704866054382,0,True,108900,0.06753703999856953,,,,,id
ar20,heave,150,15.0,441984,0.6332544577571538,0.43054023624708476,1.106950994995508,0.6727348793843421,0.7589789870887942,0.8343504478116314,384,0.6466584317285161,0.6947828848638874,0,True,108900,0.06753703999856953,,,,,id
ar20,roll_rate,10,1.0,441984,0.018878933849296228,0.012822995824215382,1.067152512176711,0.9996870305495611,1.9689364482018927,0.009588391675382507,384,0.9996078934070087,0.9997454476004958,0,True,108900,0.06753703999856953,,,,,id
ar20,roll_rate,20,2.0,441984,0.08090227445935719,0.05624730751945185,2.047558406358368,0.9984388347880251,1.9690140692926346,0.04108770766093165,384,0.9980825394307696,0.9987063789425378,0,True,108900,0.06753703999856953,,,,,id
ar20,roll_rate,30,3.0,441984,0.16781271539238948,0.11859156629336882,2.8646272877409147,0.9965682670831992,1.9690705168546092,0.08522432993433536,384,0.9958584712773683,0.9970910019586534,0,True,108900,0.06753703999856953,,,,,id
ar20,roll_rate,50,5.0,441984,0.2619001434622469,0.18268123763744468,3.7964230491902806,0.9952409280610425,1.9696305994416974,0.13296916870426562,384,0.9943437536606132,0.9959255255594688,0,True,108900,0.06753703999856953,,,,,id
ar20,roll_rate,100,10.0,441984,0.6787031770828149,0.4749281963605656,1.9586932675176199,0.8799321032085476,1.9713538426324322,0.3442827778581413,384,0.8617919557624376,0.8932260807794749,0,True,108900,0.06753703999856953,,,,,id
ar20,roll_rate,150,15.0,441984,1.0162156128335695,0.6988293242228253,2.8973020365613404,0.8769776035830751,1.9735510474462146,0.5149173182768988,384,0.8629998598683313,0.8877144500051445,0,True,108900,0.06753703999856953,,,,,id
ar20,pitch_rate,10,1.0,441984,0.027863691199538593,0.018256241747557418,0.7532807082973466,0.998631755829718,0.9239888688455106,0.030155873235089108,384,0.9984865557703564,0.9987634725752812,0,True,108900,0.06753703999856953,,,,,id
ar20,pitch_rate,20,2.0,441984,0.13673005501913654,0.09347424830004461,1.3419571056400967,0.9896187246903907,0.923970107339699,0.14798103740911125,384,0.9887107607115435,0.9904432091297604,0,True,108900,0.06753703999856953,,,,,id
ar20,pitch_rate,30,3.0,441984,0.24800601800405955,0.17334055814089463,1.664455273751304,0.9777986092998258,0.9238185246193283,0.2684575069613956,384,0.9757615743483787,0.9796358010655325,0,True,108900,0.06753703999856953,,,,,id
ar20,pitch_rate,50,5.0,441984,0.43787978216900225,0.2760860598199026,1.549581026050816,0.9201488441901908,0.9236574909668279,0.47407159737388865,384,0.9097381543519983,0.9290253266457229,0,True,108900,0.06753703999856953,,,,,id
ar20,pitch_rate,100,10.0,441984,0.8285205360124752,0.5475116904516907,1.2730734843521008,0.5764549509619696,0.923592844476832,0.8970625324428424,384,0.5616508292823329,0.5910297591179822,0,True,108900,0.06753703999856953,,,,,id
ar20,pitch_rate,150,15.0,441984,0.9113217426971421,0.5816425732401177,1.3086174999358147,0.5150264910806717,0.9235658452936027,0.9867425775229179,384,0.5000382419396306,0.5289619830050085,0,True,108900,0.06753703999856953,,,,,id
ar20,heave_rate,10,1.0,441984,0.0048035403320003745,0.0032924758821409527,0.2852552458521747,0.9997164330556674,0.4495774018198838,0.010684568024450744,384,0.9996811072733849,0.9997484767822051,0,True,108900,0.06753703999856953,,,,,id
ar20,heave_rate,20,2.0,441984,0.024817593046641172,0.016958878927724488,0.5352136906829078,0.997849869154993,0.4495800662022177,0.05520172025482644,384,0.9975779187659081,0.9981048899477929,0,True,108900,0.06753703999856953,,,,,id
ar20,heave_rate,30,3.0,441984,0.06275649732493167,0.042116897421298635,0.7215930065668222,0.9924363267178842,0.4495552834133054,0.13959684078995807,384,0.9914512032516487,0.9933533383243659,0,True,108900,0.06753703999856953,,,,,id
ar20,heave_rate,50,5.0,441984,0.12995966524824915,0.0837492741849544,0.8524435901074202,0.9767573378689438,0.44953242177486064,0.2890996487753599,384,0.9736039881458036,0.9794911199706319,0,True,108900,0.06753703999856953,,,,,id
ar20,heave_rate,100,10.0,441984,0.3149159599901026,0.21120019360036854,0.47857922016872095,0.5670062105120062,0.4494169755457696,0.7007211056228357,384,0.5476271753236298,0.5873887883951436,0,True,108900,0.06753703999856953,,,,,id
ar20,heave_rate,150,15.0,441984,0.41467236429207954,0.28012693736512295,0.6816023493244259,0.6298753340131884,0.4492651780163546,0.9230013466055547,384,0.6050790650878618,0.6526177536080278,0,True,108900,0.06753703999856953,,,,,id
dlinear_ols,roll,10,1.0,441984,0.012868882966126625,0.006846165557741703,1.9441887058497527,0.999956186810422,3.6812260110585493,0.0034958144182041496,384,0.9999521218154586,0.9999599960447699,0,True,30300,0.027828261998365633,,,,,id
dlinear_ols,roll,20,2.0,441984,0.13307951002637017,0.07052880264172491,3.7433237763378164,0.9987361148797786,3.68200459667907,0.03614322213133554,384,0.9986162443478169,0.9988483790046107,0,True,30300,0.027828261998365633,,,,,id
dlinear_ols,roll,30,3.0,441984,0.5043983916582023,0.26571756659571977,5.265474435851124,0.9908235993072927,3.682905472408515,0.13695664888415945,384,0.9899293483759082,0.9916625144106248,0,True,30300,0.027828261998365633,,,,,id
dlinear_ols,roll,50,5.0,441984,1.3835288526792242,0.7137259348957737,7.084126957314898,0.961857972971482,3.6839516687677145,0.37555564705386485,384,0.9576715211720822,0.9657167918143524,0,True,30300,0.027828261998365633,,,,,id
dlinear_ols,roll,100,10.0,441984,2.1234628663406188,1.138026888202544,3.791928940503627,0.686405121694892,3.687975218896941,0.5757801341668826,384,0.6690025198517465,0.7011471783442148,0,True,30300,0.027828261998365633,,,,,id
dlinear_ols,roll,150,15.0,441984,2.7243861647823677,1.473579400422501,5.250895133025821,0.7308027355334261,3.691026864737781,0.7381106300823185,384,0.7184088972039504,0.7418774879894102,0,True,30300,0.027828261998365633,,,,,id
dlinear_ols,pitch,10,1.0,441984,0.010281419219372156,0.005994852634109568,0.8966907219950414,0.999868531779983,1.2414942738632275,0.008281487426743327,384,0.9998514346994541,0.9998841303530006,0,True,30300,0.027828261998365633,,,,,id
dlinear_ols,pitch,20,2.0,441984,0.09893511625637993,0.058832505944815934,1.6403012048843704,0.9963620751028549,1.2415327853866043,0.0796878805142244,384,0.9959380762665039,0.9967453801133999,0,True,30300,0.027828261998365633,,,,,id
dlinear_ols,pitch,30,3.0,441984,0.34223774224207965,0.20758107773782963,2.122998045479648,0.9740129719210537,1.2416332907389511,0.2756351209288201,384,0.9714020075885522,0.9763874959093714,0,True,30300,0.027828261998365633,,,,,id
dlinear_ols,pitch,50,5.0,441984,0.7460568240318161,0.46160023222217783,2.2344126987335295,0.8885148474512532,1.2414203979989746,0.6009703282098255,384,0.8774498767971657,0.8978940187583965,0,True,30300,0.027828261998365633,,,,,id
dlinear_ols,pitch,100,10.0,441984,1.122685490955564,0.7077356354963195,1.559113656168873,0.48148578249751706,1.2413004417338516,0.904442996400931,384,0.46775527721734084,0.4959969810089731,0,True,30300,0.027828261998365633,,,,,id
dlinear_ols,pitch,150,15.0,441984,1.2826733147932783,0.8039001917139015,1.7864119156340135,0.48445223854763253,1.2412541101955465,1.0333688358068813,384,0.46241262437125363,0.506146430684724,0,True,30300,0.027828261998365633,,,,,id
dlinear_ols,heave,10,1.0,441984,0.00437498515781922,0.002674113539017027,0.44176164489730846,0.9999019207456975,0.7588420523524625,0.005765343584025774,384,0.9998882298415064,0.9999153416986347,0,True,30300,0.027828261998365633,,,,,id
dlinear_ols,heave,20,2.0,441984,0.04541235893741084,0.027565841067220084,0.8382274709219251,0.9970648902554718,0.7589901623461219,0.05983260546755475,384,0.9966448511289845,0.9974746182518974,0,True,30300,0.027828261998365633,,,,,id
dlinear_ols,heave,30,3.0,441984,0.17293430262635012,0.1038367318556171,1.1512678447482159,0.9774363401476224,0.7591491660051453,0.22780016151025848,384,0.9740908365530443,0.980636717571799,0,True,30300,0.027828261998365633,,,,,id
dlinear_ols,heave,50,5.0,441984,0.48479069805357633,0.2784330864354584,1.4417657704203946,0.8869373565286223,0.7592428798701399,0.6385185964950957,384,0.8682135113533707,0.9051486544525927,0,True,30300,0.027828261998365633,,,,,id
dlinear_ols,heave,100,10.0,441984,0.6570667307113796,0.4107918863180149,0.8330535871021622,0.3778815538146959,0.7593228844826043,0.8653324483419182,384,0.34652134577210136,0.4105200651305205,0,True,30300,0.027828261998365633,,,,,id
dlinear_ols,heave,150,15.0,441984,0.7581273486089792,0.4898741285212484,1.106950994995508,0.5309409309389825,0.7589789870887942,0.9988779156020096,384,0.49620219808478366,0.563234298676751,0,True,30300,0.027828261998365633,,,,,id
dlinear_ols,roll_rate,10,1.0,441984,0.006854334072957534,0.004022456715677078,1.067152512176711,0.9999587449086452,1.9689364482018927,0.003481236826722961,384,0.9999559957193324,0.999961298504692,0,True,30300,0.027828261998365633,,,,,id
dlinear_ols,roll_rate,20,2.0,441984,0.07047284600548565,0.04107218791918543,2.047558406358368,0.9988154019223021,1.9690140692926346,0.035790930651299464,384,0.9987359199232031,0.9988894783557178,0,True,30300,0.027828261998365633,,,,,id
dlinear_ols,roll_rate,30,3.0,441984,0.26496133710407743,0.1529250192634147,2.8646272877409147,0.9914448276271036,1.9690705168546092,0.1345616293759384,384,0.9908504599304037,0.9919858785920405,0,True,30300,0.027828261998365633,,,,,id
dlinear_ols,roll_rate,50,5.0,441984,0.7103839061014136,0.39744386818018596,3.7964230491902806,0.9649863791371465,1.9696305994416974,0.36066859760544734,384,0.9622285221649622,0.9674177142356325,0,True,30300,0.027828261998365633,,,,,id
dlinear_ols,roll_rate,100,10.0,441984,1.1401856462872526,0.6489046686111525,1.9586932675176199,0.6611415829863632,1.9713538426324322,0.5783769618774854,384,0.6421120230271257,0.6779078472452713,0,True,30300,0.027828261998365633,,,,,id
dlinear_ols,roll_rate,150,15.0,441984,1.4881580204394538,0.8424530041507177,2.8973020365613404,0.7361782752233959,1.9735510474462146,0.754050938973754,384,0.7267825840376855,0.7444996434867382,0,True,30300,0.027828261998365633,,,,,id
dlinear_ols,pitch_rate,10,1.0,441984,0.015432946033099313,0.007102658755002205,0.7532807082973466,0.999580256495036,0.9239888688455106,0.01670252375700391,384,0.9994864383997504,0.999669928699928,0,True,30300,0.027828261998365633,,,,,id
dlinear_ols,pitch_rate,20,2.0,441984,0.1357552938563132,0.06592599073971502,1.3419571056400967,0.9897662152096945,0.923970107339699,0.14692606695597626,384,0.9876007166557101,0.9917581350554543,0,True,30300,0.027828261998365633,,,,,id
dlinear_ols,pitch_rate,30,3.0,441984,0.4196650489702597,0.21716049743621485,1.664455273751304,0.936428663274719,0.9238185246193283,0.45427217336130843,384,0.9241643885085423,0.9474784223741524,0,True,30300,0.027828261998365633,,,,,id
dlinear_ols,pitch_rate,50,5.0,441984,0.6768817016258196,0.4021482247813276,1.549581026050816,0.8091918294172193,0.9236574909668279,0.7328275992406031,384,0.7838422614047326,0.8305094670448122,0,True,30300,0.027828261998365633,,,,,id
dlinear_ols,pitch_rate,100,10.0,441984,0.9036195097826141,0.5644489323027914,1.2730734843521008,0.49619293583085444,0.923592844476832,0.9783743076685141,384,0.4859396077805375,0.5065039528503841,0,True,30300,0.027828261998365633,,,,,id
dlinear_ols,pitch_rate,150,15.0,441984,0.9735707708904645,0.6111495853584532,1.3086174999358147,0.44651022018371944,0.9235658452936027,1.0541433248659873,384,0.42999575299183446,0.4622447734384024,0,True,30300,0.027828261998365633,,,,,id
dlinear_ols,heave_rate,10,1.0,441984,0.0024839013374580807,0.001667478246834286,0.2852552458521747,0.9999241769233044,0.4495774018198838,0.005524969287609383,384,0.9999188139436921,0.99992930847612,0,True,30300,0.027828261998365633,,,,,id
dlinear_ols,heave_rate,20,2.0,441984,0.025366426004122956,0.016993966090018044,0.5352136906829078,0.997753718733113,0.4495800662022177,0.05642248825310091,384,0.9975917517238294,0.9979133850117416,0,True,30300,0.027828261998365633,,,,,id
dlinear_ols,heave_rate,30,3.0,441984,0.0944203697926624,0.06296488672164945,0.7215930065668222,0.9828783047425147,0.4495552834133054,0.21003060864008488,384,0.9815502699863666,0.984195239055468,0,True,30300,0.027828261998365633,,,,,id
dlinear_ols,heave_rate,50,5.0,441984,0.2463133817172922,0.16001969049391668,0.8524435901074202,0.9165080287778553,0.44953242177486064,0.5479324066210587,384,0.9082420701448038,0.9247640831456195,0,True,30300,0.027828261998365633,,,,,id
dlinear_ols,heave_rate,100,10.0,441984,0.3720342349966705,0.25080147352460325,0.47857922016872095,0.39569228808435664,0.4494169755457696,0.8278152700949359,384,0.3724362360426661,0.4212839353116792,0,True,30300,0.027828261998365633,,,,,id
dlinear_ols,heave_rate,150,15.0,441984,0.45321897611726586,0.3047487371700197,0.6816023493244259,0.5578658982194853,0.4492651780163546,1.0088005888156488,384,0.5380696053937933,0.5759597779989696,0,True,30300,0.027828261998365633,,,,,id
tcn,roll,10,1.0,441984,0.08402335270323841,0.057476284221712665,1.9441887058497527,0.9981322309192953,3.6812260110585493,0.022824828589939578,384,0.9977500539795768,0.9983996515650458,0,False,196804,2615.6994561679894,59.0,60.0,0.14321357853820696,mse,id
tcn,roll,20,2.0,441984,0.11477288185504593,0.07925950024893418,3.7433237763378164,0.9990599222201182,3.68200459667907,0.03117130325110502,384,0.9988535258678732,0.9992076944192391,0,False,196804,2615.6994561679894,59.0,60.0,0.14321357853820696,mse,id
tcn,roll,30,3.0,441984,0.17169772174326944,0.11836738798860948,5.265474435851124,0.998936704323654,3.682905472408515,0.04662018154676776,384,0.9987159723864246,0.9990947298776011,0,False,196804,2615.6994561679894,59.0,60.0,0.14321357853820696,mse,id
tcn,roll,50,5.0,441984,0.232323234631686,0.15246585502770021,7.084126957314898,0.9989244945388116,3.6839516687677145,0.06306359461805816,384,0.9987305343247616,0.9990668085894501,0,False,196804,2615.6994561679894,59.0,60.0,0.14321357853820696,mse,id
tcn,roll,100,10.0,441984,0.5551740627897022,0.32904666510320146,3.791928940503627,0.9785642859106857,3.687975218896941,0.1505362779947726,384,0.9757566353862585,0.980958733447648,0,False,196804,2615.6994561679894,59.0,60.0,0.14321357853820696,mse,id
tcn,roll,150,15.0,441984,1.0774144094001425,0.6230621606939002,5.250895133025821,0.9578983739859673,3.691026864737781,0.2919009936484666,384,0.9547627321244806,0.9610282471534521,0,False,196804,2615.6994561679894,59.0,60.0,0.14321357853820696,mse,id
tcn,pitch,10,1.0,441984,0.039409556294891734,0.027518892264968578,0.8966907219950414,0.9980683975918309,1.2414942738632275,0.03174364725199964,384,0.9978926699641245,0.9982324789165082,0,False,196804,2615.6994561679894,59.0,60.0,0.14321357853820696,mse,id
tcn,pitch,20,2.0,441984,0.07626452412176943,0.04826281578147426,1.6403012048843704,0.9978382875612627,1.2415327853866043,0.06142771662531748,384,0.9976063997332714,0.9980624971154489,0,False,196804,2615.6994561679894,59.0,60.0,0.14321357853820696,mse,id
tcn,pitch,30,3.0,441984,0.1268584717302904,0.07582130896205559,2.122998045479648,0.9964294118314204,1.2416332907389511,0.10217064303647279,384,0.9960226480878712,0.996840601754126,0,False,196804,2615.6994561679894,59.0,60.0,0.14321357853820696,mse,id
tcn,pitch,50,5.0,441984,0.25188422173143954,0.1375473381118652,2.2344126987335295,0.9872920602929395,1.2414203979989746,0.20290001850899794,384,0.9847422144880814,0.9894706744900983,0,False,196804,2615.6994561679894,59.0,60.0,0.14321357853820696,mse,id
tcn,pitch,100,10.0,441984,0.6858983078896027,0.38880695198411447,1.559113656168873,0.8064630414098914,1.2413004417338516,0.5525642985605791,384,0.7850753987716317,0.8269718511690578,0,False,196804,2615.6994561679894,59.0,60.0,0.14321357853820696,mse,id
tcn,pitch,150,15.0,441984,0.9858683189620217,0.5886594687430677,1.7864119156340135,0.6954387770721722,1.2412541101955465,0.7942518061887492,384,0.680501338138603,0.7091142660752388,0,False,196804,2615.6994561679894,59.0,60.0,0.14321357853820696,mse,id
tcn,heave,10,1.0,441984,0.022105968411101764,0.015433277303460662,0.44176164489730846,0.9974959495333642,0.7588420523524625,0.02913118526124342,384,0.9972820736507434,0.997698005978414,0,False,196804,2615.6994561679894,59.0,60.0,0.14321357853820696,mse,id
tcn,heave,20,2.0,441984,0.028128791107628053,0.019458655441844712,0.8382274709219251,0.9988738963754221,0.7589901623461219,0.037060811197708904,384,0.9987969995666076,0.9989442489120206,0,False,196804,2615.6994561679894,59.0,60.0,0.14321357853820696,mse,id
tcn,heave,30,3.0,441984,0.04541010622978568,0.030506707778752844,1.1512678447482159,0.9984442053059622,0.7591491660051453,0.059817106127832996,384,0.9983645965124138,0.9985169527494128,0,False,196804,2615.6994561679894,59.0,60.0,0.14321357853820696,mse,id
tcn,heave,50,5.0,441984,0.1278910112480934,0.07636697681465011,1.4417657704203946,0.9921315240504545,0.7592428798701399,0.16844545354178064,384,0.9913599988402518,0.9928906685104946,0,False,196804,2615.6994561679894,59.0,60.0,0.14321357853820696,mse,id
tcn,heave,100,10.0,441984,0.2913946307287719,0.17738033016825733,0.8330535871021622,0.8776462702234777,0.7593228844826043,0.38375589183951114,384,0.8564159376592715,0.895515550621352,0,False,196804,2615.6994561679894,59.0,60.0,0.14321357853820696,mse,id
tcn,heave,150,15.0,441984,0.4874180035225451,0.3048722003010851,1.106950994995508,0.8061140481962925,0.7589789870887942,0.6422022372346934,384,0.798596923093361,0.8134181924943531,0,False,196804,2615.6994561679894,59.0,60.0,0.14321357853820696,mse,id
tcn,roll_rate,10,1.0,441984,0.0769594061850288,0.05544270329700552,1.067152512176711,0.994799196636247,1.9689364482018927,0.03908679036101498,384,0.9937267298745237,0.9955412554716617,0,False,196804,2615.6994561679894,59.0,60.0,0.14321357853820696,mse,id
tcn,roll_rate,20,2.0,441984,0.09999587935629137,0.07072290743345526,2.047558406358368,0.9976149822793432,1.9690140692926346,0.05078474598823702,384,0.9971458939035869,0.9979552010923473,0,False,196804,2615.6994561679894,59.0,60.0,0.14321357853820696,mse,id
tcn,roll_rate,30,3.0,441984,0.11452554929076408,0.07991481816435674,2.8646272877409147,0.9984016623942408,1.9690705168546092,0.058162238635164294,384,0.9981291521651985,0.99859795985991,0,False,196804,2615.6994561679894,59.0,60.0,0.14321357853820696,mse,id
tcn,roll_rate,50,5.0,441984,0.14722531775550662,0.10114851406207669,3.7964230491902806,0.9984961109481292,1.9696305994416974,0.07474767999503991,384,0.9981971687383109,0.9987104270712378,0,False,196804,2615.6994561679894,59.0,60.0,0.14321357853820696,mse,id
tcn,roll_rate,100,10.0,441984,0.38591274523900077,0.24037874890185593,1.9586932675176199,0.9611809071123358,1.9713538426324322,0.19576026225899412,384,0.9553323651424985,0.9661746052920334,0,False,196804,2615.6994561679894,59.0,60.0,0.14321357853820696,mse,id
tcn,roll_rate,150,15.0,441984,0.6590424143965796,0.40191755879632735,2.8973020365613404,0.9482584793833619,1.9735510474462146,0.3339373538117415,384,0.9437524559992143,0.9525280517770048,0,False,196804,2615.6994561679894,59.0,60.0,0.14321357853820696,mse,id
tcn,pitch_rate,10,1.0,441984,0.04322945274783794,0.02876453819167696,0.7532807082973466,0.9967065901119415,0.9239888688455106,0.04678568563477558,384,0.9964622850656315,0.9969584487818073,0,False,196804,2615.6994561679894,59.0,60.0,0.14321357853820696,mse,id
tcn,pitch_rate,20,2.0,441984,0.0804157226160208,0.04826793764970093,1.3419571056400967,0.9964090887694941,0.923970107339699,0.08703281846157804,384,0.9960330747514435,0.9968037855740987,0,False,196804,2615.6994561679894,59.0,60.0,0.14321357853820696,mse,id
tcn,pitch_rate,30,3.0,441984,0.10577754566973414,0.06301263636850826,1.664455273751304,0.9959612895989917,0.9238185246193283,0.11450035136859935,384,0.9954503403471474,0.9964247428433455,0,False,196804,2615.6994561679894,59.0,60.0,0.14321357853820696,mse,id
tcn,pitch_rate,50,5.0,441984,0.26470635936829795,0.1385084169155089,1.549581026050816,0.9708190000366798,0.9236574909668279,0.2865849754449776,384,0.9661414350350996,0.9756244466750519,0,False,196804,2615.6994561679894,59.0,60.0,0.14321357853820696,mse,id
tcn,pitch_rate,100,10.0,441984,0.6102506826041135,0.34465691679265026,1.2730734843521008,0.7702213876883599,0.923592844476832,0.6607356112094928,384,0.7562121028944696,0.7844720583534058,0,False,196804,2615.6994561679894,59.0,60.0,0.14321357853820696,mse,id
tcn,pitch_rate,150,15.0,441984,0.7981981422260201,0.47684545213872076,1.3086174999358147,0.627954566990278,0.9235658452936027,0.8642568868192305,384,0.6138793729265165,0.642997215852525,0,False,196804,2615.6994561679894,59.0,60.0,0.14321357853820696,mse,id
tcn,heave_rate,10,1.0,441984,0.017963965324643782,0.012744500821016032,0.2852552458521747,0.9960341422145881,0.4495774018198838,0.03995744726475546,384,0.9958169501506,0.9962524713912685,0,False,196804,2615.6994561679894,59.0,60.0,0.14321357853820696,mse,id
tcn,heave_rate,20,2.0,441984,0.023866578867927944,0.01642757385163946,0.5352136906829078,0.9980114985513918,0.4495800662022177,0.0530863814081849,384,0.9979338481867701,0.9980866400304226,0,False,196804,2615.6994561679894,59.0,60.0,0.14321357853820696,mse,id
tcn,heave_rate,30,3.0,441984,0.03658590317869857,0.023281523404847942,0.7215930065668222,0.9974293501187192,0.4495552834133054,0.08138243399324654,384,0.9972427505773878,0.9976126836600095,0,False,196804,2615.6994561679894,59.0,60.0,0.14321357853820696,mse,id
tcn,heave_rate,50,5.0,441984,0.07059517340081584,0.04293748393198312,0.8524435901074202,0.9931416646054378,0.44953242177486064,0.1570413389140862,384,0.9926808085062487,0.9936389255445247,0,False,196804,2615.6994561679894,59.0,60.0,0.14321357853820696,mse,id
tcn,heave_rate,100,10.0,441984,0.2058745300389541,0.1243948053392733,0.47857922016872095,0.8149463880700675,0.4494169755457696,0.4580924647738131,384,0.7980781971243286,0.8305386780016748,0,False,196804,2615.6994561679894,59.0,60.0,0.14321357853820696,mse,id
tcn,heave_rate,150,15.0,441984,0.3222256210379434,0.20321892783677495,0.6816023493244259,0.7765100587005577,0.4492651780163546,0.7172281245136105,384,0.7674413132290017,0.7850780458966946,0,False,196804,2615.6994561679894,59.0,60.0,0.14321357853820696,mse,id
tcn,roll,10,1.0,441984,0.1038735117788371,0.07260970735470536,1.9441887058497527,0.9971454819247098,3.6812260110585493,0.028217097093956454,384,0.9965963509124787,0.9975336686249546,1,False,196804,2609.5729481600138,57.0,60.0,0.14335608405352088,mse,id
tcn,roll,20,2.0,441984,0.11411645874165782,0.07905011145013532,3.7433237763378164,0.9990706446853609,3.68200459667907,0.03099302451837879,384,0.9988824063008023,0.999202322571135,1,False,196804,2609.5729481600138,57.0,60.0,0.14335608405352088,mse,id
tcn,roll,30,3.0,441984,0.1652291875700869,0.1147317341361791,5.265474435851124,0.9990153122894494,3.682905472408515,0.04486381440087077,384,0.9988280468606482,0.9991438491235985,1,False,196804,2609.5729481600138,57.0,60.0,0.14335608405352088,mse,id
tcn,roll,50,5.0,441984,0.22371425003128312,0.1507262533617269,7.084126957314898,0.9990027257044178,3.6839516687677145,0.06072670603360976,384,0.9988513805840765,0.9991151175720098,1,False,196804,2609.5729481600138,57.0,60.0,0.14335608405352088,mse,id
tcn,roll,100,10.0,441984,0.5475809780548319,0.3208133788095073,3.791928940503627,0.9791466263069745,3.687975218896941,0.14847740170515875,384,0.9763742334755298,0.9815092712074449,1,False,196804,2609.5729481600138,57.0,60.0,0.14335608405352088,mse,id
tcn,roll,150,15.0,441984,1.0710062176306598,0.6101544004382665,5.250895133025821,0.9583977045192388,3.691026864737781,0.29016483945498095,384,0.9553366945659094,0.9615830256237167,1,False,196804,2609.5729481600138,57.0,60.0,0.14335608405352088,mse,id
tcn,pitch,10,1.0,441984,0.0339283533549063,0.023527824704336894,0.8966907219950414,0.9985683389397298,1.2414942738632275,0.027328642643940304,384,0.9984792033079172,0.9986509865422785,1,False,196804,2609.5729481600138,57.0,60.0,0.14335608405352088,mse,id
tcn,pitch,20,2.0,441984,0.0740476824199211,0.046384921693729646,1.6403012048843704,0.9979621334873073,1.2415327853866043,0.0596421482311989,384,0.997730105260652,0.9981934856677344,1,False,196804,2609.5729481600138,57.0,60.0,0.14335608405352088,mse,id
tcn,pitch,30,3.0,441984,0.1262907170308084,0.07516945754543776,2.122998045479648,0.9964613006249807,1.2416332907389511,0.10171337863826702,384,0.9960582450227453,0.9968679177705335,1,False,196804,2609.5729481600138,57.0,60.0,0.14335608405352088,mse,id
tcn,pitch,50,5.0,441984,0.24896028751512744,0.13595506786048642,2.2344126987335295,0.9875853816817715,1.2414203979989746,0.2005447050140488,384,0.985105514013665,0.9897232800437274,1,False,196804,2609.5729481600138,57.0,60.0,0.14335608405352088,mse,id
tcn,pitch,100,10.0,441984,0.6850337405236658,0.3878675895573632,1.559113656168873,0.806950636379695,1.2413004417338516,0.5518677972649466,384,0.7856649011261565,0.8271942046610066,1,False,196804,2609.5729481600138,57.0,60.0,0.14335608405352088,mse,id
tcn,pitch,150,15.0,441984,0.9845040350557372,0.5910762284382709,1.7864119156340135,0.696281121772123,1.2412541101955465,0.7931526888564655,384,0.6813939624573934,0.70971390955623,1,False,196804,2609.5729481600138,57.0,60.0,0.14335608405352088,mse,id
tcn,heave,10,1.0,441984,0.01866449347716269,0.012913601451374547,0.44176164489730846,0.9982149252618607,0.7588420523524625,0.024596018920276592,384,0.9981015754527021,0.9983244436820533,1,False,196804,2609.5729481600138,57.0,60.0,0.14335608405352088,mse,id
tcn,heave,20,2.0,441984,0.025190050215026173,0.01737395155262628,0.8382274709219251,0.9990969032339857,0.7589901623461219,0.03318890212906181,384,0.999053292577202,0.9991380935190803,1,False,196804,2609.5729481600138,57.0,60.0,0.14335608405352088,mse,id
tcn,heave,30,3.0,441984,0.04334267090137147,0.029146173305957455,1.1512678447482159,0.9985826451606655,0.7591491660051453,0.057093747635201524,384,0.9985171982186009,0.9986394941729055,1,False,196804,2609.5729481600138,57.0,60.0,0.14335608405352088,mse,id
tcn,heave,50,5.0,441984,0.1283200143927043,0.07681225950968806,1.4417657704203946,0.9920786467993702,0.7592428798701399,0.16901049426324816,384,0.9913191771771365,0.9928399310174788,1,False,196804,2609.5729481600138,57.0,60.0,0.14335608405352088,mse,id
tcn,heave,100,10.0,441984,0.29262286031524554,0.17767731701873837,0.8330535871021622,0.8766126534904458,0.7593228844826043,0.385373424527612,384,0.8552584092420941,0.8944219909987287,1,False,196804,2609.5729481600138,57.0,60.0,0.14335608405352088,mse,id
tcn,heave,150,15.0,441984,0.4885927214231635,0.3057239454109979,1.106950994995508,0.8051783594919609,0.7589789870887942,0.6437499980035709,384,0.7977425674461673,0.8123451763480478,1,False,196804,2609.5729481600138,57.0,60.0,0.14335608405352088,mse,id
tcn,roll_rate,10,1.0,441984,0.0705791836649142,0.050759825024095165,1.067152512176711,0.9956257834478563,1.9689364482018927,0.03584634929653,384,0.9947023470491415,0.9962679636051796,1,False,196804,2609.5729481600138,57.0,60.0,0.14335608405352088,mse,id
tcn,roll_rate,20,2.0,441984,0.10062853540041548,0.07151514921557825,2.047558406358368,0.9975847076491638,1.9690140692926346,0.05110605199310035,384,0.9971033403083374,0.9979290923073806,1,False,196804,2609.5729481600138,57.0,60.0,0.14335608405352088,mse,id
tcn,roll_rate,30,3.0,441984,0.10878717993172878,0.07627707445373791,2.8646272877409147,0.9985578209303154,1.9690705168546092,0.055247985788495414,384,0.9983227779500612,0.9987315522682277,1,False,196804,2609.5729481600138,57.0,60.0,0.14335608405352088,mse,id
tcn,roll_rate,50,5.0,441984,0.15031308281427075,0.10281604214193833,3.7964230491902806,0.998432367130543,1.9696305994416974,0.07631536738760954,384,0.9981309692220606,0.9986473255206171,1,False,196804,2609.5729481600138,57.0,60.0,0.14335608405352088,mse,id
tcn,roll_rate,100,10.0,441984,0.389879076614183,0.23865488818416994,1.9586932675176199,0.9603788573187614,1.9713538426324322,0.19777224574435656,384,0.9542275125403481,0.9656216685270659,1,False,196804,2609.5729481600138,57.0,60.0,0.14335608405352088,mse,id
tcn,roll_rate,150,15.0,441984,0.6631761754145138,0.4030122895362296,2.8973020365613404,0.9476073593151761,1.9735510474462146,0.3360319340473444,384,0.9430352384538264,0.9518686557236042,1,False,196804,2609.5729481600138,57.0,60.0,0.14335608405352088,mse,id
tcn,pitch_rate,10,1.0,441984,0.04602704751562351,0.030390072292595518,0.7532807082973466,0.9962665310477342,0.9239888688455106,0.04981342207415613,384,0.9959754627337649,0.9965540525396371,1,False,196804,2609.5729481600138,57.0,60.0,0.14335608405352088,mse,id
tcn,pitch_rate,20,2.0,441984,0.07880476173621057,0.04684563008996112,1.3419571056400967,0.9965515204723137,0.923970107339699,0.08528929790067102,384,0.9961455033239842,0.9969757957198333,1,False,196804,2609.5729481600138,57.0,60.0,0.14335608405352088,mse,id
tcn,pitch_rate,30,3.0,441984,0.10436894217563018,0.061448565305441724,1.664455273751304,0.996068137658275,0.9238185246193283,0.11297558924642347,384,0.9955556662222922,0.9965509387733906,1,False,196804,2609.5729481600138,57.0,60.0,0.14335608405352088,mse,id
tcn,pitch_rate,50,5.0,441984,0.264704504473945,0.13865447052918417,1.549581026050816,0.9708194089991431,0.9236574909668279,0.28658296723915333,384,0.9661747042928451,0.9755822398182884,1,False,196804,2609.5729481600138,57.0,60.0,0.14335608405352088,mse,id
tcn,pitch_rate,100,10.0,441984,0.6086216707859852,0.34258808680459396,1.2730734843521008,0.7714464989047392,0.923592844476832,0.6589718342076786,384,0.7571348376292422,0.7856825125030594,1,False,196804,2609.5729481600138,57.0,60.0,0.14335608405352088,mse,id
tcn,pitch_rate,150,15.0,441984,0.7985250384659177,0.4780099630502743,1.3086174999358147,0.6276497675901505,0.9235658452936027,0.8646108369372035,384,0.6136340760901664,0.6426942495358302,1,False,196804,2609.5729481600138,57.0,60.0,0.14335608405352088,mse,id
tcn,heave_rate,10,1.0,441984,0.015767261769058342,0.011203446197913115,0.2852552458521747,0.9969447603888206,0.4495774018198838,0.03507129518795353,384,0.9967955088758274,0.9970840409103372,1,False,196804,2609.5729481600138,57.0,60.0,0.14335608405352088,mse,id
tcn,heave_rate,20,2.0,441984,0.02288182896742611,0.015780447002936456,0.5352136906829078,0.9981722068641737,0.4495800662022177,0.05089600426619902,384,0.9981025408967423,0.9982360527259261,1,False,196804,2609.5729481600138,57.0,60.0,0.14335608405352088,mse,id
tcn,heave_rate,30,3.0,441984,0.036191827893010536,0.023183736744307147,0.7215930065668222,0.9974844300106995,0.4495552834133054,0.08050584483896953,384,0.9973129538028924,0.9976542226698818,1,False,196804,2609.5729481600138,57.0,60.0,0.14335608405352088,mse,id
tcn,heave_rate,50,5.0,441984,0.07048475579648102,0.0426017803917014,0.8524435901074202,0.9931631020124901,0.44953242177486064,0.1567957112374464,384,0.9927062695432051,0.9936579108658368,1,False,196804,2609.5729481600138,57.0,60.0,0.14335608405352088,mse,id
tcn,heave_rate,100,10.0,441984,0.2062565044327079,0.12466005782593872,0.47857922016872095,0.8142590634604292,0.4494169755457696,0.458942397941758,384,0.7972019986526729,0.830018514868156,1,False,196804,2609.5729481600138,57.0,60.0,0.14335608405352088,mse,id
tcn,heave_rate,150,15.0,441984,0.3222341184545579,0.20291079229981354,0.6816023493244259,0.7764982712320461,0.4492651780163546,0.7172470385470818,384,0.7671937954600815,0.7853824147756151,1,False,196804,2609.5729481600138,57.0,60.0,0.14335608405352088,mse,id
tcn,roll,10,1.0,441984,0.09433009120197083,0.0664883012572379,1.9441887058497527,0.9976459066698032,3.6812260110585493,0.025624639975540618,384,0.9971701251249296,0.9979752168842165,2,False,196804,2610.8855425619986,59.0,60.0,0.14200116401819296,mse,id
tcn,roll,20,2.0,441984,0.1051644808431353,0.07375817682227513,3.7433237763378164,0.9992107340285846,3.68200459667907,0.028561746212372157,384,0.9990395019641642,0.9993265706749002,2,False,196804,2610.8855425619986,59.0,60.0,0.14200116401819296,mse,id
tcn,roll,30,3.0,441984,0.1575915851088938,0.1101207764202059,5.265474435851124,0.9991042413091625,3.682905472408515,0.042790016276424654,384,0.9989280559088215,0.9992255790972091,2,False,196804,2610.8855425619986,59.0,60.0,0.14200116401819296,mse,id
tcn,roll,50,5.0,441984,0.22068332815606626,0.14614603070114948,7.084126957314898,0.9990295651632108,3.6839516687677145,0.059903969432336515,384,0.9988714760913122,0.9991440945325669,2,False,196804,2610.8855425619986,59.0,60.0,0.14200116401819296,mse,id
tcn,roll,100,10.0,441984,0.5456133234352953,0.3211505132804907,3.791928940503627,0.9792962243279353,3.687975218896941,0.14794386921029426,384,0.9765381138003746,0.9816258427943525,2,False,196804,2610.8855425619986,59.0,60.0,0.14200116401819296,mse,id
tcn,roll,150,15.0,441984,1.0716584800379703,0.6194501260960157,5.250895133025821,0.9583470159686105,3.691026864737781,0.29034155515801247,384,0.955216123202613,0.9615002213622915,2,False,196804,2610.8855425619986,59.0,60.0,0.14200116401819296,mse,id
tcn,pitch,10,1.0,441984,0.031848206324134425,0.02161199128385989,0.8966907219950414,0.9987385077003024,1.2414942738632275,0.025653123815892093,384,0.9986569763589137,0.9988130879898939,2,False,196804,2610.8855425619986,59.0,60.0,0.14200116401819296,mse,id
tcn,pitch,20,2.0,441984,0.0708039831426189,0.04448397741876593,1.6403012048843704,0.9981367626893393,1.2415327853866043,0.05702949126757942,384,0.9979280235435761,0.99834293183536,2,False,196804,2610.8855425619986,59.0,60.0,0.14200116401819296,mse,id
tcn,pitch,30,3.0,441984,0.12190404775932064,0.07300798424651703,2.122998045479648,0.9967028624601854,1.2416332907389511,0.09818039566800768,384,0.9963288147012099,0.9970921016631041,2,False,196804,2610.8855425619986,59.0,60.0,0.14200116401819296,mse,id
tcn,pitch,50,5.0,441984,0.24647371324537645,0.13452266658853004,2.2344126987335295,0.9878321335569341,1.2414203979989746,0.1985416975930663,384,0.9854024862234751,0.9899135237662975,2,False,196804,2610.8855425619986,59.0,60.0,0.14200116401819296,mse,id
tcn,pitch,100,10.0,441984,0.6804025795912029,0.38568459955768747,1.559113656168873,0.8095520282139903,1.2413004417338516,0.5481369028120339,384,0.7886016878831031,0.8297319678983265,2,False,196804,2610.8855425619986,59.0,60.0,0.14200116401819296,mse,id
tcn,pitch,150,15.0,441984,0.980978120690413,0.5856889279532571,1.7864119156340135,0.6984527108656571,1.2412541101955465,0.7903120824597876,384,0.6836398999108919,0.7120701892003368,2,False,196804,2610.8855425619986,59.0,60.0,0.14200116401819296,mse,id
tcn,heave,10,1.0,441984,0.020287535696642423,0.014336834613209894,0.44176164489730846,0.9978909708557941,0.7588420523524625,0.026734859558388557,384,0.9977733384607457,0.9979890420990796,2,False,196804,2610.8855425619986,59.0,60.0,0.14200116401819296,mse,id
tcn,heave,20,2.0,441984,0.026872161907174435,0.018808114346108216,0.8382274709219251,0.9989722643167687,0.7589901623461219,0.03540515179288969,384,0.9989197095763118,0.9990182482019241,2,False,196804,2610.8855425619986,59.0,60.0,0.14200116401819296,mse,id
tcn,heave,30,3.0,441984,0.04288889831639088,0.028735542300410484,1.1512678447482159,0.998612167569742,0.7591491660051453,0.05649600926532559,384,0.9985482578426927,0.998671746012565,2,False,196804,2610.8855425619986,59.0,60.0,0.14200116401819296,mse,id
tcn,heave,50,5.0,441984,0.12567856047034856,0.07471224426526654,1.4417657704203946,0.9924014106574381,0.7592428798701399,0.1655314311170682,384,0.9916677377962996,0.9931428826820305,2,False,196804,2610.8855425619986,59.0,60.0,0.14200116401819296,mse,id
tcn,heave,100,10.0,441984,0.289242501190888,0.17560654176472662,0.8330535871021622,0.8794469120594532,0.7593228844826043,0.38092161727481083,384,0.8584528214008831,0.8969685320418223,2,False,196804,2610.8855425619986,59.0,60.0,0.14200116401819296,mse,id
tcn,heave,150,15.0,441984,0.4863231416237339,0.30468132849112034,1.106950994995508,0.8069841019278842,0.7589789870887942,0.6407596915022868,384,0.7996782475475182,0.8141146445514217,2,False,196804,2610.8855425619986,59.0,60.0,0.14200116401819296,mse,id
tcn,roll_rate,10,1.0,441984,0.07635939134274002,0.05522366136461386,1.067152512176711,0.9948799767416912,1.9689364482018927,0.03878204977741882,384,0.9938698989073381,0.9955672006144456,2,False,196804,2610.8855425619986,59.0,60.0,0.14200116401819296,mse,id
tcn,roll_rate,20,2.0,441984,0.09603668356644887,0.06847431105897893,2.047558406358368,0.9978001062255053,1.9690140692926346,0.048773995607329465,384,0.9973884505125167,0.998090906758601,2,False,196804,2610.8855425619986,59.0,60.0,0.14200116401819296,mse,id
tcn,roll_rate,30,3.0,441984,0.10751840077873398,0.0751086009309202,2.8646272877409147,0.9985912648760047,1.9690705168546092,0.054603631438494005,384,0.9983594361907552,0.998761299312777,2,False,196804,2610.8855425619986,59.0,60.0,0.14200116401819296,mse,id
tcn,roll_rate,50,5.0,441984,0.1446875683237942,0.09944507063932292,3.7964230491902806,0.9985475097272154,1.9696305994416974,0.07345924071488669,384,0.9982697619108503,0.9987475651577088,2,False,196804,2610.8855425619986,59.0,60.0,0.14200116401819296,mse,id
tcn,roll_rate,100,10.0,441984,0.38408994125479284,0.2347796817808847,1.9586932675176199,0.9615467539862804,1.9713538426324322,0.1948356164928267,384,0.9556420754929194,0.9665161551242104,2,False,196804,2610.8855425619986,59.0,60.0,0.14200116401819296,mse,id
tcn,roll_rate,150,15.0,441984,0.6591724677469178,0.40071007906196043,2.8973020365613404,0.9482380563516536,1.9735510474462146,0.3340032519553474,384,0.9437368127192222,0.9525132303875784,2,False,196804,2610.8855425619986,59.0,60.0,0.14200116401819296,mse,id
tcn,pitch_rate,10,1.0,441984,0.042400301340733575,0.028177561470353947,0.7532807082973466,0.9968317153303426,0.9239888688455106,0.04588832481684672,384,0.9966106420209865,0.9970736784267835,2,False,196804,2610.8855425619986,59.0,60.0,0.14200116401819296,mse,id
tcn,pitch_rate,20,2.0,441984,0.07735397834364273,0.046522650692626705,1.3419571056400967,0.9966773236477279,0.923970107339699,0.0837191352070478,384,0.9963224795678697,0.9970521436942239,2,False,196804,2610.8855425619986,59.0,60.0,0.14200116401819296,mse,id
tcn,pitch_rate,30,3.0,441984,0.10170476374303264,0.06008110260403783,1.664455273751304,0.9962663093562019,0.9238185246193283,0.110091712855554,384,0.9957728822734757,0.9967093111103386,2,False,196804,2610.8855425619986,59.0,60.0,0.14200116401819296,mse,id
tcn,pitch_rate,50,5.0,441984,0.2602096001559041,0.13642362418478335,1.549581026050816,0.9718020165881793,0.9236574909668279,0.2817165482884058,384,0.9673259887217124,0.9764146530144555,2,False,196804,2610.8855425619986,59.0,60.0,0.14200116401819296,mse,id
tcn,pitch_rate,100,10.0,441984,0.6063747634838098,0.34176537941457863,1.2730734843521008,0.7731309298584833,0.923592844476832,0.6565390443526985,384,0.7591198395992256,0.7873478509239368,2,False,196804,2610.8855425619986,59.0,60.0,0.14200116401819296,mse,id
tcn,pitch_rate,150,15.0,441984,0.7953471985040234,0.4756416832258657,1.3086174999358147,0.6306075081741502,0.9235658452936027,0.8611699994721886,384,0.6164687083647706,0.6455992029058991,2,False,196804,2610.8855425619986,59.0,60.0,0.14200116401819296,mse,id
tcn,heave_rate,10,1.0,441984,0.015979380074865174,0.01126864663142499,0.2852552458521747,0.9968620026411402,0.4495774018198838,0.035543112287630206,384,0.9966936101883942,0.997020914799761,2,False,196804,2610.8855425619986,59.0,60.0,0.14200116401819296,mse,id
tcn,heave_rate,20,2.0,441984,0.0224284497617763,0.015340606645607772,0.5352136906829078,0.998243920856901,0.4495800662022177,0.04988755384827973,384,0.9981757320081966,0.9983082941195295,2,False,196804,2610.8855425619986,59.0,60.0,0.14200116401819296,mse,id
tcn,heave_rate,30,3.0,441984,0.03644687667695293,0.023438767566623393,0.7215930065668222,0.9974488499473856,0.4495552834133054,0.08107318058910441,384,0.9972824982612052,0.9976152502500377,2,False,196804,2610.8855425619986,59.0,60.0,0.14200116401819296,mse,id
tcn,heave_rate,50,5.0,441984,0.06937731146186008,0.04174298739733917,0.8524435901074202,0.9933762545710088,0.44953242177486064,0.154332164047127,384,0.9929160805075297,0.9938827755638865,2,False,196804,2610.8855425619986,59.0,60.0,0.14200116401819296,mse,id
tcn,heave_rate,100,10.0,441984,0.20469627891356296,0.12372228825959707,0.47857922016872095,0.8170585064517365,0.4494169755457696,0.45547073219693335,384,0.8001642595358396,0.8324139068227865,2,False,196804,2610.8855425619986,59.0,60.0,0.14200116401819296,mse,id
tcn,heave_rate,150,15.0,441984,0.3206736433429796,0.20252426565219805,0.6816023493244259,0.7786577222524673,0.4492651780163546,0.7137736442402534,384,0.7695761851147905,0.7873422577960689,2,False,196804,2610.8855425619986,59.0,60.0,0.14200116401819296,mse,id
persistence,roll,10,1.0,552480,3.2589304296290837,2.20582987893794,3.2589304296290837,0.0,6.254580403872573,0.5210470118205357,480,0.0,0.0,0,True,0,0.0,,,,,unseen_seastate
persistence,roll,20,2.0,552480,6.284508686088847,4.252049682378796,6.284508686088847,0.0,6.256011418701939,1.0045551814853977,480,0.0,0.0,0,True,0,0.0,,,,,unseen_seastate
persistence,roll,30,3.0,552480,8.862684327613989,5.9925288506704,8.862684327613989,0.0,6.257081399559067,1.4164246493962085,480,0.0,0.0,0,True,0,0.0,,,,,unseen_seastate
persistence,roll,50,5.0,552480,12.016997215053212,8.108517812818434,12.016997215053212,0.0,6.257817330579102,1.9203176731176894,480,0.0,0.0,0,True,0,0.0,,,,,unseen_seastate
persistence,roll,100,10.0,552480,6.560695905344388,4.378750609132713,6.560695905344388,0.0,6.262670511885362,1.0475875894945184,480,0.0,0.0,0,True,0,0.0,,,,,unseen_seastate
persistence,roll,150,15.0,552480,8.759182588361602,5.946694298766146,8.759182588361602,0.0,6.266850847340364,1.3977008232259074,480,0.0,0.0,0,True,0,0.0,,,,,unseen_seastate
persistence,pitch,10,1.0,552480,1.2227443273376744,0.8340415284476851,1.2227443273376744,0.0,1.799456307655043,0.6795076502474743,480,0.0,0.0,0,True,0,0.0,,,,,unseen_seastate
persistence,pitch,20,2.0,552480,2.2573021507983135,1.5456025935127746,2.2573021507983135,0.0,1.799280319506967,1.2545583510949823,480,0.0,0.0,0,True,0,0.0,,,,,unseen_seastate
persistence,pitch,30,3.0,552480,2.968914608858576,2.0441844450945887,2.968914608858576,0.0,1.7992371121267776,1.6500963596449985,480,0.0,0.0,0,True,0,0.0,,,,,unseen_seastate
persistence,pitch,50,5.0,552480,3.3042538995500985,2.301063315484501,3.3042538995500985,0.0,1.79928986304302,1.8364211166964683,480,0.0,0.0,0,True,0,0.0,,,,,unseen_seastate
persistence,pitch,100,10.0,552480,2.144800046938002,1.4914203073218124,2.144800046938002,0.0,1.7999808413954967,1.19156826429062,480,0.0,0.0,0,True,0,0.0,,,,,unseen_seastate
persistence,pitch,150,15.0,552480,2.627218955426421,1.804520440659268,2.627218955426421,0.0,1.8004734061370522,1.459182316423749,480,0.0,0.0,0,True,0,0.0,,,,,unseen_seastate
persistence,heave,10,1.0,552480,0.7233414879827762,0.5715392134447604,0.7233414879827762,0.0,1.3055841316088745,0.5540366725286411,480,0.0,0.0,0,True,0,0.0,,,,,unseen_seastate
persistence,heave,20,2.0,552480,1.380698203292396,1.0923712686322395,1.380698203292396,0.0,1.305628210341477,1.0574972203850321,480,0.0,0.0,0,True,0,0.0,,,,,unseen_seastate
persistence,heave,30,3.0,552480,1.9152284729826317,1.518256727560497,1.9152284729826317,0.0,1.3056761479380907,1.4668480204736367,480,0.0,0.0,0,True,0,0.0,,,,,unseen_seastate
persistence,heave,50,5.0,552480,2.4749198164425676,1.9704051210013849,2.4749198164425676,0.0,1.3057420192194966,1.8954125547111853,480,0.0,0.0,0,True,0,0.0,,,,,unseen_seastate
persistence,heave,100,10.0,552480,1.4735199444148643,1.1546092418349652,1.4735199444148643,0.0,1.305818040620474,1.12842670155997,480,0.0,0.0,0,True,0,0.0,,,,,unseen_seastate
persistence,heave,150,15.0,552480,1.853088631948588,1.4435038772338382,1.853088631948588,0.0,1.3056946614824738,1.4192358187668532,480,0.0,0.0,0,True,0,0.0,,,,,unseen_seastate
persistence,roll_rate,10,1.0,552480,1.7504907046311173,1.1903169785478578,1.7504907046311173,0.0,3.29849549860822,0.5306936769717364,480,0.0,0.0,0,True,0,0.0,,,,,unseen_seastate
persistence,roll_rate,20,2.0,552480,3.3683938662426685,2.2890352553649738,3.3683938662426685,0.0,3.2984962091022343,1.021190764733199,480,0.0,0.0,0,True,0,0.0,,,,,unseen_seastate
persistence,roll_rate,30,3.0,552480,4.7339892271498085,3.2139348545153292,4.7339892271498085,0.0,3.298745581539261,1.43508770535157,480,0.0,0.0,0,True,0,0.0,,,,,unseen_seastate
persistence,roll_rate,50,5.0,552480,6.355426612693762,4.302896820741755,6.355426612693762,0.0,3.2999192716903654,1.9259339666931397,480,0.0,0.0,0,True,0,0.0,,,,,unseen_seastate
persistence,roll_rate,100,10.0,552480,3.3389898788538668,2.2402492825831297,3.3389898788538668,0.0,3.301689525532155,1.0112973533802214,480,0.0,0.0,0,True,0,0.0,,,,,unseen_seastate
persistence,roll_rate,150,15.0,552480,4.761617339410243,3.2429023176984826,4.761617339410243,0.0,3.304001175937102,1.44116696267813,480,0.0,0.0,0,True,0,0.0,,,,,unseen_seastate
persistence,pitch_rate,10,1.0,552480,0.9747621684004061,0.6413523007215273,0.9747621684004061,0.0,1.2561473352708938,0.7759935009456468,480,0.0,0.0,0,True,0,0.0,,,,,unseen_seastate
persistence,pitch_rate,20,2.0,552480,1.751047893878861,1.1608606309640634,1.751047893878861,0.0,1.2561590085251526,1.3939699369228373,480,0.0,0.0,0,True,0,0.0,,,,,unseen_seastate
persistence,pitch_rate,30,3.0,552480,2.205436827446782,1.4781643113115799,2.205436827446782,0.0,1.2560768564976357,1.755813600129757,480,0.0,0.0,0,True,0,0.0,,,,,unseen_seastate
persistence,pitch_rate,50,5.0,552480,2.178494047097516,1.4960949194262962,2.178494047097516,0.0,1.2560330781693776,1.7344241047159294,480,0.0,0.0,0,True,0,0.0,,,,,unseen_seastate
persistence,pitch_rate,100,10.0,552480,1.6288838168403819,1.1027559274637089,1.6288838168403819,0.0,1.2565025790281483,1.2963632896800377,480,0.0,0.0,0,True,0,0.0,,,,,unseen_seastate
persistence,pitch_rate,150,15.0,552480,1.823440952290954,1.2291374827158166,1.823440952290954,0.0,1.2570019908223502,1.4506269406129029,480,0.0,0.0,0,True,0,0.0,,,,,unseen_seastate
persistence,heave_rate,10,1.0,552480,0.4400372453897973,0.34022057359658814,0.4400372453897973,0.0,0.7346587997035181,0.5989681816475628,480,0.0,0.0,0,True,0,0.0,,,,,unseen_seastate
persistence,heave_rate,20,2.0,552480,0.8321184345634247,0.6451117490442447,0.8321184345634247,0.0,0.7346759557943757,1.1326332759368563,480,0.0,0.0,0,True,0,0.0,,,,,unseen_seastate
persistence,heave_rate,30,3.0,552480,1.136727258581328,0.8850259406738263,1.136727258581328,0.0,0.7346686554485246,1.547265219702808,480,0.0,0.0,0,True,0,0.0,,,,,unseen_seastate
persistence,heave_rate,50,5.0,552480,1.4008682048871834,1.1034452257797775,1.4008682048871834,0.0,0.7346202974745552,1.9069282589972338,480,0.0,0.0,0,True,0,0.0,,,,,unseen_seastate
persistence,heave_rate,100,10.0,552480,0.7685528637333051,0.6125732807011737,0.7685528637333051,0.0,0.7345679295973692,1.0462652026675923,480,0.0,0.0,0,True,0,0.0,,,,,unseen_seastate
persistence,heave_rate,150,15.0,552480,1.107687991727122,0.8498396332633981,1.107687991727122,0.0,0.7344952378780877,1.5080941776112335,480,0.0,0.0,0,True,0,0.0,,,,,unseen_seastate
window_mean,roll,10,1.0,552480,7.449933701057769,5.01197437034849,3.2589304296290837,-4.225822289139282,6.254580403872573,1.191116465054168,480,-4.269274023219154,-4.185829278526144,0,True,0,0.0,,,,,unseen_seastate
window_mean,roll,20,2.0,552480,7.3855192489858394,4.969150793836696,6.284508686088847,-0.3810818158360536,6.256011418701939,1.180547597292951,480,-0.3932667687439242,-0.37009234421071274,0,True,0,0.0,,,,,unseen_seastate
window_mean,roll,30,3.0,552480,7.0805261077603365,4.765699744148226,8.862684327613989,0.3617357858400613,6.257081399559067,1.1316020450460014,480,0.3560152444451603,0.3667962262869207,0,True,0,0.0,,,,,unseen_seastate
window_mean,roll,50,5.0,552480,6.017492049369431,4.058877493991448,12.016997215053212,0.749251046470711,6.257817330579102,0.9615959897015033,480,0.7472079072847024,0.7508784150371628,0,True,0,0.0,,,,,unseen_seastate
window_mean,roll,100,10.0,552480,6.139800674406942,4.14496059611718,6.560695905344388,0.12419236294422042,6.262670511885362,0.9803806000578769,480,0.10578350069917454,0.14472381054412026,0,True,0,0.0,,,,,unseen_seastate
window_mean,roll,150,15.0,552480,7.050918585909643,4.739325608238726,8.759182588361602,0.35201606143812814,6.266850847340364,1.125113515171984,480,0.34035436451327356,0.36261117584620967,0,True,0,0.0,,,,,unseen_seastate
window_mean,pitch,10,1.0,552480,1.9849042969689845,1.384576522016116,1.2227443273376744,-1.6351651021808769,1.799456307655043,1.1030577894695357,480,-1.734343646423795,-1.537164692383084,0,True,0,0.0,,,,,unseen_seastate
window_mean,pitch,20,2.0,552480,2.0398944053785604,1.4226120642521511,2.2573021507983135,0.18334996886497323,1.799280319506967,1.1337279595974936,480,0.156152199121022,0.21005020246420955,0,True,0,0.0,,,,,unseen_seastate
window_mean,pitch,30,3.0,552480,2.015031084500629,1.4053351085154402,2.968914608858576,0.5393531701028894,1.7992371121267776,1.119936372432188,480,0.5260196545316687,0.5513893889711509,0,True,0,0.0,,,,,unseen_seastate
window_mean,pitch,50,5.0,552480,1.8081788274896018,1.2612853045375787,3.3042538995500985,0.7005419881635584,1.79928986304302,1.0049402626164683,480,0.6962163185165132,0.7042964982730302,0,True,0,0.0,,,,,unseen_seastate
window_mean,pitch,100,10.0,552480,1.797944903511779,1.242097475639135,2.144800046938002,0.29728514063357214,1.7999808413954967,0.9988689113590012,480,0.2775476655954375,0.31987435235817674,0,True,0,0.0,,,,,unseen_seastate
window_mean,pitch,150,15.0,552480,1.8810278966086114,1.3117616812195896,2.627218955426421,0.48737718043664136,1.8004734061370522,1.0447407277424832,480,0.4707486025110729,0.501493864199891,0,True,0,0.0,,,,,unseen_seastate
window_mean,heave,10,1.0,552480,1.5232828246423222,1.2136212803520912,0.7233414879827762,-3.4348030778473424,1.3055841316088745,1.1667442853837209,480,-3.5832410596184943,-3.292707472518861,0,True,0,0.0,,,,,unseen_seastate
window_mean,heave,20,2.0,552480,1.5436835885965077,1.2297873742323082,1.380698203292396,-0.25002602437560406,1.305628210341477,1.1823301429683182,480,-0.2912018385242204,-0.21111267754874877,0,True,0,0.0,,,,,unseen_seastate
window_mean,heave,30,3.0,552480,1.519450287790878,1.2103940506330626,1.9152284729826317,0.37059264693342,1.3056761479380907,1.1637267711372203,480,0.35086922792233755,0.38909266604021814,0,True,0,0.0,,,,,unseen_seastate
window_mean,heave,50,5.0,552480,1.3623750982147511,1.0853587842373722,2.4749198164425676,0.6969801159084668,1.3057420192194966,1.0433723340151884,480,0.6896975285085161,0.7032233626246317,0,True,0,0.0,,,,,unseen_seastate
window_mean,heave,100,10.0,552480,1.2313769036503563,0.976386564154393,1.4735199444148643,0.3016550933878166,1.305818040620474,0.9429927182391,480,0.2611986773084499,0.34172968904802326,0,True,0,0.0,,,,,unseen_seastate
window_mean,heave,150,15.0,552480,1.4333484721571672,1.1422249703652385,1.853088631948588,0.4017107603492638,1.3056946614824738,1.0977669699053196,480,0.37799963239709516,0.424263076906137,0,True,0,0.0,,,,,unseen_seastate
window_mean,roll_rate,10,1.0,552480,3.8886239281319535,2.6253085750277743,1.7504907046311173,-3.9348308443936064,3.29849549860822,1.1789083628498915,480,-3.9749848043205667,-3.896100361071956,0,True,0,0.0,,,,,unseen_seastate
window_mean,roll_rate,20,2.0,552480,3.852032771327595,2.60121671160696,3.3683938662426685,-0.3077785528818249,3.2984962091022343,1.1678148244335922,480,-0.3186086128253608,-0.297702285471878,0,True,0,0.0,,,,,unseen_seastate
window_mean,roll_rate,30,3.0,552480,3.693037815524732,2.4952919984864597,4.7339892271498085,0.39142658196366487,3.298745581539261,1.119527930917754,480,0.38677429700025545,0.39575123798353484,0,True,0,0.0,,,,,unseen_seastate
window_mean,roll_rate,50,5.0,552480,3.152130474536129,2.1347804890172344,6.355426612693762,0.7540091489446612,3.2999192716903654,0.9552144204186752,480,0.7526123212484467,0.75512187268395,0,True,0,0.0,,,,,unseen_seastate
window_mean,roll_rate,100,10.0,552480,3.2727644469621504,2.217352269181229,3.3389898788538668,0.03927455762882226,3.301689525532155,0.9912393099513673,480,0.022058465976884996,0.05798003088020797,0,True,0,0.0,,,,,unseen_seastate
window_mean,roll_rate,150,15.0,552480,3.6712461790548243,2.4769703201378777,4.761617339410243,0.40554630206390296,3.304001175937102,1.1111515957658706,480,0.3962468642034007,0.41471257254832145,0,True,0,0.0,,,,,unseen_seastate
window_mean,pitch_rate,10,1.0,552480,1.3577723915169053,0.9310698830913615,0.9747621684004061,-0.9402451945544235,1.2561473352708938,1.0809021787433044,480,-0.9970462281392646,-0.8865792636873346,0,True,0,0.0,,,,,unseen_seastate
window_mean,pitch_rate,20,2.0,552480,1.4010793884497121,0.9603066856205267,1.751047893878861,0.35977970303072804,1.2561590085251526,1.1153678626201229,480,0.3447278635606003,0.3742319186774454,0,True,0,0.0,,,,,unseen_seastate
window_mean,pitch_rate,30,3.0,552480,1.374869492496607,0.9430398583375942,2.205436827446782,0.6113723414820045,1.2560768564976357,1.0945743370594416,480,0.6050681009777159,0.6174608923435264,0,True,0,0.0,,,,,unseen_seastate
window_mean,pitch_rate,50,5.0,552480,1.2307488422679598,0.8431403894357347,2.178494047097516,0.6808270212526522,1.2560330781693776,0.9798697690842118,480,0.6767236325732235,0.6847761222097184,0,True,0,0.0,,,,,unseen_seastate
window_mean,pitch_rate,100,10.0,552480,1.2860711555908941,0.8690332793632443,1.6288838168403819,0.37662442964205767,1.2565025790281483,1.0235324439887865,480,0.3690094584960226,0.3841456895249056,0,True,0,0.0,,,,,unseen_seastate
window_mean,pitch_rate,150,15.0,552480,1.2835461583260397,0.8796834644323307,1.823440952290954,0.5045046607239652,1.2570019908223502,1.0211170449191762,480,0.49706985911165463,0.510932662925696,0,True,0,0.0,,,,,unseen_seastate
window_mean,heave_rate,10,1.0,552480,0.8243092312498705,0.6556444993395528,0.4400372453897973,-2.5091461171622282,0.7346587997035181,1.1220300247986306,480,-2.619660909561185,-2.4026929537877804,0,True,0,0.0,,,,,unseen_seastate
window_mean,heave_rate,20,2.0,552480,0.8376502123998447,0.6662692986535413,0.8321184345634247,-0.01333984382926423,0.7346759557943757,1.1401628238862493,480,-0.04164734765408729,0.013771650435550257,0,True,0,0.0,,,,,unseen_seastate
window_mean,heave_rate,30,3.0,552480,0.826695225511723,0.6573471561626177,1.136727258581328,0.4710942238718896,0.7346686554485246,1.1252626873090361,480,0.4587262915437524,0.482655040496625,0,True,0,0.0,,,,,unseen_seastate
window_mean,heave_rate,50,5.0,552480,0.7458884462184673,0.5921688819054512,1.4008682048871834,0.7164999085490729,0.7346202974745552,1.0153387386417845,480,0.7127534914510445,0.7196771423437712,0,True,0,0.0,,,,,unseen_seastate
window_mean,heave_rate,100,10.0,552480,0.7179200440697525,0.560833695101286,0.7685528637333051,0.1274211795872462,0.7345679295973692,0.9773364928458806,480,0.09454812413683737,0.16195073113860747,0,True,0,0.0,,,,,unseen_seastate
window_mean,heave_rate,150,15.0,552480,0.7842215567432741,0.6224211163319151,1.107687991727122,0.4987635368181659,0.7344952378780877,1.0677013495810304,480,0.48394791858439135,0.5128355931006063,0,True,0,0.0,,,,,unseen_seastate
damped_persistence,roll,10,1.0,552480,4.310445782789921,2.905484781195735,3.2589304296290837,-0.7494204337138635,6.254580403872573,0.6891662596776396,480,-0.7608502148862527,-0.7390156589731924,0,True,6,0.13526744200498797,,,,,unseen_seastate
damped_persistence,roll,20,2.0,552480,6.298204370908142,4.244960119356695,6.284508686088847,-0.004363303115374251,6.256011418701939,1.0067443854210478,480,-0.011250093613272498,0.0018720212092147106,0,True,6,0.13526744200498797,,,,,unseen_seastate
damped_persistence,roll,30,3.0,552480,6.905225960559622,4.65375641407158,8.862684327613989,0.39294893186844326,6.257081399559067,1.103585764610035,480,0.38852697299962863,0.39675125965483904,0,True,6,0.13526744200498797,,,,,unseen_seastate
damped_persistence,roll,50,5.0,552480,6.214598750795698,4.192784499735217,12.016997215053212,0.7325551337680724,6.257817330579102,0.9930936654906473,480,0.7306475753750185,0.7340885049884305,0,True,6,0.13526744200498797,,,,,unseen_seastate
damped_persistence,roll,100,10.0,552480,6.133064798755799,4.140380787244174,6.560695905344388,0.12611297751132955,6.262670511885362,0.9793050404162896,480,0.10776846425741825,0.14657283125717163,0,True,6,0.13526744200498797,,,,,unseen_seastate
damped_persistence,roll,150,15.0,552480,7.050785292954927,4.7392422537816445,8.759182588361602,0.35204056062254685,6.266850847340364,1.1250922456447585,480,0.3403804746431752,0.36263425409001193,0,True,6,0.13526744200498797,,,,,unseen_seastate
damped_persistence,pitch,10,1.0,552480,1.484503379580302,1.0333606589719087,1.2227443273376744,-0.4739782255046101,1.799456307655043,0.8249732840220104,480,-0.5144765383535983,-0.4338972600816861,0,True,6,0.13526744200498797,,,,,unseen_seastate
damped_persistence,pitch,20,2.0,552480,1.9671176605892284,1.3702006586930564,2.2573021507983135,0.2405813050673159,1.799280319506967,1.0932802628154414,480,0.2199280107152548,0.26064130282278514,0,True,6,0.13526744200498797,,,,,unseen_seastate
damped_persistence,pitch,30,3.0,552480,2.0334725335938,1.417604413209537,2.968914608858576,0.530882960404097,1.7992371121267776,1.1301859659787397,480,0.5188166842886827,0.5417163572717351,0,True,6,0.13526744200498797,,,,,unseen_seastate
damped_persistence,pitch,50,5.0,552480,1.8165821965120785,1.2671490484603327,3.3042538995500985,0.6977521051519497,1.79928986304302,1.009610643523447,480,0.6934735631968407,0.7014590856580678,0,True,6,0.13526744200498797,,,,,unseen_seastate
damped_persistence,pitch,100,10.0,552480,1.7979130197762012,1.2420759618182557,2.144800046938002,0.29731006350641254,1.7999808413954967,0.9988511979840339,480,0.27757423850084056,0.31989745980703144,0,True,6,0.13526744200498797,,,,,unseen_seastate
damped_persistence,pitch,150,15.0,552480,1.8810278813905064,1.3117616680318995,2.627218955426421,0.48737718873119973,1.8004734061370522,1.0447407192902034,480,0.47074862478217333,0.5014938611609078,0,True,6,0.13526744200498797,,,,,unseen_seastate
damped_persistence,heave,10,1.0,552480,1.016538465514499,0.810779932964526,0.7233414879827762,-0.9749717292619637,1.3055841316088745,0.7786081654208037,480,-1.0287284699610197,-0.9236424665549486,0,True,6,0.13526744200498797,,,,,unseen_seastate
damped_persistence,heave,20,2.0,552480,1.4071288725033975,1.1221034308871212,1.380698203292396,-0.038652400573010226,1.305628210341477,1.0777408617230888,480,-0.06729769726220829,-0.011469647856414519,0,True,6,0.13526744200498797,,,,,unseen_seastate
damped_persistence,heave,30,3.0,552480,1.503758416939899,1.198782364922285,1.9152284729826317,0.3835257183351618,1.3056761479380907,1.1517085759088252,480,0.3663962627656219,0.3996272611557212,0,True,6,0.13526744200498797,,,,,unseen_seastate
damped_persistence,heave,50,5.0,552480,1.3732908802457982,1.0942691441177375,2.4749198164425676,0.6921048797452203,1.3057420192194966,1.0517321645715887,480,0.6850021477863422,0.6981930759897642,0,True,6,0.13526744200498797,,,,,unseen_seastate
damped_persistence,heave,100,10.0,552480,1.2312611514634748,0.9763016425294481,1.4735199444148643,0.301786379187583,1.305818040620474,0.9429040748115467,480,0.2613451812512942,0.3418469887936463,0,True,6,0.13526744200498797,,,,,unseen_seastate
damped_persistence,heave,150,15.0,552480,1.4333477658347997,1.1422244294198707,1.853088631948588,0.4017113499964797,1.3056946614824738,1.0977664289500806,480,0.3780003645437876,0.42426353587062726,0,True,6,0.13526744200498797,,,,,unseen_seastate
damped_persistence,roll_rate,10,1.0,552480,2.3191743968960234,1.5694073300159361,1.7504907046311173,-0.7552832068462845,3.29849549860822,0.7031006705555866,480,-0.7663450097713801,-0.7446875144825599,0,True,6,0.13526744200498797,,,,,unseen_seastate
damped_persistence,roll_rate,20,2.0,552480,3.3411867834025326,2.2606725427427707,3.3683938662426685,0.0160890951758913,3.2984962091022343,1.012942435459678,480,0.00970575875122663,0.021941052495300466,0,True,6,0.13526744200498797,,,,,unseen_seastate
damped_persistence,roll_rate,30,3.0,552480,3.6255580864535113,2.4528633645883837,4.7339892271498085,0.4134632823913358,3.298745581539261,1.0990717522270248,480,0.4098391023871818,0.41681933272279215,0,True,6,0.13526744200498797,,,,,unseen_seastate
damped_persistence,roll_rate,50,5.0,552480,3.240721377917861,2.19499285103945,6.355426612693762,0.7399876528894557,3.2999192716903654,0.9820608054626195,480,0.7386844003457483,0.7410346527745781,0,True,6,0.13526744200498797,,,,,unseen_seastate
damped_persistence,roll_rate,100,10.0,552480,3.270261055370276,2.215649637830188,3.3389898788538668,0.040743745035275,3.301689525532155,0.9904810946278139,480,0.023567790273615177,0.05940932433572917,0,True,6,0.13526744200498797,,,,,unseen_seastate
damped_persistence,roll_rate,150,15.0,552480,3.6712176087137327,2.4769528855842706,4.761617339410243,0.40555555433302315,3.304001175937102,1.1111429485712814,480,0.3962567768952897,0.41472119478358777,0,True,6,0.13526744200498797,,,,,unseen_seastate
damped_persistence,pitch_rate,10,1.0,552480,1.0926894435449166,0.7431239553888563,0.9747621684004061,-0.25659742083054615,1.2561473352708938,0.8698736309537075,480,-0.2827867429047084,-0.23162505573846243,0,True,6,0.13526744200498797,,,,,unseen_seastate
damped_persistence,pitch_rate,20,2.0,552480,1.3886922266439132,0.9476993077364164,1.751047893878861,0.3710502349153385,1.2561590085251526,1.1055067210594358,480,0.3589447009086807,0.38265569145472583,0,True,6,0.13526744200498797,,,,,unseen_seastate
damped_persistence,pitch_rate,30,3.0,552480,1.3938787074955878,0.9545978601721699,2.205436827446782,0.6005515656722238,1.2560768564976357,1.1097081363175418,480,0.5946522866508445,0.6062359922080999,0,True,6,0.13526744200498797,,,,,unseen_seastate
damped_persistence,pitch_rate,50,5.0,552480,1.233437577749551,0.8450153033156987,2.178494047097516,0.6794309458249613,1.2560330781693776,0.9820104256706689,480,0.6753558965551666,0.6833518321984013,0,True,6,0.13526744200498797,,,,,unseen_seastate
damped_persistence,pitch_rate,100,10.0,552480,1.286067417030342,0.8690305690811287,1.6288838168403819,0.37662805389553544,1.2565025790281483,1.0235294686184098,480,0.3690133081162029,0.38414917520337244,0,True,6,0.13526744200498797,,,,,unseen_seastate
damped_persistence,pitch_rate,150,15.0,552480,1.283546160493274,0.8796834645712991,1.823440952290954,0.5045046590507032,1.2570019908223502,1.021117046643306,480,0.49706985842536083,0.5109326604359464,0,True,6,0.13526744200498797,,,,,unseen_seastate
damped_persistence,heave_rate,10,1.0,552480,0.5851242000449915,0.4640179814874061,0.4400372453897973,-0.7681424302166502,0.7346587997035181,0.7964570767832995,480,-0.8112701589037796,-0.7261278138125894,0,True,6,0.13526744200498797,,,,,unseen_seastate
damped_persistence,heave_rate,20,2.0,552480,0.7875569235975916,0.6250017210353361,0.8321184345634247,0.10423596618554065,0.7346759557943757,1.071978628654095,480,0.08358490146534484,0.12406264701418966,0,True,6,0.13526744200498797,,,,,unseen_seastate
damped_persistence,heave_rate,30,3.0,552480,0.8272946381219964,0.6569780497879587,1.136727258581328,0.47032695748957964,0.7346686554485246,1.126078582482769,480,0.45935382809507785,0.4806035218658369,0,True,6,0.13526744200498797,,,,,unseen_seastate
damped_persistence,heave_rate,50,5.0,552480,0.7504419698857407,0.5956864761740891,1.4008682048871834,0.7130279019215622,0.7346202974745552,1.0215372110811212,480,0.7093255188500869,0.7161636286231597,0,True,6,0.13526744200498797,,,,,unseen_seastate
damped_persistence,heave_rate,100,10.0,552480,0.7178909260797558,0.5608125191977298,0.7685528637333051,0.1274919596868408,0.7345679295973692,0.977296853230777,480,0.09462332173913156,0.16201597848219393,0,True,6,0.13526744200498797,,,,,unseen_seastate
damped_persistence,heave_rate,150,15.0,552480,0.7842215499861265,0.6224210985378883,1.107687991727122,0.4987635454558492,0.7344952378780877,1.0677013403813143,480,0.4839479468809699,0.5128355826453026,0,True,6,0.13526744200498797,,,,,unseen_seastate
ar20,roll,10,1.0,552480,0.012548729851102879,0.009462295693169908,3.2589304296290837,0.9999851731340539,6.254580403872573,0.002006326410534787,480,0.999983097354567,0.9999870249180345,0,True,108900,0.057834334002109244,,,,,unseen_seastate
ar20,roll,20,2.0,552480,0.10183122347294087,0.07653179665813836,6.284508686088847,0.9997374456235699,6.256011418701939,0.016277339770915868,480,0.9996996400562664,0.9997710825400081,0,True,108900,0.057834334002109244,,,,,unseen_seastate
ar20,roll,30,3.0,552480,0.34250365168744556,0.25538357595813643,8.862684327613989,0.9985065184881188,6.257081399559067,0.054738564166926386,480,0.998283798912529,0.9987073817817366,0,True,108900,0.057834334002109244,,,,,unseen_seastate
ar20,roll,50,5.0,552480,1.088717550806661,0.8089739279454361,12.016997215053212,0.991791977711021,6.257817330579102,0.17397720216066304,480,0.9905656058904343,0.992923118066758,0,True,108900,0.057834334002109244,,,,,unseen_seastate
ar20,roll,100,10.0,552480,1.9731024800894328,1.5201165466571394,6.560695905344388,0.9095518958026779,6.262670511885362,0.31505768606936263,480,0.9012749586183089,0.9171622876461051,0,True,108900,0.057834334002109244,,,,,unseen_seastate
ar20,roll,150,15.0,552480,3.2266631041639013,2.4402726012237594,8.759182588361602,0.8642999251355447,6.266850847340364,0.5148779160003927,480,0.853443688420015,0.8737021499559615,0,True,108900,0.057834334002109244,,,,,unseen_seastate
ar20,pitch,10,1.0,552480,0.02035895790840784,0.015184874760812908,1.2227443273376744,0.9997227702868513,1.799456307655043,0.01131394956454295,480,0.9996827373262953,0.9997553394989829,0,True,108900,0.057834334002109244,,,,,unseen_seastate
ar20,pitch,20,2.0,552480,0.20044347851739983,0.14724444546380822,2.2573021507983135,0.9921149496458549,1.799280319506967,0.1114020291025718,480,0.990899676533825,0.9930962249825341,0,True,108900,0.057834334002109244,,,,,unseen_seastate
ar20,pitch,30,3.0,552480,0.6437361001230265,0.4629752552262125,2.968914608858576,0.9529867455509335,1.7992371121267776,0.35778280460328105,480,0.9453904597458765,0.9590833469080188,0,True,108900,0.057834334002109244,,,,,unseen_seastate
ar20,pitch,50,5.0,552480,1.2441269167984481,0.9201119536386645,3.3042538995500985,0.8582305841274526,1.79928986304302,0.6914544134063749,480,0.8408184507548231,0.873399706362186,0,True,108900,0.057834334002109244,,,,,unseen_seastate
ar20,pitch,100,10.0,552480,1.8729870687665273,1.35622431805784,2.144800046938002,0.23740151700642553,1.7999808413954967,1.0405594469074626,480,0.19415747548319462,0.2775160328990163,0,True,108900,0.057834334002109244,,,,,unseen_seastate
ar20,pitch,150,15.0,552480,1.9745966683266885,1.434895696215321,2.627218955426421,0.43510951177789325,1.8004734061370522,1.0967097106772716,480,0.4067648866625069,0.4601643249264738,0,True,108900,0.057834334002109244,,,,,unseen_seastate
ar20,heave,10,1.0,552480,0.002907039069744147,0.002155419207243631,0.7233414879827762,0.9999838484209694,1.3055841316088745,0.002226619487295541,480,0.9999820296126983,0.9999853912145675,0,True,108900,0.057834334002109244,,,,,unseen_seastate
ar20,heave,20,2.0,552480,0.02807007863991046,0.02067245678761211,1.380698203292396,0.9995866768417073,1.305628210341477,0.021499289321091606,480,0.9995372076864794,0.9996287638721679,0,True,108900,0.057834334002109244,,,,,unseen_seastate
ar20,heave,30,3.0,552480,0.11763056053543029,0.08573209263565575,1.9152284729826317,0.996227761407647,1.3056761479380907,0.09009168216880668,480,0.9957429966305248,0.9966477819848908,0,True,108900,0.057834334002109244,,,,,unseen_seastate
ar20,heave,50,5.0,552480,0.6035423106652228,0.437836604154124,2.4749198164425676,0.9405306520923273,1.3057420192194966,0.46222171131935263,480,0.9330613292634319,0.9470560807380518,0,True,108900,0.057834334002109244,,,,,unseen_seastate
ar20,heave,100,10.0,552480,1.0640661874376758,0.8157670569351803,1.4735199444148643,0.47853489866799237,1.305818040620474,0.8148655894906099,480,0.4619268405048406,0.49426123750846535,0,True,108900,0.057834334002109244,,,,,unseen_seastate
ar20,heave,150,15.0,552480,1.3232778188823955,1.0506943212937043,1.853088631948588,0.49007103442113875,1.3056946614824738,1.013466515502145,480,0.4607313121687676,0.5161798164892623,0,True,108900,0.057834334002109244,,,,,unseen_seastate
ar20,roll_rate,10,1.0,552480,0.03584698760886552,0.02701006195823144,1.7504907046311173,0.9995806412456613,3.29849549860822,0.010867678195707994,480,0.9995211968680264,0.9996335419662327,0,True,108900,0.057834334002109244,,,,,unseen_seastate
ar20,roll_rate,20,2.0,552480,0.1584889963636135,0.11870416635025238,3.3683938662426685,0.9977861280651338,3.2984962091022343,0.04804886418430965,480,0.9974677855195057,0.9980743968548074,0,True,108900,0.057834334002109244,,,,,unseen_seastate
ar20,roll_rate,30,3.0,552480,0.3272350062781864,0.24265084818715893,4.7339892271498085,0.9952217927544351,3.298745581539261,0.09919983162978334,480,0.9945039620850421,0.9958784931603035,0,True,108900,0.057834334002109244,,,,,unseen_seastate
ar20,roll_rate,50,5.0,552480,0.5361864271961588,0.409762175217642,6.355426612693762,0.992882258423337,3.2999192716903654,0.1624847103976275,480,0.9920988541777442,0.9935900554656711,0,True,108900,0.057834334002109244,,,,,unseen_seastate
ar20,roll_rate,100,10.0,552480,1.466693457753658,1.0931229832889966,3.3389898788538668,0.8070483466149241,3.301689525532155,0.4442251297136309,480,0.7919793059258877,0.8206325343171419,0,True,108900,0.057834334002109244,,,,,unseen_seastate
ar20,roll_rate,150,15.0,552480,2.102784952407206,1.5500970615764214,4.761617339410243,0.8049792873851249,3.304001175937102,0.6364358970940138,480,0.7898437052268771,0.8173922554552667,0,True,108900,0.057834334002109244,,,,,unseen_seastate
ar20,pitch_rate,10,1.0,552480,0.06583332194193442,0.04892646456655338,0.9747621684004061,0.99543864147426,1.2561473352708938,0.052408917404372125,480,0.9947239370529206,0.9960135247764512,0,True,108900,0.057834334002109244,,,,,unseen_seastate
ar20,pitch_rate,20,2.0,552480,0.323230087839844,0.23493111182324342,1.751047893878861,0.9659256554355234,1.2561590085251526,0.25731622003757804,480,0.9602031000121614,0.9704903103799958,0,True,108900,0.057834334002109244,,,,,unseen_seastate
ar20,pitch_rate,30,3.0,552480,0.5404792057410631,0.3872107654406021,2.205436827446782,0.9399422946875156,1.2560768564976357,0.43029150879198647,480,0.9300086273944985,0.9482060982001621,0,True,108900,0.057834334002109244,,,,,unseen_seastate
ar20,pitch_rate,50,5.0,552480,0.936514279793754,0.7265445406188518,2.178494047097516,0.8151940062047843,1.2560330781693776,0.7456127518223401,480,0.7954806131738068,0.8316911005260245,0,True,108900,0.057834334002109244,,,,,unseen_seastate
ar20,pitch_rate,100,10.0,552480,1.3922891403775275,1.0946267694370986,1.6288838168403819,0.2694017050247238,1.2565025790281483,1.1080670773110584,480,0.21706562193753026,0.3152161948141615,0,True,108900,0.057834334002109244,,,,,unseen_seastate
ar20,pitch_rate,150,15.0,552480,1.2923631450909956,0.9310472758165044,1.823440952290954,0.49767392712670155,1.2570019908223502,1.028131343090007,480,0.4869726895520479,0.5072907274106304,0,True,108900,0.057834334002109244,,,,,unseen_seastate
ar20,heave_rate,10,1.0,552480,0.008745191823867095,0.00648120457652873,0.4400372453897973,0.9996050339147602,0.7346587997035181,0.011903746102811728,480,0.9995546792382928,0.9996482739087896,0,True,108900,0.057834334002109244,,,,,unseen_seastate
ar20,heave_rate,20,2.0,552480,0.04915006143317018,0.03600092945821072,0.8321184345634247,0.9965111857845292,0.7346759557943757,0.06690032666174053,480,0.9960170614793231,0.9969291233780105,0,True,108900,0.057834334002109244,,,,,unseen_seastate
ar20,heave_rate,30,3.0,552480,0.14008936494385943,0.10169598548145241,1.136727258581328,0.9848120980702866,0.7346686554485246,0.19068373736229852,480,0.9825063786620917,0.9867255376953856,0,True,108900,0.057834334002109244,,,,,unseen_seastate
ar20,heave_rate,50,5.0,552480,0.32697875562296963,0.24079909141963957,1.4008682048871834,0.945519069462397,0.7346202974745552,0.4450989943335933,480,0.9383654690278875,0.9516625058540258,0,True,108900,0.057834334002109244,,,,,unseen_seastate
ar20,heave_rate,100,10.0,552480,0.6998285797969004,0.5325419185603734,0.7685528637333051,0.1708447433454996,0.7345679295973692,0.9527077777279086,480,0.11346885795118221,0.2241260588194271,0,True,108900,0.057834334002109244,,,,,unseen_seastate
ar20,heave_rate,150,15.0,552480,0.8192541914112973,0.6447034487566521,1.107687991727122,0.45298095283846207,0.7344952378780877,1.1153975535335983,480,0.40676149720112736,0.49276688501422394,0,True,108900,0.057834334002109244,,,,,unseen_seastate
dlinear_ols,roll,10,1.0,552480,0.03293636038149873,0.021792908210409242,3.2589304296290837,0.9998978587818312,6.254580403872573,0.005265958426420727,480,0.9998912980034553,0.9999031177179171,0,True,30300,0.025917502003721893,,,,,unseen_seastate
dlinear_ols,roll,20,2.0,552480,0.33592940409997946,0.22199505790166232,6.284508686088847,0.9971427162092363,6.256011418701939,0.053697057376804073,480,0.9969536861709496,0.997295051476341,0,True,30300,0.025917502003721893,,,,,unseen_seastate
dlinear_ols,roll,30,3.0,552480,1.2462437635804373,0.8220796226314917,8.862684327613989,0.9802268694182562,6.257081399559067,0.1991733340193176,480,0.9788710728353154,0.9813232491826699,0,True,30300,0.025917502003721893,,,,,unseen_seastate
dlinear_ols,roll,50,5.0,552480,3.0979459619773837,2.0269267877299564,12.016997215053212,0.9335407011734691,6.257817330579102,0.4950521560990816,480,0.9281239156902573,0.9379064391491728,0,True,30300,0.025917502003721893,,,,,unseen_seastate
dlinear_ols,roll,100,10.0,552480,4.15496601285383,2.7681842411201556,6.560695905344388,0.5989161871892628,6.262670511885362,0.6634495627653557,480,0.5821862453945347,0.6136637881038837,0,True,30300,0.025917502003721893,,,,,unseen_seastate
dlinear_ols,roll,150,15.0,552480,5.089392211942788,3.435893126533913,8.759182588361602,0.6623982549164193,6.266850847340364,0.8121131866578113,480,0.647476132010278,0.6738414460653842,0,True,30300,0.025917502003721893,,,,,unseen_seastate
dlinear_ols,pitch,10,1.0,552480,0.01456528980355251,0.009599750691258145,1.2227443273376744,0.9998581050475126,1.799456307655043,0.008094272554210127,480,0.9998464696842346,0.9998689226878892,0,True,30300,0.025917502003721893,,,,,unseen_seastate
dlinear_ols,pitch,20,2.0,552480,0.14239935552878538,0.09483035532355956,2.2573021507983135,0.9960204253403956,1.799280319506967,0.07914239598185856,480,0.9956885823285991,0.9963091801240388,0,True,30300,0.025917502003721893,,,,,unseen_seastate
dlinear_ols,pitch,30,3.0,552480,0.5030186332790895,0.3373328926315385,2.968914608858576,0.9712939965735233,1.7992371121267776,0.27957328686072913,480,0.9686851851854028,0.9734897411787775,0,True,30300,0.025917502003721893,,,,,unseen_seastate
dlinear_ols,pitch,50,5.0,552480,1.164688803963588,0.7687564393732539,3.3042538995500985,0.8757566997623369,1.79928986304302,0.6473047105338696,480,0.8614519026365052,0.8875893983929759,0,True,30300,0.025917502003721893,,,,,unseen_seastate
dlinear_ols,pitch,100,10.0,552480,1.6519576429083478,1.1302488038231284,2.144800046938002,0.40676851279753545,1.7999808413954967,0.9177640144367376,480,0.3786421559176635,0.4318855753526238,0,True,30300,0.025917502003721893,,,,,unseen_seastate
dlinear_ols,pitch,150,15.0,552480,1.872168618209045,1.3024955965077727,2.627218955426421,0.49219451840495865,1.8004734061370522,1.0398202005248254,480,0.46453153228977223,0.5143343194748546,0,True,30300,0.025917502003721893,,,,,unseen_seastate
dlinear_ols,heave,10,1.0,552480,0.01047179701083736,0.007851198797531145,0.7233414879827762,0.999790417179925,1.3055841316088745,0.008020775342859705,480,0.9997669222129226,0.9998111292334793,0,True,30300,0.025917502003721893,,,,,unseen_seastate
dlinear_ols,heave,20,2.0,552480,0.1081901897414532,0.08088545352472842,1.380698203292396,0.9938598603960558,1.305628210341477,0.08286447005702863,480,0.9931615253156275,0.9944667047276163,0,True,30300,0.025917502003721893,,,,,unseen_seastate
dlinear_ols,heave,30,3.0,552480,0.4084788499789663,0.30408848401166705,1.9152284729826317,0.9545118818565587,1.3056761479380907,0.31284851961493787,480,0.9492881087724707,0.9590578070783179,0,True,30300,0.025917502003721893,,,,,unseen_seastate
dlinear_ols,heave,50,5.0,552480,1.0972989249977803,0.802297188053791,2.4749198164425676,0.8034252910140939,1.3057420192194966,0.840364259437471,480,0.7803008218218249,0.8237086117317467,0,True,30300,0.025917502003721893,,,,,unseen_seastate
dlinear_ols,heave,100,10.0,552480,1.370256691591204,1.035943925744701,1.4735199444148643,0.13524750002044927,1.305818040620474,1.0493473431720328,480,0.09593237106124093,0.17265338163279523,0,True,30300,0.025917502003721893,,,,,unseen_seastate
dlinear_ols,heave,150,15.0,552480,1.432504937962946,1.1281327558535956,1.853088631948588,0.4024147467679594,1.3056946614824738,1.097120927442939,480,0.356819295838282,0.44212463842163624,0,True,30300,0.025917502003721893,,,,,unseen_seastate
dlinear_ols,roll_rate,10,1.0,552480,0.016061808112786503,0.010860882807592738,1.7504907046311173,0.9999158083058972,3.29849549860822,0.004869434601188234,480,0.9999116629083246,0.9999191490659853,0,True,30300,0.025917502003721893,,,,,unseen_seastate
dlinear_ols,roll_rate,20,2.0,552480,0.16324782476860453,0.11014312104886131,3.3683938662426685,0.9976511836000821,3.2984962091022343,0.049491590840129045,480,0.9975318584481911,0.997746593423594,0,True,30300,0.025917502003721893,,,,,unseen_seastate
dlinear_ols,roll_rate,30,3.0,552480,0.6026529172805679,0.40547080586641326,4.7339892271498085,0.9837938447194856,3.298745581539261,0.18269154209805957,480,0.9829341821046716,0.9844794046652516,0,True,30300,0.025917502003721893,,,,,unseen_seastate
dlinear_ols,roll_rate,50,5.0,552480,1.4709320410181237,0.9821281096658357,6.355426612693762,0.9464331880386564,3.2999192716903654,0.44574788651258335,480,0.9429449816018186,0.949157315583008,0,True,30300,0.025917502003721893,,,,,unseen_seastate
dlinear_ols,roll_rate,100,10.0,552480,2.0559957552925523,1.391699219078732,3.3389898788538668,0.6208472396294373,3.301689525532155,0.622710203183376,480,0.6095443155982875,0.6307831481567765,0,True,30300,0.025917502003721893,,,,,unseen_seastate
dlinear_ols,roll_rate,150,15.0,552480,2.613855700021954,1.779414111393504,4.761617339410243,0.6986617688499767,3.304001175937102,0.7911182717060007,480,0.6889390862856556,0.7063047934488084,0,True,30300,0.025917502003721893,,,,,unseen_seastate
dlinear_ols,pitch_rate,10,1.0,552480,0.018179324744860986,0.00934511236225855,0.9747621684004061,0.9996521771057023,1.2561473352708938,0.014472286995649704,480,0.9996009353401386,0.9997084909069843,0,True,30300,0.025917502003721893,,,,,unseen_seastate
dlinear_ols,pitch_rate,20,2.0,552480,0.1591332561938024,0.08667288187905532,1.751047893878861,0.9917410307506309,1.2561590085251526,0.12668241449833617,480,0.990625450194853,0.992945487923822,0,True,30300,0.025917502003721893,,,,,unseen_seastate
dlinear_ols,pitch_rate,30,3.0,552480,0.4880476745202953,0.2847386430887018,2.205436827446782,0.9510294196571372,1.2560768564976357,0.3885492133667172,480,0.9450279024573108,0.9570155126882713,0,True,30300,0.025917502003721893,,,,,unseen_seastate
dlinear_ols,pitch_rate,50,5.0,552480,0.7936946358633817,0.5271551416824081,2.178494047097516,0.8672623467351896,1.2560330781693776,0.63190583883361,480,0.8582864106766402,0.8761782468002285,0,True,30300,0.025917502003721893,,,,,unseen_seastate
dlinear_ols,pitch_rate,100,10.0,552480,1.1641348853073892,0.7902145005357496,1.6288838168403819,0.48922881285646547,1.2565025790281483,0.9264882577541531,480,0.4771569262622847,0.5003211936842947,0,True,30300,0.025917502003721893,,,,,unseen_seastate
dlinear_ols,pitch_rate,150,15.0,552480,1.286683875109138,0.8825412959475352,1.823440952290954,0.5020791548755421,1.2570019908223502,1.023613235701695,480,0.49184273226096137,0.5102743506192639,0,True,30300,0.025917502003721893,,,,,unseen_seastate
dlinear_ols,heave_rate,10,1.0,552480,0.0049135154497031855,0.0038394773624217927,0.4400372453897973,0.999875317420907,0.7346587997035181,0.006688159798380015,480,0.9998645829316768,0.9998846693836679,0,True,30300,0.025917502003721893,,,,,unseen_seastate
dlinear_ols,heave_rate,20,2.0,552480,0.0503160065328775,0.03925348430705579,0.8321184345634247,0.9963436981439142,0.7346759557943757,0.06848734620486227,480,0.9960222037490342,0.9966276585878197,0,True,30300,0.025917502003721893,,,,,unseen_seastate
dlinear_ols,heave_rate,30,3.0,552480,0.18766575774188302,0.1459841245644961,1.136727258581328,0.9727442884422131,0.7346686554485246,0.2554427174074967,480,0.9703005750126574,0.974928228213958,0,True,30300,0.025917502003721893,,,,,unseen_seastate
dlinear_ols,heave_rate,50,5.0,552480,0.48473043545586325,0.37176995970227283,1.4008682048871834,0.8802691620967179,0.7346202974745552,0.6598380648101446,480,0.8682559166736434,0.8905884156141101,0,True,30300,0.025917502003721893,,,,,unseen_seastate
dlinear_ols,heave_rate,100,10.0,552480,0.6514657293476708,0.5115276501068421,0.7685528637333051,0.2814852987529669,0.7345679295973692,0.8868692779778062,480,0.2543948684656485,0.3059065476321407,0,True,30300,0.025917502003721893,,,,,unseen_seastate
dlinear_ols,heave_rate,150,15.0,552480,0.7496692130653825,0.5960919582639789,1.107687991727122,0.5419588920233819,0.7344952378780877,1.0206590518287517,480,0.5201305315411279,0.5605486144477759,0,True,30300,0.025917502003721893,,,,,unseen_seastate
tcn,roll,10,1.0,552480,0.259007224622385,0.18860652216847973,3.2589304296290837,0.9936835425099577,6.254580403872573,0.041410807423951035,480,0.9930978496301992,0.9942150367370927,0,False,196804,2456.9259245099965,58.0,60.0,0.11623475347687026,mse,unseen_seastate
tcn,roll,20,2.0,552480,0.3539627870475166,0.2539950717830544,6.284508686088847,0.9968277124237888,6.256011418701939,0.056579626115989476,480,0.9965243491268622,0.9971119829119748,0,False,196804,2456.9259245099965,58.0,60.0,0.11623475347687026,mse,unseen_seastate
tcn,roll,30,3.0,552480,0.5324745085296637,0.3867130419194283,8.862684327613989,0.9963903334819981,6.257081399559067,0.08509950159305693,480,0.9960454425503186,0.9967292626256559,0,False,196804,2456.9259245099965,58.0,60.0,0.11623475347687026,mse,unseen_seastate
tcn,roll,50,5.0,552480,0.7865805448719051,0.568639912039915,12.016997215053212,0.9957155559100669,6.257817330579102,0.12569567044219146,480,0.995331389910854,0.9960660383954562,0,False,196804,2456.9259245099965,58.0,60.0,0.11623475347687026,mse,unseen_seastate
tcn,roll,100,10.0,552480,1.5348969116000621,1.1037239176623406,6.560695905344388,0.9452658210222742,6.262670511885362,0.24508664613396453,480,0.9422875361999604,0.9482814128788005,0,False,196804,2456.9259245099965,58.0,60.0,0.11623475347687026,mse,unseen_seastate
tcn,roll,150,15.0,552480,2.7733584575026247,1.9931396744732706,8.759182588361602,0.8997498911377145,6.266850847340364,0.44254419405555684,480,0.8962990662438508,0.903048953726626,0,False,196804,2456.9259245099965,58.0,60.0,0.11623475347687026,mse,unseen_seastate
tcn,pitch,10,1.0,552480,0.11438427633158488,0.08497154451185199,1.2227443273376744,0.9912489262389679,1.799456307655043,0.06356602038348154,480,0.9904609289544278,0.9919255213295071,0,False,196804,2456.9259245099965,58.0,60.0,0.11623475347687026,mse,unseen_seastate
tcn,pitch,20,2.0,552480,0.28914674139712176,0.20625679559061727,2.2573021507983135,0.9835919408180268,1.799280319506967,0.16070133056107277,480,0.9825610901998691,0.9845420456863492,0,False,196804,2456.9259245099965,58.0,60.0,0.11623475347687026,mse,unseen_seastate
tcn,pitch,30,3.0,552480,0.49932601487089295,0.3555085221227308,2.968914608858576,0.9717139064531529,1.7992371121267776,0.2775209623598012,480,0.9700368918318056,0.9732052885341216,0,False,196804,2456.9259245099965,58.0,60.0,0.11623475347687026,mse,unseen_seastate
tcn,pitch,50,5.0,552480,0.8301534185405366,0.5528022587542646,3.3042538995500985,0.9368795772526699,1.79928986304302,0.4613783668722242,480,0.9301522607280586,0.9429819740303023,0,False,196804,2456.9259245099965,58.0,60.0,0.11623475347687026,mse,unseen_seastate
tcn,pitch,100,10.0,552480,1.7316280376699564,1.1713916683035452,2.144800046938002,0.3481681200860376,1.7999808413954967,0.9620258159678258,480,0.29747389650449846,0.3957304618597213,0,False,196804,2456.9259245099965,58.0,60.0,0.11623475347687026,mse,unseen_seastate
tcn,pitch,150,15.0,552480,2.1366357923148667,1.5269823915618814,2.627218955426421,0.3385934967064915,1.8004734061370522,1.186707776428121,480,0.3246170159218131,0.35207498217322136,0,False,196804,2456.9259245099965,58.0,60.0,0.11623475347687026,mse,unseen_seastate
tcn,heave,10,1.0,552480,0.04699130568875994,0.034875669832878264,0.7233414879827762,0.9957796518929678,1.3055841316088745,0.03599255272109691,480,0.9955244439062669,0.995992438508744,0,False,196804,2456.9259245099965,58.0,60.0,0.11623475347687026,mse,unseen_seastate
tcn,heave,20,2.0,552480,0.0820648097415373,0.061396331204929946,1.380698203292396,0.9964672214522604,1.305628210341477,0.06285465425113164,480,0.9963150495260558,0.9966075997313888,0,False,196804,2456.9259245099965,58.0,60.0,0.11623475347687026,mse,unseen_seastate
tcn,heave,30,3.0,552480,0.16524527250688342,0.1245763215538936,1.9152284729826317,0.9925558192759907,1.3056761479380907,0.12655915693017517,480,0.9923652068376689,0.9927327111826834,0,False,196804,2456.9259245099965,58.0,60.0,0.11623475347687026,mse,unseen_seastate
tcn,heave,50,5.0,552480,0.4586229647283828,0.35346428674035374,2.4749198164425676,0.9656608667600303,1.3057420192194966,0.35123551052031193,480,0.964569560173405,0.9666205808017384,0,False,196804,2456.9259245099965,58.0,60.0,0.11623475347687026,mse,unseen_seastate
tcn,heave,100,10.0,552480,0.8650824312556904,0.6622122211679837,1.4735199444148643,0.6553304260966097,1.305818040620474,0.6624831365054789,480,0.6250231972003069,0.6803691199595999,0,False,196804,2456.9259245099965,58.0,60.0,0.11623475347687026,mse,unseen_seastate
tcn,heave,150,15.0,552480,1.2463803077979445,0.9715594160264952,1.853088631948588,0.5476143984322275,1.3056946614824738,0.9545725693500314,480,0.5370241158411886,0.5589697386545017,0,False,196804,2456.9259245099965,58.0,60.0,0.11623475347687026,mse,unseen_seastate
tcn,roll_rate,10,1.0,552480,0.178793579303549,0.12921446439550296,1.7504907046311173,0.9895676002631444,3.29849549860822,0.05420458490211366,480,0.9885570180960382,0.9905295304287753,0,False,196804,2456.9259245099965,58.0,60.0,0.11623475347687026,mse,unseen_seastate
tcn,roll_rate,20,2.0,552480,0.2790779145834673,0.20117717111755998,3.3683938662426685,0.9931355585923178,3.2984962091022343,0.08460762022807512,480,0.9924444496224284,0.9937771383964067,0,False,196804,2456.9259245099965,58.0,60.0,0.11623475347687026,mse,unseen_seastate
tcn,roll_rate,30,3.0,552480,0.3404978878198751,0.244998535260778,4.7339892271498085,0.9948266207851202,3.298745581539261,0.10322041497392229,480,0.9943503596976914,0.9952840407676811,0,False,196804,2456.9259245099965,58.0,60.0,0.11623475347687026,mse,unseen_seastate
tcn,roll_rate,50,5.0,552480,0.4664489079520548,0.32984619527867787,6.355426612693762,0.9946133501625485,3.2999192716903654,0.14135161182689143,480,0.9941377402212329,0.9950681992730407,0,False,196804,2456.9259245099965,58.0,60.0,0.11623475347687026,mse,unseen_seastate
tcn,roll_rate,100,10.0,552480,1.1459015240719495,0.8003171606534331,3.3389898788538668,0.8822219420730362,3.301689525532155,0.3470651965336617,480,0.8760805550828487,0.8884558456442233,0,False,196804,2456.9259245099965,58.0,60.0,0.11623475347687026,mse,unseen_seastate
tcn,roll_rate,150,15.0,552480,1.8812962286533008,1.3238443708789855,4.761617339410243,0.8438991069197266,3.304001175937102,0.5693993822867558,480,0.839014775572653,0.8487276495145146,0,False,196804,2456.9259245099965,58.0,60.0,0.11623475347687026,mse,unseen_seastate
tcn,pitch_rate,10,1.0,552480,0.15501636022767462,0.11033126614224013,0.9747621684004061,0.9747094810965322,1.2561473352708938,0.12340619278887746,480,0.9731886502344285,0.9758964224201336,0,False,196804,2456.9259245099965,58.0,60.0,0.11623475347687026,mse,unseen_seastate
tcn,pitch_rate,20,2.0,552480,0.27718852555744367,0.19333655922056103,1.751047893878861,0.9749415359850515,1.2561590085251526,0.22066356542145787,480,0.9737342700317798,0.9759740354254132,0,False,196804,2456.9259245099965,58.0,60.0,0.11623475347687026,mse,unseen_seastate
tcn,pitch_rate,30,3.0,552480,0.314318218446504,0.2264144000648625,2.205436827446782,0.9796881320837448,1.2560768564976357,0.2502380461996002,480,0.9784601661148259,0.9807562130382749,0,False,196804,2456.9259245099965,58.0,60.0,0.11623475347687026,mse,unseen_seastate
tcn,pitch_rate,50,5.0,552480,0.7736354203029987,0.49620716072367327,2.178494047097516,0.8738869771218726,1.2560330781693776,0.615935546403399,480,0.8649194688722333,0.8823554187075864,0,False,196804,2456.9259245099965,58.0,60.0,0.11623475347687026,mse,unseen_seastate
tcn,pitch_rate,100,10.0,552480,1.3892830353286836,0.9223289326566056,1.6288838168403819,0.2725531829491745,1.2565025790281483,1.1056746388879164,480,0.24285693499778352,0.30237766671316924,0,False,196804,2456.9259245099965,58.0,60.0,0.11623475347687026,mse,unseen_seastate
tcn,pitch_rate,150,15.0,552480,1.5783227509050903,1.097555639297255,1.823440952290954,0.25078196185892065,1.2570019908223502,1.2556247026088854,480,0.23435087876339628,0.2662495019085826,0,False,196804,2456.9259245099965,58.0,60.0,0.11623475347687026,mse,unseen_seastate
tcn,heave_rate,10,1.0,552480,0.042400212021812426,0.030466657348674268,0.4400372453897973,0.990715528619266,0.7346587997035181,0.057714155249925035,480,0.9903327560529054,0.9910635406052227,0,False,196804,2456.9259245099965,58.0,60.0,0.11623475347687026,mse,unseen_seastate
tcn,heave_rate,20,2.0,552480,0.07900451074910288,0.056818477719007804,0.8321184345634247,0.9909856692457838,0.7346759557943757,0.1075365406013301,480,0.9906831520353089,0.9912731382587463,0,False,196804,2456.9259245099965,58.0,60.0,0.11623475347687026,mse,unseen_seastate
tcn,heave_rate,30,3.0,552480,0.1271690973708049,0.09383267607886481,1.136727258581328,0.9874844301444679,0.7346686554485246,0.17309721386325724,480,0.9871076069729708,0.9878564127318776,0,False,196804,2456.9259245099965,58.0,60.0,0.11623475347687026,mse,unseen_seastate
tcn,heave_rate,50,5.0,552480,0.1969806902897613,0.15182763709972266,1.4008682048871834,0.9802279020441765,0.7346202974745552,0.2681394605715806,480,0.9797565203240884,0.9806569229722433,0,False,196804,2456.9259245099965,58.0,60.0,0.11623475347687026,mse,unseen_seastate
tcn,heave_rate,100,10.0,552480,0.5547306352713736,0.4239516483590681,0.7685528637333051,0.4790250867171919,0.7345679295973692,0.7551794911267528,480,0.4574357411445158,0.5011694493048896,0,False,196804,2456.9259245099965,58.0,60.0,0.11623475347687026,mse,unseen_seastate
tcn,heave_rate,150,15.0,552480,0.8097128593814412,0.6248832251310926,1.107687991727122,0.46564832160858716,0.7344952378780877,1.102407228290074,480,0.44730863042829627,0.48388824639496303,0,False,196804,2456.9259245099965,58.0,60.0,0.11623475347687026,mse,unseen_seastate
tcn,roll,10,1.0,552480,0.21808612714538383,0.16220636746450606,3.2589304296290837,0.9955217750880515,6.254580403872573,0.034868226653598386,480,0.9951559587135532,0.9958459078876777,1,False,196804,2459.697538266002,59.0,60.0,0.11568232009552173,mse,unseen_seastate
tcn,roll,20,2.0,552480,0.3324308976591911,0.24582019894083204,6.284508686088847,0.9972019201564267,6.256011418701939,0.05313783422220275,480,0.9969524177937502,0.9974322176996013,1,False,196804,2459.697538266002,59.0,60.0,0.11568232009552173,mse,unseen_seastate
tcn,roll,30,3.0,552480,0.534486450012308,0.39264510213846077,8.862684327613989,0.9963630038797038,6.257081399559067,0.0854210479106078,480,0.9960180213100086,0.996696431940204,1,False,196804,2459.697538266002,59.0,60.0,0.11568232009552173,mse,unseen_seastate
tcn,roll,50,5.0,552480,0.7511368664782044,0.5474517047292026,12.016997215053212,0.9960929745958474,6.257817330579102,0.12003176615714568,480,0.9956941747932554,0.9964476420639158,1,False,196804,2459.697538266002,59.0,60.0,0.11568232009552173,mse,unseen_seastate
tcn,roll,100,10.0,552480,1.5999980849504203,1.1554940638209525,6.560695905344388,0.9405243620351071,6.262670511885362,0.2554817600437269,480,0.937175668875356,0.9438454766128991,1,False,196804,2459.697538266002,59.0,60.0,0.11568232009552173,mse,unseen_seastate
tcn,roll,150,15.0,552480,2.8780080386767297,2.0753836016171667,8.759182588361602,0.8920414988499424,6.266850847340364,0.4592431045168642,480,0.8880292789292354,0.8959381749670166,1,False,196804,2459.697538266002,59.0,60.0,0.11568232009552173,mse,unseen_seastate
tcn,pitch,10,1.0,552480,0.11363147881942602,0.08456424492014963,1.2227443273376744,0.9913637341244373,1.799456307655043,0.0631476731810758,480,0.9904874866676748,0.9920648137676619,1,False,196804,2459.697538266002,59.0,60.0,0.11568232009552173,mse,unseen_seastate
tcn,pitch,20,2.0,552480,0.2630245284582047,0.18697810199748,2.2573021507983135,0.9864227094897551,1.799280319506967,0.14618318535839808,480,0.985537427127203,0.987289844706627,1,False,196804,2459.697538266002,59.0,60.0,0.11568232009552173,mse,unseen_seastate
tcn,pitch,30,3.0,552480,0.4776900010713195,0.3385700741006636,2.968914608858576,0.9741120960757866,1.7992371121267776,0.2654958581343783,480,0.972771159900697,0.9753131480749021,1,False,196804,2459.697538266002,59.0,60.0,0.11568232009552173,mse,unseen_seastate
tcn,pitch,50,5.0,552480,0.8159776400733393,0.5435429918061511,3.3042538995500985,0.9390168724227307,1.79928986304302,0.45349982614437134,480,0.9325918402349276,0.9449089961977809,1,False,196804,2459.697538266002,59.0,60.0,0.11568232009552173,mse,unseen_seastate
tcn,pitch,100,10.0,552480,1.7628398066977555,1.175435512218736,2.144800046938002,0.3244584335656884,1.7999808413954967,0.9793658722117584,480,0.26838728878913204,0.3787624332017768,1,False,196804,2459.697538266002,59.0,60.0,0.11568232009552173,mse,unseen_seastate
tcn,pitch,150,15.0,552480,2.137016613436856,1.5092025421976556,2.627218955426421,0.33835770545544797,1.8004734061370522,1.186919288089827,480,0.32422985975031327,0.35123227729419254,1,False,196804,2459.697538266002,59.0,60.0,0.11568232009552173,mse,unseen_seastate
tcn,heave,10,1.0,552480,0.04868706098798289,0.03424667862569382,0.7233414879827762,0.9954695601619697,1.3055841316088745,0.037291400691264305,480,0.9950315586674179,0.9958479391804842,1,False,196804,2459.697538266002,59.0,60.0,0.11568232009552173,mse,unseen_seastate
tcn,heave,20,2.0,552480,0.0846731147277825,0.06046854018438242,1.380698203292396,0.9962390847059402,1.305628210341477,0.0648523937037458,480,0.9959549453473621,0.9964834110698295,1,False,196804,2459.697538266002,59.0,60.0,0.11568232009552173,mse,unseen_seastate
tcn,heave,30,3.0,552480,0.15925315382976787,0.1188663083815705,1.9152284729826317,0.9930859119741623,1.3056761479380907,0.12196987291317123,480,0.9927776952939124,0.9933466861737175,1,False,196804,2459.697538266002,59.0,60.0,0.11568232009552173,mse,unseen_seastate
tcn,heave,50,5.0,552480,0.45007239854661046,0.3479523408053446,2.4749198164425676,0.966929368066213,1.3057420192194966,0.3446870759475443,480,0.9657899641005318,0.9679928840905038,1,False,196804,2459.697538266002,59.0,60.0,0.11568232009552173,mse,unseen_seastate
tcn,heave,100,10.0,552480,0.8710367080476382,0.6643399080268497,1.4735199444148643,0.6505694444492521,1.305818040620474,0.6670429423947577,480,0.6188808137463031,0.6766186270023774,1,False,196804,2459.697538266002,59.0,60.0,0.11568232009552173,mse,unseen_seastate
tcn,heave,150,15.0,552480,1.231939894917035,0.9625065186978863,1.853088631948588,0.5580362442605438,1.3056946614824738,0.9435130059567692,480,0.5472690668280729,0.5686815355855332,1,False,196804,2459.697538266002,59.0,60.0,0.11568232009552173,mse,unseen_seastate
tcn,roll_rate,10,1.0,552480,0.18014149850607966,0.13133543286095153,1.7504907046311173,0.9894097082560797,3.29849549860822,0.054613231572421206,480,0.9885041549523956,0.9902410481817467,1,False,196804,2459.697538266002,59.0,60.0,0.11568232009552173,mse,unseen_seastate
tcn,roll_rate,20,2.0,552480,0.2547844439865191,0.18490899220163173,3.3683938662426685,0.9942786293857317,3.2984962091022343,0.07724260627719953,480,0.993808542704355,0.9947297850715933,1,False,196804,2459.697538266002,59.0,60.0,0.11568232009552173,mse,unseen_seastate
tcn,roll_rate,30,3.0,552480,0.29347642026831455,0.21359073796398237,4.7339892271498085,0.996156809647641,3.298745581539261,0.08896606695305449,480,0.995853574282441,0.9964487989242742,1,False,196804,2459.697538266002,59.0,60.0,0.11568232009552173,mse,unseen_seastate
tcn,roll_rate,50,5.0,552480,0.45312953951930296,0.3277412443791496,6.355426612693762,0.9949165877270383,3.2999192716903654,0.1373153408347441,480,0.994406936865145,0.9953914037451237,1,False,196804,2459.697538266002,59.0,60.0,0.11568232009552173,mse,unseen_seastate
tcn,roll_rate,100,10.0,552480,1.1634377152692845,0.8178150009941119,3.3389898788538668,0.8785895493105376,3.301689525532155,0.3523764746116659,480,0.8716211970050552,0.8854489482833645,1,False,196804,2459.697538266002,59.0,60.0,0.11568232009552173,mse,unseen_seastate
tcn,roll_rate,150,15.0,552480,1.9084669862802819,1.3583414752966687,4.761617339410243,0.8393575491550619,3.304001175937102,0.5776229742832916,480,0.8344900026824508,0.8441550665989911,1,False,196804,2459.697538266002,59.0,60.0,0.11568232009552173,mse,unseen_seastate
tcn,pitch_rate,10,1.0,552480,0.13437137810912575,0.09605388376171842,0.9747621684004061,0.9809972606324439,1.2561473352708938,0.10697103304378539,480,0.9798494300064902,0.9820300425961023,1,False,196804,2459.697538266002,59.0,60.0,0.11568232009552173,mse,unseen_seastate
tcn,pitch_rate,20,2.0,552480,0.25723831966541666,0.18064914985849784,1.751047893878861,0.9784188154653771,1.2561590085251526,0.2047816541692746,480,0.9774377970165362,0.9792445900716163,1,False,196804,2459.697538266002,59.0,60.0,0.11568232009552173,mse,unseen_seastate
tcn,pitch_rate,30,3.0,552480,0.31651769749850334,0.2246120100306846,2.205436827446782,0.979402868064586,1.2560768564976357,0.2519891166381817,480,0.9782697353710119,0.9805209687903702,1,False,196804,2459.697538266002,59.0,60.0,0.11568232009552173,mse,unseen_seastate
tcn,pitch_rate,50,5.0,552480,0.7852133408661929,0.49281200375105877,2.178494047097516,0.8700840168140125,1.2560330781693776,0.625153393261436,480,0.8595211498522228,0.8799990930417759,1,False,196804,2459.697538266002,59.0,60.0,0.11568232009552173,mse,unseen_seastate
tcn,pitch_rate,100,10.0,552480,1.3979889461841284,0.9199705389046576,1.6288838168403819,0.2634075588340765,1.2565025790281483,1.112603324113679,480,0.23274029071807617,0.29465203583969674,1,False,196804,2459.697538266002,59.0,60.0,0.11568232009552173,mse,unseen_seastate
tcn,pitch_rate,150,15.0,552480,1.598774318990334,1.102050337435732,1.823440952290954,0.23123975132508123,1.2570019908223502,1.2718948185152763,480,0.21064705928291586,0.24889039685655168,1,False,196804,2459.697538266002,59.0,60.0,0.11568232009552173,mse,unseen_seastate
tcn,heave_rate,10,1.0,552480,0.04016753952491132,0.029249564817285523,0.4400372453897973,0.9916675717110972,0.7346587997035181,0.05467509480744189,480,0.9913008435004876,0.992005888596578,1,False,196804,2459.697538266002,59.0,60.0,0.11568232009552173,mse,unseen_seastate
tcn,heave_rate,20,2.0,552480,0.07094364892104957,0.05256192254995673,0.8321184345634247,0.9927312997810593,0.7346759557943757,0.09656454435662187,480,0.9924871410699178,0.9929606038056941,1,False,196804,2459.697538266002,59.0,60.0,0.11568232009552173,mse,unseen_seastate
tcn,heave_rate,30,3.0,552480,0.12103736605984365,0.09032545592626387,1.136727258581328,0.9886622629701125,0.7346686554485246,0.16475095971795448,480,0.9882763767636366,0.989009666095679,1,False,196804,2459.697538266002,59.0,60.0,0.11568232009552173,mse,unseen_seastate
tcn,heave_rate,50,5.0,552480,0.20344095175166604,0.15671418099456044,1.4008682048871834,0.9789097270134783,0.7346202974745552,0.27693347495440335,480,0.9784126020773453,0.9793968414899645,1,False,196804,2459.697538266002,59.0,60.0,0.11568232009552173,mse,unseen_seastate
tcn,heave_rate,100,10.0,552480,0.5607595311188472,0.42936902917975595,0.7685528637333051,0.4676394837021758,0.7345679295973692,0.7633868952408668,480,0.44622644201945294,0.4913596606505495,1,False,196804,2459.697538266002,59.0,60.0,0.11568232009552173,mse,unseen_seastate
tcn,heave_rate,150,15.0,552480,0.8269269039721132,0.636871540381347,1.107687991727122,0.4426867755502625,0.7344952378780877,1.1258437922089939,480,0.42107808154311466,0.46458889874301623,1,False,196804,2459.697538266002,59.0,60.0,0.11568232009552173,mse,unseen_seastate
tcn,roll,10,1.0,552480,0.229165587196025,0.17228469279040065,3.2589304296290837,0.9950552011986504,6.254580403872573,0.036639642054027366,480,0.9946061576948536,0.9954735580649001,2,False,196804,2507.9376422139903,59.0,60.0,0.11544873006204329,mse,unseen_seastate
tcn,roll,20,2.0,552480,0.31592244273187015,0.23355383411003042,6.284508686088847,0.9974729240430532,6.256011418701939,0.05049901951704253,480,0.9972338937687276,0.9976943603421263,2,False,196804,2507.9376422139903,59.0,60.0,0.11544873006204329,mse,unseen_seastate
tcn,roll,30,3.0,552480,0.510919235536837,0.37514198356711875,8.862684327613989,0.9966766663440579,6.257081399559067,0.08165456111420274,480,0.9963793724247687,0.9969575123635231,2,False,196804,2507.9376422139903,59.0,60.0,0.11544873006204329,mse,unseen_seastate
tcn,roll,50,5.0,552480,0.7728053034795971,0.5667206235942366,12.016997215053212,0.9958643072496886,6.257817330579102,0.12349438512742289,480,0.9954938938182196,0.9962011148269899,2,False,196804,2507.9376422139903,59.0,60.0,0.11544873006204329,mse,unseen_seastate
tcn,roll,100,10.0,552480,1.5630040628516286,1.1261725635472226,6.560695905344388,0.943242873832145,6.262670511885362,0.24957469180046166,480,0.9402370176756143,0.9462129676755975,2,False,196804,2507.9376422139903,59.0,60.0,0.11544873006204329,mse,unseen_seastate
tcn,roll,150,15.0,552480,2.871096327892049,2.0705202966043044,8.759182588361602,0.8925594139710298,6.266850847340364,0.45814020435966424,480,0.8888751028194727,0.8961211320184216,2,False,196804,2507.9376422139903,59.0,60.0,0.11544873006204329,mse,unseen_seastate
tcn,pitch,10,1.0,552480,0.09829650672358678,0.07278716630933686,1.2227443273376744,0.9935374360330657,1.799456307655043,0.05462567015682733,480,0.9930583289628014,0.9939384244657655,2,False,196804,2507.9376422139903,59.0,60.0,0.11544873006204329,mse,unseen_seastate
tcn,pitch,20,2.0,552480,0.2530078565144429,0.18084344050597434,2.2573021507983135,0.9874371369979137,1.799280319506967,0.14061614178260523,480,0.9867257754129697,0.9880816935765879,2,False,196804,2507.9376422139903,59.0,60.0,0.11544873006204329,mse,unseen_seastate
tcn,pitch,30,3.0,552480,0.4518618558096085,0.3217514006190883,2.968914608858576,0.9768358723313797,1.7992371121267776,0.25114080449101445,480,0.9756227440946774,0.9780227224689793,2,False,196804,2507.9376422139903,59.0,60.0,0.11544873006204329,mse,unseen_seastate
tcn,pitch,50,5.0,552480,0.7741866938919106,0.5141369580678645,3.3042538995500985,0.9451035092586758,1.79928986304302,0.4302734705471968,480,0.9392244774886186,0.9506177398194428,2,False,196804,2507.9376422139903,59.0,60.0,0.11544873006204329,mse,unseen_seastate
tcn,pitch,100,10.0,552480,1.6904346268746886,1.135369148182817,2.144800046938002,0.37881188273900435,1.7999808413954967,0.939140344162842,480,0.3287970323890266,0.42769070895515604,2,False,196804,2507.9376422139903,59.0,60.0,0.11544873006204329,mse,unseen_seastate
tcn,pitch,150,15.0,552480,2.133013780320714,1.513533098946744,2.627218955426421,0.3408340205939845,1.8004734061370522,1.1846960766263874,480,0.3251002588286782,0.3566203908889212,2,False,196804,2507.9376422139903,59.0,60.0,0.11544873006204329,mse,unseen_seastate
tcn,heave,10,1.0,552480,0.04586242366267354,0.033849797115218176,0.7233414879827762,0.9959799888898189,1.3055841316088745,0.03512789605228823,480,0.9957903441713052,0.9961576801343601,2,False,196804,2507.9376422139903,59.0,60.0,0.11544873006204329,mse,unseen_seastate
tcn,heave,20,2.0,552480,0.07459588306824767,0.05424494022736934,1.380698203292396,0.9970810127392475,1.305628210341477,0.05713409259802812,480,0.9969162350402401,0.9972252392321235,2,False,196804,2507.9376422139903,59.0,60.0,0.11544873006204329,mse,unseen_seastate
tcn,heave,30,3.0,552480,0.14707700318802433,0.10868347251351893,1.9152284729826317,0.9941027659401083,1.3056761479380907,0.11264432104414766,480,0.9939269305219944,0.9942635340484524,2,False,196804,2507.9376422139903,59.0,60.0,0.11544873006204329,mse,unseen_seastate
tcn,heave,50,5.0,552480,0.4219747540489625,0.3257357214991586,2.4749198164425676,0.9709296225036823,1.3057420192194966,0.3231685492523222,480,0.969986475145052,0.9717543927516384,2,False,196804,2507.9376422139903,59.0,60.0,0.11544873006204329,mse,unseen_seastate
tcn,heave,100,10.0,552480,0.8264570711577209,0.6325654054754671,1.4735199444148643,0.6854218437569353,1.305818040620474,0.6329037013189224,480,0.6575182717305588,0.7094076755498512,2,False,196804,2507.9376422139903,59.0,60.0,0.11544873006204329,mse,unseen_seastate
tcn,heave,150,15.0,552480,1.1978224421282784,0.9377526426390771,1.853088631948588,0.5821768415651207,1.3056946614824738,0.9173832730297615,480,0.57173698758721,0.5921317283782686,2,False,196804,2507.9376422139903,59.0,60.0,0.11544873006204329,mse,unseen_seastate
tcn,roll_rate,10,1.0,552480,0.16122044141035594,0.11755811263709666,1.7504907046311173,0.9915175639546846,3.29849549860822,0.04887696268749856,480,0.9907385428204021,0.9922336000463355,2,False,196804,2507.9376422139903,59.0,60.0,0.11544873006204329,mse,unseen_seastate
tcn,roll_rate,20,2.0,552480,0.26002357628001105,0.19030049494722961,3.3683938662426685,0.9940409131012999,3.2984962091022343,0.07883094592089368,480,0.9935500762302578,0.9945293036974444,2,False,196804,2507.9376422139903,59.0,60.0,0.11544873006204329,mse,unseen_seastate
tcn,roll_rate,30,3.0,552480,0.3197473200924679,0.23489531612544898,4.7339892271498085,0.9954379578260556,3.298745581539261,0.09692997298181068,480,0.9950588911564964,0.9957959242449813,2,False,196804,2507.9376422139903,59.0,60.0,0.11544873006204329,mse,unseen_seastate
tcn,roll_rate,50,5.0,552480,0.4283258134048664,0.3091609097442569,6.355426612693762,0.9954578750179749,3.2999192716903654,0.1297988763178012,480,0.9950106718572157,0.9958765476443465,2,False,196804,2507.9376422139903,59.0,60.0,0.11544873006204329,mse,unseen_seastate
tcn,roll_rate,100,10.0,552480,1.0986734825221225,0.7732524391768079,3.3389898788538668,0.8917302634908866,3.301689525532155,0.332760992221109,480,0.8858673290317546,0.897575466567578,2,False,196804,2507.9376422139903,59.0,60.0,0.11544873006204329,mse,unseen_seastate
tcn,roll_rate,150,15.0,552480,1.797505599217927,1.2725212605859675,4.761617339410243,0.857494534299477,3.304001175937102,0.5440390313142388,480,0.8532094114884035,0.8617456135625988,2,False,196804,2507.9376422139903,59.0,60.0,0.11544873006204329,mse,unseen_seastate
tcn,pitch_rate,10,1.0,552480,0.13332640617114094,0.0970567559730499,0.9747621684004061,0.9812916703046396,1.2561473352708938,0.10613914660129299,480,0.9797786003802771,0.9825081066136903,2,False,196804,2507.9376422139903,59.0,60.0,0.11544873006204329,mse,unseen_seastate
tcn,pitch_rate,20,2.0,552480,0.24087867290845405,0.1711390474037822,1.751047893878861,0.9810765354960137,1.2561590085251526,0.19175810647671745,480,0.9802460867212964,0.9818146250395385,2,False,196804,2507.9376422139903,59.0,60.0,0.11544873006204329,mse,unseen_seastate
tcn,pitch_rate,30,3.0,552480,0.29558986788755026,0.21111390300896324,2.205436827446782,0.9820365461695135,1.2560768564976357,0.23532785144354473,480,0.9811662772932916,0.9829558351032451,2,False,196804,2507.9376422139903,59.0,60.0,0.11544873006204329,mse,unseen_seastate
tcn,pitch_rate,50,5.0,552480,0.7309649679436407,0.4655474926519724,2.178494047097516,0.8874150415027379,1.2560330781693776,0.5819631510095225,480,0.8782471276303189,0.8961982016814435,2,False,196804,2507.9376422139903,59.0,60.0,0.11544873006204329,mse,unseen_seastate
tcn,pitch_rate,100,10.0,552480,1.3661266918470367,0.8982500521660899,1.6288838168403819,0.29660101626583335,1.2565025790281483,1.0872454339916102,480,0.26754512402871183,0.32567929127234535,2,False,196804,2507.9376422139903,59.0,60.0,0.11544873006204329,mse,unseen_seastate
tcn,pitch_rate,150,15.0,552480,1.6009530365499085,1.1047171008734178,1.823440952290954,0.2291430793065068,1.2570019908223502,1.27362808351842,480,0.20874404828082851,0.24977076231380602,2,False,196804,2507.9376422139903,59.0,60.0,0.11544873006204329,mse,unseen_seastate
tcn,heave_rate,10,1.0,552480,0.041906876501907865,0.030228027029420446,0.4400372453897973,0.9909303253180582,0.7346587997035181,0.057042638730823034,480,0.9904731016207348,0.9913311143893037,2,False,196804,2507.9376422139903,59.0,60.0,0.11544873006204329,mse,unseen_seastate
tcn,heave_rate,20,2.0,552480,0.07408397567240581,0.052978020722122536,0.8321184345634247,0.9920735582183897,0.7346759557943757,0.10083898225892227,480,0.991741357769392,0.9923712644350458,2,False,196804,2507.9376422139903,59.0,60.0,0.11544873006204329,mse,unseen_seastate
tcn,heave_rate,30,3.0,552480,0.1181061978349001,0.08727210959805502,1.136727258581328,0.9892047469184945,0.7346686554485246,0.16076117710887608,480,0.9889023480803601,0.9894874633810459,2,False,196804,2507.9376422139903,59.0,60.0,0.11544873006204329,mse,unseen_seastate
tcn,heave_rate,50,5.0,552480,0.1957851000558078,0.15101753205406318,1.4008682048871834,0.9804671903397113,0.7346202974745552,0.26651196642519825,480,0.9799413859761192,0.980969748568816,2,False,196804,2507.9376422139903,59.0,60.0,0.11544873006204329,mse,unseen_seastate
tcn,heave_rate,100,10.0,552480,0.554050003069166,0.42383099859057793,0.7685528637333051,0.4803027330007609,0.7345679295973692,0.7542529162317928,480,0.45861200320805784,0.5038442524107545,2,False,196804,2507.9376422139903,59.0,60.0,0.11544873006204329,mse,unseen_seastate
tcn,heave_rate,150,15.0,552480,0.813730108438028,0.6279842363991431,1.107687991727122,0.4603329834597376,0.7344952378780877,1.1078766293827105,480,0.4409277127715556,0.4808311961679307,2,False,196804,2507.9376422139903,59.0,60.0,0.11544873006204329,mse,unseen_seastate
