model,regime,dof,horizon_samples,horizon_s,n_seeds,deterministic,n_windows,rmse_mean,rmse_std,mae_mean,mae_std,rmse_persistence,skill_mean,skill_std,skill_ci_lo,skill_ci_hi,signal_std,nrmse_mean,nrmse_std,n_params,fit_time_s_mean
ar20,id,heave,10,1.0,1,True,441984,0.0016061319304237994,,0.0010985023878083812,,0.44176164489730846,0.9999867813708245,,0.9999848966416847,0.9999884173810053,0.7588420523524625,0.0021165563050237926,,108900,0.06753703999856953
ar20,id,heave,20,2.0,1,True,441984,0.014727442571394743,,0.01008847582836966,,0.8382274709219251,0.9996913040750851,,0.9996474374725604,0.9997290143250678,0.7589901623461219,0.019403996655069415,,108900,0.06753703999856953
ar20,id,heave,30,3.0,1,True,441984,0.05670760906354425,,0.03858492830448605,,1.1512678447482159,0.9975737814228959,,0.9972272101029449,0.9978742385074248,0.7591491660051453,0.07469890187979197,,108900,0.06753703999856953
ar20,id,heave,50,5.0,1,True,441984,0.24439729160945278,,0.16082304215976828,,1.4417657704203946,0.9712655190569083,,0.9670907646065353,0.9748139879226412,0.7592428798701399,0.3218960599949969,,108900,0.06753703999856953
ar20,id,heave,100,10.0,1,True,441984,0.4538767247251004,,0.30851421186949934,,0.8330535871021622,0.7031548573121847,,0.6700239161431135,0.7296704866054382,0.7593228844826043,0.5977387669994535,,108900,0.06753703999856953
ar20,id,heave,150,15.0,1,True,441984,0.6332544577571538,,0.43054023624708476,,1.106950994995508,0.6727348793843421,,0.6466584317285161,0.6947828848638874,0.7589789870887942,0.8343504478116314,,108900,0.06753703999856953
ar20,id,heave_rate,10,1.0,1,True,441984,0.0048035403320003745,,0.0032924758821409527,,0.2852552458521747,0.9997164330556674,,0.9996811072733849,0.9997484767822051,0.4495774018198838,0.010684568024450744,,108900,0.06753703999856953
ar20,id,heave_rate,20,2.0,1,True,441984,0.024817593046641172,,0.016958878927724488,,0.5352136906829078,0.997849869154993,,0.9975779187659081,0.9981048899477929,0.4495800662022177,0.05520172025482644,,108900,0.06753703999856953
ar20,id,heave_rate,30,3.0,1,True,441984,0.06275649732493167,,0.042116897421298635,,0.7215930065668222,0.9924363267178842,,0.9914512032516487,0.9933533383243659,0.4495552834133054,0.13959684078995807,,108900,0.06753703999856953
ar20,id,heave_rate,50,5.0,1,True,441984,0.12995966524824915,,0.0837492741849544,,0.8524435901074202,0.9767573378689438,,0.9736039881458036,0.9794911199706319,0.44953242177486064,0.2890996487753599,,108900,0.06753703999856953
ar20,id,heave_rate,100,10.0,1,True,441984,0.3149159599901026,,0.21120019360036854,,0.47857922016872095,0.5670062105120062,,0.5476271753236298,0.5873887883951436,0.4494169755457696,0.7007211056228357,,108900,0.06753703999856953
ar20,id,heave_rate,150,15.0,1,True,441984,0.41467236429207954,,0.28012693736512295,,0.6816023493244259,0.6298753340131884,,0.6050790650878618,0.6526177536080278,0.4492651780163546,0.9230013466055547,,108900,0.06753703999856953
ar20,id,pitch,10,1.0,1,True,441984,0.0086033282484045,,0.0055886920069708,,0.8966907219950414,0.9999079449466677,,0.999894597491084,0.999919492401543,1.2414942738632275,0.006929817099867114,,108900,0.06753703999856953
ar20,id,pitch,20,2.0,1,True,441984,0.08397898264881754,,0.05651382840475385,,1.6403012048843704,0.9973788371111859,,0.9970704677160545,0.9976513149916929,1.2415327853866043,0.06764137333889825,,108900,0.06753703999856953
ar20,id,pitch,30,3.0,1,True,441984,0.27275102519499245,,0.18935407068677285,,2.122998045479648,0.9834943134035458,,0.981807373598916,0.9849969844755523,1.2416332907389511,0.2196711599385888,,108900,0.06753703999856953
ar20,id,pitch,50,5.0,1,True,441984,0.6068038089809064,,0.4209922872653161,,2.2344126987335295,0.9262486771202788,,0.9180027466385209,0.9332204741663968,1.2414203979989746,0.48879800103091875,,108900,0.06753703999856953
ar20,id,pitch,100,10.0,1,True,441984,1.0389138900322052,,0.6873893814935347,,1.559113656168873,0.5559789551873437,,0.5433638605410818,0.5679582239549883,1.2413004417338516,0.8369560302266933,,108900,0.06753703999856953
ar20,id,pitch,150,15.0,1,True,441984,1.2230976336149202,,0.7950033096074519,,1.7864119156340135,0.5312308334527958,,0.5097711381924876,0.5488439380292238,1.2412541101955465,0.9853724741521573,,108900,0.06753703999856953
ar20,id,pitch_rate,10,1.0,1,True,441984,0.027863691199538593,,0.018256241747557418,,0.7532807082973466,0.998631755829718,,0.9984865557703564,0.9987634725752812,0.9239888688455106,0.030155873235089108,,108900,0.06753703999856953
ar20,id,pitch_rate,20,2.0,1,True,441984,0.13673005501913654,,0.09347424830004461,,1.3419571056400967,0.9896187246903907,,0.9887107607115435,0.9904432091297604,0.923970107339699,0.14798103740911125,,108900,0.06753703999856953
ar20,id,pitch_rate,30,3.0,1,True,441984,0.24800601800405955,,0.17334055814089463,,1.664455273751304,0.9777986092998258,,0.9757615743483787,0.9796358010655325,0.9238185246193283,0.2684575069613956,,108900,0.06753703999856953
ar20,id,pitch_rate,50,5.0,1,True,441984,0.43787978216900225,,0.2760860598199026,,1.549581026050816,0.9201488441901908,,0.9097381543519983,0.9290253266457229,0.9236574909668279,0.47407159737388865,,108900,0.06753703999856953
ar20,id,pitch_rate,100,10.0,1,True,441984,0.8285205360124752,,0.5475116904516907,,1.2730734843521008,0.5764549509619696,,0.5616508292823329,0.5910297591179822,0.923592844476832,0.8970625324428424,,108900,0.06753703999856953
ar20,id,pitch_rate,150,15.0,1,True,441984,0.9113217426971421,,0.5816425732401177,,1.3086174999358147,0.5150264910806717,,0.5000382419396306,0.5289619830050085,0.9235658452936027,0.9867425775229179,,108900,0.06753703999856953
ar20,id,roll,10,1.0,1,True,441984,0.006651937047320154,,0.004511711324624374,,1.9441887058497527,0.9999882937059441,,0.9999852797452021,0.9999904913904358,3.6812260110585493,0.001806989581008466,,108900,0.06753703999856953
ar20,id,roll,20,2.0,1,True,441984,0.05244617390057111,,0.03611315196352023,,3.7433237763378164,0.999803703373593,,0.9997549330059441,0.9998393387509293,3.68200459667907,0.01424391863819892,,108900,0.06753703999856953
ar20,id,roll,30,3.0,1,True,441984,0.17414970941050884,,0.12200085215999348,,5.265474435851124,0.9989061179620565,,0.9986541808382486,0.9990933239193096,3.682905472408515,0.04728595689332746,,108900,0.06753703999856953
ar20,id,roll,50,5.0,1,True,441984,0.5647373742743149,,0.3961203167101946,,7.084126957314898,0.9936449292618695,,0.992270006574132,0.9946060630850377,3.6839516687677145,0.15329662955736337,,108900,0.06753703999856953
ar20,id,roll,100,10.0,1,True,441984,1.026952694504843,,0.7241005849029464,,3.791928940503627,0.9266533138256625,,0.9153667605364818,0.9347374485909055,3.687975218896941,0.27845976004470024,,108900,0.06753703999856953
ar20,id,roll,150,15.0,1,True,441984,1.6448135234459016,,1.09527875706088,,5.250895133025821,0.9018779425233654,,0.8908868906868799,0.9108366837455588,3.691026864737781,0.4456249124490599,,108900,0.06753703999856953
ar20,id,roll_rate,10,1.0,1,True,441984,0.018878933849296228,,0.012822995824215382,,1.067152512176711,0.9996870305495611,,0.9996078934070087,0.9997454476004958,1.9689364482018927,0.009588391675382507,,108900,0.06753703999856953
ar20,id,roll_rate,20,2.0,1,True,441984,0.08090227445935719,,0.05624730751945185,,2.047558406358368,0.9984388347880251,,0.9980825394307696,0.9987063789425378,1.9690140692926346,0.04108770766093165,,108900,0.06753703999856953
ar20,id,roll_rate,30,3.0,1,True,441984,0.16781271539238948,,0.11859156629336882,,2.8646272877409147,0.9965682670831992,,0.9958584712773683,0.9970910019586534,1.9690705168546092,0.08522432993433536,,108900,0.06753703999856953
ar20,id,roll_rate,50,5.0,1,True,441984,0.2619001434622469,,0.18268123763744468,,3.7964230491902806,0.9952409280610425,,0.9943437536606132,0.9959255255594688,1.9696305994416974,0.13296916870426562,,108900,0.06753703999856953
ar20,id,roll_rate,100,10.0,1,True,441984,0.6787031770828149,,0.4749281963605656,,1.9586932675176199,0.8799321032085476,,0.8617919557624376,0.8932260807794749,1.9713538426324322,0.3442827778581413,,108900,0.06753703999856953
ar20,id,roll_rate,150,15.0,1,True,441984,1.0162156128335695,,0.6988293242228253,,2.8973020365613404,0.8769776035830751,,0.8629998598683313,0.8877144500051445,1.9735510474462146,0.5149173182768988,,108900,0.06753703999856953
damped_persistence,id,heave,10,1.0,1,True,441984,0.5354372316361904,,0.34521293481953663,,0.44176164489730846,-0.469065366782474,,-0.5224927718951771,-0.4137075079396006,0.7588420523524625,0.7055977327248776,,6,0.14087614801246673
damped_persistence,id,heave,20,2.0,1,True,441984,0.7863406097022022,,0.505867344964578,,0.8382274709219251,0.11996968993308887,,0.08858602473199108,0.15288790810666988,0.7589901623461219,1.036035312067204,,6,0.14087614801246673
damped_persistence,id,heave,30,3.0,1,True,441984,0.8686528066514569,,0.5562175381013482,,1.1512678447482159,0.43070193889185426,,0.41090442388311327,0.4514856099318436,0.7591491660051453,1.144245222875697,,6,0.14087614801246673
damped_persistence,id,heave,50,5.0,1,True,441984,0.8047806122427762,,0.5104538405552985,,1.4417657704203946,0.6884228577828976,,0.6798082746430569,0.6968084527240542,0.7592428798701399,1.0599778194567,,6,0.14087614801246673
damped_persistence,id,heave,100,10.0,1,True,441984,0.7274213789806431,,0.4703724615143037,,0.8330535871021622,0.23752388421588044,,0.1584371821145957,0.30128739189983156,0.7593228844826043,0.9579869036560137,,6,0.14087614801246673
damped_persistence,id,heave,150,15.0,1,True,441984,0.8216449312929597,,0.5152893859751727,,1.106950994995508,0.4490507820581209,,0.41127113277300176,0.4849994748981154,0.7589789870887942,1.0825661121983527,,6,0.14087614801246673
damped_persistence,id,heave_rate,10,1.0,1,True,441984,0.3356320199572656,,0.22528270045800383,,0.2852552458521747,-0.3843933155476482,,-0.4273887181533846,-0.34233453521188845,0.4495774018198838,0.7465500236413826,,6,0.14087614801246673
damped_persistence,id,heave_rate,20,2.0,1,True,441984,0.47370812639207766,,0.3175445613623637,,0.5352136906829078,0.21662944773927428,,0.19391736026831982,0.23908664985898698,0.4495800662022177,1.0536679937651137,,6,0.14087614801246673
damped_persistence,id,heave_rate,30,3.0,1,True,441984,0.5083480748463821,,0.3396307096806425,,0.7215930065668222,0.5037074735185064,,0.49084546826074527,0.5162577757293798,0.4495552834133054,1.130779892045056,,6,0.14087614801246673
damped_persistence,id,heave_rate,50,5.0,1,True,441984,0.461346710137012,,0.30603171947808305,,0.8524435901074202,0.707097177239556,,0.7026063430357192,0.7114944167997238,0.44953242177486064,1.0262812820385807,,6,0.14087614801246673
damped_persistence,id,heave_rate,100,10.0,1,True,441984,0.4461353770197047,,0.29733373755852416,,0.47857922016872095,0.13098824728902214,,0.07371600477459303,0.18556971619862786,0.4494169755457696,0.992698098414997,,6,0.14087614801246673
damped_persistence,id,heave_rate,150,15.0,1,True,441984,0.47159001569915504,,0.310825520444868,,0.6816023493244259,0.521296011147084,,0.4973099940411613,0.5427554670803107,0.4492651780163546,1.0496918941756659,,6,0.14087614801246673
damped_persistence,id,pitch,10,1.0,1,True,441984,1.006938496579829,,0.6371671893870283,,0.8966907219950414,-0.26101582666146506,,-0.30392728990825874,-0.21942542452103736,1.2414942738632275,0.8110697872544202,,6,0.14087614801246673
damped_persistence,id,pitch,20,2.0,1,True,441984,1.3612749980264456,,0.8591786172348002,,1.6403012048843704,0.31127709228898737,,0.28920033106006116,0.33282495928586076,1.2415327853866043,1.0964470806162034,,6,0.14087614801246673
damped_persistence,id,pitch,30,3.0,1,True,441984,1.4089695957766797,,0.885354670755326,,2.122998045479648,0.5595424543802403,,0.5466364183061285,0.5721411846916329,1.2416332907389511,1.1347711166298862,,6,0.14087614801246673
damped_persistence,id,pitch,50,5.0,1,True,441984,1.2395616442402386,,0.7750688369971045,,2.2344126987335295,0.6922419107172287,,0.6864663973938248,0.6972954682704549,1.2414203979989746,0.9985027201407902,,6,0.14087614801246673
damped_persistence,id,pitch,100,10.0,1,True,441984,1.2610256823254822,,0.7929742164955066,,1.559113656168873,0.3458274566182902,,0.3132934676028172,0.37835282913047164,1.2413004417338516,1.01589078673337,,6,0.14087614801246673
damped_persistence,id,pitch,150,15.0,1,True,441984,1.2819601263069778,,0.8038842171335799,,1.7864119156340135,0.4850253860582223,,0.4620175036095425,0.5076616248484506,1.2412541101955465,1.0327942649108477,,6,0.14087614801246673
damped_persistence,id,pitch_rate,10,1.0,1,True,441984,0.8060023691164395,,0.5086328521273484,,0.7532807082973466,-0.14487730478801297,,-0.17319138185626337,-0.11917066076200697,0.9239888688455106,0.8723074447027801,,6,0.14087614801246673
damped_persistence,id,pitch_rate,20,2.0,1,True,441984,1.031840692612583,,0.651970272071983,,1.3419571056400967,0.40878147485296157,,0.39506319401968265,0.42124403391798215,0.923970107339699,1.116746834573973,,6,0.14087614801246673
damped_persistence,id,pitch_rate,30,3.0,1,True,441984,1.0290082631029718,,0.6505146025870259,,1.664455273751304,0.6177975511272602,,0.6107986194797468,0.6243077811701337,0.9238185246193283,1.1138640714386934,,6,0.14087614801246673
damped_persistence,id,pitch_rate,50,5.0,1,True,441984,0.8972623200539797,,0.5675205516417666,,1.549581026050816,0.6647179675800698,,0.656954124177531,0.671954986303713,0.9236574909668279,0.9714232048448831,,6,0.14087614801246673
damped_persistence,id,pitch_rate,100,10.0,1,True,441984,0.9538198962303109,,0.6002330329495356,,1.2730734843521008,0.4386602339696717,,0.41659809018189453,0.46099278013605627,0.923592844476832,1.0327276807461636,,6,0.14087614801246673
damped_persistence,id,pitch_rate,150,15.0,1,True,441984,0.9384921058307679,,0.5946479771322968,,1.3086174999358147,0.48567717254583187,,0.47116512427082274,0.49997072794866315,0.9235658452936027,1.0161615553598349,,6,0.14087614801246673
damped_persistence,id,roll,10,1.0,1,True,441984,2.477950528558388,,1.280711816063831,,1.9441887058497527,-0.6244577909844251,,-0.6471757984473158,-0.600286284510322,3.6812260110585493,0.6731318645240815,,6,0.14087614801246673
damped_persistence,id,roll,20,2.0,1,True,441984,3.6663358825080405,,1.8938561315566271,,3.7433237763378164,0.040710450997844316,,0.02754188535570679,0.05499407362474879,3.68200459667907,0.9957445153150646,,6,0.14087614801246673
damped_persistence,id,roll,30,3.0,1,True,441984,4.056394355315498,,2.0928792052473564,,5.265474435851124,0.40652104647605725,,0.3987816074332009,0.41486943488668315,3.682905472408515,1.1014114768095669,,6,0.14087614801246673
damped_persistence,id,roll,50,5.0,1,True,441984,3.688017279793033,,1.9050139760569496,,7.084126957314898,0.7289725849656126,,0.7263709512505966,0.7316160000062211,3.6839516687677145,1.0011036005330327,,6,0.14087614801246673
damped_persistence,id,roll,100,10.0,1,True,441984,3.6190325491802224,,1.8787039817076419,,3.791928940503627,0.08911280310306735,,0.0483462255680003,0.12698229266848932,3.687975218896941,0.9813060919272286,,6,0.14087614801246673
damped_persistence,id,roll,150,15.0,1,True,441984,4.129677442135274,,2.0893006227869146,,5.250895133025821,0.3814631576765518,,0.3574011895025961,0.4053805620109343,3.691026864737781,1.1188424233884995,,6,0.14087614801246673
damped_persistence,id,roll_rate,10,1.0,1,True,441984,1.344668376967381,,0.7247532453258043,,1.067152512176711,-0.5877327422777958,,-0.6136409226614404,-0.5592152084373617,1.9689364482018927,0.6829414825427114,,6,0.14087614801246673
damped_persistence,id,roll_rate,20,2.0,1,True,441984,1.9701201082368822,,1.0606476065379362,,2.047558406358368,0.07420930850217655,,0.06019636845278073,0.08948607842385692,1.9690140692926346,1.0005617222149383,,6,0.14087614801246673
damped_persistence,id,roll_rate,30,3.0,1,True,441984,2.1629055441455374,,1.1618570892606825,,2.8646272877409147,0.4299159917493134,,0.42264763655665116,0.4376390329660237,1.9690705168546092,1.098439860650882,,6,0.14087614801246673
damped_persistence,id,roll_rate,50,5.0,1,True,441984,1.9569514899246176,,1.050500611975273,,3.7964230491902806,0.7342881534207928,,0.7322684215918759,0.736140270579408,1.9696305994416974,0.9935626967205557,,6,0.14087614801246673
damped_persistence,id,roll_rate,100,10.0,1,True,441984,1.9564100438098593,,1.0529401440783281,,1.9586932675176199,0.0023300156111788484,,-0.03878697497462452,0.04081599112598678,1.9713538426324322,0.9924195248466314,,6,0.14087614801246673
damped_persistence,id,roll_rate,150,15.0,1,True,441984,2.1757894951814554,,1.1419351092575027,,2.8973020365613404,0.43604271916573767,,0.41427826458931427,0.45608896772070795,1.9735510474462146,1.1024743940608672,,6,0.14087614801246673
dlinear_ols,id,heave,10,1.0,1,True,441984,0.00437498515781922,,0.002674113539017027,,0.44176164489730846,0.9999019207456975,,0.9998882298415064,0.9999153416986347,0.7588420523524625,0.005765343584025774,,30300,0.027828261998365633
dlinear_ols,id,heave,20,2.0,1,True,441984,0.04541235893741084,,0.027565841067220084,,0.8382274709219251,0.9970648902554718,,0.9966448511289845,0.9974746182518974,0.7589901623461219,0.05983260546755475,,30300,0.027828261998365633
dlinear_ols,id,heave,30,3.0,1,True,441984,0.17293430262635012,,0.1038367318556171,,1.1512678447482159,0.9774363401476224,,0.9740908365530443,0.980636717571799,0.7591491660051453,0.22780016151025848,,30300,0.027828261998365633
dlinear_ols,id,heave,50,5.0,1,True,441984,0.48479069805357633,,0.2784330864354584,,1.4417657704203946,0.8869373565286223,,0.8682135113533707,0.9051486544525927,0.7592428798701399,0.6385185964950957,,30300,0.027828261998365633
dlinear_ols,id,heave,100,10.0,1,True,441984,0.6570667307113796,,0.4107918863180149,,0.8330535871021622,0.3778815538146959,,0.34652134577210136,0.4105200651305205,0.7593228844826043,0.8653324483419182,,30300,0.027828261998365633
dlinear_ols,id,heave,150,15.0,1,True,441984,0.7581273486089792,,0.4898741285212484,,1.106950994995508,0.5309409309389825,,0.49620219808478366,0.563234298676751,0.7589789870887942,0.9988779156020096,,30300,0.027828261998365633
dlinear_ols,id,heave_rate,10,1.0,1,True,441984,0.0024839013374580807,,0.001667478246834286,,0.2852552458521747,0.9999241769233044,,0.9999188139436921,0.99992930847612,0.4495774018198838,0.005524969287609383,,30300,0.027828261998365633
dlinear_ols,id,heave_rate,20,2.0,1,True,441984,0.025366426004122956,,0.016993966090018044,,0.5352136906829078,0.997753718733113,,0.9975917517238294,0.9979133850117416,0.4495800662022177,0.05642248825310091,,30300,0.027828261998365633
dlinear_ols,id,heave_rate,30,3.0,1,True,441984,0.0944203697926624,,0.06296488672164945,,0.7215930065668222,0.9828783047425147,,0.9815502699863666,0.984195239055468,0.4495552834133054,0.21003060864008488,,30300,0.027828261998365633
dlinear_ols,id,heave_rate,50,5.0,1,True,441984,0.2463133817172922,,0.16001969049391668,,0.8524435901074202,0.9165080287778553,,0.9082420701448038,0.9247640831456195,0.44953242177486064,0.5479324066210587,,30300,0.027828261998365633
dlinear_ols,id,heave_rate,100,10.0,1,True,441984,0.3720342349966705,,0.25080147352460325,,0.47857922016872095,0.39569228808435664,,0.3724362360426661,0.4212839353116792,0.4494169755457696,0.8278152700949359,,30300,0.027828261998365633
dlinear_ols,id,heave_rate,150,15.0,1,True,441984,0.45321897611726586,,0.3047487371700197,,0.6816023493244259,0.5578658982194853,,0.5380696053937933,0.5759597779989696,0.4492651780163546,1.0088005888156488,,30300,0.027828261998365633
dlinear_ols,id,pitch,10,1.0,1,True,441984,0.010281419219372156,,0.005994852634109568,,0.8966907219950414,0.999868531779983,,0.9998514346994541,0.9998841303530006,1.2414942738632275,0.008281487426743327,,30300,0.027828261998365633
dlinear_ols,id,pitch,20,2.0,1,True,441984,0.09893511625637993,,0.058832505944815934,,1.6403012048843704,0.9963620751028549,,0.9959380762665039,0.9967453801133999,1.2415327853866043,0.0796878805142244,,30300,0.027828261998365633
dlinear_ols,id,pitch,30,3.0,1,True,441984,0.34223774224207965,,0.20758107773782963,,2.122998045479648,0.9740129719210537,,0.9714020075885522,0.9763874959093714,1.2416332907389511,0.2756351209288201,,30300,0.027828261998365633
dlinear_ols,id,pitch,50,5.0,1,True,441984,0.7460568240318161,,0.46160023222217783,,2.2344126987335295,0.8885148474512532,,0.8774498767971657,0.8978940187583965,1.2414203979989746,0.6009703282098255,,30300,0.027828261998365633
dlinear_ols,id,pitch,100,10.0,1,True,441984,1.122685490955564,,0.7077356354963195,,1.559113656168873,0.48148578249751706,,0.46775527721734084,0.4959969810089731,1.2413004417338516,0.904442996400931,,30300,0.027828261998365633
dlinear_ols,id,pitch,150,15.0,1,True,441984,1.2826733147932783,,0.8039001917139015,,1.7864119156340135,0.48445223854763253,,0.46241262437125363,0.506146430684724,1.2412541101955465,1.0333688358068813,,30300,0.027828261998365633
dlinear_ols,id,pitch_rate,10,1.0,1,True,441984,0.015432946033099313,,0.007102658755002205,,0.7532807082973466,0.999580256495036,,0.9994864383997504,0.999669928699928,0.9239888688455106,0.01670252375700391,,30300,0.027828261998365633
dlinear_ols,id,pitch_rate,20,2.0,1,True,441984,0.1357552938563132,,0.06592599073971502,,1.3419571056400967,0.9897662152096945,,0.9876007166557101,0.9917581350554543,0.923970107339699,0.14692606695597626,,30300,0.027828261998365633
dlinear_ols,id,pitch_rate,30,3.0,1,True,441984,0.4196650489702597,,0.21716049743621485,,1.664455273751304,0.936428663274719,,0.9241643885085423,0.9474784223741524,0.9238185246193283,0.45427217336130843,,30300,0.027828261998365633
dlinear_ols,id,pitch_rate,50,5.0,1,True,441984,0.6768817016258196,,0.4021482247813276,,1.549581026050816,0.8091918294172193,,0.7838422614047326,0.8305094670448122,0.9236574909668279,0.7328275992406031,,30300,0.027828261998365633
dlinear_ols,id,pitch_rate,100,10.0,1,True,441984,0.9036195097826141,,0.5644489323027914,,1.2730734843521008,0.49619293583085444,,0.4859396077805375,0.5065039528503841,0.923592844476832,0.9783743076685141,,30300,0.027828261998365633
dlinear_ols,id,pitch_rate,150,15.0,1,True,441984,0.9735707708904645,,0.6111495853584532,,1.3086174999358147,0.44651022018371944,,0.42999575299183446,0.4622447734384024,0.9235658452936027,1.0541433248659873,,30300,0.027828261998365633
dlinear_ols,id,roll,10,1.0,1,True,441984,0.012868882966126625,,0.006846165557741703,,1.9441887058497527,0.999956186810422,,0.9999521218154586,0.9999599960447699,3.6812260110585493,0.0034958144182041496,,30300,0.027828261998365633
dlinear_ols,id,roll,20,2.0,1,True,441984,0.13307951002637017,,0.07052880264172491,,3.7433237763378164,0.9987361148797786,,0.9986162443478169,0.9988483790046107,3.68200459667907,0.03614322213133554,,30300,0.027828261998365633
dlinear_ols,id,roll,30,3.0,1,True,441984,0.5043983916582023,,0.26571756659571977,,5.265474435851124,0.9908235993072927,,0.9899293483759082,0.9916625144106248,3.682905472408515,0.13695664888415945,,30300,0.027828261998365633
dlinear_ols,id,roll,50,5.0,1,True,441984,1.3835288526792242,,0.7137259348957737,,7.084126957314898,0.961857972971482,,0.9576715211720822,0.9657167918143524,3.6839516687677145,0.37555564705386485,,30300,0.027828261998365633
dlinear_ols,id,roll,100,10.0,1,True,441984,2.1234628663406188,,1.138026888202544,,3.791928940503627,0.686405121694892,,0.6690025198517465,0.7011471783442148,3.687975218896941,0.5757801341668826,,30300,0.027828261998365633
dlinear_ols,id,roll,150,15.0,1,True,441984,2.7243861647823677,,1.473579400422501,,5.250895133025821,0.7308027355334261,,0.7184088972039504,0.7418774879894102,3.691026864737781,0.7381106300823185,,30300,0.027828261998365633
dlinear_ols,id,roll_rate,10,1.0,1,True,441984,0.006854334072957534,,0.004022456715677078,,1.067152512176711,0.9999587449086452,,0.9999559957193324,0.999961298504692,1.9689364482018927,0.003481236826722961,,30300,0.027828261998365633
dlinear_ols,id,roll_rate,20,2.0,1,True,441984,0.07047284600548565,,0.04107218791918543,,2.047558406358368,0.9988154019223021,,0.9987359199232031,0.9988894783557178,1.9690140692926346,0.035790930651299464,,30300,0.027828261998365633
dlinear_ols,id,roll_rate,30,3.0,1,True,441984,0.26496133710407743,,0.1529250192634147,,2.8646272877409147,0.9914448276271036,,0.9908504599304037,0.9919858785920405,1.9690705168546092,0.1345616293759384,,30300,0.027828261998365633
dlinear_ols,id,roll_rate,50,5.0,1,True,441984,0.7103839061014136,,0.39744386818018596,,3.7964230491902806,0.9649863791371465,,0.9622285221649622,0.9674177142356325,1.9696305994416974,0.36066859760544734,,30300,0.027828261998365633
dlinear_ols,id,roll_rate,100,10.0,1,True,441984,1.1401856462872526,,0.6489046686111525,,1.9586932675176199,0.6611415829863632,,0.6421120230271257,0.6779078472452713,1.9713538426324322,0.5783769618774854,,30300,0.027828261998365633
dlinear_ols,id,roll_rate,150,15.0,1,True,441984,1.4881580204394538,,0.8424530041507177,,2.8973020365613404,0.7361782752233959,,0.7267825840376855,0.7444996434867382,1.9735510474462146,0.754050938973754,,30300,0.027828261998365633
persistence,id,heave,10,1.0,1,True,441984,0.44176164489730846,,0.29314612367589893,,0.44176164489730846,0.0,,0.0,0.0,0.7588420523524625,0.582152298397034,,0,0.0
persistence,id,heave,20,2.0,1,True,441984,0.8382274709219251,,0.5538813710975136,,0.8382274709219251,0.0,,0.0,0.0,0.7589901623461219,1.1043983341376546,,0,0.0
persistence,id,heave,30,3.0,1,True,441984,1.1512678447482159,,0.7548397692759489,,1.1512678447482159,0.0,,0.0,0.0,0.7591491660051453,1.5165238879290464,,0,0.0
persistence,id,heave,50,5.0,1,True,441984,1.4417657704203946,,0.9156648682608908,,1.4417657704203946,0.0,,0.0,0.0,0.7592428798701399,1.8989519805137884,,0,0.0
persistence,id,heave,100,10.0,1,True,441984,0.8330535871021622,,0.5177948289379383,,0.8330535871021622,0.0,,0.0,0.0,0.7593228844826043,1.097100593339548,,0,0.0
persistence,id,heave,150,15.0,1,True,441984,1.106950994995508,,0.6987377632766578,,1.106950994995508,0.0,,0.0,0.0,0.7589789870887942,1.4584738363329737,,0,0.0
persistence,id,heave_rate,10,1.0,1,True,441984,0.2852552458521747,,0.19354905061395775,,0.2852552458521747,0.0,,0.0,0.0,0.4495774018198838,0.6344964063973522,,0,0.0
persistence,id,heave_rate,20,2.0,1,True,441984,0.5352136906829078,,0.36224249012407433,,0.5352136906829078,0.0,,0.0,0.0,0.4495800662022177,1.1904746916474112,,0,0.0
persistence,id,heave_rate,30,3.0,1,True,441984,0.7215930065668222,,0.4858605500764741,,0.7215930065668222,0.0,,0.0,0.0,0.4495552834133054,1.6051262952312249,,0,0.0
persistence,id,heave_rate,50,5.0,1,True,441984,0.8524435901074202,,0.5593942849385654,,0.8524435901074202,0.0,,0.0,0.0,0.44953242177486064,1.896289452809145,,0,0.0
persistence,id,heave_rate,100,10.0,1,True,441984,0.47857922016872095,,0.3220463365231404,,0.47857922016872095,0.0,,0.0,0.0,0.4494169755457696,1.0648890589580797,,0,0.0
persistence,id,heave_rate,150,15.0,1,True,441984,0.6816023493244259,,0.4391329668152379,,0.6816023493244259,0.0,,0.0,0.0,0.4492651780163546,1.5171492977352754,,0,0.0
persistence,id,pitch,10,1.0,1,True,441984,0.8966907219950414,,0.5665905256340152,,0.8966907219950414,0.0,,0.0,0.0,1.2414942738632275,0.7222673039036729,,0,0.0
persistence,id,pitch,20,2.0,1,True,441984,1.6403012048843704,,1.0366945424751026,,1.6403012048843704,0.0,,0.0,0.0,1.2415327853866043,1.3211904060782353,,0,0.0
persistence,id,pitch,30,3.0,1,True,441984,2.122998045479648,,1.3395565433243384,,2.122998045479648,0.0,,0.0,0.0,1.2416332907389511,1.7098430440892556,,0,0.0
persistence,id,pitch,50,5.0,1,True,441984,2.2344126987335295,,1.377141336591562,,2.2344126987335295,0.0,,0.0,0.0,1.2414203979989746,1.7998839896099204,,0,0.0
persistence,id,pitch,100,10.0,1,True,441984,1.559113656168873,,0.9837140825994295,,1.559113656168873,0.0,,0.0,0.0,1.2413004417338516,1.2560324670400496,,0,0.0
persistence,id,pitch,150,15.0,1,True,441984,1.7864119156340135,,1.1014593821836718,,1.7864119156340135,0.0,,0.0,0.0,1.2412541101955465,1.4391991945570137,,0,0.0
persistence,id,pitch_rate,10,1.0,1,True,441984,0.7532807082973466,,0.4666715911321881,,0.7532807082973466,0.0,,0.0,0.0,0.9239888688455106,0.815248682853228,,0,0.0
persistence,id,pitch_rate,20,2.0,1,True,441984,1.3419571056400967,,0.8358426985867333,,1.3419571056400967,0.0,,0.0,0.0,0.923970107339699,1.4523815164365748,,0,0.0
persistence,id,pitch_rate,30,3.0,1,True,441984,1.664455273751304,,1.0431974221440723,,1.664455273751304,0.0,,0.0,0.0,0.9238185246193283,1.801712381159671,,0,0.0
persistence,id,pitch_rate,50,5.0,1,True,441984,1.549581026050816,,0.9689925947641781,,1.549581026050816,0.0,,0.0,0.0,0.9236574909668279,1.6776576178999099,,0,0.0
persistence,id,pitch_rate,100,10.0,1,True,441984,1.2730734843521008,,0.7930323572994048,,1.2730734843521008,0.0,,0.0,0.0,0.923592844476832,1.3783925373233394,,0,0.0
persistence,id,pitch_rate,150,15.0,1,True,441984,1.3086174999358147,,0.8174575342466434,,1.3086174999358147,0.0,,0.0,0.0,0.9235658452936027,1.4169184651039186,,0,0.0
persistence,id,roll,10,1.0,1,True,441984,1.9441887058497527,,1.0376391666711577,,1.9441887058497527,0.0,,0.0,0.0,3.6812260110585493,0.5281361970195072,,0,0.0
persistence,id,roll,20,2.0,1,True,441984,3.7433237763378164,,1.9889288367508204,,3.7433237763378164,0.0,,0.0,0.0,3.68200459667907,1.0166537488068461,,0,0.0
persistence,id,roll,30,3.0,1,True,441984,5.265474435851124,,2.7769902715423904,,5.265474435851124,0.0,,0.0,0.0,3.682905472408515,1.4297066474550744,,0,0.0
persistence,id,roll,50,5.0,1,True,441984,7.084126957314898,,3.6495384503863666,,7.084126957314898,0.0,,0.0,0.0,3.6839516687677145,1.9229695702507805,,0,0.0
persistence,id,roll,100,10.0,1,True,441984,3.791928940503627,,1.8808152204889255,,3.791928940503627,0.0,,0.0,0.0,3.687975218896941,1.0281872071900142,,0,0.0
persistence,id,roll,150,15.0,1,True,441984,5.250895133025821,,2.775710307552533,,5.250895133025821,0.0,,0.0,0.0,3.691026864737781,1.4226109225024177,,0,0.0
persistence,id,roll_rate,10,1.0,1,True,441984,1.067152512176711,,0.596462981486495,,1.067152512176711,0.0,,0.0,0.0,1.9689364482018927,0.5419943915159248,,0,0.0
persistence,id,roll_rate,20,2.0,1,True,441984,2.047558406358368,,1.137267635254164,,2.047558406358368,0.0,,0.0,0.0,1.9690140692926346,1.039890185799409,,0,0.0
persistence,id,roll_rate,30,3.0,1,True,441984,2.8646272877409147,,1.5746648782645398,,2.8646272877409147,0.0,,0.0,0.0,1.9690705168546092,1.4548119344739703,,0,0.0
persistence,id,roll_rate,50,5.0,1,True,441984,3.7964230491902806,,2.0205500254385362,,3.7964230491902806,0.0,,0.0,0.0,1.9696305994416974,1.9274797265367412,,0,0.0
persistence,id,roll_rate,100,10.0,1,True,441984,1.9586932675176199,,1.0299687031173306,,1.9586932675176199,0.0,,0.0,0.0,1.9713538426324322,0.9935777257025019,,0,0.0
persistence,id,roll_rate,150,15.0,1,True,441984,2.8973020365613404,,1.572854097515196,,2.8973020365613404,0.0,,0.0,0.0,1.9735510474462146,1.4680654145280227,,0,0.0
tcn,id,heave,10,1.0,3,False,441984,0.020352665861635626,0.0017216616636339368,0.014227904456015036,0.0012633649252121665,0.44176164489730846,0.997867281883673,0.000360072770550458,0.9972820736507434,0.9983244436820533,0.7588420523524625,0.026820687913302856,0.0022688010743430282,196804,2612.052648963334
tcn,id,heave,20,2.0,3,False,441984,0.02673033440994289,0.001474495095851746,0.0185469071135264,0.0010666159056546092,0.8382274709219251,0.9989810213087255,0.00011176103266656852,0.9987969995666076,0.9991380935190803,0.7589901623461219,0.035218288373220136,0.0019427064657780528,196804,2612.052648963334
tcn,id,heave,30,3.0,3,False,441984,0.04388055848251601,0.00134391764000004,0.029462807795040263,0.0009270651744486346,1.1512678447482159,0.9985463393454567,8.967393532682324e-05,0.9983645965124138,0.998671746012565,0.7591491660051453,0.057802287676120036,0.0017702945615709672,196804,2612.052648963334
tcn,id,heave,50,5.0,3,False,441984,0.1272965287037154,0.0014175248948994504,0.07596382686320158,0.0011065321591419766,1.4417657704203946,0.9922038605024209,0.00017311426495541802,0.9913191771771365,0.9931428826820305,0.7592428798701399,0.167662459640699,0.0018670242849586096,196804,2612.052648963334
tcn,id,heave,100,10.0,3,False,441984,0.2910866640783018,0.0017110930850652438,0.17688806298390744,0.0011197199532685354,0.8330535871021622,0.8779019452577922,0.001434323081239633,0.8552584092420941,0.8969685320418223,0.7593228844826043,0.383350311213978,0.002253445958277933,196804,2612.052648963334
tcn,id,heave,150,15.0,3,False,441984,0.48744462218981416,0.0011350240224682895,0.30509249140106776,0.0005551203805954384,1.106950994995508,0.8060921698720458,0.0009030700039461821,0.7977425674461673,0.8141146445514217,0.7589789870887942,0.642237308913517,0.0014954617213078613,196804,2612.052648963334
tcn,id,heave_rate,10,1.0,3,False,441984,0.016570202389522434,0.0012116847293760658,0.011738864550118045,0.0008715164979171305,0.2852552458521747,0.9966136350815162,0.0005035585351434014,0.9958169501506,0.9970840409103372,0.4495774018198838,0.0368572849134464,0.0026951637792984725,196804,2612.052648963334
tcn,id,heave_rate,20,2.0,3,False,441984,0.023058952532376786,0.0007352437687160344,0.01584954250006123,0.0005467678369648978,0.5352136906829078,0.9981425420908222,0.0001190169362235554,0.9979338481867701,0.9983082941195295,0.4495800662022177,0.05128997984088788,0.0016354011754278442,196804,2612.052648963334
tcn,id,heave_rate,30,3.0,3,False,441984,0.03640820258288734,0.00019986394587661889,0.023301342571926162,0.0001286653784845839,0.7215930065668222,0.9974542100256015,2.7928416603880033e-05,0.9972427505773878,0.9976542226698818,0.4495552834133054,0.08098715314044015,0.0004445814636169448,196804,2612.052648963334
tcn,id,heave_rate,50,5.0,3,False,441984,0.07015241355305231,0.0006735246474069734,0.042427417240341235,0.0006160416984533535,0.8524435901074202,0.9932270070629788,0.00012969581564234263,0.9926808085062487,0.9938827755638865,0.44953242177486064,0.15605640473288654,0.0014982782437532377,196804,2612.052648963334
tcn,id,heave_rate,100,10.0,3,False,441984,0.20560910446174163,0.0008132736135069822,0.12425905047493636,0.00048339939727156365,0.47857922016872095,0.815421319327411,0.0014589002843910345,0.7972019986526729,0.8324139068227865,0.4494169755457696,0.45750186497083484,0.0018096192573040764,196804,2612.052648963334
tcn,id,heave_rate,150,15.0,3,False,441984,0.32171112761182696,0.0008984977782953111,0.2028846619295955,0.00034806750043070894,0.6816023493244259,0.7772220173950237,0.0012433708474823728,0.7671937954600815,0.7873422577960689,0.4492651780163546,0.7160829357669819,0.001999927486618147,196804,2612.052648963334
tcn,id,pitch,10,1.0,3,False,441984,0.03506203865797749,0.0039060766914984623,0.024219569417721788,0.0030135946743926364,0.8966907219950414,0.9984584147439545,0.00034831650259726615,0.9978926699641245,0.9988130879898939,1.2414942738632275,0.02824180457061068,0.0031462704047306696,196804,2612.052648963334
tcn,id,pitch,20,2.0,3,False,441984,0.07370539656143647,0.002746315104450771,0.046377238297989946,0.0018894308981268978,1.6403012048843704,0.9979790612459697,0.0001499558677747452,0.9976063997332714,0.99834293183536,1.2415327853866043,0.059366452041365265,0.0022120359097851723,196804,2612.052648963334
tcn,id,pitch,30,3.0,3,False,441984,0.12501774550680647,0.00271144271499876,0.07466625025133679,0.001472620852219723,2.122998045479648,0.9965311916388622,0.00014952383408347412,0.9960226480878712,0.9970921016631041,1.2416332907389511,0.10068813911424916,0.002183770953326364,196804,2612.052648963334
tcn,id,pitch,50,5.0,3,False,441984,0.24910607416398114,0.0027081988164974454,0.1360083575202939,0.001513039753906181,2.2344126987335295,0.9875698585105482,0.0002703710584624142,0.9847422144880814,0.9899135237662975,1.2414203979989746,0.20066214037203767,0.0021815323969726448,196804,2612.052648963334
tcn,id,pitch,100,10.0,3,False,441984,0.6837782093348238,0.002955169421044165,0.38745304703305505,0.0016019223754753296,1.559113656168873,0.8076552353345257,0.0016606639137211174,0.7850753987716317,0.8297319678983265,1.2413004417338516,0.5508563328791866,0.002380704398136197,196804,2612.052648963334
tcn,id,pitch,150,15.0,3,False,441984,0.9837834915693907,0.0025234692331586573,0.5884748750448653,0.0026983898447073187,1.7864119156340135,0.6967242032366507,0.0015550530910659094,0.680501338138603,0.7120701892003368,1.2412541101955465,0.7925721925016674,0.0020329996996031247,196804,2612.052648963334
tcn,id,pitch_rate,10,1.0,3,False,441984,0.04388560053473167,0.0019003208657892101,0.029110723984875474,0.0011461607597511704,0.7532807082973466,0.9966016121633395,0.0002968561867241955,0.9959754627337649,0.9970736784267835,0.9239888688455106,0.047495810841926146,0.002056649089467484,196804,2612.052648963334
tcn,id,pitch_rate,20,2.0,3,False,441984,0.07885815423195804,0.001531570294276944,0.047212072810762916,0.0009285563210461807,1.3419571056400967,0.9965459776298452,0.00013420331516861866,0.9960330747514435,0.9970521436942239,0.923970107339699,0.08534708385643229,0.0016575972340562625,196804,2612.052648963334
tcn,id,pitch_rate,30,3.0,3,False,441984,0.10395041719613234,0.0020683956402159547,0.06151410142599594,0.0014668652938768848,1.664455273751304,0.9960985788711562,0.0001547716500312936,0.9954503403471474,0.9967093111103386,0.9238185246193283,0.11252255115685894,0.0022389631568259126,196804,2612.052648963334
tcn,id,pitch_rate,50,5.0,3,False,441984,0.26320682133271567,0.002595669845570547,0.1378621705431588,0.001247956182489341,1.549581026050816,0.9711468085413341,0.0005674268501760254,0.9661414350350996,0.9764146530144555,0.9236574909668279,0.28496149699084555,0.002810208189675973,196804,2612.052648963334
tcn,id,pitch_rate,100,10.0,3,False,441984,0.6084157056246361,0.0019461509429001599,0.34300346100394097,0.001489848615231971,1.2730734843521008,0.7715996054838609,0.0014608011939888977,0.7562121028944696,0.7873478509239368,0.923592844476832,0.6587488299232899,0.002107152469335771,196804,2612.052648963334
tcn,id,pitch_rate,150,15.0,3,False,441984,0.7973567930653204,0.001748018310404871,0.47683236613828694,0.0011841941412753104,1.3086174999358147,0.6287372809181929,0.0016268184165031418,0.6136340760901664,0.6455992029058991,0.9235658452936027,0.8633459077428741,0.0018926840130702592,196804,2612.052648963334
tcn,id,roll,10,1.0,3,False,441984,0.0940756518946821,0.009927525288432333,0.0655247642778853,0.007612583435568011,1.9441887058497527,0.9976412065046029,0.0004933912881715017,0.9965963509124787,0.9983996515650458,3.6812260110585493,0.025555521886478885,0.0026967986368154665,196804,2612.052648963334
tcn,id,roll,20,2.0,3,False,441984,0.1113512738132797,0.005367963139545432,0.07735592950711488,0.0031175036813481495,3.7433237763378164,0.9991137669780213,8.414689231599416e-05,0.9988535258678732,0.9993265706749002,3.68200459667907,0.030242024660618653,0.0014578914823699547,196804,2612.052648963334
tcn,id,roll,30,3.0,3,False,441984,0.16483949814075005,0.007061137732364484,0.11440663284833148,0.004132906813073819,5.265474435851124,0.9990187526407553,8.382146139948673e-05,0.9987159723864246,0.9992255790972091,3.682905472408515,0.044758004074687725,0.00191727368113706,196804,2612.052648963334
tcn,id,roll,50,5.0,3,False,441984,0.2255736042730118,0.0060386053304939055,0.14977937969685887,0.0032645784080844306,7.084126957314898,0.9989855951354801,5.458984632702661e-05,0.9987305343247616,0.9991440945325669,3.6839516687677145,0.06123142336133481,0.001639165188210472,196804,2612.052648963334
tcn,id,roll,100,10.0,3,False,441984,0.5494561214266098,0.005048668760105806,0.3236701857310665,0.0046592180397708235,3.791928940503627,0.9790023788485319,0.00038670267468927786,0.9757566353862585,0.9816258427943525,3.687975218896941,0.14898584963674186,0.0013689540901025295,196804,2612.052648963334
tcn,id,roll,150,15.0,3,False,441984,1.0733597023562576,0.0035265916223451658,0.6175555624093941,0.006659173925963154,5.250895133025821,0.9582143648246055,0.00027482720001603743,0.9547627321244806,0.9615830256237167,3.691026864737781,0.29080246275382,0.0009554500012006503,196804,2612.052648963334
tcn,id,roll_rate,10,1.0,3,False,441984,0.074632660397561,0.0035232101369806917,0.05380872989523818,0.002642699477238414,1.067152512176711,0.9951016522752649,0.000455704367897092,0.9937267298745237,0.9962679636051796,1.9689364482018927,0.037905063144987934,0.001789397590865982,196804,2612.052648963334
tcn,id,roll_rate,20,2.0,3,False,441984,0.09888703277438525,0.00248866055799687,0.07023745590267082,0.0015774731583178508,2.047558406358368,0.9976665987180041,0.00011660758649206938,0.9971033403083374,0.998090906758601,1.9690140692926346,0.05022159786288894,0.0012639120241994632,196804,2612.052648963334
tcn,id,roll_rate,30,3.0,3,False,441984,0.11027704333374228,0.0037336044628355886,0.07710016451633828,0.002506599082842961,2.8646272877409147,0.9985169160668536,0.00010120366181058657,0.9981291521651985,0.998761299312777,1.9690705168546092,0.05600461862071791,0.0018961253194728894,196804,2612.052648963334
tcn,id,roll_rate,50,5.0,3,False,441984,0.14740865629785718,0.002817235007320796,0.10113654228111264,0.0016855176387436228,3.7964230491902806,0.9984919959352959,5.768149087947915e-05,0.9981309692220606,0.9987475651577088,1.9696305994416974,0.0748407626991787,0.0014303367383301962,196804,2612.052648963334
tcn,id,roll_rate,100,10.0,3,False,441984,0.3866272543693255,0.0029599686696523313,0.23793777295563687,0.0028675911222715827,1.9586932675176199,0.9610355061391259,0.000597370687896817,0.9542275125403481,0.9665161551242104,1.9713538426324322,0.19612270816539246,0.0015014902985147425,196804,2612.052648963334
tcn,id,roll_rate,150,15.0,3,False,441984,0.6604636858526703,0.002349984720336606,0.4018799757981724,0.0011515652948362704,2.8973020365613404,0.9480346316833973,0.00037016959969719766,0.9430352384538264,0.9525280517770048,1.9735510474462146,0.33465751327147775,0.0011907392633078917,196804,2612.052648963334
window_mean,id,heave,10,1.0,1,True,441984,0.8657593456341913,,0.5408715391746157,,0.44176164489730846,-2.8407705585741936,,-3.049693477289309,-2.6234340985301277,0.7588420523524625,1.140895319322747,,0,0.0
window_mean,id,heave,20,2.0,1,True,441984,0.8809879744419759,,0.5538628191218576,,0.8382274709219251,-0.10462834007649979,,-0.1612811805536584,-0.0456480420879673,0.7589901623461219,1.1607370136639785,,0,0.0
window_mean,id,heave,30,3.0,1,True,441984,0.8704918665714905,,0.5494944094353503,,1.1512678447482159,0.42828881932700114,,0.4018502680969571,0.45609783782828794,0.7591491660051453,1.1466677506243754,,0,0.0
window_mean,id,heave,50,5.0,1,True,441984,0.7847320571321917,,0.4970226700353407,,1.4417657704203946,0.7037534048020628,,0.6945534037846492,0.7128193907258634,0.7592428798701399,1.0335718357561832,,0,0.0
window_mean,id,heave,100,10.0,1,True,441984,0.7279917333278686,,0.470703257637928,,0.8330535871021622,0.23632773554559405,,0.1570133509271366,0.3002715882102212,0.7593228844826043,0.9587380391200978,,0,0.0
window_mean,id,heave,150,15.0,1,True,441984,0.8216502651646228,,0.5152903158971655,,1.106950994995508,0.44904362884181537,,0.4112590881914002,0.48499737521807457,0.7589789870887942,1.0825731398918117,,0,0.0
window_mean,id,heave_rate,10,1.0,1,True,441984,0.49348881952215534,,0.3253197711743449,,0.2852552458521747,-1.9928665736255335,,-2.1385475491190564,-1.8486561517259499,0.4495774018198838,1.0976726533062353,,0,0.0
window_mean,id,heave_rate,20,2.0,1,True,441984,0.5054112999167905,,0.3351117999243729,,0.5352136906829078,0.1082657099044344,,0.0721608613527862,0.14451026883112114,0.4495800662022177,1.124185296261468,,0,0.0
window_mean,id,heave_rate,30,3.0,1,True,441984,0.5013252485877853,,0.33312785464398237,,0.7215930065668222,0.5173253118870937,,0.5014334531126825,0.5329890519075947,0.4495552834133054,1.115158173164844,,0,0.0
window_mean,id,heave_rate,50,5.0,1,True,441984,0.4540313980619151,,0.30130180386078215,,0.8524435901074202,0.7163123202821915,,0.7116799560625524,0.7208613164723267,0.44953242177486064,1.0100081241510712,,0,0.0
window_mean,id,heave_rate,100,10.0,1,True,441984,0.44624016918843495,,0.29739355333353895,,0.47857922016872095,0.13057995722257898,,0.07326186143572798,0.1852100785932646,0.4494169755457696,0.992931272003073,,0,0.0
window_mean,id,heave_rate,150,15.0,1,True,441984,0.47158978565768167,,0.31082536523224036,,0.6816023493244259,0.5212964781703049,,0.49730996692505564,0.5427564159406705,0.4492651780163546,1.0496913821362632,,0,0.0
window_mean,id,pitch,10,1.0,1,True,441984,1.3521194770626188,,0.8485979747237273,,0.8966907219950414,-1.2737608540449177,,-1.3980698530605407,-1.1542733268551872,1.2414942738632275,1.089106494913708,,0,0.0
window_mean,id,pitch,20,2.0,1,True,441984,1.3978332191861664,,0.877982749266603,,1.6403012048843704,0.2737878569225991,,0.2410853682133507,0.305241689766395,1.2415327853866043,1.125893118280313,,0,0.0
window_mean,id,pitch,30,3.0,1,True,441984,1.3798046957133896,,0.8649322591155045,,2.122998045479648,0.5775881933129345,,0.5627209154969784,0.5922945262897101,1.2416332907389511,1.111281975125044,,0,0.0
window_mean,id,pitch,50,5.0,1,True,441984,1.2298677139384653,,0.7693271903546439,,2.2344126987335295,0.6970367021213557,,0.691148356884448,0.7022344838482694,1.2414203979989746,0.9906939791877667,,0,0.0
window_mean,id,pitch,100,10.0,1,True,441984,1.2610728368566428,,0.7929997259221014,,1.559113656168873,0.3457785317204699,,0.31323425563982515,0.3783168108788961,1.2413004417338516,1.01592877474141,,0,0.0
window_mean,id,pitch,150,15.0,1,True,441984,1.2819601623210193,,0.8038842448919196,,1.7864119156340135,0.4850253571239098,,0.4620173871614339,0.5076616808872961,1.2412541101955465,1.0327942939250851,,0,0.0
window_mean,id,pitch_rate,10,1.0,1,True,441984,0.9968546689269117,,0.6316489176230606,,0.7532807082973466,-0.7512574838362238,,-0.8161182445564482,-0.6909278679880622,0.9239888688455106,1.078860041000758,,0,0.0
window_mean,id,pitch_rate,20,2.0,1,True,441984,1.0316445806475285,,0.6530381562912224,,1.3419571056400967,0.40900618785236,,0.3911225939093744,0.42509670824541645,0.923970107339699,1.1165345853209976,,0,0.0
window_mean,id,pitch_rate,30,3.0,1,True,441984,1.007953856475736,,0.6375702743087887,,1.664455273751304,0.6332779340751254,,0.6256527214725005,0.6404304183109153,0.9238185246193283,1.0910734409564657,,0,0.0
window_mean,id,pitch_rate,50,5.0,1,True,441984,0.8948281809002195,,0.5660313681345263,,1.549581026050816,0.6665346405733676,,0.6586611539033106,0.6738546313400913,0.9236574909668279,0.9687878782464789,,0,0.0
window_mean,id,pitch_rate,100,10.0,1,True,441984,0.9538220852927779,,0.600234651289261,,1.2730734843521008,0.43865765736327467,,0.416594021396854,0.46099146075248215,0.923592844476832,1.0327300509057855,,0,0.0
window_mean,id,pitch_rate,150,15.0,1,True,441984,0.9384921066094779,,0.5946479787639444,,1.3086174999358147,0.4856771716923173,,0.47116511805117406,0.49997073214995563,0.9235658452936027,1.0161615562029906,,0,0.0
window_mean,id,roll,10,1.0,1,True,441984,4.353610909503639,,2.201300862041466,,1.9441887058497527,-4.014439474258743,,-4.111939445680487,-3.907777778564149,3.6812260110585493,1.1826524360159412,,0,0.0
window_mean,id,roll,20,2.0,1,True,441984,4.319345302892834,,2.191938108091728,,3.7433237763378164,-0.33143835396467436,,-0.35697495007847607,-0.30404091870619765,3.68200459667907,1.1730961191055012,,0,0.0
window_mean,id,roll,30,3.0,1,True,441984,4.147777890750854,,2.1147762227712983,,5.265474435851124,0.3794797376175816,,0.36870591071832937,0.3911040861588307,3.682905472408515,1.126224368728727,,0,0.0
window_mean,id,roll,50,5.0,1,True,441984,3.544522994271691,,1.8291029913386128,,7.084126957314898,0.749652692626698,,0.7467981195456399,0.7525708901499982,3.6839516687677145,0.9621524148435252,,0,0.0
window_mean,id,roll,100,10.0,1,True,441984,3.6249469481979713,,1.8817704846778183,,3.791928940503627,0.08613313801063216,,0.045173421499720263,0.12419317429862552,3.687975218896941,0.9829097900723365,,0,0.0
window_mean,id,roll,150,15.0,1,True,441984,4.1297950835028825,,2.089334540082659,,5.250895133025821,0.38142791688232736,,0.3573591976386938,0.4053509685509361,3.691026864737781,1.1188742956484206,,0,0.0
window_mean,id,roll_rate,10,1.0,1,True,441984,2.298158434225644,,1.2045332181215236,,1.067152512176711,-3.637745885629177,,-3.7477144906012474,-3.5144486318080292,1.9689364482018927,1.1672080306728077,,0,0.0
window_mean,id,roll_rate,20,2.0,1,True,441984,2.28110972313888,,1.2026645192676193,,2.047558406358368,-0.24113708864915906,,-0.2679720930280578,-0.2114835614785398,1.9690140692926346,1.1585035164113202,,0,0.0
window_mean,id,roll_rate,30,3.0,1,True,441984,2.193319115539591,,1.163270460653068,,2.8646272877409147,0.4137708656532,,0.40342062993238786,0.4250418047049418,1.9690705168546092,1.1138855093128894,,0,0.0
window_mean,id,roll_rate,50,5.0,1,True,441984,1.8870530277007218,,1.0129197377570756,,3.7964230491902806,0.7529305742664718,,0.7508232647271661,0.7549154579464652,1.9696305994416974,0.9580745893344759,,0,0.0
window_mean,id,roll_rate,100,10.0,1,True,441984,1.958943488869283,,1.0542462483562056,,1.9586932675176199,-0.00025551457044592496,,-0.04151648787153549,0.038375570345159135,1.9713538426324322,0.9937046543878814,,0,0.0
window_mean,id,roll_rate,150,15.0,1,True,441984,2.175817128922477,,1.1419411837905682,,2.8973020365613404,0.43602839393028203,,0.41426029866582953,0.4560779727620491,1.9735510474462146,1.1024883961010261,,0,0.0
ar20,unseen_seastate,heave,10,1.0,1,True,552480,0.002907039069744147,,0.002155419207243631,,0.7233414879827762,0.9999838484209694,,0.9999820296126983,0.9999853912145675,1.3055841316088745,0.002226619487295541,,108900,0.057834334002109244
ar20,unseen_seastate,heave,20,2.0,1,True,552480,0.02807007863991046,,0.02067245678761211,,1.380698203292396,0.9995866768417073,,0.9995372076864794,0.9996287638721679,1.305628210341477,0.021499289321091606,,108900,0.057834334002109244
ar20,unseen_seastate,heave,30,3.0,1,True,552480,0.11763056053543029,,0.08573209263565575,,1.9152284729826317,0.996227761407647,,0.9957429966305248,0.9966477819848908,1.3056761479380907,0.09009168216880668,,108900,0.057834334002109244
ar20,unseen_seastate,heave,50,5.0,1,True,552480,0.6035423106652228,,0.437836604154124,,2.4749198164425676,0.9405306520923273,,0.9330613292634319,0.9470560807380518,1.3057420192194966,0.46222171131935263,,108900,0.057834334002109244
ar20,unseen_seastate,heave,100,10.0,1,True,552480,1.0640661874376758,,0.8157670569351803,,1.4735199444148643,0.47853489866799237,,0.4619268405048406,0.49426123750846535,1.305818040620474,0.8148655894906099,,108900,0.057834334002109244
ar20,unseen_seastate,heave,150,15.0,1,True,552480,1.3232778188823955,,1.0506943212937043,,1.853088631948588,0.49007103442113875,,0.4607313121687676,0.5161798164892623,1.3056946614824738,1.013466515502145,,108900,0.057834334002109244
ar20,unseen_seastate,heave_rate,10,1.0,1,True,552480,0.008745191823867095,,0.00648120457652873,,0.4400372453897973,0.9996050339147602,,0.9995546792382928,0.9996482739087896,0.7346587997035181,0.011903746102811728,,108900,0.057834334002109244
ar20,unseen_seastate,heave_rate,20,2.0,1,True,552480,0.04915006143317018,,0.03600092945821072,,0.8321184345634247,0.9965111857845292,,0.9960170614793231,0.9969291233780105,0.7346759557943757,0.06690032666174053,,108900,0.057834334002109244
ar20,unseen_seastate,heave_rate,30,3.0,1,True,552480,0.14008936494385943,,0.10169598548145241,,1.136727258581328,0.9848120980702866,,0.9825063786620917,0.9867255376953856,0.7346686554485246,0.19068373736229852,,108900,0.057834334002109244
ar20,unseen_seastate,heave_rate,50,5.0,1,True,552480,0.32697875562296963,,0.24079909141963957,,1.4008682048871834,0.945519069462397,,0.9383654690278875,0.9516625058540258,0.7346202974745552,0.4450989943335933,,108900,0.057834334002109244
ar20,unseen_seastate,heave_rate,100,10.0,1,True,552480,0.6998285797969004,,0.5325419185603734,,0.7685528637333051,0.1708447433454996,,0.11346885795118221,0.2241260588194271,0.7345679295973692,0.9527077777279086,,108900,0.057834334002109244
ar20,unseen_seastate,heave_rate,150,15.0,1,True,552480,0.8192541914112973,,0.6447034487566521,,1.107687991727122,0.45298095283846207,,0.40676149720112736,0.49276688501422394,0.7344952378780877,1.1153975535335983,,108900,0.057834334002109244
ar20,unseen_seastate,pitch,10,1.0,1,True,552480,0.02035895790840784,,0.015184874760812908,,1.2227443273376744,0.9997227702868513,,0.9996827373262953,0.9997553394989829,1.799456307655043,0.01131394956454295,,108900,0.057834334002109244
ar20,unseen_seastate,pitch,20,2.0,1,True,552480,0.20044347851739983,,0.14724444546380822,,2.2573021507983135,0.9921149496458549,,0.990899676533825,0.9930962249825341,1.799280319506967,0.1114020291025718,,108900,0.057834334002109244
ar20,unseen_seastate,pitch,30,3.0,1,True,552480,0.6437361001230265,,0.4629752552262125,,2.968914608858576,0.9529867455509335,,0.9453904597458765,0.9590833469080188,1.7992371121267776,0.35778280460328105,,108900,0.057834334002109244
ar20,unseen_seastate,pitch,50,5.0,1,True,552480,1.2441269167984481,,0.9201119536386645,,3.3042538995500985,0.8582305841274526,,0.8408184507548231,0.873399706362186,1.79928986304302,0.6914544134063749,,108900,0.057834334002109244
ar20,unseen_seastate,pitch,100,10.0,1,True,552480,1.8729870687665273,,1.35622431805784,,2.144800046938002,0.23740151700642553,,0.19415747548319462,0.2775160328990163,1.7999808413954967,1.0405594469074626,,108900,0.057834334002109244
ar20,unseen_seastate,pitch,150,15.0,1,True,552480,1.9745966683266885,,1.434895696215321,,2.627218955426421,0.43510951177789325,,0.4067648866625069,0.4601643249264738,1.8004734061370522,1.0967097106772716,,108900,0.057834334002109244
ar20,unseen_seastate,pitch_rate,10,1.0,1,True,552480,0.06583332194193442,,0.04892646456655338,,0.9747621684004061,0.99543864147426,,0.9947239370529206,0.9960135247764512,1.2561473352708938,0.052408917404372125,,108900,0.057834334002109244
ar20,unseen_seastate,pitch_rate,20,2.0,1,True,552480,0.323230087839844,,0.23493111182324342,,1.751047893878861,0.9659256554355234,,0.9602031000121614,0.9704903103799958,1.2561590085251526,0.25731622003757804,,108900,0.057834334002109244
ar20,unseen_seastate,pitch_rate,30,3.0,1,True,552480,0.5404792057410631,,0.3872107654406021,,2.205436827446782,0.9399422946875156,,0.9300086273944985,0.9482060982001621,1.2560768564976357,0.43029150879198647,,108900,0.057834334002109244
ar20,unseen_seastate,pitch_rate,50,5.0,1,True,552480,0.936514279793754,,0.7265445406188518,,2.178494047097516,0.8151940062047843,,0.7954806131738068,0.8316911005260245,1.2560330781693776,0.7456127518223401,,108900,0.057834334002109244
ar20,unseen_seastate,pitch_rate,100,10.0,1,True,552480,1.3922891403775275,,1.0946267694370986,,1.6288838168403819,0.2694017050247238,,0.21706562193753026,0.3152161948141615,1.2565025790281483,1.1080670773110584,,108900,0.057834334002109244
ar20,unseen_seastate,pitch_rate,150,15.0,1,True,552480,1.2923631450909956,,0.9310472758165044,,1.823440952290954,0.49767392712670155,,0.4869726895520479,0.5072907274106304,1.2570019908223502,1.028131343090007,,108900,0.057834334002109244
ar20,unseen_seastate,roll,10,1.0,1,True,552480,0.012548729851102879,,0.009462295693169908,,3.2589304296290837,0.9999851731340539,,0.999983097354567,0.9999870249180345,6.254580403872573,0.002006326410534787,,108900,0.057834334002109244
ar20,unseen_seastate,roll,20,2.0,1,True,552480,0.10183122347294087,,0.07653179665813836,,6.284508686088847,0.9997374456235699,,0.9996996400562664,0.9997710825400081,6.256011418701939,0.016277339770915868,,108900,0.057834334002109244
ar20,unseen_seastate,roll,30,3.0,1,True,552480,0.34250365168744556,,0.25538357595813643,,8.862684327613989,0.9985065184881188,,0.998283798912529,0.9987073817817366,6.257081399559067,0.054738564166926386,,108900,0.057834334002109244
ar20,unseen_seastate,roll,50,5.0,1,True,552480,1.088717550806661,,0.8089739279454361,,12.016997215053212,0.991791977711021,,0.9905656058904343,0.992923118066758,6.257817330579102,0.17397720216066304,,108900,0.057834334002109244
ar20,unseen_seastate,roll,100,10.0,1,True,552480,1.9731024800894328,,1.5201165466571394,,6.560695905344388,0.9095518958026779,,0.9012749586183089,0.9171622876461051,6.262670511885362,0.31505768606936263,,108900,0.057834334002109244
ar20,unseen_seastate,roll,150,15.0,1,True,552480,3.2266631041639013,,2.4402726012237594,,8.759182588361602,0.8642999251355447,,0.853443688420015,0.8737021499559615,6.266850847340364,0.5148779160003927,,108900,0.057834334002109244
ar20,unseen_seastate,roll_rate,10,1.0,1,True,552480,0.03584698760886552,,0.02701006195823144,,1.7504907046311173,0.9995806412456613,,0.9995211968680264,0.9996335419662327,3.29849549860822,0.010867678195707994,,108900,0.057834334002109244
ar20,unseen_seastate,roll_rate,20,2.0,1,True,552480,0.1584889963636135,,0.11870416635025238,,3.3683938662426685,0.9977861280651338,,0.9974677855195057,0.9980743968548074,3.2984962091022343,0.04804886418430965,,108900,0.057834334002109244
ar20,unseen_seastate,roll_rate,30,3.0,1,True,552480,0.3272350062781864,,0.24265084818715893,,4.7339892271498085,0.9952217927544351,,0.9945039620850421,0.9958784931603035,3.298745581539261,0.09919983162978334,,108900,0.057834334002109244
ar20,unseen_seastate,roll_rate,50,5.0,1,True,552480,0.5361864271961588,,0.409762175217642,,6.355426612693762,0.992882258423337,,0.9920988541777442,0.9935900554656711,3.2999192716903654,0.1624847103976275,,108900,0.057834334002109244
ar20,unseen_seastate,roll_rate,100,10.0,1,True,552480,1.466693457753658,,1.0931229832889966,,3.3389898788538668,0.8070483466149241,,0.7919793059258877,0.8206325343171419,3.301689525532155,0.4442251297136309,,108900,0.057834334002109244
ar20,unseen_seastate,roll_rate,150,15.0,1,True,552480,2.102784952407206,,1.5500970615764214,,4.761617339410243,0.8049792873851249,,0.7898437052268771,0.8173922554552667,3.304001175937102,0.6364358970940138,,108900,0.057834334002109244
damped_persistence,unseen_seastate,heave,10,1.0,1,True,552480,1.016538465514499,,0.810779932964526,,0.7233414879827762,-0.9749717292619637,,-1.0287284699610197,-0.9236424665549486,1.3055841316088745,0.7786081654208037,,6,0.13526744200498797
damped_persistence,unseen_seastate,heave,20,2.0,1,True,552480,1.4071288725033975,,1.1221034308871212,,1.380698203292396,-0.038652400573010226,,-0.06729769726220829,-0.011469647856414519,1.305628210341477,1.0777408617230888,,6,0.13526744200498797
damped_persistence,unseen_seastate,heave,30,3.0,1,True,552480,1.503758416939899,,1.198782364922285,,1.9152284729826317,0.3835257183351618,,0.3663962627656219,0.3996272611557212,1.3056761479380907,1.1517085759088252,,6,0.13526744200498797
damped_persistence,unseen_seastate,heave,50,5.0,1,True,552480,1.3732908802457982,,1.0942691441177375,,2.4749198164425676,0.6921048797452203,,0.6850021477863422,0.6981930759897642,1.3057420192194966,1.0517321645715887,,6,0.13526744200498797
damped_persistence,unseen_seastate,heave,100,10.0,1,True,552480,1.2312611514634748,,0.9763016425294481,,1.4735199444148643,0.301786379187583,,0.2613451812512942,0.3418469887936463,1.305818040620474,0.9429040748115467,,6,0.13526744200498797
damped_persistence,unseen_seastate,heave,150,15.0,1,True,552480,1.4333477658347997,,1.1422244294198707,,1.853088631948588,0.4017113499964797,,0.3780003645437876,0.42426353587062726,1.3056946614824738,1.0977664289500806,,6,0.13526744200498797
damped_persistence,unseen_seastate,heave_rate,10,1.0,1,True,552480,0.5851242000449915,,0.4640179814874061,,0.4400372453897973,-0.7681424302166502,,-0.8112701589037796,-0.7261278138125894,0.7346587997035181,0.7964570767832995,,6,0.13526744200498797
damped_persistence,unseen_seastate,heave_rate,20,2.0,1,True,552480,0.7875569235975916,,0.6250017210353361,,0.8321184345634247,0.10423596618554065,,0.08358490146534484,0.12406264701418966,0.7346759557943757,1.071978628654095,,6,0.13526744200498797
damped_persistence,unseen_seastate,heave_rate,30,3.0,1,True,552480,0.8272946381219964,,0.6569780497879587,,1.136727258581328,0.47032695748957964,,0.45935382809507785,0.4806035218658369,0.7346686554485246,1.126078582482769,,6,0.13526744200498797
damped_persistence,unseen_seastate,heave_rate,50,5.0,1,True,552480,0.7504419698857407,,0.5956864761740891,,1.4008682048871834,0.7130279019215622,,0.7093255188500869,0.7161636286231597,0.7346202974745552,1.0215372110811212,,6,0.13526744200498797
damped_persistence,unseen_seastate,heave_rate,100,10.0,1,True,552480,0.7178909260797558,,0.5608125191977298,,0.7685528637333051,0.1274919596868408,,0.09462332173913156,0.16201597848219393,0.7345679295973692,0.977296853230777,,6,0.13526744200498797
damped_persistence,unseen_seastate,heave_rate,150,15.0,1,True,552480,0.7842215499861265,,0.6224210985378883,,1.107687991727122,0.4987635454558492,,0.4839479468809699,0.5128355826453026,0.7344952378780877,1.0677013403813143,,6,0.13526744200498797
damped_persistence,unseen_seastate,pitch,10,1.0,1,True,552480,1.484503379580302,,1.0333606589719087,,1.2227443273376744,-0.4739782255046101,,-0.5144765383535983,-0.4338972600816861,1.799456307655043,0.8249732840220104,,6,0.13526744200498797
damped_persistence,unseen_seastate,pitch,20,2.0,1,True,552480,1.9671176605892284,,1.3702006586930564,,2.2573021507983135,0.2405813050673159,,0.2199280107152548,0.26064130282278514,1.799280319506967,1.0932802628154414,,6,0.13526744200498797
damped_persistence,unseen_seastate,pitch,30,3.0,1,True,552480,2.0334725335938,,1.417604413209537,,2.968914608858576,0.530882960404097,,0.5188166842886827,0.5417163572717351,1.7992371121267776,1.1301859659787397,,6,0.13526744200498797
damped_persistence,unseen_seastate,pitch,50,5.0,1,True,552480,1.8165821965120785,,1.2671490484603327,,3.3042538995500985,0.6977521051519497,,0.6934735631968407,0.7014590856580678,1.79928986304302,1.009610643523447,,6,0.13526744200498797
damped_persistence,unseen_seastate,pitch,100,10.0,1,True,552480,1.7979130197762012,,1.2420759618182557,,2.144800046938002,0.29731006350641254,,0.27757423850084056,0.31989745980703144,1.7999808413954967,0.9988511979840339,,6,0.13526744200498797
damped_persistence,unseen_seastate,pitch,150,15.0,1,True,552480,1.8810278813905064,,1.3117616680318995,,2.627218955426421,0.48737718873119973,,0.47074862478217333,0.5014938611609078,1.8004734061370522,1.0447407192902034,,6,0.13526744200498797
damped_persistence,unseen_seastate,pitch_rate,10,1.0,1,True,552480,1.0926894435449166,,0.7431239553888563,,0.9747621684004061,-0.25659742083054615,,-0.2827867429047084,-0.23162505573846243,1.2561473352708938,0.8698736309537075,,6,0.13526744200498797
damped_persistence,unseen_seastate,pitch_rate,20,2.0,1,True,552480,1.3886922266439132,,0.9476993077364164,,1.751047893878861,0.3710502349153385,,0.3589447009086807,0.38265569145472583,1.2561590085251526,1.1055067210594358,,6,0.13526744200498797
damped_persistence,unseen_seastate,pitch_rate,30,3.0,1,True,552480,1.3938787074955878,,0.9545978601721699,,2.205436827446782,0.6005515656722238,,0.5946522866508445,0.6062359922080999,1.2560768564976357,1.1097081363175418,,6,0.13526744200498797
damped_persistence,unseen_seastate,pitch_rate,50,5.0,1,True,552480,1.233437577749551,,0.8450153033156987,,2.178494047097516,0.6794309458249613,,0.6753558965551666,0.6833518321984013,1.2560330781693776,0.9820104256706689,,6,0.13526744200498797
damped_persistence,unseen_seastate,pitch_rate,100,10.0,1,True,552480,1.286067417030342,,0.8690305690811287,,1.6288838168403819,0.37662805389553544,,0.3690133081162029,0.38414917520337244,1.2565025790281483,1.0235294686184098,,6,0.13526744200498797
damped_persistence,unseen_seastate,pitch_rate,150,15.0,1,True,552480,1.283546160493274,,0.8796834645712991,,1.823440952290954,0.5045046590507032,,0.49706985842536083,0.5109326604359464,1.2570019908223502,1.021117046643306,,6,0.13526744200498797
damped_persistence,unseen_seastate,roll,10,1.0,1,True,552480,4.310445782789921,,2.905484781195735,,3.2589304296290837,-0.7494204337138635,,-0.7608502148862527,-0.7390156589731924,6.254580403872573,0.6891662596776396,,6,0.13526744200498797
damped_persistence,unseen_seastate,roll,20,2.0,1,True,552480,6.298204370908142,,4.244960119356695,,6.284508686088847,-0.004363303115374251,,-0.011250093613272498,0.0018720212092147106,6.256011418701939,1.0067443854210478,,6,0.13526744200498797
damped_persistence,unseen_seastate,roll,30,3.0,1,True,552480,6.905225960559622,,4.65375641407158,,8.862684327613989,0.39294893186844326,,0.38852697299962863,0.39675125965483904,6.257081399559067,1.103585764610035,,6,0.13526744200498797
damped_persistence,unseen_seastate,roll,50,5.0,1,True,552480,6.214598750795698,,4.192784499735217,,12.016997215053212,0.7325551337680724,,0.7306475753750185,0.7340885049884305,6.257817330579102,0.9930936654906473,,6,0.13526744200498797
damped_persistence,unseen_seastate,roll,100,10.0,1,True,552480,6.133064798755799,,4.140380787244174,,6.560695905344388,0.12611297751132955,,0.10776846425741825,0.14657283125717163,6.262670511885362,0.9793050404162896,,6,0.13526744200498797
damped_persistence,unseen_seastate,roll,150,15.0,1,True,552480,7.050785292954927,,4.7392422537816445,,8.759182588361602,0.35204056062254685,,0.3403804746431752,0.36263425409001193,6.266850847340364,1.1250922456447585,,6,0.13526744200498797
damped_persistence,unseen_seastate,roll_rate,10,1.0,1,True,552480,2.3191743968960234,,1.5694073300159361,,1.7504907046311173,-0.7552832068462845,,-0.7663450097713801,-0.7446875144825599,3.29849549860822,0.7031006705555866,,6,0.13526744200498797
damped_persistence,unseen_seastate,roll_rate,20,2.0,1,True,552480,3.3411867834025326,,2.2606725427427707,,3.3683938662426685,0.0160890951758913,,0.00970575875122663,0.021941052495300466,3.2984962091022343,1.012942435459678,,6,0.13526744200498797
damped_persistence,unseen_seastate,roll_rate,30,3.0,1,True,552480,3.6255580864535113,,2.4528633645883837,,4.7339892271498085,0.4134632823913358,,0.4098391023871818,0.41681933272279215,3.298745581539261,1.0990717522270248,,6,0.13526744200498797
damped_persistence,unseen_seastate,roll_rate,50,5.0,1,True,552480,3.240721377917861,,2.19499285103945,,6.355426612693762,0.7399876528894557,,0.7386844003457483,0.7410346527745781,3.2999192716903654,0.9820608054626195,,6,0.13526744200498797
damped_persistence,unseen_seastate,roll_rate,100,10.0,1,True,552480,3.270261055370276,,2.215649637830188,,3.3389898788538668,0.040743745035275,,0.023567790273615177,0.05940932433572917,3.301689525532155,0.9904810946278139,,6,0.13526744200498797
damped_persistence,unseen_seastate,roll_rate,150,15.0,1,True,552480,3.6712176087137327,,2.4769528855842706,,4.761617339410243,0.40555555433302315,,0.3962567768952897,0.41472119478358777,3.304001175937102,1.1111429485712814,,6,0.13526744200498797
dlinear_ols,unseen_seastate,heave,10,1.0,1,True,552480,0.01047179701083736,,0.007851198797531145,,0.7233414879827762,0.999790417179925,,0.9997669222129226,0.9998111292334793,1.3055841316088745,0.008020775342859705,,30300,0.025917502003721893
dlinear_ols,unseen_seastate,heave,20,2.0,1,True,552480,0.1081901897414532,,0.08088545352472842,,1.380698203292396,0.9938598603960558,,0.9931615253156275,0.9944667047276163,1.305628210341477,0.08286447005702863,,30300,0.025917502003721893
dlinear_ols,unseen_seastate,heave,30,3.0,1,True,552480,0.4084788499789663,,0.30408848401166705,,1.9152284729826317,0.9545118818565587,,0.9492881087724707,0.9590578070783179,1.3056761479380907,0.31284851961493787,,30300,0.025917502003721893
dlinear_ols,unseen_seastate,heave,50,5.0,1,True,552480,1.0972989249977803,,0.802297188053791,,2.4749198164425676,0.8034252910140939,,0.7803008218218249,0.8237086117317467,1.3057420192194966,0.840364259437471,,30300,0.025917502003721893
dlinear_ols,unseen_seastate,heave,100,10.0,1,True,552480,1.370256691591204,,1.035943925744701,,1.4735199444148643,0.13524750002044927,,0.09593237106124093,0.17265338163279523,1.305818040620474,1.0493473431720328,,30300,0.025917502003721893
dlinear_ols,unseen_seastate,heave,150,15.0,1,True,552480,1.432504937962946,,1.1281327558535956,,1.853088631948588,0.4024147467679594,,0.356819295838282,0.44212463842163624,1.3056946614824738,1.097120927442939,,30300,0.025917502003721893
dlinear_ols,unseen_seastate,heave_rate,10,1.0,1,True,552480,0.0049135154497031855,,0.0038394773624217927,,0.4400372453897973,0.999875317420907,,0.9998645829316768,0.9998846693836679,0.7346587997035181,0.006688159798380015,,30300,0.025917502003721893
dlinear_ols,unseen_seastate,heave_rate,20,2.0,1,True,552480,0.0503160065328775,,0.03925348430705579,,0.8321184345634247,0.9963436981439142,,0.9960222037490342,0.9966276585878197,0.7346759557943757,0.06848734620486227,,30300,0.025917502003721893
dlinear_ols,unseen_seastate,heave_rate,30,3.0,1,True,552480,0.18766575774188302,,0.1459841245644961,,1.136727258581328,0.9727442884422131,,0.9703005750126574,0.974928228213958,0.7346686554485246,0.2554427174074967,,30300,0.025917502003721893
dlinear_ols,unseen_seastate,heave_rate,50,5.0,1,True,552480,0.48473043545586325,,0.37176995970227283,,1.4008682048871834,0.8802691620967179,,0.8682559166736434,0.8905884156141101,0.7346202974745552,0.6598380648101446,,30300,0.025917502003721893
dlinear_ols,unseen_seastate,heave_rate,100,10.0,1,True,552480,0.6514657293476708,,0.5115276501068421,,0.7685528637333051,0.2814852987529669,,0.2543948684656485,0.3059065476321407,0.7345679295973692,0.8868692779778062,,30300,0.025917502003721893
dlinear_ols,unseen_seastate,heave_rate,150,15.0,1,True,552480,0.7496692130653825,,0.5960919582639789,,1.107687991727122,0.5419588920233819,,0.5201305315411279,0.5605486144477759,0.7344952378780877,1.0206590518287517,,30300,0.025917502003721893
dlinear_ols,unseen_seastate,pitch,10,1.0,1,True,552480,0.01456528980355251,,0.009599750691258145,,1.2227443273376744,0.9998581050475126,,0.9998464696842346,0.9998689226878892,1.799456307655043,0.008094272554210127,,30300,0.025917502003721893
dlinear_ols,unseen_seastate,pitch,20,2.0,1,True,552480,0.14239935552878538,,0.09483035532355956,,2.2573021507983135,0.9960204253403956,,0.9956885823285991,0.9963091801240388,1.799280319506967,0.07914239598185856,,30300,0.025917502003721893
dlinear_ols,unseen_seastate,pitch,30,3.0,1,True,552480,0.5030186332790895,,0.3373328926315385,,2.968914608858576,0.9712939965735233,,0.9686851851854028,0.9734897411787775,1.7992371121267776,0.27957328686072913,,30300,0.025917502003721893
dlinear_ols,unseen_seastate,pitch,50,5.0,1,True,552480,1.164688803963588,,0.7687564393732539,,3.3042538995500985,0.8757566997623369,,0.8614519026365052,0.8875893983929759,1.79928986304302,0.6473047105338696,,30300,0.025917502003721893
dlinear_ols,unseen_seastate,pitch,100,10.0,1,True,552480,1.6519576429083478,,1.1302488038231284,,2.144800046938002,0.40676851279753545,,0.3786421559176635,0.4318855753526238,1.7999808413954967,0.9177640144367376,,30300,0.025917502003721893
dlinear_ols,unseen_seastate,pitch,150,15.0,1,True,552480,1.872168618209045,,1.3024955965077727,,2.627218955426421,0.49219451840495865,,0.46453153228977223,0.5143343194748546,1.8004734061370522,1.0398202005248254,,30300,0.025917502003721893
dlinear_ols,unseen_seastate,pitch_rate,10,1.0,1,True,552480,0.018179324744860986,,0.00934511236225855,,0.9747621684004061,0.9996521771057023,,0.9996009353401386,0.9997084909069843,1.2561473352708938,0.014472286995649704,,30300,0.025917502003721893
dlinear_ols,unseen_seastate,pitch_rate,20,2.0,1,True,552480,0.1591332561938024,,0.08667288187905532,,1.751047893878861,0.9917410307506309,,0.990625450194853,0.992945487923822,1.2561590085251526,0.12668241449833617,,30300,0.025917502003721893
dlinear_ols,unseen_seastate,pitch_rate,30,3.0,1,True,552480,0.4880476745202953,,0.2847386430887018,,2.205436827446782,0.9510294196571372,,0.9450279024573108,0.9570155126882713,1.2560768564976357,0.3885492133667172,,30300,0.025917502003721893
dlinear_ols,unseen_seastate,pitch_rate,50,5.0,1,True,552480,0.7936946358633817,,0.5271551416824081,,2.178494047097516,0.8672623467351896,,0.8582864106766402,0.8761782468002285,1.2560330781693776,0.63190583883361,,30300,0.025917502003721893
dlinear_ols,unseen_seastate,pitch_rate,100,10.0,1,True,552480,1.1641348853073892,,0.7902145005357496,,1.6288838168403819,0.48922881285646547,,0.4771569262622847,0.5003211936842947,1.2565025790281483,0.9264882577541531,,30300,0.025917502003721893
dlinear_ols,unseen_seastate,pitch_rate,150,15.0,1,True,552480,1.286683875109138,,0.8825412959475352,,1.823440952290954,0.5020791548755421,,0.49184273226096137,0.5102743506192639,1.2570019908223502,1.023613235701695,,30300,0.025917502003721893
dlinear_ols,unseen_seastate,roll,10,1.0,1,True,552480,0.03293636038149873,,0.021792908210409242,,3.2589304296290837,0.9998978587818312,,0.9998912980034553,0.9999031177179171,6.254580403872573,0.005265958426420727,,30300,0.025917502003721893
dlinear_ols,unseen_seastate,roll,20,2.0,1,True,552480,0.33592940409997946,,0.22199505790166232,,6.284508686088847,0.9971427162092363,,0.9969536861709496,0.997295051476341,6.256011418701939,0.053697057376804073,,30300,0.025917502003721893
dlinear_ols,unseen_seastate,roll,30,3.0,1,True,552480,1.2462437635804373,,0.8220796226314917,,8.862684327613989,0.9802268694182562,,0.9788710728353154,0.9813232491826699,6.257081399559067,0.1991733340193176,,30300,0.025917502003721893
dlinear_ols,unseen_seastate,roll,50,5.0,1,True,552480,3.0979459619773837,,2.0269267877299564,,12.016997215053212,0.9335407011734691,,0.9281239156902573,0.9379064391491728,6.257817330579102,0.4950521560990816,,30300,0.025917502003721893
dlinear_ols,unseen_seastate,roll,100,10.0,1,True,552480,4.15496601285383,,2.7681842411201556,,6.560695905344388,0.5989161871892628,,0.5821862453945347,0.6136637881038837,6.262670511885362,0.6634495627653557,,30300,0.025917502003721893
dlinear_ols,unseen_seastate,roll,150,15.0,1,True,552480,5.089392211942788,,3.435893126533913,,8.759182588361602,0.6623982549164193,,0.647476132010278,0.6738414460653842,6.266850847340364,0.8121131866578113,,30300,0.025917502003721893
dlinear_ols,unseen_seastate,roll_rate,10,1.0,1,True,552480,0.016061808112786503,,0.010860882807592738,,1.7504907046311173,0.9999158083058972,,0.9999116629083246,0.9999191490659853,3.29849549860822,0.004869434601188234,,30300,0.025917502003721893
dlinear_ols,unseen_seastate,roll_rate,20,2.0,1,True,552480,0.16324782476860453,,0.11014312104886131,,3.3683938662426685,0.9976511836000821,,0.9975318584481911,0.997746593423594,3.2984962091022343,0.049491590840129045,,30300,0.025917502003721893
dlinear_ols,unseen_seastate,roll_rate,30,3.0,1,True,552480,0.6026529172805679,,0.40547080586641326,,4.7339892271498085,0.9837938447194856,,0.9829341821046716,0.9844794046652516,3.298745581539261,0.18269154209805957,,30300,0.025917502003721893
dlinear_ols,unseen_seastate,roll_rate,50,5.0,1,True,552480,1.4709320410181237,,0.9821281096658357,,6.355426612693762,0.9464331880386564,,0.9429449816018186,0.949157315583008,3.2999192716903654,0.44574788651258335,,30300,0.025917502003721893
dlinear_ols,unseen_seastate,roll_rate,100,10.0,1,True,552480,2.0559957552925523,,1.391699219078732,,3.3389898788538668,0.6208472396294373,,0.6095443155982875,0.6307831481567765,3.301689525532155,0.622710203183376,,30300,0.025917502003721893
dlinear_ols,unseen_seastate,roll_rate,150,15.0,1,True,552480,2.613855700021954,,1.779414111393504,,4.761617339410243,0.6986617688499767,,0.6889390862856556,0.7063047934488084,3.304001175937102,0.7911182717060007,,30300,0.025917502003721893
persistence,unseen_seastate,heave,10,1.0,1,True,552480,0.7233414879827762,,0.5715392134447604,,0.7233414879827762,0.0,,0.0,0.0,1.3055841316088745,0.5540366725286411,,0,0.0
persistence,unseen_seastate,heave,20,2.0,1,True,552480,1.380698203292396,,1.0923712686322395,,1.380698203292396,0.0,,0.0,0.0,1.305628210341477,1.0574972203850321,,0,0.0
persistence,unseen_seastate,heave,30,3.0,1,True,552480,1.9152284729826317,,1.518256727560497,,1.9152284729826317,0.0,,0.0,0.0,1.3056761479380907,1.4668480204736367,,0,0.0
persistence,unseen_seastate,heave,50,5.0,1,True,552480,2.4749198164425676,,1.9704051210013849,,2.4749198164425676,0.0,,0.0,0.0,1.3057420192194966,1.8954125547111853,,0,0.0
persistence,unseen_seastate,heave,100,10.0,1,True,552480,1.4735199444148643,,1.1546092418349652,,1.4735199444148643,0.0,,0.0,0.0,1.305818040620474,1.12842670155997,,0,0.0
persistence,unseen_seastate,heave,150,15.0,1,True,552480,1.853088631948588,,1.4435038772338382,,1.853088631948588,0.0,,0.0,0.0,1.3056946614824738,1.4192358187668532,,0,0.0
persistence,unseen_seastate,heave_rate,10,1.0,1,True,552480,0.4400372453897973,,0.34022057359658814,,0.4400372453897973,0.0,,0.0,0.0,0.7346587997035181,0.5989681816475628,,0,0.0
persistence,unseen_seastate,heave_rate,20,2.0,1,True,552480,0.8321184345634247,,0.6451117490442447,,0.8321184345634247,0.0,,0.0,0.0,0.7346759557943757,1.1326332759368563,,0,0.0
persistence,unseen_seastate,heave_rate,30,3.0,1,True,552480,1.136727258581328,,0.8850259406738263,,1.136727258581328,0.0,,0.0,0.0,0.7346686554485246,1.547265219702808,,0,0.0
persistence,unseen_seastate,heave_rate,50,5.0,1,True,552480,1.4008682048871834,,1.1034452257797775,,1.4008682048871834,0.0,,0.0,0.0,0.7346202974745552,1.9069282589972338,,0,0.0
persistence,unseen_seastate,heave_rate,100,10.0,1,True,552480,0.7685528637333051,,0.6125732807011737,,0.7685528637333051,0.0,,0.0,0.0,0.7345679295973692,1.0462652026675923,,0,0.0
persistence,unseen_seastate,heave_rate,150,15.0,1,True,552480,1.107687991727122,,0.8498396332633981,,1.107687991727122,0.0,,0.0,0.0,0.7344952378780877,1.5080941776112335,,0,0.0
persistence,unseen_seastate,pitch,10,1.0,1,True,552480,1.2227443273376744,,0.8340415284476851,,1.2227443273376744,0.0,,0.0,0.0,1.799456307655043,0.6795076502474743,,0,0.0
persistence,unseen_seastate,pitch,20,2.0,1,True,552480,2.2573021507983135,,1.5456025935127746,,2.2573021507983135,0.0,,0.0,0.0,1.799280319506967,1.2545583510949823,,0,0.0
persistence,unseen_seastate,pitch,30,3.0,1,True,552480,2.968914608858576,,2.0441844450945887,,2.968914608858576,0.0,,0.0,0.0,1.7992371121267776,1.6500963596449985,,0,0.0
persistence,unseen_seastate,pitch,50,5.0,1,True,552480,3.3042538995500985,,2.301063315484501,,3.3042538995500985,0.0,,0.0,0.0,1.79928986304302,1.8364211166964683,,0,0.0
persistence,unseen_seastate,pitch,100,10.0,1,True,552480,2.144800046938002,,1.4914203073218124,,2.144800046938002,0.0,,0.0,0.0,1.7999808413954967,1.19156826429062,,0,0.0
persistence,unseen_seastate,pitch,150,15.0,1,True,552480,2.627218955426421,,1.804520440659268,,2.627218955426421,0.0,,0.0,0.0,1.8004734061370522,1.459182316423749,,0,0.0
persistence,unseen_seastate,pitch_rate,10,1.0,1,True,552480,0.9747621684004061,,0.6413523007215273,,0.9747621684004061,0.0,,0.0,0.0,1.2561473352708938,0.7759935009456468,,0,0.0
persistence,unseen_seastate,pitch_rate,20,2.0,1,True,552480,1.751047893878861,,1.1608606309640634,,1.751047893878861,0.0,,0.0,0.0,1.2561590085251526,1.3939699369228373,,0,0.0
persistence,unseen_seastate,pitch_rate,30,3.0,1,True,552480,2.205436827446782,,1.4781643113115799,,2.205436827446782,0.0,,0.0,0.0,1.2560768564976357,1.755813600129757,,0,0.0
persistence,unseen_seastate,pitch_rate,50,5.0,1,True,552480,2.178494047097516,,1.4960949194262962,,2.178494047097516,0.0,,0.0,0.0,1.2560330781693776,1.7344241047159294,,0,0.0
persistence,unseen_seastate,pitch_rate,100,10.0,1,True,552480,1.6288838168403819,,1.1027559274637089,,1.6288838168403819,0.0,,0.0,0.0,1.2565025790281483,1.2963632896800377,,0,0.0
persistence,unseen_seastate,pitch_rate,150,15.0,1,True,552480,1.823440952290954,,1.2291374827158166,,1.823440952290954,0.0,,0.0,0.0,1.2570019908223502,1.4506269406129029,,0,0.0
persistence,unseen_seastate,roll,10,1.0,1,True,552480,3.2589304296290837,,2.20582987893794,,3.2589304296290837,0.0,,0.0,0.0,6.254580403872573,0.5210470118205357,,0,0.0
persistence,unseen_seastate,roll,20,2.0,1,True,552480,6.284508686088847,,4.252049682378796,,6.284508686088847,0.0,,0.0,0.0,6.256011418701939,1.0045551814853977,,0,0.0
persistence,unseen_seastate,roll,30,3.0,1,True,552480,8.862684327613989,,5.9925288506704,,8.862684327613989,0.0,,0.0,0.0,6.257081399559067,1.4164246493962085,,0,0.0
persistence,unseen_seastate,roll,50,5.0,1,True,552480,12.016997215053212,,8.108517812818434,,12.016997215053212,0.0,,0.0,0.0,6.257817330579102,1.9203176731176894,,0,0.0
persistence,unseen_seastate,roll,100,10.0,1,True,552480,6.560695905344388,,4.378750609132713,,6.560695905344388,0.0,,0.0,0.0,6.262670511885362,1.0475875894945184,,0,0.0
persistence,unseen_seastate,roll,150,15.0,1,True,552480,8.759182588361602,,5.946694298766146,,8.759182588361602,0.0,,0.0,0.0,6.266850847340364,1.3977008232259074,,0,0.0
persistence,unseen_seastate,roll_rate,10,1.0,1,True,552480,1.7504907046311173,,1.1903169785478578,,1.7504907046311173,0.0,,0.0,0.0,3.29849549860822,0.5306936769717364,,0,0.0
persistence,unseen_seastate,roll_rate,20,2.0,1,True,552480,3.3683938662426685,,2.2890352553649738,,3.3683938662426685,0.0,,0.0,0.0,3.2984962091022343,1.021190764733199,,0,0.0
persistence,unseen_seastate,roll_rate,30,3.0,1,True,552480,4.7339892271498085,,3.2139348545153292,,4.7339892271498085,0.0,,0.0,0.0,3.298745581539261,1.43508770535157,,0,0.0
persistence,unseen_seastate,roll_rate,50,5.0,1,True,552480,6.355426612693762,,4.302896820741755,,6.355426612693762,0.0,,0.0,0.0,3.2999192716903654,1.9259339666931397,,0,0.0
persistence,unseen_seastate,roll_rate,100,10.0,1,True,552480,3.3389898788538668,,2.2402492825831297,,3.3389898788538668,0.0,,0.0,0.0,3.301689525532155,1.0112973533802214,,0,0.0
persistence,unseen_seastate,roll_rate,150,15.0,1,True,552480,4.761617339410243,,3.2429023176984826,,4.761617339410243,0.0,,0.0,0.0,3.304001175937102,1.44116696267813,,0,0.0
tcn,unseen_seastate,heave,10,1.0,3,False,552480,0.047180263446472116,0.0014217674846937513,0.03432404852459675,0.0005172941949722717,0.7233414879827762,0.9957430669815855,0.00025717350827614857,0.9950315586674179,0.9961576801343601,1.3055841316088745,0.03613728315488315,0.0010889895566834954,196804,2474.8537016633295
tcn,unseen_seastate,heave,20,2.0,3,False,552480,0.08044460251252249,0.005230339671445498,0.058703270538893904,0.003888795561539101,1.380698203292396,0.996595772965816,0.00043543635820320823,0.9959549453473621,0.9972252392321235,1.305628210341477,0.06161371351763519,0.0040059946851772965,196804,2474.8537016633295
tcn,unseen_seastate,heave,30,3.0,3,False,552480,0.15719180984155853,0.009257880793623562,0.11737536748299433,0.008050642286632785,1.9152284729826317,0.993248165730087,0.0007861333896927711,0.9923652068376689,0.9942635340484524,1.3056761479380907,0.120391116962498,0.007090487796873307,196804,2474.8537016633295
tcn,unseen_seastate,heave,50,5.0,3,False,552480,0.44355670577465195,0.019173250265010044,0.34238411634828564,0.014678970511822218,2.4749198164425676,0.9678399524433084,0.0027498763067499475,0.964569560173405,0.9717543927516384,1.3057420192194966,0.33969704524005945,0.014683796632715256,196804,2474.8537016633295
tcn,unseen_seastate,heave,100,10.0,3,False,552480,0.8541920701536831,0.024203015927943806,0.6530391782234335,0.017762693791873903,1.4735199444148643,0.663773904767599,0.01889819259681035,0.6188808137463031,0.7094076755498512,1.305818040620474,0.6541432600730529,0.018534753828675483,196804,2474.8537016633295
tcn,unseen_seastate,heave,150,15.0,3,False,552480,1.2253808816144194,0.024934555765568682,0.9572728591211529,0.017500510739430108,1.853088631948588,0.5626091614192973,0.017729193363891022,0.5370241158411886,0.5921317283782686,1.3056946614824738,0.9384896161121873,0.019096773925121387,196804,2474.8537016633295
tcn,unseen_seastate,heave_rate,10,1.0,3,False,552480,0.0414915426828772,0.0011728526145801965,0.02998141639846008,0.0006449350044520518,0.4400372453897973,0.9911044752161405,0.0004993422197525638,0.9903327560529054,0.992005888596578,0.7346587997035181,0.05647729626272999,0.0015964589480906215,196804,2474.8537016633295
tcn,unseen_seastate,heave_rate,20,2.0,3,False,552480,0.07467737844751941,0.00406306146801598,0.05411947366369569,0.002346646882290422,0.8321184345634247,0.9919301757484109,0.0008816038741660343,0.9906831520353089,0.9929606038056941,0.7346759557943757,0.10164668907229141,0.005530413015385477,196804,2474.8537016633295
tcn,unseen_seastate,heave_rate,30,3.0,3,False,552480,0.12210422042184954,0.004624680602136123,0.09047674720106123,0.0032828988599488684,1.136727258581328,0.988450480011025,0.0008794950068472426,0.9871076069729708,0.9894874633810459,0.7346686554485246,0.16620311689669595,0.006294920258048425,196804,2474.8537016633295
tcn,unseen_seastate,heave_rate,50,5.0,3,False,552480,0.19873558069907837,0.004118585504609406,0.15318645004944875,0.003081839022738637,1.4008682048871834,0.9798682731324554,0.00083870299793758,0.9784126020773453,0.980969748568816,0.7346202974745552,0.27052830065039407,0.005606413978443143,196804,2474.8537016633295
tcn,unseen_seastate,heave_rate,100,10.0,3,False,552480,0.5565133898197956,0.003692980097063148,0.42571722537646733,0.0031631301514392523,0.7685528637333051,0.4756557678067095,0.006971635614397064,0.44622644201945294,0.5038442524107545,0.7345679295973692,0.7576064341998041,0.005027418089280519,196804,2474.8537016633295
tcn,unseen_seastate,heave_rate,150,15.0,3,False,552480,0.8167899572638607,0.009005711461074251,0.6299130006371942,0.006222541622951119,1.107687991727122,0.4562226935395291,0.012019942253116993,0.42107808154311466,0.48388824639496303,0.7344952378780877,1.1120425499605928,0.012261088971919295,196804,2474.8537016633295
tcn,unseen_seastate,pitch,10,1.0,3,False,552480,0.10877075395819923,0.009078770146469071,0.08077431858044616,0.006920074009052581,1.2227443273376744,0.9920500321321569,0.0012894079982574073,0.9904609289544278,0.9939384244657655,1.799456307655043,0.06044645457379488,0.005045285127428325,196804,2474.8537016633295
tcn,unseen_seastate,pitch,20,2.0,3,False,552480,0.2683930421232565,0.018657986342844324,0.1913594460313572,0.013261100475523525,2.2573021507983135,0.9858172624352318,0.001992814095024285,0.9825610901998691,0.9880816935765879,1.799280319506967,0.14916688590069202,0.010369694005188074,196804,2474.8537016633295
tcn,unseen_seastate,pitch,30,3.0,3,False,552480,0.4762926239172736,0.023762914300054075,0.3386099989474942,0.016878596166386785,2.968914608858576,0.9742206249534396,0.0025627070652716687,0.9700368918318056,0.9780227224689793,1.7992371121267776,0.264719208328398,0.013207216625253612,196804,2474.8537016633295
tcn,unseen_seastate,pitch,50,5.0,3,False,552480,0.8067725841685954,0.02909670698946661,0.5368274028760934,0.02018850465736796,3.3042538995500985,0.9403333196446922,0.004267087926913364,0.9301522607280586,0.9506177398194428,1.79928986304302,0.44838388785459743,0.016171217093535573,196804,2474.8537016633295
tcn,unseen_seastate,pitch,100,10.0,3,False,552480,1.7283008237474669,0.03631707973759965,1.160732109568366,0.022057833667118068,2.144800046938002,0.3504794787969101,0.027250342081830924,0.26838728878913204,0.42769070895515604,1.7999808413954967,0.960177344114142,0.020176370160386575,196804,2474.8537016633295
tcn,unseen_seastate,pitch,150,15.0,3,False,552480,2.135555395357479,0.0022093237490396107,1.5165726775687602,0.00927146371956464,2.627218955426421,0.3392617409186413,0.0013667285435082167,0.32422985975031327,0.3566203908889212,1.8004734061370522,1.1861077137147784,0.0012270793567453167,196804,2474.8537016633295
tcn,unseen_seastate,pitch_rate,10,1.0,3,False,552480,0.14090471483598044,0.012232207214296473,0.10114730195900283,0.007969337284699694,0.9747621684004061,0.9789994706778719,0.0037181550828028205,0.9731886502344285,0.9825081066136903,1.2561473352708938,0.11217212414465194,0.009737876179674847,196804,2474.8537016633295
tcn,unseen_seastate,pitch_rate,20,2.0,3,False,552480,0.25843517271043814,0.018184490445331915,0.18170825216094702,0.011136590859832238,1.751047893878861,0.9781456289821474,0.003076609804775508,0.9737342700317798,0.9818146250395385,1.2561590085251526,0.20573444202248328,0.014476264805585549,196804,2474.8537016633295
tcn,unseen_seastate,pitch_rate,30,3.0,3,False,552480,0.3088085946108525,0.011500455606803371,0.22071343770150342,0.008362143995040285,2.205436827446782,0.9803758487726147,0.0014452614895604213,0.9782697353710119,0.9829558351032451,1.2560768564976357,0.24585167142710887,0.009155853439470646,196804,2474.8537016633295
tcn,unseen_seastate,pitch_rate,50,5.0,3,False,552480,0.7632712430376108,0.028570677607949,0.48485555237556816,0.016807220187604725,2.178494047097516,0.8771286784795409,0.00910892831015447,0.8595211498522228,0.8961982016814435,1.2560330781693776,0.6076840302247858,0.022746755722062452,196804,2474.8537016633295
tcn,unseen_seastate,pitch_rate,100,10.0,3,False,552480,1.384466224453283,0.01646821371969079,0.9135165079091178,0.013273620775345286,1.6288838168403819,0.2775205860163615,0.017145195361744546,0.23274029071807617,0.32567929127234535,1.2565025790281483,1.1018411323310684,0.01310639070269828,196804,2474.8537016633295
tcn,unseen_seastate,pitch_rate,150,15.0,3,False,552480,1.592683368815111,0.012484278618298438,1.1014410258688017,0.0036194030469001827,1.823440952290954,0.23705493083016957,0.011934091672037291,0.20874404828082851,0.2662495019085826,1.2570019908223502,1.2670492015475272,0.009931789057972044,196804,2474.8537016633295
tcn,unseen_seastate,roll,10,1.0,3,False,552480,0.23541964632126464,0.021165278083149597,0.17436586080779548,0.013322555585769048,3.2589304296290837,0.9947535062655533,0.0009555310708101888,0.9930978496301992,0.9958459078876777,6.254580403872573,0.03763955871052559,0.0033839645054438753,196804,2474.8537016633295
tcn,unseen_seastate,roll,20,2.0,3,False,552480,0.3341053758128593,0.019075373042972653,0.24445636827797226,0.010288638148899062,6.284508686088847,0.997167518874423,0.0003239785402786352,0.9965243491268622,0.9976943603421263,6.256011418701939,0.05340549328507826,0.003049126954268027,196804,2474.8537016633295
tcn,unseen_seastate,roll,30,3.0,3,False,552480,0.5259600646929362,0.013064527676484087,0.3848333758750026,0.00890166547672623,8.862684327613989,0.9964766679019199,0.0001737419334346624,0.9960180213100086,0.9969575123635231,6.257081399559067,0.08405837020595582,0.0020879587210428084,196804,2474.8537016633295
tcn,unseen_seastate,roll,50,5.0,3,False,552480,0.770174238276569,0.017867721247992432,0.5609374134544515,0.011718326326789064,12.016997215053212,0.9958909459185343,0.00019011425538998172,0.995331389910854,0.9964476420639158,6.257817330579102,0.12307394057558668,0.0028552641127252234,196804,2474.8537016633295
tcn,unseen_seastate,roll,100,10.0,3,False,552480,1.565966353134037,0.0326515247069151,1.128463515010172,0.025960996750417756,6.560695905344388,0.9430110189631754,0.0023792174852134604,0.937175668875356,0.9482814128788005,6.262670511885362,0.25004769932605103,0.005213674365424268,196804,2474.8537016633295
tcn,unseen_seastate,roll,150,15.0,3,False,552480,2.840820941357135,0.058526344344728615,2.0463478575649137,0.04614375358428703,8.759182588361602,0.8947836013195621,0.004308721960927043,0.8880292789292354,0.903048953726626,6.266850847340364,0.4533091676440284,0.009339035788535986,196804,2474.8537016633295
tcn,unseen_seastate,roll_rate,10,1.0,3,False,552480,0.1733851730733282,0.010556502444854897,0.1260360032978504,0.007418261207967018,1.7504907046311173,0.9901649574913028,0.0011740488299301285,0.9885041549523956,0.9922336000463355,3.29849549860822,0.052564926387344474,0.003200399227256536,196804,2474.8537016633295
tcn,unseen_seastate,roll_rate,20,2.0,3,False,552480,0.26462864494999916,0.012784685037288804,0.1921288860888071,0.008286776932867949,3.3683938662426685,0.9938183670264499,0.0006031565105860679,0.9924444496224284,0.9947297850715933,3.2984962091022343,0.08022705747538944,0.0038759132122114675,196804,2474.8537016633295
tcn,unseen_seastate,roll_rate,30,3.0,3,False,552480,0.3179072093935525,0.023564679251239826,0.2311615297834031,0.016033349715364756,4.7339892271498085,0.9954737960862722,0.0006658182095475497,0.9943503596976914,0.9964487989242742,3.298745581539261,0.09637215163626249,0.0071435273405486685,196804,2474.8537016633295
tcn,unseen_seastate,roll_rate,50,5.0,3,False,552480,0.4493014202920747,0.019347699012463252,0.32224944980069475,0.011383765421822855,6.355426612693762,0.9949959376358538,0.00042781755910670623,0.9941377402212329,0.9958765476443465,3.2999192716903654,0.13615527632647892,0.0058630825240014355,196804,2474.8537016633295
tcn,unseen_seastate,roll_rate,100,10.0,3,False,552480,1.1360042406211188,0.033497292810191516,0.7971282002747843,0.022451783451492312,3.3389898788538668,0.8841805849581533,0.006785779524562507,0.8716211970050552,0.897575466567578,3.301689525532155,0.3440675544554788,0.010145500523642518,196804,2474.8537016633295
tcn,unseen_seastate,roll_rate,150,15.0,3,False,552480,1.8624229380505033,0.05783820690800914,1.318235702253874,0.043184142761637075,4.761617339410243,0.8469170634580885,0.009437616424858797,0.8344900026824508,0.8617456135625988,3.304001175937102,0.5636871292947621,0.017505504334938582,196804,2474.8537016633295
window_mean,unseen_seastate,heave,10,1.0,1,True,552480,1.5232828246423222,,1.2136212803520912,,0.7233414879827762,-3.4348030778473424,,-3.5832410596184943,-3.292707472518861,1.3055841316088745,1.1667442853837209,,0,0.0
window_mean,unseen_seastate,heave,20,2.0,1,True,552480,1.5436835885965077,,1.2297873742323082,,1.380698203292396,-0.25002602437560406,,-0.2912018385242204,-0.21111267754874877,1.305628210341477,1.1823301429683182,,0,0.0
window_mean,unseen_seastate,heave,30,3.0,1,True,552480,1.519450287790878,,1.2103940506330626,,1.9152284729826317,0.37059264693342,,0.35086922792233755,0.38909266604021814,1.3056761479380907,1.1637267711372203,,0,0.0
window_mean,unseen_seastate,heave,50,5.0,1,True,552480,1.3623750982147511,,1.0853587842373722,,2.4749198164425676,0.6969801159084668,,0.6896975285085161,0.7032233626246317,1.3057420192194966,1.0433723340151884,,0,0.0
window_mean,unseen_seastate,heave,100,10.0,1,True,552480,1.2313769036503563,,0.976386564154393,,1.4735199444148643,0.3016550933878166,,0.2611986773084499,0.34172968904802326,1.305818040620474,0.9429927182391,,0,0.0
window_mean,unseen_seastate,heave,150,15.0,1,True,552480,1.4333484721571672,,1.1422249703652385,,1.853088631948588,0.4017107603492638,,0.37799963239709516,0.424263076906137,1.3056946614824738,1.0977669699053196,,0,0.0
window_mean,unseen_seastate,heave_rate,10,1.0,1,True,552480,0.8243092312498705,,0.6556444993395528,,0.4400372453897973,-2.5091461171622282,,-2.619660909561185,-2.4026929537877804,0.7346587997035181,1.1220300247986306,,0,0.0
window_mean,unseen_seastate,heave_rate,20,2.0,1,True,552480,0.8376502123998447,,0.6662692986535413,,0.8321184345634247,-0.01333984382926423,,-0.04164734765408729,0.013771650435550257,0.7346759557943757,1.1401628238862493,,0,0.0
window_mean,unseen_seastate,heave_rate,30,3.0,1,True,552480,0.826695225511723,,0.6573471561626177,,1.136727258581328,0.4710942238718896,,0.4587262915437524,0.482655040496625,0.7346686554485246,1.1252626873090361,,0,0.0
window_mean,unseen_seastate,heave_rate,50,5.0,1,True,552480,0.7458884462184673,,0.5921688819054512,,1.4008682048871834,0.7164999085490729,,0.7127534914510445,0.7196771423437712,0.7346202974745552,1.0153387386417845,,0,0.0
window_mean,unseen_seastate,heave_rate,100,10.0,1,True,552480,0.7179200440697525,,0.560833695101286,,0.7685528637333051,0.1274211795872462,,0.09454812413683737,0.16195073113860747,0.7345679295973692,0.9773364928458806,,0,0.0
window_mean,unseen_seastate,heave_rate,150,15.0,1,True,552480,0.7842215567432741,,0.6224211163319151,,1.107687991727122,0.4987635368181659,,0.48394791858439135,0.5128355931006063,0.7344952378780877,1.0677013495810304,,0,0.0
window_mean,unseen_seastate,pitch,10,1.0,1,True,552480,1.9849042969689845,,1.384576522016116,,1.2227443273376744,-1.6351651021808769,,-1.734343646423795,-1.537164692383084,1.799456307655043,1.1030577894695357,,0,0.0
window_mean,unseen_seastate,pitch,20,2.0,1,True,552480,2.0398944053785604,,1.4226120642521511,,2.2573021507983135,0.18334996886497323,,0.156152199121022,0.21005020246420955,1.799280319506967,1.1337279595974936,,0,0.0
window_mean,unseen_seastate,pitch,30,3.0,1,True,552480,2.015031084500629,,1.4053351085154402,,2.968914608858576,0.5393531701028894,,0.5260196545316687,0.5513893889711509,1.7992371121267776,1.119936372432188,,0,0.0
window_mean,unseen_seastate,pitch,50,5.0,1,True,552480,1.8081788274896018,,1.2612853045375787,,3.3042538995500985,0.7005419881635584,,0.6962163185165132,0.7042964982730302,1.79928986304302,1.0049402626164683,,0,0.0
window_mean,unseen_seastate,pitch,100,10.0,1,True,552480,1.797944903511779,,1.242097475639135,,2.144800046938002,0.29728514063357214,,0.2775476655954375,0.31987435235817674,1.7999808413954967,0.9988689113590012,,0,0.0
window_mean,unseen_seastate,pitch,150,15.0,1,True,552480,1.8810278966086114,,1.3117616812195896,,2.627218955426421,0.48737718043664136,,0.4707486025110729,0.501493864199891,1.8004734061370522,1.0447407277424832,,0,0.0
window_mean,unseen_seastate,pitch_rate,10,1.0,1,True,552480,1.3577723915169053,,0.9310698830913615,,0.9747621684004061,-0.9402451945544235,,-0.9970462281392646,-0.8865792636873346,1.2561473352708938,1.0809021787433044,,0,0.0
window_mean,unseen_seastate,pitch_rate,20,2.0,1,True,552480,1.4010793884497121,,0.9603066856205267,,1.751047893878861,0.35977970303072804,,0.3447278635606003,0.3742319186774454,1.2561590085251526,1.1153678626201229,,0,0.0
window_mean,unseen_seastate,pitch_rate,30,3.0,1,True,552480,1.374869492496607,,0.9430398583375942,,2.205436827446782,0.6113723414820045,,0.6050681009777159,0.6174608923435264,1.2560768564976357,1.0945743370594416,,0,0.0
window_mean,unseen_seastate,pitch_rate,50,5.0,1,True,552480,1.2307488422679598,,0.8431403894357347,,2.178494047097516,0.6808270212526522,,0.6767236325732235,0.6847761222097184,1.2560330781693776,0.9798697690842118,,0,0.0
window_mean,unseen_seastate,pitch_rate,100,10.0,1,True,552480,1.2860711555908941,,0.8690332793632443,,1.6288838168403819,0.37662442964205767,,0.3690094584960226,0.3841456895249056,1.2565025790281483,1.0235324439887865,,0,0.0
window_mean,unseen_seastate,pitch_rate,150,15.0,1,True,552480,1.2835461583260397,,0.8796834644323307,,1.823440952290954,0.5045046607239652,,0.49706985911165463,0.510932662925696,1.2570019908223502,1.0211170449191762,,0,0.0
window_mean,unseen_seastate,roll,10,1.0,1,True,552480,7.449933701057769,,5.01197437034849,,3.2589304296290837,-4.225822289139282,,-4.269274023219154,-4.185829278526144,6.254580403872573,1.191116465054168,,0,0.0
window_mean,unseen_seastate,roll,20,2.0,1,True,552480,7.3855192489858394,,4.969150793836696,,6.284508686088847,-0.3810818158360536,,-0.3932667687439242,-0.37009234421071274,6.256011418701939,1.180547597292951,,0,0.0
window_mean,unseen_seastate,roll,30,3.0,1,True,552480,7.0805261077603365,,4.765699744148226,,8.862684327613989,0.3617357858400613,,0.3560152444451603,0.3667962262869207,6.257081399559067,1.1316020450460014,,0,0.0
window_mean,unseen_seastate,roll,50,5.0,1,True,552480,6.017492049369431,,4.058877493991448,,12.016997215053212,0.749251046470711,,0.7472079072847024,0.7508784150371628,6.257817330579102,0.9615959897015033,,0,0.0
window_mean,unseen_seastate,roll,100,10.0,1,True,552480,6.139800674406942,,4.14496059611718,,6.560695905344388,0.12419236294422042,,0.10578350069917454,0.14472381054412026,6.262670511885362,0.9803806000578769,,0,0.0
window_mean,unseen_seastate,roll,150,15.0,1,True,552480,7.050918585909643,,4.739325608238726,,8.759182588361602,0.35201606143812814,,0.34035436451327356,0.36261117584620967,6.266850847340364,1.125113515171984,,0,0.0
window_mean,unseen_seastate,roll_rate,10,1.0,1,True,552480,3.8886239281319535,,2.6253085750277743,,1.7504907046311173,-3.9348308443936064,,-3.9749848043205667,-3.896100361071956,3.29849549860822,1.1789083628498915,,0,0.0
window_mean,unseen_seastate,roll_rate,20,2.0,1,True,552480,3.852032771327595,,2.60121671160696,,3.3683938662426685,-0.3077785528818249,,-0.3186086128253608,-0.297702285471878,3.2984962091022343,1.1678148244335922,,0,0.0
window_mean,unseen_seastate,roll_rate,30,3.0,1,True,552480,3.693037815524732,,2.4952919984864597,,4.7339892271498085,0.39142658196366487,,0.38677429700025545,0.39575123798353484,3.298745581539261,1.119527930917754,,0,0.0
window_mean,unseen_seastate,roll_rate,50,5.0,1,True,552480,3.152130474536129,,2.1347804890172344,,6.355426612693762,0.7540091489446612,,0.7526123212484467,0.75512187268395,3.2999192716903654,0.9552144204186752,,0,0.0
window_mean,unseen_seastate,roll_rate,100,10.0,1,True,552480,3.2727644469621504,,2.217352269181229,,3.3389898788538668,0.03927455762882226,,0.022058465976884996,0.05798003088020797,3.301689525532155,0.9912393099513673,,0,0.0
window_mean,unseen_seastate,roll_rate,150,15.0,1,True,552480,3.6712461790548243,,2.4769703201378777,,4.761617339410243,0.40554630206390296,,0.3962468642034007,0.41471257254832145,3.304001175937102,1.1111515957658706,,0,0.0
