model,regime,dof,horizon_samples,horizon_s,n_seeds,deterministic,n_windows,rmse_mean,rmse_std,mae_mean,mae_std,rmse_persistence,skill_mean,skill_std,skill_ci_lo,skill_ci_hi,n_params,fit_time_s_mean
ar10,id,heave_imu,10,1.0,1,True,434304,0.0031736755946708073,,0.0022962289081308487,,0.4360860094370759,0.9999470360024596,,0.9999426887795237,0.9999506679099883,54900,0.01318715000525117
ar10,id,heave_imu,20,2.0,1,True,434304,0.02181758383603264,,0.015947596275793865,,0.8272378841486192,0.9993044113665155,,0.9992375449901719,0.999359401057713,54900,0.01318715000525117
ar10,id,heave_imu,30,3.0,1,True,434304,0.07124846401764819,,0.051910926301392143,,1.1355767624159623,0.9960634296354197,,0.9956731891270939,0.9963877136593033,54900,0.01318715000525117
ar10,id,heave_imu,50,5.0,1,True,434304,0.23476028288299738,,0.16744460706059203,,1.419148162303668,0.97263510601288,,0.9701502137857573,0.974806004866158,54900,0.01318715000525117
ar10,id,heave_imu,100,10.0,1,True,434304,0.49847895174044515,,0.34153597738569497,,0.8123875004006482,0.623498089166563,,0.5881761828511666,0.6518509653459204,54900,0.01318715000525117
ar10,id,heave_imu,150,15.0,1,True,434304,0.6528225956656857,,0.44384767363988015,,1.0935546656669395,0.643623252295848,,0.6205762316602214,0.6660558077663594,54900,0.01318715000525117
ar10,id,heave_rate_imu,10,1.0,1,True,434304,0.00833481130158663,,0.006039156110322857,,0.2838667559561788,0.9991378904131526,,0.9990563200089028,0.9992084030284246,54900,0.01318715000525117
ar10,id,heave_rate_imu,20,2.0,1,True,434304,0.038067288387681995,,0.027729428382533186,,0.5325577215099725,0.9948905928347703,,0.9944456889828799,0.9952851158323388,54900,0.01318715000525117
ar10,id,heave_rate_imu,30,3.0,1,True,434304,0.08862350337731037,,0.06380314235310011,,0.7178513821406037,0.9847584636399909,,0.9834552290273801,0.9859016318382107,54900,0.01318715000525117
ar10,id,heave_rate_imu,50,5.0,1,True,434304,0.16491678104143814,,0.11543361516902777,,0.8471498442942375,0.9621026163750477,,0.9591316721851556,0.9648384888437724,54900,0.01318715000525117
ar10,id,heave_rate_imu,100,10.0,1,True,434304,0.3225313306568148,,0.22153993340653627,,0.47470625601314864,0.5383701257706468,,0.5212749202832881,0.5560573698256779,54900,0.01318715000525117
ar10,id,heave_rate_imu,150,15.0,1,True,434304,0.4209023336951373,,0.2861292773785749,,0.6780395407647745,0.6146524294513449,,0.5929045473933576,0.6349373298793077,54900,0.01318715000525117
ar10,id,pitch_imu,10,1.0,1,True,434304,0.07451685581111919,,0.0581559050859275,,0.8967465758949417,0.9930949060872526,,0.9924841898816983,0.993577755850555,54900,0.01318715000525117
ar10,id,pitch_imu,20,2.0,1,True,434304,0.2618906719337064,,0.19782286574229704,,1.639889871399927,0.9744958594629951,,0.9726848034866478,0.9760199189090413,54900,0.01318715000525117
ar10,id,pitch_imu,30,3.0,1,True,434304,0.4876013379982131,,0.35717294518644527,,2.122484405245588,0.9472234786363708,,0.9431997388881898,0.9505145562153287,54900,0.01318715000525117
ar10,id,pitch_imu,50,5.0,1,True,434304,0.6704185628681453,,0.45845800442849494,,2.234427726290816,0.9099757653233738,,0.900054494218669,0.9182573854076607,54900,0.01318715000525117
ar10,id,pitch_imu,100,10.0,1,True,434304,1.1114646412877223,,0.7393372670264041,,1.5593436358220714,0.4919486168022347,,0.4797003284378617,0.5042380746598997,54900,0.01318715000525117
ar10,id,pitch_imu,150,15.0,1,True,434304,1.2332539919764811,,0.7973239186643016,,1.7853551102885246,0.5228490005044484,,0.5016830706101321,0.5409073119225191,54900,0.01318715000525117
ar10,id,pitch_rate_imu,10,1.0,1,True,434304,0.1316733126292684,,0.10033368544065752,,0.7534204829087303,0.9694563680872165,,0.9670835722638872,0.9714239251445055,54900,0.01318715000525117
ar10,id,pitch_rate_imu,20,2.0,1,True,434304,0.2577268845108977,,0.1867319904971487,,1.3417844978848232,0.9631061559426272,,0.9602733494509353,0.9655986746622738,54900,0.01318715000525117
ar10,id,pitch_rate_imu,30,3.0,1,True,434304,0.3033219324258702,,0.2103073668827672,,1.664371083650498,0.9667870612496791,,0.9638218208529248,0.9694060392756847,54900,0.01318715000525117
ar10,id,pitch_rate_imu,50,5.0,1,True,434304,0.5966873525937949,,0.4085163542341398,,1.5495762479562236,0.8517250577603704,,0.8402448465360411,0.8619123713003315,54900,0.01318715000525117
ar10,id,pitch_rate_imu,100,10.0,1,True,434304,0.8679468493841864,,0.5709321656880177,,1.2735265809317058,0.5355165608258357,,0.5176815302619566,0.552825891497464,54900,0.01318715000525117
ar10,id,pitch_rate_imu,150,15.0,1,True,434304,0.9192087003696553,,0.5864413860567483,,1.3083418485724552,0.506387911736954,,0.4928379477504858,0.5189735464218981,54900,0.01318715000525117
ar10,id,roll_imu,10,1.0,1,True,434304,0.05896571996926128,,0.0463071220280415,,1.9448708998621889,0.9990807838314295,,0.9988895601823777,0.999201981326904,54900,0.01318715000525117
ar10,id,roll_imu,20,2.0,1,True,434304,0.20597479141944464,,0.15770105632698111,,3.7445627859317203,0.9969742996904691,,0.9963693741036486,0.9973582143136459,54900,0.01318715000525117
ar10,id,roll_imu,30,3.0,1,True,434304,0.45438452798655177,,0.3424858517750849,,5.267438807686876,0.9925587127103911,,0.9911619656042313,0.993504380376674,54900,0.01318715000525117
ar10,id,roll_imu,50,5.0,1,True,434304,0.8757353356988342,,0.623560494745262,,7.087624231053461,0.9847333278593013,,0.9820147509194869,0.9866424755609082,54900,0.01318715000525117
ar10,id,roll_imu,100,10.0,1,True,434304,1.3682069758674424,,0.9547825616029701,,3.793831212709033,0.8699388498472016,,0.852485830297547,0.8826973742118442,54900,0.01318715000525117
ar10,id,roll_imu,150,15.0,1,True,434304,1.9599264148563817,,1.3102893682233367,,5.252023789483733,0.8607400730290563,,0.8479303473466434,0.8716718088378946,54900,0.01318715000525117
ar10,id,roll_rate_imu,10,1.0,1,True,434304,0.09759560283043138,,0.07545893639058043,,1.0678999900390298,0.9916478297760148,,0.9901125309761586,0.9926527816690245,54900,0.01318715000525117
ar10,id,roll_rate_imu,20,2.0,1,True,434304,0.21772940713857233,,0.16501700128415384,,2.0486112451264518,0.9887042499078548,,0.986771644160786,0.9900217487600249,54900,0.01318715000525117
ar10,id,roll_rate_imu,30,3.0,1,True,434304,0.29384073255317655,,0.21629441749063552,,2.8661560416217173,0.9894894768223533,,0.9877364759700065,0.9906913467592288,54900,0.01318715000525117
ar10,id,roll_rate_imu,50,5.0,1,True,434304,0.32930917836503615,,0.23706414164017073,,3.7984644418446996,0.9924839174698848,,0.991386665064429,0.9933019369845071,54900,0.01318715000525117
ar10,id,roll_rate_imu,100,10.0,1,True,434304,0.7408129364551496,,0.5121075079754828,,1.958924104837112,0.8569848998465074,,0.8386360975579674,0.8708269157274962,54900,0.01318715000525117
ar10,id,roll_rate_imu,150,15.0,1,True,434304,1.0732355665870106,,0.7167605200754197,,2.8982735890952527,0.8628766689972848,,0.8496614668835649,0.8736562825766911,54900,0.01318715000525117
ar20,id,heave_imu,10,1.0,1,True,434304,0.0020902153429647008,,0.0015402494942305812,,0.4360860094370759,0.9999770259397871,,0.9999748984924332,0.9999787117337057,108900,0.04626502899918705
ar20,id,heave_imu,20,2.0,1,True,434304,0.016393324805144743,,0.012045925354073672,,0.8272378841486192,0.9996072888272672,,0.9995647110538126,0.9996409267224603,108900,0.04626502899918705
ar20,id,heave_imu,30,3.0,1,True,434304,0.058677435286877515,,0.04242417714289868,,1.1355767624159623,0.9973300123499361,,0.9970292280688686,0.9975825563930825,108900,0.04626502899918705
ar20,id,heave_imu,50,5.0,1,True,434304,0.2055297053384684,,0.14235009502232687,,1.419148162303668,0.9790253983769379,,0.9767787234882526,0.9809613778427053,108900,0.04626502899918705
ar20,id,heave_imu,100,10.0,1,True,434304,0.485638080698808,,0.33561452437037514,,0.8123875004006482,0.6426457077381509,,0.6056019967261403,0.6715868619291055,108900,0.04626502899918705
ar20,id,heave_imu,150,15.0,1,True,434304,0.6432625923163746,,0.44125555236062364,,1.0935546656669395,0.6539844651614357,,0.6308790856449168,0.6741276694032109,108900,0.04626502899918705
ar20,id,heave_rate_imu,10,1.0,1,True,434304,0.006069177835748114,,0.004470033086544531,,0.2838667559561788,0.9995428795432624,,0.9995008227386888,0.9995791047932996,108900,0.04626502899918705
ar20,id,heave_rate_imu,20,2.0,1,True,434304,0.030977721194298955,,0.022564876170317126,,0.5325577215099725,0.9966165048235092,,0.9962991204465356,0.9969005111580272,108900,0.04626502899918705
ar20,id,heave_rate_imu,30,3.0,1,True,434304,0.07768880775889984,,0.05515101285227647,,0.7178513821406037,0.988287547799575,,0.9871418993262615,0.9893054517079645,108900,0.04626502899918705
ar20,id,heave_rate_imu,50,5.0,1,True,434304,0.14420177599214523,,0.09756685473828892,,0.8471498442942375,0.9710251799329409,,0.967957801924699,0.9736517704690966,108900,0.04626502899918705
ar20,id,heave_rate_imu,100,10.0,1,True,434304,0.31285656731336436,,0.21312913114562324,,0.47470625601314864,0.5656491843715346,,0.5484417640644091,0.5838895601792357,108900,0.04626502899918705
ar20,id,heave_rate_imu,150,15.0,1,True,434304,0.4157735496573354,,0.281628509167994,,0.6780395407647745,0.6239862967258449,,0.6012905817510966,0.6452981846155983,108900,0.04626502899918705
ar20,id,pitch_imu,10,1.0,1,True,434304,0.05755823520066715,,0.0444293982339671,,0.8967465758949417,0.9958802061502903,,0.99551680658266,0.9961825230444741,108900,0.04626502899918705
ar20,id,pitch_imu,20,2.0,1,True,434304,0.21509926747619942,,0.15675804870217905,,1.639889871399927,0.9827952448717687,,0.9814245109471808,0.9840273698251175,108900,0.04626502899918705
ar20,id,pitch_imu,30,3.0,1,True,434304,0.42217357365098174,,0.29796227772887823,,2.122484405245588,0.9604366485922415,,0.957334440077404,0.9632037771752038,108900,0.04626502899918705
ar20,id,pitch_imu,50,5.0,1,True,434304,0.6220096822968545,,0.44213730173966004,,2.234427726290816,0.9225071440952118,,0.9143356590387612,0.9289427551342453,108900,0.04626502899918705
ar20,id,pitch_imu,100,10.0,1,True,434304,1.0879867036874409,,0.7337499534331324,,1.5593436358220714,0.5131854931799239,,0.5014341537421915,0.5248273366553347,108900,0.04626502899918705
ar20,id,pitch_imu,150,15.0,1,True,434304,1.2253709249346727,,0.793933885811996,,1.7853551102885246,0.5289294862787381,,0.5084242234785841,0.5470673263661554,108900,0.04626502899918705
ar20,id,pitch_rate_imu,10,1.0,1,True,434304,0.10758659615767108,,0.07953115668337266,,0.7534204829087303,0.9796088608214397,,0.9781126835292916,0.9808785683304353,108900,0.04626502899918705
ar20,id,pitch_rate_imu,20,2.0,1,True,434304,0.2276738194130348,,0.15926315777132694,,1.3417844978848232,0.971208741655091,,0.9691093129831527,0.9731307768201708,108900,0.04626502899918705
ar20,id,pitch_rate_imu,30,3.0,1,True,434304,0.2792949678518758,,0.19820733185711645,,1.664371083650498,0.9718404378218225,,0.9694422076407412,0.9739741716725824,108900,0.04626502899918705
ar20,id,pitch_rate_imu,50,5.0,1,True,434304,0.5587487802235157,,0.37406722828396827,,1.5495762479562236,0.8699808644058126,,0.8588899976029096,0.8797985843201727,108900,0.04626502899918705
ar20,id,pitch_rate_imu,100,10.0,1,True,434304,0.8559832458602729,,0.5596739803868547,,1.2735265809317058,0.548233003431296,,0.5303766513248983,0.565320921643412,108900,0.04626502899918705
ar20,id,pitch_rate_imu,150,15.0,1,True,434304,0.9168341952504652,,0.5841923912708648,,1.3083418485724552,0.5089348209697224,,0.4950570667527793,0.5216859369357593,108900,0.04626502899918705
ar20,id,roll_imu,10,1.0,1,True,434304,0.04496843690626278,,0.03566937771944924,,1.9448708998621889,0.9994653937555553,,0.9993496941105262,0.9995382776295592,108900,0.04626502899918705
ar20,id,roll_imu,20,2.0,1,True,434304,0.15046989823320123,,0.1159634833873305,,3.7445627859317203,0.998385280757743,,0.9980813444149643,0.9985913476933973,108900,0.04626502899918705
ar20,id,roll_imu,30,3.0,1,True,434304,0.3431474544173731,,0.25887117434277357,,5.267438807686876,0.9957561251833588,,0.9950156207913188,0.9962761000320673,108900,0.04626502899918705
ar20,id,roll_imu,50,5.0,1,True,434304,0.7374401381393859,,0.5286000851368423,,7.087624231053461,0.9891743950221574,,0.9874043626386273,0.9903681002048776,108900,0.04626502899918705
ar20,id,roll_imu,100,10.0,1,True,434304,1.2314930835769122,,0.8503751209328249,,3.793831212709033,0.8946321924280594,,0.8812546930043259,0.9046763312738224,108900,0.04626502899918705
ar20,id,roll_imu,150,15.0,1,True,434304,1.87087698494121,,1.2288206568203335,,5.252023789483733,0.8731071663655016,,0.8614279474018829,0.8831167716278783,108900,0.04626502899918705
ar20,id,roll_rate_imu,10,1.0,1,True,434304,0.07035869503080054,,0.05459494944442706,,1.0678999900390298,0.9956591539191693,,0.9948668431147134,0.9962019267120815,108900,0.04626502899918705
ar20,id,roll_rate_imu,20,2.0,1,True,434304,0.1629314930678916,,0.12238398562663487,,2.0486112451264518,0.9936745566581966,,0.9926154795102713,0.9943917459007718,108900,0.04626502899918705
ar20,id,roll_rate_imu,30,3.0,1,True,434304,0.24112267225641135,,0.17612570372019387,,2.8661560416217173,0.992922556120152,,0.9918405485959755,0.9936680726637905,108900,0.04626502899918705
ar20,id,roll_rate_imu,50,5.0,1,True,434304,0.3161703883721516,,0.2278869649945609,,3.7984644418446996,0.9930717068556503,,0.9920134377376235,0.9938459721301508,108900,0.04626502899918705
ar20,id,roll_rate_imu,100,10.0,1,True,434304,0.7248337146457076,,0.5087611501951778,,1.958924104837112,0.8630879885854424,,0.8453297628017148,0.8768298266717922,108900,0.04626502899918705
ar20,id,roll_rate_imu,150,15.0,1,True,434304,1.0410143827654308,,0.7077290567717247,,2.8982735890952527,0.8709866355457176,,0.858411161992781,0.8808422730180678,108900,0.04626502899918705
ar40,id,heave_imu,10,1.0,1,True,434304,0.0014955163214690245,,0.0011037680987794612,,0.4360860094370759,0.9999882391690738,,0.9999868779500558,0.9999893544300228,216900,0.20167178600240732
ar40,id,heave_imu,20,2.0,1,True,434304,0.013261562484268795,,0.009614288153233768,,0.8272378841486192,0.9997430026995127,,0.9997109222625905,0.99976904234415,216900,0.20167178600240732
ar40,id,heave_imu,30,3.0,1,True,434304,0.049999341194677145,,0.03552058437343607,,1.1355767624159623,0.9980613671380348,,0.9978123968407666,0.9982676332087379,216900,0.20167178600240732
ar40,id,heave_imu,50,5.0,1,True,434304,0.1812025941179579,,0.12387687277157743,,1.419148162303668,0.9836967817192128,,0.9819060722990225,0.9853071277066402,216900,0.20167178600240732
ar40,id,heave_imu,100,10.0,1,True,434304,0.4644962384549486,,0.3195896202022305,,0.8123875004006482,0.6730826743486356,,0.6365079343320359,0.7004973136664485,216900,0.20167178600240732
ar40,id,heave_imu,150,15.0,1,True,434304,0.6339362600059133,,0.43352752055551136,,1.0935546656669395,0.663945131900306,,0.6421311095066075,0.6831032418561527,216900,0.20167178600240732
ar40,id,heave_rate_imu,10,1.0,1,True,434304,0.004782576628620499,,0.003513395863537946,,0.2838667559561788,0.9997161461395052,,0.9996887934053621,0.9997384985871417,216900,0.20167178600240732
ar40,id,heave_rate_imu,20,2.0,1,True,434304,0.026041158676605985,,0.01865400999517527,,0.5325577215099725,0.9976089578284996,,0.9973658006246777,0.9978237071397884,216900,0.20167178600240732
ar40,id,heave_rate_imu,30,3.0,1,True,434304,0.06815232106465803,,0.047599992011571314,,0.7178513821406037,0.9909865257868993,,0.9900442405804032,0.9918344280584949,216900,0.20167178600240732
ar40,id,heave_rate_imu,50,5.0,1,True,434304,0.12929770595085963,,0.08613790080620795,,0.8471498442942375,0.9767050829483865,,0.974039401622619,0.9790245904837289,216900,0.20167178600240732
ar40,id,heave_rate_imu,100,10.0,1,True,434304,0.30160970751747446,,0.20549882860663202,,0.47470625601314864,0.5963167584029904,,0.5793901229896382,0.613460669320221,216900,0.20167178600240732
ar40,id,heave_rate_imu,150,15.0,1,True,434304,0.4089890746121678,,0.27789073626167965,,0.6780395407647745,0.6361575466154141,,0.6131261428144161,0.6576265363678367,216900,0.20167178600240732
ar40,id,pitch_imu,10,1.0,1,True,434304,0.0501982764255595,,0.03880796989290906,,0.8967465758949417,0.996866438971044,,0.9965893793295814,0.9970910759950005,216900,0.20167178600240732
ar40,id,pitch_imu,20,2.0,1,True,434304,0.18426008902303212,,0.1347869997376475,,1.639889871399927,0.9873749476881766,,0.9864685432618034,0.9881888965652238,216900,0.20167178600240732
ar40,id,pitch_imu,30,3.0,1,True,434304,0.36402139980941767,,0.25883704156600534,,2.122484405245588,0.970585273492333,,0.968498861558452,0.9723728041750381,216900,0.20167178600240732
ar40,id,pitch_imu,50,5.0,1,True,434304,0.5810134784396727,,0.4142568609631898,,2.234427726290816,0.9323855077302006,,0.9259624543677016,0.9378264400094395,216900,0.20167178600240732
ar40,id,pitch_imu,100,10.0,1,True,434304,1.0632715221907234,,0.7161587329215415,,1.5593436358220714,0.5350516613453788,,0.5223870441396328,0.546605371000259,216900,0.20167178600240732
ar40,id,pitch_imu,150,15.0,1,True,434304,1.2180365328168374,,0.7895870170146876,,1.7853551102885246,0.5345517446274226,,0.5144255048414242,0.5526456643433095,216900,0.20167178600240732
ar40,id,pitch_rate_imu,10,1.0,1,True,434304,0.09278854895616463,,0.06887041102545845,,0.7534204829087303,0.9848325029061199,,0.9837414599303418,0.9857320288494028,216900,0.20167178600240732
ar40,id,pitch_rate_imu,20,2.0,1,True,434304,0.1964360204111819,,0.13836809866443345,,1.3417844978848232,0.9785673084231706,,0.9771603381809256,0.979844052234261,216900,0.20167178600240732
ar40,id,pitch_rate_imu,30,3.0,1,True,434304,0.2544080402597166,,0.17984964955753308,,1.664371083650498,0.9766352390855499,,0.9747680585479814,0.9782464686147291,216900,0.20167178600240732
ar40,id,pitch_rate_imu,50,5.0,1,True,434304,0.5221888027019866,,0.34659217965356043,,1.5495762479562236,0.8864389999734392,,0.8769440372390856,0.8951667636606561,216900,0.20167178600240732
ar40,id,pitch_rate_imu,100,10.0,1,True,434304,0.8438889148972888,,0.5504885911065381,,1.2735265809317058,0.5609089991098077,,0.5449210372674137,0.5767059679923987,216900,0.20167178600240732
ar40,id,pitch_rate_imu,150,15.0,1,True,434304,0.9144517677156647,,0.5828022991500861,,1.3083418485724552,0.5114836071306689,,0.497332496605089,0.5244134710234278,216900,0.20167178600240732
ar40,id,roll_imu,10,1.0,1,True,434304,0.04080091266493878,,0.03222489057226357,,1.9448708998621889,0.9995598930780397,,0.9994637009487866,0.9996204229968633,216900,0.20167178600240732
ar40,id,roll_imu,20,2.0,1,True,434304,0.14086594812903053,,0.10817931815041777,,3.7445627859317203,0.9985848260955696,,0.9982976111469154,0.9987755973008221,216900,0.20167178600240732
ar40,id,roll_imu,30,3.0,1,True,434304,0.3257159588104096,,0.24604043954574797,,5.267438807686876,0.9961763416758094,,0.9954759140089111,0.9966539973575442,216900,0.20167178600240732
ar40,id,roll_imu,50,5.0,1,True,434304,0.6995603605025713,,0.5033149713032083,,7.087624231053461,0.9902579799892492,,0.9887073134970684,0.9913302473045732,216900,0.20167178600240732
ar40,id,roll_imu,100,10.0,1,True,434304,1.170880756881441,,0.8112385778472798,,3.793831212709033,0.904749047650257,,0.8921820685936858,0.9144681963785025,216900,0.20167178600240732
ar40,id,roll_imu,150,15.0,1,True,434304,1.827040564229481,,1.2160344247773278,,5.252023789483733,0.8789839397052283,,0.867049635683827,0.8890755392146555,216900,0.20167178600240732
ar40,id,roll_rate_imu,10,1.0,1,True,434304,0.06701720149125949,,0.05187562087085703,,1.0678999900390298,0.9960616762701189,,0.9952879018113094,0.9965798828359943,216900,0.20167178600240732
ar40,id,roll_rate_imu,20,2.0,1,True,434304,0.15561615966076414,,0.11744794186863744,,2.0486112451264518,0.9942298077602435,,0.9932270687265479,0.9949115901402134,216900,0.20167178600240732
ar40,id,roll_rate_imu,30,3.0,1,True,434304,0.2300259003871951,,0.16931433950889302,,2.8661560416217173,0.9935589923225906,,0.9925620760111046,0.9942393309208348,216900,0.20167178600240732
ar40,id,roll_rate_imu,50,5.0,1,True,434304,0.2958805773603804,,0.213450619972915,,3.7984644418446996,0.9939324022100737,,0.9929745105254131,0.9946208309458351,216900,0.20167178600240732
ar40,id,roll_rate_imu,100,10.0,1,True,434304,0.6898554412337964,,0.4858544006429187,,1.958924104837112,0.8759830724810568,,0.8593237606702214,0.8888466379078627,216900,0.20167178600240732
ar40,id,roll_rate_imu,150,15.0,1,True,434304,1.0039151066181646,,0.6822906508710823,,2.8982735890952527,0.8800182422094773,,0.8683493337694946,0.8892200216337718,216900,0.20167178600240732
ar_attitude_only,id,heave_imu,10,1.0,1,True,434304,0.0061081801556315445,,0.004482387495885833,,0.4360860094370759,0.9998038088703465,,0.9997844383715765,0.9998196007406847,108900,0.0426469059966621
ar_attitude_only,id,heave_imu,20,2.0,1,True,434304,0.03378718970435993,,0.024456825767724354,,0.8272378841486192,0.9983318184630664,,0.9981572232810237,0.9984797472991737,108900,0.0426469059966621
ar_attitude_only,id,heave_imu,30,3.0,1,True,434304,0.09847195880320157,,0.07032324858469292,,1.1355767624159623,0.9924804446535813,,0.9916661914539786,0.9931239617478423,108900,0.0426469059966621
ar_attitude_only,id,heave_imu,50,5.0,1,True,434304,0.2743167717154848,,0.19197626667837395,,1.419148162303668,0.9626363544059711,,0.9593234629151651,0.9654006165662711,108900,0.0426469059966621
ar_attitude_only,id,heave_imu,100,10.0,1,True,434304,0.5208847482220821,,0.35952727205325186,,0.8123875004006482,0.5888911582753377,,0.5507499235026195,0.6180416598525362,108900,0.0426469059966621
ar_attitude_only,id,heave_imu,150,15.0,1,True,434304,0.6657240277471176,,0.4543136420137181,,1.0935546656669395,0.6293982476912992,,0.608395487162348,0.6486818525043486,108900,0.0426469059966621
ar_attitude_only,id,heave_rate_imu,10,1.0,1,True,434304,0.029112583285374694,,0.020133763322269425,,0.2838667559561788,0.9894820181114161,,0.9886472705333639,0.9903162014935416,108900,0.0426469059966621
ar_attitude_only,id,heave_rate_imu,20,2.0,1,True,434304,0.055265345724076875,,0.03948754889811491,,0.5325577215099725,0.9892310735541477,,0.9882635486885294,0.990092203071569,108900,0.0426469059966621
ar_attitude_only,id,heave_rate_imu,30,3.0,1,True,434304,0.10919165441502515,,0.0770191398937878,,0.7178513821406037,0.9768628527423946,,0.9748972549329229,0.9786665750432568,108900,0.0426469059966621
ar_attitude_only,id,heave_rate_imu,50,5.0,1,True,434304,0.16659064743458477,,0.11506673111178438,,0.8471498442942375,0.9613294132799075,,0.9582108835382706,0.9641573745264463,108900,0.0426469059966621
ar_attitude_only,id,heave_rate_imu,100,10.0,1,True,434304,0.32675860397330975,,0.22512174470342797,,0.47470625601314864,0.5261900752880851,,0.5090155987422333,0.5440915389549598,108900,0.0426469059966621
ar_attitude_only,id,heave_rate_imu,150,15.0,1,True,434304,0.4188968406816282,,0.28494345208179134,,0.6780395407647745,0.6183158481230886,,0.5956651468510616,0.6397903342740503,108900,0.0426469059966621
ar_attitude_only,id,pitch_imu,10,1.0,1,True,434304,0.11501943255347136,,0.08683096541531027,,0.8967465758949417,0.9835485952533456,,0.9823344742247749,0.9846049868254446,108900,0.0426469059966621
ar_attitude_only,id,pitch_imu,20,2.0,1,True,434304,0.30999608468972845,,0.2273019490345379,,1.639889871399927,0.964265883390919,,0.9618476983453781,0.9662836282380695,108900,0.0426469059966621
ar_attitude_only,id,pitch_imu,30,3.0,1,True,434304,0.4720615262372948,,0.3390362949195495,,2.122484405245588,0.9505338401721415,,0.9467411401800795,0.9537524116068535,108900,0.0426469059966621
ar_attitude_only,id,pitch_imu,50,5.0,1,True,434304,0.6791861362116073,,0.47737978981023826,,2.234427726290816,0.907605737929571,,0.8981795975352811,0.9153637203834343,108900,0.0426469059966621
ar_attitude_only,id,pitch_imu,100,10.0,1,True,434304,1.1144782874445638,,0.7411971719597246,,1.5593436358220714,0.48918980154047353,,0.47496761519859126,0.5023259808507335,108900,0.0426469059966621
ar_attitude_only,id,pitch_imu,150,15.0,1,True,434304,1.227425756068986,,0.7934931217675855,,1.7853551102885246,0.5273482802362192,,0.5077242153605342,0.5450851105374588,108900,0.0426469059966621
ar_attitude_only,id,pitch_rate_imu,10,1.0,1,True,434304,0.1788508902692681,,0.13057320677542575,,0.7534204829087303,0.9436482553207358,,0.9402878012790299,0.9467657355654936,108900,0.0426469059966621
ar_attitude_only,id,pitch_rate_imu,20,2.0,1,True,434304,0.2526341746290527,,0.17941040579910417,,1.3417844978848232,0.9645498026554366,,0.9617210665948006,0.9670548896192817,108900,0.0426469059966621
ar_attitude_only,id,pitch_rate_imu,30,3.0,1,True,434304,0.31809433842112994,,0.2234125897069378,,1.664371083650498,0.9634732060204259,,0.9601744911659271,0.9663573973728639,108900,0.0426469059966621
ar_attitude_only,id,pitch_rate_imu,50,5.0,1,True,434304,0.616799196843554,,0.42089059354174874,,1.5495762479562236,0.8415611442154396,,0.8321600501148232,0.8496700998618668,108900,0.0426469059966621
ar_attitude_only,id,pitch_rate_imu,100,10.0,1,True,434304,0.8691395533005604,,0.5711761495709077,,1.2735265809317058,0.5342391280991405,,0.5161792528107874,0.5523247053284542,108900,0.0426469059966621
ar_attitude_only,id,pitch_rate_imu,150,15.0,1,True,434304,0.9203616354008045,,0.588682356866957,,1.3083418485724552,0.5051488904525336,,0.4910932111087012,0.5177390934160839,108900,0.0426469059966621
ar_attitude_only,id,roll_imu,10,1.0,1,True,434304,0.08520311099881606,,0.0664065616928159,,1.9448708998621889,0.9980807597270799,,0.9976994684893593,0.9983364232732099,108900,0.0426469059966621
ar_attitude_only,id,roll_imu,20,2.0,1,True,434304,0.24793014016631038,,0.1889041566588048,,3.7445627859317203,0.9956161426073048,,0.9948058552192742,0.9961772761075979,108900,0.0426469059966621
ar_attitude_only,id,roll_imu,30,3.0,1,True,434304,0.4746496099783575,,0.35497572971505736,,5.267438807686876,0.9918801639838112,,0.9904691196147506,0.9928723941517346,108900,0.0426469059966621
ar_attitude_only,id,roll_imu,50,5.0,1,True,434304,0.8026817946913489,,0.5699170117575963,,7.087624231053461,0.9871741706399654,,0.9850670036379935,0.9886132286800222,108900,0.0426469059966621
ar_attitude_only,id,roll_imu,100,10.0,1,True,434304,1.3471919108824901,,0.9282663505848325,,3.793831212709033,0.8739035318778314,,0.8574223886900129,0.8862444896018109,108900,0.0426469059966621
ar_attitude_only,id,roll_imu,150,15.0,1,True,434304,1.9793567828542018,,1.3205068480864472,,5.252023789483733,0.8579651888527612,,0.8442669457970885,0.869469383010062,108900,0.0426469059966621
ar_attitude_only,id,roll_rate_imu,10,1.0,1,True,434304,0.13289313332109756,,0.10021134512016859,,1.0678999900390298,0.9845138337404675,,0.9820026043286406,0.9862296822509896,108900,0.0426469059966621
ar_attitude_only,id,roll_rate_imu,20,2.0,1,True,434304,0.2170502125847975,,0.1605407646624176,,2.0486112451264518,0.9887746128950203,,0.9869874065760009,0.9900417764332243,108900,0.0426469059966621
ar_attitude_only,id,roll_rate_imu,30,3.0,1,True,434304,0.2650665734332482,,0.19186954725162758,,2.8661560416217173,0.9914471616084595,,0.9901360378796782,0.9923722529004776,108900,0.0426469059966621
ar_attitude_only,id,roll_rate_imu,50,5.0,1,True,434304,0.3809161464593335,,0.28088720390692395,,3.7984644418446996,0.9899435978138497,,0.9883554586811655,0.9910982674662517,108900,0.0426469059966621
ar_attitude_only,id,roll_rate_imu,100,10.0,1,True,434304,0.7725766521566739,,0.5456242381412862,,1.958924104837112,0.8444579072282544,,0.8245963652474089,0.8598403915759214,108900,0.0426469059966621
ar_attitude_only,id,roll_rate_imu,150,15.0,1,True,434304,1.056181708435874,,0.7180017108485218,,2.8982735890952527,0.8671998623617245,,0.855008915395323,0.8767123761316619,108900,0.0426469059966621
damped_persistence,id,heave_imu,10,1.0,1,True,434304,0.5265274145676905,,0.34111605275976414,,0.4360860094370759,-0.4577990712204407,,-0.4966640873889587,-0.4173436410370819,6,0.1428540319975582
damped_persistence,id,heave_imu,20,2.0,1,True,434304,0.7545268918290101,,0.48648476030631543,,0.8272378841486192,0.16806649441649835,,0.1455508676113311,0.19170033878544918,6,0.1428540319975582
damped_persistence,id,heave_imu,30,3.0,1,True,434304,0.8267081906877837,,0.529336222286215,,1.1355767624159623,0.47000534814618644,,0.45555281517415536,0.48465560913085287,6,0.1428540319975582
damped_persistence,id,heave_imu,50,5.0,1,True,434304,0.7912681317827772,,0.5012270455248521,,1.419148162303668,0.6891206526313339,,0.6832133383058224,0.6951732935056485,6,0.1428540319975582
damped_persistence,id,heave_imu,100,10.0,1,True,434304,0.719443400192093,,0.4650524613868403,,0.8123875004006482,0.21572783655632632,,0.14904318576776335,0.2709996732013218,6,0.1428540319975582
damped_persistence,id,heave_imu,150,15.0,1,True,434304,0.7763683218264221,,0.49208457355103213,,1.0935546656669395,0.4959720532027939,,0.4678903169780498,0.5226744061484451,6,0.1428540319975582
damped_persistence,id,heave_rate_imu,10,1.0,1,True,434304,0.33151364521524573,,0.22230908345653522,,0.2838667559561788,-0.3638724234260591,,-0.3981536957204752,-0.3265376000985016,6,0.1428540319975582
damped_persistence,id,heave_rate_imu,20,2.0,1,True,434304,0.46009691458754115,,0.30756921852056357,,0.5325577215099725,0.2536109317062686,,0.2346715291465402,0.2738371941010555,6,0.1428540319975582
damped_persistence,id,heave_rate_imu,30,3.0,1,True,434304,0.49191178511387057,,0.327267419247358,,0.7178513821406037,0.5304245611841343,,0.5190037640660542,0.5420739271267335,6,0.1428540319975582
damped_persistence,id,heave_rate_imu,50,5.0,1,True,434304,0.4612389442063996,,0.30513028160893735,,0.8471498442942375,0.7035636426251282,,0.699749871157991,0.707250158355632,6,0.1428540319975582
damped_persistence,id,heave_rate_imu,100,10.0,1,True,434304,0.4398084578426706,,0.2936452894085249,,0.47470625601314864,0.14162463824707938,,0.08740101624353024,0.1942425300663682,6,0.1428540319975582
damped_persistence,id,heave_rate_imu,150,15.0,1,True,434304,0.45859362305256096,,0.3031567634694199,,0.6780395407647745,0.5425475260543444,,0.5232997005003441,0.5599121090976136,6,0.1428540319975582
damped_persistence,id,pitch_imu,10,1.0,1,True,434304,0.9895663732315568,,0.6266774184778451,,0.8967465758949417,-0.2177283131155845,,-0.25506495332899476,-0.18212593770875207,6,0.1428540319975582
damped_persistence,id,pitch_imu,20,2.0,1,True,434304,1.3108895217890646,,0.827440963240877,,1.639889871399927,0.3609971176520783,,0.3409160695983519,0.3798911893659503,6,0.1428540319975582
damped_persistence,id,pitch_imu,30,3.0,1,True,434304,1.354980921947959,,0.8518503764969027,,2.122484405245588,0.5924533338385269,,0.580963222913875,0.6037785406111958,6,0.1428540319975582
damped_persistence,id,pitch_imu,50,5.0,1,True,434304,1.2510580183922115,,0.7841472601429377,,2.234427726290816,0.6865110205393268,,0.6808298271650326,0.6914244009728946,6,0.1428540319975582
damped_persistence,id,pitch_imu,100,10.0,1,True,434304,1.241943921577788,,0.7814032132487201,,1.5593436358220714,0.36566261389137344,,0.33540535225908313,0.3971029317101532,6,0.1428540319975582
damped_persistence,id,pitch_imu,150,15.0,1,True,434304,1.2594021755600162,,0.7925796041757787,,1.7853551102885246,0.5024008195230169,,0.48301622001534433,0.5199761318144709,6,0.1428540319975582
damped_persistence,id,pitch_rate_imu,10,1.0,1,True,434304,0.7863604807679253,,0.49727549243710933,,0.7534204829087303,-0.08935269722053563,,-0.11789488978243143,-0.061894555536838196,6,0.1428540319975582
damped_persistence,id,pitch_rate_imu,20,2.0,1,True,434304,0.9874307065905544,,0.6251235533341334,,1.3417844978848232,0.45843858153230055,,0.44470398307483966,0.4709193426675782,6,0.1428540319975582
damped_persistence,id,pitch_rate_imu,30,3.0,1,True,434304,0.9884812444001682,,0.6263883005785688,,1.664371083650498,0.6472747556649657,,0.6406514983166638,0.6535806911165142,6,0.1428540319975582
damped_persistence,id,pitch_rate_imu,50,5.0,1,True,434304,0.9102200314713037,,0.5770144289814743,,1.5495762479562236,0.654962041036625,,0.6448958825156816,0.6633679141587702,6,0.1428540319975582
damped_persistence,id,pitch_rate_imu,100,10.0,1,True,434304,0.934910070252659,,0.5894724607559669,,1.2735265809317058,0.46108081094974573,,0.4393042082571206,0.48275053699955167,6,0.1428540319975582
damped_persistence,id,pitch_rate_imu,150,15.0,1,True,434304,0.9291325934741046,,0.5894603732101055,,1.3083418485724552,0.49567218135199353,,0.48281014479482076,0.5089064777354483,6,0.1428540319975582
damped_persistence,id,roll_imu,10,1.0,1,True,434304,2.4893371843606653,,1.2909825806711028,,1.9448708998621889,-0.638271576149084,,-0.6559131212806117,-0.6185410461271673,6,0.1428540319975582
damped_persistence,id,roll_imu,20,2.0,1,True,434304,3.6908789289331967,,1.9057821189075193,,3.7445627859317203,0.028467429294468438,,0.017673179683012158,0.04058192419260474,6,0.1428540319975582
damped_persistence,id,roll_imu,30,3.0,1,True,434304,4.130714997043229,,2.123193301072893,,5.267438807686876,0.3850334911587021,,0.37800318569406965,0.39252626247411637,6,0.1428540319975582
damped_persistence,id,roll_imu,50,5.0,1,True,434304,3.9260347348153,,2.009112190304466,,7.087624231053461,0.6931635801576748,,0.6902567560011331,0.6961950106288209,6,0.1428540319975582
damped_persistence,id,roll_imu,100,10.0,1,True,434304,3.4226959597647184,,1.7892164138302618,,3.793831212709033,0.1860820360230725,,0.15017654523763202,0.21953815850670833,6,0.1428540319975582
damped_persistence,id,roll_imu,150,15.0,1,True,434304,4.1081091592237176,,2.0855984391143205,,5.252023789483733,0.38817026376203934,,0.36675162098644143,0.40849679491813484,6,0.1428540319975582
damped_persistence,id,roll_rate_imu,10,1.0,1,True,434304,1.349664893300868,,0.7298088550765018,,1.0678999900390298,-0.5973156174461425,,-0.6203601278436375,-0.5723656027556485,6,0.1428540319975582
damped_persistence,id,roll_rate_imu,20,2.0,1,True,434304,1.9829817044211429,,1.0656335363885399,,2.0486112451264518,0.06304591286223604,,0.049605089403479206,0.07743290770082954,6,0.1428540319975582
damped_persistence,id,roll_rate_imu,30,3.0,1,True,434304,2.202439029945818,,1.1763740166410468,,2.8661560416217173,0.409516009178142,,0.4015583040346577,0.4179332965969771,6,0.1428540319975582
damped_persistence,id,roll_rate_imu,50,5.0,1,True,434304,2.077428191189704,,1.1039305710458516,,3.7984644418446996,0.7008865713053345,,0.6983947783953015,0.7033376890737731,6,0.1428540319975582
damped_persistence,id,roll_rate_imu,100,10.0,1,True,434304,1.8530031326452374,,1.0058029262421933,,1.958924104837112,0.10521831432606288,,0.0654622739414828,0.142733895290259,6,0.1428540319975582
damped_persistence,id,roll_rate_imu,150,15.0,1,True,434304,2.177182958243326,,1.1455711633204624,,2.8982735890952527,0.43569864391756297,,0.41612222391739623,0.45430741101610345,6,0.1428540319975582
dlinear,id,heave_imu,10,1.0,3,False,434304,0.04059856083178138,0.00025476167095680487,0.023470274505201828,0.00036004826020010546,0.4360860094370759,0.9913326093646572,0.00010857850600153655,0.9892783236862855,0.9931243832720531,60300,993.0852061946667
dlinear,id,heave_imu,20,2.0,3,False,434304,0.15682027704488058,0.00036738740136414266,0.0884249713615201,0.0004536714101713891,0.8272378841486192,0.9640627209175673,0.00016848127339151353,0.9554487660371662,0.9718728570219002,60300,993.0852061946667
dlinear,id,heave_imu,30,3.0,3,False,434304,0.29710322319707966,0.0008671862779330196,0.16494700878291949,0.00024924396847576574,1.1355767624159623,0.9315483060974713,0.00039973725520293707,0.9143672932276351,0.9472203077786343,60300,993.0852061946667
dlinear,id,heave_imu,50,5.0,3,False,434304,0.28507619609442614,0.0008552569778497136,0.16958820884973472,0.000304612854049177,1.419148162303668,0.959647630845886,0.00024196812649495612,0.9513264670051176,0.9671765111609157,60300,993.0852061946667
dlinear,id,heave_imu,100,10.0,3,False,434304,0.5540047601220704,0.0016002534661470392,0.35721656064116525,0.0008825244185657611,0.8123875004006482,0.534946472361952,0.0026868624028644436,0.4978785899072155,0.5710189767465054,60300,993.0852061946667
dlinear,id,heave_imu,150,15.0,3,False,434304,0.7297825489102089,0.001185500749426152,0.4661795883173882,0.0008269271019065412,1.0935546656669395,0.5546446064202775,0.0014464180136462461,0.5051761142164344,0.5989737844526011,60300,993.0852061946667
dlinear,id,heave_rate_imu,10,1.0,3,False,434304,0.021869248195255226,0.00041080622821201124,0.014435720304349814,0.0004194486153123137,0.2838667559561788,0.9940633589615885,0.00022399803809478174,0.9931965913181184,0.9948844241568335,60300,993.0852061946667
dlinear,id,heave_rate_imu,20,2.0,3,False,434304,0.08139021768297963,0.0004308351607346018,0.053096038559718985,0.00046255818343259595,0.5325577215099725,0.9766428870417,0.00024708556124229523,0.9734991507722317,0.979652063453697,60300,993.0852061946667
dlinear,id,heave_rate_imu,30,3.0,3,False,434304,0.14977823752311695,0.0002632704466146991,0.09678527529099067,0.00018125115768173342,0.7178513821406037,0.9564659326913533,0.00015310967585928684,0.9502268057817841,0.9620611988352664,60300,993.0852061946667
dlinear,id,heave_rate_imu,50,5.0,3,False,434304,0.1585628035681658,0.0002526970940117301,0.10600983016607758,0.00012318103144135263,0.8471498442942375,0.9649665508788946,0.00011164988448569912,0.9610630435762045,0.9683501226948871,60300,993.0852061946667
dlinear,id,heave_rate_imu,100,10.0,3,False,434304,0.33793613891234164,0.0007103136859875138,0.2306783300315102,0.0004864699747618912,0.47470625601314864,0.4932186264782948,0.002130472792958845,0.46631210117770655,0.5208873121784799,60300,993.0852061946667
dlinear,id,heave_rate_imu,150,15.0,3,False,434304,0.43119836044157095,0.0010156116895564053,0.29034532157716036,0.0005311059394689575,0.6780395407647745,0.5955677628444426,0.001903838656719452,0.5710769071143953,0.6203331504218895,60300,993.0852061946667
dlinear,id,pitch_imu,10,1.0,3,False,434304,0.12712327889816646,0.0006885662998058494,0.0973831522773757,0.0005556292530877539,0.8967465758949417,0.9799035562193787,0.00021800483016434387,0.9779866517211279,0.9815131319266311,60300,993.0852061946667
dlinear,id,pitch_imu,20,2.0,3,False,434304,0.3519458065212733,0.0011407037111326426,0.2555303286008586,0.0007775328842190124,1.639889871399927,0.9539398588761475,0.0002983441045596275,0.9499263241995318,0.9577088576142476,60300,993.0852061946667
dlinear,id,pitch_imu,30,3.0,3,False,434304,0.5235053083056037,0.0027370253428484416,0.35640200857777565,0.0016106910567888959,2.122484405245588,0.9391639402619294,0.0006352994767629669,0.9326531702450386,0.9449999161006072,60300,993.0852061946667
dlinear,id,pitch_imu,50,5.0,3,False,434304,0.6173286559524171,0.0005937042476714576,0.4204112883465982,0.0003652266769079993,2.234427726290816,0.9236690762077328,0.00014684994393218792,0.9153021225612679,0.9311148636431404,60300,993.0852061946667
dlinear,id,pitch_imu,100,10.0,3,False,434304,1.1283826394283023,0.00224881722934079,0.7377239969614342,0.001209424560490526,1.5593436358220714,0.47636305884261615,0.002087426760061576,0.45734610155511773,0.4941422275690235,60300,993.0852061946667
dlinear,id,pitch_imu,150,15.0,3,False,434304,1.247284643149369,0.0004322075363463603,0.7891274798110675,0.00025759338810231946,1.7853551102885246,0.5119301692263377,0.00033827897402746466,0.48635894224476783,0.5367621914065334,60300,993.0852061946667
dlinear,id,pitch_rate_imu,10,1.0,3,False,434304,0.14311001461466202,0.00021364612967264484,0.10278537879237531,0.00026620392267884783,0.7534204829087303,0.96392005628108,0.00010776595641121281,0.9602382516677768,0.9670777504208189,60300,993.0852061946667
dlinear,id,pitch_rate_imu,20,2.0,3,False,434304,0.39006716213795806,0.0008951938909924655,0.2631434070849923,0.0006029054404563578,1.3417844978848232,0.9154887031142493,0.0003876669572144258,0.9053230814570344,0.9247618786875611,60300,993.0852061946667
dlinear,id,pitch_rate_imu,30,3.0,3,False,434304,0.5262165604733955,0.0020416142519643445,0.34139158631717775,0.0014653465532204154,1.664371083650498,0.9000384325132059,0.0007749204222955412,0.8886640308819481,0.9109341907684563,60300,993.0852061946667
dlinear,id,pitch_rate_imu,50,5.0,3,False,434304,0.6494436182093541,0.000547566419623105,0.41524495051306803,0.00021451807455705077,1.5495762479562236,0.8243463368434502,0.0002961952281675842,0.7985518254154615,0.8460258559164018,60300,993.0852061946667
dlinear,id,pitch_rate_imu,100,10.0,3,False,434304,0.9793426011225094,0.0012943307966861335,0.6315859442014554,0.0007247855945471586,1.2735265809317058,0.40863751384546915,0.0015633952180256875,0.39260142114955754,0.4248905402533329,60300,993.0852061946667
dlinear,id,pitch_rate_imu,150,15.0,3,False,434304,0.9521506634261301,0.000648969343306883,0.6049858414634636,0.00045315377866703594,1.3083418485724552,0.4703743410930763,0.0007220276829227061,0.45100733083395017,0.48757238257337354,60300,993.0852061946667
dlinear,id,roll_imu,10,1.0,3,False,434304,0.14923980428120712,0.0008334303884074872,0.10801191521000335,0.0005170806182359954,1.9448708998621889,0.9941116066367588,6.573230114038245e-05,0.9934071556199412,0.9947135288012539,60300,993.0852061946667
dlinear,id,roll_imu,20,2.0,3,False,434304,0.49370776632184654,0.018561041865001605,0.31526066070451014,0.008782057388532728,3.7445627859317203,0.9826001015985041,0.0013210879946504888,0.979425650811302,0.9848598851263022,60300,993.0852061946667
dlinear,id,roll_imu,30,3.0,3,False,434304,0.8753220126041592,0.030991139530213065,0.4977983000343594,0.014771541496906947,5.267438807686876,0.9723624533411729,0.001967562636738383,0.9676690661714928,0.976423056533685,60300,993.0852061946667
dlinear,id,roll_imu,50,5.0,3,False,434304,0.844094235216569,0.012827740811426236,0.5065589593677363,0.006020352170548377,7.087624231053461,0.9858144113599359,0.00042931416251966675,0.9845108166100303,0.9872275215481032,60300,993.0852061946667
dlinear,id,roll_imu,100,10.0,3,False,434304,1.7527037681081854,0.021094922791433508,1.0007718105894028,0.009807795668815726,3.793831212709033,0.7865466532639194,0.0051410780802310825,0.7694293954518947,0.8014039719208482,60300,993.0852061946667
dlinear,id,roll_imu,150,15.0,3,False,434304,2.539314114186835,0.015265052224246288,1.3814731778699618,0.0050715713868384645,5.252023789483733,0.7662293701864927,0.0028143193211006925,0.751532543810203,0.7788085116186809,60300,993.0852061946667
dlinear,id,roll_rate_imu,10,1.0,3,False,434304,0.11279512147014324,0.0005257802818940874,0.08813239407695062,0.00039308285349122767,1.0678999900390298,0.9888435568021369,0.0001040266005745542,0.9869961661343021,0.9901457716604524,60300,993.0852061946667
dlinear,id,roll_rate_imu,20,2.0,3,False,434304,0.30637402048972434,0.008128908771430713,0.22443605263536826,0.004076741637806906,2.0486112451264518,0.9776236862754359,0.0011955252271084002,0.9742167445008836,0.9800560517462887,60300,993.0852061946667
dlinear,id,roll_rate_imu,30,3.0,3,False,434304,0.47856641123459376,0.015370160587041232,0.31295859382155816,0.00720489823407668,2.8661560416217173,0.9721013418592163,0.0017998350084094754,0.9684182309169659,0.975199335497634,60300,993.0852061946667
dlinear,id,roll_rate_imu,50,5.0,3,False,434304,0.48628162897926525,0.005935950425615808,0.332195446064453,0.002855204480182108,3.7984644418446996,0.9836091024852793,0.00039874157306087234,0.9821814779853854,0.9850024113753945,60300,993.0852061946667
dlinear,id,roll_rate_imu,100,10.0,3,False,434304,0.9820287967112241,0.011124443513336954,0.6101447543739743,0.005231973965260188,1.958924104837112,0.7486665009096941,0.005694671183115254,0.7252401128706226,0.7687462278562667,60300,993.0852061946667
dlinear,id,roll_rate_imu,150,15.0,3,False,434304,1.3840977604801097,0.005183646916645921,0.7960557610799048,0.001697047007813895,2.8982735890952527,0.7719348986998208,0.0017091820889659005,0.7617065847720884,0.7806348977741578,60300,993.0852061946667
dlinear_ols,id,heave_imu,10,1.0,1,True,434304,0.040577478478534046,,0.023131021573293428,,0.4360860094370759,0.9913418360652139,,0.9893678865579015,0.9931739043630486,60300,0.20151079900097102
dlinear_ols,id,heave_imu,20,2.0,1,True,434304,0.15711505219699903,,0.08857068049393196,,0.8272378841486192,0.9639276232847922,,0.9555389229005237,0.9717316344294935,60300,0.20151079900097102
dlinear_ols,id,heave_imu,30,3.0,1,True,434304,0.29792382402526624,,0.16510274291202057,,1.1355767624159623,0.9311700468769077,,0.9144346612974469,0.9467102545063442,60300,0.20151079900097102
dlinear_ols,id,heave_imu,50,5.0,1,True,434304,0.285801465020929,,0.1698749176016042,,1.419148162303668,0.9594422902386889,,0.9513378921372274,0.9669436691301989,60300,0.20151079900097102
dlinear_ols,id,heave_imu,100,10.0,1,True,434304,0.5539814314991779,,0.35718084950182843,,0.8123875004006482,0.5349882240406569,,0.5005313593252789,0.5694242275623024,60300,0.20151079900097102
dlinear_ols,id,heave_imu,150,15.0,1,True,434304,0.7304538184434367,,0.46656230901100415,,1.0935546656669395,0.5538257197915761,,0.5055381234829779,0.5967158563204218,60300,0.20151079900097102
dlinear_ols,id,heave_rate_imu,10,1.0,1,True,434304,0.02154994338492451,,0.01413575545596609,,0.2838667559561788,0.9942368065471134,,0.9935378636529609,0.9948816442886997,60300,0.20151079900097102
dlinear_ols,id,heave_rate_imu,20,2.0,1,True,434304,0.08152900683445656,,0.05320780508050818,,0.5325577215099725,0.9765635983624225,,0.9735465334827584,0.9793027831641968,60300,0.20151079900097102
dlinear_ols,id,heave_rate_imu,30,3.0,1,True,434304,0.15000837281808407,,0.09688271148559965,,0.7178513821406037,0.9563321390695441,,0.9502698287060792,0.9619690211853309,60300,0.20151079900097102
dlinear_ols,id,heave_rate_imu,50,5.0,1,True,434304,0.15887199651593512,,0.10620866662488117,,0.8471498442942375,0.9648298487633715,,0.9610395113251359,0.968170987293857,60300,0.20151079900097102
dlinear_ols,id,heave_rate_imu,100,10.0,1,True,434304,0.3379818278678362,,0.23071203809260551,,0.47470625601314864,0.4930830766206741,,0.46821956063367437,0.5188789646120613,60300,0.20151079900097102
dlinear_ols,id,heave_rate_imu,150,15.0,1,True,434304,0.4316512664704914,,0.29057346197363376,,0.6780395407647745,0.5947192306874958,,0.5713616606369718,0.6168330081216307,60300,0.20151079900097102
dlinear_ols,id,pitch_imu,10,1.0,1,True,434304,0.1267917951498452,,0.09710126217419175,,0.8967465758949417,0.9800086166413832,,0.9782704567866227,0.9814582286206239,60300,0.20151079900097102
dlinear_ols,id,pitch_imu,20,2.0,1,True,434304,0.3525728439367608,,0.25588915996137157,,1.639889871399927,0.9537759120799902,,0.9499309732428074,0.9572021062694072,60300,0.20151079900097102
dlinear_ols,id,pitch_imu,30,3.0,1,True,434304,0.5253781421807721,,0.35740913362357024,,2.122484405245588,0.9387289976811063,,0.9326984513589425,0.943998480479057,60300,0.20151079900097102
dlinear_ols,id,pitch_imu,50,5.0,1,True,434304,0.6178181095264978,,0.4207886853508425,,2.234427726290816,0.9235480362951772,,0.9153591162472536,0.930840899559792,60300,0.20151079900097102
dlinear_ols,id,pitch_imu,100,10.0,1,True,434304,1.1285847268905336,,0.7379427288052066,,1.5593436358220714,0.4761768677811886,,0.45942326236259584,0.4920047910069021,60300,0.20151079900097102
dlinear_ols,id,pitch_imu,150,15.0,1,True,434304,1.2476491990166827,,0.78921707335835,,1.7853551102885246,0.5116448609065111,,0.48656330136315074,0.5355378589989821,60300,0.20151079900097102
dlinear_ols,id,pitch_rate_imu,10,1.0,1,True,434304,0.14305824298924377,,0.1026852867474116,,0.7534204829087303,0.9639462097625482,,0.9603103915686392,0.9670173894640003,60300,0.20151079900097102
dlinear_ols,id,pitch_rate_imu,20,2.0,1,True,434304,0.3905889752130968,,0.26347883993471155,,1.3417844978848232,0.9152627391191867,,0.9054023878755406,0.924134714619709,60300,0.20151079900097102
dlinear_ols,id,pitch_rate_imu,30,3.0,1,True,434304,0.5276793241783556,,0.3423761652809617,,1.664371083650498,0.8994829274491677,,0.8886965873814152,0.9095076260699771,60300,0.20151079900097102
dlinear_ols,id,pitch_rate_imu,50,5.0,1,True,434304,0.6493154524244552,,0.4153574661510031,,1.5495762479562236,0.8244157426802413,,0.7990650380511656,0.8458259275353205,60300,0.20151079900097102
dlinear_ols,id,pitch_rate_imu,100,10.0,1,True,434304,0.9791598993155823,,0.6316775318479865,,1.2735265809317058,0.40885882555215525,,0.3945769578211973,0.42362914094550447,60300,0.20151079900097102
dlinear_ols,id,pitch_rate_imu,150,15.0,1,True,434304,0.9520722074810029,,0.6049297678735458,,1.3083418485724552,0.4704617823931131,,0.4523593102603393,0.48727302319075316,60300,0.20151079900097102
dlinear_ols,id,roll_imu,10,1.0,1,True,434304,0.1488225798985211,,0.10754970387987167,,1.9448708998621889,0.9941446062962676,,0.9935017008304783,0.9946725012425065,60300,0.20151079900097102
dlinear_ols,id,roll_imu,20,2.0,1,True,434304,0.4820798377978611,,0.30945707969075453,,3.7445627859317203,0.9834256806444458,,0.9817129623009645,0.9848511627269352,60300,0.20151079900097102
dlinear_ols,id,roll_imu,30,3.0,1,True,434304,0.8503040347974649,,0.4858955834799869,,5.267438807686876,0.973941495878535,,0.9712552976497336,0.9763335292065529,60300,0.20151079900097102
dlinear_ols,id,roll_imu,50,5.0,1,True,434304,0.830102331109693,,0.5002055669964959,,7.087624231053461,0.9862829128321885,,0.9852417413777443,0.9872002421360752,60300,0.20151079900097102
dlinear_ols,id,roll_imu,100,10.0,1,True,434304,1.7490776657948874,,0.9992992158575545,,3.793831212709033,0.7874494769574705,,0.7754431043435626,0.7973822070902081,60300,0.20151079900097102
dlinear_ols,id,roll_imu,150,15.0,1,True,434304,2.5295327219242596,,1.378030015278289,,5.252023789483733,0.768032450626861,,0.7567892597480397,0.778377809474311,60300,0.20151079900097102
dlinear_ols,id,roll_rate_imu,10,1.0,1,True,434304,0.11235943287815288,,0.08780034887415267,,1.0678999900390298,0.9889297376790729,,0.9871947974818096,0.990118799664038,60300,0.20151079900097102
dlinear_ols,id,roll_rate_imu,20,2.0,1,True,434304,0.3009278340897031,,0.22160820395555533,,2.0486112451264518,0.9784222769772539,,0.9762732193491866,0.9800463424853878,60300,0.20151079900097102
dlinear_ols,id,roll_rate_imu,30,3.0,1,True,434304,0.46605662901959827,,0.3071151749624349,,2.8661560416217173,0.9735590096685329,,0.971786573168462,0.9750840502684851,60300,0.20151079900097102
dlinear_ols,id,roll_rate_imu,50,5.0,1,True,434304,0.480003901359769,,0.3292923862045111,,3.7984644418446996,0.9840311587320784,,0.9828148226029141,0.9849685505927158,60300,0.20151079900097102
dlinear_ols,id,roll_rate_imu,100,10.0,1,True,434304,0.9806890936579605,,0.6097342229599064,,1.958924104837112,0.7493732223535599,,0.7314881009036809,0.7639781686039204,60300,0.20151079900097102
dlinear_ols,id,roll_rate_imu,150,15.0,1,True,434304,1.38057532980407,,0.794866010229268,,2.8982735890952527,0.7730963623445989,,0.7647553302699779,0.7802475210911795,60300,0.20151079900097102
persistence,id,heave_imu,10,1.0,1,True,434304,0.4360860094370759,,0.289655936663249,,0.4360860094370759,0.0,,0.0,0.0,0,0.0
persistence,id,heave_imu,20,2.0,1,True,434304,0.8272378841486192,,0.5471590024792518,,0.8272378841486192,0.0,,0.0,0.0,0,0.0
persistence,id,heave_imu,30,3.0,1,True,434304,1.1355767624159623,,0.7452985940086,,1.1355767624159623,0.0,,0.0,0.0,0,0.0
persistence,id,heave_imu,50,5.0,1,True,434304,1.419148162303668,,0.902518480788973,,1.419148162303668,0.0,,0.0,0.0,0,0.0
persistence,id,heave_imu,100,10.0,1,True,434304,0.8123875004006482,,0.5077734958337422,,0.8123875004006482,0.0,,0.0,0.0,0,0.0
persistence,id,heave_imu,150,15.0,1,True,434304,1.0935546656669395,,0.6903844394249921,,1.0935546656669395,0.0,,0.0,0.0,0,0.0
persistence,id,heave_rate_imu,10,1.0,1,True,434304,0.2838667559561788,,0.1925976111734511,,0.2838667559561788,0.0,,0.0,0.0,0,0.0
persistence,id,heave_rate_imu,20,2.0,1,True,434304,0.5325577215099725,,0.3604215951988917,,0.5325577215099725,0.0,,0.0,0.0,0,0.0
persistence,id,heave_rate_imu,30,3.0,1,True,434304,0.7178513821406037,,0.48332253093899735,,0.7178513821406037,0.0,,0.0,0.0,0,0.0
persistence,id,heave_rate_imu,50,5.0,1,True,434304,0.8471498442942375,,0.5560802224523462,,0.8471498442942375,0.0,,0.0,0.0,0,0.0
persistence,id,heave_rate_imu,100,10.0,1,True,434304,0.47470625601314864,,0.3197633886946329,,0.47470625601314864,0.0,,0.0,0.0,0,0.0
persistence,id,heave_rate_imu,150,15.0,1,True,434304,0.6780395407647745,,0.4370094852911231,,0.6780395407647745,0.0,,0.0,0.0,0,0.0
persistence,id,pitch_imu,10,1.0,1,True,434304,0.8967465758949417,,0.5682321898610497,,0.8967465758949417,0.0,,0.0,0.0,0,0.0
persistence,id,pitch_imu,20,2.0,1,True,434304,1.639889871399927,,1.0374405683885457,,1.639889871399927,0.0,,0.0,0.0,0,0.0
persistence,id,pitch_imu,30,3.0,1,True,434304,2.122484405245588,,1.3400564379547395,,2.122484405245588,0.0,,0.0,0.0,0,0.0
persistence,id,pitch_imu,50,5.0,1,True,434304,2.234427726290816,,1.3777938835471204,,2.234427726290816,0.0,,0.0,0.0,0,0.0
persistence,id,pitch_imu,100,10.0,1,True,434304,1.5593436358220714,,0.9849593179765626,,1.5593436358220714,0.0,,0.0,0.0,0,0.0
persistence,id,pitch_imu,150,15.0,1,True,434304,1.7853551102885246,,1.102282683111488,,1.7853551102885246,0.0,,0.0,0.0,0,0.0
persistence,id,pitch_rate_imu,10,1.0,1,True,434304,0.7534204829087303,,0.46873547055429277,,0.7534204829087303,0.0,,0.0,0.0,0,0.0
persistence,id,pitch_rate_imu,20,2.0,1,True,434304,1.3417844978848232,,0.8370058806773679,,1.3417844978848232,0.0,,0.0,0.0,0,0.0
persistence,id,pitch_rate_imu,30,3.0,1,True,434304,1.664371083650498,,1.0441904386761365,,1.664371083650498,0.0,,0.0,0.0,0,0.0
persistence,id,pitch_rate_imu,50,5.0,1,True,434304,1.5495762479562236,,0.9699477115645773,,1.5495762479562236,0.0,,0.0,0.0,0,0.0
persistence,id,pitch_rate_imu,100,10.0,1,True,434304,1.2735265809317058,,0.7944588240700075,,1.2735265809317058,0.0,,0.0,0.0,0,0.0
persistence,id,pitch_rate_imu,150,15.0,1,True,434304,1.3083418485724552,,0.8186928422289175,,1.3083418485724552,0.0,,0.0,0.0,0,0.0
persistence,id,roll_imu,10,1.0,1,True,434304,1.9448708998621889,,1.0403035114178378,,1.9448708998621889,0.0,,0.0,0.0,0,0.0
persistence,id,roll_imu,20,2.0,1,True,434304,3.7445627859317203,,1.9910524326151253,,3.7445627859317203,0.0,,0.0,0.0,0,0.0
persistence,id,roll_imu,30,3.0,1,True,434304,5.267438807686876,,2.7793417327133922,,5.267438807686876,0.0,,0.0,0.0,0,0.0
persistence,id,roll_imu,50,5.0,1,True,434304,7.087624231053461,,3.6528670762110256,,7.087624231053461,0.0,,0.0,0.0,0,0.0
persistence,id,roll_imu,100,10.0,1,True,434304,3.793831212709033,,1.8833718525693348,,3.793831212709033,0.0,,0.0,0.0,0,0.0
persistence,id,roll_imu,150,15.0,1,True,434304,5.252023789483733,,2.778945392427803,,5.252023789483733,0.0,,0.0,0.0,0,0.0
persistence,id,roll_rate_imu,10,1.0,1,True,434304,1.0678999900390298,,0.5994217617127983,,1.0678999900390298,0.0,,0.0,0.0,0,0.0
persistence,id,roll_rate_imu,20,2.0,1,True,434304,2.0486112451264518,,1.1394235830242683,,2.0486112451264518,0.0,,0.0,0.0,0,0.0
persistence,id,roll_rate_imu,30,3.0,1,True,434304,2.8661560416217173,,1.576804089661738,,2.8661560416217173,0.0,,0.0,0.0,0,0.0
persistence,id,roll_rate_imu,50,5.0,1,True,434304,3.7984644418446996,,2.023367787952602,,3.7984644418446996,0.0,,0.0,0.0,0,0.0
persistence,id,roll_rate_imu,100,10.0,1,True,434304,1.958924104837112,,1.0319859991335552,,1.958924104837112,0.0,,0.0,0.0,0,0.0
persistence,id,roll_rate_imu,150,15.0,1,True,434304,2.8982735890952527,,1.5756268969552845,,2.8982735890952527,0.0,,0.0,0.0,0,0.0
window_mean,id,heave_imu,10,1.0,1,True,434304,0.79309902127688,,0.5047607929971605,,0.4360860094370759,-2.3075812417468393,,-2.4307558466433044,-2.1776292287029957,0,0.0
window_mean,id,heave_imu,20,2.0,1,True,434304,0.815741789042771,,0.5188171253454243,,0.8272378841486192,0.02760080241637408,,-0.007189540319189222,0.06385919142394599,0,0.0
window_mean,id,heave_imu,30,3.0,1,True,434304,0.8197871978785356,,0.5205045278561059,,1.1355767624159623,0.47884216639980814,,0.46170657858110054,0.49666402319065445,0,0.0
window_mean,id,heave_imu,50,5.0,1,True,434304,0.7780831536411339,,0.49268632660221184,,1.419148162303668,0.6993947600783856,,0.6933266965448807,0.7056378985339024,0,0.0
window_mean,id,heave_imu,100,10.0,1,True,434304,0.7196212022809825,,0.4651602726969099,,0.8123875004006482,0.21534014112395128,,0.14857995826151935,0.27067831608926585,0,0.0
window_mean,id,heave_imu,150,15.0,1,True,434304,0.7763681378585712,,0.49208425032348196,,1.0935546656669395,0.4959722920711881,,0.46788985773876046,0.5226753581459478,0,0.0
window_mean,id,heave_rate_imu,10,1.0,1,True,434304,0.4718271405341044,,0.31270310567546,,0.2838667559561788,-1.7627193429496515,,-1.8646017990082184,-1.65413192999943,0,0.0
window_mean,id,heave_rate_imu,20,2.0,1,True,434304,0.4836356426510148,,0.32064213044290424,,0.5325577215099725,0.17528626461006247,,0.14751069181662163,0.20526027541912703,0,0.0
window_mean,id,heave_rate_imu,30,3.0,1,True,434304,0.48368216190164787,,0.32036977034374614,,0.7178513821406037,0.5460050101123619,,0.5327611431499224,0.5595637202301355,0,0.0
window_mean,id,heave_rate_imu,50,5.0,1,True,434304,0.45570753889662885,,0.30157130616279837,,0.8471498442942375,0.7106310316978829,,0.7067262902698305,0.7143994493665116,0,0.0
window_mean,id,heave_rate_imu,100,10.0,1,True,434304,0.4398611362459735,,0.29367556607237527,,0.47470625601314864,0.14141900076700498,,0.08716592523274631,0.19406568491982668,0,0.0
window_mean,id,heave_rate_imu,150,15.0,1,True,434304,0.458593405101573,,0.30315664954430394,,0.6780395407647745,0.5425479608715331,,0.5232999924421419,0.5599126911216682,0,0.0
window_mean,id,pitch_imu,10,1.0,1,True,434304,1.3064390598074391,,0.8216979698281421,,0.8967465758949417,-1.1224567963738061,,-1.2170756555035782,-1.0327588685192823,0,0.0
window_mean,id,pitch_imu,20,2.0,1,True,434304,1.3350134329955468,,0.839063058890066,,1.639889871399927,0.3372619520833131,,0.31038921137522774,0.36273906577398435,0,0.0
window_mean,id,pitch_imu,30,3.0,1,True,434304,1.325906507134781,,0.8319245076140295,,2.122484405245588,0.6097555026369217,,0.5969226000280413,0.622353766999072,0,0.0
window_mean,id,pitch_imu,50,5.0,1,True,434304,1.2438917780781555,,0.7799474550138291,,2.234427726290816,0.6900921544037586,,0.6843143319384933,0.6950989426155972,0,0.0
window_mean,id,pitch_imu,100,10.0,1,True,434304,1.241967897690329,,0.7814157077265462,,1.5593436358220714,0.36563812149505726,,0.33537587292349397,0.39708327122080606,0,0.0
window_mean,id,pitch_imu,150,15.0,1,True,434304,1.2594021621943297,,0.7925796056052827,,1.7853551102885246,0.5024008300847815,,0.48301619938820145,0.5199761716435861,0,0.0
window_mean,id,pitch_rate_imu,10,1.0,1,True,434304,0.9673559617244252,,0.6129309721630983,,0.7534204829087303,-0.6485335080844565,,-0.7111288155958622,-0.589032972458193,0,0.0
window_mean,id,pitch_rate_imu,20,2.0,1,True,434304,0.9830613977733188,,0.6232008084135826,,1.3417844978848232,0.46322071728172864,,0.4460190888473125,0.4788042903495272,0,0.0
window_mean,id,pitch_rate_imu,30,3.0,1,True,434304,0.9683282829614139,,0.6139244868746387,,1.664371083650498,0.6615107269840316,,0.6544200530555566,0.6682449330340334,0,0.0
window_mean,id,pitch_rate_imu,50,5.0,1,True,434304,0.9084306459071159,,0.5759075431058139,,1.5495762479562236,0.6563173156906499,,0.6461505175601842,0.6648004800074048,0,0.0
window_mean,id,pitch_rate_imu,100,10.0,1,True,434304,0.9349112705029575,,0.5894732552892279,,1.2735265809317058,0.4610794272052481,,0.4393018908495904,0.4827499925613785,0,0.0
window_mean,id,pitch_rate_imu,150,15.0,1,True,434304,0.9291325939534235,,0.5894603740099844,,1.3083418485724552,0.49567218083165043,,0.48281014183955506,0.5089064794558411,0,0.0
window_mean,id,roll_imu,10,1.0,1,True,434304,4.115217024349787,,2.1011588188178028,,1.9448708998621889,-3.4771735627874953,,-3.538287457922032,-3.4068441793384983,0,0.0
window_mean,id,roll_imu,20,2.0,1,True,434304,4.208095071246779,,2.145417591313762,,3.7445627859317203,-0.26289967732381814,,-0.2808863089859649,-0.24243589385648287,0,0.0
window_mean,id,roll_imu,30,3.0,1,True,434304,4.180522946789294,,2.1301022444735254,,5.267438807686876,0.3701136093429417,,0.3613725213263709,0.37961627445030544,0,0.0
window_mean,id,roll_imu,50,5.0,1,True,434304,3.817821953677138,,1.951679189546809,,7.087624231053461,0.709845057022098,,0.706808503843803,0.7130265462654061,0,0.0
window_mean,id,roll_imu,100,10.0,1,True,434304,3.4256626273516826,,1.790813638315883,,3.793831212709033,0.1846704759403497,,0.14865248428692412,0.21824390227773616,0,0.0
window_mean,id,roll_imu,150,15.0,1,True,434304,4.108145448036896,,2.085606415631704,,5.252023789483733,0.38815945456871104,,0.3667382386544931,0.4084880878796795,0,0.0
window_mean,id,roll_rate_imu,10,1.0,1,True,434304,2.19185036508454,,1.1601756031432078,,1.0678999900390298,-3.2127010332577814,,-3.2932270375254573,-3.1220742738619176,0,0.0
window_mean,id,roll_rate_imu,20,2.0,1,True,434304,2.236155173374535,,1.1825106707899438,,2.0486112451264518,-0.19147454906357142,,-0.2138083272302107,-0.16710890844135678,0,0.0
window_mean,id,roll_rate_imu,30,3.0,1,True,434304,2.2173446175393234,,1.1722542977735424,,2.8661560416217173,0.40149645085953134,,0.3914741940205692,0.41214719620593765,0,0.0
window_mean,id,roll_rate_imu,50,5.0,1,True,434304,2.0231020546110017,,1.0745669278089442,,3.7984644418446996,0.7163260527636297,,0.7137094965972263,0.7189102195179171,0,0.0
window_mean,id,roll_rate_imu,100,10.0,1,True,434304,1.8544255488476216,,1.0065583936375524,,1.958924104837112,0.10384406897851106,,0.0639836304748711,0.14145271394911804,0,0.0
window_mean,id,roll_rate_imu,150,15.0,1,True,434304,2.17719093822108,,1.1455716006318013,,2.8982735890952527,0.4356945072688687,,0.41611633800683423,0.45430471844268017,0,0.0
ar10,unseen_heading,heave_imu,10,1.0,1,True,542880,0.004519653433113056,,0.003084116769274713,,0.43606026730387726,0.9998925720630875,,0.99988937126189,0.9998958740667311,54900,0.01783602000796236
ar10,unseen_heading,heave_imu,20,2.0,1,True,542880,0.03311265638745828,,0.022640404900389977,,0.8315698274257227,0.9984144110930548,,0.99837207509096,0.998458351208991,54900,0.01783602000796236
ar10,unseen_heading,heave_imu,30,3.0,1,True,542880,0.10260602375971754,,0.07095500227373984,,1.1510778266627046,0.9920542235985873,,0.991890379045806,0.9922195523501842,54900,0.01783602000796236
ar10,unseen_heading,heave_imu,50,5.0,1,True,542880,0.2771653869061399,,0.19605838233636655,,1.4712293274911479,0.9645090814126908,,0.963936269364625,0.9649610070840321,54900,0.01783602000796236
ar10,unseen_heading,heave_imu,100,10.0,1,True,542880,0.5656218798249772,,0.38376658565988997,,0.7899604023666095,0.48732545227212165,,0.46396097901448613,0.5059544842668585,54900,0.01783602000796236
ar10,unseen_heading,heave_imu,150,15.0,1,True,542880,0.6830202637814378,,0.4735288645215964,,1.1357286053592752,0.6383253680802372,,0.6345104742288452,0.6418954587720209,54900,0.01783602000796236
ar10,unseen_heading,heave_rate_imu,10,1.0,1,True,542880,0.013680674846571313,,0.009233808528288284,,0.2692264697030541,0.9974178615239772,,0.9973000942874507,0.9975403062001832,54900,0.01783602000796236
ar10,unseen_heading,heave_rate_imu,20,2.0,1,True,542880,0.058089381178616575,,0.039800732023447916,,0.5100375538939901,0.9870285301205991,,0.9865317624981064,0.987566002896898,54900,0.01783602000796236
ar10,unseen_heading,heave_rate_imu,30,3.0,1,True,542880,0.11927602707437895,,0.08309717280482105,,0.6981319735930894,0.970810189699635,,0.9698956010687997,0.9717776828246644,54900,0.01783602000796236
ar10,unseen_heading,heave_rate_imu,50,5.0,1,True,542880,0.16052041187624486,,0.11661144566142471,,0.8589313718674813,0.9650744221636981,,0.9644604493442751,0.9655555569284463,54900,0.01783602000796236
ar10,unseen_heading,heave_rate_imu,100,10.0,1,True,542880,0.29823531463988673,,0.21015081018575188,,0.4364076754295744,0.5329822628787726,,0.521940524692606,0.5423295834457329,54900,0.01783602000796236
ar10,unseen_heading,heave_rate_imu,150,15.0,1,True,542880,0.419590335105676,,0.2912736644203537,,0.6878237986118816,0.6278683954472393,,0.6171052823564117,0.6390489939473091,54900,0.01783602000796236
ar10,unseen_heading,pitch_imu,10,1.0,1,True,542880,0.0756329047160098,,0.05951372400052348,,0.07017212762229766,-0.16169540320452525,,-0.19601019487349947,-0.13034085689416097,54900,0.01783602000796236
ar10,unseen_heading,pitch_imu,20,2.0,1,True,542880,0.2800812807307715,,0.20712747212234278,,0.12267707473241954,-4.212443304383185,,-4.463148448324987,-3.9534491496104236,54900,0.01783602000796236
ar10,unseen_heading,pitch_imu,30,3.0,1,True,542880,0.6007832118998138,,0.40163407290973124,,0.16069881098649122,-12.976880431364261,,-13.973851604739297,-11.882976838749508,54900,0.01783602000796236
ar10,unseen_heading,pitch_imu,50,5.0,1,True,542880,0.8253559521100218,,0.48540099729248515,,0.1770328950899934,-20.735750083193768,,-22.51453239022749,-18.769422589633642,54900,0.01783602000796236
ar10,unseen_heading,pitch_imu,100,10.0,1,True,542880,0.5898127207511776,,0.38716545546031816,,0.11018934913367359,-27.651610218587326,,-29.25842669184187,-25.904068216310154,54900,0.01783602000796236
ar10,unseen_heading,pitch_imu,150,15.0,1,True,542880,0.3808293255472474,,0.2570980115193434,,0.1423593302052436,-6.156305879739451,,-6.618498591359404,-5.675746162418246,54900,0.01783602000796236
ar10,unseen_heading,pitch_rate_imu,10,1.0,1,True,542880,0.13380146470197543,,0.10200667776051657,,0.05631446607411629,-4.645231984788365,,-4.876027161667013,-4.404969741813571,54900,0.01783602000796236
ar10,unseen_heading,pitch_rate_imu,20,2.0,1,True,542880,0.301639691880583,,0.20124919977451367,,0.09384900519446253,-9.33041170547079,,-10.184655109473258,-8.433911066413469,54900,0.01783602000796236
ar10,unseen_heading,pitch_rate_imu,30,3.0,1,True,542880,0.37526383774531263,,0.228839633887622,,0.11957724780030603,-8.848641398016728,,-9.80968132827432,-7.84466958151768,54900,0.01783602000796236
ar10,unseen_heading,pitch_rate_imu,50,5.0,1,True,542880,0.3444234980712253,,0.25523405730638876,,0.12246467526074634,-6.909770378654111,,-7.249558399242306,-6.56582445950783,54900,0.01783602000796236
ar10,unseen_heading,pitch_rate_imu,100,10.0,1,True,542880,0.35038639720006814,,0.23558285156892353,,0.08852671163804054,-14.665555880462728,,-15.772428952500535,-13.468548470635703,54900,0.01783602000796236
ar10,unseen_heading,pitch_rate_imu,150,15.0,1,True,542880,0.18144622075312555,,0.133555106726288,,0.09897888621513858,-2.360552843327731,,-2.4941275126718025,-2.2225996972882993,54900,0.01783602000796236
ar10,unseen_heading,roll_imu,10,1.0,1,True,542880,0.07509114963376899,,0.05833152382084492,,2.6985610675040856,0.9992256933202562,,0.9991488819939124,0.999286365495837,54900,0.01783602000796236
ar10,unseen_heading,roll_imu,20,2.0,1,True,542880,0.3023200630331739,,0.22880774333028095,,5.191027858910364,0.9966082235560868,,0.9962785639244696,0.9968695075305969,54900,0.01783602000796236
ar10,unseen_heading,roll_imu,30,3.0,1,True,542880,0.699737371151804,,0.5222833423567935,,7.291137761642001,0.9907895779779593,,0.989898100865513,0.9914970959419219,54900,0.01783602000796236
ar10,unseen_heading,roll_imu,50,5.0,1,True,542880,1.4530202557072815,,1.041331409532223,,9.760650010460157,0.977839178468658,,0.9757597392667059,0.9794798253791777,54900,0.01783602000796236
ar10,unseen_heading,roll_imu,100,10.0,1,True,542880,1.9360505273914121,,1.393882207159755,,5.0273262178872296,0.8516938227217327,,0.836187815371596,0.8633040845293691,54900,0.01783602000796236
ar10,unseen_heading,roll_imu,150,15.0,1,True,542880,2.838985276191952,,1.990916237840767,,7.374167970357992,0.8517822457654941,,0.8436836001717586,0.8587846976120056,54900,0.01783602000796236
ar10,unseen_heading,roll_rate_imu,10,1.0,1,True,542880,0.14158021612794633,,0.10802779677595072,,1.496810441564234,0.9910531216204721,,0.9903027441577278,0.9916543307864057,54900,0.01783602000796236
ar10,unseen_heading,roll_rate_imu,20,2.0,1,True,542880,0.3348947867180236,,0.2507102748314225,,2.8699035942664333,0.9863829774209588,,0.985236114532896,0.9873294321431217,54900,0.01783602000796236
ar10,unseen_heading,roll_rate_imu,30,3.0,1,True,542880,0.47183709630988646,,0.3452516191929803,,4.009937432526677,0.9861544895271563,,0.9849878384623075,0.9870856508333513,54900,0.01783602000796236
ar10,unseen_heading,roll_rate_imu,50,5.0,1,True,542880,0.5204692292964018,,0.3741959895308365,,5.2850940338863674,0.990301944175714,,0.9896484609865616,0.9908190038990101,54900,0.01783602000796236
ar10,unseen_heading,roll_rate_imu,100,10.0,1,True,542880,1.168342922870874,,0.8294544887328056,,2.641612470687322,0.8043848657263878,,0.7876803232454193,0.817183005330141,54900,0.01783602000796236
ar10,unseen_heading,roll_rate_imu,150,15.0,1,True,542880,1.6077396493654454,,1.1228172049176726,,4.093806745232199,0.845767190386061,,0.8377822246020851,0.852826807529024,54900,0.01783602000796236
ar20,unseen_heading,heave_imu,10,1.0,1,True,542880,0.003449994838138032,,0.0024129228024173093,,0.43606026730387726,0.9999374043927105,,0.9999368295486516,0.9999379604086038,108900,0.059994087991071865
ar20,unseen_heading,heave_imu,20,2.0,1,True,542880,0.026320615499105533,,0.018432654847908982,,0.8315698274257227,0.9989981686087871,,0.9989841406043731,0.9990111622787426,108900,0.059994087991071865
ar20,unseen_heading,heave_imu,30,3.0,1,True,542880,0.08802699967864179,,0.061568129600394574,,1.1510778266627046,0.9941517972203622,,0.9940624435497986,0.9942335397553492,108900,0.059994087991071865
ar20,unseen_heading,heave_imu,50,5.0,1,True,542880,0.2710171066662485,,0.18280723379275543,,1.4712293274911479,0.9660661870229826,,0.9655228506860153,0.9666381728924245,108900,0.059994087991071865
ar20,unseen_heading,heave_imu,100,10.0,1,True,542880,0.6001485705766245,,0.40660534204811977,,0.7899604023666095,0.42282580301692885,,0.40262719171361,0.43871288926118984,108900,0.059994087991071865
ar20,unseen_heading,heave_imu,150,15.0,1,True,542880,0.7046736679149527,,0.4866856523663237,,1.1357286053592752,0.6150299375138482,,0.6087207631065986,0.6209624528755828,108900,0.059994087991071865
ar20,unseen_heading,heave_rate_imu,10,1.0,1,True,542880,0.010442601418923732,,0.007218196299299285,,0.2692264697030541,0.998495535685698,,0.9984489186173319,0.9985463285397262,108900,0.059994087991071865
ar20,unseen_heading,heave_rate_imu,20,2.0,1,True,542880,0.04816263872789757,,0.033698618348881076,,0.5100375538939901,0.9910830519292063,,0.9908087214977953,0.991372470696793,108900,0.059994087991071865
ar20,unseen_heading,heave_rate_imu,30,3.0,1,True,542880,0.1100476614521742,,0.07629826285360068,,0.6981319735930894,0.9751522780295656,,0.974323028743958,0.9760100027548633,108900,0.059994087991071865
ar20,unseen_heading,heave_rate_imu,50,5.0,1,True,542880,0.15987568770859473,,0.10519094187020968,,0.8589313718674813,0.9653544132722007,,0.9640707719472451,0.9667835763787399,108900,0.059994087991071865
ar20,unseen_heading,heave_rate_imu,100,10.0,1,True,542880,0.3184538889826873,,0.21432581867388342,,0.4364076754295744,0.4675138045627223,,0.46426567092938253,0.47081702294260724,108900,0.059994087991071865
ar20,unseen_heading,heave_rate_imu,150,15.0,1,True,542880,0.43938598673691603,,0.2974128439550114,,0.6878237986118816,0.5919268623396313,,0.5758939843408608,0.6087227545416461,108900,0.059994087991071865
ar20,unseen_heading,pitch_imu,10,1.0,1,True,542880,0.05939964496559735,,0.04579162154964951,,0.07017212762229766,0.28346334947805185,,0.25749933018074905,0.3086115026011093,108900,0.059994087991071865
ar20,unseen_heading,pitch_imu,20,2.0,1,True,542880,0.25140380068313173,,0.171047717193843,,0.12267707473241954,-3.1996863322355287,,-3.496294245319065,-2.8788998712588207,108900,0.059994087991071865
ar20,unseen_heading,pitch_imu,30,3.0,1,True,542880,0.5676498891074614,,0.3427436353370348,,0.16069881098649122,-11.47773586001608,,-12.565215043028267,-10.285701641962616,108900,0.059994087991071865
ar20,unseen_heading,pitch_imu,50,5.0,1,True,542880,0.795094070696937,,0.4980066921901694,,0.1770328950899934,-19.171076958277236,,-20.710460110905032,-17.471652237202342,108900,0.059994087991071865
ar20,unseen_heading,pitch_imu,100,10.0,1,True,542880,0.593661109581662,,0.413051612414914,,0.11018934913367359,-28.02671998263934,,-29.38013557282987,-26.54535622503307,108900,0.059994087991071865
ar20,unseen_heading,pitch_imu,150,15.0,1,True,542880,0.36306395441179645,,0.2521176759876741,,0.1423593302052436,-5.5042076094566355,,-5.894770186536777,-5.104497686840354,108900,0.059994087991071865
ar20,unseen_heading,pitch_rate_imu,10,1.0,1,True,542880,0.11610554110550853,,0.08367656344864004,,0.05631446607411629,-3.2507538018664492,,-3.5326861796931626,-2.9597587231515434,108900,0.059994087991071865
ar20,unseen_heading,pitch_rate_imu,20,2.0,1,True,542880,0.28975976231723644,,0.1765017732380514,,0.09384900519446253,-8.532719335081897,,-9.493014658252436,-7.549527428448068,108900,0.059994087991071865
ar20,unseen_heading,pitch_rate_imu,30,3.0,1,True,542880,0.355653416467164,,0.22043626433746394,,0.11957724780030603,-7.846202222517816,,-8.721078131585323,-6.936439422863372,108900,0.059994087991071865
ar20,unseen_heading,pitch_rate_imu,50,5.0,1,True,542880,0.36530146414116316,,0.25077879592769287,,0.12246467526074634,-7.897769588766138,,-8.445415663182805,-7.342094626656749,108900,0.059994087991071865
ar20,unseen_heading,pitch_rate_imu,100,10.0,1,True,542880,0.3590674863080077,,0.23164183013390308,,0.08852671163804054,-15.451424087757491,,-16.712167871757874,-14.112784836184906,108900,0.059994087991071865
ar20,unseen_heading,pitch_rate_imu,150,15.0,1,True,542880,0.22368154281723354,,0.1559419732187932,,0.09897888621513858,-4.107109554335656,,-4.369875791830137,-3.8240832171158945,108900,0.059994087991071865
ar20,unseen_heading,roll_imu,10,1.0,1,True,542880,0.05393343247962049,,0.04226394863781908,,2.6985610675040856,0.9996005599375408,,0.9995581770831443,0.9996343700234951,108900,0.059994087991071865
ar20,unseen_heading,roll_imu,20,2.0,1,True,542880,0.20742780021983795,,0.15674476884259075,,5.191027858910364,0.998403285739492,,0.9982492842751893,0.9985303140451415,108900,0.059994087991071865
ar20,unseen_heading,roll_imu,30,3.0,1,True,542880,0.4997746130087318,,0.3698747318009993,,7.291137761642001,0.9953015157540397,,0.9948389382655843,0.995670155066381,108900,0.059994087991071865
ar20,unseen_heading,roll_imu,50,5.0,1,True,542880,1.2148409909824613,,0.864046662938713,,9.760650010460157,0.9845089308047116,,0.9830727212218747,0.9856598597776606,108900,0.059994087991071865
ar20,unseen_heading,roll_imu,100,10.0,1,True,542880,1.7534529438834847,,1.2447008645364928,,5.0273262178872296,0.8783494443461577,,0.8673725710416302,0.8863792956610431,108900,0.059994087991071865
ar20,unseen_heading,roll_imu,150,15.0,1,True,542880,2.768385709829875,,1.8978309522520436,,7.374167970357992,0.8590623110184381,,0.8535897299850977,0.8638070695087925,108900,0.059994087991071865
ar20,unseen_heading,roll_rate_imu,10,1.0,1,True,542880,0.09400410084343959,,0.0716994529249577,,1.496810441564234,0.9960557903505324,,0.9957317662480757,0.9963190811910951,108900,0.059994087991071865
ar20,unseen_heading,roll_rate_imu,20,2.0,1,True,542880,0.2351166863590119,,0.1740348745848161,,2.8699035942664333,0.9932883038295887,,0.9927383992806906,0.9937541001606823,108900,0.059994087991071865
ar20,unseen_heading,roll_rate_imu,30,3.0,1,True,542880,0.370187086855038,,0.2680134436849715,,4.009937432526677,0.9914774935629105,,0.9907642675854431,0.9920601385830629,108900,0.059994087991071865
ar20,unseen_heading,roll_rate_imu,50,5.0,1,True,542880,0.5549779830118977,,0.39085246304171595,,5.2850940338863674,0.9889732870055138,,0.9883959645607819,0.9894355303423181,108900,0.059994087991071865
ar20,unseen_heading,roll_rate_imu,100,10.0,1,True,542880,1.2244307654532156,,0.8662321699698114,,2.641612470687322,0.7851525248765213,,0.7687768671160534,0.7979756463770988,108900,0.059994087991071865
ar20,unseen_heading,roll_rate_imu,150,15.0,1,True,542880,1.611776251659776,,1.135532411473253,,4.093806745232199,0.8449917438458572,,0.8373325081924938,0.8514860327460012,108900,0.059994087991071865
ar40,unseen_heading,heave_imu,10,1.0,1,True,542880,0.00225141705903957,,0.0016006255185768144,,0.43606026730387726,0.9999733425335372,,0.999972763545224,0.9999739182138216,216900,0.20193693300825544
ar40,unseen_heading,heave_imu,20,2.0,1,True,542880,0.019188937610774788,,0.0137515625149849,,0.8315698274257227,0.999467518632592,,0.9994566113971588,0.9994775685497815,216900,0.20193693300825544
ar40,unseen_heading,heave_imu,30,3.0,1,True,542880,0.06942869508322369,,0.04970111018966486,,1.1510778266627046,0.9963619502876787,,0.9962923840931414,0.9964259792982191,216900,0.20193693300825544
ar40,unseen_heading,heave_imu,50,5.0,1,True,542880,0.22981704302853254,,0.16108564501577577,,1.4712293274911479,0.975599219522851,,0.9751794208082571,0.9759669456679886,216900,0.20193693300825544
ar40,unseen_heading,heave_imu,100,10.0,1,True,542880,0.5767593390291246,,0.4009460557612679,,0.7899604023666095,0.46693689309292596,,0.444609944792551,0.4840626190039832,216900,0.20193693300825544
ar40,unseen_heading,heave_imu,150,15.0,1,True,542880,0.7393069820707476,,0.5091386031981692,,1.1357286053592752,0.5762590005064672,,0.5660790874404974,0.5858846387071218,216900,0.20193693300825544
ar40,unseen_heading,heave_rate_imu,10,1.0,1,True,542880,0.007131797752866107,,0.005094297559156626,,0.2692264697030541,0.9992982821491772,,0.9992747843848697,0.999322398517909,216900,0.20193693300825544
ar40,unseen_heading,heave_rate_imu,20,2.0,1,True,542880,0.0365562906029791,,0.026243535510088917,,0.5100375538939901,0.9948628773622973,,0.9947060222641918,0.9950215701285365,216900,0.20193693300825544
ar40,unseen_heading,heave_rate_imu,30,3.0,1,True,542880,0.09057064505957384,,0.06459885083908033,,0.6981319735930894,0.9831693896938651,,0.9826794343189429,0.9836586363014858,216900,0.20193693300825544
ar40,unseen_heading,heave_rate_imu,50,5.0,1,True,542880,0.1355120880891982,,0.09402800468560377,,0.8589313718674813,0.9751091834506048,,0.9745333636415212,0.9756760014167941,216900,0.20193693300825544
ar40,unseen_heading,heave_rate_imu,100,10.0,1,True,542880,0.3013100105383296,,0.21001705184522218,,0.4364076754295744,0.5233030636517741,,0.513628595423663,0.5313982593236786,216900,0.20193693300825544
ar40,unseen_heading,heave_rate_imu,150,15.0,1,True,542880,0.4344727544665311,,0.2996598500796861,,0.6878237986118816,0.6010020190655123,,0.5886656594176813,0.6135051427493637,216900,0.20193693300825544
ar40,unseen_heading,pitch_imu,10,1.0,1,True,542880,0.04881526234112187,,0.038144410340966155,,0.07017212762229766,0.5160706460519501,,0.49969398197836673,0.5317459016134903,216900,0.20193693300825544
ar40,unseen_heading,pitch_imu,20,2.0,1,True,542880,0.1886962503263479,,0.13242957581548792,,0.12267707473241954,-1.3659181569845105,,-1.5243459601770128,-1.2010211903308936,216900,0.20193693300825544
ar40,unseen_heading,pitch_imu,30,3.0,1,True,542880,0.4276871735280447,,0.26113514463875337,,0.16069881098649122,-6.083161185872216,,-6.724313248048468,-5.390479872645489,216900,0.20193693300825544
ar40,unseen_heading,pitch_imu,50,5.0,1,True,542880,0.7312426780356813,,0.4787584201640016,,0.1770328950899934,-16.061417787533145,,-17.119620292990376,-14.900249242745648,216900,0.20193693300825544
ar40,unseen_heading,pitch_imu,100,10.0,1,True,542880,0.5869497966220122,,0.4201112623945244,,0.11018934913367359,-27.374138049019926,,-28.29982521018219,-26.360963346938227,216900,0.20193693300825544
ar40,unseen_heading,pitch_imu,150,15.0,1,True,542880,0.364580425782907,,0.2681641646602974,,0.1423593302052436,-5.5586555582560075,,-5.7274102253526005,-5.399365231345677,216900,0.20193693300825544
ar40,unseen_heading,pitch_rate_imu,10,1.0,1,True,542880,0.08953368757535585,,0.06678097763900949,,0.05631446607411629,-1.5277434989461378,,-1.6638899393256035,-1.3886372327938983,216900,0.20193693300825544
ar40,unseen_heading,pitch_rate_imu,20,2.0,1,True,542880,0.21501225316900363,,0.13334859977917413,,0.09384900519446253,-4.24888519332692,,-4.7794416048830755,-3.710761764669288,216900,0.20193693300825544
ar40,unseen_heading,pitch_rate_imu,30,3.0,1,True,542880,0.29672106773020623,,0.18521772006215595,,0.11957724780030603,-5.15743249540492,,-5.752034807790437,-4.536920406915424,216900,0.20193693300825544
ar40,unseen_heading,pitch_rate_imu,50,5.0,1,True,542880,0.2997060496358381,,0.21508032983255745,,0.12246467526074634,-4.989207341990718,,-5.254106530346115,-4.719201611367709,216900,0.20193693300825544
ar40,unseen_heading,pitch_rate_imu,100,10.0,1,True,542880,0.3196236929483109,,0.20726017036640262,,0.08852671163804054,-12.03554716055026,,-13.033341361292946,-10.99973929168588,216900,0.20193693300825544
ar40,unseen_heading,pitch_rate_imu,150,15.0,1,True,542880,0.23859573162023112,,0.16539096642764667,,0.09897888621513858,-4.810857363230407,,-5.080055966885554,-4.525489545041867,216900,0.20193693300825544
ar40,unseen_heading,roll_imu,10,1.0,1,True,542880,0.050009268525863265,,0.039051411158080966,,2.6985610675040856,0.9996565713650511,,0.9996205080497949,0.9996852780011822,216900,0.20193693300825544
ar40,unseen_heading,roll_imu,20,2.0,1,True,542880,0.20210804929204912,,0.15205542269432568,,5.191027858910364,0.9984841350842055,,0.9983381309015547,0.9986030013192068,216900,0.20193693300825544
ar40,unseen_heading,roll_imu,30,3.0,1,True,542880,0.5020831125555966,,0.37008594096560754,,7.291137761642001,0.9952580101465766,,0.9948077056008858,0.9956165539248546,216900,0.20193693300825544
ar40,unseen_heading,roll_imu,50,5.0,1,True,542880,1.2436564225334026,,0.8802502717330046,,9.760650010460157,0.9837653341917642,,0.9824002904081119,0.9848751281195818,216900,0.20193693300825544
ar40,unseen_heading,roll_imu,100,10.0,1,True,542880,1.6887784082447912,,1.1988799379766124,,5.0273262178872296,0.8871578892245063,,0.877253564433653,0.8945467926107687,216900,0.20193693300825544
ar40,unseen_heading,roll_imu,150,15.0,1,True,542880,2.7093507837783077,,1.8655645997319332,,7.374167970357992,0.8650091216420217,,0.8592301711769832,0.8700172081092366,216900,0.20193693300825544
ar40,unseen_heading,roll_rate_imu,10,1.0,1,True,542880,0.09137567701546806,,0.06961088247048827,,1.496810441564234,0.9962732727645068,,0.9959640500712005,0.9965248913112319,216900,0.20193693300825544
ar40,unseen_heading,roll_rate_imu,20,2.0,1,True,542880,0.23609703824531275,,0.17454490172931153,,2.8699035942664333,0.9932322164301703,,0.9926919336795252,0.9936863632895878,216900,0.20193693300825544
ar40,unseen_heading,roll_rate_imu,30,3.0,1,True,542880,0.37895517358725916,,0.27361438828284274,,4.009937432526677,0.9910689917939353,,0.9903801517423538,0.9916445912814366,216900,0.20193693300825544
ar40,unseen_heading,roll_rate_imu,50,5.0,1,True,542880,0.5361808686341811,,0.3780485340896405,,5.2850940338863674,0.9897075873408202,,0.9892094499567793,0.9900978311022461,216900,0.20193693300825544
ar40,unseen_heading,roll_rate_imu,100,10.0,1,True,542880,1.21527851280867,,0.858451533490154,,2.641612470687322,0.7883523619484526,,0.7740505930720251,0.7995406526019506,216900,0.20193693300825544
ar40,unseen_heading,roll_rate_imu,150,15.0,1,True,542880,1.6354144220058149,,1.144967050943661,,4.093806745232199,0.8404117280638952,,0.8341448331554933,0.8457932119077376,216900,0.20193693300825544
ar_attitude_only,unseen_heading,heave_imu,10,1.0,1,True,542880,0.010105764377237264,,0.00697365005768977,,0.43606026730387726,0.9994629121808271,,0.9994502348254246,0.9994758767721059,108900,0.049737011999241076
ar_attitude_only,unseen_heading,heave_imu,20,2.0,1,True,542880,0.04960558840875876,,0.035030143739956866,,0.8315698274257227,0.9964415262633464,,0.9963752771728269,0.9965092468853464,108900,0.049737011999241076
ar_attitude_only,unseen_heading,heave_imu,30,3.0,1,True,542880,0.13062327287169417,,0.09359708926626681,,1.1510778266627046,0.9871224944404935,,0.9869151170638408,0.9873121267700847,108900,0.049737011999241076
ar_attitude_only,unseen_heading,heave_imu,50,5.0,1,True,542880,0.3159861060784382,,0.2288536152335915,,1.4712293274911479,0.9538708739035748,,0.9526002159741258,0.954925682038634,108900,0.049737011999241076
ar_attitude_only,unseen_heading,heave_imu,100,10.0,1,True,542880,0.6213526656460374,,0.4295161821774578,,0.7899604023666095,0.38132055542788135,,0.3586853578394345,0.3987398858462622,108900,0.049737011999241076
ar_attitude_only,unseen_heading,heave_imu,150,15.0,1,True,542880,0.7326811167714135,,0.5041870261841814,,1.1357286053592752,0.5838203231955714,,0.5746639522611524,0.5926684204160492,108900,0.049737011999241076
ar_attitude_only,unseen_heading,heave_rate_imu,10,1.0,1,True,542880,0.030515169826029948,,0.021563319456773106,,0.2692264697030541,0.9871531672652393,,0.9868608015139836,0.9874641317273406,108900,0.049737011999241076
ar_attitude_only,unseen_heading,heave_rate_imu,20,2.0,1,True,542880,0.07202330245854223,,0.0508938795009925,,0.5100375538939901,0.980059237837068,,0.9794278261254687,0.9807181624579585,108900,0.049737011999241076
ar_attitude_only,unseen_heading,heave_rate_imu,30,3.0,1,True,542880,0.13050391461610844,,0.09380783041988729,,0.6981319735930894,0.9650560479434676,,0.9641886199476045,0.9658991998208644,108900,0.049737011999241076
ar_attitude_only,unseen_heading,heave_rate_imu,50,5.0,1,True,542880,0.17071304457922992,,0.12360744662433547,,0.8589313718674813,0.9604982364567023,,0.9598262445363417,0.9610632869609347,108900,0.049737011999241076
ar_attitude_only,unseen_heading,heave_rate_imu,100,10.0,1,True,542880,0.3074740948717649,,0.22336102451060752,,0.4364076754295744,0.5035993940545593,,0.4819674438337922,0.5217289084020913,108900,0.049737011999241076
ar_attitude_only,unseen_heading,heave_rate_imu,150,15.0,1,True,542880,0.41801579619318796,,0.29326389655931423,,0.6878237986118816,0.6306560493223752,,0.6225732601397568,0.6384421684837432,108900,0.049737011999241076
ar_attitude_only,unseen_heading,pitch_imu,10,1.0,1,True,542880,0.1051836535661114,,0.08090742392460332,,0.07017212762229766,-1.2468144841212725,,-1.3335407234526089,-1.160594113821258,108900,0.049737011999241076
ar_attitude_only,unseen_heading,pitch_imu,20,2.0,1,True,542880,0.3014047645475271,,0.212496278589818,,0.12267707473241954,-5.036335965930434,,-5.425229854641377,-4.633815614731166,108900,0.049737011999241076
ar_attitude_only,unseen_heading,pitch_imu,30,3.0,1,True,542880,0.5543897882488878,,0.35048247068891847,,0.16069881098649122,-10.901593622148132,,-11.88917292397019,-9.84046435898118,108900,0.049737011999241076
ar_attitude_only,unseen_heading,pitch_imu,50,5.0,1,True,542880,0.7327832202435857,,0.49753650271319866,,0.1770328950899934,-16.133381642196454,,-17.092760707709644,-15.090952664259303,108900,0.049737011999241076
ar_attitude_only,unseen_heading,pitch_imu,100,10.0,1,True,542880,0.5141613970947588,,0.3673314709015897,,0.11018934913367359,-20.773071482765133,,-21.489011165079738,-19.99423931265508,108900,0.049737011999241076
ar_attitude_only,unseen_heading,pitch_imu,150,15.0,1,True,542880,0.35506952883674475,,0.25809975309142824,,0.1423593302052436,-5.220924573512516,,-5.416877071934917,-5.025068533613974,108900,0.049737011999241076
ar_attitude_only,unseen_heading,pitch_rate_imu,10,1.0,1,True,542880,0.16889995222133197,,0.12037115282506168,,0.05631446607411629,-7.9953716601407745,,-8.632290533774583,-7.332513450422903,108900,0.049737011999241076
ar_attitude_only,unseen_heading,pitch_rate_imu,20,2.0,1,True,542880,0.2744599642038559,,0.17092830006051898,,0.09384900519446253,-7.552609788443776,,-8.407908576983369,-6.684075524128708,108900,0.049737011999241076
ar_attitude_only,unseen_heading,pitch_rate_imu,30,3.0,1,True,542880,0.318698630566669,,0.21832891947348174,,0.11957724780030603,-6.1033512070668365,,-6.642682463284726,-5.541684744894958,108900,0.049737011999241076
ar_attitude_only,unseen_heading,pitch_rate_imu,50,5.0,1,True,542880,0.34243827173757124,,0.2409274731550496,,0.12246467526074634,-6.81885073989545,,-7.304783084512392,-6.312064400363568,108900,0.049737011999241076
ar_attitude_only,unseen_heading,pitch_rate_imu,100,10.0,1,True,542880,0.30922793118144565,,0.2075457082773272,,0.08852671163804054,-11.201374714310125,,-12.114497059343817,-10.251921759241819,108900,0.049737011999241076
ar_attitude_only,unseen_heading,pitch_rate_imu,150,15.0,1,True,542880,0.1810983079563177,,0.13397103168676025,,0.09897888621513858,-2.347677861238934,,-2.4414966893931624,-2.252760564248903,108900,0.049737011999241076
ar_attitude_only,unseen_heading,roll_imu,10,1.0,1,True,542880,0.11852659301635535,,0.09009604598122203,,2.6985610675040856,0.9980708450966296,,0.9978854039945775,0.9982198531046755,108900,0.049737011999241076
ar_attitude_only,unseen_heading,roll_imu,20,2.0,1,True,542880,0.3800393220976759,,0.2812397992983304,,5.191027858910364,0.9946401782069958,,0.9941427298246004,0.9950425237076522,108900,0.049737011999241076
ar_attitude_only,unseen_heading,roll_imu,30,3.0,1,True,542880,0.7752198573680246,,0.5625868176091922,,7.291137761642001,0.9886952966778849,,0.9876548058499142,0.989532685328687,108900,0.049737011999241076
ar_attitude_only,unseen_heading,roll_imu,50,5.0,1,True,542880,1.4750907745812,,1.0297925430040724,,9.760650010460157,0.9771608460033063,,0.975351063050138,0.9786328524927664,108900,0.049737011999241076
ar_attitude_only,unseen_heading,roll_imu,100,10.0,1,True,542880,2.055741792073532,,1.4408529701241743,,5.0273262178872296,0.8327897116669501,,0.8186139737711026,0.8431979349296268,108900,0.049737011999241076
ar_attitude_only,unseen_heading,roll_imu,150,15.0,1,True,542880,2.8889352857492034,,1.997005060338966,,7.374167970357992,0.8465207828912842,,0.8391865530812929,0.8527824805825764,108900,0.049737011999241076
ar_attitude_only,unseen_heading,roll_rate_imu,10,1.0,1,True,542880,0.18249054704745543,,0.13642036037638547,,1.496810441564234,0.9851356084094277,,0.984040349796734,0.9860608097119085,108900,0.049737011999241076
ar_attitude_only,unseen_heading,roll_rate_imu,20,2.0,1,True,542880,0.3290753714389928,,0.2410144294906384,,2.8699035942664333,0.986852107516122,,0.9857337427226244,0.9877718043062824,108900,0.049737011999241076
ar_attitude_only,unseen_heading,roll_rate_imu,30,3.0,1,True,542880,0.4387124613117578,,0.31394681543515107,,4.009937432526677,0.9880302591418445,,0.9870617696590529,0.9888390158119872,108900,0.049737011999241076
ar_attitude_only,unseen_heading,roll_rate_imu,50,5.0,1,True,542880,0.6150621827751758,,0.4480101723953788,,5.2850940338863674,0.986456446965503,,0.9855105063075614,0.9872154851742064,108900,0.049737011999241076
ar_attitude_only,unseen_heading,roll_rate_imu,100,10.0,1,True,542880,1.291828994521576,,0.9149025777405161,,2.641612470687322,0.760849197033271,,0.7448454601532941,0.7732101082255622,108900,0.049737011999241076
ar_attitude_only,unseen_heading,roll_rate_imu,150,15.0,1,True,542880,1.698637301935029,,1.182444382788783,,4.093806745232199,0.8278342973498012,,0.821729023706509,0.8330461422794011,108900,0.049737011999241076
damped_persistence,unseen_heading,heave_imu,10,1.0,1,True,542880,0.5427437091999946,,0.35593486504331173,,0.43606026730387726,-0.5491610294375493,,-0.5750583931431261,-0.5187247058726329,6,0.13616535399341956
damped_persistence,unseen_heading,heave_imu,20,2.0,1,True,542880,0.7777713060799988,,0.5077273497224237,,0.8315698274257227,0.12520480747939255,,0.11075210414558112,0.14219310136707553,6,0.13616535399341956
damped_persistence,unseen_heading,heave_imu,30,3.0,1,True,542880,0.8530393268955061,,0.5535054388454885,,1.1510778266627046,0.45080227347420954,,0.4423819458420755,0.46072613064960916,6,0.13616535399341956
damped_persistence,unseen_heading,heave_imu,50,5.0,1,True,542880,0.8134940055168763,,0.5235698929324748,,1.4712293274911479,0.6942630230885293,,0.6922314180019012,0.6965995551128323,6,0.13616535399341956
damped_persistence,unseen_heading,heave_imu,100,10.0,1,True,542880,0.7296494514726716,,0.4827572728211015,,0.7899604023666095,0.14686477091554007,,0.10884321024383686,0.17809403788999137,6,0.13616535399341956
damped_persistence,unseen_heading,heave_imu,150,15.0,1,True,542880,0.8141200472018544,,0.5200733890824216,,1.1357286053592752,0.48616016517492655,,0.4702171637436222,0.5041803465802678,6,0.13616535399341956
damped_persistence,unseen_heading,heave_rate_imu,10,1.0,1,True,542880,0.32970163016969206,,0.2263792805148806,,0.2692264697030541,-0.499707889047734,,-0.5249918214990871,-0.47100427911057957,6,0.13616535399341956
damped_persistence,unseen_heading,heave_rate_imu,20,2.0,1,True,542880,0.4586431055718355,,0.3137026035558837,,0.5100375538939901,0.19137822793560033,,0.17783676462648526,0.20662533525085117,6,0.13616535399341956
damped_persistence,unseen_heading,heave_rate_imu,30,3.0,1,True,542880,0.4928971455442006,,0.33537569836200565,,0.6981319735930894,0.5015316950848935,,0.49400896589693033,0.5101490715823113,6,0.13616535399341956
damped_persistence,unseen_heading,heave_rate_imu,50,5.0,1,True,542880,0.46337500385078373,,0.3133278852091019,,0.8589313718674813,0.7089629533729558,,0.7073874610596993,0.7106359633676852,6,0.13616535399341956
damped_persistence,unseen_heading,heave_rate_imu,100,10.0,1,True,542880,0.4334189666053971,,0.2994334963233423,,0.4364076754295744,0.01364996541291097,,-0.0225474996276451,0.045159758017699864,6,0.13616535399341956
damped_persistence,unseen_heading,heave_rate_imu,150,15.0,1,True,542880,0.46606247628575487,,0.3129318805778428,,0.6878237986118816,0.5408718932013565,,0.5286734700425187,0.5539911418688211,6,0.13616535399341956
damped_persistence,unseen_heading,pitch_imu,10,1.0,1,True,542880,0.07639590743562603,,0.05713616252162569,,0.07017212762229766,-0.18525255058719692,,-0.2012892785934302,-0.16826956064126566,6,0.13616535399341956
damped_persistence,unseen_heading,pitch_imu,20,2.0,1,True,542880,0.10010806653698202,,0.07408870936634301,,0.12267707473241954,0.3340964593620743,,0.3262868506523487,0.3424202894938278,6,0.13616535399341956
damped_persistence,unseen_heading,pitch_imu,30,3.0,1,True,542880,0.10419486920979248,,0.07676690827174669,,0.16069881098649122,0.5795955147156611,,0.5751727998629399,0.5841701116139152,6,0.13616535399341956
damped_persistence,unseen_heading,pitch_imu,50,5.0,1,True,542880,0.0963741541284551,,0.07085350533654378,,0.1770328950899934,0.7036443473249545,,0.70273261222496,0.7044694493008518,6,0.13616535399341956
damped_persistence,unseen_heading,pitch_imu,100,10.0,1,True,542880,0.09605958520803884,,0.07141896668111931,,0.11018934913367359,0.24001997358755933,,0.22859647568330801,0.2522045013980197,6,0.13616535399341956
damped_persistence,unseen_heading,pitch_imu,150,15.0,1,True,542880,0.097383314840139,,0.07157498312870655,,0.1423593302052436,0.5320523884796953,,0.5237527700085883,0.5399614482132039,6,0.13616535399341956
damped_persistence,unseen_heading,pitch_rate_imu,10,1.0,1,True,542880,0.05837688605590857,,0.044655469303303545,,0.05631446607411629,-0.07458780706625578,,-0.08594318920360791,-0.062070067340096347,6,0.13616535399341956
damped_persistence,unseen_heading,pitch_rate_imu,20,2.0,1,True,542880,0.07251498687582757,,0.05499219793259282,,0.09384900519446253,0.40296993934104486,,0.3986340780279907,0.40751263030119994,6,0.13616535399341956
damped_persistence,unseen_heading,pitch_rate_imu,30,3.0,1,True,542880,0.07368212870116203,,0.05571463767770615,,0.11957724780030603,0.6203116938717238,,0.6180065384997635,0.6225694897736044,6,0.13616535399341956
damped_persistence,unseen_heading,pitch_rate_imu,50,5.0,1,True,542880,0.06803545920741173,,0.05143097231614449,,0.12246467526074634,0.6913623024906332,,0.6901124665919928,0.6924200962421935,6,0.13616535399341956
damped_persistence,unseen_heading,pitch_rate_imu,100,10.0,1,True,542880,0.06974641594031837,,0.052991420953185646,,0.08852671163804054,0.37928087605964456,,0.37229651018223064,0.38701929281527014,6,0.13616535399341956
damped_persistence,unseen_heading,pitch_rate_imu,150,15.0,1,True,542880,0.06903245114337053,,0.05219767244868469,,0.09897888621513858,0.5135687548068995,,0.506935523322851,0.5196976238897909,6,0.13616535399341956
damped_persistence,unseen_heading,roll_imu,10,1.0,1,True,542880,3.417177725854689,,1.9999150840736368,,2.6985610675040856,-0.6035061605532075,,-0.6151314818231689,-0.5882161335104292,6,0.13616535399341956
damped_persistence,unseen_heading,roll_imu,20,2.0,1,True,542880,5.067422123407008,,2.95498803268517,,5.191027858910364,0.047055852863721714,,0.040325141161493744,0.05587190616571501,6,0.13616535399341956
damped_persistence,unseen_heading,roll_imu,30,3.0,1,True,542880,5.665094172884762,,3.289641800941317,,7.291137761642001,0.39629654783207235,,0.39230859959523484,0.4014270743157591,6,0.13616535399341956
damped_persistence,unseen_heading,roll_imu,50,5.0,1,True,542880,5.359460485109974,,3.100776611074197,,9.760650010460157,0.6985018403375921,,0.6973866528834093,0.6998087161167914,6,0.13616535399341956
damped_persistence,unseen_heading,roll_imu,100,10.0,1,True,542880,4.719603267301528,,2.795042532233338,,5.0273262178872296,0.11867345271876151,,0.09710671355637991,0.13531664604475038,6,0.13616535399341956
damped_persistence,unseen_heading,roll_imu,150,15.0,1,True,542880,5.636127516959088,,3.223369268697057,,7.374167970357992,0.4158349511168543,,0.4054706367993906,0.4284599118764386,6,0.13616535399341956
damped_persistence,unseen_heading,roll_rate_imu,10,1.0,1,True,542880,1.8695810808198028,,1.141955994360435,,1.496810441564234,-0.5601092110271322,,-0.5755830310377479,-0.5412184141745764,6,0.13616535399341956
damped_persistence,unseen_heading,roll_rate_imu,20,2.0,1,True,542880,2.7494130238975183,,1.6720073708738983,,2.8699035942664333,0.08220570283994033,,0.07353965550001491,0.09300697794551012,6,0.13616535399341956
damped_persistence,unseen_heading,roll_rate_imu,30,3.0,1,True,542880,3.0528655804339637,,1.846767559463413,,4.009937432526677,0.4203842578111373,,0.41541590515065135,0.42652103926519896,6,0.13616535399341956
damped_persistence,unseen_heading,roll_rate_imu,50,5.0,1,True,542880,2.8717750250094727,,1.7288880809818832,,5.2850940338863674,0.7047462713252276,,0.7036746940591844,0.705955667583114,6,0.13616535399341956
damped_persistence,unseen_heading,roll_rate_imu,100,10.0,1,True,542880,2.582940430885425,,1.592034880208725,,2.641612470687322,0.04392806829628926,,0.01882739420440812,0.0635946009940601,6,0.13616535399341956
damped_persistence,unseen_heading,roll_rate_imu,150,15.0,1,True,542880,3.014329924262187,,1.7902118451245455,,4.093806745232199,0.4578407205550926,,0.4472478746186993,0.4701256176411899,6,0.13616535399341956
dlinear,unseen_heading,heave_imu,10,1.0,3,False,542880,0.03190550075639922,0.001402129493098864,0.02063833096332945,0.0013110734924077904,0.43606026730387726,0.9946396036823195,0.0004760316272404628,0.9939585146755734,0.9951588234220414,60300,929.4378111440068
dlinear,unseen_heading,heave_imu,20,2.0,3,False,542880,0.12256887785872224,0.0002699715074985307,0.07769907965475119,0.0006641072095949748,0.8315698274257227,0.9782747702128471,9.576341604829008e-05,0.9773997677732696,0.9792646889675684,60300,929.4378111440068
dlinear,unseen_heading,heave_imu,30,3.0,3,False,542880,0.23564683242504936,0.0011704160302663641,0.14958433475410643,0.0011131019370316467,1.1510778266627046,0.9580896798078067,0.00041690712044121304,0.9562254852602706,0.9599723500773532,60300,929.4378111440068
dlinear,unseen_heading,heave_imu,50,5.0,3,False,542880,0.23676363445084161,0.00047513533532771537,0.15570680631287392,0.000673180145261089,1.4712293274911479,0.9741017502352105,0.00010395124646521267,0.9735096475048127,0.9746708415014094,60300,929.4378111440068
dlinear,unseen_heading,heave_imu,100,10.0,3,False,542880,0.4978011901248735,0.00047956585023490965,0.3407330787617197,0.0005449239495897182,0.7899604023666095,0.6028985387778674,0.0007653114973897602,0.5787324013474392,0.6218397967999476,60300,929.4378111440068
dlinear,unseen_heading,heave_imu,150,15.0,3,False,542880,0.6837323513265883,0.0003594434602517857,0.4617348867616324,0.00025451795539597767,1.1357286053592752,0.6375707753652007,0.00038112138705682187,0.6310729301462501,0.6432574195272903,60300,929.4378111440068
dlinear,unseen_heading,heave_rate_imu,10,1.0,3,False,542880,0.017476955311225523,0.0012159496536916401,0.012173721702291062,0.0009416191256686866,0.2692264697030541,0.9957723864544717,0.0005981349087889378,0.9950337101321843,0.996198812031037,60300,929.4378111440068
dlinear,unseen_heading,heave_rate_imu,20,2.0,3,False,542880,0.06524318866664346,0.0004388245732708188,0.045042723421638294,0.0005333974241502892,0.5100375538939901,0.9836363890247609,0.00021980621769011524,0.9831464150613314,0.9842902349078743,60300,929.4378111440068
dlinear,unseen_heading,heave_rate_imu,30,3.0,3,False,542880,0.12487406871230133,0.0007323156812781635,0.0862142333882852,0.000607417272911811,0.6981319735930894,0.9680051981572109,0.0003755004559371107,0.9670670696520237,0.9689720939985699,60300,929.4378111440068
dlinear,unseen_heading,heave_rate_imu,50,5.0,3,False,542880,0.13278853721688877,0.0008124521868155887,0.09352011706360473,0.000711914834480246,0.8589313718674813,0.9760990545191914,0.0002920147705695734,0.9755048871275654,0.9767542940247278,60300,929.4378111440068
dlinear,unseen_heading,heave_rate_imu,100,10.0,3,False,542880,0.30157055418212714,0.0002468083338160136,0.21615745255703345,0.00022606970702637787,0.4364076754295744,0.5224780915336122,0.0007816756996074247,0.4939637974314194,0.5456292836356905,60300,929.4378111440068
dlinear,unseen_heading,heave_rate_imu,150,15.0,3,False,542880,0.4071232415759234,0.00020831728048030802,0.28709293271439135,0.00010353127647304527,0.6878237986118816,0.6496537519810843,0.00035848640345484195,0.645440078465355,0.6534841986939146,60300,929.4378111440068
dlinear,unseen_heading,pitch_imu,10,1.0,3,False,542880,0.10021615737769655,6.577649087688455e-05,0.0799857024620621,5.2320862999437687e-05,0.07017212762229766,-1.0396062234440782,0.002677377286602463,-1.1597424902164477,-0.9430100688597366,60300,929.4378111440068
dlinear,unseen_heading,pitch_imu,20,2.0,3,False,542880,0.21040707775173817,4.089360838068517e-05,0.16787153862103724,3.6005274304629546e-05,0.12267707473241954,-1.9416694968709827,0.0011434416646353162,-2.1367590493439916,-1.7863163802696989,60300,929.4378111440068
dlinear,unseen_heading,pitch_imu,30,3.0,3,False,542880,0.20193843669728173,8.741659192312983e-05,0.16101173670712188,6.65611892304764e-05,0.16069881098649122,-0.5791111756171976,0.0013670136944676893,-0.6870293281920171,-0.49069051257469043,60300,929.4378111440068
dlinear,unseen_heading,pitch_imu,50,5.0,3,False,542880,0.21882737973514677,0.0002744199332520253,0.1746301168807308,0.00021967230894982167,0.1770328950899934,-0.5279031712236297,0.0038312675072131822,-0.6501284066810035,-0.43149324280776946,60300,929.4378111440068
dlinear,unseen_heading,pitch_imu,100,10.0,3,False,542880,0.20217862565830189,0.0004544838637525127,0.1611905110798771,0.0003664331417620851,0.11018934913367359,-2.3666092128192644,0.015126737775954162,-2.5574519821964583,-2.199646759362623,60300,929.4378111440068
dlinear,unseen_heading,pitch_imu,150,15.0,3,False,542880,0.12158300521430386,2.7929059442529383e-05,0.09529630414327046,1.7519036247514128e-05,0.1423593302052436,0.27058634227656614,0.0003351180894856154,0.24022074891381878,0.2945818737158672,60300,929.4378111440068
dlinear,unseen_heading,pitch_rate_imu,10,1.0,3,False,542880,0.09998979889063098,7.139432012042244e-05,0.0798007486434765,5.6353689985800666e-05,0.05631446607411629,-2.1526197771444955,0.004501930292450999,-2.295312558672246,-2.030682671815053,60300,929.4378111440068
dlinear,unseen_heading,pitch_rate_imu,20,2.0,3,False,542880,0.20973102221030984,2.7684029766981016e-05,0.16736837444371314,2.2679320578913968e-05,0.09384900519446253,-3.99420086241849,0.0013183990160683964,-4.265955679346628,-3.76621379666795,60300,929.4378111440068
dlinear,unseen_heading,pitch_rate_imu,30,3.0,3,False,542880,0.20022540183118243,0.00011469223755117627,0.15977721387298716,9.385686963285846e-05,0.11957724780030603,-1.803763230458087,0.0032115756126958415,-1.967644897615937,-1.66747675825481,60300,929.4378111440068
dlinear,unseen_heading,pitch_rate_imu,50,5.0,3,False,542880,0.21594576337579977,0.00026304349752172767,0.17234508583110816,0.0002091203438607223,0.12246467526074634,-2.1093394376426873,0.007573423314045142,-2.3182317264425962,-1.9374149520651744,60300,929.4378111440068
dlinear,unseen_heading,pitch_rate_imu,100,10.0,3,False,542880,0.19547072171938643,0.0005505190228169876,0.1559079795723497,0.0004409108988798069,0.08852671163804054,-3.875476467280705,0.027440835271310495,-4.105027113789742,-3.663265528493397,60300,929.4378111440068
dlinear,unseen_heading,pitch_rate_imu,150,15.0,3,False,542880,0.1024839983818665,8.985454504756157e-05,0.08108010165011074,7.084100836339507e-05,0.09897888621513858,-0.07208006236015733,0.0018794596056979185,-0.11855193138514213,-0.0337535689270587,60300,929.4378111440068
dlinear,unseen_heading,roll_imu,10,1.0,3,False,542880,0.1784180442851162,0.006891289164543213,0.13037523106967422,0.004032563133644694,2.6985610675040856,0.9956243279314366,0.0003352755273916046,0.9951592148706813,0.9961496914259832,60300,929.4378111440068
dlinear,unseen_heading,roll_imu,20,2.0,3,False,542880,0.6071386250997629,0.01975107033406746,0.4065491983215294,0.009449199746629892,5.191027858910364,0.9863108871020433,0.0008921528453313072,0.9851658427713197,0.9873498420228615,60300,929.4378111440068
dlinear,unseen_heading,roll_imu,30,3.0,3,False,542880,1.0686438667531428,0.030079795198585516,0.6764150959434634,0.013455636791266013,7.291137761642001,0.9785066199662332,0.0012011542314288438,0.9773964399480138,0.9800802123749099,60300,929.4378111440068
dlinear,unseen_heading,roll_imu,50,5.0,3,False,542880,1.096800940930193,0.022127130128660542,0.7111609685222685,0.011416709031645555,9.760650010460157,0.98736963298881,0.0005074756718195029,0.9866616151311335,0.9881920995373473,60300,929.4378111440068
dlinear,unseen_heading,roll_imu,100,10.0,3,False,542880,2.384438542837494,0.04398907742229549,1.5285783569826685,0.02046022513276142,5.0273262178872296,0.7749926727972986,0.008262822913260498,0.7585043108271412,0.7925827844224809,60300,929.4378111440068
dlinear,unseen_heading,roll_imu,150,15.0,3,False,542880,3.462017425902818,0.04727598497269521,2.160733410115744,0.022616606473308168,7.374167970357992,0.7795620140695568,0.006001791165433748,0.771770243013524,0.7890494854555158,60300,929.4378111440068
dlinear,unseen_heading,roll_rate_imu,10,1.0,3,False,542880,0.12952852138496654,0.0028667152124313908,0.10089701407488216,0.0019340707697033078,1.496810441564234,0.9925090137049272,0.0003293570583327531,0.9917044234201161,0.9933614612397473,60300,929.4378111440068
dlinear,unseen_heading,roll_rate_imu,20,2.0,3,False,542880,0.3763414251615098,0.008444658792511345,0.27737828408990794,0.0042713296898983346,2.8699035942664333,0.9827981487440064,0.000772981634627582,0.9813041488478433,0.9841215455729784,60300,929.4378111440068
dlinear,unseen_heading,roll_rate_imu,30,3.0,3,False,542880,0.6098737677740416,0.013696519468949784,0.42050318715922713,0.006383627648803022,4.009937432526677,0.9768606733332268,0.0010338022757989587,0.9755694970800792,0.9784584164705407,60300,929.4378111440068
dlinear,unseen_heading,roll_rate_imu,50,5.0,3,False,542880,0.6396175240735024,0.010555796616860985,0.44952883642387187,0.005806618003094677,5.2850940338863674,0.9853507928923886,0.0004817555187203885,0.984391416189549,0.9863657367775199,60300,929.4378111440068
dlinear,unseen_heading,roll_rate_imu,100,10.0,3,False,542880,1.3747431830084313,0.01947095432346653,0.9332061099607266,0.009310569731850328,2.641612470687322,0.7291286868853283,0.007643980627478037,0.7081148437457466,0.7499908560515797,60300,929.4378111440068
dlinear,unseen_heading,roll_rate_imu,150,15.0,3,False,542880,1.9471244444599975,0.021662812271974898,1.2732198950033984,0.01055696444849923,4.093806745232199,0.7737604233991983,0.005021044252037094,0.7660287649948777,0.7831188223287416,60300,929.4378111440068
dlinear_ols,unseen_heading,heave_imu,10,1.0,1,True,542880,0.030932078513180476,,0.019811785735979037,,0.43606026730387726,0.9949681791035164,,0.9947887271762585,0.9951644626647171,60300,0.190611733996775
dlinear_ols,unseen_heading,heave_imu,20,2.0,1,True,542880,0.12225066446315878,,0.07803371951013954,,0.8315698274257227,0.9783874997908231,,0.9776455010498791,0.97921183176627,60300,0.190611733996775
dlinear_ols,unseen_heading,heave_imu,30,3.0,1,True,542880,0.23520657762254432,,0.1492586037364009,,1.1510778266627046,0.9582468208201634,,0.9568805414903215,0.959819394986865,60300,0.190611733996775
dlinear_ols,unseen_heading,heave_imu,50,5.0,1,True,542880,0.2369914869534215,,0.15595000494973568,,1.4712293274911479,0.9740519488935366,,0.9735658635534122,0.9745004063290649,60300,0.190611733996775
dlinear_ols,unseen_heading,heave_imu,100,10.0,1,True,542880,0.49741952560199365,,0.34016331109818293,,0.7899604023666095,0.6035074666068411,,0.581211142887438,0.6216754135692873,60300,0.190611733996775
dlinear_ols,unseen_heading,heave_imu,150,15.0,1,True,542880,0.6832881943801083,,0.46129884291244955,,1.1357286053592752,0.638041561838578,,0.6321699045122084,0.6435484550280643,60300,0.190611733996775
dlinear_ols,unseen_heading,heave_rate_imu,10,1.0,1,True,542880,0.016697470106272413,,0.011616421934560516,,0.2692264697030541,0.9961534991182049,,0.9960783725261935,0.9962322680323481,60300,0.190611733996775
dlinear_ols,unseen_heading,heave_rate_imu,20,2.0,1,True,542880,0.06557082655641464,,0.045479948266171986,,0.5100375538939901,0.9834721254432439,,0.9831638768403557,0.9837989373947309,60300,0.190611733996775
dlinear_ols,unseen_heading,heave_rate_imu,30,3.0,1,True,542880,0.12486868788728278,,0.08616062461050061,,0.6981319735930894,0.9680086888983918,,0.9674500306139002,0.9686127205499738,60300,0.190611733996775
dlinear_ols,unseen_heading,heave_rate_imu,50,5.0,1,True,542880,0.13316347526474037,,0.09380859079863889,,0.8589313718674813,0.9759644917092609,,0.975597130571036,0.9763035040156244,60300,0.190611733996775
dlinear_ols,unseen_heading,heave_rate_imu,100,10.0,1,True,542880,0.30120714199697557,,0.21581985368313442,,0.4364076754295744,0.5236285008828855,,0.4972277320046735,0.5459673889160696,60300,0.190611733996775
dlinear_ols,unseen_heading,heave_rate_imu,150,15.0,1,True,542880,0.4070411935961862,,0.2869357796158347,,0.6878237986118816,0.6497950101821188,,0.6458804157259783,0.6530990292615111,60300,0.190611733996775
dlinear_ols,unseen_heading,pitch_imu,10,1.0,1,True,542880,0.1002025938033443,,0.07997483576763942,,0.07017212762229766,-1.0390535815800175,,-1.1563228822845528,-0.9449923502835396,60300,0.190611733996775
dlinear_ols,unseen_heading,pitch_imu,20,2.0,1,True,542880,0.21050901398490315,,0.16795113513806417,,0.12267707473241954,-1.9445204232515607,,-2.138794084154914,-1.790132061122966,60300,0.190611733996775
dlinear_ols,unseen_heading,pitch_imu,30,3.0,1,True,542880,0.20223429489863967,,0.16124578009155482,,0.16069881098649122,-0.5837414506939063,,-0.6908109449637805,-0.4964011474584983,60300,0.190611733996775
dlinear_ols,unseen_heading,pitch_imu,50,5.0,1,True,542880,0.2192018971233842,,0.1749317028986253,,0.1770328950899934,-0.533135972641765,,-0.6522324643389583,-0.44040097525400357,60300,0.190611733996775
dlinear_ols,unseen_heading,pitch_imu,100,10.0,1,True,542880,0.20315222603319377,,0.16197398628600101,,0.11018934913367359,-2.39909995166483,,-2.5808463319098123,-2.247393363450831,60300,0.190611733996775
dlinear_ols,unseen_heading,pitch_imu,150,15.0,1,True,542880,0.12187722894827359,,0.09554549737513178,,0.1423593302052436,0.26705182008011485,,0.2367460239167487,0.29079129717838775,60300,0.190611733996775
dlinear_ols,unseen_heading,pitch_rate_imu,10,1.0,1,True,542880,0.09998155464498681,,0.07979439760713493,,0.05631446607411629,-2.1520988547733406,,-2.2901845084050088,-2.0346037938049744,60300,0.190611733996775
dlinear_ols,unseen_heading,pitch_rate_imu,20,2.0,1,True,542880,0.20984640204523952,,0.1674603388212854,,0.09384900519446253,-3.999697259436382,,-4.270775201132522,-3.772915125139659,60300,0.190611733996775
dlinear_ols,unseen_heading,pitch_rate_imu,30,3.0,1,True,542880,0.20053807260816395,,0.16002848701727346,,0.11957724780030603,-1.8125261318399537,,-1.9745983681754258,-1.6792959637997322,60300,0.190611733996775
dlinear_ols,unseen_heading,pitch_rate_imu,50,5.0,1,True,542880,0.21632227343021815,,0.17264447603721828,,0.12246467526074634,-2.1201883181359316,,-2.3226981424704016,-1.9552671038484557,60300,0.190611733996775
dlinear_ols,unseen_heading,pitch_rate_imu,100,10.0,1,True,542880,0.1965510420201956,,0.15677393393100691,,0.08852671163804054,-3.9294905254914605,,-4.142474398028545,-3.7462904825417422,60300,0.190611733996775
dlinear_ols,unseen_heading,pitch_rate_imu,150,15.0,1,True,542880,0.10290964038052704,,0.08142602921621753,,0.09897888621513858,-0.081003241218353,,-0.12679314905030628,-0.044163702408010486,60300,0.190611733996775
dlinear_ols,unseen_heading,roll_imu,10,1.0,1,True,542880,0.17422319981142279,,0.12741136825750238,,2.6985610675040856,0.9958318103515408,,0.995640412983126,0.9959818974758802,60300,0.190611733996775
dlinear_ols,unseen_heading,roll_imu,20,2.0,1,True,542880,0.6004547372869519,,0.4038414782826177,,5.191027858910364,0.9866200702931587,,0.986371285043428,0.9868172304351261,60300,0.190611733996775
dlinear_ols,unseen_heading,roll_imu,30,3.0,1,True,542880,1.0981635231352203,,0.6906301699099135,,7.291137761642001,0.9773147578269227,,0.9771283804189373,0.9774825771836582,60300,0.190611733996775
dlinear_ols,unseen_heading,roll_imu,50,5.0,1,True,542880,1.1184447941935574,,0.7217990793845603,,9.760650010460157,0.9868697914565975,,0.9865881280178009,0.9871093855666099,60300,0.190611733996775
dlinear_ols,unseen_heading,roll_imu,100,10.0,1,True,542880,2.4223020608528465,,1.5457430858429992,,5.0273262178872296,0.7678426364023827,,0.7576449000335779,0.7756397035136907,60300,0.190611733996775
dlinear_ols,unseen_heading,roll_imu,150,15.0,1,True,542880,3.5044462576868334,,2.180494329984413,,7.374167970357992,0.774153816033885,,0.7711854545298757,0.7767170451795562,60300,0.190611733996775
dlinear_ols,unseen_heading,roll_rate_imu,10,1.0,1,True,542880,0.12733614788955272,,0.0993419509133149,,1.496810441564234,0.9927628127875688,,0.9921849713477953,0.9932266502016133,60300,0.190611733996775
dlinear_ols,unseen_heading,roll_rate_imu,20,2.0,1,True,542880,0.37396038985681024,,0.2764700008451024,,2.8699035942664333,0.9830208247311762,,0.982283975607192,0.9836044048778709,60300,0.190611733996775
dlinear_ols,unseen_heading,roll_rate_imu,30,3.0,1,True,542880,0.6238683585563295,,0.4275191254600291,,4.009937432526677,0.9757946856844683,,0.9753342027882819,0.9761597295905041,60300,0.190611733996775
dlinear_ols,unseen_heading,roll_rate_imu,50,5.0,1,True,542880,0.6495824629212895,,0.45471810316293787,,5.2850940338863674,0.9848935246807563,,0.9843293104237374,0.9853466469393082,60300,0.190611733996775
dlinear_ols,unseen_heading,roll_rate_imu,100,10.0,1,True,542880,1.3910110115645504,,0.9407646583952153,,2.641612470687322,0.7227172046405703,,0.7073314080256122,0.7343962132874153,60300,0.190611733996775
dlinear_ols,unseen_heading,roll_rate_imu,150,15.0,1,True,542880,1.9663764884540487,,1.2823087125984705,,4.093806745232199,0.7692834913115905,,0.7655389835860075,0.7725106032269957,60300,0.190611733996775
persistence,unseen_heading,heave_imu,10,1.0,1,True,542880,0.43606026730387726,,0.2972416040137864,,0.43606026730387726,0.0,,0.0,0.0,0,0.0
persistence,unseen_heading,heave_imu,20,2.0,1,True,542880,0.8315698274257227,,0.5642193724406342,,0.8315698274257227,0.0,,0.0,0.0,0,0.0
persistence,unseen_heading,heave_imu,30,3.0,1,True,542880,1.1510778266627046,,0.7745819970219253,,1.1510778266627046,0.0,,0.0,0.0,0,0.0
persistence,unseen_heading,heave_imu,50,5.0,1,True,542880,1.4712293274911479,,0.9589310506851123,,1.4712293274911479,0.0,,0.0,0.0,0,0.0
persistence,unseen_heading,heave_imu,100,10.0,1,True,542880,0.7899604023666095,,0.4871631443463837,,0.7899604023666095,0.0,,0.0,0.0,0,0.0
persistence,unseen_heading,heave_imu,150,15.0,1,True,542880,1.1357286053592752,,0.7562887316430356,,1.1357286053592752,0.0,,0.0,0.0,0,0.0
persistence,unseen_heading,heave_rate_imu,10,1.0,1,True,542880,0.2692264697030541,,0.1906288313120202,,0.2692264697030541,0.0,,0.0,0.0,0,0.0
persistence,unseen_heading,heave_rate_imu,20,2.0,1,True,542880,0.5100375538939901,,0.3597245380490302,,0.5100375538939901,0.0,,0.0,0.0,0,0.0
persistence,unseen_heading,heave_rate_imu,30,3.0,1,True,542880,0.6981319735930894,,0.4889235524510803,,0.6981319735930894,0.0,,0.0,0.0,0,0.0
persistence,unseen_heading,heave_rate_imu,50,5.0,1,True,542880,0.8589313718674813,,0.5844545913714226,,0.8589313718674813,0.0,,0.0,0.0,0,0.0
persistence,unseen_heading,heave_rate_imu,100,10.0,1,True,542880,0.4364076754295744,,0.29559084859014517,,0.4364076754295744,0.0,,0.0,0.0,0,0.0
persistence,unseen_heading,heave_rate_imu,150,15.0,1,True,542880,0.6878237986118816,,0.46870754610654775,,0.6878237986118816,0.0,,0.0,0.0,0,0.0
persistence,unseen_heading,pitch_imu,10,1.0,1,True,542880,0.07017212762229766,,0.053732234462228703,,0.07017212762229766,0.0,,0.0,0.0,0,0.0
persistence,unseen_heading,pitch_imu,20,2.0,1,True,542880,0.12267707473241954,,0.0922673493386972,,0.12267707473241954,0.0,,0.0,0.0,0,0.0
persistence,unseen_heading,pitch_imu,30,3.0,1,True,542880,0.16069881098649122,,0.1198723848751754,,0.16069881098649122,0.0,,0.0,0.0,0,0.0
persistence,unseen_heading,pitch_imu,50,5.0,1,True,542880,0.1770328950899934,,0.12915865704313884,,0.1770328950899934,0.0,,0.0,0.0,0,0.0
persistence,unseen_heading,pitch_imu,100,10.0,1,True,542880,0.11018934913367359,,0.08362964567222111,,0.11018934913367359,0.0,,0.0,0.0,0,0.0
persistence,unseen_heading,pitch_imu,150,15.0,1,True,542880,0.1423593302052436,,0.10301346126176257,,0.1423593302052436,0.0,,0.0,0.0,0,0.0
persistence,unseen_heading,pitch_rate_imu,10,1.0,1,True,542880,0.05631446607411629,,0.043816749204356846,,0.05631446607411629,0.0,,0.0,0.0,0,0.0
persistence,unseen_heading,pitch_rate_imu,20,2.0,1,True,542880,0.09384900519446253,,0.0718511518530053,,0.09384900519446253,0.0,,0.0,0.0,0,0.0
persistence,unseen_heading,pitch_rate_imu,30,3.0,1,True,542880,0.11957724780030603,,0.09089807970217904,,0.11957724780030603,0.0,,0.0,0.0,0,0.0
persistence,unseen_heading,pitch_rate_imu,50,5.0,1,True,542880,0.12246467526074634,,0.09172761533840904,,0.12246467526074634,0.0,,0.0,0.0,0,0.0
persistence,unseen_heading,pitch_rate_imu,100,10.0,1,True,542880,0.08852671163804054,,0.06838209998059605,,0.08852671163804054,0.0,,0.0,0.0,0,0.0
persistence,unseen_heading,pitch_rate_imu,150,15.0,1,True,542880,0.09897888621513858,,0.07362007928405274,,0.09897888621513858,0.0,,0.0,0.0,0,0.0
persistence,unseen_heading,roll_imu,10,1.0,1,True,542880,2.6985610675040856,,1.6333675332827151,,2.6985610675040856,0.0,,0.0,0.0,0,0.0
persistence,unseen_heading,roll_imu,20,2.0,1,True,542880,5.191027858910364,,3.127793622499651,,5.191027858910364,0.0,,0.0,0.0,0,0.0
persistence,unseen_heading,roll_imu,30,3.0,1,True,542880,7.291137761642001,,4.3606126902438564,,7.291137761642001,0.0,,0.0,0.0,0,0.0
persistence,unseen_heading,roll_imu,50,5.0,1,True,542880,9.760650010460157,,5.695323465469158,,9.760650010460157,0.0,,0.0,0.0,0,0.0
persistence,unseen_heading,roll_imu,100,10.0,1,True,542880,5.0273262178872296,,2.8031000222909226,,5.0273262178872296,0.0,,0.0,0.0,0,0.0
persistence,unseen_heading,roll_imu,150,15.0,1,True,542880,7.374167970357992,,4.4410230902066825,,7.374167970357992,0.0,,0.0,0.0,0,0.0
persistence,unseen_heading,roll_rate_imu,10,1.0,1,True,542880,1.496810441564234,,0.9501529358512627,,1.496810441564234,0.0,,0.0,0.0,0,0.0
persistence,unseen_heading,roll_rate_imu,20,2.0,1,True,542880,2.8699035942664333,,1.81112653707153,,2.8699035942664333,0.0,,0.0,0.0,0,0.0
persistence,unseen_heading,roll_rate_imu,30,3.0,1,True,542880,4.009937432526677,,2.5065861631578583,,4.009937432526677,0.0,,0.0,0.0,0,0.0
persistence,unseen_heading,roll_rate_imu,50,5.0,1,True,542880,5.2850940338863674,,3.19988805052739,,5.2850940338863674,0.0,,0.0,0.0,0,0.0
persistence,unseen_heading,roll_rate_imu,100,10.0,1,True,542880,2.641612470687322,,1.5646791452067628,,2.641612470687322,0.0,,0.0,0.0,0,0.0
persistence,unseen_heading,roll_rate_imu,150,15.0,1,True,542880,4.093806745232199,,2.5390484613815545,,4.093806745232199,0.0,,0.0,0.0,0,0.0
window_mean,unseen_heading,heave_imu,10,1.0,1,True,542880,0.8237481055985446,,0.5298365914136451,,0.43606026730387726,-2.568583181372056,,-2.6492347401135463,-2.4727399941000843,0,0.0
window_mean,unseen_heading,heave_imu,20,2.0,1,True,542880,0.84694237203459,,0.5443904542997595,,0.8315698274257227,-0.037314086839636884,,-0.059692649982718414,-0.010942063371156328,0,0.0
window_mean,unseen_heading,heave_imu,30,3.0,1,True,542880,0.8499964130724832,,0.5461016212427808,,1.1510778266627046,0.4547134195719611,,0.4446129651387709,0.46671069919274144,0,0.0
window_mean,unseen_heading,heave_imu,50,5.0,1,True,542880,0.8002431494799472,,0.514506818324038,,1.4712293274911479,0.7041420913649692,,0.7020349363246139,0.7065604452584079,0,0.0
window_mean,unseen_heading,heave_imu,100,10.0,1,True,542880,0.729843692835062,,0.48289175364321363,,0.7899604023666095,0.14641048096464693,,0.10834861900409411,0.17767249388169434,0,0.0
window_mean,unseen_heading,heave_imu,150,15.0,1,True,542880,0.8141199736657412,,0.5200727108728064,,1.1357286053592752,0.4861602580009974,,0.47021686340135066,0.504180835871322,0,0.0
window_mean,unseen_heading,heave_rate_imu,10,1.0,1,True,542880,0.4749694090989818,,0.3211330489425079,,0.2692264697030541,-2.112402573765817,,-2.1841747676324297,-2.0315337454028075,0,0.0
window_mean,unseen_heading,heave_rate_imu,20,2.0,1,True,542880,0.4873579822031774,,0.3295619734425849,,0.5100375538939901,0.08695568092067485,,0.06753738143493157,0.10910058303515995,0,0.0
window_mean,unseen_heading,heave_rate_imu,30,3.0,1,True,542880,0.48799899039261246,,0.3298723349358241,,0.6981319735930894,0.5113895064626708,,0.5026993640357076,0.5214462370969309,0,0.0
window_mean,unseen_heading,heave_rate_imu,50,5.0,1,True,542880,0.4580502459382872,,0.3096185157026798,,0.8589313718674813,0.7156132810717701,,0.7139804043501788,0.7173415874350684,0,0.0
window_mean,unseen_heading,heave_rate_imu,100,10.0,1,True,542880,0.4334727216898908,,0.2994693715560543,,0.4364076754295744,0.013405284761908054,,-0.022805732980886353,0.04492832669237881,0,0.0
window_mean,unseen_heading,heave_rate_imu,150,15.0,1,True,542880,0.46606229330441806,,0.3129317133342205,,0.6878237986118816,0.5408722537189374,,0.5286737465985635,0.5539915842351544,0,0.0
window_mean,unseen_heading,pitch_imu,10,1.0,1,True,542880,0.10033662293797692,,0.07388545654568429,,0.07017212762229766,-1.0445120303522755,,-1.0852347914154936,-1.001042647862156,0,0.0
window_mean,unseen_heading,pitch_imu,20,2.0,1,True,542880,0.10262653954899656,,0.07551753218307822,,0.12267707473241954,0.30017001346460326,,0.2894384362679127,0.31157584892253537,0,0.0
window_mean,unseen_heading,pitch_imu,30,3.0,1,True,542880,0.10221749099993897,,0.0751407508600214,,0.16069881098649122,0.5954007191260076,,0.5903995772854407,0.6005621030384313,0,0.0
window_mean,unseen_heading,pitch_imu,50,5.0,1,True,542880,0.09573408500273264,,0.070401144315587,,0.1770328950899934,0.7075677684594363,,0.7066321434245345,0.7084041732028356,0,0.0
window_mean,unseen_heading,pitch_imu,100,10.0,1,True,542880,0.09606252556474232,,0.07142084795242377,,0.11018934913367359,0.23997344732865955,,0.2285479539507137,0.2521597724589446,0,0.0
window_mean,unseen_heading,pitch_imu,150,15.0,1,True,542880,0.09738330818845335,,0.07157497972469204,,0.1423593302052436,0.5320524524052312,,0.5237528200462076,0.5399615248642277,0,0.0
window_mean,unseen_heading,pitch_rate_imu,10,1.0,1,True,542880,0.0716716543651558,,0.054266545452198695,,0.05631446607411629,-0.6197758393064923,,-0.6445832250343029,-0.5921667234444381,0,0.0
window_mean,unseen_heading,pitch_rate_imu,20,2.0,1,True,542880,0.07308532208834363,,0.05528560674270861,,0.09384900519446253,0.393541644930659,,0.38814528115593194,0.3992264080027979,0,0.0
window_mean,unseen_heading,pitch_rate_imu,30,3.0,1,True,542880,0.07247559593179549,,0.054769821570719225,,0.11957724780030603,0.6326445534962037,,0.6301578012420614,0.6351035037803362,0,0.0
window_mean,unseen_heading,pitch_rate_imu,50,5.0,1,True,542880,0.06784630938363087,,0.051294779217539804,,0.12246467526074634,0.6930760445735087,,0.6918168338730586,0.6941419093413923,0,0.0
window_mean,unseen_heading,pitch_rate_imu,100,10.0,1,True,542880,0.06974667382706529,,0.052991574213503985,,0.08852671163804054,0.37927628584437956,,0.3722916533870471,0.38701500694733676,0,0.0
window_mean,unseen_heading,pitch_rate_imu,150,15.0,1,True,542880,0.06903245094281618,,0.05219767243411433,,0.09897888621513858,0.5135687576332775,,0.5069355250294738,0.519697627776861,0,0.0
window_mean,unseen_heading,roll_imu,10,1.0,1,True,542880,5.6547371397582245,,3.255143846470922,,2.6985610675040856,-3.3909687090519265,,-3.433749082899523,-3.3344990644828325,0,0.0
window_mean,unseen_heading,roll_imu,20,2.0,1,True,542880,5.7716578752812016,,3.3178548096770495,,5.191027858910364,-0.2362162271216075,,-0.24800197505367444,-0.22068201576504673,0,0.0
window_mean,unseen_heading,roll_imu,30,3.0,1,True,542880,5.721672844515012,,3.2890399497595895,,7.291137761642001,0.38417766536998554,,0.3790018852488014,0.39087577605980767,0,0.0
window_mean,unseen_heading,roll_imu,50,5.0,1,True,542880,5.2018932558135,,3.0054823710413627,,9.760650010460157,0.715969229914818,,0.7148072115636958,0.7173563013699226,0,0.0
window_mean,unseen_heading,roll_imu,100,10.0,1,True,542880,4.7243042793977175,,2.797943573537253,,5.0273262178872296,0.11691686856204397,,0.09527493834201327,0.13361355809966782,0,0.0
window_mean,unseen_heading,roll_imu,150,15.0,1,True,542880,5.636167816001561,,3.2233710445685015,,7.374167970357992,0.4158265973753157,,0.405461051079162,0.42845319090467526,0,0.0
window_mean,unseen_heading,roll_rate_imu,10,1.0,1,True,542880,3.0391566983313867,,1.8173945930211495,,1.496810441564234,-3.122613085571693,,-3.180131688359305,-3.052165495076652,0,0.0
window_mean,unseen_heading,roll_rate_imu,20,2.0,1,True,542880,3.0962277997020817,,1.850385185496883,,2.8699035942664333,-0.1639416122488193,,-0.1789595642500761,-0.14524281057515792,0,0.0
window_mean,unseen_heading,roll_rate_imu,30,3.0,1,True,542880,3.06629122947481,,1.8332652711065927,,4.009937432526677,0.41527507220409576,,0.4088888875772293,0.42321461296681556,0,0.0
window_mean,unseen_heading,roll_rate_imu,50,5.0,1,True,542880,2.791738738973587,,1.6790866188752716,,5.2850940338863674,0.7209743629223209,,0.7198532981712036,0.7222586462047723,0,0.0
window_mean,unseen_heading,roll_rate_imu,100,10.0,1,True,542880,2.5851838364805744,,1.593412069621455,,2.641612470687322,0.042266559923831104,,0.017094424122850567,0.06198811800417474,0,0.0
window_mean,unseen_heading,roll_rate_imu,150,15.0,1,True,542880,3.0143368196114566,,1.7902077734210153,,4.093806745232199,0.4578382401485269,,0.44724436601738526,0.47012439777376896,0,0.0
ar10,unseen_seastate,heave_imu,10,1.0,1,True,542880,0.005503610784823306,,0.004284796476765333,,0.7122510070746891,0.9999402924457246,,0.9999378938051995,0.9999425935806838,54900,0.020149791998846922
ar10,unseen_seastate,heave_imu,20,2.0,1,True,542880,0.038229331266884874,,0.03007659503600409,,1.3591066047549403,0.9992087998585092,,0.9991785754955078,0.9992393335052903,54900,0.020149791998846922
ar10,unseen_seastate,heave_imu,30,3.0,1,True,542880,0.13626502666503326,,0.10809085506606103,,1.8841952677681022,0.9947698156885513,,0.9945799159504037,0.9949400859030437,54900,0.020149791998846922
ar10,unseen_seastate,heave_imu,50,5.0,1,True,542880,0.5306391925308881,,0.4203106533128975,,2.429658364536398,0.9523011153707587,,0.9503978183481195,0.9540366499163232,54900,0.020149791998846922
ar10,unseen_seastate,heave_imu,100,10.0,1,True,542880,1.105370649392789,,0.859106647830293,,1.4297166648914688,0.4022550734870285,,0.38779517782803097,0.4159179100929277,54900,0.020149791998846922
ar10,unseen_seastate,heave_imu,150,15.0,1,True,542880,1.3468591171884954,,1.068177675968126,,1.8279181666532411,0.4570862476212182,,0.42353359947570024,0.4871314676852786,54900,0.020149791998846922
ar10,unseen_seastate,heave_rate_imu,10,1.0,1,True,542880,0.013810491709047216,,0.010702572168349843,,0.43734027211668636,0.999002806724289,,0.9989298486251801,0.9990699173477205,54900,0.020149791998846922
ar10,unseen_seastate,heave_rate_imu,20,2.0,1,True,542880,0.06910613761477438,,0.05445223188576088,,0.826897160374101,0.9930155817212698,,0.9925934644185442,0.9933946414371191,54900,0.020149791998846922
ar10,unseen_seastate,heave_rate_imu,30,3.0,1,True,542880,0.1806874596108339,,0.1431511208716483,,1.1292563364397514,0.974398173411583,,0.9729164284286158,0.9757577911041024,54900,0.020149791998846922
ar10,unseen_seastate,heave_rate_imu,50,5.0,1,True,542880,0.37852547758050836,,0.29650219075985557,,1.3901456242628623,0.9258570881806745,,0.9207677753199605,0.9308126743454348,54900,0.020149791998846922
ar10,unseen_seastate,heave_rate_imu,100,10.0,1,True,542880,0.6463975654800569,,0.5090885985266927,,0.7601176275849791,0.2768343057189685,,0.25424926011682386,0.29874702666973524,54900,0.020149791998846922
ar10,unseen_seastate,heave_rate_imu,150,15.0,1,True,542880,0.786936417321412,,0.6274082706164383,,1.100859437662995,0.48900629788688377,,0.46160588311236633,0.5139500769870691,54900,0.020149791998846922
ar10,unseen_seastate,pitch_imu,10,1.0,1,True,542880,0.13670386664835124,,0.10829936077385878,,1.2231442694621246,0.9875087405925644,,0.9863731421982694,0.9884552156350898,54900,0.020149791998846922
ar10,unseen_seastate,pitch_imu,20,2.0,1,True,542880,0.5540357444559209,,0.43561264675543765,,2.257572208809929,0.9397728559974066,,0.9335693724582615,0.944963117836882,54900,0.020149791998846922
ar10,unseen_seastate,pitch_imu,30,3.0,1,True,542880,1.1087097603509184,,0.8558339761449576,,2.9691853078284582,0.8605684241512249,,0.8440425361176341,0.8744133794189635,54900,0.020149791998846922
ar10,unseen_seastate,pitch_imu,50,5.0,1,True,542880,1.2346088233272239,,0.9459132013484074,,3.3044457576050816,0.8604076887048882,,0.8458917377924562,0.8729121450112461,54900,0.020149791998846922
ar10,unseen_seastate,pitch_imu,100,10.0,1,True,542880,1.8389583069618636,,1.3395400717167831,,2.1438086472570053,0.2641797607176958,,0.2375846866416584,0.2894729172745836,54900,0.020149791998846922
ar10,unseen_seastate,pitch_imu,150,15.0,1,True,542880,1.918759475576424,,1.3977759907148946,,2.626382563808782,0.4662657137885966,,0.44548278205539893,0.4846477353408277,54900,0.020149791998846922
ar10,unseen_seastate,pitch_rate_imu,10,1.0,1,True,542880,0.25367222264319667,,0.20063532754253377,,0.9755107876390742,0.9323789865179428,,0.9246997747321523,0.93838754759056,54900,0.020149791998846922
ar10,unseen_seastate,pitch_rate_imu,20,2.0,1,True,542880,0.5595479353525161,,0.43434560795772986,,1.7519309940480654,0.8979905036621662,,0.8842702058237739,0.9090137201150156,54900,0.020149791998846922
ar10,unseen_seastate,pitch_rate_imu,30,3.0,1,True,542880,0.5586060894174893,,0.4288531404552984,,2.206228233831898,0.9358922617341955,,0.9276482226848229,0.9427047404086323,54900,0.020149791998846922
ar10,unseen_seastate,pitch_rate_imu,50,5.0,1,True,542880,1.122400774819319,,0.884221840930121,,2.1784000592413317,0.7345268302296344,,0.7163389281567725,0.74992911064283,54900,0.020149791998846922
ar10,unseen_seastate,pitch_rate_imu,100,10.0,1,True,542880,1.3589986640053144,,1.0466228000738615,,1.6287184748195807,0.30378077058732045,,0.269487259126173,0.3342179052378578,54900,0.020149791998846922
ar10,unseen_seastate,pitch_rate_imu,150,15.0,1,True,542880,1.2814411838176811,,0.9049553198898285,,1.8236128207659046,0.5062216075794947,,0.49757808785147906,0.5141956893468551,54900,0.020149791998846922
ar10,unseen_seastate,roll_imu,10,1.0,1,True,542880,0.10866259503422308,,0.08323901825624444,,3.259549911224485,0.9988886653022602,,0.9987405393656182,0.9990248545171876,54900,0.020149791998846922
ar10,unseen_seastate,roll_imu,20,2.0,1,True,542880,0.42854010598317294,,0.32885906755405253,,6.285670955194254,0.9953518550798728,,0.9947331832070796,0.9959168444722983,54900,0.020149791998846922
ar10,unseen_seastate,roll_imu,30,3.0,1,True,542880,0.9909790741421952,,0.7621906576094243,,8.864582569735198,0.9875028095443178,,0.9858651642568895,0.9889994060740068,54900,0.020149791998846922
ar10,unseen_seastate,roll_imu,50,5.0,1,True,542880,1.9224875227750782,,1.4710074471165817,,12.02075263609667,0.9744221674946597,,0.9710911153846551,0.9774652964932083,54900,0.020149791998846922
ar10,unseen_seastate,roll_imu,100,10.0,1,True,542880,2.9103839444755053,,2.2423539528157552,,6.564403239196959,0.8034332444018124,,0.7896575271458305,0.8162826972244228,54900,0.020149791998846922
ar10,unseen_seastate,roll_imu,150,15.0,1,True,542880,4.026179849202849,,3.064612231643307,,8.758582080093348,0.7886906406864655,,0.776053207575841,0.799938268829341,54900,0.020149791998846922
ar10,unseen_seastate,roll_rate_imu,10,1.0,1,True,542880,0.18845046970184343,,0.14655194201920943,,1.7509811536257809,0.9884167213177186,,0.9870135142060276,0.9896836421663753,54900,0.020149791998846922
ar10,unseen_seastate,roll_rate_imu,20,2.0,1,True,542880,0.46694039484579436,,0.36246118239304775,,3.3690572610515965,0.9807909402394432,,0.9784604245138866,0.9829331139696669,54900,0.020149791998846922
ar10,unseen_seastate,roll_rate_imu,30,3.0,1,True,542880,0.6562816638606175,,0.5085420256804271,,4.734894767018175,0.9807885617835045,,0.9784890171388027,0.9828927841225408,54900,0.020149791998846922
ar10,unseen_seastate,roll_rate_imu,50,5.0,1,True,542880,0.6021355413402316,,0.4688702367818633,,6.356661484780421,0.9910271510629475,,0.9902355631257589,0.9917140234873004,54900,0.020149791998846922
ar10,unseen_seastate,roll_rate_imu,100,10.0,1,True,542880,1.342604153900985,,1.0151610904771426,,3.3400949657659016,0.8384234453473272,,0.8283631910840791,0.8474808263856186,54900,0.020149791998846922
ar10,unseen_seastate,roll_rate_imu,150,15.0,1,True,542880,1.9708218193026439,,1.471298947973693,,4.761111154164594,0.8286523778077859,,0.8150856882685773,0.8400560962523481,54900,0.020149791998846922
ar20,unseen_seastate,heave_imu,10,1.0,1,True,542880,0.0033592187711405704,,0.0026273967471656464,,0.7122510070746891,0.9999777561256622,,0.9999770226428694,0.9999784841626803,108900,0.067624169998453
ar20,unseen_seastate,heave_imu,20,2.0,1,True,542880,0.027858400394734924,,0.02170436502377433,,1.3591066047549403,0.9995798490924274,,0.9995521402278651,0.999602523463115,108900,0.067624169998453
ar20,unseen_seastate,heave_imu,30,3.0,1,True,542880,0.11571130534131192,,0.08934814319249713,,1.8841952677681022,0.9962286245613293,,0.9959241387104368,0.9964876292060767,108900,0.067624169998453
ar20,unseen_seastate,heave_imu,50,5.0,1,True,542880,0.4794546548095536,,0.3678182658621726,,2.429658364536398,0.961059219167995,,0.9577081064319108,0.963874402727425,108900,0.067624169998453
ar20,unseen_seastate,heave_imu,100,10.0,1,True,542880,1.171917118769488,,0.8957468739523489,,1.4297166648914688,0.32811671369690365,,0.30208372029324015,0.35227930317358963,108900,0.067624169998453
ar20,unseen_seastate,heave_imu,150,15.0,1,True,542880,1.4132322260785524,,1.1102908128877074,,1.8279181666532411,0.40225828385161067,,0.3561543663202384,0.4433991913685288,108900,0.067624169998453
ar20,unseen_seastate,heave_rate_imu,10,1.0,1,True,542880,0.009509702728416303,,0.0073511944105556495,,0.43734027211668636,0.9995271809776131,,0.9994887997278078,0.9995606344702006,108900,0.067624169998453
ar20,unseen_seastate,heave_rate_imu,20,2.0,1,True,542880,0.05809370667668139,,0.0445933173742275,,0.826897160374101,0.9950642270438438,,0.994560570604407,0.995473521475427,108900,0.067624169998453
ar20,unseen_seastate,heave_rate_imu,30,3.0,1,True,542880,0.16760177416710978,,0.12865087165941338,,1.1292563364397514,0.9779721479486488,,0.9757288911127413,0.9799236121382601,108900,0.067624169998453
ar20,unseen_seastate,heave_rate_imu,50,5.0,1,True,542880,0.33187103411196267,,0.2531291895349063,,1.3901456242628623,0.9430074481297506,,0.9372018751200518,0.9480930878539072,108900,0.067624169998453
ar20,unseen_seastate,heave_rate_imu,100,10.0,1,True,542880,0.6282901555917777,,0.48757697199149846,,0.7601176275849791,0.3167826263129204,,0.2834439051045296,0.3493217156128773,108900,0.067624169998453
ar20,unseen_seastate,heave_rate_imu,150,15.0,1,True,542880,0.7779255386503847,,0.6167995447654916,,1.100859437662995,0.500641647425033,,0.46708682790487555,0.5299177173675242,108900,0.067624169998453
ar20,unseen_seastate,pitch_imu,10,1.0,1,True,542880,0.10884622662244771,,0.0848205603787715,,1.2231442694621246,0.9920809809817777,,0.9911435957050307,0.9928550344606645,108900,0.067624169998453
ar20,unseen_seastate,pitch_imu,20,2.0,1,True,542880,0.4888033237812027,,0.3764231742217825,,2.257572208809929,0.9531202809409401,,0.9470986924711084,0.9580656864302757,108900,0.067624169998453
ar20,unseen_seastate,pitch_imu,30,3.0,1,True,542880,0.9941996614864459,,0.753891255956497,,2.9691853078284582,0.8878827037466475,,0.8722069915040077,0.9005750178646167,108900,0.067624169998453
ar20,unseen_seastate,pitch_imu,50,5.0,1,True,542880,1.2212312705340669,,0.9345368402514721,,3.3044457576050816,0.8634163929876442,,0.8495267621132673,0.875697922223955,108900,0.067624169998453
ar20,unseen_seastate,pitch_imu,100,10.0,1,True,542880,1.9549427176625864,,1.4264022655349184,,2.1438086472570053,0.1684353169695758,,0.128931867273111,0.20525118544017779,108900,0.067624169998453
ar20,unseen_seastate,pitch_imu,150,15.0,1,True,542880,1.9778490723863427,,1.4417666273498582,,2.626382563808782,0.4328860596445555,,0.4093058267178647,0.4536941982419533,108900,0.067624169998453
ar20,unseen_seastate,pitch_rate_imu,10,1.0,1,True,542880,0.2313348344152819,,0.17883305585913026,,0.9755107876390742,0.9437635477538272,,0.9359003664964874,0.9500574741417911,108900,0.067624169998453
ar20,unseen_seastate,pitch_rate_imu,20,2.0,1,True,542880,0.5227108414081921,,0.3995484509588096,,1.7519309940480654,0.9109797061255164,,0.8975901343239607,0.9218479755377716,108900,0.067624169998453
ar20,unseen_seastate,pitch_rate_imu,30,3.0,1,True,542880,0.5346109156484655,,0.40900491943892336,,2.206228233831898,0.9412815250285645,,0.9332831035057005,0.9478226865578164,108900,0.067624169998453
ar20,unseen_seastate,pitch_rate_imu,50,5.0,1,True,542880,1.1531366997938652,,0.8955135948490195,,2.1784000592413317,0.7197882720814669,,0.6906940238845188,0.7430766604908281,108900,0.067624169998453
ar20,unseen_seastate,pitch_rate_imu,100,10.0,1,True,542880,1.3526943314571684,,1.0441213505019042,,1.6287184748195807,0.31022524624639636,,0.26595900600296407,0.34771719801217116,108900,0.067624169998453
ar20,unseen_seastate,pitch_rate_imu,150,15.0,1,True,542880,1.2769768258196368,,0.9075051338678475,,1.8236128207659046,0.5096561212033845,,0.5008365364319926,0.5178504758938064,108900,0.067624169998453
ar20,unseen_seastate,roll_imu,10,1.0,1,True,542880,0.07301059372794037,,0.0577938037151586,,3.259549911224485,0.9994982856886729,,0.9994522860842329,0.9995429874768877,108900,0.067624169998453
ar20,unseen_seastate,roll_imu,20,2.0,1,True,542880,0.31509527270976856,,0.24862057490034567,,6.285670955194254,0.9974870694280861,,0.9972551920046399,0.99770352698724,108900,0.067624169998453
ar20,unseen_seastate,roll_imu,30,3.0,1,True,542880,0.7800767767988663,,0.6133402218424455,,8.864582569735198,0.9922561288406644,,0.991523771340069,0.9929486270500109,108900,0.067624169998453
ar20,unseen_seastate,roll_imu,50,5.0,1,True,542880,1.677842682394383,,1.2990807050569353,,12.02075263609667,0.980517748039174,,0.9783804843179507,0.9825112749774702,108900,0.067624169998453
ar20,unseen_seastate,roll_imu,100,10.0,1,True,542880,2.643483076939011,,1.998034010875389,,6.564403239196959,0.8378329685715971,,0.8270519554306754,0.8476460318778125,108900,0.067624169998453
ar20,unseen_seastate,roll_imu,150,15.0,1,True,542880,3.970785041492275,,2.9301986439103986,,8.758582080093348,0.7944653036249125,,0.7803064093202678,0.8062688703267343,108900,0.067624169998453
ar20,unseen_seastate,roll_rate_imu,10,1.0,1,True,542880,0.13704228234107954,,0.10830544051975328,,1.7509811536257809,0.9938744340153682,,0.9933326337566851,0.9943707511060329,108900,0.067624169998453
ar20,unseen_seastate,roll_rate_imu,20,2.0,1,True,542880,0.36812638347110943,,0.28988810973390994,,3.3690572610515965,0.9880607484151953,,0.9869704842249295,0.9890586836067758,108900,0.067624169998453
ar20,unseen_seastate,roll_rate_imu,30,3.0,1,True,542880,0.5589777380830977,,0.43747010350614673,,4.734894767018175,0.9860630301215165,,0.9846563832839565,0.9873565482919323,108900,0.067624169998453
ar20,unseen_seastate,roll_rate_imu,50,5.0,1,True,542880,0.6143202742089201,,0.47443653913853673,,6.356661484780421,0.9906603300694352,,0.9897929796508755,0.9914165179779381,108900,0.067624169998453
ar20,unseen_seastate,roll_rate_imu,100,10.0,1,True,542880,1.4429631829961844,,1.086489007153021,,3.3400949657659016,0.8133650946637776,,0.8005467090388902,0.8251422095700177,108900,0.067624169998453
ar20,unseen_seastate,roll_rate_imu,150,15.0,1,True,542880,2.0032538594337357,,1.4885734052530488,,4.761111154164594,0.8229665492506888,,0.8092202414614311,0.8344569324252342,108900,0.067624169998453
ar40,unseen_seastate,heave_imu,10,1.0,1,True,542880,0.002550174428684471,,0.0019568429372391525,,0.7122510070746891,0.9999871804249462,,0.9999861252036798,0.9999880424291467,216900,0.19042113499745028
ar40,unseen_seastate,heave_imu,20,2.0,1,True,542880,0.02733390633816517,,0.020578607561117342,,1.3591066047549403,0.999595520646692,,0.9995522984216668,0.9996317848927401,216900,0.19042113499745028
ar40,unseen_seastate,heave_imu,30,3.0,1,True,542880,0.11738390334349719,,0.08774696591028835,,1.8841952677681022,0.9961188066693529,,0.9956632798462499,0.9964944692506683,216900,0.19042113499745028
ar40,unseen_seastate,heave_imu,50,5.0,1,True,542880,0.48600790721468184,,0.3575343928171592,,2.429658364536398,0.9599874483938253,,0.9551231056130006,0.9642171331975077,216900,0.19042113499745028
ar40,unseen_seastate,heave_imu,100,10.0,1,True,542880,1.2099449729560412,,0.9097143713391493,,1.4297166648914688,0.2838050073851124,,0.24670690219414104,0.31991615148959274,216900,0.19042113499745028
ar40,unseen_seastate,heave_imu,150,15.0,1,True,542880,1.4719310459015968,,1.1452799567327705,,1.8279181666532411,0.3515724884215008,,0.2924352001012947,0.40289232527033586,216900,0.19042113499745028
ar40,unseen_seastate,heave_rate_imu,10,1.0,1,True,542880,0.008823227005564035,,0.006693161784242391,,0.43734027211668636,0.999592979799128,,0.9995486490732867,0.999630259188132,216900,0.19042113499745028
ar40,unseen_seastate,heave_rate_imu,20,2.0,1,True,542880,0.05768049219094136,,0.04320870231129165,,0.826897160374101,0.9951341926049196,,0.994519946540511,0.9956528300715898,216900,0.19042113499745028
ar40,unseen_seastate,heave_rate_imu,30,3.0,1,True,542880,0.17075689219123483,,0.1272212304640082,,1.1292563364397514,0.9771349891581348,,0.9741424302243282,0.9797245399219531,216900,0.19042113499745028
ar40,unseen_seastate,heave_rate_imu,50,5.0,1,True,542880,0.326146330451937,,0.23779248058261093,,1.3901456242628623,0.9449567081289184,,0.9371760673012309,0.9516111412815157,216900,0.19042113499745028
ar40,unseen_seastate,heave_rate_imu,100,10.0,1,True,542880,0.6262835175257971,,0.47581224128123767,,0.7601176275849791,0.321139787315054,,0.27082415853441805,0.36813555232067224,216900,0.19042113499745028
ar40,unseen_seastate,heave_rate_imu,150,15.0,1,True,542880,0.7810259184707943,,0.6145735366375644,,1.100859437662995,0.4966533847524197,,0.45548335650640864,0.5322988341971425,216900,0.19042113499745028
ar40,unseen_seastate,pitch_imu,10,1.0,1,True,542880,0.10072894742917059,,0.07776388824337001,,1.2231442694621246,0.9932180712676112,,0.9923808204216702,0.9939194055555075,216900,0.19042113499745028
ar40,unseen_seastate,pitch_imu,20,2.0,1,True,542880,0.46403615552058003,,0.3531268523523125,,2.257572208809929,0.9577506200397881,,0.951903373725639,0.9625183581495231,216900,0.19042113499745028
ar40,unseen_seastate,pitch_imu,30,3.0,1,True,542880,0.9423314606009398,,0.7056651082085388,,2.9691853078284582,0.8992760437873661,,0.8849322985637849,0.9111711589057909,216900,0.19042113499745028
ar40,unseen_seastate,pitch_imu,50,5.0,1,True,542880,1.14813190500601,,0.8778477971460381,,3.3044457576050816,0.8792780292779084,,0.8686387526702426,0.8885944616363827,216900,0.19042113499745028
ar40,unseen_seastate,pitch_imu,100,10.0,1,True,542880,2.0158646789350776,,1.465185938293028,,2.1438086472570053,0.11579958561397652,,0.08071548046853494,0.15037915627593934,216900,0.19042113499745028
ar40,unseen_seastate,pitch_imu,150,15.0,1,True,542880,2.0355736567998126,,1.4678241928634834,,2.626382563808782,0.39929994641690436,,0.37652268282027385,0.4206243398068002,216900,0.19042113499745028
ar40,unseen_seastate,pitch_rate_imu,10,1.0,1,True,542880,0.21787114693468831,,0.16675613025079375,,0.9755107876390742,0.9501189844886349,,0.9424349572021717,0.9561432618857264,216900,0.19042113499745028
ar40,unseen_seastate,pitch_rate_imu,20,2.0,1,True,542880,0.5016293606112108,,0.37857809435207096,,1.7519309940480654,0.9180154713471458,,0.9051904512430675,0.9285012382646781,216900,0.19042113499745028
ar40,unseen_seastate,pitch_rate_imu,30,3.0,1,True,542880,0.4937601456570259,,0.37274638704115887,,2.206228233831898,0.949912288556915,,0.9432358177981829,0.9555207649012302,216900,0.19042113499745028
ar40,unseen_seastate,pitch_rate_imu,50,5.0,1,True,542880,1.2271711048103155,,0.936279661075831,,2.1784000592413317,0.6826525878058967,,0.6450431076925431,0.7134681843117201,216900,0.19042113499745028
ar40,unseen_seastate,pitch_rate_imu,100,10.0,1,True,542880,1.3999482447341167,,1.0765167253583094,,1.6287184748195807,0.2611914455413654,,0.20195887025304238,0.3119002915128406,216900,0.19042113499745028
ar40,unseen_seastate,pitch_rate_imu,150,15.0,1,True,542880,1.2871839521315067,,0.9212594321836253,,1.8236128207659046,0.5017859628941026,,0.4897632137759805,0.5120391604572239,216900,0.19042113499745028
ar40,unseen_seastate,roll_imu,10,1.0,1,True,542880,0.06989809393627638,,0.055092575238147194,,3.259549911224485,0.9995401508424889,,0.9994978758638372,0.9995786720362493,216900,0.19042113499745028
ar40,unseen_seastate,roll_imu,20,2.0,1,True,542880,0.31264438305452996,,0.24446382715377932,,6.285670955194254,0.9975260097949111,,0.9972940063473965,0.9977395219636304,216900,0.19042113499745028
ar40,unseen_seastate,roll_imu,30,3.0,1,True,542880,0.7800149435105019,,0.6063677477035335,,8.864582569735198,0.9922573564378839,,0.9915074589997345,0.9929489875285903,216900,0.19042113499745028
ar40,unseen_seastate,roll_imu,50,5.0,1,True,542880,1.7149892825188633,,1.31242466455092,,12.02075263609667,0.9796455439846179,,0.9774302950427439,0.9815896110132497,216900,0.19042113499745028
ar40,unseen_seastate,roll_imu,100,10.0,1,True,542880,2.69278018740047,,1.9955718822878599,,6.564403239196959,0.8317282139956886,,0.8169161622355791,0.8450700003702409,216900,0.19042113499745028
ar40,unseen_seastate,roll_imu,150,15.0,1,True,542880,4.112625009656803,,3.0054310976866687,,8.758582080093348,0.7795192813006899,,0.759530402743593,0.7968245309448143,216900,0.19042113499745028
ar40,unseen_seastate,roll_rate_imu,10,1.0,1,True,542880,0.13795938766313823,,0.10819659684160486,,1.7509811536257809,0.9937921734667569,,0.9932083121188297,0.9943224130373393,216900,0.19042113499745028
ar40,unseen_seastate,roll_rate_imu,20,2.0,1,True,542880,0.3687357192697793,,0.2870898307635855,,3.3690572610515965,0.9880211911617275,,0.9868362261190603,0.9890771385773773,216900,0.19042113499745028
ar40,unseen_seastate,roll_rate_imu,30,3.0,1,True,542880,0.5636950108501121,,0.43513120963710367,,4.734894767018175,0.9858268063997455,,0.9843582280731892,0.9871258567269974,216900,0.19042113499745028
ar40,unseen_seastate,roll_rate_imu,50,5.0,1,True,542880,0.6810954984058899,,0.5150774253494068,,6.356661484780421,0.9885195780279882,,0.9872010104342732,0.9896364934171147,216900,0.19042113499745028
ar40,unseen_seastate,roll_rate_imu,100,10.0,1,True,542880,1.5677239355492083,,1.1608579669304284,,3.3400949657659016,0.7796964231563447,,0.7607245261697981,0.796799694854129,216900,0.19042113499745028
ar40,unseen_seastate,roll_rate_imu,150,15.0,1,True,542880,2.088530374430578,,1.5243828166196547,,4.761111154164594,0.8075734692382929,,0.7913067270428883,0.8215159785496781,216900,0.19042113499745028
ar_attitude_only,unseen_seastate,heave_imu,10,1.0,1,True,542880,0.010154250575213247,,0.00798629860205422,,0.7122510070746891,0.9997967504426107,,0.9997899848134337,0.999803538269664,108900,0.07860194800014142
ar_attitude_only,unseen_seastate,heave_imu,20,2.0,1,True,542880,0.06525678581362762,,0.05162753326668166,,1.3591066047549403,0.9976946104930735,,0.9976150086869983,0.997770471121303,108900,0.07860194800014142
ar_attitude_only,unseen_seastate,heave_imu,30,3.0,1,True,542880,0.20974968687265558,,0.16613223112057132,,1.8841952677681022,0.9876077312061159,,0.9871224062639258,0.9880621939562435,108900,0.07860194800014142
ar_attitude_only,unseen_seastate,heave_imu,50,5.0,1,True,542880,0.6455487652634466,,0.5079450487555831,,2.429658364536398,0.929406016918602,,0.9260199289046436,0.9324537419404398,108900,0.07860194800014142
ar_attitude_only,unseen_seastate,heave_imu,100,10.0,1,True,542880,1.1878205075389692,,0.924301196727001,,1.4297166648914688,0.3097575271619454,,0.29779456685668537,0.32067111490366756,108900,0.07860194800014142
ar_attitude_only,unseen_seastate,heave_imu,150,15.0,1,True,542880,1.3850783433681628,,1.1011733024505095,,1.8279181666532411,0.4258370302649679,,0.39485714644505066,0.45425425674427755,108900,0.07860194800014142
ar_attitude_only,unseen_seastate,heave_rate_imu,10,1.0,1,True,542880,0.05190934170143137,,0.040728677499381825,,0.43734027211668636,0.9859119105328678,,0.985054711223152,0.9866959789627227,108900,0.07860194800014142
ar_attitude_only,unseen_seastate,heave_rate_imu,20,2.0,1,True,542880,0.10273941178817314,,0.08137231044226728,,0.826897160374101,0.9845627069409865,,0.9839599579929135,0.9850830329582938,108900,0.07860194800014142
ar_attitude_only,unseen_seastate,heave_rate_imu,30,3.0,1,True,542880,0.23587215539186104,,0.18707372653756302,,1.1292563364397514,0.9563717011864538,,0.9540641227651756,0.9584595181881179,108900,0.07860194800014142
ar_attitude_only,unseen_seastate,heave_rate_imu,50,5.0,1,True,542880,0.3618625324068641,,0.2833933306626848,,1.3901456242628623,0.93224105393121,,0.927779470334467,0.9365367549111099,108900,0.07860194800014142
ar_attitude_only,unseen_seastate,heave_rate_imu,100,10.0,1,True,542880,0.6275979907332253,,0.49408207343663624,,0.7601176275849791,0.31828714954824067,,0.2958742491858771,0.34007019314422227,108900,0.07860194800014142
ar_attitude_only,unseen_seastate,heave_rate_imu,150,15.0,1,True,542880,0.766294954769296,,0.6111804467794505,,1.100859437662995,0.5154616094080217,,0.4921068336397852,0.5372279732474856,108900,0.07860194800014142
ar_attitude_only,unseen_seastate,pitch_imu,10,1.0,1,True,542880,0.22961399218462486,,0.18111088829604924,,1.2231442694621246,0.9647595594406377,,0.9613017488235509,0.9675588782393747,108900,0.07860194800014142
ar_attitude_only,unseen_seastate,pitch_imu,20,2.0,1,True,542880,0.6999401030122189,,0.5468522794363025,,2.257572208809929,0.9038745349707911,,0.8932022764547018,0.9126988801433541,108900,0.07860194800014142
ar_attitude_only,unseen_seastate,pitch_imu,30,3.0,1,True,542880,1.0819945098831156,,0.8258686577616486,,2.9691853078284582,0.8672069003002006,,0.8502031351637331,0.8815685310372519,108900,0.07860194800014142
ar_attitude_only,unseen_seastate,pitch_imu,50,5.0,1,True,542880,1.1296405253815418,,0.8762758745481662,,3.3044457576050816,0.8831353201722926,,0.8768427614842285,0.8890086981607108,108900,0.07860194800014142
ar_attitude_only,unseen_seastate,pitch_imu,100,10.0,1,True,542880,1.8688446599415207,,1.363054109916152,,2.1438086472570053,0.24006863250813293,,0.22432712676279423,0.2555979269856545,108900,0.07860194800014142
ar_attitude_only,unseen_seastate,pitch_imu,150,15.0,1,True,542880,1.8608693061281762,,1.3513038208824009,,2.626382563808782,0.49798606558351854,,0.48563794599311205,0.5092139622755953,108900,0.07860194800014142
ar_attitude_only,unseen_seastate,pitch_rate_imu,10,1.0,1,True,542880,0.38582471931142054,,0.30191959978052296,,0.9755107876390742,0.8435714768760689,,0.8234860525090026,0.8593535380170664,108900,0.07860194800014142
ar_attitude_only,unseen_seastate,pitch_rate_imu,20,2.0,1,True,542880,0.5489816209092349,,0.42116947197972365,,1.7519309940480654,0.9018067536492024,,0.8879207978694479,0.9134017879779266,108900,0.07860194800014142
ar_attitude_only,unseen_seastate,pitch_rate_imu,30,3.0,1,True,542880,0.4703917377389559,,0.36049819994654003,,2.206228233831898,0.9545411449019653,,0.9511003989362902,0.9577376633222715,108900,0.07860194800014142
ar_attitude_only,unseen_seastate,pitch_rate_imu,50,5.0,1,True,542880,1.2154730427711897,,0.9510107022846906,,2.1784000592413317,0.6886740067157642,,0.6638387705283945,0.709847396245875,108900,0.07860194800014142
ar_attitude_only,unseen_seastate,pitch_rate_imu,100,10.0,1,True,542880,1.3091525426731174,,1.0000680002910327,,1.6287184748195807,0.35391677994504533,,0.320840250933319,0.3820979878474694,108900,0.07860194800014142
ar_attitude_only,unseen_seastate,pitch_rate_imu,150,15.0,1,True,542880,1.2775990953370815,,0.9015762225028346,,1.8236128207659046,0.5091781166124201,,0.5016625417725438,0.5163670178881055,108900,0.07860194800014142
ar_attitude_only,unseen_seastate,roll_imu,10,1.0,1,True,542880,0.16547602751746854,,0.13170459131480863,,3.259549911224485,0.9974227597693317,,0.9972288744583974,0.997610010100603,108900,0.07860194800014142
ar_attitude_only,unseen_seastate,roll_imu,20,2.0,1,True,542880,0.5507050630898794,,0.43773304441155886,,6.285670955194254,0.9923240019922038,,0.991700756403338,0.9929113350924184,108900,0.07860194800014142
ar_attitude_only,unseen_seastate,roll_imu,30,3.0,1,True,542880,1.1148999480885269,,0.8832150394638151,,8.864582569735198,0.9841818674222349,,0.9827897528129511,0.9854905744676671,108900,0.07860194800014142
ar_attitude_only,unseen_seastate,roll_imu,50,5.0,1,True,542880,1.8384522692691005,,1.436647827621347,,12.02075263609667,0.9766093981033072,,0.9742087216052182,0.9788588843749133,108900,0.07860194800014142
ar_attitude_only,unseen_seastate,roll_imu,100,10.0,1,True,542880,2.778672323973964,,2.140059340556636,,6.564403239196959,0.8208222128758097,,0.8092473023842807,0.8317485922238687,108900,0.07860194800014142
ar_attitude_only,unseen_seastate,roll_imu,150,15.0,1,True,542880,4.114633849215374,,3.1188693322396737,,8.758582080093348,0.779303838093553,,0.766914734587043,0.7901593234865827,108900,0.07860194800014142
ar_attitude_only,unseen_seastate,roll_rate_imu,10,1.0,1,True,542880,0.2596939525391512,,0.2005870680588952,,1.7509811536257809,0.9780031380385921,,0.9767792528538246,0.9791574098439634,108900,0.07860194800014142
ar_attitude_only,unseen_seastate,roll_rate_imu,20,2.0,1,True,542880,0.4888556523556357,,0.38622181391863675,,3.3690572610515965,0.9789455210875496,,0.9775150424036655,0.9803612691645324,108900,0.07860194800014142
ar_attitude_only,unseen_seastate,roll_rate_imu,30,3.0,1,True,542880,0.6051911560686195,,0.4780938611202429,,4.734894767018175,0.9836632943848564,,0.9822903295929828,0.9849928824808787,108900,0.07860194800014142
ar_attitude_only,unseen_seastate,roll_rate_imu,50,5.0,1,True,542880,0.7782736353322801,,0.6172672948025327,,6.356661484780421,0.9850098330883252,,0.9838838628701472,0.9860443522011357,108900,0.07860194800014142
ar_attitude_only,unseen_seastate,roll_rate_imu,100,10.0,1,True,542880,1.4528055441793828,,1.0990791980444439,,3.3400949657659016,0.8108103615213732,,0.8037002855069021,0.8170722415845874,108900,0.07860194800014142
ar_attitude_only,unseen_seastate,roll_rate_imu,150,15.0,1,True,542880,1.9817784515552,,1.4776650538231608,,4.761111154164594,0.8267418940939276,,0.8187603405874837,0.8333329496815446,108900,0.07860194800014142
damped_persistence,unseen_seastate,heave_imu,10,1.0,1,True,542880,0.9474208823951139,,0.7540641904576217,,0.7122510070746891,-0.769374491435252,,-0.7995825135471183,-0.739950542644766,6,0.1378320209987578
damped_persistence,unseen_seastate,heave_imu,20,2.0,1,True,542880,1.3118787203944373,,1.0449196794303954,,1.3591066047549403,0.0682909174319315,,0.05212765725175074,0.0841549002790773,6,0.1378320209987578
damped_persistence,unseen_seastate,heave_imu,30,3.0,1,True,542880,1.4161031334596121,,1.12873773025399,,1.8841952677681022,0.4351437348835313,,0.4255874830306607,0.44470296785543373,6,0.1378320209987578
damped_persistence,unseen_seastate,heave_imu,50,5.0,1,True,542880,1.3571592771604837,,1.0825922075196799,,2.429658364536398,0.6879880581076345,,0.6839011570082826,0.6917013304952833,6,0.1378320209987578
damped_persistence,unseen_seastate,heave_imu,100,10.0,1,True,542880,1.2209079448326356,,0.9721067958593899,,1.4297166648914688,0.2707677264732202,,0.23587352993400512,0.3039683140536435,6,0.1378320209987578
damped_persistence,unseen_seastate,heave_imu,150,15.0,1,True,542880,1.3424487318193117,,1.0684306676405444,,1.8279181666532411,0.4606360449642545,,0.44352865967661725,0.4769141144309992,6,0.1378320209987578
damped_persistence,unseen_seastate,heave_rate_imu,10,1.0,1,True,542880,0.5603350427613519,,0.44109697146963767,,0.43734027211668636,-0.6415594879206448,,-0.672243884705888,-0.612468741951911,6,0.1378320209987578
damped_persistence,unseen_seastate,heave_rate_imu,20,2.0,1,True,542880,0.7556621755470078,,0.5960919261887422,,0.826897160374101,0.16487330256517851,,0.14961944948364492,0.17955146231098476,6,0.1378320209987578
damped_persistence,unseen_seastate,heave_rate_imu,30,3.0,1,True,542880,0.8006714678716893,,0.6330074371885012,,1.1292563364397514,0.4972829291313253,,0.4888834513512016,0.5052070842431318,6,0.1378320209987578
damped_persistence,unseen_seastate,heave_rate_imu,50,5.0,1,True,542880,0.755371623181683,,0.5988670756491032,,1.3901456242628623,0.7047426364065538,,0.7021570882959137,0.7070919024507206,6,0.1378320209987578
damped_persistence,unseen_seastate,heave_rate_imu,100,10.0,1,True,542880,0.7084902234700833,,0.5569309722822662,,0.7601176275849791,0.13122740050983694,,0.1025042844233605,0.1607093763599165,6,0.1378320209987578
damped_persistence,unseen_seastate,heave_rate_imu,150,15.0,1,True,542880,0.7570990338352747,,0.5979682863416813,,1.100859437662995,0.5270212338903517,,0.5155299083110805,0.5375929557771085,6,0.1378320209987578
damped_persistence,unseen_seastate,pitch_imu,10,1.0,1,True,542880,1.4430498869013277,,1.0018214808025416,,1.2231442694621246,-0.3918977100334089,,-0.4219623680306484,-0.36227107987386326,6,0.1378320209987578
damped_persistence,unseen_seastate,pitch_imu,20,2.0,1,True,542880,1.8905610767198686,,1.3146250958197159,,2.257572208809929,0.29870922800474764,,0.28367236531538254,0.3133762770975589,6,0.1378320209987578
damped_persistence,unseen_seastate,pitch_imu,30,3.0,1,True,542880,1.9600675448856921,,1.3653101590156087,,2.9691853078284582,0.5642198245236033,,0.5558640869145325,0.5725482897836041,6,0.1378320209987578
damped_persistence,unseen_seastate,pitch_imu,50,5.0,1,True,542880,1.831433515083539,,1.2771974083883348,,3.3044457576050816,0.6928255705442039,,0.6897534247789618,0.6953699515654809,6,0.1378320209987578
damped_persistence,unseen_seastate,pitch_imu,100,10.0,1,True,542880,1.783100813130264,,1.2379935732879652,,2.1438086472570053,0.30820127161177513,,0.2923139242071489,0.3252796430827931,6,0.1378320209987578
damped_persistence,unseen_seastate,pitch_imu,150,15.0,1,True,542880,1.8367989045712578,,1.2791898951976126,,2.626382563808782,0.5108892023946636,,0.4992353746784086,0.52142605295117,6,0.1378320209987578
damped_persistence,unseen_seastate,pitch_rate_imu,10,1.0,1,True,542880,1.068343238473441,,0.7245592264536308,,0.9755107876390742,-0.1993818118927071,,-0.2231234045461514,-0.1773231882684049,6,0.1378320209987578
damped_persistence,unseen_seastate,pitch_rate_imu,20,2.0,1,True,542880,1.3356891533533153,,0.9097399440607618,,1.7519309940480654,0.4187314756653744,,0.4081906792399585,0.42892418859362197,6,0.1378320209987578
damped_persistence,unseen_seastate,pitch_rate_imu,30,3.0,1,True,542880,1.3452377853064108,,0.920087844990446,,2.206228233831898,0.6282103988335059,,0.6233033224393612,0.632983775123408,6,0.1378320209987578
damped_persistence,unseen_seastate,pitch_rate_imu,50,5.0,1,True,542880,1.2473638663951137,,0.8545610295834863,,2.1784000592413317,0.6721229354432932,,0.6682609564906539,0.6758425350784348,6,0.1378320209987578
damped_persistence,unseen_seastate,pitch_rate_imu,100,10.0,1,True,542880,1.2643607807039619,,0.8581000542009941,,1.6287184748195807,0.39737105632084335,,0.3901065604542437,0.4038498715511737,6,0.1378320209987578
damped_persistence,unseen_seastate,pitch_rate_imu,150,15.0,1,True,542880,1.269052176668485,,0.8670378725483938,,1.8236128207659046,0.5157231787827233,,0.5099276277314849,0.5212162265410132,6,0.1378320209987578
damped_persistence,unseen_seastate,roll_imu,10,1.0,1,True,542880,4.29737368798183,,2.8975715780751092,,3.259549911224485,-0.7381648767236104,,-0.7446000470411497,-0.7318297812986917,6,0.1378320209987578
damped_persistence,unseen_seastate,roll_imu,20,2.0,1,True,542880,6.3156405787868755,,4.255985771488134,,6.285670955194254,-0.009558588193196549,,-0.01377030322394543,-0.005457235819288803,6,0.1378320209987578
damped_persistence,unseen_seastate,roll_imu,30,3.0,1,True,542880,7.030013281161284,,4.734768085907975,,8.864582569735198,0.37107955691595906,,0.3681569580018924,0.373932018339322,6,0.1378320209987578
damped_persistence,unseen_seastate,roll_imu,50,5.0,1,True,542880,6.65320784071109,,4.480597283453799,,12.02075263609667,0.6936634191452302,,0.6919036585451671,0.6951428871400769,6,0.1378320209987578
damped_persistence,unseen_seastate,roll_imu,100,10.0,1,True,542880,5.781281169853412,,3.909255286148658,,6.564403239196959,0.22436449479305576,,0.2092983794191724,0.24031478214692553,6,0.1378320209987578
damped_persistence,unseen_seastate,roll_imu,150,15.0,1,True,542880,7.007834914106924,,4.711332987906155,,8.758582080093348,0.3598229271247988,,0.35090500880607045,0.3685493302529182,6,0.1378320209987578
damped_persistence,unseen_seastate,roll_rate_imu,10,1.0,1,True,542880,2.3096972560180666,,1.563887521696666,,1.7509811536257809,-0.7399916873135743,,-0.7472834709966141,-0.7323302332121346,6,0.1378320209987578
damped_persistence,unseen_seastate,roll_rate_imu,20,2.0,1,True,542880,3.3519636287204957,,2.267885089782728,,3.3690572610515965,0.010121685035784367,,0.005559907225958674,0.014779913640922324,6,0.1378320209987578
damped_persistence,unseen_seastate,roll_rate_imu,30,3.0,1,True,542880,3.696200514308517,,2.499197191695184,,4.734894767018175,0.3906169309279487,,0.3876418463899352,0.3935739144287667,6,0.1378320209987578
damped_persistence,unseen_seastate,roll_rate_imu,50,5.0,1,True,542880,3.468151643603461,,2.3445613763869857,,6.356661484780421,0.702327997834481,,0.700946767501072,0.7035896836545321,6,0.1378320209987578
damped_persistence,unseen_seastate,roll_rate_imu,100,10.0,1,True,542880,3.0809483275730365,,2.0913419859696973,,3.3400949657659016,0.1491535339283273,,0.13461944174237836,0.16495885174949254,6,0.1378320209987578
damped_persistence,unseen_seastate,roll_rate_imu,150,15.0,1,True,542880,3.6724272533184954,,2.477980403657017,,4.761111154164594,0.4050372692196663,,0.3972941029817927,0.412954323599243,6,0.1378320209987578
dlinear,unseen_seastate,heave_imu,10,1.0,3,False,542880,0.15738410670540717,0.0003575464888560671,0.10724141709303346,0.00018376601258249806,0.7122510070746891,0.9511733310222542,0.00022198168994620824,0.9423977434956953,0.9585703175726364,60300,1023.5098708229974
dlinear,unseen_seastate,heave_imu,20,2.0,3,False,542880,0.5662354870493645,0.002759866875812003,0.38322758133997836,0.001725750764814409,1.3591066047549403,0.8264222717730488,0.0016901968184445252,0.7944073310601905,0.8541359093773979,60300,1023.5098708229974
dlinear,unseen_seastate,heave_imu,30,3.0,3,False,542880,0.9910045792997493,0.002299568185171014,0.6644746248596053,0.001410891260652919,1.8841952677681022,0.7233688614859727,0.0012834976805404978,0.6733276484079063,0.7663278369310855,60300,1023.5098708229974
dlinear,unseen_seastate,heave_imu,50,5.0,3,False,542880,0.6560988324893183,0.0016833121817171595,0.45819827909187544,0.0011141389953516314,2.429658364536398,0.9270794370698728,0.00037435710876351823,0.9149754224669647,0.9370012059331128,60300,1023.5098708229974
dlinear,unseen_seastate,heave_imu,100,10.0,3,False,542880,1.0854405866446182,0.0010508912619445416,0.8210409270899106,0.0005715677775199481,1.4297166648914688,0.4236153240968761,0.0011161356037779954,0.3904917741282081,0.4546593480451413,60300,1023.5098708229974
dlinear,unseen_seastate,heave_imu,150,15.0,3,False,542880,1.4045501721325195,0.0021900753664012822,1.0696469009499527,0.0014129248839070973,1.8279181666532411,0.40957910277546167,0.0018420412611302288,0.337568204092037,0.46920194836040974,60300,1023.5098708229974
dlinear,unseen_seastate,heave_rate_imu,10,1.0,3,False,542880,0.0657364765318369,0.00010593348989547751,0.04750519619767058,7.879374279341375e-05,0.43734027211668636,0.9774069608609776,7.284007943809644e-05,0.9737085908989914,0.9805707828211794,60300,1023.5098708229974
dlinear,unseen_seastate,heave_rate_imu,20,2.0,3,False,542880,0.234385504805344,0.0009900013658355944,0.16790637026290145,0.000574186801928184,0.826897160374101,0.9196541103112611,0.0006780615242439452,0.905882618614601,0.9315689940146403,60300,1023.5098708229974
dlinear,unseen_seastate,heave_rate_imu,30,3.0,3,False,542880,0.4055198888007277,0.0007850655672397304,0.28688932727136235,0.0004087189323762622,1.1292563364397514,0.8710443629919458,0.000499239834591261,0.8487234707153872,0.8899414422869322,60300,1023.5098708229974
dlinear,unseen_seastate,heave_rate_imu,50,5.0,3,False,542880,0.29118858817782844,0.0007912511652085336,0.21816353758140103,0.0005175747897043133,1.3901456242628623,0.956123674940061,0.00023855438986623858,0.9504860792460884,0.9607356673508353,60300,1023.5098708229974
dlinear,unseen_seastate,heave_rate_imu,100,10.0,3,False,542880,0.5517228453277775,0.00022878143027109773,0.4317598551298955,0.0001487421192031454,0.7601176275849791,0.4731580167714828,0.0004369757578648054,0.4539396100244403,0.4908625314305228,60300,1023.5098708229974
dlinear,unseen_seastate,heave_rate_imu,150,15.0,3,False,542880,0.7137518733558118,0.0007606509056321731,0.5604353844447735,0.0005481486926242475,1.100859437662995,0.5796305842409115,0.0008962389000512349,0.5481169621055967,0.6054437331396437,60300,1023.5098708229974
dlinear,unseen_seastate,pitch_imu,10,1.0,3,False,542880,0.18472605208008844,0.0003427925972682985,0.13049291949637618,0.00015426390213542582,1.2231442694621246,0.9771912269204158,8.46450842976985e-05,0.9738168657949908,0.9800349061104323,60300,1023.5098708229974
dlinear,unseen_seastate,pitch_imu,20,2.0,3,False,542880,0.5913803942276062,0.0019535189005596212,0.38806035952935175,0.0008414858731380798,2.257572208809929,0.9313795275471476,0.0004531117442608951,0.9185045296660225,0.942069006664109,60300,1023.5098708229974
dlinear,unseen_seastate,pitch_imu,30,3.0,3,False,542880,0.9665746671630142,0.0014277667429931351,0.59201061808868,0.00045955658480547473,2.9691853078284582,0.8940266061398784,0.0003130757225421157,0.8717439203853544,0.9122234575976339,60300,1023.5098708229974
dlinear,unseen_seastate,pitch_imu,50,5.0,3,False,542880,0.8716115138238786,0.0016523103623099639,0.6068488351797169,0.0009692130228047012,3.3044457576050816,0.9304255626409411,0.0002638592535673631,0.9235945027509552,0.9361161741695933,60300,1023.5098708229974
dlinear,unseen_seastate,pitch_imu,100,10.0,3,False,542880,1.5831455844462683,0.000999106455484986,1.109330614468922,0.0006684726325467839,2.1438086472570053,0.4546569452217663,0.0006882624919902514,0.4408420070161881,0.4689050975726982,60300,1023.5098708229974
dlinear,unseen_seastate,pitch_imu,150,15.0,3,False,542880,1.8650465298707006,0.001578644401708157,1.2926322187841335,0.0009318049222433515,2.626382563808782,0.4957294833606187,0.0008538596031372181,0.45766612407283586,0.5254356187290219,60300,1023.5098708229974
dlinear,unseen_seastate,pitch_rate_imu,10,1.0,3,False,542880,0.15790027139998208,0.00015769750815761052,0.1109779900799062,7.923016757048345e-05,0.9755107876390742,0.9737999639446643,5.232174036747885e-05,0.971698613733103,0.9759204091319018,60300,1023.5098708229974
dlinear,unseen_seastate,pitch_rate_imu,20,2.0,3,False,542880,0.42811351520616053,0.0003633267547627367,0.29236536724735585,0.00026578773632996415,1.7519309940480654,0.9402849096977528,0.00010137893352032885,0.9351567659466415,0.9453196102047681,60300,1023.5098708229974
dlinear,unseen_seastate,pitch_rate_imu,30,3.0,3,False,542880,0.57643041309274,0.00022522952507576297,0.38878949924768286,0.00013061635543746867,2.206228233831898,0.9317358100324005,5.335005081022619e-05,0.92510806453229,0.9374013964020131,60300,1023.5098708229974
dlinear,unseen_seastate,pitch_rate_imu,50,5.0,3,False,542880,0.8046154613213002,0.0006123265544124408,0.5267446131013536,0.0003865022168636936,2.1784000592413317,0.8635725899111684,0.00020765678031429372,0.8503045886220135,0.8770436087291221,60300,1023.5098708229974
dlinear,unseen_seastate,pitch_rate_imu,100,10.0,3,False,542880,1.254997533762821,0.000236411283291223,0.8569928197039994,0.00032545674184503403,1.6287184748195807,0.4062635524589462,0.00022367910109432807,0.39103312215110325,0.42117965917923406,60300,1023.5098708229974
dlinear,unseen_seastate,pitch_rate_imu,150,15.0,3,False,542880,1.294838416374133,0.0003656866643591101,0.8947941554444201,0.00031543781138261334,1.8236128207659046,0.49584288415370237,0.0002847900552025896,0.48289481796030176,0.5067089931379645,60300,1023.5098708229974
dlinear,unseen_seastate,roll_imu,10,1.0,3,False,542880,0.3708263535062227,0.004425316101736564,0.24751771256289756,0.0039037015415521055,3.259549911224485,0.9870560406379102,0.00030951887281864695,0.9850910833112592,0.9887100608288864,60300,1023.5098708229974
dlinear,unseen_seastate,roll_imu,20,2.0,3,False,542880,1.2867167828695154,0.005431511992282837,0.8260340276179726,0.003062498399409642,6.285670955194254,0.9580948108940293,0.00035353586341218234,0.9521001864240403,0.9631407878116897,60300,1023.5098708229974
dlinear,unseen_seastate,roll_imu,30,3.0,3,False,542880,2.1907048422516806,0.010721583527822987,1.3701063089723462,0.007559477077113329,8.864582569735198,0.9389257570971478,0.0005969805223394708,0.9299049134556954,0.9467928382376468,60300,1023.5098708229974
dlinear,unseen_seastate,roll_imu,50,5.0,3,False,542880,1.5617762597155618,0.02072091963787343,1.0399655076904797,0.01666940047230254,12.02075263609667,0.9831179463771589,0.0004476941565280337,0.9809901634857606,0.9850823577961798,60300,1023.5098708229974
dlinear,unseen_seastate,roll_imu,100,10.0,3,False,542880,3.215293934682102,0.005970343813520207,2.1768099168323687,0.004701210681010858,6.564403239196959,0.7600880622114233,0.0008913964267531776,0.750577425830403,0.7692080550877928,60300,1023.5098708229974
dlinear,unseen_seastate,roll_imu,150,15.0,3,False,542880,4.308040964899489,0.004232646255828572,2.9045882032230614,0.0029506640236208557,8.758582080093348,0.7580685548821066,0.00047531482156675485,0.7435536426181961,0.7700164753491031,60300,1023.5098708229974
dlinear,unseen_seastate,roll_rate_imu,10,1.0,3,False,542880,0.18308947480649215,0.002903012049222827,0.133810493031943,0.0022603042548869734,1.7509811536257809,0.9890645515640855,0.00034796188708724165,0.9877071138659275,0.9901527080773158,60300,1023.5098708229974
dlinear,unseen_seastate,roll_rate_imu,20,2.0,3,False,542880,0.5953988696804997,0.0021383201333020616,0.4113473096190308,0.001554837843014952,3.3690572610515965,0.9687677723675826,0.00022455440510471178,0.9652508468275596,0.9715939621569113,60300,1023.5098708229974
dlinear,unseen_seastate,roll_rate_imu,30,3.0,3,False,542880,0.9858082434095424,0.005410051815524454,0.6509757061897022,0.003735744847522815,4.734894767018175,0.9566516123792237,0.00047502521529172164,0.9514443303043219,0.961204318523408,60300,1023.5098708229974
dlinear,unseen_seastate,roll_rate_imu,50,5.0,3,False,542880,0.7682929680140039,0.013006532793631499,0.5482955186751591,0.009374422836473512,6.356661484780421,0.9853890478716348,0.0004942044969219103,0.9839390931538204,0.9867854089589371,60300,1023.5098708229974
dlinear,unseen_seastate,roll_rate_imu,100,10.0,3,False,542880,1.6525990586757937,0.004416055941220603,1.1509562171421737,0.0031167223383203727,3.3400949657659016,0.7551954757616374,0.0013091121938608049,0.7479505740321397,0.7619036007211797,60300,1023.5098708229974
dlinear,unseen_seastate,roll_rate_imu,150,15.0,3,False,542880,2.21383302814483,0.002435706659827478,1.5181488085901822,0.001540604889582596,4.761111154164594,0.7837911664492797,0.0004757315680972121,0.7757360097322142,0.7905911754314081,60300,1023.5098708229974
dlinear_ols,unseen_seastate,heave_imu,10,1.0,1,True,542880,0.15747360419790948,,0.10722108864730366,,0.7122510070746891,0.9511179522199938,,0.9426199241482791,0.9584233885237552,60300,0.19446610000159126
dlinear_ols,unseen_seastate,heave_imu,20,2.0,1,True,542880,0.5667506498163365,,0.3834915011966572,,1.3591066047549403,0.8261090390310329,,0.7955823018742955,0.8522535549516882,60300,0.19446610000159126
dlinear_ols,unseen_seastate,heave_imu,30,3.0,1,True,542880,0.9899976174784756,,0.6638117617931214,,1.8841952677681022,0.7239317378124261,,0.675359592446208,0.7656590342171108,60300,0.19446610000159126
dlinear_ols,unseen_seastate,heave_imu,50,5.0,1,True,542880,0.6545433546231347,,0.4572132264790456,,2.429658364536398,0.927425105553487,,0.9158762910712543,0.937035115631953,60300,0.19446610000159126
dlinear_ols,unseen_seastate,heave_imu,100,10.0,1,True,542880,1.0859069631841698,,0.8213809412310595,,1.4297166648914688,0.42312027278507225,,0.39125282387937166,0.4533348841832027,60300,0.19446610000159126
dlinear_ols,unseen_seastate,heave_imu,150,15.0,1,True,542880,1.4056731389317738,,1.0703562484047542,,1.8279181666532411,0.4086355765504255,,0.338984303171396,0.4674175871827585,60300,0.19446610000159126
dlinear_ols,unseen_seastate,heave_rate_imu,10,1.0,1,True,542880,0.06574208940640873,,0.04748101134366948,,0.43734027211668636,0.9774031416277194,,0.9737991996772594,0.9805168319106465,60300,0.19446610000159126
dlinear_ols,unseen_seastate,heave_rate_imu,20,2.0,1,True,542880,0.23454819633339843,,0.16798114754783847,,0.826897160374101,0.9195434892472265,,0.9063866309077714,0.9308586378841092,60300,0.19446610000159126
dlinear_ols,unseen_seastate,heave_rate_imu,30,3.0,1,True,542880,0.40511525328905934,,0.2866329571630136,,1.1292563364397514,0.8713019049716826,,0.8496019553163148,0.8897200947559124,60300,0.19446610000159126
dlinear_ols,unseen_seastate,heave_rate_imu,50,5.0,1,True,542880,0.29058369942875056,,0.21778551364851473,,1.3901456242628623,0.9563059900818259,,0.9509995402484492,0.9607162744367559,60300,0.19446610000159126
dlinear_ols,unseen_seastate,heave_rate_imu,100,10.0,1,True,542880,0.5520034423817998,,0.43196012185844546,,0.7601176275849791,0.4726220548312827,,0.453752616457635,0.49017529324714487,60300,0.19446610000159126
dlinear_ols,unseen_seastate,heave_rate_imu,150,15.0,1,True,542880,0.7141201229368404,,0.5606979308700037,,1.100859437662995,0.5791970243576902,,0.5488055691498225,0.6045593912435714,60300,0.19446610000159126
dlinear_ols,unseen_seastate,pitch_imu,10,1.0,1,True,542880,0.1847745145030193,,0.13050087965843943,,1.2231442694621246,0.977179310089632,,0.9739026427989635,0.9799577580868108,60300,0.19446610000159126
dlinear_ols,unseen_seastate,pitch_imu,20,2.0,1,True,542880,0.5916501915603657,,0.3881386679406823,,2.257572208809929,0.9313174013583329,,0.9189317043106456,0.9416481250941885,60300,0.19446610000159126
dlinear_ols,unseen_seastate,pitch_imu,30,3.0,1,True,542880,0.9653445770040453,,0.591340771052782,,2.9691853078284582,0.894296317721536,,0.872496056243961,0.9122341353355763,60300,0.19446610000159126
dlinear_ols,unseen_seastate,pitch_imu,50,5.0,1,True,542880,0.870131566881778,,0.6060056089654765,,3.3044457576050816,0.9306617950772408,,0.9241978107756789,0.936116242816121,60300,0.19446610000159126
dlinear_ols,unseen_seastate,pitch_imu,100,10.0,1,True,542880,1.5830951112318037,,1.1093016894332988,,2.1438086472570053,0.4546918622738585,,0.4415243619104466,0.4682120965706415,60300,0.19446610000159126
dlinear_ols,unseen_seastate,pitch_imu,150,15.0,1,True,542880,1.8657300770750969,,1.2930366892424219,,2.626382563808782,0.49536002223296005,,0.4584142214252481,0.5246656375376123,60300,0.19446610000159126
dlinear_ols,unseen_seastate,pitch_rate_imu,10,1.0,1,True,542880,0.1577153686756048,,0.11091371283318896,,0.9755107876390742,0.9738613063829904,,0.9718078509443201,0.9759301587908745,60300,0.19446610000159126
dlinear_ols,unseen_seastate,pitch_rate_imu,20,2.0,1,True,542880,0.42799136126029,,0.2923123770116409,,1.7519309940480654,0.9403190105942778,,0.9353274685299132,0.9452757179874861,60300,0.19446610000159126
dlinear_ols,unseen_seastate,pitch_rate_imu,30,3.0,1,True,542880,0.5758544906088864,,0.3884086913088853,,2.206228233831898,0.9318721568987214,,0.9253714504993947,0.9374684605964817,60300,0.19446610000159126
dlinear_ols,unseen_seastate,pitch_rate_imu,50,5.0,1,True,542880,0.804105538919883,,0.5263209121120752,,2.1784000592413317,0.8637455085694147,,0.850700301773034,0.8770598269879842,60300,0.19446610000159126
dlinear_ols,unseen_seastate,pitch_rate_imu,100,10.0,1,True,542880,1.2548918456269187,,0.8569124789717362,,1.6287184748195807,0.40636356391999706,,0.3911900633052547,0.42095323931256584,60300,0.19446610000159126
dlinear_ols,unseen_seastate,pitch_rate_imu,150,15.0,1,True,542880,1.2949474992366674,,0.8949280105804067,,1.8236128207659046,0.4957579625784023,,0.4831895025868585,0.5064961079393019,60300,0.19446610000159126
dlinear_ols,unseen_seastate,roll_imu,10,1.0,1,True,542880,0.3688696847234271,,0.2459204015942311,,3.259549911224485,0.9871934939765414,,0.9855413393660146,0.9885810841163998,60300,0.19446610000159126
dlinear_ols,unseen_seastate,roll_imu,20,2.0,1,True,542880,1.2884020844186514,,0.8271179071696118,,6.285670955194254,0.957985465879716,,0.9523065185453296,0.9627250918945877,60300,0.19446610000159126
dlinear_ols,unseen_seastate,roll_imu,30,3.0,1,True,542880,2.197659478550875,,1.3772234671701054,,8.864582569735198,0.9385383490592177,,0.9300352945629649,0.9457209499212309,60300,0.19446610000159126
dlinear_ols,unseen_seastate,roll_imu,50,5.0,1,True,542880,1.5731568405142105,,1.0494752125406075,,12.02075263609667,0.9828730225664866,,0.981181249199156,0.9843410347028242,60300,0.19446610000159126
dlinear_ols,unseen_seastate,roll_imu,100,10.0,1,True,542880,3.217287301747407,,2.178744227756421,,6.564403239196959,0.759791048532394,,0.7512053743050118,0.7682563398523267,60300,0.19446610000159126
dlinear_ols,unseen_seastate,roll_imu,150,15.0,1,True,542880,4.308847584582886,,2.9052759389779137,,8.758582080093348,0.757978105674188,,0.7438085917478723,0.769382751221807,60300,0.19446610000159126
dlinear_ols,unseen_seastate,roll_rate_imu,10,1.0,1,True,542880,0.18195401346713516,,0.13296702188852252,,1.7509811536257809,0.9892015770024511,,0.9882201707326754,0.990014839379258,60300,0.19446610000159126
dlinear_ols,unseen_seastate,roll_rate_imu,20,2.0,1,True,542880,0.5961866943861551,,0.41186035602501264,,3.3690572610515965,0.9686853347295459,,0.9654313955869727,0.9713735131624194,60300,0.19446610000159126
dlinear_ols,unseen_seastate,roll_rate_imu,30,3.0,1,True,542880,0.9913436269387381,,0.6556310799986591,,4.734894767018175,0.9561643172218782,,0.9513038536445803,0.9601691052187556,60300,0.19446610000159126
dlinear_ols,unseen_seastate,roll_rate_imu,50,5.0,1,True,542880,0.7758590141313231,,0.5538325263210565,,6.356661484780421,0.9851027038324212,,0.9841306443764773,0.9859658143297756,60300,0.19446610000159126
dlinear_ols,unseen_seastate,roll_rate_imu,100,10.0,1,True,542880,1.6547965168553742,,1.1527001708464297,,3.3400949657659016,0.7545451790593771,,0.7487333215278764,0.7602569828033996,60300,0.19446610000159126
dlinear_ols,unseen_seastate,roll_rate_imu,150,15.0,1,True,542880,2.214498818733928,,1.5187235273277475,,4.761111154164594,0.7836612757111259,,0.7760126812762832,0.7899439183912639,60300,0.19446610000159126
persistence,unseen_seastate,heave_imu,10,1.0,1,True,542880,0.7122510070746891,,0.5621799779870807,,0.7122510070746891,0.0,,0.0,0.0,0,0.0
persistence,unseen_seastate,heave_imu,20,2.0,1,True,542880,1.3591066047549403,,1.0741718286132305,,1.3591066047549403,0.0,,0.0,0.0,0,0.0
persistence,unseen_seastate,heave_imu,30,3.0,1,True,542880,1.8841952677681022,,1.492217718011144,,1.8841952677681022,0.0,,0.0,0.0,0,0.0
persistence,unseen_seastate,heave_imu,50,5.0,1,True,542880,2.429658364536398,,1.9332430825146913,,2.429658364536398,0.0,,0.0,0.0,0,0.0
persistence,unseen_seastate,heave_imu,100,10.0,1,True,542880,1.4297166648914688,,1.1225810626052064,,1.4297166648914688,0.0,,0.0,0.0,0,0.0
persistence,unseen_seastate,heave_imu,150,15.0,1,True,542880,1.8279181666532411,,1.4218319766050378,,1.8279181666532411,0.0,,0.0,0.0,0,0.0
persistence,unseen_seastate,heave_rate_imu,10,1.0,1,True,542880,0.43734027211668636,,0.33787307875360795,,0.43734027211668636,0.0,,0.0,0.0,0,0.0
persistence,unseen_seastate,heave_rate_imu,20,2.0,1,True,542880,0.826897160374101,,0.6405668281569805,,0.826897160374101,0.0,,0.0,0.0,0,0.0
persistence,unseen_seastate,heave_rate_imu,30,3.0,1,True,542880,1.1292563364397514,,0.8786085751355861,,1.1292563364397514,0.0,,0.0,0.0,0,0.0
persistence,unseen_seastate,heave_rate_imu,50,5.0,1,True,542880,1.3901456242628623,,1.0944062307552274,,1.3901456242628623,0.0,,0.0,0.0,0,0.0
persistence,unseen_seastate,heave_rate_imu,100,10.0,1,True,542880,0.7601176275849791,,0.6058310529905162,,0.7601176275849791,0.0,,0.0,0.0,0,0.0
persistence,unseen_seastate,heave_rate_imu,150,15.0,1,True,542880,1.100859437662995,,0.8440845791054077,,1.100859437662995,0.0,,0.0,0.0,0,0.0
persistence,unseen_seastate,pitch_imu,10,1.0,1,True,542880,1.2231442694621246,,0.835108023281715,,1.2231442694621246,0.0,,0.0,0.0,0,0.0
persistence,unseen_seastate,pitch_imu,20,2.0,1,True,542880,2.257572208809929,,1.546075926159215,,2.257572208809929,0.0,,0.0,0.0,0,0.0
persistence,unseen_seastate,pitch_imu,30,3.0,1,True,542880,2.9691853078284582,,2.044454272090263,,2.9691853078284582,0.0,,0.0,0.0,0,0.0
persistence,unseen_seastate,pitch_imu,50,5.0,1,True,542880,3.3044457576050816,,2.30107867534449,,3.3044457576050816,0.0,,0.0,0.0,0,0.0
persistence,unseen_seastate,pitch_imu,100,10.0,1,True,542880,2.1438086472570053,,1.4911857131464248,,2.1438086472570053,0.0,,0.0,0.0,0,0.0
persistence,unseen_seastate,pitch_imu,150,15.0,1,True,542880,2.626382563808782,,1.8042777782451342,,2.626382563808782,0.0,,0.0,0.0,0,0.0
persistence,unseen_seastate,pitch_rate_imu,10,1.0,1,True,542880,0.9755107876390742,,0.6430517994773551,,0.9755107876390742,0.0,,0.0,0.0,0,0.0
persistence,unseen_seastate,pitch_rate_imu,20,2.0,1,True,542880,1.7519309940480654,,1.162067369342994,,1.7519309940480654,0.0,,0.0,0.0,0,0.0
persistence,unseen_seastate,pitch_rate_imu,30,3.0,1,True,542880,2.206228233831898,,1.479117338700619,,2.206228233831898,0.0,,0.0,0.0,0,0.0
persistence,unseen_seastate,pitch_rate_imu,50,5.0,1,True,542880,2.1784000592413317,,1.496370578752571,,2.1784000592413317,0.0,,0.0,0.0,0,0.0
persistence,unseen_seastate,pitch_rate_imu,100,10.0,1,True,542880,1.6287184748195807,,1.103338440707102,,1.6287184748195807,0.0,,0.0,0.0,0,0.0
persistence,unseen_seastate,pitch_rate_imu,150,15.0,1,True,542880,1.8236128207659046,,1.2298751446918794,,1.8236128207659046,0.0,,0.0,0.0,0,0.0
persistence,unseen_seastate,roll_imu,10,1.0,1,True,542880,3.259549911224485,,2.2066478607596607,,3.259549911224485,0.0,,0.0,0.0,0,0.0
persistence,unseen_seastate,roll_imu,20,2.0,1,True,542880,6.285670955194254,,4.252851076046607,,6.285670955194254,0.0,,0.0,0.0,0,0.0
persistence,unseen_seastate,roll_imu,30,3.0,1,True,542880,8.864582569735198,,5.993703841801847,,8.864582569735198,0.0,,0.0,0.0,0,0.0
persistence,unseen_seastate,roll_imu,50,5.0,1,True,542880,12.02075263609667,,8.110717549012042,,12.02075263609667,0.0,,0.0,0.0,0,0.0
persistence,unseen_seastate,roll_imu,100,10.0,1,True,542880,6.564403239196959,,4.3808980599488585,,6.564403239196959,0.0,,0.0,0.0,0,0.0
persistence,unseen_seastate,roll_imu,150,15.0,1,True,542880,8.758582080093348,,5.946448613637522,,8.758582080093348,0.0,,0.0,0.0,0,0.0
persistence,unseen_seastate,roll_rate_imu,10,1.0,1,True,542880,1.7509811536257809,,1.1915179063596248,,1.7509811536257809,0.0,,0.0,0.0,0,0.0
persistence,unseen_seastate,roll_rate_imu,20,2.0,1,True,542880,3.3690572610515965,,2.2899361705528585,,3.3690572610515965,0.0,,0.0,0.0,0,0.0
persistence,unseen_seastate,roll_rate_imu,30,3.0,1,True,542880,4.734894767018175,,3.214854666908849,,4.734894767018175,0.0,,0.0,0.0,0,0.0
persistence,unseen_seastate,roll_rate_imu,50,5.0,1,True,542880,6.356661484780421,,4.303774325277962,,6.356661484780421,0.0,,0.0,0.0,0,0.0
persistence,unseen_seastate,roll_rate_imu,100,10.0,1,True,542880,3.3400949657659016,,2.2413334580486666,,3.3400949657659016,0.0,,0.0,0.0,0,0.0
persistence,unseen_seastate,roll_rate_imu,150,15.0,1,True,542880,4.761111154164594,,3.2430195075395094,,4.761111154164594,0.0,,0.0,0.0,0,0.0
window_mean,unseen_seastate,heave_imu,10,1.0,1,True,542880,1.368276927781822,,1.089613534474975,,0.7122510070746891,-2.6904715674608997,,-2.768298085839603,-2.6138671906909874,0,0.0
window_mean,unseen_seastate,heave_imu,20,2.0,1,True,542880,1.4085758022071944,,1.1222785667477708,,1.3591066047549403,-0.07412147821472392,,-0.09617265286703618,-0.05251097338870073,0,0.0
window_mean,unseen_seastate,heave_imu,30,3.0,1,True,542880,1.417111060988182,,1.1296425212831378,,1.8841952677681022,0.43433936296897047,,0.4236326813883422,0.4450020155745726,0,0.0
window_mean,unseen_seastate,heave_imu,50,5.0,1,True,542880,1.3465879830438918,,1.0741569962147328,,2.429658364536398,0.6928298244302113,,0.6886803645346193,0.6965958478059273,0,0.0
window_mean,unseen_seastate,heave_imu,100,10.0,1,True,542880,1.220974179379097,,0.9721569293184164,,1.4297166648914688,0.27068860227837876,,0.23578492535664308,0.3038987105480722,0,0.0
window_mean,unseen_seastate,heave_imu,150,15.0,1,True,542880,1.3424488331231665,,1.0684307625347786,,1.8279181666532411,0.4606359635612949,,0.44352852752621924,0.47691408402576246,0,0.0
window_mean,unseen_seastate,heave_rate_imu,10,1.0,1,True,542880,0.775618950583438,,0.612437989633808,,0.43734027211668636,-2.1452696299718017,,-2.220052688888347,-2.074196197810629,0,0.0
window_mean,unseen_seastate,heave_rate_imu,20,2.0,1,True,542880,0.7953704546550808,,0.6287884461414784,,0.826897160374101,0.07479939590064666,,0.054614944566607974,0.09399514659325203,0,0.0
window_mean,unseen_seastate,heave_rate_imu,30,3.0,1,True,542880,0.7964054136331453,,0.6303634603880994,,1.1292563364397514,0.5026257070646052,,0.49335372820370527,0.5113756415070999,0,0.0
window_mean,unseen_seastate,heave_rate_imu,50,5.0,1,True,542880,0.7508493212791876,,0.5953536444697364,,1.3901456242628623,0.7082673808951635,,0.7056571853221048,0.7106380248242334,0,0.0
window_mean,unseen_seastate,heave_rate_imu,100,10.0,1,True,542880,0.7085132477363947,,0.5569477431984725,,0.7601176275849791,0.13117093345904396,,0.10244417181066318,0.16065660415590116,0,0.0
window_mean,unseen_seastate,heave_rate_imu,150,15.0,1,True,542880,0.7570990009508752,,0.5979682713700034,,1.100859437662995,0.5270212749777701,,0.5155299371019033,0.5375930077692835,0,0.0
window_mean,unseen_seastate,pitch_imu,10,1.0,1,True,542880,1.898713473423461,,1.3215497644179177,,1.2231442694621246,-1.4097028676829026,,-1.479405488363612,-1.3422974667192398,0,0.0
window_mean,unseen_seastate,pitch_imu,20,2.0,1,True,542880,1.9432128167541447,,1.3534638665999648,,2.257572208809929,0.2591036894099643,,0.2398361194447553,0.27785199211264006,0,0.0
window_mean,unseen_seastate,pitch_imu,30,3.0,1,True,542880,1.936829991018092,,1.3499500552441042,,2.9691853078284582,0.5744913462812614,,0.5654487217096619,0.5835664529687993,0,0.0
window_mean,unseen_seastate,pitch_imu,50,5.0,1,True,542880,1.8241806803904472,,1.272146650536216,,3.3044457576050816,0.6952536946445143,,0.6921650280397482,0.6978159423708735,0,0.0
window_mean,unseen_seastate,pitch_imu,100,10.0,1,True,542880,1.7831207449014868,,1.2380070221981823,,2.1438086472570053,0.30818580546319685,,0.29229741235792217,0.3252653177911155,0,0.0
window_mean,unseen_seastate,pitch_imu,150,15.0,1,True,542880,1.8367988902956276,,1.2791898886049209,,2.626382563808782,0.5108892099974174,,0.4992353770133163,0.5214260650469251,0,0.0
window_mean,unseen_seastate,pitch_rate_imu,10,1.0,1,True,542880,1.3179197360992099,,0.8996331972510473,,0.9755107876390742,-0.825213912971597,,-0.8737823008115544,-0.7797152134813286,0,0.0
window_mean,unseen_seastate,pitch_rate_imu,20,2.0,1,True,542880,1.3418926148033554,,0.9174012444058744,,1.7519309940480654,0.41331966196131775,,0.400542894267916,0.4256913738312177,0,0.0
window_mean,unseen_seastate,pitch_rate_imu,30,3.0,1,True,542880,1.3263790021220931,,0.9083352605511034,,2.206228233831898,0.6385615095791666,,0.6333826235019171,0.6436188526658084,0,0.0
window_mean,unseen_seastate,pitch_rate_imu,50,5.0,1,True,542880,1.2452658134839563,,0.8530788943872852,,2.1784000592413317,0.6732249794019856,,0.6693354960278782,0.6769656892432121,0,0.0
window_mean,unseen_seastate,pitch_rate_imu,100,10.0,1,True,542880,1.2643630450053012,,0.8581016396588866,,1.6287184748195807,0.3973688978629618,,0.3901042253780837,0.40384785057846195,0,0.0
window_mean,unseen_seastate,pitch_rate_imu,150,15.0,1,True,542880,1.2690521750215793,,0.8670378719218566,,1.8236128207659046,0.5157231800396587,,0.5099276286054588,0.5212162281347472,0,0.0
window_mean,unseen_seastate,roll_imu,10,1.0,1,True,542880,7.0181528081487965,,4.7261571775405615,,3.259549911224485,-3.6358606080140854,,-3.6559190148728735,-3.6156310048635114,0,0.0
window_mean,unseen_seastate,roll_imu,20,2.0,1,True,542880,7.179888736450803,,4.832560948789933,,6.285670955194254,-0.30476453370675416,,-0.311323799121546,-0.29848838552917684,0,0.0
window_mean,unseen_seastate,roll_imu,30,3.0,1,True,542880,7.131865926747261,,4.799280560971632,,8.864582569735198,0.35272361728742463,,0.34916157069612563,0.35621675104747885,0,0.0
window_mean,unseen_seastate,roll_imu,50,5.0,1,True,542880,6.4995116081990965,,4.376120088393303,,12.02075263609667,0.7076533464551229,,0.7058294069177065,0.7091887322488791,0,0.0
window_mean,unseen_seastate,roll_imu,100,10.0,1,True,542880,5.7847897572359654,,3.911659359567472,,6.564403239196959,0.22342276210290313,,0.20831852589264171,0.23941348997792042,0,0.0
window_mean,unseen_seastate,roll_imu,150,15.0,1,True,542880,7.007882899673848,,4.711362418660544,,8.758582080093348,0.3598141599762219,,0.3508956506278803,0.3685411678694893,0,0.0
window_mean,unseen_seastate,roll_rate_imu,10,1.0,1,True,542880,3.6933310326940147,,2.4962702120379183,,1.7509811536257809,-3.449113929516302,,-3.47225596253462,-3.424410164373135,0,0.0
window_mean,unseen_seastate,roll_rate_imu,20,2.0,1,True,542880,3.768945147704138,,2.5463652520076625,,3.3690572610515965,-0.2514769324641912,,-0.25842453528682985,-0.24435564896307072,0,0.0
window_mean,unseen_seastate,roll_rate_imu,30,3.0,1,True,542880,3.735671630933473,,2.5233711777556898,,4.734894767018175,0.3775324355012276,,0.37395250519246387,0.38109182565096594,0,0.0
window_mean,unseen_seastate,roll_rate_imu,50,5.0,1,True,542880,3.3972834398763103,,2.296323555275704,,6.356661484780421,0.7143689635938032,,0.7129452147114796,0.7156623828285481,0,0.0
window_mean,unseen_seastate,roll_rate_imu,100,10.0,1,True,542880,3.082405589513964,,2.0923396942380315,,3.3400949657659016,0.14834845752121384,,0.13378650988168336,0.16418031137336803,0,0.0
window_mean,unseen_seastate,roll_rate_imu,150,15.0,1,True,542880,3.6724378620242457,,2.4779865429894636,,4.761111154164594,0.4050338318235115,,0.397290360840019,0.41295115503221425,0,0.0
ar10,unseen_vessel,heave_imu,10,1.0,1,True,434304,0.0028992037737793916,,0.001948217488454556,,0.3559215519749067,0.9999336487804529,,0.9999275610852556,0.9999396524088898,54900,0.023186652004369535
ar10,unseen_vessel,heave_imu,20,2.0,1,True,434304,0.01777246792655244,,0.012612832130946855,,0.6800452818485991,0.999317001398178,,0.9992502585489703,0.9993808472154844,54900,0.023186652004369535
ar10,unseen_vessel,heave_imu,30,3.0,1,True,434304,0.05887729118396329,,0.04190764190952592,,0.9445150742254202,0.9961142231677477,,0.9957570702902141,0.9964533463756664,54900,0.023186652004369535
ar10,unseen_vessel,heave_imu,50,5.0,1,True,434304,0.21481665292238372,,0.14531424182985417,,1.2223364886054213,0.9691145211943559,,0.9670385136600862,0.9710859362141216,54900,0.023186652004369535
ar10,unseen_vessel,heave_imu,100,10.0,1,True,434304,0.3834796896810525,,0.24950750468084215,,0.6950580633866985,0.695601461742791,,0.6677026066721018,0.7205136996098518,54900,0.023186652004369535
ar10,unseen_vessel,heave_imu,150,15.0,1,True,434304,0.5228247324042278,,0.33466333409819515,,0.9378129353221328,0.6892008586555162,,0.6644605518259168,0.7114314195762584,54900,0.023186652004369535
ar10,unseen_vessel,heave_rate_imu,10,1.0,1,True,434304,0.006000686661894697,,0.004286185216849421,,0.21527238650713715,0.9992229924321832,,0.9991204774195181,0.9993200340757383,54900,0.023186652004369535
ar10,unseen_vessel,heave_rate_imu,20,2.0,1,True,434304,0.029164890841354114,,0.02109157314419891,,0.4085250326910369,0.9949033669783857,,0.9943072594789171,0.9954605560585011,54900,0.023186652004369535
ar10,unseen_vessel,heave_rate_imu,30,3.0,1,True,434304,0.07199218193540177,,0.0510907346290625,,0.5610158349084816,0.9835327744690485,,0.9818659276482663,0.9851288913333434,54900,0.023186652004369535
ar10,unseen_vessel,heave_rate_imu,50,5.0,1,True,434304,0.15108338855507972,,0.09800924518734916,,0.699353489908083,0.9533297700514342,,0.9493806506186573,0.957095341969177,54900,0.023186652004369535
ar10,unseen_vessel,heave_rate_imu,100,10.0,1,True,434304,0.2615264341289268,,0.16635136736005934,,0.3615215661344632,0.4766855038062393,,0.45838705306072247,0.4946671132274564,54900,0.023186652004369535
ar10,unseen_vessel,heave_rate_imu,150,15.0,1,True,434304,0.3438983116861754,,0.21806351339836602,,0.5641307616469378,0.6283787642266758,,0.6014990233112252,0.6524151548665255,54900,0.023186652004369535
ar10,unseen_vessel,pitch_imu,10,1.0,1,True,434304,0.06911077775691414,,0.054470136830512605,,0.6879361544263667,0.9899075805433084,,0.9886613944350182,0.9908889246317738,54900,0.023186652004369535
ar10,unseen_vessel,pitch_imu,20,2.0,1,True,434304,0.2289221400639326,,0.17396530824917433,,1.2855805302425594,0.9682914033635789,,0.9649009690578747,0.9711807357321967,54900,0.023186652004369535
ar10,unseen_vessel,pitch_imu,30,3.0,1,True,434304,0.42400944701095356,,0.30193703860616256,,1.7224664882877214,0.9394032261126273,,0.932706434198681,0.945481745993145,54900,0.023186652004369535
ar10,unseen_vessel,pitch_imu,50,5.0,1,True,434304,0.528886337277871,,0.34074847097192457,,1.991103421419128,0.9294434951919308,,0.9198624286749213,0.9384123082508247,54900,0.023186652004369535
ar10,unseen_vessel,pitch_imu,100,10.0,1,True,434304,0.8714272286739945,,0.5582375574732665,,1.152231781515089,0.42801775026844424,,0.4074432295958667,0.4491329368656891,54900,0.023186652004369535
ar10,unseen_vessel,pitch_imu,150,15.0,1,True,434304,1.0404326796579717,,0.6356243759294974,,1.5951892759147532,0.5745940823107454,,0.5510907603524061,0.5945484725140574,54900,0.023186652004369535
ar10,unseen_vessel,pitch_rate_imu,10,1.0,1,True,434304,0.11446770587721085,,0.08877536793483981,,0.502358231388074,0.9480794944807756,,0.9415678875387367,0.953526808366817,54900,0.023186652004369535
ar10,unseen_vessel,pitch_rate_imu,20,2.0,1,True,434304,0.21223052549404733,,0.15109883672071234,,0.9243153912028366,0.9472800087698625,,0.9404256432946531,0.9532709057540991,54900,0.023186652004369535
ar10,unseen_vessel,pitch_rate_imu,30,3.0,1,True,434304,0.2298283662944599,,0.15382925083428123,,1.2082169541393608,0.9638159305203688,,0.9584314243242383,0.968742018580812,54900,0.023186652004369535
ar10,unseen_vessel,pitch_rate_imu,50,5.0,1,True,434304,0.43398081646756637,,0.3052127646708469,,1.2927330978774842,0.8873001524240217,,0.8798325409867407,0.893521218223844,54900,0.023186652004369535
ar10,unseen_vessel,pitch_rate_imu,100,10.0,1,True,434304,0.6568537256743173,,0.4242751998628355,,0.828925368698733,0.37207688158359453,,0.3292094676619521,0.4160690083718382,54900,0.023186652004369535
ar10,unseen_vessel,pitch_rate_imu,150,15.0,1,True,434304,0.7005301331757942,,0.43697925464079834,,1.0505158303719033,0.5553191370640584,,0.5374907708591833,0.5704791555934192,54900,0.023186652004369535
ar10,unseen_vessel,roll_imu,10,1.0,1,True,434304,0.0759709516908528,,0.05328201468955215,,0.9931706630633305,0.9941487673208379,,0.9935606975670636,0.9945349320165746,54900,0.023186652004369535
ar10,unseen_vessel,roll_imu,20,2.0,1,True,434304,0.2813608317459935,,0.18006735621801323,,1.928827508836514,0.9787215251824241,,0.9771831349691315,0.9797945112266558,54900,0.023186652004369535
ar10,unseen_vessel,roll_imu,30,3.0,1,True,434304,0.65758155784631,,0.40041741926889235,,2.75530423157012,0.9430412918064766,,0.9393782410888186,0.9457446029095326,54900,0.023186652004369535
ar10,unseen_vessel,roll_imu,50,5.0,1,True,434304,1.525480403528715,,0.831115193685166,,3.9137864963448616,0.8480785820867023,,0.8404009391928808,0.8541137199856074,54900,0.023186652004369535
ar10,unseen_vessel,roll_imu,100,10.0,1,True,434304,1.8753448135274189,,0.9908375316133963,,3.2713924369681644,0.6713777439723865,,0.654506622615937,0.6833154970879181,54900,0.023186652004369535
ar10,unseen_vessel,roll_imu,150,15.0,1,True,434304,1.8544153283468456,,1.0217331945457957,,1.6785873893709808,-0.220467178818871,,-0.40945026418169356,-0.025873464227277546,54900,0.023186652004369535
ar10,unseen_vessel,roll_rate_imu,10,1.0,1,True,434304,0.12033310285886481,,0.08133438522350271,,0.4787839444597766,0.9368328803408951,,0.9325124321758513,0.939809622159963,54900,0.023186652004369535
ar10,unseen_vessel,roll_rate_imu,20,2.0,1,True,434304,0.2936044389528695,,0.1836062334948811,,0.92536590443907,0.8993304221819362,,0.8941677805299406,0.9032335313998823,54900,0.023186652004369535
ar10,unseen_vessel,roll_rate_imu,30,3.0,1,True,434304,0.441665138341144,,0.25526946495835207,,1.313381928288809,0.8869152170014801,,0.8820740915159764,0.8911074401124668,54900,0.023186652004369535
ar10,unseen_vessel,roll_rate_imu,50,5.0,1,True,434304,0.3897057963094633,,0.22275150115351322,,1.831999216096455,0.954749522783161,,0.9526893987084389,0.9568270344365517,54900,0.023186652004369535
ar10,unseen_vessel,roll_rate_imu,100,10.0,1,True,434304,0.955054477999152,,0.49579003903460234,,1.4555866304324458,0.5694930424963843,,0.5559341925926201,0.5797391295459964,54900,0.023186652004369535
ar10,unseen_vessel,roll_rate_imu,150,15.0,1,True,434304,1.324104825343752,,0.6716544320253203,,0.8977888489043433,-1.175185615936964,,-1.5250551874218694,-0.8447985832941154,54900,0.023186652004369535
ar20,unseen_vessel,heave_imu,10,1.0,1,True,434304,0.0016823300689631049,,0.0011967827889548712,,0.3559215519749067,0.9999776584221363,,0.9999754057214392,0.9999798259426969,108900,0.06155144399963319
ar20,unseen_vessel,heave_imu,20,2.0,1,True,434304,0.012281370713341394,,0.009114322131136212,,0.6800452818485991,0.9996738495231348,,0.9996376292567037,0.9997042537321709,108900,0.06155144399963319
ar20,unseen_vessel,heave_imu,30,3.0,1,True,434304,0.044343485624150775,,0.03249597035005861,,0.9445150742254202,0.9977958463343899,,0.997570095911374,0.9979932242668077,108900,0.06155144399963319
ar20,unseen_vessel,heave_imu,50,5.0,1,True,434304,0.166548372879666,,0.11129375435506689,,1.2223364886054213,0.9814348169498184,,0.9797311972192217,0.9830305037581479,108900,0.06155144399963319
ar20,unseen_vessel,heave_imu,100,10.0,1,True,434304,0.3738381102529984,,0.24874216356295817,,0.6950580633866985,0.7107156273319153,,0.6840610559474051,0.7344737790102976,108900,0.06155144399963319
ar20,unseen_vessel,heave_imu,150,15.0,1,True,434304,0.5101668527529475,,0.33313737902805635,,0.9378129353221328,0.7040679259935799,,0.6820644510747423,0.7233862976337326,108900,0.06155144399963319
ar20,unseen_vessel,heave_rate_imu,10,1.0,1,True,434304,0.004350672417442021,,0.003237878767881481,,0.21527238650713715,0.99959155261676,,0.9995386005407484,0.9996393451154354,108900,0.06155144399963319
ar20,unseen_vessel,heave_rate_imu,20,2.0,1,True,434304,0.02285039147385522,,0.01700650759985044,,0.4085250326910369,0.996871400707146,,0.9964859342401928,0.9971962016470247,108900,0.06155144399963319
ar20,unseen_vessel,heave_rate_imu,30,3.0,1,True,434304,0.058541257480464536,,0.04208389103929437,,0.5610158349084816,0.9891113546009495,,0.987892824908145,0.9901367358916148,108900,0.06155144399963319
ar20,unseen_vessel,heave_rate_imu,50,5.0,1,True,434304,0.11962739784739727,,0.07484769027629007,,0.699353489908083,0.970740438104416,,0.9675576802828713,0.9736492018200554,108900,0.06155144399963319
ar20,unseen_vessel,heave_rate_imu,100,10.0,1,True,434304,0.251201323774322,,0.15808491095504032,,0.3615215661344632,0.517190921260746,,0.49565382852617484,0.5390997781348208,108900,0.06155144399963319
ar20,unseen_vessel,heave_rate_imu,150,15.0,1,True,434304,0.33701351438987287,,0.21269831288747773,,0.5641307616469378,0.6431094332270371,,0.6165243444321499,0.6662899790285713,108900,0.06155144399963319
ar20,unseen_vessel,pitch_imu,10,1.0,1,True,434304,0.050272996627230566,,0.039705113297959414,,0.6879361544263667,0.9946596062699384,,0.9939802693875497,0.9951914693159122,108900,0.06155144399963319
ar20,unseen_vessel,pitch_imu,20,2.0,1,True,434304,0.1710242454980054,,0.1280293736229241,,1.2855805302425594,0.9823023014566461,,0.9804245989491079,0.98384999823245,108900,0.06155144399963319
ar20,unseen_vessel,pitch_imu,30,3.0,1,True,434304,0.3419285974249914,,0.23574837342955918,,1.7224664882877214,0.9605933708082565,,0.9561444909529807,0.9647649347821048,108900,0.06155144399963319
ar20,unseen_vessel,pitch_imu,50,5.0,1,True,434304,0.5048430811506274,,0.34974103954226615,,1.991103421419128,0.9357127009161678,,0.9277455051369825,0.9426747095783702,108900,0.06155144399963319
ar20,unseen_vessel,pitch_imu,100,10.0,1,True,434304,0.8556005336860675,,0.5631230854743842,,1.152231781515089,0.44860554605151304,,0.42892612372588923,0.46823133028927455,108900,0.06155144399963319
ar20,unseen_vessel,pitch_imu,150,15.0,1,True,434304,1.032987348507162,,0.6408839138641785,,1.5951892759147532,0.5806607033309581,,0.5572077527339397,0.6007839321847848,108900,0.06155144399963319
ar20,unseen_vessel,pitch_rate_imu,10,1.0,1,True,434304,0.08593745014552588,,0.06618386525259937,,0.502358231388074,0.9707357174333177,,0.9670191944907083,0.9736616081262601,108900,0.06155144399963319
ar20,unseen_vessel,pitch_rate_imu,20,2.0,1,True,434304,0.1766772131216641,,0.12251096608389091,,0.9243153912028366,0.963464024209516,,0.9587812137636055,0.9677558617029776,108900,0.06155144399963319
ar20,unseen_vessel,pitch_rate_imu,30,3.0,1,True,434304,0.22012195649840344,,0.15374766633726167,,1.2082169541393608,0.9668077359042964,,0.9620846174873998,0.9710799305226911,108900,0.06155144399963319
ar20,unseen_vessel,pitch_rate_imu,50,5.0,1,True,434304,0.3934783017591956,,0.2711085513289538,,1.2927330978774842,0.9073546043744896,,0.9005220183795396,0.9128169756545725,108900,0.06155144399963319
ar20,unseen_vessel,pitch_rate_imu,100,10.0,1,True,434304,0.6438931360165784,,0.4149851000150022,,0.828925368698733,0.39661191677446517,,0.3563935309467976,0.437716113092857,108900,0.06155144399963319
ar20,unseen_vessel,pitch_rate_imu,150,15.0,1,True,434304,0.6972961301401729,,0.4350138054805394,,1.0505158303719033,0.5594154055733626,,0.5414515605934742,0.5748851370270017,108900,0.06155144399963319
ar20,unseen_vessel,roll_imu,10,1.0,1,True,434304,0.04318357180413373,,0.03408369920489162,,0.9931706630633305,0.998109444824857,,0.997702255193197,0.9983828680917436,108900,0.06155144399963319
ar20,unseen_vessel,roll_imu,20,2.0,1,True,434304,0.13604868664357023,,0.10114254501447338,,1.928827508836514,0.9950248987381292,,0.9942776148509093,0.9955528541982117,108900,0.06155144399963319
ar20,unseen_vessel,roll_imu,30,3.0,1,True,434304,0.32792269971252364,,0.22344939030344213,,2.75530423157012,0.98583541538314,,0.9842758531181318,0.9870437385690002,108900,0.06155144399963319
ar20,unseen_vessel,roll_imu,50,5.0,1,True,434304,0.9609814379318018,,0.5392836029334303,,3.9137864963448616,0.9397113252923301,,0.9355227799741352,0.9431007232753409,108900,0.06155144399963319
ar20,unseen_vessel,roll_imu,100,10.0,1,True,434304,1.763445908638664,,0.8737416460573878,,3.2713924369681644,0.7094244991976363,,0.7018307567246832,0.7168291839502813,108900,0.06155144399963319
ar20,unseen_vessel,roll_imu,150,15.0,1,True,434304,2.0463071393350076,,1.0263428308533729,,1.6785873893709808,-0.48611947932537647,,-0.7788692709461414,-0.1866951685410647,108900,0.06155144399963319
ar20,unseen_vessel,roll_rate_imu,10,1.0,1,True,434304,0.061690739726502145,,0.04731651811936333,,0.4787839444597766,0.9833979851111605,,0.9809042415166893,0.9851536549256312,108900,0.06155144399963319
ar20,unseen_vessel,roll_rate_imu,20,2.0,1,True,434304,0.1465803442754831,,0.10060817710586645,,0.92536590443907,0.9749086234818519,,0.9727434685564357,0.9766379602298177,108900,0.06155144399963319
ar20,unseen_vessel,roll_rate_imu,30,3.0,1,True,434304,0.2604253866041115,,0.15483654374278227,,1.313381928288809,0.9606826206646785,,0.9584041844354864,0.9625682934795361,108900,0.06155144399963319
ar20,unseen_vessel,roll_rate_imu,50,5.0,1,True,434304,0.42869842895383203,,0.23684169912619882,,1.831999216096455,0.9452412889405901,,0.9426456007068253,0.9480460038131672,108900,0.06155144399963319
ar20,unseen_vessel,roll_rate_imu,100,10.0,1,True,434304,0.888913074516346,,0.47641843726747984,,1.4555866304324458,0.6270569895397999,,0.6150613445683628,0.6361054254588473,108900,0.06155144399963319
ar20,unseen_vessel,roll_rate_imu,150,15.0,1,True,434304,1.1675822083062342,,0.6139343046905054,,0.8977888489043433,-0.6913228774521338,,-0.9721368155769516,-0.42453315178236606,108900,0.06155144399963319
ar40,unseen_vessel,heave_imu,10,1.0,1,True,434304,0.0011164052541543321,,0.0008431081897989599,,0.3559215519749067,0.9999901613577179,,0.9999889396244489,0.9999911987490648,216900,0.20472809100465383
ar40,unseen_vessel,heave_imu,20,2.0,1,True,434304,0.010181550309050404,,0.007563467893070254,,0.6800452818485991,0.9997758430754545,,0.9997494993475499,0.9997992096463209,216900,0.20472809100465383
ar40,unseen_vessel,heave_imu,30,3.0,1,True,434304,0.0400585484661231,,0.028749504040686134,,0.9445150742254202,0.9982012424501027,,0.9979975923428278,0.998382831852594,216900,0.20472809100465383
ar40,unseen_vessel,heave_imu,50,5.0,1,True,434304,0.1605155818451628,,0.10387557353239765,,1.2223364886054213,0.9827554112348722,,0.9808551171795639,0.984488513343231,216900,0.20472809100465383
ar40,unseen_vessel,heave_imu,100,10.0,1,True,434304,0.3963093032263028,,0.25703110103151294,,0.6950580633866985,0.67489296836726,,0.6539534837791219,0.693833983293344,216900,0.20472809100465383
ar40,unseen_vessel,heave_imu,150,15.0,1,True,434304,0.530098352625066,,0.3413121242420695,,0.9378129353221328,0.6804929306139855,,0.6541716789917903,0.703999416154731,216900,0.20472809100465383
ar40,unseen_vessel,heave_rate_imu,10,1.0,1,True,434304,0.0035647755420410805,,0.0026911610282077986,,0.21527238650713715,0.9997257871970361,,0.9996903461697535,0.9997577832622131,216900,0.20472809100465383
ar40,unseen_vessel,heave_rate_imu,20,2.0,1,True,434304,0.020282384114862752,,0.014858818493916908,,0.4085250326910369,0.9975350923100486,,0.9972258263356416,0.9978146551252928,216900,0.20472809100465383
ar40,unseen_vessel,heave_rate_imu,30,3.0,1,True,434304,0.05604585619725207,,0.03900438117724629,,0.5610158349084816,0.9900198567000715,,0.9887589686596421,0.9911775017932486,216900,0.20472809100465383
ar40,unseen_vessel,heave_rate_imu,50,5.0,1,True,434304,0.11336321872944474,,0.06870240423136717,,0.699353489908083,0.9737245087825864,,0.9702049039993319,0.9770269699272766,216900,0.20472809100465383
ar40,unseen_vessel,heave_rate_imu,100,10.0,1,True,434304,0.24682605007565395,,0.15440227604207074,,0.3615215661344632,0.5338630102843201,,0.5152937333420735,0.5523656413529432,216900,0.20472809100465383
ar40,unseen_vessel,heave_rate_imu,150,15.0,1,True,434304,0.3364839931764676,,0.21245533381171267,,0.5641307616469378,0.6442300568980219,,0.6146511438567731,0.6702648049713683,216900,0.20472809100465383
ar40,unseen_vessel,pitch_imu,10,1.0,1,True,434304,0.04657082156427101,,0.03647650290785485,,0.6879361544263667,0.9954171933964147,,0.9947924253763908,0.9958974556293521,216900,0.20472809100465383
ar40,unseen_vessel,pitch_imu,20,2.0,1,True,434304,0.16328733194627534,,0.11956488456195502,,1.2855805302425594,0.9838673239649951,,0.9817734783753684,0.9857161675174476,216900,0.20472809100465383
ar40,unseen_vessel,pitch_imu,30,3.0,1,True,434304,0.32315908108974234,,0.2209193070771644,,1.7224664882877214,0.9648009318120112,,0.9603075806013244,0.9689431509742797,216900,0.20472809100465383
ar40,unseen_vessel,pitch_imu,50,5.0,1,True,434304,0.46954730021858854,,0.3232189768891107,,1.991103421419128,0.9443876742043821,,0.9382544893387553,0.9497241158941808,216900,0.20472809100465383
ar40,unseen_vessel,pitch_imu,100,10.0,1,True,434304,0.8568075420706475,,0.5660046723645701,,1.152231781515089,0.447048728015791,,0.4237976895988808,0.4688184415094124,216900,0.20472809100465383
ar40,unseen_vessel,pitch_imu,150,15.0,1,True,434304,1.0326922070290545,,0.6476595277682137,,1.5951892759147532,0.5809002933690373,,0.5565284413157343,0.6022173701431637,216900,0.20472809100465383
ar40,unseen_vessel,pitch_rate_imu,10,1.0,1,True,434304,0.08180968074659205,,0.061905789889242974,,0.502358231388074,0.9734794607667124,,0.9698117812900101,0.9766573639325338,216900,0.20472809100465383
ar40,unseen_vessel,pitch_rate_imu,20,2.0,1,True,434304,0.16894881919879612,,0.11583516473150837,,0.9243153912028366,0.9665905018469148,,0.9616362855063407,0.9710178498818124,216900,0.20472809100465383
ar40,unseen_vessel,pitch_rate_imu,30,3.0,1,True,434304,0.19646642039055803,,0.13657848563479438,,1.2082169541393608,0.9735584558620125,,0.9699569532702305,0.9768195404891872,216900,0.20472809100465383
ar40,unseen_vessel,pitch_rate_imu,50,5.0,1,True,434304,0.42130234962676133,,0.28219129775398877,,1.2927330978774842,0.8937888708248509,,0.8819386935216907,0.9042717748747598,216900,0.20472809100465383
ar40,unseen_vessel,pitch_rate_imu,100,10.0,1,True,434304,0.6509531002213156,,0.4220811709471891,,0.828925368698733,0.38330768397576176,,0.33733039950474575,0.428488033019501,216900,0.20472809100465383
ar40,unseen_vessel,pitch_rate_imu,150,15.0,1,True,434304,0.700990138194881,,0.44240749946176683,,1.0505158303719033,0.5547349435223635,,0.5349872781147298,0.57084628073122,216900,0.20472809100465383
ar40,unseen_vessel,roll_imu,10,1.0,1,True,434304,0.03770341041057317,,0.029801605246541563,,0.9931706630633305,0.9985588356654467,,0.9982392117275263,0.9987708260024044,216900,0.20472809100465383
ar40,unseen_vessel,roll_imu,20,2.0,1,True,434304,0.11994547357134433,,0.09033761328181328,,1.928827508836514,0.9961329396985066,,0.9954704494510856,0.9965760012291174,216900,0.20472809100465383
ar40,unseen_vessel,roll_imu,30,3.0,1,True,434304,0.2791995644078746,,0.19826499690667287,,2.75530423157012,0.9897318937388417,,0.9882947907680272,0.9907628393593237,216900,0.20472809100465383
ar40,unseen_vessel,roll_imu,50,5.0,1,True,434304,0.7090221714671443,,0.4318916861992272,,3.9137864963448616,0.9671809979485411,,0.9636559640385222,0.9698364618486255,216900,0.20472809100465383
ar40,unseen_vessel,roll_imu,100,10.0,1,True,434304,1.7590621171798326,,0.8553479564803401,,3.2713924369681644,0.7108674003718352,,0.6972074224245454,0.7256201374446564,216900,0.20472809100465383
ar40,unseen_vessel,roll_imu,150,15.0,1,True,434304,2.1075197225263387,,1.057365791894884,,1.6785873893709808,-0.5763599154526255,,-0.8905318088652632,-0.26095324363099104,216900,0.20472809100465383
ar40,unseen_vessel,roll_rate_imu,10,1.0,1,True,434304,0.05748865781440006,,0.044349834740436335,,0.4787839444597766,0.9855826586223582,,0.9832442317208516,0.9871888473439728,216900,0.20472809100465383
ar40,unseen_vessel,roll_rate_imu,20,2.0,1,True,434304,0.1300531101866122,,0.09315573009795954,,0.92536590443907,0.9802478444037316,,0.978006279805066,0.9819442325565897,216900,0.20472809100465383
ar40,unseen_vessel,roll_rate_imu,30,3.0,1,True,434304,0.205509453243165,,0.13274267503143936,,1.313381928288809,0.975516047112864,,0.9731812371789533,0.9773627382084706,216900,0.20472809100465383
ar40,unseen_vessel,roll_rate_imu,50,5.0,1,True,434304,0.3252450407061361,,0.19281800388769868,,1.831999216096455,0.9684811183540907,,0.967045283778451,0.9695669155765392,216900,0.20472809100465383
ar40,unseen_vessel,roll_rate_imu,100,10.0,1,True,434304,0.6221311599503344,,0.3632983731984923,,1.4555866304324458,0.8173213506752249,,0.80421449552686,0.8269070647954371,216900,0.20472809100465383
ar40,unseen_vessel,roll_rate_imu,150,15.0,1,True,434304,0.9209498349726627,,0.49431137376624057,,0.8977888489043433,-0.05226114682750427,,-0.26431308340156306,0.1581960530140564,216900,0.20472809100465383
ar_attitude_only,unseen_vessel,heave_imu,10,1.0,1,True,434304,0.00488586678110803,,0.003622238940364059,,0.3559215519749067,0.999811559317035,,0.9997960843372963,0.9998249152461613,108900,0.0508991170063382
ar_attitude_only,unseen_vessel,heave_imu,20,2.0,1,True,434304,0.02836919307265076,,0.020728875122601118,,0.6800452818485991,0.9982597233131073,,0.9981342050497478,0.9983654407117042,108900,0.0508991170063382
ar_attitude_only,unseen_vessel,heave_imu,30,3.0,1,True,434304,0.0868396741714521,,0.061866180433262134,,0.9445150742254202,0.9915468498455806,,0.9910008108544739,0.9920417704711553,108900,0.0508991170063382
ar_attitude_only,unseen_vessel,heave_imu,50,5.0,1,True,434304,0.27429775221459946,,0.18131989351038835,,1.2223364886054213,0.9496426410672519,,0.9463833310920672,0.9524617757626443,108900,0.0508991170063382
ar_attitude_only,unseen_vessel,heave_imu,100,10.0,1,True,434304,0.4163773492842824,,0.2768818938728804,,0.6950580633866985,0.6411342427182443,,0.6054108226123966,0.6710615295338893,108900,0.0508991170063382
ar_attitude_only,unseen_vessel,heave_imu,150,15.0,1,True,434304,0.5444261040373037,,0.3524981761249505,,0.9378129353221328,0.6629879390769131,,0.642516326785928,0.6812960561184124,108900,0.0508991170063382
ar_attitude_only,unseen_vessel,heave_rate_imu,10,1.0,1,True,434304,0.035617627424436284,,0.021582906159232192,,0.21527238650713715,0.9726250507614683,,0.9689919242893574,0.9761067994133453,108900,0.0508991170063382
ar_attitude_only,unseen_vessel,heave_rate_imu,20,2.0,1,True,434304,0.049048294217807466,,0.03408368541085638,,0.4085250326910369,0.9855851386428836,,0.9840039020290975,0.9870819351279044,108900,0.0508991170063382
ar_attitude_only,unseen_vessel,heave_rate_imu,30,3.0,1,True,434304,0.09579924228961456,,0.06664216144861,,0.5610158349084816,0.9708409138466961,,0.9683794796588053,0.9730709389540269,108900,0.0508991170063382
ar_attitude_only,unseen_vessel,heave_rate_imu,50,5.0,1,True,434304,0.16203532694840084,,0.1028441355812618,,0.699353489908083,0.9463183412868975,,0.9411074655925677,0.9511700108364216,108900,0.0508991170063382
ar_attitude_only,unseen_vessel,heave_rate_imu,100,10.0,1,True,434304,0.26977005511274904,,0.17304850535411195,,0.3615215661344632,0.4431745690105853,,0.4223271374055785,0.4651217244086889,108900,0.0508991170063382
ar_attitude_only,unseen_vessel,heave_rate_imu,150,15.0,1,True,434304,0.3456496205088009,,0.2195092460216904,,0.5641307616469378,0.6245841499905156,,0.5954899236581258,0.6506511225837922,108900,0.0508991170063382
ar_attitude_only,unseen_vessel,pitch_imu,10,1.0,1,True,434304,0.09979273037690024,,0.07732111582934215,,0.6879361544263667,0.9789572962082767,,0.976542770371372,0.9808816111893848,108900,0.0508991170063382
ar_attitude_only,unseen_vessel,pitch_imu,20,2.0,1,True,434304,0.2657743448837395,,0.19494548950190185,,1.2855805302425594,0.9572606867432518,,0.9527230184344028,0.961259295231354,108900,0.0508991170063382
ar_attitude_only,unseen_vessel,pitch_imu,30,3.0,1,True,434304,0.4157438821686813,,0.28527533870622374,,1.7224664882877214,0.9417427242789191,,0.9347103342917205,0.9481325929123599,108900,0.0508991170063382
ar_attitude_only,unseen_vessel,pitch_imu,50,5.0,1,True,434304,0.5110318016469535,,0.35923832877104106,,1.991103421419128,0.9341268825099125,,0.9286173168434964,0.9386473160858638,108900,0.0508991170063382
ar_attitude_only,unseen_vessel,pitch_imu,100,10.0,1,True,434304,0.8678728581399796,,0.5636025124842742,,1.152231781515089,0.43267422787274834,,0.407812318141439,0.45747425654366664,108900,0.0508991170063382
ar_attitude_only,unseen_vessel,pitch_imu,150,15.0,1,True,434304,1.0309290555953432,,0.636503072638895,,1.5951892759147532,0.5823301587980012,,0.5599757596802208,0.6010629491843761,108900,0.0508991170063382
ar_attitude_only,unseen_vessel,pitch_rate_imu,10,1.0,1,True,434304,0.14632758174675942,,0.10961272217511023,,0.502358231388074,0.9151551775491259,,0.9060087248539406,0.9232651976709015,108900,0.0508991170063382
ar_attitude_only,unseen_vessel,pitch_rate_imu,20,2.0,1,True,434304,0.20584009808758227,,0.1427251366248354,,0.9243153912028366,0.9504070901851092,,0.9439875839753856,0.9562031818553458,108900,0.0508991170063382
ar_attitude_only,unseen_vessel,pitch_rate_imu,30,3.0,1,True,434304,0.2207589331432432,,0.1628311024024065,,1.2082169541393608,0.9666153581139656,,0.9628676235154863,0.9697449318329274,108900,0.0508991170063382
ar_attitude_only,unseen_vessel,pitch_rate_imu,50,5.0,1,True,434304,0.48246477495150014,,0.32737841501950343,,1.2927330978774842,0.8607120697418525,,0.8502223172596443,0.8700892793092495,108900,0.0508991170063382
ar_attitude_only,unseen_vessel,pitch_rate_imu,100,10.0,1,True,434304,0.6581596156878216,,0.4256314737833151,,0.828925368698733,0.36957765347086424,,0.32592635620364685,0.4130841926614471,108900,0.0508991170063382
ar_attitude_only,unseen_vessel,pitch_rate_imu,150,15.0,1,True,434304,0.7045129086817324,,0.44021802914829866,,1.0505158303719033,0.5502484097816265,,0.5319076635131701,0.5657474626723964,108900,0.0508991170063382
ar_attitude_only,unseen_vessel,roll_imu,10,1.0,1,True,434304,0.07463404344110036,,0.057534154548232457,,0.9931706630633305,0.9943528909186434,,0.9933034479565119,0.9950468815783073,108900,0.0508991170063382
ar_attitude_only,unseen_vessel,roll_imu,20,2.0,1,True,434304,0.22056607682977797,,0.15856166587922046,,1.928827508836514,0.9869235260046731,,0.9850712272247779,0.9882419100594305,108900,0.0508991170063382
ar_attitude_only,unseen_vessel,roll_imu,30,3.0,1,True,434304,0.46295763012838587,,0.30456105069651546,,2.75530423157012,0.9717678876234666,,0.9685284444074371,0.9743104328938208,108900,0.0508991170063382
ar_attitude_only,unseen_vessel,roll_imu,50,5.0,1,True,434304,1.0217084398456517,,0.5635963080972256,,3.9137864963448616,0.9318509665214199,,0.9255693909362911,0.9367492899066812,108900,0.0508991170063382
ar_attitude_only,unseen_vessel,roll_imu,100,10.0,1,True,434304,1.9403750550256254,,0.9805696734677559,,3.2713924369681644,0.648191705101006,,0.6341518758735702,0.6590455502245728,108900,0.0508991170063382
ar_attitude_only,unseen_vessel,roll_imu,150,15.0,1,True,434304,2.0653189360170487,,1.084290433899782,,1.6785873893709808,-0.5138621879509921,,-0.759957439199221,-0.26635634320435475,108900,0.0508991170063382
ar_attitude_only,unseen_vessel,roll_rate_imu,10,1.0,1,True,434304,0.16783260959642787,,0.10078534051961512,,0.4787839444597766,0.8771221686188229,,0.8603640354469414,0.8944127140324907,108900,0.0508991170063382
ar_attitude_only,unseen_vessel,roll_rate_imu,20,2.0,1,True,434304,0.18335149929182246,,0.11863702411515073,,0.92536590443907,0.9607407549545353,,0.9558148341922275,0.965128201858098,108900,0.0508991170063382
ar_attitude_only,unseen_vessel,roll_rate_imu,30,3.0,1,True,434304,0.22885433938324806,,0.13739679596773471,,1.313381928288809,0.9696375906765917,,0.9668980016174915,0.9722297695054595,108900,0.0508991170063382
ar_attitude_only,unseen_vessel,roll_rate_imu,50,5.0,1,True,434304,0.344707367054612,,0.22884797946981067,,1.831999216096455,0.9645961441818378,,0.961649902565139,0.966614644633282,108900,0.0508991170063382
ar_attitude_only,unseen_vessel,roll_rate_imu,100,10.0,1,True,434304,0.9012168355504706,,0.5063246931969265,,1.4555866304324458,0.6166614670890835,,0.6006332534764934,0.627763292393169,108900,0.0508991170063382
ar_attitude_only,unseen_vessel,roll_rate_imu,150,15.0,1,True,434304,1.026433250109625,,0.5657023351762738,,0.8977888489043433,-0.3071126278323797,,-0.5289004211498379,-0.09060454383839527,108900,0.0508991170063382
damped_persistence,unseen_vessel,heave_imu,10,1.0,1,True,434304,0.4463925323279496,,0.27054263238776904,,0.3559215519749067,-0.5729874893038744,,-0.6165574803657926,-0.5303044008188338,6,0.1384596989955753
damped_persistence,unseen_vessel,heave_imu,20,2.0,1,True,434304,0.6428612077839155,,0.3882392127358699,,0.6800452818485991,0.10636786805193899,,0.08068392881843708,0.13183696147596097,6,0.1384596989955753
damped_persistence,unseen_vessel,heave_imu,30,3.0,1,True,434304,0.708888231417836,,0.4260259729370899,,0.9445150742254202,0.436702601025014,,0.42056190993101716,0.4530575541326561,6,0.1384596989955753
damped_persistence,unseen_vessel,heave_imu,50,5.0,1,True,434304,0.6850666351801521,,0.4086370593570704,,1.2223364886054213,0.6858883236597377,,0.6789558900544572,0.6926293578936403,6,0.1384596989955753
damped_persistence,unseen_vessel,heave_imu,100,10.0,1,True,434304,0.6125569543386764,,0.37226860421472435,,0.6950580633866985,0.22330452032942139,,0.14118552657566302,0.29005094710283347,6,0.1384596989955753
damped_persistence,unseen_vessel,heave_imu,150,15.0,1,True,434304,0.6730320700694976,,0.4005301501360046,,0.9378129353221328,0.4849622282558551,,0.45111058977527807,0.517463389645568,6,0.1384596989955753
damped_persistence,unseen_vessel,heave_rate_imu,10,1.0,1,True,434304,0.2650758480215147,,0.16595884927684273,,0.21527238650713715,-0.5162250520959253,,-0.5589010667595967,-0.4728985750027167,6,0.1384596989955753
damped_persistence,unseen_vessel,heave_rate_imu,20,2.0,1,True,434304,0.3706237314993516,,0.23148111004362154,,0.4085250326910369,0.1769445372476216,,0.15342673562401504,0.20042694257899565,6,0.1384596989955753
damped_persistence,unseen_vessel,heave_rate_imu,30,3.0,1,True,434304,0.40009402095602636,,0.24898706234175422,,0.5610158349084816,0.49140289541905835,,0.47752852151735165,0.5051209730537678,6,0.1384596989955753
damped_persistence,unseen_vessel,heave_rate_imu,50,5.0,1,True,434304,0.37997363833332887,,0.23550582664430075,,0.699353489908083,0.7048019788929596,,0.6998739359965513,0.7093844177919203,6,0.1384596989955753
damped_persistence,unseen_vessel,heave_rate_imu,100,10.0,1,True,434304,0.35390972463958675,,0.22167643616638932,,0.3615215661344632,0.04166671361975294,,-0.03982068689825239,0.11505748471129931,6,0.1384596989955753
damped_persistence,unseen_vessel,heave_rate_imu,150,15.0,1,True,434304,0.3784096338684469,,0.23348358024442548,,0.5641307616469378,0.5500494316493652,,0.5268095392032662,0.5720177932072249,6,0.1384596989955753
damped_persistence,unseen_vessel,pitch_imu,10,1.0,1,True,434304,0.8145686292228473,,0.4931603265256982,,0.6879361544263667,-0.40203576459608636,,-0.44602572338936847,-0.3593946736384639,6,0.1384596989955753
damped_persistence,unseen_vessel,pitch_imu,20,2.0,1,True,434304,1.0962499361778115,,0.6607298982889891,,1.2855805302425594,0.27285572507782807,,0.2496656089403045,0.29526028546345645,6,0.1384596989955753
damped_persistence,unseen_vessel,pitch_imu,30,3.0,1,True,434304,1.1536914529108249,,0.6920621058060421,,1.7224664882877214,0.5513808708259147,,0.5378916685573436,0.5646600272159077,6,0.1384596989955753
damped_persistence,unseen_vessel,pitch_imu,50,5.0,1,True,434304,1.0798523856747964,,0.6445331131804781,,1.991103421419128,0.7058687646965538,,0.7003483787991366,0.710813160934412,6,0.1384596989955753
damped_persistence,unseen_vessel,pitch_imu,100,10.0,1,True,434304,1.0480946070157924,,0.6300063550127317,,1.152231781515089,0.17258903372632894,,0.10966387354121096,0.23368391785194645,6,0.1384596989955753
damped_persistence,unseen_vessel,pitch_imu,150,15.0,1,True,434304,1.077192313609639,,0.644732095404559,,1.5951892759147532,0.5440029332974785,,0.5206951557542521,0.5639027869403592,6,0.1384596989955753
damped_persistence,unseen_vessel,pitch_rate_imu,10,1.0,1,True,434304,0.5762848180626993,,0.3540619191009403,,0.502358231388074,-0.3159740074080102,,-0.351881508070332,-0.28043120758571705,6,0.1384596989955753
damped_persistence,unseen_vessel,pitch_rate_imu,20,2.0,1,True,434304,0.7406092320892135,,0.4539202753087489,,0.9243153912028366,0.357995793775289,,0.3413425841012346,0.37486459573074565,6,0.1384596989955753
damped_persistence,unseen_vessel,pitch_rate_imu,30,3.0,1,True,434304,0.7586671822011646,,0.4642027728460344,,1.2082169541393608,0.6057127396369004,,0.5964643187220905,0.6145752578075355,6,0.1384596989955753
damped_persistence,unseen_vessel,pitch_rate_imu,50,5.0,1,True,434304,0.7030799061987504,,0.43012158654926885,,1.2927330978774842,0.7042044501945552,,0.6992699121311193,0.7085126362908354,6,0.1384596989955753
damped_persistence,unseen_vessel,pitch_rate_imu,100,10.0,1,True,434304,0.7099633527205612,,0.43270258665642386,,0.828925368698733,0.2664309478051955,,0.22135394399210648,0.3134403956091401,6,0.1384596989955753
damped_persistence,unseen_vessel,pitch_rate_imu,150,15.0,1,True,434304,0.7092239794258953,,0.4343840906571921,,1.0505158303719033,0.5442133300309869,,0.5268209638176827,0.5588802480821274,6,0.1384596989955753
damped_persistence,unseen_vessel,roll_imu,10,1.0,1,True,434304,1.374660838054313,,0.6340547080454877,,0.9931706630633305,-0.9157699453708863,,-0.9366973996178807,-0.8891318865382679,6,0.1384596989955753
damped_persistence,unseen_vessel,roll_imu,20,2.0,1,True,434304,2.100253054389303,,0.9583507204233138,,1.928827508836514,-0.18564989547497435,,-0.20094610810106375,-0.16640839307897345,6,0.1384596989955753
damped_persistence,unseen_vessel,roll_imu,30,3.0,1,True,434304,2.4447935401358247,,1.1032413766717493,,2.75530423157012,0.2126909196940665,,0.20095084067598432,0.2277191578793422,6,0.1384596989955753
damped_persistence,unseen_vessel,roll_imu,50,5.0,1,True,434304,2.5485344363386107,,1.1267515177107414,,3.9137864963448616,0.5759795998501596,,0.5684087468435105,0.5858689396445731,6,0.1384596989955753
damped_persistence,unseen_vessel,roll_imu,100,10.0,1,True,434304,1.8945276170486973,,0.8687184571181022,,3.2713924369681644,0.6646204402107803,,0.6503835100969851,0.674957460789822,6,0.1384596989955753
damped_persistence,unseen_vessel,roll_imu,150,15.0,1,True,434304,2.2557414660691566,,1.0244944151087196,,1.6785873893709808,-0.8058876744356023,,-1.0257247480244154,-0.5897589326268153,6,0.1384596989955753
damped_persistence,unseen_vessel,roll_rate_imu,10,1.0,1,True,434304,0.6523443407525001,,0.32356231862592316,,0.4787839444597766,-0.8564131732983424,,-0.8880548020533969,-0.8191686960053498,6,0.1384596989955753
damped_persistence,unseen_vessel,roll_rate_imu,20,2.0,1,True,434304,0.9862718145634173,,0.48152254456884214,,0.92536590443907,-0.13596841691401762,,-0.15708111781982867,-0.11061583776665496,6,0.1384596989955753
damped_persistence,unseen_vessel,roll_rate_imu,30,3.0,1,True,434304,1.1373078007238169,,0.5473022384070574,,1.313381928288809,0.2501507465431191,,0.2347966950439827,0.2684815517737515,6,0.1384596989955753
damped_persistence,unseen_vessel,roll_rate_imu,50,5.0,1,True,434304,1.167882987008323,,0.5489885563832569,,1.831999216096455,0.5936052424988811,,0.5850244524071515,0.6043944444096845,6,0.1384596989955753
damped_persistence,unseen_vessel,roll_rate_imu,100,10.0,1,True,434304,0.8827033838889108,,0.43676238365085374,,1.4555866304324458,0.6322493346968656,,0.6109333766692948,0.6475392651202315,6,0.1384596989955753
damped_persistence,unseen_vessel,roll_rate_imu,150,15.0,1,True,434304,1.056084994837964,,0.5089941296492428,,0.8977888489043433,-0.3837235436159707,,-0.5474038637118537,-0.22809294830733315,6,0.1384596989955753
dlinear,unseen_vessel,heave_imu,10,1.0,3,False,434304,0.03709889755548518,0.00010879128939032608,0.01881622969265456,3.9093765033833084e-05,0.3559215519749067,0.989135345375025,6.366654050949919e-05,0.9860401650830105,0.9919676907245318,60300,1370.5509791993293
dlinear,unseen_vessel,heave_imu,20,2.0,3,False,434304,0.14454370959902155,0.00020696861032576123,0.07219858675891716,2.5626455264045343e-05,0.6800452818485991,0.9548223826514924,0.00012933549670300512,0.9418423544584937,0.9668565213090399,60300,1370.5509791993293
dlinear,unseen_vessel,heave_imu,30,3.0,3,False,434304,0.27631696689851076,0.00019949975109625313,0.13619756155800103,0.00010150890174479767,0.9445150742254202,0.9144150364723198,0.00012357967992187736,0.8892999349978958,0.9377034914676694,60300,1370.5509791993293
dlinear,unseen_vessel,heave_imu,50,5.0,3,False,434304,0.25705585019614285,0.00016110980574254814,0.13536300279487348,0.00013620130528422145,1.2223364886054213,0.95577441915573,5.543420900540032e-05,0.9445195797643302,0.9665591491166099,60300,1370.5509791993293
dlinear,unseen_vessel,heave_imu,100,10.0,3,False,434304,0.4713134285155393,2.2879935560737156e-05,0.2770815248102086,4.7391855534876986e-05,0.6950580633866985,0.540191012091184,4.464293973243065e-05,0.49233388871072153,0.5880668484749402,60300,1370.5509791993293
dlinear,unseen_vessel,heave_imu,150,15.0,3,False,434304,0.6311699975655473,0.00025976643563640345,0.37390819487881527,0.0001965074810072858,0.9378129353221328,0.5470395275848802,0.00037288781162517453,0.4821332033330652,0.6067124050270153,60300,1370.5509791993293
dlinear,unseen_vessel,heave_rate_imu,10,1.0,3,False,434304,0.017119124723958188,2.7842004893387486e-05,0.010095654914912076,3.532636701546662e-05,0.21527238650713715,0.9936760674802393,2.0573921299910284e-05,0.9924244293690588,0.9948107658978231,60300,1370.5509791993293
dlinear,unseen_vessel,heave_rate_imu,20,2.0,3,False,434304,0.06578731958642908,1.7712487474294247e-05,0.038334945246854955,5.246309998819996e-05,0.4085250326910369,0.9740673404710721,1.3965154739050753e-05,0.9687760779522345,0.9788622099264148,60300,1370.5509791993293
dlinear,unseen_vessel,heave_rate_imu,30,3.0,3,False,434304,0.12423242098957792,6.503146497150992e-05,0.07152320411343935,0.00010793853926230749,0.5610158349084816,0.9509634691952632,5.134033901416671e-05,0.9405855787887701,0.960474571342041,60300,1370.5509791993293
dlinear,unseen_vessel,heave_rate_imu,50,5.0,3,False,434304,0.12310712247015682,0.00013492718966529849,0.07478832296506904,0.00010759281880292514,0.699353489908083,0.9690134507107581,6.79203288292966e-05,0.9640474444066433,0.9737804037832932,60300,1370.5509791993293
dlinear,unseen_vessel,heave_rate_imu,100,10.0,3,False,434304,0.25525431010113253,6.370149661187908e-05,0.1627191811280662,4.7851017515592546e-05,0.3615215661344632,0.501485532244208,0.0002488346008470922,0.46145543746515577,0.5408699303572204,60300,1370.5509791993293
dlinear,unseen_vessel,heave_rate_imu,150,15.0,3,False,434304,0.34372447217296526,0.00018460312463745423,0.2168356215802171,0.00012153244334362814,0.5641307616469378,0.6287543046070612,0.0003988260702338887,0.5998515398605544,0.6560402838831881,60300,1370.5509791993293
dlinear,unseen_vessel,pitch_imu,10,1.0,3,False,434304,0.10848265713824368,8.76346664973204e-06,0.08526330489752255,1.4888454400456954e-05,0.6879361544263667,0.9751329446281037,4.017610368033937e-06,0.9717330982779355,0.9776739434807133,60300,1370.5509791993293
dlinear,unseen_vessel,pitch_imu,20,2.0,3,False,434304,0.276571625311417,0.0001424756564113175,0.20731621980523415,0.00013099709831385084,1.2855805302425594,0.9537175066344585,4.768349389422752e-05,0.9473487502705253,0.9589625033438384,60300,1370.5509791993293
dlinear,unseen_vessel,pitch_imu,30,3.0,3,False,434304,0.40545957636387225,0.00020265091803280667,0.27442120266136755,0.00022027326798063234,1.7224664882877214,0.9445893002661218,5.539703097490366e-05,0.9349497812802317,0.952846044476154,60300,1370.5509791993293
dlinear,unseen_vessel,pitch_imu,50,5.0,3,False,434304,0.43914214994541423,0.0005830456092057943,0.30849785533966956,0.00034737003936220046,1.991103421419128,0.9513566898659396,0.00012914058064867194,0.9453803956725464,0.9564147685259443,60300,1370.5509791993293
dlinear,unseen_vessel,pitch_imu,100,10.0,3,False,434304,0.851872653245113,0.0002936192982262513,0.5513987996915617,0.0001756043456801211,1.152231781515089,0.4533999237708864,0.00037679483544646815,0.4276489382483613,0.48137196149829425,60300,1370.5509791993293
dlinear,unseen_vessel,pitch_imu,150,15.0,3,False,434304,1.0502656227678313,0.00045254638807392023,0.6381448733544085,0.00024324789013958662,1.5951892759147532,0.5665151618058019,0.00037360842074787197,0.5294671228735001,0.5984732448328594,60300,1370.5509791993293
dlinear,unseen_vessel,pitch_rate_imu,10,1.0,3,False,434304,0.10224662392825967,6.239400054428102e-06,0.08121583847202817,5.340320133589511e-06,0.502358231388074,0.9585741994872666,5.055775826054386e-06,0.9529166076969817,0.962905601554306,60300,1370.5509791993293
dlinear,unseen_vessel,pitch_rate_imu,20,2.0,3,False,434304,0.23822655011880542,0.00016312112957256954,0.18557956262253136,0.00011093522947376507,0.9243153912028366,0.9335736958986741,9.09692424686494e-05,0.9261484299963487,0.9392323858847895,60300,1370.5509791993293
dlinear,unseen_vessel,pitch_rate_imu,30,3.0,3,False,434304,0.3025976385252276,0.00014506494712350964,0.2227994724167727,0.00012059576865468708,1.2082169541393608,0.9372749112840161,6.0146925883437156e-05,0.9319966232016825,0.9414913043733721,60300,1370.5509791993293
dlinear,unseen_vessel,pitch_rate_imu,50,5.0,3,False,434304,0.3551335057156835,0.0003237741759878659,0.2597280372337391,0.00021694290143832657,1.2927330978774842,0.9245314855398035,0.0001375883638889737,0.9168111703264022,0.930755913010311,60300,1370.5509791993293
dlinear,unseen_vessel,pitch_rate_imu,100,10.0,3,False,434304,0.635977364706439,0.00019421559051061778,0.42284612512894076,0.00010921568232127117,0.828925368698733,0.4113563243629527,0.00035949680793101,0.39384790489024174,0.4299554323643778,60300,1370.5509791993293
dlinear,unseen_vessel,pitch_rate_imu,150,15.0,3,False,434304,0.7135643738136922,0.00022815056300189287,0.4446610715049811,0.00012932737021481252,1.0505158303719033,0.5386174714212633,0.00029506224900242026,0.5128605715470963,0.5615642507445346,60300,1370.5509791993293
dlinear,unseen_vessel,roll_imu,10,1.0,3,False,434304,0.17034427069910307,0.0013002014954699376,0.10879912575934876,0.0004959378939937102,0.9931706630633305,0.9705812534447986,0.0004488025350582913,0.9659136331095926,0.9750802588833605,60300,1370.5509791993293
dlinear,unseen_vessel,roll_imu,20,2.0,3,False,434304,0.5810354569857806,0.002321322716181175,0.30531992925913104,0.0009424272956729717,1.928827508836514,0.9092549154529527,0.0007251670535886695,0.8922547551236214,0.9268884253586753,60300,1370.5509791993293
dlinear,unseen_vessel,roll_imu,30,3.0,3,False,434304,1.0406578974306646,0.003252459701641374,0.4591793810952982,0.0011224491128707535,2.75530423157012,0.8573474042853556,0.0008908822223845132,0.8284443729946998,0.8896583542518512,60300,1370.5509791993293
dlinear,unseen_vessel,roll_imu,50,5.0,3,False,434304,0.8454578831532887,0.0005576111195478551,0.41245159984115265,0.00014940052520180373,3.9137864963448616,0.9533351557327427,6.155114334520723e-05,0.9445483354177451,0.9626397659425461,60300,1370.5509791993293
dlinear,unseen_vessel,roll_imu,100,10.0,3,False,434304,1.5626950072452983,0.003135121535265543,0.7146527721400235,0.0012597277188965959,3.2713924369681644,0.77181645448563,0.000915776826611927,0.7513853497398008,0.7939802902311301,60300,1370.5509791993293
dlinear,unseen_vessel,roll_imu,150,15.0,3,False,434304,2.2534042168356954,0.0022630799716711206,0.9671925444956749,0.0010590761727435234,1.6785873893709808,-0.8021485436319159,0.0036205387716013826,-1.2051465929023824,-0.39264085123602316,60300,1370.5509791993293
dlinear,unseen_vessel,roll_rate_imu,10,1.0,3,False,434304,0.11159974526809568,0.0003495996245053233,0.08532978675379822,0.00017140949477657255,0.4787839444597766,0.9456687006873695,0.0003403201667961232,0.936739426160069,0.9520147017241755,60300,1370.5509791993293
dlinear,unseen_vessel,roll_rate_imu,20,2.0,3,False,434304,0.2982383368231567,0.0008479289295895728,0.20474408644896594,0.00038159383966629315,0.92536590443907,0.8961270919110484,0.0005906191056686482,0.8821945933125895,0.9090646826776696,60300,1370.5509791993293
dlinear,unseen_vessel,roll_rate_imu,30,3.0,3,False,434304,0.4598221321640626,0.0012726950887833727,0.26002653107745716,0.0004222809504858099,1.313381928288809,0.8774255685971326,0.0006779920947565451,0.8558074244562655,0.8997270262482852,60300,1370.5509791993293
dlinear,unseen_vessel,roll_rate_imu,50,5.0,3,False,434304,0.4000328167309453,0.00017406170225640088,0.2546726290384096,7.187985019627317e-05,1.831999216096455,0.9523195079920267,4.1497065309078816e-05,0.9454001203330366,0.9587057996939066,60300,1370.5509791993293
dlinear,unseen_vessel,roll_rate_imu,100,10.0,3,False,434304,0.702753244055197,0.0013407798520776947,0.38737119295028144,0.0005201823798783341,1.4555866304324458,0.7669062353172796,0.0008895884598658165,0.7490368038033951,0.7834054141482593,60300,1370.5509791993293
dlinear,unseen_vessel,roll_rate_imu,150,15.0,3,False,434304,0.9925757038480231,0.0010613053462096014,0.47556608198572903,0.0004914619555792555,0.8977888489043433,-0.22230390149000598,0.0026143998841297064,-0.48272400732682624,0.03038327802547778,60300,1370.5509791993293
dlinear_ols,unseen_vessel,heave_imu,10,1.0,1,True,434304,0.037098296002667494,,0.018678668972164976,,0.3559215519749067,0.9891357599932068,,0.98608591126289,0.99195196410308,60300,0.17550218100950588
dlinear_ols,unseen_vessel,heave_imu,20,2.0,1,True,434304,0.1445476398611194,,0.07215950228429813,,0.6800452818485991,0.9548199875391814,,0.9419671493134071,0.9667447896519503,60300,0.17550218100950588
dlinear_ols,unseen_vessel,heave_imu,30,3.0,1,True,434304,0.27645518104564126,,0.1362393251407999,,0.9445150742254202,0.9143294253854938,,0.8893984335119189,0.9375489514733232,60300,0.17550218100950588
dlinear_ols,unseen_vessel,heave_imu,50,5.0,1,True,434304,0.2570539484983466,,0.13547540707805308,,1.2223364886054213,0.9557750850960249,,0.9446212436696596,0.9665013381787869,60300,0.17550218100950588
dlinear_ols,unseen_vessel,heave_imu,100,10.0,1,True,434304,0.4711129838009938,,0.27699009511610373,,0.6950580633866985,0.5405820336371991,,0.492958917755674,0.588208652463135,60300,0.17550218100950588
dlinear_ols,unseen_vessel,heave_imu,150,15.0,1,True,434304,0.6308709544549868,,0.37373713219056093,,0.9378129353221328,0.5474686948369822,,0.483079178332072,0.606767072509369,60300,0.17550218100950588
dlinear_ols,unseen_vessel,heave_rate_imu,10,1.0,1,True,434304,0.017014592912753482,,0.009980807881517131,,0.21527238650713715,0.9937530723717273,,0.9925099191258484,0.9948650823667889,60300,0.17550218100950588
dlinear_ols,unseen_vessel,heave_rate_imu,20,2.0,1,True,434304,0.0657547624761942,,0.03829164634558768,,0.4085250326910369,0.9740930027029201,,0.9688157187927606,0.9788672599910928,60300,0.17550218100950588
dlinear_ols,unseen_vessel,heave_rate_imu,30,3.0,1,True,434304,0.12426899855871205,,0.07150627943192832,,0.5610158349084816,0.9509345984001424,,0.9405707136286297,0.9603769463331281,60300,0.17550218100950588
dlinear_ols,unseen_vessel,heave_rate_imu,50,5.0,1,True,434304,0.1231993787234931,,0.07486986596902297,,0.699353489908083,0.9689670156337983,,0.9640886222238868,0.9736698881813325,60300,0.17550218100950588
dlinear_ols,unseen_vessel,heave_rate_imu,100,10.0,1,True,434304,0.25517245601444494,,0.16266640572055366,,0.3615215661344632,0.501805225523961,,0.4622506969657352,0.5409798530250135,60300,0.17550218100950588
dlinear_ols,unseen_vessel,heave_rate_imu,150,15.0,1,True,434304,0.3435797074123228,,0.21674382310899237,,0.5641307616469378,0.6290670215638712,,0.6006812190825507,0.6560298512202528,60300,0.17550218100950588
dlinear_ols,unseen_vessel,pitch_imu,10,1.0,1,True,434304,0.10829129828274682,,0.08511227313118087,,0.6879361544263667,0.9752205962454885,,0.9718170591464225,0.9777581333379197,60300,0.17550218100950588
dlinear_ols,unseen_vessel,pitch_imu,20,2.0,1,True,434304,0.276381050583276,,0.20719252057435197,,1.2855805302425594,0.9537812757610812,,0.947440536209428,0.958960132846066,60300,0.17550218100950588
dlinear_ols,unseen_vessel,pitch_imu,30,3.0,1,True,434304,0.4050592480682839,,0.27417598042296926,,1.7224664882877214,0.9446986743615323,,0.9350996061738616,0.9529064670240358,60300,0.17550218100950588
dlinear_ols,unseen_vessel,pitch_imu,50,5.0,1,True,434304,0.43922577369231414,,0.30860310519583095,,1.991103421419128,0.9513382194608055,,0.9455072803428799,0.9562542747569214,60300,0.17550218100950588
dlinear_ols,unseen_vessel,pitch_imu,100,10.0,1,True,434304,0.8514686186643848,,0.5512538678943648,,1.152231781515089,0.45391833783472413,,0.428636948990311,0.4814481528080801,60300,0.17550218100950588
dlinear_ols,unseen_vessel,pitch_imu,150,15.0,1,True,434304,1.0498239205145374,,0.6379480137415116,,1.5951892759147532,0.5668797536103375,,0.5303090436749326,0.5984798734753921,60300,0.17550218100950588
dlinear_ols,unseen_vessel,pitch_rate_imu,10,1.0,1,True,434304,0.10215739640727789,,0.08114610712409527,,0.502358231388074,0.9586464701160111,,0.9529983796803095,0.9629788216576387,60300,0.17550218100950588
dlinear_ols,unseen_vessel,pitch_rate_imu,20,2.0,1,True,434304,0.23811886103302937,,0.18551214329009727,,0.9243153912028366,0.9336337584067078,,0.9262709710613083,0.939209878227871,60300,0.17550218100950588
dlinear_ols,unseen_vessel,pitch_rate_imu,30,3.0,1,True,434304,0.30213394089194734,,0.22256521961945952,,1.2082169541393608,0.9374670121859022,,0.9322474903145817,0.9416354908963286,60300,0.17550218100950588
dlinear_ols,unseen_vessel,pitch_rate_imu,50,5.0,1,True,434304,0.35512369420091827,,0.25976666205813903,,1.2927330978774842,0.9245356973389571,,0.9169296566442708,0.9305973596792458,60300,0.17550218100950588
dlinear_ols,unseen_vessel,pitch_rate_imu,100,10.0,1,True,434304,0.6357374306154933,,0.42278734468524776,,0.828925368698733,0.41180043033224445,,0.39458685379484454,0.4299979143802752,60300,0.17550218100950588
dlinear_ols,unseen_vessel,pitch_rate_imu,150,15.0,1,True,434304,0.7133435805984942,,0.44457002588498523,,1.0505158303719033,0.5389029833866168,,0.5134655006381327,0.5615972307811188,60300,0.17550218100950588
dlinear_ols,unseen_vessel,roll_imu,10,1.0,1,True,434304,0.17138683665665227,,0.10919602650979304,,0.9931706630633305,0.9702212022119523,,0.9659944310059144,0.9743541209561285,60300,0.17550218100950588
dlinear_ols,unseen_vessel,roll_imu,20,2.0,1,True,434304,0.5808663812044004,,0.3052931046958293,,1.928827508836514,0.9093086847075482,,0.8930989115795237,0.9263050708662007,60300,0.17550218100950588
dlinear_ols,unseen_vessel,roll_imu,30,3.0,1,True,434304,1.0402420997151227,,0.45922148482032005,,2.75530423157012,0.8574623041934991,,0.82920368752475,0.8888439547834626,60300,0.17550218100950588
dlinear_ols,unseen_vessel,roll_imu,50,5.0,1,True,434304,0.8443872503810219,,0.4122746913668823,,3.9137864963448616,0.9534532810351375,,0.9447699120099411,0.9626940503705729,60300,0.17550218100950588
dlinear_ols,unseen_vessel,roll_imu,100,10.0,1,True,434304,1.5600524921856025,,0.713879655007574,,3.2713924369681644,0.7725881283233884,,0.7532009956623199,0.7937176606619015,60300,0.17550218100950588
dlinear_ols,unseen_vessel,roll_imu,150,15.0,1,True,434304,2.24957667164976,,0.9657889948414871,,1.6785873893709808,-0.7960304158413107,,-1.1930020158329493,-0.3907143842068335,60300,0.17550218100950588
dlinear_ols,unseen_vessel,roll_rate_imu,10,1.0,1,True,434304,0.11186669925095884,,0.08545531444308598,,0.4787839444597766,0.9454088188179528,,0.9368052039515965,0.951367015515308,60300,0.17550218100950588
dlinear_ols,unseen_vessel,roll_rate_imu,20,2.0,1,True,434304,0.2982161251553945,,0.20476313579514177,,0.92536590443907,0.8961431231357128,,0.8828534348739862,0.908529353595142,60300,0.17550218100950588
dlinear_ols,unseen_vessel,roll_rate_imu,30,3.0,1,True,434304,0.45977038222648525,,0.26013222089215793,,1.313381928288809,0.8774537827872078,,0.8563183152122683,0.899072309003901,60300,0.17550218100950588
dlinear_ols,unseen_vessel,roll_rate_imu,50,5.0,1,True,434304,0.39976732042239116,,0.2546842464705082,,1.831999216096455,0.9523827827806141,,0.945548744565138,0.9587124346960151,60300,0.17550218100950588
dlinear_ols,unseen_vessel,roll_rate_imu,100,10.0,1,True,434304,0.7018165980487185,,0.3871644118097691,,1.4555866304324458,0.7675277310615212,,0.7506789710424914,0.7830484710334968,60300,0.17550218100950588
dlinear_ols,unseen_vessel,roll_rate_imu,150,15.0,1,True,434304,0.9909849979342866,,0.4750059621166428,,0.8977888489043433,-0.2183883736007166,,-0.47456073179741415,0.031412279408819105,60300,0.17550218100950588
persistence,unseen_vessel,heave_imu,10,1.0,1,True,434304,0.3559215519749067,,0.22132719613731763,,0.3559215519749067,0.0,,0.0,0.0,0,0.0
persistence,unseen_vessel,heave_imu,20,2.0,1,True,434304,0.6800452818485991,,0.4214029558409386,,0.6800452818485991,0.0,,0.0,0.0,0,0.0
persistence,unseen_vessel,heave_imu,30,3.0,1,True,434304,0.9445150742254202,,0.5816074136677809,,0.9445150742254202,0.0,,0.0,0.0,0,0.0
persistence,unseen_vessel,heave_imu,50,5.0,1,True,434304,1.2223364886054213,,0.7345038515993438,,1.2223364886054213,0.0,,0.0,0.0,0,0.0
persistence,unseen_vessel,heave_imu,100,10.0,1,True,434304,0.6950580633866985,,0.3946980254567102,,0.6950580633866985,0.0,,0.0,0.0,0,0.0
persistence,unseen_vessel,heave_imu,150,15.0,1,True,434304,0.9378129353221328,,0.5619225861903065,,0.9378129353221328,0.0,,0.0,0.0,0,0.0
persistence,unseen_vessel,heave_rate_imu,10,1.0,1,True,434304,0.21527238650713715,,0.13705551057480855,,0.21527238650713715,0.0,,0.0,0.0,0,0.0
persistence,unseen_vessel,heave_rate_imu,20,2.0,1,True,434304,0.4085250326910369,,0.2593596417661414,,0.4085250326910369,0.0,,0.0,0.0,0,0.0
persistence,unseen_vessel,heave_rate_imu,30,3.0,1,True,434304,0.5610158349084816,,0.3542925958297556,,0.5610158349084816,0.0,,0.0,0.0,0,0.0
persistence,unseen_vessel,heave_rate_imu,50,5.0,1,True,434304,0.699353489908083,,0.432073657328022,,0.699353489908083,0.0,,0.0,0.0,0,0.0
persistence,unseen_vessel,heave_rate_imu,100,10.0,1,True,434304,0.3615215661344632,,0.22366835707201754,,0.3615215661344632,0.0,,0.0,0.0,0,0.0
persistence,unseen_vessel,heave_rate_imu,150,15.0,1,True,434304,0.5641307616469378,,0.3423387647816375,,0.5641307616469378,0.0,,0.0,0.0,0,0.0
persistence,unseen_vessel,pitch_imu,10,1.0,1,True,434304,0.6879361544263667,,0.4213868713596606,,0.6879361544263667,0.0,,0.0,0.0,0,0.0
persistence,unseen_vessel,pitch_imu,20,2.0,1,True,434304,1.2855805302425594,,0.7830712104217331,,1.2855805302425594,0.0,,0.0,0.0,0,0.0
persistence,unseen_vessel,pitch_imu,30,3.0,1,True,434304,1.7224664882877214,,1.0434493255815893,,1.7224664882877214,0.0,,0.0,0.0,0,0.0
persistence,unseen_vessel,pitch_imu,50,5.0,1,True,434304,1.991103421419128,,1.1757362537352305,,1.991103421419128,0.0,,0.0,0.0,0,0.0
persistence,unseen_vessel,pitch_imu,100,10.0,1,True,434304,1.152231781515089,,0.7018170380461279,,1.152231781515089,0.0,,0.0,0.0,0,0.0
persistence,unseen_vessel,pitch_imu,150,15.0,1,True,434304,1.5951892759147532,,0.923632487481252,,1.5951892759147532,0.0,,0.0,0.0,0,0.0
persistence,unseen_vessel,pitch_rate_imu,10,1.0,1,True,434304,0.502358231388074,,0.3082531571401555,,0.502358231388074,0.0,,0.0,0.0,0,0.0
persistence,unseen_vessel,pitch_rate_imu,20,2.0,1,True,434304,0.9243153912028366,,0.5643674232429833,,0.9243153912028366,0.0,,0.0,0.0,0,0.0
persistence,unseen_vessel,pitch_rate_imu,30,3.0,1,True,434304,1.2082169541393608,,0.7365545142590216,,1.2082169541393608,0.0,,0.0,0.0,0,0.0
persistence,unseen_vessel,pitch_rate_imu,50,5.0,1,True,434304,1.2927330978774842,,0.7765858959497868,,1.2927330978774842,0.0,,0.0,0.0,0,0.0
persistence,unseen_vessel,pitch_rate_imu,100,10.0,1,True,434304,0.828925368698733,,0.5086176925438504,,0.828925368698733,0.0,,0.0,0.0,0,0.0
persistence,unseen_vessel,pitch_rate_imu,150,15.0,1,True,434304,1.0505158303719033,,0.6220080428270002,,1.0505158303719033,0.0,,0.0,0.0,0,0.0
persistence,unseen_vessel,roll_imu,10,1.0,1,True,434304,0.9931706630633305,,0.4800866275026116,,0.9931706630633305,0.0,,0.0,0.0,0,0.0
persistence,unseen_vessel,roll_imu,20,2.0,1,True,434304,1.928827508836514,,0.92179962954906,,1.928827508836514,0.0,,0.0,0.0,0,0.0
persistence,unseen_vessel,roll_imu,30,3.0,1,True,434304,2.75530423157012,,1.3017126376647439,,2.75530423157012,0.0,,0.0,0.0,0,0.0
persistence,unseen_vessel,roll_imu,50,5.0,1,True,434304,3.9137864963448616,,1.7883576209253311,,3.9137864963448616,0.0,,0.0,0.0,0,0.0
persistence,unseen_vessel,roll_imu,100,10.0,1,True,434304,3.2713924369681644,,1.3689696685818862,,3.2713924369681644,0.0,,0.0,0.0,0,0.0
persistence,unseen_vessel,roll_imu,150,15.0,1,True,434304,1.6785873893709808,,0.8869004945469817,,1.6785873893709808,0.0,,0.0,0.0,0,0.0
persistence,unseen_vessel,roll_rate_imu,10,1.0,1,True,434304,0.4787839444597766,,0.25287128979401313,,0.4787839444597766,0.0,,0.0,0.0,0,0.0
persistence,unseen_vessel,roll_rate_imu,20,2.0,1,True,434304,0.92536590443907,,0.479359268036377,,0.92536590443907,0.0,,0.0,0.0,0,0.0
persistence,unseen_vessel,roll_rate_imu,30,3.0,1,True,434304,1.313381928288809,,0.6693340452363773,,1.313381928288809,0.0,,0.0,0.0,0,0.0
persistence,unseen_vessel,roll_rate_imu,50,5.0,1,True,434304,1.831999216096455,,0.8920214332061458,,1.831999216096455,0.0,,0.0,0.0,0,0.0
persistence,unseen_vessel,roll_rate_imu,100,10.0,1,True,434304,1.4555866304324458,,0.647447266828887,,1.4555866304324458,0.0,,0.0,0.0,0,0.0
persistence,unseen_vessel,roll_rate_imu,150,15.0,1,True,434304,0.8977888489043433,,0.4945973935392174,,0.8977888489043433,0.0,,0.0,0.0,0,0.0
window_mean,unseen_vessel,heave_imu,10,1.0,1,True,434304,0.684373978727996,,0.4085188245446732,,0.3559215519749067,-2.697246478397327,,-2.8326600943352056,-2.561909467791085,0,0.0
window_mean,unseen_vessel,heave_imu,20,2.0,1,True,434304,0.703964759443412,,0.42005970953880034,,0.6800452818485991,-0.07158388549739758,,-0.11057950670788605,-0.03337421605364453,0,0.0
window_mean,unseen_vessel,heave_imu,30,3.0,1,True,434304,0.7081717210423794,,0.4223478678497184,,0.9445150742254202,0.4378407337768062,,0.4183789667578095,0.4573623100230222,0,0.0
window_mean,unseen_vessel,heave_imu,50,5.0,1,True,434304,0.6738889432591022,,0.4016672028467133,,1.2223364886054213,0.6960549261595332,,0.688934089816005,0.7030089083709873,0,0.0
window_mean,unseen_vessel,heave_imu,100,10.0,1,True,434304,0.612711729921787,,0.3723639881725131,,0.6950580633866985,0.2229119733763063,,0.14068461968068036,0.28973794710071343,0,0.0
window_mean,unseen_vessel,heave_imu,150,15.0,1,True,434304,0.6730320770073841,,0.40052981425061973,,0.9378129353221328,0.4849622176374202,,0.4511096989134507,0.51746423166535,0,0.0
window_mean,unseen_vessel,heave_rate_imu,10,1.0,1,True,434304,0.38661879891979867,,0.23918962119098996,,0.21527238650713715,-2.22544234870748,,-2.3469347348696386,-2.1008127821818223,0,0.0
window_mean,unseen_vessel,heave_rate_imu,20,2.0,1,True,434304,0.3960544031063868,,0.2452538156923131,,0.4085250326910369,0.0601201369194887,,0.02593700631989944,0.09440897087729856,0,0.0
window_mean,unseen_vessel,heave_rate_imu,30,3.0,1,True,434304,0.3967345669147003,,0.2457502581921264,,0.5610158349084816,0.49990807272889015,,0.48378968130517985,0.5158257708607331,0,0.0
window_mean,unseen_vessel,heave_rate_imu,50,5.0,1,True,434304,0.3753459942515577,,0.23264727542760053,,0.699353489908083,0.7119485419453688,,0.7069054205154742,0.7166297733001857,0,0.0
window_mean,unseen_vessel,heave_rate_imu,100,10.0,1,True,434304,0.3539599802303833,,0.22170495433112702,,0.3615215661344632,0.04139452542239308,,-0.04013283880204591,0.11482222727871558,0,0.0
window_mean,unseen_vessel,heave_rate_imu,150,15.0,1,True,434304,0.37840941452301174,,0.2334834428552783,,0.5641307616469378,0.5500499532775995,,0.5268098735809947,0.5720184946814006,0,0.0
window_mean,unseen_vessel,pitch_imu,10,1.0,1,True,434304,1.1097657942005028,,0.6649773523122912,,0.6879361544263667,-1.6023541612663497,,-1.712037472568149,-1.4940585753385878,0,0.0
window_mean,unseen_vessel,pitch_imu,20,2.0,1,True,434304,1.1375734176922383,,0.6815207388225266,,1.2855805302425594,0.21700264113858714,,0.18557512640899584,0.24700330070769655,0,0.0
window_mean,unseen_vessel,pitch_imu,30,3.0,1,True,434304,1.1373855357981821,,0.6803389145230845,,1.7224664882877214,0.563972541350271,,0.5489569200648022,0.5786124511074493,0,0.0
window_mean,unseen_vessel,pitch_imu,50,5.0,1,True,434304,1.0724098168511291,,0.6402778119635616,,1.991103421419128,0.7099092208750395,,0.7043160778105263,0.7149151879283975,0,0.0
window_mean,unseen_vessel,pitch_imu,100,10.0,1,True,434304,1.0481329358364713,,0.6300255976072193,,1.152231781515089,0.17252851578028372,,0.10959267060552759,0.23363478027061185,0,0.0
window_mean,unseen_vessel,pitch_imu,150,15.0,1,True,434304,1.0771922138925978,,0.6447320538225405,,1.5951892759147532,0.5440030177219135,,0.5206952078142314,0.5639029032880937,0,0.0
window_mean,unseen_vessel,pitch_rate_imu,10,1.0,1,True,434304,0.7362607580831918,,0.45050094828707504,,0.502358231388074,-1.1480098163658368,,-1.2273551981249486,-1.0693987932659124,0,0.0
window_mean,unseen_vessel,pitch_rate_imu,20,2.0,1,True,434304,0.7523276821227388,,0.46039293601106374,,0.9243153912028366,0.33751856135707736,,0.3166871790612731,0.35851494015850005,0,0.0
window_mean,unseen_vessel,pitch_rate_imu,30,3.0,1,True,434304,0.7476617213008193,,0.4573121181313005,,1.2082169541393608,0.6170690745878451,,0.6071492447885134,0.6265722353797927,0,0.0
window_mean,unseen_vessel,pitch_rate_imu,50,5.0,1,True,434304,0.7008735665059168,,0.428860185904045,,1.2927330978774842,0.7060580132181016,,0.7010815154329262,0.7104060673862339,0,0.0
window_mean,unseen_vessel,pitch_rate_imu,100,10.0,1,True,434304,0.7099678813434682,,0.43270490620066443,,0.828925368698733,0.266421589383536,,0.22134269499754558,0.31343281690767166,0,0.0
window_mean,unseen_vessel,pitch_rate_imu,150,15.0,1,True,434304,0.7092239726915694,,0.43438408813429885,,1.0505158303719033,0.5442133386866896,,0.5268209691263718,0.5588802593387767,0,0.0
window_mean,unseen_vessel,roll_imu,10,1.0,1,True,434304,2.288056808525956,,1.037080100721828,,0.9931706630633305,-4.307449137313417,,-4.3759183448429475,-4.221587610606029,0,0.0
window_mean,unseen_vessel,roll_imu,20,2.0,1,True,434304,2.430311496664441,,1.0937909379222241,,1.928827508836514,-0.5875854137300733,,-0.6117386177254032,-0.5576340112693321,0,0.0
window_mean,unseen_vessel,roll_imu,30,3.0,1,True,434304,2.520054297281679,,1.1258254848311005,,2.75530423157012,0.16347162256269765,,0.14925006110249747,0.18170470056530647,0,0.0
window_mean,unseen_vessel,roll_imu,50,5.0,1,True,434304,2.5112451559401476,,1.1072308324741025,,3.9137864963448616,0.5882970649558532,,0.5804724917804434,0.5985306988204098,0,0.0
window_mean,unseen_vessel,roll_imu,100,10.0,1,True,434304,1.8934080644082087,,0.8684885112189377,,3.2713924369681644,0.6650167016605285,,0.6507098632456839,0.6754193248598406,0,0.0
window_mean,unseen_vessel,roll_imu,150,15.0,1,True,434304,2.255836735316962,,1.024527929744216,,1.6785873893709808,-0.8060402177975508,,-1.0259053205468909,-0.5898845144869562,0,0.0
window_mean,unseen_vessel,roll_rate_imu,10,1.0,1,True,434304,1.0670649917862547,,0.5151390899914541,,0.4787839444597766,-3.967096379628539,,-4.067948074224392,-3.8450980893206723,0,0.0
window_mean,unseen_vessel,roll_rate_imu,20,2.0,1,True,434304,1.1290341023924129,,0.5406427029237786,,0.92536590443907,-0.4886312531871595,,-0.5215366858647282,-0.4490632855253658,0,0.0
window_mean,unseen_vessel,roll_rate_imu,30,3.0,1,True,434304,1.1657594497039643,,0.5535954146078389,,1.313381928288809,0.2121640096077262,,0.19363705385048563,0.2343132228962728,0,0.0
window_mean,unseen_vessel,roll_rate_imu,50,5.0,1,True,434304,1.1508289112311028,,0.5394836108625963,,1.831999216096455,0.6053873888213723,,0.5964988872503045,0.6165251613693402,0,0.0
window_mean,unseen_vessel,roll_rate_imu,100,10.0,1,True,434304,0.8824323662245352,,0.4367392820528692,,1.4555866304324458,0.6324751220400737,,0.6110944561559007,0.6478080471501628,0,0.0
window_mean,unseen_vessel,roll_rate_imu,150,15.0,1,True,434304,1.0561142308503344,,0.5090041578705756,,0.8977888489043433,-0.38380015699234815,,-0.5474961240497765,-0.22815530147271418,0,0.0
