model,regime,dof,horizon_samples,horizon_s,n_seeds,deterministic,n_windows,rmse_mean,rmse_std,mae_mean,mae_std,rmse_persistence,skill_mean,skill_std,skill_ci_lo,skill_ci_hi,signal_std,nrmse_mean,nrmse_std,n_params,fit_time_s_mean
ar20,id,heave,10,1.0,1,True,418944,0.001862400512969004,,0.0012888148683347853,,0.44162564996543524,0.9999822156668242,,0.9999799467790371,0.9999842605047895,0.7586744785454769,0.002454808439766657,,108900,0.053999768002540804
ar20,id,heave,20,2.0,1,True,418944,0.016174940652662333,,0.011140973499417348,,0.8379625080040977,0.9996274056921136,,0.9995786720907316,0.9996717691415218,0.7587896097620423,0.021316766129329076,,108900,0.053999768002540804
ar20,id,heave,30,3.0,1,True,418944,0.058852603206967335,,0.040171889088017255,,1.1508797207979575,0.9973850012836866,,0.9970286247845725,0.9977047455309509,0.758921162789381,0.07754771653837825,,108900,0.053999768002540804
ar20,id,heave,50,5.0,1,True,418944,0.22309862904164668,,0.1473146474794408,,1.4411635486480023,0.976035561092062,,0.9727392437751945,0.978980483854567,0.7589656362018378,0.2939508963253196,,108900,0.053999768002540804
ar20,id,heave,100,10.0,1,True,418944,0.46880880136454006,,0.3186731751131837,,0.8345105274387918,0.684406628132533,,0.6474815416432814,0.7141397468728046,0.7592839391596414,0.6174354245967684,,108900,0.053999768002540804
ar20,id,heave,150,15.0,1,True,418944,0.6311993230454678,,0.4300718169236094,,1.1055277079536523,0.6740178759564859,,0.6487371965985536,0.695493771186874,0.759468366891061,0.8311067986008793,,108900,0.053999768002540804
ar20,id,heave_rate,10,1.0,1,True,418944,0.005470622301202997,,0.003782753506858557,,0.2851862134952766,0.9996320266139138,,0.9995891436071197,0.9996731329988534,0.4494429055050756,0.01217200724317856,,108900,0.053999768002540804
ar20,id,heave_rate,20,2.0,1,True,418944,0.026314255545210087,,0.018036056587340858,,0.5351005334146711,0.9975816931387366,,0.9972839733146518,0.9978697748794114,0.4494530144731941,0.05854728903321106,,108900,0.053999768002540804
ar20,id,heave_rate,30,3.0,1,True,418944,0.061527169439245986,,0.04143136532521374,,0.7214322878188286,0.9927265120958336,,0.9917774748460269,0.9936105231754103,0.4494430721740169,0.1368964686487006,,108900,0.053999768002540804
ar20,id,heave_rate,50,5.0,1,True,418944,0.10711654777836113,,0.06921493169718995,,0.8521061512116869,0.9841975023587002,,0.9822786372470798,0.9859217016964738,0.44946461013569566,0.23832031568853018,,108900,0.053999768002540804
ar20,id,heave_rate,100,10.0,1,True,418944,0.28861463617274047,,0.19369474404262785,,0.4792648671555359,0.6373518097112849,,0.620849684979846,0.6544559060725095,0.44945174911641034,0.6421482099916976,,108900,0.053999768002540804
ar20,id,heave_rate,150,15.0,1,True,418944,0.40379631330871135,,0.272632021809418,,0.6809671010591867,0.6483809166042669,,0.6233851533079386,0.6710767613978061,0.44946344226262147,0.8983963440407533,,108900,0.053999768002540804
ar20,id,pitch,10,1.0,1,True,418944,0.00820603133320702,,0.005221109236396466,,0.896144552176039,0.9999161486220526,,0.9999026031786106,0.9999278978407748,1.2403442750018743,0.006615930349817288,,108900,0.053999768002540804
ar20,id,pitch,20,2.0,1,True,418944,0.07883157261585796,,0.05198124996577963,,1.639104495310578,0.9976869389361852,,0.9973687954596075,0.9979676431543533,1.240393189409016,0.06355369675434705,,108900,0.053999768002540804
ar20,id,pitch,30,3.0,1,True,418944,0.25051437133541354,,0.17049372849481959,,2.121139296715647,0.986051519144544,,0.9844211807602478,0.9875180550325028,1.2402854523142828,0.2019812220388233,,108900,0.053999768002540804
ar20,id,pitch,50,5.0,1,True,418944,0.5307540489863578,,0.3594098189429168,,2.2310378683281757,0.9434056927395534,,0.9368730810098295,0.9490628493294128,1.240068055500173,0.4280039685179067,,108900,0.053999768002540804
ar20,id,pitch,100,10.0,1,True,418944,1.0487711710097054,,0.6941709499292386,,1.5609168249331924,0.548558003515287,,0.5348446833992003,0.5620860508091333,1.2401273775213297,0.8456963292802291,,108900,0.053999768002540804
ar20,id,pitch,150,15.0,1,True,418944,1.2171023349651304,,0.7843442087238042,,1.7818458997830895,0.5334331192662745,,0.5113161906074034,0.5518715903097065,1.2404643096284043,0.981166749835574,,108900,0.053999768002540804
ar20,id,pitch_rate,10,1.0,1,True,418944,0.026486569330597887,,0.01698696484382796,,0.7531298126630523,0.9987631650723927,,0.9986105063391428,0.9989011433544478,0.9234044534650131,0.028683605792899112,,108900,0.053999768002540804
ar20,id,pitch_rate,20,2.0,1,True,418944,0.1272302100694605,,0.08524019843084886,,1.3418810461838517,0.991010149878108,,0.9900962652229156,0.9918707216819299,0.9235131941570501,0.1377676148802527,,108900,0.053999768002540804
ar20,id,pitch_rate,30,3.0,1,True,418944,0.2248711188011786,,0.15387044165069383,,1.6644452322779302,0.9817472484528391,,0.9798569695306483,0.9834384555820785,0.9236561249822394,0.24345761665955776,,108900,0.053999768002540804
ar20,id,pitch_rate,50,5.0,1,True,418944,0.4244877662091787,,0.2732536379355053,,1.5485057654706453,0.9248542015544375,,0.9153312421858034,0.9327944189690381,0.9236585535052279,0.4595721704717328,,108900,0.053999768002540804
ar20,id,pitch_rate,100,10.0,1,True,418944,0.8172231804704994,,0.5449328665167752,,1.27457983474772,0.5889001982341342,,0.573938883273659,0.602450053334119,0.9237886815931622,0.8846429889800334,,108900,0.053999768002540804
ar20,id,pitch_rate,150,15.0,1,True,418944,0.9085486461017157,,0.584241266682912,,1.3066658063490564,0.5165324627887931,,0.5006817273608399,0.5308731730495618,0.923677262965375,0.9836213172389993,,108900,0.053999768002540804
ar20,id,roll,10,1.0,1,True,418944,0.0069773498077928785,,0.0047534112953709655,,1.9461019988405042,0.9999871456596088,,0.9999839276759818,0.9999895541154032,3.687222002970601,0.0018923053187932797,,108900,0.053999768002540804
ar20,id,roll,20,2.0,1,True,418944,0.05324105779094561,,0.03703478105623416,,3.7473419458437816,0.9997981416578448,,0.9997513073546802,0.9998322757341013,3.6877754460978944,0.014437174543065248,,108900,0.053999768002540804
ar20,id,roll,30,3.0,1,True,418944,0.1712891806150757,,0.12120449745360949,,5.271807875496168,0.9989442995306679,,0.9987214150061188,0.9991036013895856,3.688478647638728,0.046438978499911,,108900,0.053999768002540804
ar20,id,roll,50,5.0,1,True,418944,0.527975132867525,,0.3674015241306989,,7.095209199805059,0.9944627194703032,,0.9935147451825391,0.9951884186664962,3.69030276033271,0.14307095302389872,,108900,0.053999768002540804
ar20,id,roll,100,10.0,1,True,418944,1.0367067787272315,,0.7348659756054294,,3.8042041029288476,0.925734987706362,,0.9134622091533143,0.9345437601531038,3.694076084821685,0.28064034278743716,,108900,0.053999768002540804
ar20,id,roll,150,15.0,1,True,418944,1.5706864675111316,,1.0714070943810632,,5.250462508864866,0.9105080686963236,,0.9003837300143137,0.91872461053567,3.6967972023470375,0.42487763908551107,,108900,0.053999768002540804
ar20,id,roll_rate,10,1.0,1,True,418944,0.019583250786452965,,0.013415185979374399,,1.0679896364574446,0.9996637707480495,,0.9995820124823352,0.9997231054980398,1.9709759416747037,0.009935814218926194,,108900,0.053999768002540804
ar20,id,roll_rate,20,2.0,1,True,418944,0.08026023122680824,,0.056446239651699655,,2.0492628495295913,0.9984660702189168,,0.9981451518039608,0.9986969833546225,1.9713738906856482,0.04071284072799278,,108900,0.053999768002540804
ar20,id,roll_rate,30,3.0,1,True,418944,0.15993957213569807,,0.11367975278017992,,2.8671756238298993,0.9968882602452603,,0.9963301675343,0.9972936894535998,1.971717923838755,0.08111686271244636,,108900,0.053999768002540804
ar20,id,roll_rate,50,5.0,1,True,418944,0.24266142829759077,,0.1636369539131254,,3.800309070429258,0.9959227845374806,,0.9953408914211415,0.9964042269073747,1.9722164496629107,0.1230399575761911,,108900,0.053999768002540804
ar20,id,roll_rate,100,10.0,1,True,418944,0.6455481351179784,,0.43697462751837385,,1.963739939712071,0.8919339405785707,,0.8776801687781214,0.9033407175860688,1.9739519724102126,0.3270333544791155,,108900,0.053999768002540804
ar20,id,roll_rate,150,15.0,1,True,418944,0.9907506233432456,,0.6676940138194565,,2.8964304976072257,0.8829955215336187,,0.8703267797262586,0.8933932765404923,1.975553636862926,0.5015053020359928,,108900,0.053999768002540804
damped_persistence,id,heave,10,1.0,1,True,418944,0.525037967823513,,0.34065862238085753,,0.44162564996543524,-0.4134252366696729,,-0.44547910035607735,-0.3788441271614944,0.7586744785454769,0.6920464344999591,,6,0.13260624000395183
damped_persistence,id,heave,20,2.0,1,True,418944,0.7376156784188458,,0.4761613761029762,,0.8379625080040977,0.22516165868908766,,0.20765143807286654,0.24392041967249142,0.7587896097620423,0.9720951221909367,,6,0.13260624000395183
damped_persistence,id,heave,30,3.0,1,True,418944,0.8016145592752734,,0.5140089964481912,,1.1508797207979575,0.514855270476646,,0.5046250120382105,0.525926464795738,0.758921162789381,1.0562553774742223,,6,0.13260624000395183
damped_persistence,id,heave,50,5.0,1,True,418944,0.7844841557660486,,0.4982160682739523,,1.4411635486480023,0.7036930656830358,,0.7003986507607477,0.7073483115713336,0.7589656362018378,1.0336227601712187,,6,0.13260624000395183
damped_persistence,id,heave,100,10.0,1,True,418944,0.7449384731961743,,0.4790883922542543,,0.8345105274387918,0.20314891276753633,,0.13526890383962697,0.25736406528330225,0.7592839391596414,0.9811065857927348,,6,0.13260624000395183
damped_persistence,id,heave,150,15.0,1,True,418944,0.7708051495094288,,0.4901939282317483,,1.1055277079536523,0.5138727669397885,,0.4883071946770106,0.5385349851730608,0.759468366891061,1.0149272611113163,,6,0.13260624000395183
damped_persistence,id,heave_rate,10,1.0,1,True,418944,0.32807185403773426,,0.22016722306464195,,0.2851862134952766,-0.3233688017133358,,-0.35286875065561346,-0.29216913407045825,0.4494429055050756,0.7299522364671731,,6,0.13260624000395183
damped_persistence,id,heave_rate,20,2.0,1,True,418944,0.44722722117715485,,0.299079843630887,,0.5351005334146711,0.3014689884027929,,0.2860790645744497,0.31770475770540113,0.4494530144731941,0.9950477731278583,,6,0.13260624000395183
damped_persistence,id,heave_rate,30,3.0,1,True,418944,0.4755342809321116,,0.3165184387264719,,0.7214322878188286,0.5655172785164004,,0.5569989201045256,0.5745011814894689,0.4494430721740169,1.0580523104558892,,6,0.13260624000395183
damped_persistence,id,heave_rate,50,5.0,1,True,418944,0.4581649561334308,,0.30341642252296447,,0.8521061512116869,0.710894512374632,,0.7084609203187832,0.7131962137232084,0.44946461013569566,1.0193571324672446,,6,0.13260624000395183
damped_persistence,id,heave_rate,100,10.0,1,True,418944,0.4456194273588191,,0.2972398446059451,,0.4792648671555359,0.1354760190643327,,0.08162454333689459,0.18650458278919824,0.44945174911641034,0.9914733410980705,,6,0.13260624000395183
damped_persistence,id,heave_rate,150,15.0,1,True,418944,0.4537703421729257,,0.3007254319647322,,0.6809671010591867,0.5559621883683808,,0.5390059797810449,0.5712643063920863,0.44946344226262147,1.0095823141669167,,6,0.13260624000395183
damped_persistence,id,pitch,10,1.0,1,True,418944,0.9726821776996732,,0.61481139665276,,0.896144552176039,-0.17810982787298624,,-0.21182601346057311,-0.14603309109985615,1.2403442750018743,0.7842033839340319,,6,0.13260624000395183
damped_persistence,id,pitch,20,2.0,1,True,418944,1.2671920382096402,,0.7993165580116434,,1.639104495310578,0.40231605711645635,,0.38548507938255316,0.4182007516164115,1.240393189409016,1.021605124108584,,6,0.13260624000395183
damped_persistence,id,pitch,30,3.0,1,True,418944,1.3069550500413611,,0.8221188081742077,,2.121139296715647,0.620350420984716,,0.6110642545123902,0.629070291039629,1.2402854523142828,1.0537534303919132,,6,0.13260624000395183
damped_persistence,id,pitch,50,5.0,1,True,418944,1.2445431030785332,,0.7817540464164008,,2.2310378683281757,0.6888240663979361,,0.6835011148149687,0.6932712322031339,1.240068055500173,1.0036087112787977,,6,0.13260624000395183
damped_persistence,id,pitch,100,10.0,1,True,418944,1.2394018294650366,,0.7801649360644477,,1.5609168249331924,0.36952954138092886,,0.3389286705257137,0.40104769674262336,1.2401273775213297,0.9994149406992826,,6,0.13260624000395183
damped_persistence,id,pitch,150,15.0,1,True,418944,1.2468611295203604,,0.7841357322320183,,1.7818458997830895,0.5103385793388964,,0.4920657923141981,0.5268422340232157,1.2404643096284043,1.0051567947923246,,6,0.13260624000395183
damped_persistence,id,pitch_rate,10,1.0,1,True,418944,0.7732337906954659,,0.4871240395457152,,0.7531298126630523,-0.054100381000037556,,-0.08114345704733356,-0.02884590032047703,0.9234044534650131,0.8373728194551783,,6,0.13260624000395183
damped_persistence,id,pitch_rate,20,2.0,1,True,418944,0.9588989601182615,,0.6052326655318571,,1.3418810461838517,0.48935667640929625,,0.47753589544521163,0.5005646532068632,0.9235131941570501,1.038316470392727,,6,0.13260624000395183
damped_persistence,id,pitch_rate,30,3.0,1,True,418944,0.9632280793520243,,0.6087951098651859,,1.6644452322779302,0.665096836649776,,0.6600301859414917,0.6700963978616995,0.9236561249822394,1.042842734757533,,6,0.13260624000395183
damped_persistence,id,pitch_rate,50,5.0,1,True,418944,0.9162766519990873,,0.5797384098975126,,1.5485057654706453,0.6498714000377319,,0.6393414802449024,0.6588183506390792,0.9236585535052279,0.9920079758065069,,6,0.13260624000395183
damped_persistence,id,pitch_rate,100,10.0,1,True,418944,0.928461624076907,,0.5859141431157509,,1.27457983474772,0.4693675203709664,,0.4477332769149856,0.4908211917604985,0.9237886815931622,1.0050584539265905,,6,0.13260624000395183
damped_persistence,id,pitch_rate,150,15.0,1,True,418944,0.9251266124479678,,0.58516056331893,,1.3066658063490564,0.498728174159087,,0.4850912900174984,0.5114413744269607,0.923677262965375,1.0015691081081066,,6,0.13260624000395183
damped_persistence,id,roll,10,1.0,1,True,418944,2.425907878615154,,1.2661525759095882,,1.9461019988405042,-0.5538797694395046,,-0.5647895150544084,-0.5413653601324842,3.687222002970601,0.6579229231819315,,6,0.13260624000395183
damped_persistence,id,roll,20,2.0,1,True,418944,3.5030273479367553,,1.8202404208658305,,3.7473419458437816,0.12614292465027432,,0.11999509228174224,0.13301389914895392,3.6877754460978944,0.9499025629782788,,6,0.13260624000395183
damped_persistence,id,roll,30,3.0,1,True,418944,3.9021202397150936,,2.0160516993915776,,5.271807875496168,0.4521241643391275,,0.4484050831823919,0.45636653657726983,3.688478647638728,1.0579213308481896,,6,0.13260624000395183
damped_persistence,id,roll,50,5.0,1,True,418944,3.9168762146690823,,2.0057372296291565,,7.095209199805059,0.6952460920341225,,0.6939126612420374,0.6966441169762925,3.69030276033271,1.061396982592275,,6,0.13260624000395183
damped_persistence,id,roll,100,10.0,1,True,418944,3.5163608030404263,,1.8236541244719202,,3.8042041029288476,0.14560393132687643,,0.11391724313717871,0.1747209902038096,3.694076084821685,0.9518918187658723,,6,0.13260624000395183
damped_persistence,id,roll,150,15.0,1,True,418944,3.861129481865237,,1.9793455043502923,,5.250462508864866,0.4592038288144916,,0.4439740164593434,0.4744771835063357,3.6967972023470375,1.044452608710553,,6,0.13260624000395183
damped_persistence,id,roll_rate,10,1.0,1,True,418944,1.3174803982464791,,0.7160617268652734,,1.0679896364574446,-0.5217883252574487,,-0.5362475651469184,-0.5052668526036391,1.9709759416747037,0.6684406290251514,,6,0.13260624000395183
damped_persistence,id,roll_rate,20,2.0,1,True,418944,1.8892512266754624,,1.0206365686437813,,2.0492628495295913,0.15006817394510508,,0.14205840616398988,0.15918905586124507,1.9713738906856482,0.9583424207867421,,6,0.13260624000395183
damped_persistence,id,roll_rate,30,3.0,1,True,418944,2.092056097812878,,1.1217463001488812,,2.8671756238298993,0.4675999835563306,,0.46283780933204993,0.47292496126188927,1.971717923838755,1.0610321448718363,,6,0.13260624000395183
damped_persistence,id,roll_rate,50,5.0,1,True,418944,2.085356940021518,,1.1065507818546856,,3.800309070429258,0.6988915336400114,,0.6975232008837023,0.7002876775126134,1.9722164496629107,1.0573671771057103,,6,0.13260624000395183
damped_persistence,id,roll_rate,100,10.0,1,True,418944,1.8848859716453112,,1.0159943288404034,,1.963739939712071,0.07869756696927033,,0.04493655941031129,0.11027670474736918,1.9739519724102126,0.954879347618498,,6,0.13260624000395183
damped_persistence,id,roll_rate,150,15.0,1,True,418944,2.0613554556999074,,1.094819436809973,,2.8964304976072257,0.4934998821797446,,0.4793096237151984,0.5070406854478221,1.975553636862926,1.0434317840001703,,6,0.13260624000395183
dlinear_ols,id,heave,10,1.0,1,True,418944,0.004185536323496781,,0.002190519527751577,,0.44162564996543524,0.9999101757393396,,0.9998812878363449,0.9999373002663309,0.7586744785454769,0.005516906712772583,,120300,0.6369746619893704
dlinear_ols,id,heave,20,2.0,1,True,418944,0.037694322154978276,,0.019562204333618532,,0.8379625080040977,0.9979765023701733,,0.9973191429411582,0.998594525299039,0.7587896097620423,0.049676908684607946,,120300,0.6369746619893704
dlinear_ols,id,heave,30,3.0,1,True,418944,0.11834641303544081,,0.06053455088008961,,1.1508797207979575,0.9894257317456997,,0.9859370303569552,0.9926973527445462,0.758921162789381,0.15594032534349658,,120300,0.6369746619893704
dlinear_ols,id,heave,50,5.0,1,True,418944,0.1412133857409016,,0.07839004134737998,,1.4411635486480023,0.9903988071356361,,0.987726569278622,0.9929418062411158,0.7589656362018378,0.18606031552046132,,120300,0.6369746619893704
dlinear_ols,id,heave,100,10.0,1,True,418944,0.3987022316889226,,0.2622201054001177,,0.8345105274387918,0.7717379602931311,,0.7521218839869509,0.7902265836062284,0.7592839391596414,0.5251029438739312,,120300,0.6369746619893704
dlinear_ols,id,heave,150,15.0,1,True,418944,0.629706648513189,,0.4083654637811149,,1.1055277079536523,0.6755578328382366,,0.6350561586387011,0.712037006026929,0.759468366891061,0.829141378318282,,120300,0.6369746619893704
dlinear_ols,id,heave_rate,10,1.0,1,True,418944,0.0020229618942655607,,0.0013057105147336544,,0.2851862134952766,0.9999496825816567,,0.9999421273915459,0.9999565170215076,0.4494429055050756,0.004501043112455394,,120300,0.6369746619893704
dlinear_ols,id,heave_rate,20,2.0,1,True,418944,0.017914369423512714,,0.0115222061978805,,0.5351005334146711,0.9988791892599946,,0.9987025555307639,0.9990387533393907,0.4494530144731941,0.03985815835390542,,120300,0.6369746619893704
dlinear_ols,id,heave_rate,30,3.0,1,True,418944,0.05483334558294307,,0.035006696525667215,,0.7214322878188286,0.9942230535942158,,0.9932666920080125,0.995096282933809,0.4494430721740169,0.12200287194929217,,120300,0.6369746619893704
dlinear_ols,id,heave_rate,50,5.0,1,True,418944,0.07321890807877234,,0.04842012965046834,,0.8521061512116869,0.9926165541351596,,0.9916856792770087,0.993467573193389,0.44946461013569566,0.16290249872324136,,120300,0.6369746619893704
dlinear_ols,id,heave_rate,100,10.0,1,True,418944,0.2570873030465503,,0.17645302030746315,,0.4792648671555359,0.7122534873283701,,0.6937201399443926,0.7298843074526291,0.44945174911641034,0.5720020081175907,,120300,0.6369746619893704
dlinear_ols,id,heave_rate,150,15.0,1,True,418944,0.38421235019542493,,0.261909301700195,,0.6809671010591867,0.6816606097465949,,0.6602560172476957,0.7001203530208043,0.44946344226262147,0.854824473067889,,120300,0.6369746619893704
dlinear_ols,id,pitch,10,1.0,1,True,418944,0.008231100316139326,,0.004752967957803957,,0.896144552176039,0.9999156355166231,,0.999904584935367,0.9999262688184641,1.2403442750018743,0.006636141660045868,,120300,0.6369746619893704
dlinear_ols,id,pitch,20,2.0,1,True,418944,0.06812444357456475,,0.04021950852793464,,1.639104495310578,0.9982726010414262,,0.9980672472605187,0.9984692024061946,1.240393189409016,0.05492165238912877,,120300,0.6369746619893704
dlinear_ols,id,pitch,30,3.0,1,True,418944,0.19075311624396185,,0.11522301079834348,,2.121139296715647,0.9919126748663903,,0.9910524075690573,0.9927285854881924,1.2402854523142828,0.1537977534833053,,120300,0.6369746619893704
dlinear_ols,id,pitch,50,5.0,1,True,418944,0.2896623528866717,,0.1736550144156294,,2.2310378683281757,0.9831433905597786,,0.980704772510459,0.9851984112951374,1.240068055500173,0.23358585168121143,,120300,0.6369746619893704
dlinear_ols,id,pitch,100,10.0,1,True,418944,0.9574704748547679,,0.5958288949449286,,1.5609168249331924,0.6237372219741775,,0.6033056143362245,0.6439827814895689,1.2401273775213297,0.772074298342228,,120300,0.6369746619893704
dlinear_ols,id,pitch,150,15.0,1,True,418944,1.1968814127322471,,0.7532097268320047,,1.7818458997830895,0.5488074074247404,,0.5222384951826453,0.5725709836643883,1.2404643096284043,0.964865658320139,,120300,0.6369746619893704
dlinear_ols,id,pitch_rate,10,1.0,1,True,418944,0.012484266202756698,,0.005691880677443473,,0.7531298126630523,0.9997252192135712,,0.999662961367056,0.9997844103751445,0.9234044534650131,0.013519824553488267,,120300,0.6369746619893704
dlinear_ols,id,pitch_rate,20,2.0,1,True,418944,0.09342235451576127,,0.04523833365205322,,1.3418810461838517,0.995152993747643,,0.9941220165488864,0.9961000519524991,0.9235131941570501,0.10115973990066689,,120300,0.6369746619893704
dlinear_ols,id,pitch_rate,30,3.0,1,True,418944,0.22783392996469362,,0.11916497333175409,,1.6644452322779302,0.9812630980569194,,0.977827984490281,0.9843969707896515,0.9236561249822394,0.2466653160223179,,120300,0.6369746619893704
dlinear_ols,id,pitch_rate,50,5.0,1,True,418944,0.3566591116468477,,0.18568979875369768,,1.5485057654706453,0.9469505368040755,,0.9353078747561352,0.9565689503162312,0.9236585535052279,0.3861373992514313,,120300,0.6369746619893704
dlinear_ols,id,pitch_rate,100,10.0,1,True,418944,0.9313027060634482,,0.5498448548632363,,1.27457983474772,0.46611509309926913,,0.433634950630579,0.49734303752124237,0.9237886815931622,1.0081339213393774,,120300,0.6369746619893704
dlinear_ols,id,pitch_rate,150,15.0,1,True,418944,0.9798504646248792,,0.6065147364138576,,1.3066658063490564,0.4376709069287329,,0.41016896313681755,0.4621098185930651,0.923677262965375,1.0608147498176643,,120300,0.6369746619893704
dlinear_ols,id,roll,10,1.0,1,True,418944,0.009984886564470195,,0.005323810262780971,,1.9461019988405042,0.9999736758065754,,0.9999714514624555,0.9999757454300912,3.687222002970601,0.0027079699992096752,,120300,0.6369746619893704
dlinear_ols,id,roll,20,2.0,1,True,418944,0.08982043303162966,,0.04768947719572609,,3.7473419458437816,0.9994254819996042,,0.9993765509373289,0.9994706292015558,3.6877754460978944,0.02435626418812197,,120300,0.6369746619893704
dlinear_ols,id,roll,30,3.0,1,True,418944,0.28117334130226834,,0.14824217886248905,,5.271807875496168,0.9971553480660287,,0.9969060295387213,0.9973854811095115,3.688478647638728,0.07623016646233495,,120300,0.6369746619893704
dlinear_ols,id,roll,50,5.0,1,True,418944,0.35690291863252027,,0.19357453694260324,,7.095209199805059,0.9974697129722679,,0.9972925827590963,0.9976420372072811,3.69030276033271,0.09671372291425288,,120300,0.6369746619893704
dlinear_ols,id,roll,100,10.0,1,True,418944,1.1813571036391606,,0.6698815620847622,,3.8042041029288476,0.9035649799875938,,0.8971882392757511,0.9085831545725906,3.694076084821685,0.3197977184317213,,120300,0.6369746619893704
dlinear_ols,id,roll,150,15.0,1,True,418944,1.9715465230593674,,1.0986851240616635,,5.250462508864866,0.8590000573848598,,0.8522922071295069,0.8650892962970821,3.6967972023470375,0.5333120577476265,,120300,0.6369746619893704
dlinear_ols,id,roll_rate,10,1.0,1,True,418944,0.00535919935758651,,0.003145619872918555,,1.0679896364574446,0.9999748194188776,,0.9999735321127895,0.9999760702111523,1.9709759416747037,0.00271905873850134,,120300,0.6369746619893704
dlinear_ols,id,roll_rate,20,2.0,1,True,418944,0.047897432604204704,,0.027897360796075774,,2.0492628495295913,0.9994537025967611,,0.9994256346181492,0.9994808513935383,1.9713738906856482,0.024296473048826813,,120300,0.6369746619893704
dlinear_ols,id,roll_rate,30,3.0,1,True,418944,0.14855216244952318,,0.08550260189412615,,2.8671756238298993,0.9973155868051752,,0.9971793908396774,0.9974517832772914,1.971717923838755,0.07534148807670504,,120300,0.6369746619893704
dlinear_ols,id,roll_rate,50,5.0,1,True,418944,0.19482280649626574,,0.11542563410249194,,3.800309070429258,0.9973719008001973,,0.9972253886228379,0.9975049550565225,1.9722164496629107,0.09878368397625152,,120300,0.6369746619893704
dlinear_ols,id,roll_rate,100,10.0,1,True,418944,0.677427132311893,,0.4089855719818487,,1.963739939712071,0.8809971869106963,,0.8712107668602433,0.8890055561674793,1.9739519724102126,0.3431831887402755,,120300,0.6369746619893704
dlinear_ols,id,roll_rate,150,15.0,1,True,418944,1.1060364706176238,,0.6484455855892887,,2.8964304976072257,0.8541814846920459,,0.8477821888613063,0.8596006464148159,1.975553636862926,0.559861524374479,,120300,0.6369746619893704
persistence,id,heave,10,1.0,1,True,418944,0.44162564996543524,,0.2931625337436568,,0.44162564996543524,0.0,,0.0,0.0,0.7586744785454769,0.5821016291626357,,0,0.0
persistence,id,heave,20,2.0,1,True,418944,0.8379625080040977,,0.5539204446954937,,0.8379625080040977,0.0,,0.0,0.0,0.7587896097620423,1.1043410416055697,,0,0.0
persistence,id,heave,30,3.0,1,True,418944,1.1508797207979575,,0.7549037770310405,,1.1508797207979575,0.0,,0.0,0.0,0.758921162789381,1.5164680828874901,,0,0.0
persistence,id,heave,50,5.0,1,True,418944,1.4411635486480023,,0.9158137001567783,,1.4411635486480023,0.0,,0.0,0.0,0.7589656362018378,1.8988521744675437,,0,0.0
persistence,id,heave,100,10.0,1,True,418944,0.8345105274387918,,0.5183215930104049,,0.8345105274387918,0.0,,0.0,0.0,0.7592839391596414,1.099075700669251,,0,0.0
persistence,id,heave,150,15.0,1,True,418944,1.1055277079536523,,0.698744518148866,,1.1055277079536523,0.0,,0.0,0.0,0.759468366891061,1.4556599802559393,,0,0.0
persistence,id,heave_rate,10,1.0,1,True,418944,0.2851862134952766,,0.1935198108127953,,0.2851862134952766,0.0,,0.0,0.0,0.4494429055050756,0.634532684801843,,0,0.0
persistence,id,heave_rate,20,2.0,1,True,418944,0.5351005334146711,,0.3622089321642084,,0.5351005334146711,0.0,,0.0,0.0,0.4494530144731941,1.1905594493383582,,0,0.0
persistence,id,heave_rate,30,3.0,1,True,418944,0.7214322878188286,,0.48584774840348066,,0.7214322878188286,0.0,,0.0,0.0,0.4494430721740169,1.605169447443395,,0,0.0
persistence,id,heave_rate,50,5.0,1,True,418944,0.8521061512116869,,0.5594398873690611,,0.8521061512116869,0.0,,0.0,0.0,0.44946461013569566,1.895824792422326,,0,0.0
persistence,id,heave_rate,100,10.0,1,True,418944,0.4792648671555359,,0.3222884401466384,,0.4792648671555359,0.0,,0.0,0.0,0.44945174911641034,1.0663321882665626,,0,0.0
persistence,id,heave_rate,150,15.0,1,True,418944,0.6809671010591867,,0.43917276994544074,,0.6809671010591867,0.0,,0.0,0.0,0.44946344226262147,1.5150667151730166,,0,0.0
persistence,id,pitch,10,1.0,1,True,418944,0.896144552176039,,0.5664447414439322,,0.896144552176039,0.0,,0.0,0.0,1.2403442750018743,0.7224966247171052,,0,0.0
persistence,id,pitch,20,2.0,1,True,418944,1.639104495310578,,1.0363909539333016,,1.639104495310578,0.0,,0.0,0.0,1.240393189409016,1.3214394510594882,,0,0.0
persistence,id,pitch,30,3.0,1,True,418944,2.121139296715647,,1.3391519033656052,,2.121139296715647,0.0,,0.0,0.0,1.2402854523142828,1.7102025124601397,,0,0.0
persistence,id,pitch,50,5.0,1,True,418944,2.2310378683281757,,1.3765761082062675,,2.2310378683281757,0.0,,0.0,0.0,1.240068055500173,1.7991253451233382,,0,0.0
persistence,id,pitch,100,10.0,1,True,418944,1.5609168249331924,,0.984611404693464,,1.5609168249331924,0.0,,0.0,0.0,1.2401273775213297,1.2586745952282996,,0,0.0
persistence,id,pitch,150,15.0,1,True,418944,1.7818458997830895,,1.100853724427489,,1.7818458997830895,0.0,,0.0,0.0,1.2404643096284043,1.4364346365731897,,0,0.0
persistence,id,pitch_rate,10,1.0,1,True,418944,0.7531298126630523,,0.466492717342859,,0.7531298126630523,0.0,,0.0,0.0,0.9234044534650131,0.8156012350135234,,0,0.0
persistence,id,pitch_rate,20,2.0,1,True,418944,1.3418810461838517,,0.8356521175050832,,1.3418810461838517,0.0,,0.0,0.0,0.9235131941570501,1.4530177312828463,,0,0.0
persistence,id,pitch_rate,30,3.0,1,True,418944,1.6644452322779302,,1.0431568186557294,,1.6644452322779302,0.0,,0.0,0.0,0.9236561249822394,1.802018291504249,,0,0.0
persistence,id,pitch_rate,50,5.0,1,True,418944,1.5485057654706453,,0.9687776593229621,,1.5485057654706453,0.0,,0.0,0.0,0.9236585535052279,1.6764915558830267,,0,0.0
persistence,id,pitch_rate,100,10.0,1,True,418944,1.27457983474772,,0.7936618316874333,,1.27457983474772,0.0,,0.0,0.0,0.9237886815931622,1.3797309494521894,,0,0.0
persistence,id,pitch_rate,150,15.0,1,True,418944,1.3066658063490564,,0.8170022400918989,,1.3066658063490564,0.0,,0.0,0.0,0.923677262965375,1.414634590175073,,0,0.0
persistence,id,roll,10,1.0,1,True,418944,1.9461019988405042,,1.0387516077042767,,1.9461019988405042,0.0,,0.0,0.0,3.687222002970601,0.5277962643075551,,0,0.0
persistence,id,roll,20,2.0,1,True,418944,3.7473419458437816,,1.9913290181957841,,3.7473419458437816,0.0,,0.0,0.0,3.6877754460978944,1.0161524205083896,,0,0.0
persistence,id,roll,30,3.0,1,True,418944,5.271807875496168,,2.7807735313689306,,5.271807875496168,0.0,,0.0,0.0,3.688478647638728,1.429263492923037,,0,0.0
persistence,id,roll,50,5.0,1,True,418944,7.095209199805059,,3.655753237918966,,7.095209199805059,0.0,,0.0,0.0,3.69030276033271,1.9226631690147207,,0,0.0
persistence,id,roll,100,10.0,1,True,418944,3.8042041029288476,,1.8855042576553995,,3.8042041029288476,0.0,,0.0,0.0,3.694076084821685,1.0298120600600673,,0,0.0
persistence,id,roll,150,15.0,1,True,418944,5.250462508864866,,2.77731747812025,,5.250462508864866,0.0,,0.0,0.0,3.6967972023470375,1.4202733397253795,,0,0.0
persistence,id,roll_rate,10,1.0,1,True,418944,1.0679896364574446,,0.5970396429321411,,1.0679896364574446,0.0,,0.0,0.0,1.9709759416747037,0.541858281410575,,0,0.0
persistence,id,roll_rate,20,2.0,1,True,418944,2.0492628495295913,,1.1384119050884627,,2.0492628495295913,0.0,,0.0,0.0,1.9713738906856482,1.0395099880402967,,0,0.0
persistence,id,roll_rate,30,3.0,1,True,418944,2.8671756238298993,,1.5763362629665632,,2.8671756238298993,0.0,,0.0,0.0,1.971717923838755,1.4541510168187597,,0,0.0
persistence,id,roll_rate,50,5.0,1,True,418944,3.800309070429258,,2.022969934052566,,3.800309070429258,0.0,,0.0,0.0,1.9722164496629107,1.926922915118573,,0,0.0
persistence,id,roll_rate,100,10.0,1,True,418944,1.963739939712071,,1.0319169591114148,,1.963739939712071,0.0,,0.0,0.0,1.9739519724102126,0.9948266052868183,,0,0.0
persistence,id,roll_rate,150,15.0,1,True,418944,2.8964304976072257,,1.5734262674133417,,2.8964304976072257,0.0,,0.0,0.0,1.975553636862926,1.466136096515508,,0,0.0
tcn_l400,id,heave,10,1.0,3,False,418944,0.019838521368977218,0.0010467001809411837,0.013887582826683918,0.0008678682093774967,0.44162564996543524,0.9979783068324467,0.00021611340216809064,0.9976271610150319,0.9982122577785822,0.7586744785454769,0.02614892411698287,0.0013796433260123712,221636,8499.57041154666
tcn_l400,id,heave,20,2.0,3,False,418944,0.02828624236429465,0.00027162537531567817,0.01956488894077372,0.00012581069941294506,0.8379625080040977,0.9988604640311131,2.190048265892867e-05,0.9987748302958375,0.9989357492094086,0.7587896097620423,0.03727810976901128,0.00035797192241583263,221636,8499.57041154666
tcn_l400,id,heave,30,3.0,3,False,418944,0.03768903411735902,0.0006585072621664457,0.025722818507018023,0.000270378904553847,1.1508797207979575,0.99892734881417,3.745891357144525e-05,0.998833223669665,0.9990139887688386,0.758921162789381,0.04966132974713031,0.0008676886275593262,221636,8499.57041154666
tcn_l400,id,heave,50,5.0,3,False,418944,0.06421993909864682,0.0004137037051218199,0.04024696918066561,0.0004582862453524338,1.4411635486480023,0.9980142468695656,2.5629908780879086e-05,0.9978120657747225,0.998190637892056,0.7589656362018378,0.0846150814153176,0.0005450888490711634,221636,8499.57041154666
tcn_l400,id,heave,100,10.0,3,False,418944,0.2133347573137134,0.0006569009290685684,0.12866378505556272,0.0007310411933951829,0.8345105274387918,0.934647479503063,0.00040274900018021174,0.9237555813888509,0.9437112549770363,0.7592839391596414,0.28096835230023115,0.000865158467325956,221636,8499.57041154666
tcn_l400,id,heave,150,15.0,3,False,418944,0.4051062516030291,0.0004306076137661636,0.25126267013220915,0.0006826218730322706,1.1055277079536523,0.8657238272804274,0.0002855193599727006,0.8599439994376628,0.8713264401990967,0.759468366891061,0.5334076694482497,0.0005669855816758904,221636,8499.57041154666
tcn_l400,id,heave_rate,10,1.0,3,False,418944,0.015579400788538228,0.00029649632353279386,0.010878997400497947,0.0002102053155804439,0.2851862134952766,0.9970149658902591,0.00011296675181437248,0.9967634647330897,0.9972920705352692,0.4494429055050756,0.03466380400649641,0.0006596974162927275,221636,8499.57041154666
tcn_l400,id,heave_rate,20,2.0,3,False,418944,0.02114425787456529,0.0007146870554971319,0.014310372731987079,0.000584310837624725,0.5351005334146711,0.998437410936217,0.00010629329527589512,0.9982266665976414,0.99858559762793,0.4494530144731941,0.04704442331830518,0.0015901262923663313,221636,8499.57041154666
tcn_l400,id,heave_rate,30,3.0,3,False,418944,0.028830102072267317,0.0005106507736987409,0.018815924257875098,0.0002947053047257938,0.7214322878188286,0.9984026796160416,5.6861246564474455e-05,0.9982258949961527,0.9985404471293402,0.4494430721740169,0.06414628204816289,0.0011361856602409147,221636,8499.57041154666
tcn_l400,id,heave_rate,50,5.0,3,False,418944,0.043247571322601465,0.00034429128363624284,0.027790905065388793,0.00024866504781104843,0.8521061512116869,0.9974239493648273,4.1082667610712824e-05,0.9971132625419524,0.9976797700947646,0.44946461013569566,0.09622019252982968,0.0007660030976238612,221636,8499.57041154666
tcn_l400,id,heave_rate,100,10.0,3,False,418944,0.14839302875501484,0.00026012523395630934,0.08886025299423778,7.524024320940934e-05,0.4792648671555359,0.9041313305417966,0.00033613713129312803,0.8911438156830875,0.9160714952560488,0.44945174911641034,0.33016453723173805,0.0005787612006576905,221636,8499.57041154666
tcn_l400,id,heave_rate,150,15.0,3,False,418944,0.2689243708230468,0.0006243934320452169,0.17028085438255167,0.00046506791832133477,0.6809671010591867,0.844041294505956,0.0007246777617895722,0.8348913495858669,0.8525232619611615,0.44946344226262147,0.5983231238324258,0.0013891973703178124,221636,8499.57041154666
tcn_l400,id,pitch,10,1.0,3,False,418944,0.043057651993693484,0.004231873677647714,0.02987162997236914,0.002804400767355942,0.896144552176039,0.9976765552041648,0.00046074948332760053,0.9969926441637684,0.9981870210975433,1.2403442750018743,0.03471427478764186,0.0034118540819171508,221636,8499.57041154666
tcn_l400,id,pitch,20,2.0,3,False,418944,0.07022711103069346,0.002657446111924972,0.046427514378050296,0.0021930400673172215,1.639104495310578,0.9981625703958033,0.00013741093321128803,0.9979635513479816,0.9984393204061206,1.240393189409016,0.05661681443458511,0.0021424223662426856,221636,8499.57041154666
tcn_l400,id,pitch,30,3.0,3,False,418944,0.09500724952692874,0.0010696115712305243,0.06147132407808011,0.0010744670386855922,2.121139296715647,0.9979936263914212,4.517616997257618e-05,0.9978159193582246,0.998178298743313,1.2402854523142828,0.07660111577512425,0.0008623914512862351,221636,8499.57041154666
tcn_l400,id,pitch,50,5.0,3,False,418944,0.20306601345269518,0.0005087461836102051,0.1122568446052697,0.00031068316074314733,2.2310378683281757,0.9917155740664013,4.1491336290745284e-05,0.9900194597445275,0.9932020461292146,1.240068055500173,0.16375392669137814,0.0004102566640223907,221636,8499.57041154666
tcn_l400,id,pitch,100,10.0,3,False,418944,0.5780491475852317,0.00024196195187418593,0.32787215231798456,0.0002615229184830666,1.5609168249331924,0.8628581330874102,0.00011482181176413805,0.8472963557917835,0.8770264303443669,1.2401273775213297,0.4661207857055712,0.0001951105638501055,221636,8499.57041154666
tcn_l400,id,pitch,150,15.0,3,False,418944,0.9001573490895339,0.0011563669983727207,0.5358809130050189,0.0014050025144867302,1.7818458997830895,0.7447903706581284,0.0006555934298891385,0.73041892652682,0.7589812009883208,1.2404643096284043,0.7256616269428878,0.0009322049730871587,221636,8499.57041154666
tcn_l400,id,pitch_rate,10,1.0,3,False,418944,0.04200525119743475,0.0010515275158613185,0.027870571786227528,0.0008748869072931779,0.7531298126630523,0.9968879333248909,0.0001546932851545599,0.9965501490421668,0.9972892138436062,0.9234044534650131,0.04548954798713919,0.0011387507520843445,221636,8499.57041154666
tcn_l400,id,pitch_rate,20,2.0,3,False,418944,0.06605647423476953,0.0007919008959048542,0.04231029421925462,0.00036430939030231434,1.3418810461838517,0.9975764925986601,5.8274987498897125e-05,0.9973444815185718,0.9977802475551985,0.9235131941570501,0.07152737465225227,0.0008574873655461655,221636,8499.57041154666
tcn_l400,id,pitch_rate,30,3.0,3,False,418944,0.10022799326144534,0.0010043459648986176,0.05914473510998927,0.0009509621055638979,1.6644452322779302,0.9963736633208916,7.25928088894638e-05,0.9957827317266331,0.9969398760491779,0.9236561249822394,0.10851223799698463,0.0010873591780901437,221636,8499.57041154666
tcn_l400,id,pitch_rate,50,5.0,3,False,418944,0.20192676802289614,0.0003053583577654524,0.11029620353277177,0.000724440803277555,1.5485057654706453,0.9829955418728469,5.143752533577459e-05,0.9803864145365838,0.9855599008369356,0.9236585535052279,0.21861624867392435,0.0003305965787970386,221636,8499.57041154666
tcn_l400,id,pitch_rate,100,10.0,3,False,418944,0.5392558576119458,0.00024989330271121433,0.2965975591474898,0.00020991856018807466,1.27457983474772,0.8209988923549935,0.00016590198518173937,0.8062758112256578,0.8368543120465741,0.9237886815931622,0.5837437374551369,0.000270509162636896,221636,8499.57041154666
tcn_l400,id,pitch_rate,150,15.0,3,False,418944,0.7510312578974325,0.0006654815252926165,0.44690754052191933,0.0006335139285725971,1.3066658063490564,0.6696401958191611,0.0005853949143610294,0.6544263308176802,0.6855692785612619,0.923677262965375,0.8130883892132633,0.0007204697484445591,221636,8499.57041154666
tcn_l400,id,roll,10,1.0,3,False,418944,0.09845192163831314,0.010955928783484722,0.06813162118417175,0.007543829866391019,1.9461019988405042,0.9974195947142382,0.0005767041317758391,0.9962511003708407,0.9981867865024587,3.687222002970601,0.02670083915722883,0.002971323336283549,221636,8499.57041154666
tcn_l400,id,roll,20,2.0,3,False,418944,0.11776118549281007,0.004917529453370707,0.08210683342737829,0.00398138427993253,3.7473419458437816,0.9990113051552791,8.269479820576463e-05,0.998757337552677,0.9991872147560066,3.6877754460978944,0.031932851447724515,0.0013334677030224385,221636,8499.57041154666
tcn_l400,id,roll,30,3.0,3,False,418944,0.1571034754343641,0.004565674059296166,0.10955696597508806,0.0023573695279014025,5.271807875496168,0.9991114192577607,5.196870560912751e-05,0.9989313193843339,0.9992430734343763,3.688478647638728,0.0425930283031292,0.0012378203848947263,221636,8499.57041154666
tcn_l400,id,roll,50,5.0,3,False,418944,0.1894084111439457,0.00815203445969512,0.1309394397614163,0.003882149244522714,7.095209199805059,0.9992864833625273,6.18740938500098e-05,0.9991133145963441,0.9994096110061809,3.69030276033271,0.05132598148312065,0.002209042181395478,221636,8499.57041154666
tcn_l400,id,roll,100,10.0,3,False,418944,0.3875437137928555,0.002704354131816875,0.24647610965473643,0.001242442797569387,3.8042041029288476,0.9896216605166397,0.00014508126565592936,0.9877555050505129,0.9910929887420211,3.694076084821685,0.10490951049579221,0.0007320786225623752,221636,8499.57041154666
tcn_l400,id,roll,150,15.0,3,False,418944,0.8103310320165334,0.0009885905631764377,0.5005803053028712,0.0024007295842525594,5.250462508864866,0.9761806311884765,5.809895896286701e-05,0.9739100143262281,0.9783090462500866,3.6967972023470375,0.21919812953279316,0.0002674181214346297,221636,8499.57041154666
tcn_l400,id,roll_rate,10,1.0,3,False,418944,0.07066246299454149,0.004237312264738543,0.051192250491271914,0.003023205445659444,1.0679896364574446,0.9956118311629245,0.0005295610738632465,0.9941769381969187,0.9965629836816285,1.9709759416747037,0.03585150965084882,0.0021498548892170516,221636,8499.57041154666
tcn_l400,id,roll_rate,20,2.0,3,False,418944,0.0877289618588674,0.0005937184742108148,0.062415199413022794,0.0004450515274412056,2.0492628495295913,0.9981672471352702,2.481179286426185e-05,0.9978386289247185,0.9983933666054552,1.9713738906856482,0.04450143236317037,0.0003011698983211741,221636,8499.57041154666
tcn_l400,id,roll_rate,30,3.0,3,False,418944,0.09550182100907878,0.0033639039413754265,0.06742329660224261,0.0030540086522917926,2.8671756238298993,0.9988896144983839,7.838299945895216e-05,0.9986270877789266,0.999062023830806,1.971717923838755,0.04843584361354561,0.0017060776801309508,221636,8499.57041154666
tcn_l400,id,roll_rate,50,5.0,3,False,418944,0.14232130247506525,0.0033326427419969845,0.09911015601019885,0.0023870889221934274,3.800309070429258,0.9985969901825918,6.595234138626992e-05,0.99831202817772,0.9988036634867077,1.9722164496629107,0.07216312514754182,0.001689795631999007,221636,8499.57041154666
tcn_l400,id,roll_rate,100,10.0,3,False,418944,0.3224154181039639,0.000435717042731612,0.19598377520657354,0.0007882596969361042,1.963739939712071,0.9730434576098149,7.287145983453601e-05,0.9694731533331472,0.9760802519789546,1.9739519724102126,0.16333498616498346,0.00022073335563458445,221636,8499.57041154666
tcn_l400,id,roll_rate,150,15.0,3,False,418944,0.5703718207412042,0.0018305337998202342,0.34783495257258035,0.0031242364602428385,2.8964304976072257,0.9612213325953451,0.00024902378543526003,0.9578921143113988,0.9643857062267414,1.975553636862926,0.28871492532438864,0.0009265928120924593,221636,8499.57041154666
window_mean,id,heave,10,1.0,1,True,418944,0.775307356000733,,0.49530112357493283,,0.44162564996543524,-2.082046805056643,,-2.183376423203181,-1.9725785767306028,0.7586744785454769,1.0219236021846214,,0,0.0
window_mean,id,heave,20,2.0,1,True,418944,0.7877618896513566,,0.5027199610448148,,0.8379625080040977,0.11622694273535816,,0.0891794304576419,0.14541110742843527,0.7587896097620423,1.038182230642826,,0,0.0
window_mean,id,heave,30,3.0,1,True,418944,0.7913875191762193,,0.5040699617562516,,1.1508797207979575,0.5271553077079412,,0.5148980217583857,0.5404219998304213,0.758921162789381,1.042779616617238,,0,0.0
window_mean,id,heave,50,5.0,1,True,418944,0.7734677752245565,,0.4912163494670422,,1.4411635486480023,0.7119566116133116,,0.7085535448448447,0.7157148699626054,0.7589656362018378,1.019107767639248,,0,0.0
window_mean,id,heave,100,10.0,1,True,418944,0.7450404615704698,,0.4791521511443553,,0.8345105274387918,0.2029307065314222,,0.13500236143859395,0.25718287021019,0.7592839391596414,0.9812409075780847,,0,0.0
window_mean,id,heave,150,15.0,1,True,418944,0.7708049181996056,,0.4901937094279994,,1.1055277079536523,0.5138730587022072,,0.4883071285051969,0.5385355895043866,0.759468366891061,1.014926956543235,,0,0.0
window_mean,id,heave_rate,10,1.0,1,True,418944,0.45911866899034504,,0.30518413030075653,,0.2851862134952766,-1.5917484737007808,,-1.6762651900283707,-1.5033258789516541,0.4494429055050756,1.0215283484659659,,0,0.0
window_mean,id,heave_rate,20,2.0,1,True,418944,0.46576801190991807,,0.30938746064591494,,0.5351005334146711,0.2423501361024497,,0.22018851130038844,0.2656747838011984,0.4494530144731941,1.0362996729610254,,0,0.0
window_mean,id,heave_rate,30,3.0,1,True,418944,0.46649492446535823,,0.3094579857319574,,0.7214322878188286,0.5818783118598577,,0.5720471077415733,0.5921518309415607,0.4494430721740169,1.0379399602464874,,0,0.0
window_mean,id,heave_rate,50,5.0,1,True,418944,0.4536433668031677,,0.30052977944627896,,0.8521061512116869,0.7165726676762556,,0.7140749218280276,0.7189303348487717,0.44946461013569566,1.0092971873051595,,0,0.0
window_mean,id,heave_rate,100,10.0,1,True,418944,0.4456508253872392,,0.2972580413612499,,0.4792648671555359,0.1353541872807862,,0.08148500549245595,0.18639998776018968,0.44945174911641034,0.9915431996056452,,0,0.0
window_mean,id,heave_rate,150,15.0,1,True,418944,0.45377021099337694,,0.30072536589870197,,0.6809671010591867,0.5559624451003262,,0.5390061709667052,0.5712646242239449,0.44946344226262147,1.009582022308811,,0,0.0
window_mean,id,pitch,10,1.0,1,True,418944,1.2678861583846825,,0.7971080050045246,,0.896144552176039,-1.0017248622272619,,-1.0852260071953281,-0.9221733266122105,1.2403442750018743,1.0222050312464792,,0,0.0
window_mean,id,pitch,20,2.0,1,True,418944,1.2825444781295339,,0.8060959966766337,,1.639104495310578,0.387746061283163,,0.36538792417832594,0.408943703130678,1.240393189409016,1.0339821994190412,,0,0.0
window_mean,id,pitch,30,3.0,1,True,418944,1.2782525235628563,,0.8029227994353071,,2.121139296715647,0.636842566803818,,0.6265669869869217,0.6464737598487154,1.2402854523142828,1.030611558958246,,0,0.0
window_mean,id,pitch,50,5.0,1,True,418944,1.2388350071104162,,0.7784040994602809,,2.2310378683281757,0.6916719368605471,,0.6862631362743824,0.6961874462060614,1.240068055500173,0.9990056607100813,,0,0.0
window_mean,id,pitch,100,10.0,1,True,418944,1.2394158410575036,,0.7801722294012765,,1.5609168249331924,0.369515286205807,,0.3389111643906873,0.40103668591961483,1.2401273775213297,0.9994262392100008,,0,0.0
window_mean,id,pitch,150,15.0,1,True,418944,1.246861115906006,,0.7841357287273176,,1.7818458997830895,0.5103385900320265,,0.49206578749475854,0.5268422576032343,1.2404643096284043,1.005156783817116,,0,0.0
window_mean,id,pitch_rate,10,1.0,1,True,418944,0.9433973036798702,,0.5960939831089341,,0.7531298126630523,-0.569096242167324,,-0.6278560397622243,-0.5146369848193507,0.9234044534650131,1.0216512386742724,,0,0.0
window_mean,id,pitch_rate,20,2.0,1,True,418944,0.9514608778662512,,0.601389773776823,,1.3418810461838517,0.4972479684968377,,0.48260655947428216,0.5111138479142486,0.9235131941570501,1.0302623545456877,,0,0.0
window_mean,id,pitch_rate,30,3.0,1,True,418944,0.9441011742968103,,0.5970006549608557,,1.6644452322779302,0.6782651864016371,,0.672856262435341,0.6836034044827948,0.9236561249822394,1.0221349144574383,,0,0.0
window_mean,id,pitch_rate,50,5.0,1,True,418944,0.9148528325244119,,0.5788414703334733,,1.5485057654706453,0.6509586973915478,,0.6403536699654202,0.6599719607335799,0.9236585535052279,0.990466476007396,,0,0.0
window_mean,id,pitch_rate,100,10.0,1,True,418944,0.9284622667518077,,0.5859145849018839,,1.27457983474772,0.46936678577023483,,0.4477319520516108,0.4908210499809617,0.9237886815931622,1.0050591496213024,,0,0.0
window_mean,id,pitch_rate,150,15.0,1,True,418944,0.9251266124508697,,0.5851605635175052,,1.3066658063490564,0.4987281741559423,,0.48509128867661416,0.5114413755999988,0.923677262965375,1.0015691081112483,,0,0.0
window_mean,id,roll,10,1.0,1,True,418944,3.733594278222558,,1.9278088128040847,,1.9461019988405042,-2.680637505160985,,-2.7186254807979484,-2.637589053348158,3.687222002970601,1.0125764804003115,,0,0.0
window_mean,id,roll,20,2.0,1,True,418944,3.83147580436217,,1.9747319115123994,,3.7473419458437816,-0.04540729403507582,,-0.055072060077629166,-0.03429851569269321,3.6877754460978944,1.038966677978272,,0,0.0
window_mean,id,roll,30,3.0,1,True,418944,3.8896093500693083,,1.9996308064622088,,5.271807875496168,0.4556317066317219,,0.451168640908326,0.4607293558664951,3.688478647638728,1.0545294474076294,,0,0.0
window_mean,id,roll,50,5.0,1,True,418944,3.8485884838843303,,1.9701145128254636,,7.095209199805059,0.7057797623349584,,0.7044003781571726,0.7072089279622924,3.69030276033271,1.0428923407729693,,0,0.0
window_mean,id,roll,100,10.0,1,True,418944,3.5172122339514837,,1.824128437902421,,3.8042041029288476,0.14519012436265788,,0.113469517677625,0.1743401445970436,3.694076084821685,0.9521223042489828,,0,0.0
window_mean,id,roll,150,15.0,1,True,418944,3.861130221272709,,1.979344242959919,,5.250462508864866,0.4592036216892087,,0.4439734335584317,0.47447734173008366,3.6967972023470375,1.0444528087235456,,0,0.0
window_mean,id,roll_rate,10,1.0,1,True,418944,1.999570509878894,,1.071283627988101,,1.0679896364574446,-2.505414423422199,,-2.5523061312364836,-2.451626365696745,1.9709759416747037,1.014507822038606,,0,0.0
window_mean,id,roll_rate,20,2.0,1,True,418944,2.051098320012005,,1.0963884253194611,,2.0492628495295913,-0.0017921492833334884,,-0.014146086567172514,0.01230903351715346,1.9713738906856482,1.0404410496167362,,0,0.0
window_mean,id,roll_rate,30,3.0,1,True,418944,2.079655140604819,,1.108264623602765,,2.8671756238298993,0.47389302883956796,,0.46829674190702164,0.4803056871728381,1.971717923838755,1.054742727375486,,0,0.0
window_mean,id,roll_rate,50,5.0,1,True,418944,2.0509943037960316,,1.0882316774610492,,3.800309070429258,0.7087331413167921,,0.7073448807715577,0.7101557401568618,1.9722164496629107,1.0399438176000335,,0,0.0
window_mean,id,roll_rate,100,10.0,1,True,418944,1.8853159989288708,,1.0162288681713922,,1.963739939712071,0.07827713795403535,,0.044482682534483446,0.10988581536605922,1.9739519724102126,0.9550971985538653,,0,0.0
window_mean,id,roll_rate,150,15.0,1,True,418944,2.0613545107171563,,1.0948183913516627,,2.8964304976072257,0.4935003465671589,,0.4793098481210887,0.5070414144319859,1.975553636862926,1.0434313056619802,,0,0.0
ar20,unseen_seastate,heave,10,1.0,1,True,523680,0.0034670709741434287,,0.002565516402859347,,0.7225299861141319,0.9999769742538237,,0.9999743145036067,0.9999792914208651,1.3040230845977787,0.002658749691699541,,108900,0.05049848699127324
ar20,unseen_seastate,heave,20,2.0,1,True,523680,0.03136840086957045,,0.023040718860519588,,1.379212211527561,0.9994827237114329,,0.9994195982603323,0.9995378134079046,1.3041370652244855,0.024052993896136906,,108900,0.05049848699127324
ar20,unseen_seastate,heave,30,3.0,1,True,523680,0.12434474228226058,,0.09067035183134955,,1.9132137914090657,0.9957759616991091,,0.9952359551630594,0.9962427954519806,1.3043478521287997,0.0953309671797443,,108900,0.05049848699127324
ar20,unseen_seastate,heave,50,5.0,1,True,523680,0.5581099978233144,,0.4053482565779557,,2.472256983582562,0.9490373057149123,,0.9427945623780373,0.9546233648642708,1.3046969314690733,0.42776984015352065,,108900,0.05049848699127324
ar20,unseen_seastate,heave,100,10.0,1,True,523680,1.1978111606903805,,0.9072551162262082,,1.4733324604942712,0.33903997206422387,,0.3141441924495372,0.36387297164427895,1.3052530857962559,0.9176849867086646,,108900,0.05049848699127324
ar20,unseen_seastate,heave,150,15.0,1,True,523680,1.4147968206143118,,1.1154438952540873,,1.8506807984655285,0.4155799429304182,,0.3744118639514145,0.45227804134491784,1.3055953746109255,1.0836411097396303,,108900,0.05049848699127324
ar20,unseen_seastate,heave_rate,10,1.0,1,True,523680,0.010181660424088053,,0.007519541236835452,,0.43962286298741843,0.9994636149355286,,0.9993932830647568,0.9995250349539312,0.7338878453162084,0.013873591842498912,,108900,0.05049848699127324
ar20,unseen_seastate,heave_rate,20,2.0,1,True,523680,0.0530443559970941,,0.03878844194412082,,0.8313306004110836,0.9959287213410323,,0.9953515259261198,0.9964282221371391,0.7339772507555338,0.07226975487658761,,108900,0.05049848699127324
ar20,unseen_seastate,heave_rate,30,3.0,1,True,523680,0.14057147073338744,,0.10225432157890105,,1.1355935167532625,0.9846768318097316,,0.9824196234731719,0.9866281225741947,0.7339926584626707,0.19151618086727307,,108900,0.05049848699127324
ar20,unseen_seastate,heave_rate,50,5.0,1,True,523680,0.2560070326057628,,0.19012735396305405,,1.3992727534580534,0.9665266609815754,,0.9623415595733,0.9701357216219421,0.7339870840063342,0.3487895607214166,,108900,0.05049848699127324
ar20,unseen_seastate,heave_rate,100,10.0,1,True,523680,0.586145399440266,,0.4500172589625623,,0.7686188879893898,0.41844791636774925,,0.382460786363986,0.4534339814836465,0.7341792711661705,0.7983682221226874,,108900,0.05049848699127324
ar20,unseen_seastate,heave_rate,150,15.0,1,True,523680,0.7556570140644461,,0.5958430447355989,,1.1062898407355086,0.5334356114819521,,0.4957659334612995,0.5657896305430758,0.7344735022919635,1.0288417644835086,,108900,0.05049848699127324
ar20,unseen_seastate,pitch,10,1.0,1,True,523680,0.01801538428320439,,0.013299156310127316,,1.2222269594404127,0.9997827382152451,,0.9997504464826313,0.9998087776795431,1.7978631101886102,0.010020442702845397,,108900,0.05049848699127324
ar20,unseen_seastate,pitch,20,2.0,1,True,523680,0.1660448022926187,,0.12048763458480252,,2.2561846271397545,0.9945837176087193,,0.9937387178612257,0.9952664410543816,1.7976679627472303,0.09236678059215445,,108900,0.05049848699127324
ar20,unseen_seastate,pitch,30,3.0,1,True,523680,0.5015013295188497,,0.3580038449049282,,2.9670563770227734,0.9714311617247747,,0.9669117860683812,0.9751651490036294,1.7976874939255332,0.27897024995359054,,108900,0.05049848699127324
ar20,unseen_seastate,pitch,50,5.0,1,True,523680,1.0674910147588232,,0.7926573297239575,,3.3004161719770044,0.8953857024137748,,0.8835847865428038,0.9055677318288206,1.79747298987243,0.5938843146870235,,108900,0.05049848699127324
ar20,unseen_seastate,pitch,100,10.0,1,True,523680,2.1217838148921997,,1.5652548596028044,,2.1442953332344814,0.020886443513507102,,-0.05706689146069305,0.09384772402933471,1.7977594151426086,1.1802379100453146,,108900,0.05049848699127324
ar20,unseen_seastate,pitch,150,15.0,1,True,523680,2.048577147573099,,1.5163735898274848,,2.6217643606966523,0.38945548158424803,,0.34798722007051686,0.42530764140300903,1.798277604223273,1.1391884894534607,,108900,0.05049848699127324
ar20,unseen_seastate,pitch_rate,10,1.0,1,True,523680,0.05720599882916884,,0.042045353907150244,,0.9749874851136945,0.9965574118979397,,0.9960102340681923,0.9969974213334613,1.2556883011928568,0.045557483313992245,,108900,0.05049848699127324
ar20,unseen_seastate,pitch_rate,20,2.0,1,True,523680,0.2585162251809662,,0.18577492433144827,,1.7512436884441234,0.9782087348344177,,0.9746081052577008,0.9811084486776501,1.2557790553604302,0.20586123337338794,,108900,0.05049848699127324
ar20,unseen_seastate,pitch_rate,30,3.0,1,True,523680,0.4197764392105798,,0.3071089688412944,,2.205100698829473,0.963760744678662,,0.9584887455545354,0.9681414451038874,1.255593182987374,0.33432519776176656,,108900,0.05049848699127324
ar20,unseen_seastate,pitch_rate,50,5.0,1,True,523680,0.8809262387441888,,0.683972125294367,,2.1766629752889206,0.8362064817555395,,0.8181745104807001,0.8514699020550878,1.2554485176421812,0.7016824874656182,,108900,0.05049848699127324
ar20,unseen_seastate,pitch_rate,100,10.0,1,True,523680,1.2885237033965016,,1.010238107412552,,1.6285427339926946,0.37398245386658335,,0.33389550715103655,0.4076514538685692,1.2555608277890915,1.0262535074986803,,108900,0.05049848699127324
ar20,unseen_seastate,pitch_rate,150,15.0,1,True,523680,1.2910170474801739,,0.9296103209486335,,1.8210095950443475,0.49738032409206523,,0.4870795508282096,0.506633267543382,1.2558718343800095,1.027984713199269,,108900,0.05049848699127324
ar20,unseen_seastate,roll,10,1.0,1,True,523680,0.011021425417879914,,0.008448061815379623,,3.2590780810060274,0.999988563687833,,0.9999871469526197,0.9999899014966804,6.257511233296725,0.001761311327614406,,108900,0.05049848699127324
ar20,unseen_seastate,roll,20,2.0,1,True,523680,0.08786106834437346,,0.06787762888255373,,6.285047934493999,0.9998045769572809,,0.9997814565094025,0.9998262219886903,6.258161704504171,0.01403943721702452,,108900,0.05049848699127324
ar20,unseen_seastate,roll,30,3.0,1,True,523680,0.2912522261092114,,0.22656005688114944,,8.86407567746202,0.9989203783214491,,0.9988021709511927,0.9990315192157255,6.258595534998139,0.04653635539803229,,108900,0.05049848699127324
ar20,unseen_seastate,roll,50,5.0,1,True,523680,0.9479971588492107,,0.736080028953225,,12.021278605051705,0.9937811118399752,,0.9932559606101147,0.9943001401744619,6.259860183654315,0.15144062823074092,,108900,0.05049848699127324
ar20,unseen_seastate,roll,100,10.0,1,True,523680,1.904587235985263,,1.48474919834313,,6.5684497135890885,0.9159232375089863,,0.9098328006018631,0.92168852478574,6.264046458694406,0.30405062423215645,,108900,0.05049848699127324
ar20,unseen_seastate,roll,150,15.0,1,True,523680,2.868415109715476,,2.1901868525401818,,8.756474704087053,0.8926936535709615,,0.8865582323263245,0.8981195560603903,6.268761829209168,0.4575728330194576,,108900,0.05049848699127324
ar20,unseen_seastate,roll_rate,10,1.0,1,True,523680,0.03137375458218583,,0.024106455169985667,,1.7504570061805127,0.9996787596478046,,0.9996397444238323,0.9997154990464469,3.298699647865669,0.009510946109472361,,108900,0.05049848699127324
ar20,unseen_seastate,roll_rate,20,2.0,1,True,523680,0.13526002472841436,,0.10497962550231857,,3.368316950248868,0.9983874506170365,,0.9982051288254888,0.9985573643880062,3.2989945899356385,0.041000377854834014,,108900,0.05049848699127324
ar20,unseen_seastate,roll_rate,30,3.0,1,True,523680,0.2767660214740669,,0.21646200482512354,,4.733862565847908,0.9965818253343326,,0.9962454071488996,0.9969026467964053,3.2994705657891945,0.08388194892348365,,108900,0.05049848699127324
ar20,unseen_seastate,roll_rate,50,5.0,1,True,523680,0.5085412719389087,,0.3785753154041206,,6.355381178262804,0.993597210810984,,0.9930283973788645,0.9940710557728777,3.300289267129817,0.15408990872523576,,108900,0.05049848699127324
ar20,unseen_seastate,roll_rate,100,10.0,1,True,523680,1.4662334055936799,,1.077554470873834,,3.3423295852098973,0.8075545384945636,,0.7928455362567336,0.8206277298777125,3.3024285854413846,0.4439864080808612,,108900,0.05049848699127324
ar20,unseen_seastate,roll_rate,150,15.0,1,True,523680,2.1819329819416002,,1.5829201458784257,,4.759767558109136,0.7898587433471179,,0.7716434794138736,0.8052295828404057,3.3050619125013023,0.6601791554005391,,108900,0.05049848699127324
damped_persistence,unseen_seastate,heave,10,1.0,1,True,523680,0.9328522370778053,,0.7430225455243047,,0.7225299861141319,-0.6669169522762783,,-0.692957660897895,-0.6416369458727051,1.3040230845977787,0.715364818380911,,6,0.13571733600110747
damped_persistence,unseen_seastate,heave,20,2.0,1,True,523680,1.2739521423649192,,1.015010400394186,,1.379212211527561,0.14681337325869426,,0.13347502774951808,0.15962518742340753,1.3041370652244855,0.9768544858784682,,6,0.13571733600110747
damped_persistence,unseen_seastate,heave,30,3.0,1,True,523680,1.369996920335758,,1.091892993225379,,1.9132137914090657,0.4872423173391056,,0.4796224625448851,0.49469825336542733,1.3043478521287997,1.0503309512871233,,6,0.13571733600110747
damped_persistence,unseen_seastate,heave,50,5.0,1,True,523680,1.34803671433853,,1.0747565605808618,,2.472256983582562,0.7026854136211977,,0.7000827467614095,0.7051137931568803,1.3046969314690733,1.0332182760793778,,6,0.13571733600110747
damped_persistence,unseen_seastate,heave,100,10.0,1,True,523680,1.2723766929344684,,1.0145321053129717,,1.4733324604942712,0.2541870916674508,,0.21879549296071024,0.2884102706623408,1.3052530857962559,0.974812246590682,,6,0.13571733600110747
damped_persistence,unseen_seastate,heave,150,15.0,1,True,523680,1.3294384547295068,,1.059840508687851,,1.8506807984655285,0.48397180006524043,,0.4680720556550872,0.4995300481490356,1.3055953746109255,1.0182622277791744,,6,0.13571733600110747
damped_persistence,unseen_seastate,heave_rate,10,1.0,1,True,523680,0.5472033561603966,,0.43058302993462083,,0.43962286298741843,-0.5493051493267016,,-0.5726786521962616,-0.5262702262501847,0.7338878453162084,0.7456225902264731,,6,0.13571733600110747
damped_persistence,unseen_seastate,heave_rate,20,2.0,1,True,523680,0.7294406521197723,,0.5748740116105422,,0.8313306004110836,0.23010341581645855,,0.21864838767580996,0.241104853354051,0.7339772507555338,0.9938191563415737,,6,0.13571733600110747
damped_persistence,unseen_seastate,heave_rate,30,3.0,1,True,523680,0.771676365348272,,0.6092054867027211,,1.1355935167532625,0.5382311964907167,,0.5320142208491364,0.5443097026661603,0.7339926584626707,1.05134071363129,,6,0.13571733600110747
damped_persistence,unseen_seastate,heave_rate,50,5.0,1,True,523680,0.74996503450237,,0.5933373676343348,,1.3992727534580534,0.7127385976227527,,0.7112428088303961,0.7141346272914976,0.7339870840063342,1.0217687079843736,,6,0.13571733600110747
damped_persistence,unseen_seastate,heave_rate,100,10.0,1,True,523680,0.7225675382717499,,0.5694575376412202,,0.7686188879893898,0.11623908966046581,,0.08889974508796733,0.14479466210178824,0.7341792711661705,0.9841840632792906,,6,0.13571733600110747
damped_persistence,unseen_seastate,heave_rate,150,15.0,1,True,523680,0.7452607648338793,,0.5890151735065526,,1.1062898407355086,0.5461851873010455,,0.5364239991816107,0.5557201690658896,0.7344735022919635,1.014687068367005,,6,0.13571733600110747
damped_persistence,unseen_seastate,pitch,10,1.0,1,True,523680,1.4145309586598314,,0.9812228926507034,,1.2222269594404127,-0.3394336208566646,,-0.3662047652144812,-0.3132462303025892,1.7978631101886102,0.7867845725537111,,6,0.13571733600110747
damped_persistence,unseen_seastate,pitch,20,2.0,1,True,523680,1.8240158646666833,,1.26718552410016,,2.2561846271397545,0.3464061588333224,,0.3336899906087291,0.3587910162582265,1.7976679627472303,1.0146567121768069,,6,0.13571733600110747
damped_persistence,unseen_seastate,pitch,30,3.0,1,True,523680,1.8867892802404649,,1.312761077765881,,2.9670563770227734,0.5956148457400816,,0.5888862820056505,0.6023773151395718,1.7976874939255332,1.0495646693966614,,6,0.13571733600110747
damped_persistence,unseen_seastate,pitch,50,5.0,1,True,523680,1.813743004281517,,1.263508231463827,,3.3004161719770044,0.6979950316215091,,0.69617379937072,0.6997075625148083,1.79747298987243,1.0090516043916975,,6,0.13571733600110747
damped_persistence,unseen_seastate,pitch,100,10.0,1,True,523680,1.786382000221328,,1.2413747305166194,,2.1442953332344814,0.30596804432349056,,0.29103425305334657,0.32238039811605357,1.7977594151426086,0.993671336205808,,6,0.13571733600110747
damped_persistence,unseen_seastate,pitch,150,15.0,1,True,523680,1.8125901219053084,,1.2619812805592323,,2.6217643606966523,0.52201759873186,,0.5110091770285573,0.5317785154657443,1.798277604223273,1.0079590145861919,,6,0.13571733600110747
damped_persistence,unseen_seastate,pitch_rate,10,1.0,1,True,523680,1.0491023229837768,,0.7096268040143486,,0.9749874851136945,-0.15781084986967442,,-0.1788070614801213,-0.13839364525670528,1.2556883011928568,0.8354798893859001,,6,0.13571733600110747
damped_persistence,unseen_seastate,pitch_rate,20,2.0,1,True,523680,1.2953060524626583,,0.8796910406639675,,1.7512436884441234,0.45291901084794817,,0.4441716163470389,0.4612628678566065,1.2557790553604302,1.031476076092767,,6,0.13571733600110747
damped_persistence,unseen_seastate,pitch_rate,30,3.0,1,True,523680,1.3075662999932283,,0.8912496105686067,,2.205100698829473,0.6483824171348302,,0.644445130869913,0.6520456329679988,1.255593182987374,1.0413932774644388,,6,0.13571733600110747
damped_persistence,unseen_seastate,pitch_rate,50,5.0,1,True,523680,1.2506614851679987,,0.8539744294675252,,2.1766629752889206,0.6698607416413995,,0.6659683745964539,0.6736708739983338,1.2554485176421812,0.9961869942041328,,6,0.13571733600110747
damped_persistence,unseen_seastate,pitch_rate,100,10.0,1,True,523680,1.258267668817601,,0.85469519846521,,1.6285427339926946,0.40303652927276623,,0.3959408069552017,0.40942424522518994,1.2555608277890915,1.0021558820318375,,6,0.13571733600110747
damped_persistence,unseen_seastate,pitch_rate,150,15.0,1,True,523680,1.2598206395183982,,0.8591730081930289,,1.8210095950443475,0.521377655408322,,0.5157777124373801,0.5265004126928313,1.2558718343800095,1.0031442739858387,,6,0.13571733600110747
damped_persistence,unseen_seastate,roll,10,1.0,1,True,523680,4.13917477538592,,2.795048240439497,,3.2590780810060274,-0.6130134867798893,,-0.6182243560155531,-0.6082797694182096,6.257511233296725,0.6614730075690531,,6,0.13571733600110747
damped_persistence,unseen_seastate,roll,20,2.0,1,True,523680,5.9481622179162725,,4.014437190901275,,6.285047934493999,0.10432919247048955,,0.10154224647428556,0.10691628471911863,6.258161704504171,0.9504647688530031,,6,0.13571733600110747
damped_persistence,unseen_seastate,roll,30,3.0,1,True,523680,6.6145945333062075,,4.460882195213935,,8.86407567746202,0.44314830647080716,,0.44156854669468715,0.44468327266595115,6.258595534998139,1.0568816112684256,,6,0.13571733600110747
damped_persistence,unseen_seastate,roll,50,5.0,1,True,523680,6.650159766536214,,4.478878968939928,,12.021278605051705,0.6939708237399995,,0.6933334759071531,0.6946552674973762,6.259860183654315,1.0623495687493223,,6,0.13571733600110747
damped_persistence,unseen_seastate,roll,100,10.0,1,True,523680,5.94367236665499,,4.008236328268182,,6.5684497135890885,0.18118844128492584,,0.16818455914996955,0.19576863898080893,6.264046458694406,0.9488550900520956,,6,0.13571733600110747
damped_persistence,unseen_seastate,roll,150,15.0,1,True,523680,6.558111639095602,,4.417439798819814,,8.756474704087053,0.43908246605315404,,0.43190519705742086,0.4459887752117196,6.268761829209168,1.0461574099909514,,6,0.13571733600110747
damped_persistence,unseen_seastate,roll_rate,10,1.0,1,True,523680,2.220294627580255,,1.5055107946367108,,1.7504570061805127,-0.6088602417908648,,-0.6137799335216785,-0.6038486772936812,3.298699647865669,0.6730817790631026,,6,0.13571733600110747
damped_persistence,unseen_seastate,roll_rate,20,2.0,1,True,523680,3.162809497981404,,2.1431044344101906,,3.368316950248868,0.11830136775664868,,0.11563384710052245,0.12101762398626843,3.2989945899356385,0.9587192133113224,,6,0.13571733600110747
damped_persistence,unseen_seastate,roll_rate,30,3.0,1,True,523680,3.495465349775518,,2.3664863521384554,,4.733862565847908,0.45477129520974136,,0.4532398707238045,0.456384020338205,3.2994705657891945,1.0594018889025743,,6,0.13571733600110747
damped_persistence,unseen_seastate,roll_rate,50,5.0,1,True,523680,3.493828202717201,,2.3615144125450365,,6.355381178262804,0.6977823073884732,,0.6971732501643608,0.6984160268478662,3.300289267129817,1.058643021845082,,6,0.13571733600110747
damped_persistence,unseen_seastate,roll_rate,100,10.0,1,True,523680,3.139056278923385,,2.125630718516315,,3.3423295852098973,0.11793689301185784,,0.10495160162646636,0.13165406651052744,3.3024285854413846,0.9505296474121441,,6,0.13571733600110747
damped_persistence,unseen_seastate,roll_rate,150,15.0,1,True,523680,3.4587842017411305,,2.33845673220826,,4.759767558109136,0.4719495171374881,,0.4662484780080728,0.47788586420180285,3.3050619125013023,1.046511167811525,,6,0.13571733600110747
dlinear_ols,unseen_seastate,heave,10,1.0,1,True,523680,0.040473326517811804,,0.02185091452557661,,0.7225299861141319,0.9968621942827726,,0.9960744499545228,0.9975486633131387,1.3040230845977787,0.031037277634004202,,120300,0.3948344959935639
dlinear_ols,unseen_seastate,heave,20,2.0,1,True,523680,0.34207044716807755,,0.1841065901600147,,1.379212211527561,0.9384867145811204,,0.9230539699477788,0.9519622584419716,1.3041370652244855,0.26229639221947565,,120300,0.3948344959935639
dlinear_ols,unseen_seastate,heave,30,3.0,1,True,523680,0.9734147715219201,,0.5213003459765224,,1.9132137914090657,0.7411376681196632,,0.6765276808928026,0.7979275082293917,1.3043478521287997,0.7462846432669242,,120300,0.3948344959935639
dlinear_ols,unseen_seastate,heave,50,5.0,1,True,523680,0.4875446052772042,,0.282972946594228,,2.472256983582562,0.9611096827551106,,0.9522884930019928,0.9689140624565125,1.3046969314690733,0.37368418175724133,,120300,0.3948344959935639
dlinear_ols,unseen_seastate,heave,100,10.0,1,True,523680,2.290001787930523,,1.3709390837250084,,1.4733324604942712,-1.415850904971276,,-1.8226733401035238,-1.0329871418238268,1.3052530857962559,1.754450391920377,,120300,0.3948344959935639
dlinear_ols,unseen_seastate,heave,150,15.0,1,True,523680,2.253278759912802,,1.4655573584953665,,1.8506807984655285,-0.4824047838894048,,-0.8062619756627806,-0.22241548644175302,1.3055953746109255,1.7258630075832577,,120300,0.3948344959935639
dlinear_ols,unseen_seastate,heave_rate,10,1.0,1,True,523680,0.013361445058308604,,0.007688655597688261,,0.43962286298741843,0.9990762672954595,,0.9988425478565516,0.9992735219993211,0.7338878453162084,0.01820638554458085,,120300,0.3948344959935639
dlinear_ols,unseen_seastate,heave_rate,20,2.0,1,True,523680,0.11267801570124926,,0.06451541921429105,,0.8313306004110836,0.9816290824864975,,0.9769749231540974,0.9855596240038318,0.7339772507555338,0.15351704100537442,,120300,0.3948344959935639
dlinear_ols,unseen_seastate,heave_rate,30,3.0,1,True,523680,0.3195510943250445,,0.18152387374695772,,1.1355935167532625,0.9208164789715715,,0.900751815007828,0.9378444856674367,0.7339926584626707,0.43536006885182793,,120300,0.3948344959935639
dlinear_ols,unseen_seastate,heave_rate,50,5.0,1,True,523680,0.1728679427948005,,0.11411525701462596,,1.3992727534580534,0.9847375528840453,,0.9816716439587689,0.9873296984468622,0.7339870840063342,0.23551905280299004,,120300,0.3948344959935639
dlinear_ols,unseen_seastate,heave_rate,100,10.0,1,True,523680,0.823910567918801,,0.5504992240689978,,0.7686188879893898,-0.14904765723556612,,-0.3348552059790759,0.016489036573372345,0.7341792711661705,1.1222198722801058,,120300,0.3948344959935639
dlinear_ols,unseen_seastate,heave_rate,150,15.0,1,True,523680,0.88920610657661,,0.6451341571995215,,1.1062898407355086,0.35394867033645006,,0.24801037478648938,0.43814783449467215,0.7344735022919635,1.210671458945483,,120300,0.3948344959935639
dlinear_ols,unseen_seastate,pitch,10,1.0,1,True,523680,0.026290800466275133,,0.013554606911494098,,1.2222269594404127,0.9995372953114201,,0.999410957780981,0.9996391009044807,1.7978631101886102,0.014623360542459218,,120300,0.3948344959935639
dlinear_ols,unseen_seastate,pitch,20,2.0,1,True,523680,0.21924820534764397,,0.11118687002175638,,2.2561846271397545,0.9905567209625303,,0.9879284534246744,0.9926730170971665,1.7976679627472303,0.12196257033617304,,120300,0.3948344959935639
dlinear_ols,unseen_seastate,pitch,30,3.0,1,True,523680,0.6136249275722164,,0.3033196039367222,,2.9670563770227734,0.9572285089047907,,0.9450815896368592,0.9669693394828813,1.7976874939255332,0.34134126740364085,,120300,0.3948344959935639
dlinear_ols,unseen_seastate,pitch,50,5.0,1,True,523680,0.43855573606115067,,0.2750141409919664,,3.3004161719770044,0.9823431926535889,,0.9801273030408226,0.9843552383606636,1.79747298987243,0.24398460423723853,,120300,0.3948344959935639
dlinear_ols,unseen_seastate,pitch,100,10.0,1,True,523680,1.8490636939581861,,1.149404917097621,,2.1442953332344814,0.25640828554074235,,0.15159888503752122,0.34789355794915416,1.7977594151426086,1.0285379002237114,,120300,0.3948344959935639
dlinear_ols,unseen_seastate,pitch,150,15.0,1,True,523680,2.0799126149280593,,1.3678579058646418,,2.6217643606966523,0.3706345950119647,,0.27899970581228667,0.44079310200584454,1.798277604223273,1.156613756431912,,120300,0.3948344959935639
dlinear_ols,unseen_seastate,pitch_rate,10,1.0,1,True,523680,0.01570897966921444,,0.008786944316594734,,0.9749874851136945,0.9997404040737479,,0.9997056770713139,0.9997765774860488,1.2556883011928568,0.012510254060893533,,120300,0.3948344959935639
dlinear_ols,unseen_seastate,pitch_rate,20,2.0,1,True,523680,0.11531823679167398,,0.06712827973088567,,1.7512436884441234,0.9956638647427966,,0.9950708519382738,0.9962211441687767,1.2557790553604302,0.09183003674048032,,120300,0.3948344959935639
dlinear_ols,unseen_seastate,pitch_rate,30,3.0,1,True,523680,0.27729298819178455,,0.16605701592923697,,2.205100698829473,0.9841867578290258,,0.981605857981015,0.9863658709829288,1.255593182987374,0.22084620396873636,,120300,0.3948344959935639
dlinear_ols,unseen_seastate,pitch_rate,50,5.0,1,True,523680,0.44125607324348154,,0.24477915676556472,,2.1766629752889206,0.9589040511997741,,0.952763468946686,0.9648789236467551,1.2554485176421812,0.3514728537592213,,120300,0.3948344959935639
dlinear_ols,unseen_seastate,pitch_rate,100,10.0,1,True,523680,1.1900564056946654,,0.7869259052016452,,1.6285427339926946,0.46600551187389494,,0.43841437282922013,0.4924702563089053,1.2555608277890915,0.9478285554593381,,120300,0.3948344959935639
dlinear_ols,unseen_seastate,pitch_rate,150,15.0,1,True,523680,1.319972697375845,,0.9022564231959362,,1.8210095950443475,0.4745814177396098,,0.45089620789783075,0.49420092663318105,1.2558718343800095,1.0510409272993055,,120300,0.3948344959935639
dlinear_ols,unseen_seastate,roll,10,1.0,1,True,523680,0.04362880335918195,,0.023822231751107672,,3.2590780810060274,0.9998207921324728,,0.9997815871230039,0.9998535960850556,6.257511233296725,0.006972229330892695,,120300,0.3948344959935639
dlinear_ols,unseen_seastate,roll,20,2.0,1,True,523680,0.36615037440938886,,0.19936224710276762,,6.285047934493999,0.9966060786289405,,0.9958643244829823,0.9972308258131776,6.258161704504171,0.058507656353120496,,120300,0.3948344959935639
dlinear_ols,unseen_seastate,roll,30,3.0,1,True,523680,1.030191822627764,,0.5582037131003458,,8.86407567746202,0.9864926769741725,,0.9835403544165948,0.9890018976860152,6.258595534998139,0.16460431367819175,,120300,0.3948344959935639
dlinear_ols,unseen_seastate,roll,50,5.0,1,True,523680,0.662659022436252,,0.4115126403652867,,12.021278605051705,0.9969613624102448,,0.9965277239445083,0.9973318271452646,6.259860183654315,0.10585843820706742,,120300,0.3948344959935639
dlinear_ols,unseen_seastate,roll,100,10.0,1,True,523680,3.2912410075552025,,2.0476748523204598,,6.5684497135890885,0.7489306997185451,,0.7178925859990118,0.7757807235341602,6.264046458694406,0.5254177198808939,,120300,0.3948344959935639
dlinear_ols,unseen_seastate,roll,150,15.0,1,True,523680,4.137240513982963,,2.712818430186829,,8.756474704087053,0.7767646626746163,,0.755589012388559,0.7949460730565698,6.268761829209168,0.6599773012121111,,120300,0.3948344959935639
dlinear_ols,unseen_seastate,roll_rate,10,1.0,1,True,523680,0.016609400070782987,,0.009973776357472841,,1.7504570061805127,0.9999099663212765,,0.9998938658572412,0.9999233060884158,3.298699647865669,0.0050351356121584555,,120300,0.3948344959935639
dlinear_ols,unseen_seastate,roll_rate,20,2.0,1,True,523680,0.13887710469391354,,0.08303630334187072,,3.368316950248868,0.9983000529038102,,0.9979940180839727,0.9985537893973809,3.2989945899356385,0.04209679673849449,,120300,0.3948344959935639
dlinear_ols,unseen_seastate,roll_rate,30,3.0,1,True,523680,0.388412891533044,,0.23073857834235373,,4.733862565847908,0.9932678159416598,,0.9920429382819836,0.9942844377783524,3.2994705657891945,0.11771976254624966,,120300,0.3948344959935639
dlinear_ols,unseen_seastate,roll_rate,50,5.0,1,True,523680,0.2977129720074058,,0.19943764552790705,,6.355381178262804,0.9978056176092567,,0.9976118257336745,0.9979741979895269,3.300289267129817,0.09020814477463053,,120300,0.3948344959935639
dlinear_ols,unseen_seastate,roll_rate,100,10.0,1,True,523680,1.4708131211394755,,0.9753615076467311,,3.3423295852098973,0.8063504711335105,,0.7915843203147512,0.8195926120495101,3.3024285854413846,0.4453731800964576,,120300,0.3948344959935639
dlinear_ols,unseen_seastate,roll_rate,150,15.0,1,True,523680,2.005883957894681,,1.3605113706226668,,4.759767558109136,0.8224011615543914,,0.8125796091466446,0.8309398431531042,3.3050619125013023,0.6069126724396546,,120300,0.3948344959935639
persistence,unseen_seastate,heave,10,1.0,1,True,523680,0.7225299861141319,,0.5708262788780585,,0.7225299861141319,0.0,,0.0,0.0,1.3040230845977787,0.5540776038769235,,0,0.0
persistence,unseen_seastate,heave,20,2.0,1,True,523680,1.379212211527561,,1.091078841855727,,1.379212211527561,0.0,,0.0,0.0,1.3041370652244855,1.057566914019235,,0,0.0
persistence,unseen_seastate,heave,30,3.0,1,True,523680,1.9132137914090657,,1.5165523371784033,,1.9132137914090657,0.0,,0.0,0.0,1.3043478521287997,1.4667972107950715,,0,0.0
persistence,unseen_seastate,heave,50,5.0,1,True,523680,2.472256983582562,,1.9682441842184715,,2.472256983582562,0.0,,0.0,0.0,1.3046969314690733,1.8948898582897944,,0,0.0
persistence,unseen_seastate,heave,100,10.0,1,True,523680,1.4733324604942712,,1.1539133983993568,,1.4733324604942712,0.0,,0.0,0.0,1.3052530857962559,1.1287714823485595,,0,0.0
persistence,unseen_seastate,heave,150,15.0,1,True,523680,1.8506807984655285,,1.4418965533750252,,1.8506807984655285,0.0,,0.0,0.0,1.3055953746109255,1.4174995059376965,,0,0.0
persistence,unseen_seastate,heave_rate,10,1.0,1,True,523680,0.43962286298741843,,0.339818463026124,,0.43962286298741843,0.0,,0.0,0.0,0.7338878453162084,0.5990327620128375,,0,0.0
persistence,unseen_seastate,heave_rate,20,2.0,1,True,523680,0.8313306004110836,,0.6443671360677873,,0.8313306004110836,0.0,,0.0,0.0,0.7339772507555338,1.1326381022781529,,0,0.0
persistence,unseen_seastate,heave_rate,30,3.0,1,True,523680,1.1355935167532625,,0.8840183727670444,,1.1355935167532625,0.0,,0.0,0.0,0.7339926584626707,1.5471456065129245,,0,0.0
persistence,unseen_seastate,heave_rate,50,5.0,1,True,523680,1.3992727534580534,,1.1021853621937614,,1.3992727534580534,0.0,,0.0,0.0,0.7339870840063342,1.9063996955101432,,0,0.0
persistence,unseen_seastate,heave_rate,100,10.0,1,True,523680,0.7686188879893898,,0.6123219596928333,,0.7686188879893898,0.0,,0.0,0.0,0.7341792711661705,1.046909001896111,,0,0.0
persistence,unseen_seastate,heave_rate,150,15.0,1,True,523680,1.1062898407355086,,0.8488641564330792,,1.1062898407355086,0.0,,0.0,0.0,0.7344735022919635,1.506235197434996,,0,0.0
persistence,unseen_seastate,pitch,10,1.0,1,True,523680,1.2222269594404127,,0.8335162658142499,,1.2222269594404127,0.0,,0.0,0.0,1.7978631101886102,0.6798220356788962,,0,0.0
persistence,unseen_seastate,pitch,20,2.0,1,True,523680,2.2561846271397545,,1.5445573121697105,,2.2561846271397545,0.0,,0.0,0.0,1.7976679627472303,1.2550619324003585,,0,0.0
persistence,unseen_seastate,pitch,30,3.0,1,True,523680,2.9670563770227734,,2.0426878387398393,,2.9670563770227734,0.0,,0.0,0.0,1.7976874939255332,1.650485074323869,,0,0.0
persistence,unseen_seastate,pitch,50,5.0,1,True,523680,3.3004161719770044,,2.2987493910873433,,3.3004161719770044,0.0,,0.0,0.0,1.79747298987243,1.8361422900776057,,0,0.0
persistence,unseen_seastate,pitch,100,10.0,1,True,523680,2.1442953332344814,,1.4903536877781043,,2.1442953332344814,0.0,,0.0,0.0,1.7977594151426086,1.1927598961090038,,0,0.0
persistence,unseen_seastate,pitch,150,15.0,1,True,523680,2.6217643606966523,,1.801463833980157,,2.6217643606966523,0.0,,0.0,0.0,1.798277604223273,1.4579308303342111,,0,0.0
persistence,unseen_seastate,pitch_rate,10,1.0,1,True,523680,0.9749874851136945,,0.641205775710668,,0.9749874851136945,0.0,,0.0,0.0,1.2556883011928568,0.7764566128293884,,0,0.0
persistence,unseen_seastate,pitch_rate,20,2.0,1,True,523680,1.7512436884441234,,1.160480897641832,,1.7512436884441234,0.0,,0.0,0.0,1.2557790553604302,1.3945476164527097,,0,0.0
persistence,unseen_seastate,pitch_rate,30,3.0,1,True,523680,2.205100698829473,,1.477389081896285,,2.205100698829473,0.0,,0.0,0.0,1.255593182987374,1.756222261085378,,0,0.0
persistence,unseen_seastate,pitch_rate,50,5.0,1,True,523680,2.1766629752889206,,1.4947485037377402,,2.1766629752889206,0.0,,0.0,0.0,1.2554485176421812,1.7337731852014477,,0,0.0
persistence,unseen_seastate,pitch_rate,100,10.0,1,True,523680,1.6285427339926946,,1.102091046604076,,1.6285427339926946,0.0,,0.0,0.0,1.2555608277890915,1.297063987620882,,0,0.0
persistence,unseen_seastate,pitch_rate,150,15.0,1,True,523680,1.8210095950443475,,1.22753995553113,,1.8210095950443475,0.0,,0.0,0.0,1.2558718343800095,1.449996365228886,,0,0.0
persistence,unseen_seastate,roll,10,1.0,1,True,523680,3.2590780810060274,,2.205119303871306,,3.2590780810060274,0.0,,0.0,0.0,6.257511233296725,0.5208265649870844,,0,0.0
persistence,unseen_seastate,roll,20,2.0,1,True,523680,6.285047934493999,,4.25081852800922,,6.285047934493999,0.0,,0.0,0.0,6.258161704504171,1.004296186525586,,0,0.0
persistence,unseen_seastate,roll,30,3.0,1,True,523680,8.86407567746202,,5.991118757650996,,8.86407567746202,0.0,,0.0,0.0,6.258595534998139,1.4163042855052714,,0,0.0
persistence,unseen_seastate,roll,50,5.0,1,True,523680,12.021278605051705,,8.107713379235433,,12.021278605051705,0.0,,0.0,0.0,6.259860183654315,1.9203749368782308,,0,0.0
persistence,unseen_seastate,roll,100,10.0,1,True,523680,6.5684497135890885,,4.3803909639818865,,6.5684497135890885,0.0,,0.0,0.0,6.264046458694406,1.0485953060696374,,0,0.0
persistence,unseen_seastate,roll,150,15.0,1,True,523680,8.756474704087053,,5.9424655717186585,,8.756474704087053,0.0,,0.0,0.0,6.268761829209168,1.3968427805450252,,0,0.0
persistence,unseen_seastate,roll_rate,10,1.0,1,True,523680,1.7504570061805127,,1.190146939569615,,1.7504570061805127,0.0,,0.0,0.0,3.298699647865669,0.5306506178315133,,0,0.0
persistence,unseen_seastate,roll_rate,20,2.0,1,True,523680,3.368316950248868,,2.2886167916111626,,3.368316950248868,0.0,,0.0,0.0,3.2989945899356385,1.0210131779314564,,0,0.0
persistence,unseen_seastate,roll_rate,30,3.0,1,True,523680,4.733862565847908,,3.213154375252333,,4.733862565847908,0.0,,0.0,0.0,3.2994705657891945,1.4347339888196955,,0,0.0
persistence,unseen_seastate,roll_rate,50,5.0,1,True,523680,6.355381178262804,,4.301275540521834,,6.355381178262804,0.0,,0.0,0.0,3.300289267129817,1.9257042834278364,,0,0.0
persistence,unseen_seastate,roll_rate,100,10.0,1,True,523680,3.3423295852098973,,2.241226498807631,,3.3423295852098973,0.0,,0.0,0.0,3.3024285854413846,1.0120823202489266,,0,0.0
persistence,unseen_seastate,roll_rate,150,15.0,1,True,523680,4.759767558109136,,3.2407371805817426,,4.759767558109136,0.0,,0.0,0.0,3.3050619125013023,1.4401447489093777,,0,0.0
tcn_l400,unseen_seastate,heave,10,1.0,3,False,523680,0.07189491285262355,0.010795667252767139,0.0527990705935931,0.0066954902280084135,0.7225299861141319,0.9899500424717155,0.0030185704754604747,0.9858749665894132,0.9929769113602813,1.3040230845977787,0.055133159605682346,0.008278739372238204,221636,8244.938450640679
tcn_l400,unseen_seastate,heave,20,2.0,3,False,523680,0.11251514801519759,0.003647885209313098,0.08255306321701789,0.001696475177086547,1.379212211527561,0.9933401563484479,0.0004281033555745146,0.9926464710428651,0.9941316944544245,1.3041370652244855,0.0862755541694768,0.0027971639688694635,221636,8244.938450640679
tcn_l400,unseen_seastate,heave,30,3.0,3,False,523680,0.18412245245465134,0.008619866799495004,0.13358996248198815,0.0047244809743534,1.9132137914090657,0.9907248572006914,0.0008762645552466871,0.989153555789014,0.9918806920009771,1.3043478521287997,0.1411605440635708,0.006608564414336781,221636,8244.938450640679
tcn_l400,unseen_seastate,heave,50,5.0,3,False,523680,0.3399626040692878,0.006490406054609826,0.25734185113095837,0.005190029020065673,2.472256983582562,0.9810861218613987,0.0007259664222218738,0.9792761049289137,0.9822048979208844,1.3046969314690733,0.2605682560213382,0.004974646523696303,221636,8244.938450640679
tcn_l400,unseen_seastate,heave,100,10.0,3,False,523680,0.9602206120622778,0.033244948109516226,0.7260816767749237,0.025783163484937477,1.4733324604942712,0.5749035741533591,0.029270415233974986,0.5208214090509793,0.633595181532587,1.3052530857962559,0.7356585650027445,0.02547011646345615,221636,8244.938450640679
tcn_l400,unseen_seastate,heave,150,15.0,3,False,523680,1.6527268972776896,0.05888047519286105,1.2514855579463755,0.039821061386659876,1.8506807984655285,0.20180964337230126,0.05649332478767362,0.10158406404676744,0.3002687959738857,1.3055953746109255,1.265879865551922,0.04509856295286574,221636,8244.938450640679
tcn_l400,unseen_seastate,heave_rate,10,1.0,3,False,523680,0.06382007898880715,0.0027214173939592522,0.046814511072567504,0.0011011131720206073,0.43962286298741843,0.978900105710546,0.0018175166168348865,0.9749827661690466,0.9814410404307324,0.7338878453162084,0.08696162417202748,0.0037082197386532367,221636,8244.938450640679
tcn_l400,unseen_seastate,heave_rate,20,2.0,3,False,523680,0.09649540935838037,0.009303848805158377,0.07083914909023868,0.006369488832174136,0.8313306004110836,0.9864434546261789,0.002560221533135159,0.9830811507648329,0.9898328999118917,0.7339772507555338,0.13146921005937304,0.01267593620317424,221636,8244.938450640679
tcn_l400,unseen_seastate,heave_rate,30,3.0,3,False,523680,0.1299353132318549,0.0065916948220577625,0.09732449639164704,0.005091227506580552,1.1355935167532625,0.9868854594753026,0.0013167097019512076,0.9848889042595684,0.988695766699599,0.7339926584626707,0.17702535813369188,0.008980600481568728,221636,8244.938450640679
tcn_l400,unseen_seastate,heave_rate,50,5.0,3,False,523680,0.16348917829519063,0.006047840932147208,0.12247145670361624,0.002244321513270906,1.3992727534580534,0.9863362695058883,0.0010179130322688773,0.9846655555697048,0.9875488953608075,0.7339870840063342,0.22274121964492197,0.008239710294541104,221636,8244.938450640679
tcn_l400,unseen_seastate,heave_rate,100,10.0,3,False,523680,0.5904521846120683,0.025273446882408027,0.425783554867823,0.009343410355715356,0.7686188879893898,0.40914964801439496,0.05091491058350523,0.3004873266296117,0.48674219951605896,0.7341792711661705,0.8042343441189695,0.03442408124961581,221636,8244.938450640679
tcn_l400,unseen_seastate,heave_rate,150,15.0,3,False,523680,0.8983036853104016,0.02222626076308206,0.6824527776761659,0.01448814948138666,1.1062898407355086,0.3403922868294715,0.03240489348858165,0.3001080804958252,0.3926447701698008,0.7344735022919635,1.2230579898487794,0.030261487574056563,221636,8244.938450640679
tcn_l400,unseen_seastate,pitch,10,1.0,3,False,523680,0.18208625153520605,0.010704961158328122,0.13487792635541604,0.006881947079981419,1.2222269594404127,0.9777540911464845,0.0025784319758919796,0.9727151628806372,0.9820432352206487,1.7978631101886102,0.10127926342295535,0.005954269319873344,221636,8244.938450640679
tcn_l400,unseen_seastate,pitch,20,2.0,3,False,523680,0.3560533703298748,0.004142369064397295,0.2622039748237196,0.0037059744738102713,2.2561846271397545,0.9750930747422487,0.0005809848640934334,0.9722622183069225,0.9775958617645896,1.7976679627472303,0.19806403502109882,0.0023043015452457916,221636,8244.938450640679
tcn_l400,unseen_seastate,pitch,30,3.0,3,False,523680,0.5364006310454349,0.00648746343400827,0.39047299234362615,0.0024071071787914082,2.9670563770227734,0.9673134328190809,0.0007910793293078227,0.9634500113952223,0.9701712273329554,1.7976874939255332,0.2983836917472902,0.003608782647668023,221636,8244.938450640679
tcn_l400,unseen_seastate,pitch,50,5.0,3,False,523680,0.984269973316357,0.054135014243472036,0.6731701599673222,0.02966784131466243,3.3004161719770044,0.9108818811520086,0.009924174839237491,0.891083638244811,0.9248546100760431,1.79747298987243,0.5475854039877465,0.030117289410459516,221636,8244.938450640679
tcn_l400,unseen_seastate,pitch,100,10.0,3,False,523680,2.094392183092744,0.1170701359879907,1.4850522609843406,0.08843679610124365,2.1442953332344814,0.04401626925785781,0.10740408067437572,-0.13585765943931707,0.1879597172028638,1.7977594151426086,1.165001370846168,0.06512002384852146,221636,8244.938450640679
tcn_l400,unseen_seastate,pitch,150,15.0,3,False,523680,3.031555858739503,0.21230921038098505,2.172465815863498,0.1707147235119908,2.6217643606966523,-0.34141005934190494,0.18829406112731098,-0.6393421261630909,-0.11137801422574467,1.798277604223273,1.685810828995403,0.11806253377252468,221636,8244.938450640679
tcn_l400,unseen_seastate,pitch_rate,10,1.0,3,False,523680,0.21916716811304504,0.009550584822270825,0.15996358836927768,0.006699039708666067,0.9749874851136945,0.9494056106337316,0.004376226015218434,0.9402878120025848,0.9585816663587386,1.2556883011928568,0.1745394680390384,0.007605856336479455,221636,8244.938450640679
tcn_l400,unseen_seastate,pitch_rate,20,2.0,3,False,523680,0.31414394497185777,0.0033765246230105968,0.22923247510972064,0.0023635093934869034,1.7512436884441234,0.9678191384101712,0.000690038346139876,0.9647575190403451,0.9709037432878717,1.2557790553604302,0.25015861160520236,0.0026887887710800033,221636,8244.938450640679
tcn_l400,unseen_seastate,pitch_rate,30,3.0,3,False,523680,0.3954507741504369,0.022473548401485664,0.2835844930910804,0.012602145235275251,2.205100698829473,0.9677698677914015,0.00360926661926792,0.962876903020095,0.973620756538717,1.255593182987374,0.31495135487241127,0.017898749934286407,221636,8244.938450640679
tcn_l400,unseen_seastate,pitch_rate,50,5.0,3,False,523680,0.7593219547345549,0.02934530147946028,0.5363739486543269,0.02290902806598019,2.1766629752889206,0.8781847246024985,0.0094088987986036,0.8630624603141694,0.8913928460201446,1.2554485176421812,0.6048212603417732,0.023374356707651252,221636,8244.938450640679
tcn_l400,unseen_seastate,pitch_rate,100,10.0,3,False,523680,1.8583085433040434,0.10495346862815559,1.2454422877529652,0.0531567157045558,1.6285427339926946,-0.3048478611058949,0.14703040867059256,-0.5101173119042736,-0.12342560168243534,1.2555608277890915,1.4800625363379059,0.0835909071908268,221636,8244.938450640679
tcn_l400,unseen_seastate,pitch_rate,150,15.0,3,False,523680,1.9245731658888807,0.05835513094353577,1.3789242074601666,0.03386394795793161,1.8210095950443475,-0.11766200360416341,0.06715057726573198,-0.2040857240889485,-0.003751147868326195,1.2558718343800095,1.5324598523534778,0.04646583301419782,221636,8244.938450640679
tcn_l400,unseen_seastate,roll,10,1.0,3,False,523680,0.3320518900746455,0.041442434861908156,0.24257692853172644,0.023063042473161748,3.2590780810060274,0.9895116040106711,0.002661018007789854,0.9854263956489661,0.9922841502398356,6.257511233296725,0.053064529602083715,0.006622830278176666,221636,8244.938450640679
tcn_l400,unseen_seastate,roll,20,2.0,3,False,523680,0.3924040188649874,0.03678552909401416,0.2939837279179452,0.024337483579355664,6.285047934493999,0.9960790920208421,0.0007256977990010109,0.9951485044445021,0.9970002939439377,6.258161704504171,0.06270276119304546,0.005878008723798006,221636,8244.938450640679
tcn_l400,unseen_seastate,roll,30,3.0,3,False,523680,0.5883694814583026,0.048888957662141255,0.4325792479429014,0.03389396318589469,8.86407567746202,0.9955738331012057,0.0007148122430995718,0.9948751164164219,0.9965738413311054,6.258595534998139,0.09400982667247525,0.007811490195963879,221636,8244.938450640679
tcn_l400,unseen_seastate,roll,50,5.0,3,False,523680,0.8901448478808739,0.04121696477348349,0.6222290189485692,0.02283311509596841,12.021278605051705,0.9945091401753453,0.000504534052198677,0.9938112490656921,0.9952885201695836,6.259860183654315,0.14219883859470397,0.006584326736419568,221636,8244.938450640679
tcn_l400,unseen_seastate,roll,100,10.0,3,False,523680,1.9757952656803948,0.09489878735813935,1.421460505152238,0.0616654714209467,6.5684497135890885,0.9093796910871333,0.008656065060566927,0.8961383977905727,0.9225135001683741,6.264046458694406,0.3154183607527399,0.015149757905518285,221636,8244.938450640679
tcn_l400,unseen_seastate,roll,150,15.0,3,False,523680,3.4418902752693903,0.050624755215805624,2.4972849733991684,0.04701871626674543,8.756474704087053,0.8454752394509164,0.004535489904893461,0.8353948380920541,0.855641640029067,6.268761829209168,0.5490542421362975,0.008075718394647003,221636,8244.938450640679
tcn_l400,unseen_seastate,roll_rate,10,1.0,3,False,523680,0.23234998203439797,0.01034128348481436,0.17336310691808846,0.007967869613987388,1.7504570061805127,0.9823576862148853,0.0015790104512614885,0.9790720903449762,0.9848315279336131,3.298699647865669,0.07043684082748591,0.003134957585940086,221636,8244.938450640679
tcn_l400,unseen_seastate,roll_rate,20,2.0,3,False,523680,0.33657492906831266,0.026165376337204442,0.24734937774307897,0.02120801176468889,3.368316950248868,0.9899750113636552,0.0015465666790833387,0.9878289723310101,0.9920376444873986,3.2989945899356385,0.10202348621459212,0.00793131835287881,221636,8244.938450640679
tcn_l400,unseen_seastate,roll_rate,30,3.0,3,False,523680,0.3755556827504474,0.03760176052659595,0.2747621427034543,0.02708194239459953,4.733862565847908,0.9936640731739482,0.001234182954719865,0.9922874562338009,0.9952771852875104,3.2994705657891945,0.11382301349932451,0.011396301247985857,221636,8244.938450640679
tcn_l400,unseen_seastate,roll_rate,50,5.0,3,False,523680,0.5960557594949956,0.02403200442063589,0.4333048650711544,0.022598613720687968,6.355381178262804,0.991194359172086,0.0007152176787224967,0.9899243936820492,0.9921379430333102,3.300289267129817,0.18060712599697995,0.007281787284523677,221636,8244.938450640679
tcn_l400,unseen_seastate,roll_rate,100,10.0,3,False,523680,1.5562090805950206,0.02835900295632361,1.0734039838400335,0.014627100217736742,3.3423295852098973,0.7831629546212509,0.007864294395172361,0.7659250742867619,0.8028853121523529,3.3024285854413846,0.4712317133686106,0.008587317552101825,221636,8244.938450640679
tcn_l400,unseen_seastate,roll_rate,150,15.0,3,False,523680,2.455446742042557,0.02245892423416532,1.724520314899024,0.010033028160426661,4.759767558109136,0.7338577832854027,0.0048762892892110134,0.718067528825085,0.7479586493155296,3.3050619125013023,0.7429351724864518,0.006795311201044348,221636,8244.938450640679
window_mean,unseen_seastate,heave,10,1.0,1,True,523680,1.3331940599749936,,1.0629119489523684,,0.7225299861141319,-2.404669722582315,,-2.4744026755158783,-2.3377240197640505,1.3040230845977787,1.0223699838766371,,0,0.0
window_mean,unseen_seastate,heave,20,2.0,1,True,523680,1.3563985311157356,,1.0813043697176639,,1.379212211527561,0.03280858245541718,,0.01434712886830073,0.050659278578506446,1.3041370652244855,1.0400735990754577,,0,0.0
window_mean,unseen_seastate,heave,30,3.0,1,True,523680,1.3650988102096282,,1.0882285375719318,,1.9132137914090657,0.4909022582281768,,0.4823140033357947,0.4993308899123477,1.3043478521287997,1.0465757335987314,,0,0.0
window_mean,unseen_seastate,heave,50,5.0,1,True,523680,1.3380681328252952,,1.0668196126739709,,2.472256983582562,0.7070663717286845,,0.7044230025558115,0.7095344339963214,1.3046969314690733,1.0255777418887975,,0,0.0
window_mean,unseen_seastate,heave,100,10.0,1,True,523680,1.2724226829878542,,1.0145675260458251,,1.4733324604942712,0.2541331758804882,,0.21873439846022955,0.2883633851914675,1.3052530857962559,0.9748474811776646,,0,0.0
window_mean,unseen_seastate,heave,150,15.0,1,True,523680,1.3294384688442895,,1.0598405302728167,,1.8506807984655285,0.48397178910779326,,0.4680720129694313,0.49953006926859744,1.3055953746109255,1.0182622385901676,,0,0.0
window_mean,unseen_seastate,heave_rate,10,1.0,1,True,523680,0.7501974083460569,,0.5925648276879973,,0.43962286298741843,-1.9119946888929213,,-1.9695288317959427,-1.8552631386151441,0.7338878453162084,1.0222235088562084,,0,0.0
window_mean,unseen_seastate,heave_rate,20,2.0,1,True,523680,0.7622683335239457,,0.602260263518218,,0.8313306004110836,0.15924739124678777,,0.14404823140863374,0.17390825217081887,0.7339772507555338,1.0385449041360477,,0,0.0
window_mean,unseen_seastate,heave_rate,30,3.0,1,True,523680,0.7650634866412805,,0.6047202461831979,,1.1355935167532625,0.5461115391463327,,0.5392667110638496,0.5527620870911831,0.7339926584626707,1.042331251982393,,0,0.0
window_mean,unseen_seastate,heave_rate,50,5.0,1,True,523680,0.7457624186915479,,0.5900621654044215,,1.3992727534580534,0.7159490586310008,,0.714439831272423,0.7173604501715732,0.7339870840063342,1.0160429726105535,,0,0.0
window_mean,unseen_seastate,heave_rate,100,10.0,1,True,523680,0.7225844687467036,,0.5694699114967746,,0.7686188879893898,0.11619767438380857,,0.08885542599771505,0.14475615072630507,0.7341792711661705,0.9842071236892186,,0,0.0
window_mean,unseen_seastate,heave_rate,150,15.0,1,True,523680,0.7452607313433484,,0.5890151553247769,,1.1062898407355086,0.5461852280881079,,0.5364240333771977,0.555720216604027,0.7344735022919635,1.014687022768994,,0,0.0
window_mean,unseen_seastate,pitch,10,1.0,1,True,523680,1.8394915348090104,,1.2800678031407327,,1.2222269594404127,-1.265123413365599,,-1.3258337818456756,-1.2052945097270928,1.7978631101886102,1.0231543905564828,,0,0.0
window_mean,unseen_seastate,pitch,20,2.0,1,True,523680,1.8637183488578668,,1.2971600526703653,,2.2561846271397545,0.317643566720596,,0.3014507580978276,0.3334339802582026,1.7976679627472303,1.0367422613515886,,0,0.0
window_mean,unseen_seastate,pitch,30,3.0,1,True,523680,1.8621958880486087,,1.2965685414044643,,2.9670563770227734,0.606088073808667,,0.5988230559747815,0.6133871821359183,1.7976874939255332,1.0358840979542063,,0,0.0
window_mean,unseen_seastate,pitch,50,5.0,1,True,523680,1.8077615078714098,,1.2593337038410135,,3.3004161719770044,0.6999836958602998,,0.6981438270785645,0.7017105217361539,1.79747298987243,1.0057238790551783,,0,0.0
window_mean,unseen_seastate,pitch,100,10.0,1,True,523680,1.7863943067535581,,1.241383083334288,,2.1442953332344814,0.30595848180433105,,0.29102400375853976,0.32237163430520227,1.7977594151426086,0.9936781816892062,,0,0.0
window_mean,unseen_seastate,pitch,150,15.0,1,True,523680,1.8125901101964277,,1.261981274110322,,2.6217643606966523,0.5220176049071545,,0.5110091806809576,0.531778523870585,1.798277604223273,1.0079590080750278,,0,0.0
window_mean,unseen_seastate,pitch_rate,10,1.0,1,True,523680,1.2838506163319219,,0.8745414473626425,,0.9749874851136945,-0.7339273841916951,,-0.7762790319204109,-0.6944385048608204,1.2556883011928568,1.0224277912857132,,0,0.0
window_mean,unseen_seastate,pitch_rate,20,2.0,1,True,523680,1.2968434485532208,,0.8839903920514218,,1.7512436884441234,0.4516195815578463,,0.44109805226846294,0.46169680180493583,1.2557790553604302,1.0327003329268016,,0,0.0
window_mean,unseen_seastate,pitch_rate,30,3.0,1,True,523680,1.2891726852379204,,0.8797052172274359,,2.205100698829473,0.658205290167222,,0.6540699571414987,0.6620629291240399,1.255593182987374,1.0267439348234213,,0,0.0
window_mean,unseen_seastate,pitch_rate,50,5.0,1,True,523680,1.2489425508012122,,0.8527454039379865,,2.1766629752889206,0.6707676181071134,,0.6668528747761914,0.6746004883684246,1.2554485176421812,0.9948178147096086,,0,0.0
window_mean,unseen_seastate,pitch_rate,100,10.0,1,True,523680,1.258269105731257,,0.854696214855542,,1.6285427339926946,0.40303516583400956,,0.3959393491509692,0.40942297057540133,1.2555608277890915,1.0021570264715365,,0,0.0
window_mean,unseen_seastate,pitch_rate,150,15.0,1,True,523680,1.2598206383508128,,0.8591730076484787,,1.8210095950443475,0.521377656295484,,0.5157777131207565,0.5265004137686583,1.2558718343800095,1.0031442730561377,,0,0.0
window_mean,unseen_seastate,roll,10,1.0,1,True,523680,6.329429146844681,,4.270572252066406,,3.2590780810060274,-2.771720953117133,,-2.7893692777928614,-2.755769683786983,6.257511233296725,1.0114930538462759,,0,0.0
window_mean,unseen_seastate,roll,20,2.0,1,True,523680,6.501662116046739,,4.3851919159652,,6.285047934493999,-0.07011783770316438,,-0.07458483984585357,-0.06601279611794358,6.258161704504171,1.0389092553117178,,0,0.0
window_mean,unseen_seastate,roll,30,3.0,1,True,523680,6.6072799791238905,,4.454125131384384,,8.86407567746202,0.4443791815584678,,0.4424113732262964,0.44623779156616394,6.258595534998139,1.0557128899248889,,0,0.0
window_mean,unseen_seastate,roll,50,5.0,1,True,523680,6.54763052789917,,4.409522409176827,,12.021278605051705,0.7033345267537039,,0.7026755128954351,0.7040350587398961,6.259860183654315,1.0459707303042134,,0,0.0
window_mean,unseen_seastate,roll,100,10.0,1,True,523680,5.944765394314583,,4.008989057169237,,6.5684497135890885,0.18088725847430853,,0.16787081359794798,0.19548110865952006,6.264046458694406,0.9490295823178857,,0,0.0
window_mean,unseen_seastate,roll,150,15.0,1,True,523680,6.558114384685325,,4.417441044089027,,8.756474704087053,0.4390819963905973,,0.43190460501643574,0.44598843550439987,6.268761829209168,1.0461578479705393,,0,0.0
window_mean,unseen_seastate,roll_rate,10,1.0,1,True,523680,3.3426603219137485,,2.264104085305687,,1.7504570061805127,-2.6465451553441075,,-2.6625493516604757,-2.630585147920495,3.298699647865669,1.0133266676996564,,0,0.0
window_mean,unseen_seastate,roll_rate,20,2.0,1,True,523680,3.432975864440856,,2.324445998718096,,3.368316950248868,-0.03876091125188985,,-0.042891205702658725,-0.034692639508845075,3.2989945899356385,1.0406127596916828,,0,0.0
window_mean,unseen_seastate,roll_rate,30,3.0,1,True,523680,3.485944511904973,,2.3589097765439213,,4.733862565847908,0.45773740357859016,,0.45594723842168183,0.45960871732617153,3.2994705657891945,1.0565163235730142,,0,0.0
window_mean,unseen_seastate,roll_rate,50,5.0,1,True,523680,3.445357382976725,,2.328633005918803,,6.355381178262804,0.7061096351813037,,0.705482415333817,0.7067556944223422,3.300289267129817,1.0439561820509964,,0,0.0
window_mean,unseen_seastate,roll_rate,100,10.0,1,True,523680,3.1395531817575293,,2.125973698055219,,3.3423295852098973,0.11765761522290241,,0.10466271973139096,0.13138316924820045,3.3024285854413846,0.9506801132954442,,0,0.0
window_mean,unseen_seastate,roll_rate,150,15.0,1,True,523680,3.458784012073824,,2.338456385826217,,4.759767558109136,0.4719495750502716,,0.4662484583613228,0.4778859872328787,3.3050619125013023,1.0465111104246103,,0,0.0
