model,dof,horizon_samples,horizon_s,n_windows,rmse,mae,rmse_persistence,skill,signal_std,nrmse,n_realizations,skill_ci_lo,skill_ci_hi,seed,deterministic,n_params,fit_time_s,best_epoch,epochs_run,best_val_loss,val_loss_name,regime
persistence,roll,10,1.0,418944,1.9461019988405042,1.0387516077042767,1.9461019988405042,0.0,3.687222002970601,0.5277962643075551,384,0.0,0.0,0,True,0,0.0,,,,,id
persistence,roll,20,2.0,418944,3.7473419458437816,1.9913290181957841,3.7473419458437816,0.0,3.6877754460978944,1.0161524205083896,384,0.0,0.0,0,True,0,0.0,,,,,id
persistence,roll,30,3.0,418944,5.271807875496168,2.7807735313689306,5.271807875496168,0.0,3.688478647638728,1.429263492923037,384,0.0,0.0,0,True,0,0.0,,,,,id
persistence,roll,50,5.0,418944,7.095209199805059,3.655753237918966,7.095209199805059,0.0,3.69030276033271,1.9226631690147207,384,0.0,0.0,0,True,0,0.0,,,,,id
persistence,roll,100,10.0,418944,3.8042041029288476,1.8855042576553995,3.8042041029288476,0.0,3.694076084821685,1.0298120600600673,384,0.0,0.0,0,True,0,0.0,,,,,id
persistence,roll,150,15.0,418944,5.250462508864866,2.77731747812025,5.250462508864866,0.0,3.6967972023470375,1.4202733397253795,384,0.0,0.0,0,True,0,0.0,,,,,id
persistence,pitch,10,1.0,418944,0.896144552176039,0.5664447414439322,0.896144552176039,0.0,1.2403442750018743,0.7224966247171052,384,0.0,0.0,0,True,0,0.0,,,,,id
persistence,pitch,20,2.0,418944,1.639104495310578,1.0363909539333016,1.639104495310578,0.0,1.240393189409016,1.3214394510594882,384,0.0,0.0,0,True,0,0.0,,,,,id
persistence,pitch,30,3.0,418944,2.121139296715647,1.3391519033656052,2.121139296715647,0.0,1.2402854523142828,1.7102025124601397,384,0.0,0.0,0,True,0,0.0,,,,,id
persistence,pitch,50,5.0,418944,2.2310378683281757,1.3765761082062675,2.2310378683281757,0.0,1.240068055500173,1.7991253451233382,384,0.0,0.0,0,True,0,0.0,,,,,id
persistence,pitch,100,10.0,418944,1.5609168249331924,0.984611404693464,1.5609168249331924,0.0,1.2401273775213297,1.2586745952282996,384,0.0,0.0,0,True,0,0.0,,,,,id
persistence,pitch,150,15.0,418944,1.7818458997830895,1.100853724427489,1.7818458997830895,0.0,1.2404643096284043,1.4364346365731897,384,0.0,0.0,0,True,0,0.0,,,,,id
persistence,heave,10,1.0,418944,0.44162564996543524,0.2931625337436568,0.44162564996543524,0.0,0.7586744785454769,0.5821016291626357,384,0.0,0.0,0,True,0,0.0,,,,,id
persistence,heave,20,2.0,418944,0.8379625080040977,0.5539204446954937,0.8379625080040977,0.0,0.7587896097620423,1.1043410416055697,384,0.0,0.0,0,True,0,0.0,,,,,id
persistence,heave,30,3.0,418944,1.1508797207979575,0.7549037770310405,1.1508797207979575,0.0,0.758921162789381,1.5164680828874901,384,0.0,0.0,0,True,0,0.0,,,,,id
persistence,heave,50,5.0,418944,1.4411635486480023,0.9158137001567783,1.4411635486480023,0.0,0.7589656362018378,1.8988521744675437,384,0.0,0.0,0,True,0,0.0,,,,,id
persistence,heave,100,10.0,418944,0.8345105274387918,0.5183215930104049,0.8345105274387918,0.0,0.7592839391596414,1.099075700669251,384,0.0,0.0,0,True,0,0.0,,,,,id
persistence,heave,150,15.0,418944,1.1055277079536523,0.698744518148866,1.1055277079536523,0.0,0.759468366891061,1.4556599802559393,384,0.0,0.0,0,True,0,0.0,,,,,id
persistence,roll_rate,10,1.0,418944,1.0679896364574446,0.5970396429321411,1.0679896364574446,0.0,1.9709759416747037,0.541858281410575,384,0.0,0.0,0,True,0,0.0,,,,,id
persistence,roll_rate,20,2.0,418944,2.0492628495295913,1.1384119050884627,2.0492628495295913,0.0,1.9713738906856482,1.0395099880402967,384,0.0,0.0,0,True,0,0.0,,,,,id
persistence,roll_rate,30,3.0,418944,2.8671756238298993,1.5763362629665632,2.8671756238298993,0.0,1.971717923838755,1.4541510168187597,384,0.0,0.0,0,True,0,0.0,,,,,id
persistence,roll_rate,50,5.0,418944,3.800309070429258,2.022969934052566,3.800309070429258,0.0,1.9722164496629107,1.926922915118573,384,0.0,0.0,0,True,0,0.0,,,,,id
persistence,roll_rate,100,10.0,418944,1.963739939712071,1.0319169591114148,1.963739939712071,0.0,1.9739519724102126,0.9948266052868183,384,0.0,0.0,0,True,0,0.0,,,,,id
persistence,roll_rate,150,15.0,418944,2.8964304976072257,1.5734262674133417,2.8964304976072257,0.0,1.975553636862926,1.466136096515508,384,0.0,0.0,0,True,0,0.0,,,,,id
persistence,pitch_rate,10,1.0,418944,0.7531298126630523,0.466492717342859,0.7531298126630523,0.0,0.9234044534650131,0.8156012350135234,384,0.0,0.0,0,True,0,0.0,,,,,id
persistence,pitch_rate,20,2.0,418944,1.3418810461838517,0.8356521175050832,1.3418810461838517,0.0,0.9235131941570501,1.4530177312828463,384,0.0,0.0,0,True,0,0.0,,,,,id
persistence,pitch_rate,30,3.0,418944,1.6644452322779302,1.0431568186557294,1.6644452322779302,0.0,0.9236561249822394,1.802018291504249,384,0.0,0.0,0,True,0,0.0,,,,,id
persistence,pitch_rate,50,5.0,418944,1.5485057654706453,0.9687776593229621,1.5485057654706453,0.0,0.9236585535052279,1.6764915558830267,384,0.0,0.0,0,True,0,0.0,,,,,id
persistence,pitch_rate,100,10.0,418944,1.27457983474772,0.7936618316874333,1.27457983474772,0.0,0.9237886815931622,1.3797309494521894,384,0.0,0.0,0,True,0,0.0,,,,,id
persistence,pitch_rate,150,15.0,418944,1.3066658063490564,0.8170022400918989,1.3066658063490564,0.0,0.923677262965375,1.414634590175073,384,0.0,0.0,0,True,0,0.0,,,,,id
persistence,heave_rate,10,1.0,418944,0.2851862134952766,0.1935198108127953,0.2851862134952766,0.0,0.4494429055050756,0.634532684801843,384,0.0,0.0,0,True,0,0.0,,,,,id
persistence,heave_rate,20,2.0,418944,0.5351005334146711,0.3622089321642084,0.5351005334146711,0.0,0.4494530144731941,1.1905594493383582,384,0.0,0.0,0,True,0,0.0,,,,,id
persistence,heave_rate,30,3.0,418944,0.7214322878188286,0.48584774840348066,0.7214322878188286,0.0,0.4494430721740169,1.605169447443395,384,0.0,0.0,0,True,0,0.0,,,,,id
persistence,heave_rate,50,5.0,418944,0.8521061512116869,0.5594398873690611,0.8521061512116869,0.0,0.44946461013569566,1.895824792422326,384,0.0,0.0,0,True,0,0.0,,,,,id
persistence,heave_rate,100,10.0,418944,0.4792648671555359,0.3222884401466384,0.4792648671555359,0.0,0.44945174911641034,1.0663321882665626,384,0.0,0.0,0,True,0,0.0,,,,,id
persistence,heave_rate,150,15.0,418944,0.6809671010591867,0.43917276994544074,0.6809671010591867,0.0,0.44946344226262147,1.5150667151730166,384,0.0,0.0,0,True,0,0.0,,,,,id
window_mean,roll,10,1.0,418944,3.733594278222558,1.9278088128040847,1.9461019988405042,-2.680637505160985,3.687222002970601,1.0125764804003115,384,-2.7186254807979484,-2.637589053348158,0,True,0,0.0,,,,,id
window_mean,roll,20,2.0,418944,3.83147580436217,1.9747319115123994,3.7473419458437816,-0.04540729403507582,3.6877754460978944,1.038966677978272,384,-0.055072060077629166,-0.03429851569269321,0,True,0,0.0,,,,,id
window_mean,roll,30,3.0,418944,3.8896093500693083,1.9996308064622088,5.271807875496168,0.4556317066317219,3.688478647638728,1.0545294474076294,384,0.451168640908326,0.4607293558664951,0,True,0,0.0,,,,,id
window_mean,roll,50,5.0,418944,3.8485884838843303,1.9701145128254636,7.095209199805059,0.7057797623349584,3.69030276033271,1.0428923407729693,384,0.7044003781571726,0.7072089279622924,0,True,0,0.0,,,,,id
window_mean,roll,100,10.0,418944,3.5172122339514837,1.824128437902421,3.8042041029288476,0.14519012436265788,3.694076084821685,0.9521223042489828,384,0.113469517677625,0.1743401445970436,0,True,0,0.0,,,,,id
window_mean,roll,150,15.0,418944,3.861130221272709,1.979344242959919,5.250462508864866,0.4592036216892087,3.6967972023470375,1.0444528087235456,384,0.4439734335584317,0.47447734173008366,0,True,0,0.0,,,,,id
window_mean,pitch,10,1.0,418944,1.2678861583846825,0.7971080050045246,0.896144552176039,-1.0017248622272619,1.2403442750018743,1.0222050312464792,384,-1.0852260071953281,-0.9221733266122105,0,True,0,0.0,,,,,id
window_mean,pitch,20,2.0,418944,1.2825444781295339,0.8060959966766337,1.639104495310578,0.387746061283163,1.240393189409016,1.0339821994190412,384,0.36538792417832594,0.408943703130678,0,True,0,0.0,,,,,id
window_mean,pitch,30,3.0,418944,1.2782525235628563,0.8029227994353071,2.121139296715647,0.636842566803818,1.2402854523142828,1.030611558958246,384,0.6265669869869217,0.6464737598487154,0,True,0,0.0,,,,,id
window_mean,pitch,50,5.0,418944,1.2388350071104162,0.7784040994602809,2.2310378683281757,0.6916719368605471,1.240068055500173,0.9990056607100813,384,0.6862631362743824,0.6961874462060614,0,True,0,0.0,,,,,id
window_mean,pitch,100,10.0,418944,1.2394158410575036,0.7801722294012765,1.5609168249331924,0.369515286205807,1.2401273775213297,0.9994262392100008,384,0.3389111643906873,0.40103668591961483,0,True,0,0.0,,,,,id
window_mean,pitch,150,15.0,418944,1.246861115906006,0.7841357287273176,1.7818458997830895,0.5103385900320265,1.2404643096284043,1.005156783817116,384,0.49206578749475854,0.5268422576032343,0,True,0,0.0,,,,,id
window_mean,heave,10,1.0,418944,0.775307356000733,0.49530112357493283,0.44162564996543524,-2.082046805056643,0.7586744785454769,1.0219236021846214,384,-2.183376423203181,-1.9725785767306028,0,True,0,0.0,,,,,id
window_mean,heave,20,2.0,418944,0.7877618896513566,0.5027199610448148,0.8379625080040977,0.11622694273535816,0.7587896097620423,1.038182230642826,384,0.0891794304576419,0.14541110742843527,0,True,0,0.0,,,,,id
window_mean,heave,30,3.0,418944,0.7913875191762193,0.5040699617562516,1.1508797207979575,0.5271553077079412,0.758921162789381,1.042779616617238,384,0.5148980217583857,0.5404219998304213,0,True,0,0.0,,,,,id
window_mean,heave,50,5.0,418944,0.7734677752245565,0.4912163494670422,1.4411635486480023,0.7119566116133116,0.7589656362018378,1.019107767639248,384,0.7085535448448447,0.7157148699626054,0,True,0,0.0,,,,,id
window_mean,heave,100,10.0,418944,0.7450404615704698,0.4791521511443553,0.8345105274387918,0.2029307065314222,0.7592839391596414,0.9812409075780847,384,0.13500236143859395,0.25718287021019,0,True,0,0.0,,,,,id
window_mean,heave,150,15.0,418944,0.7708049181996056,0.4901937094279994,1.1055277079536523,0.5138730587022072,0.759468366891061,1.014926956543235,384,0.4883071285051969,0.5385355895043866,0,True,0,0.0,,,,,id
window_mean,roll_rate,10,1.0,418944,1.999570509878894,1.071283627988101,1.0679896364574446,-2.505414423422199,1.9709759416747037,1.014507822038606,384,-2.5523061312364836,-2.451626365696745,0,True,0,0.0,,,,,id
window_mean,roll_rate,20,2.0,418944,2.051098320012005,1.0963884253194611,2.0492628495295913,-0.0017921492833334884,1.9713738906856482,1.0404410496167362,384,-0.014146086567172514,0.01230903351715346,0,True,0,0.0,,,,,id
window_mean,roll_rate,30,3.0,418944,2.079655140604819,1.108264623602765,2.8671756238298993,0.47389302883956796,1.971717923838755,1.054742727375486,384,0.46829674190702164,0.4803056871728381,0,True,0,0.0,,,,,id
window_mean,roll_rate,50,5.0,418944,2.0509943037960316,1.0882316774610492,3.800309070429258,0.7087331413167921,1.9722164496629107,1.0399438176000335,384,0.7073448807715577,0.7101557401568618,0,True,0,0.0,,,,,id
window_mean,roll_rate,100,10.0,418944,1.8853159989288708,1.0162288681713922,1.963739939712071,0.07827713795403535,1.9739519724102126,0.9550971985538653,384,0.044482682534483446,0.10988581536605922,0,True,0,0.0,,,,,id
window_mean,roll_rate,150,15.0,418944,2.0613545107171563,1.0948183913516627,2.8964304976072257,0.4935003465671589,1.975553636862926,1.0434313056619802,384,0.4793098481210887,0.5070414144319859,0,True,0,0.0,,,,,id
window_mean,pitch_rate,10,1.0,418944,0.9433973036798702,0.5960939831089341,0.7531298126630523,-0.569096242167324,0.9234044534650131,1.0216512386742724,384,-0.6278560397622243,-0.5146369848193507,0,True,0,0.0,,,,,id
window_mean,pitch_rate,20,2.0,418944,0.9514608778662512,0.601389773776823,1.3418810461838517,0.4972479684968377,0.9235131941570501,1.0302623545456877,384,0.48260655947428216,0.5111138479142486,0,True,0,0.0,,,,,id
window_mean,pitch_rate,30,3.0,418944,0.9441011742968103,0.5970006549608557,1.6644452322779302,0.6782651864016371,0.9236561249822394,1.0221349144574383,384,0.672856262435341,0.6836034044827948,0,True,0,0.0,,,,,id
window_mean,pitch_rate,50,5.0,418944,0.9148528325244119,0.5788414703334733,1.5485057654706453,0.6509586973915478,0.9236585535052279,0.990466476007396,384,0.6403536699654202,0.6599719607335799,0,True,0,0.0,,,,,id
window_mean,pitch_rate,100,10.0,418944,0.9284622667518077,0.5859145849018839,1.27457983474772,0.46936678577023483,0.9237886815931622,1.0050591496213024,384,0.4477319520516108,0.4908210499809617,0,True,0,0.0,,,,,id
window_mean,pitch_rate,150,15.0,418944,0.9251266124508697,0.5851605635175052,1.3066658063490564,0.4987281741559423,0.923677262965375,1.0015691081112483,384,0.48509128867661416,0.5114413755999988,0,True,0,0.0,,,,,id
window_mean,heave_rate,10,1.0,418944,0.45911866899034504,0.30518413030075653,0.2851862134952766,-1.5917484737007808,0.4494429055050756,1.0215283484659659,384,-1.6762651900283707,-1.5033258789516541,0,True,0,0.0,,,,,id
window_mean,heave_rate,20,2.0,418944,0.46576801190991807,0.30938746064591494,0.5351005334146711,0.2423501361024497,0.4494530144731941,1.0362996729610254,384,0.22018851130038844,0.2656747838011984,0,True,0,0.0,,,,,id
window_mean,heave_rate,30,3.0,418944,0.46649492446535823,0.3094579857319574,0.7214322878188286,0.5818783118598577,0.4494430721740169,1.0379399602464874,384,0.5720471077415733,0.5921518309415607,0,True,0,0.0,,,,,id
window_mean,heave_rate,50,5.0,418944,0.4536433668031677,0.30052977944627896,0.8521061512116869,0.7165726676762556,0.44946461013569566,1.0092971873051595,384,0.7140749218280276,0.7189303348487717,0,True,0,0.0,,,,,id
window_mean,heave_rate,100,10.0,418944,0.4456508253872392,0.2972580413612499,0.4792648671555359,0.1353541872807862,0.44945174911641034,0.9915431996056452,384,0.08148500549245595,0.18639998776018968,0,True,0,0.0,,,,,id
window_mean,heave_rate,150,15.0,418944,0.45377021099337694,0.30072536589870197,0.6809671010591867,0.5559624451003262,0.44946344226262147,1.009582022308811,384,0.5390061709667052,0.5712646242239449,0,True,0,0.0,,,,,id
damped_persistence,roll,10,1.0,418944,2.425907878615154,1.2661525759095882,1.9461019988405042,-0.5538797694395046,3.687222002970601,0.6579229231819315,384,-0.5647895150544084,-0.5413653601324842,0,True,6,0.13260624000395183,,,,,id
damped_persistence,roll,20,2.0,418944,3.5030273479367553,1.8202404208658305,3.7473419458437816,0.12614292465027432,3.6877754460978944,0.9499025629782788,384,0.11999509228174224,0.13301389914895392,0,True,6,0.13260624000395183,,,,,id
damped_persistence,roll,30,3.0,418944,3.9021202397150936,2.0160516993915776,5.271807875496168,0.4521241643391275,3.688478647638728,1.0579213308481896,384,0.4484050831823919,0.45636653657726983,0,True,6,0.13260624000395183,,,,,id
damped_persistence,roll,50,5.0,418944,3.9168762146690823,2.0057372296291565,7.095209199805059,0.6952460920341225,3.69030276033271,1.061396982592275,384,0.6939126612420374,0.6966441169762925,0,True,6,0.13260624000395183,,,,,id
damped_persistence,roll,100,10.0,418944,3.5163608030404263,1.8236541244719202,3.8042041029288476,0.14560393132687643,3.694076084821685,0.9518918187658723,384,0.11391724313717871,0.1747209902038096,0,True,6,0.13260624000395183,,,,,id
damped_persistence,roll,150,15.0,418944,3.861129481865237,1.9793455043502923,5.250462508864866,0.4592038288144916,3.6967972023470375,1.044452608710553,384,0.4439740164593434,0.4744771835063357,0,True,6,0.13260624000395183,,,,,id
damped_persistence,pitch,10,1.0,418944,0.9726821776996732,0.61481139665276,0.896144552176039,-0.17810982787298624,1.2403442750018743,0.7842033839340319,384,-0.21182601346057311,-0.14603309109985615,0,True,6,0.13260624000395183,,,,,id
damped_persistence,pitch,20,2.0,418944,1.2671920382096402,0.7993165580116434,1.639104495310578,0.40231605711645635,1.240393189409016,1.021605124108584,384,0.38548507938255316,0.4182007516164115,0,True,6,0.13260624000395183,,,,,id
damped_persistence,pitch,30,3.0,418944,1.3069550500413611,0.8221188081742077,2.121139296715647,0.620350420984716,1.2402854523142828,1.0537534303919132,384,0.6110642545123902,0.629070291039629,0,True,6,0.13260624000395183,,,,,id
damped_persistence,pitch,50,5.0,418944,1.2445431030785332,0.7817540464164008,2.2310378683281757,0.6888240663979361,1.240068055500173,1.0036087112787977,384,0.6835011148149687,0.6932712322031339,0,True,6,0.13260624000395183,,,,,id
damped_persistence,pitch,100,10.0,418944,1.2394018294650366,0.7801649360644477,1.5609168249331924,0.36952954138092886,1.2401273775213297,0.9994149406992826,384,0.3389286705257137,0.40104769674262336,0,True,6,0.13260624000395183,,,,,id
damped_persistence,pitch,150,15.0,418944,1.2468611295203604,0.7841357322320183,1.7818458997830895,0.5103385793388964,1.2404643096284043,1.0051567947923246,384,0.4920657923141981,0.5268422340232157,0,True,6,0.13260624000395183,,,,,id
damped_persistence,heave,10,1.0,418944,0.525037967823513,0.34065862238085753,0.44162564996543524,-0.4134252366696729,0.7586744785454769,0.6920464344999591,384,-0.44547910035607735,-0.3788441271614944,0,True,6,0.13260624000395183,,,,,id
damped_persistence,heave,20,2.0,418944,0.7376156784188458,0.4761613761029762,0.8379625080040977,0.22516165868908766,0.7587896097620423,0.9720951221909367,384,0.20765143807286654,0.24392041967249142,0,True,6,0.13260624000395183,,,,,id
damped_persistence,heave,30,3.0,418944,0.8016145592752734,0.5140089964481912,1.1508797207979575,0.514855270476646,0.758921162789381,1.0562553774742223,384,0.5046250120382105,0.525926464795738,0,True,6,0.13260624000395183,,,,,id
damped_persistence,heave,50,5.0,418944,0.7844841557660486,0.4982160682739523,1.4411635486480023,0.7036930656830358,0.7589656362018378,1.0336227601712187,384,0.7003986507607477,0.7073483115713336,0,True,6,0.13260624000395183,,,,,id
damped_persistence,heave,100,10.0,418944,0.7449384731961743,0.4790883922542543,0.8345105274387918,0.20314891276753633,0.7592839391596414,0.9811065857927348,384,0.13526890383962697,0.25736406528330225,0,True,6,0.13260624000395183,,,,,id
damped_persistence,heave,150,15.0,418944,0.7708051495094288,0.4901939282317483,1.1055277079536523,0.5138727669397885,0.759468366891061,1.0149272611113163,384,0.4883071946770106,0.5385349851730608,0,True,6,0.13260624000395183,,,,,id
damped_persistence,roll_rate,10,1.0,418944,1.3174803982464791,0.7160617268652734,1.0679896364574446,-0.5217883252574487,1.9709759416747037,0.6684406290251514,384,-0.5362475651469184,-0.5052668526036391,0,True,6,0.13260624000395183,,,,,id
damped_persistence,roll_rate,20,2.0,418944,1.8892512266754624,1.0206365686437813,2.0492628495295913,0.15006817394510508,1.9713738906856482,0.9583424207867421,384,0.14205840616398988,0.15918905586124507,0,True,6,0.13260624000395183,,,,,id
damped_persistence,roll_rate,30,3.0,418944,2.092056097812878,1.1217463001488812,2.8671756238298993,0.4675999835563306,1.971717923838755,1.0610321448718363,384,0.46283780933204993,0.47292496126188927,0,True,6,0.13260624000395183,,,,,id
damped_persistence,roll_rate,50,5.0,418944,2.085356940021518,1.1065507818546856,3.800309070429258,0.6988915336400114,1.9722164496629107,1.0573671771057103,384,0.6975232008837023,0.7002876775126134,0,True,6,0.13260624000395183,,,,,id
damped_persistence,roll_rate,100,10.0,418944,1.8848859716453112,1.0159943288404034,1.963739939712071,0.07869756696927033,1.9739519724102126,0.954879347618498,384,0.04493655941031129,0.11027670474736918,0,True,6,0.13260624000395183,,,,,id
damped_persistence,roll_rate,150,15.0,418944,2.0613554556999074,1.094819436809973,2.8964304976072257,0.4934998821797446,1.975553636862926,1.0434317840001703,384,0.4793096237151984,0.5070406854478221,0,True,6,0.13260624000395183,,,,,id
damped_persistence,pitch_rate,10,1.0,418944,0.7732337906954659,0.4871240395457152,0.7531298126630523,-0.054100381000037556,0.9234044534650131,0.8373728194551783,384,-0.08114345704733356,-0.02884590032047703,0,True,6,0.13260624000395183,,,,,id
damped_persistence,pitch_rate,20,2.0,418944,0.9588989601182615,0.6052326655318571,1.3418810461838517,0.48935667640929625,0.9235131941570501,1.038316470392727,384,0.47753589544521163,0.5005646532068632,0,True,6,0.13260624000395183,,,,,id
damped_persistence,pitch_rate,30,3.0,418944,0.9632280793520243,0.6087951098651859,1.6644452322779302,0.665096836649776,0.9236561249822394,1.042842734757533,384,0.6600301859414917,0.6700963978616995,0,True,6,0.13260624000395183,,,,,id
damped_persistence,pitch_rate,50,5.0,418944,0.9162766519990873,0.5797384098975126,1.5485057654706453,0.6498714000377319,0.9236585535052279,0.9920079758065069,384,0.6393414802449024,0.6588183506390792,0,True,6,0.13260624000395183,,,,,id
damped_persistence,pitch_rate,100,10.0,418944,0.928461624076907,0.5859141431157509,1.27457983474772,0.4693675203709664,0.9237886815931622,1.0050584539265905,384,0.4477332769149856,0.4908211917604985,0,True,6,0.13260624000395183,,,,,id
damped_persistence,pitch_rate,150,15.0,418944,0.9251266124479678,0.58516056331893,1.3066658063490564,0.498728174159087,0.923677262965375,1.0015691081081066,384,0.4850912900174984,0.5114413744269607,0,True,6,0.13260624000395183,,,,,id
damped_persistence,heave_rate,10,1.0,418944,0.32807185403773426,0.22016722306464195,0.2851862134952766,-0.3233688017133358,0.4494429055050756,0.7299522364671731,384,-0.35286875065561346,-0.29216913407045825,0,True,6,0.13260624000395183,,,,,id
damped_persistence,heave_rate,20,2.0,418944,0.44722722117715485,0.299079843630887,0.5351005334146711,0.3014689884027929,0.4494530144731941,0.9950477731278583,384,0.2860790645744497,0.31770475770540113,0,True,6,0.13260624000395183,,,,,id
damped_persistence,heave_rate,30,3.0,418944,0.4755342809321116,0.3165184387264719,0.7214322878188286,0.5655172785164004,0.4494430721740169,1.0580523104558892,384,0.5569989201045256,0.5745011814894689,0,True,6,0.13260624000395183,,,,,id
damped_persistence,heave_rate,50,5.0,418944,0.4581649561334308,0.30341642252296447,0.8521061512116869,0.710894512374632,0.44946461013569566,1.0193571324672446,384,0.7084609203187832,0.7131962137232084,0,True,6,0.13260624000395183,,,,,id
damped_persistence,heave_rate,100,10.0,418944,0.4456194273588191,0.2972398446059451,0.4792648671555359,0.1354760190643327,0.44945174911641034,0.9914733410980705,384,0.08162454333689459,0.18650458278919824,0,True,6,0.13260624000395183,,,,,id
damped_persistence,heave_rate,150,15.0,418944,0.4537703421729257,0.3007254319647322,0.6809671010591867,0.5559621883683808,0.44946344226262147,1.0095823141669167,384,0.5390059797810449,0.5712643063920863,0,True,6,0.13260624000395183,,,,,id
ar20,roll,10,1.0,418944,0.0069773498077928785,0.0047534112953709655,1.9461019988405042,0.9999871456596088,3.687222002970601,0.0018923053187932797,384,0.9999839276759818,0.9999895541154032,0,True,108900,0.053999768002540804,,,,,id
ar20,roll,20,2.0,418944,0.05324105779094561,0.03703478105623416,3.7473419458437816,0.9997981416578448,3.6877754460978944,0.014437174543065248,384,0.9997513073546802,0.9998322757341013,0,True,108900,0.053999768002540804,,,,,id
ar20,roll,30,3.0,418944,0.1712891806150757,0.12120449745360949,5.271807875496168,0.9989442995306679,3.688478647638728,0.046438978499911,384,0.9987214150061188,0.9991036013895856,0,True,108900,0.053999768002540804,,,,,id
ar20,roll,50,5.0,418944,0.527975132867525,0.3674015241306989,7.095209199805059,0.9944627194703032,3.69030276033271,0.14307095302389872,384,0.9935147451825391,0.9951884186664962,0,True,108900,0.053999768002540804,,,,,id
ar20,roll,100,10.0,418944,1.0367067787272315,0.7348659756054294,3.8042041029288476,0.925734987706362,3.694076084821685,0.28064034278743716,384,0.9134622091533143,0.9345437601531038,0,True,108900,0.053999768002540804,,,,,id
ar20,roll,150,15.0,418944,1.5706864675111316,1.0714070943810632,5.250462508864866,0.9105080686963236,3.6967972023470375,0.42487763908551107,384,0.9003837300143137,0.91872461053567,0,True,108900,0.053999768002540804,,,,,id
ar20,pitch,10,1.0,418944,0.00820603133320702,0.005221109236396466,0.896144552176039,0.9999161486220526,1.2403442750018743,0.006615930349817288,384,0.9999026031786106,0.9999278978407748,0,True,108900,0.053999768002540804,,,,,id
ar20,pitch,20,2.0,418944,0.07883157261585796,0.05198124996577963,1.639104495310578,0.9976869389361852,1.240393189409016,0.06355369675434705,384,0.9973687954596075,0.9979676431543533,0,True,108900,0.053999768002540804,,,,,id
ar20,pitch,30,3.0,418944,0.25051437133541354,0.17049372849481959,2.121139296715647,0.986051519144544,1.2402854523142828,0.2019812220388233,384,0.9844211807602478,0.9875180550325028,0,True,108900,0.053999768002540804,,,,,id
ar20,pitch,50,5.0,418944,0.5307540489863578,0.3594098189429168,2.2310378683281757,0.9434056927395534,1.240068055500173,0.4280039685179067,384,0.9368730810098295,0.9490628493294128,0,True,108900,0.053999768002540804,,,,,id
ar20,pitch,100,10.0,418944,1.0487711710097054,0.6941709499292386,1.5609168249331924,0.548558003515287,1.2401273775213297,0.8456963292802291,384,0.5348446833992003,0.5620860508091333,0,True,108900,0.053999768002540804,,,,,id
ar20,pitch,150,15.0,418944,1.2171023349651304,0.7843442087238042,1.7818458997830895,0.5334331192662745,1.2404643096284043,0.981166749835574,384,0.5113161906074034,0.5518715903097065,0,True,108900,0.053999768002540804,,,,,id
ar20,heave,10,1.0,418944,0.001862400512969004,0.0012888148683347853,0.44162564996543524,0.9999822156668242,0.7586744785454769,0.002454808439766657,384,0.9999799467790371,0.9999842605047895,0,True,108900,0.053999768002540804,,,,,id
ar20,heave,20,2.0,418944,0.016174940652662333,0.011140973499417348,0.8379625080040977,0.9996274056921136,0.7587896097620423,0.021316766129329076,384,0.9995786720907316,0.9996717691415218,0,True,108900,0.053999768002540804,,,,,id
ar20,heave,30,3.0,418944,0.058852603206967335,0.040171889088017255,1.1508797207979575,0.9973850012836866,0.758921162789381,0.07754771653837825,384,0.9970286247845725,0.9977047455309509,0,True,108900,0.053999768002540804,,,,,id
ar20,heave,50,5.0,418944,0.22309862904164668,0.1473146474794408,1.4411635486480023,0.976035561092062,0.7589656362018378,0.2939508963253196,384,0.9727392437751945,0.978980483854567,0,True,108900,0.053999768002540804,,,,,id
ar20,heave,100,10.0,418944,0.46880880136454006,0.3186731751131837,0.8345105274387918,0.684406628132533,0.7592839391596414,0.6174354245967684,384,0.6474815416432814,0.7141397468728046,0,True,108900,0.053999768002540804,,,,,id
ar20,heave,150,15.0,418944,0.6311993230454678,0.4300718169236094,1.1055277079536523,0.6740178759564859,0.759468366891061,0.8311067986008793,384,0.6487371965985536,0.695493771186874,0,True,108900,0.053999768002540804,,,,,id
ar20,roll_rate,10,1.0,418944,0.019583250786452965,0.013415185979374399,1.0679896364574446,0.9996637707480495,1.9709759416747037,0.009935814218926194,384,0.9995820124823352,0.9997231054980398,0,True,108900,0.053999768002540804,,,,,id
ar20,roll_rate,20,2.0,418944,0.08026023122680824,0.056446239651699655,2.0492628495295913,0.9984660702189168,1.9713738906856482,0.04071284072799278,384,0.9981451518039608,0.9986969833546225,0,True,108900,0.053999768002540804,,,,,id
ar20,roll_rate,30,3.0,418944,0.15993957213569807,0.11367975278017992,2.8671756238298993,0.9968882602452603,1.971717923838755,0.08111686271244636,384,0.9963301675343,0.9972936894535998,0,True,108900,0.053999768002540804,,,,,id
ar20,roll_rate,50,5.0,418944,0.24266142829759077,0.1636369539131254,3.800309070429258,0.9959227845374806,1.9722164496629107,0.1230399575761911,384,0.9953408914211415,0.9964042269073747,0,True,108900,0.053999768002540804,,,,,id
ar20,roll_rate,100,10.0,418944,0.6455481351179784,0.43697462751837385,1.963739939712071,0.8919339405785707,1.9739519724102126,0.3270333544791155,384,0.8776801687781214,0.9033407175860688,0,True,108900,0.053999768002540804,,,,,id
ar20,roll_rate,150,15.0,418944,0.9907506233432456,0.6676940138194565,2.8964304976072257,0.8829955215336187,1.975553636862926,0.5015053020359928,384,0.8703267797262586,0.8933932765404923,0,True,108900,0.053999768002540804,,,,,id
ar20,pitch_rate,10,1.0,418944,0.026486569330597887,0.01698696484382796,0.7531298126630523,0.9987631650723927,0.9234044534650131,0.028683605792899112,384,0.9986105063391428,0.9989011433544478,0,True,108900,0.053999768002540804,,,,,id
ar20,pitch_rate,20,2.0,418944,0.1272302100694605,0.08524019843084886,1.3418810461838517,0.991010149878108,0.9235131941570501,0.1377676148802527,384,0.9900962652229156,0.9918707216819299,0,True,108900,0.053999768002540804,,,,,id
ar20,pitch_rate,30,3.0,418944,0.2248711188011786,0.15387044165069383,1.6644452322779302,0.9817472484528391,0.9236561249822394,0.24345761665955776,384,0.9798569695306483,0.9834384555820785,0,True,108900,0.053999768002540804,,,,,id
ar20,pitch_rate,50,5.0,418944,0.4244877662091787,0.2732536379355053,1.5485057654706453,0.9248542015544375,0.9236585535052279,0.4595721704717328,384,0.9153312421858034,0.9327944189690381,0,True,108900,0.053999768002540804,,,,,id
ar20,pitch_rate,100,10.0,418944,0.8172231804704994,0.5449328665167752,1.27457983474772,0.5889001982341342,0.9237886815931622,0.8846429889800334,384,0.573938883273659,0.602450053334119,0,True,108900,0.053999768002540804,,,,,id
ar20,pitch_rate,150,15.0,418944,0.9085486461017157,0.584241266682912,1.3066658063490564,0.5165324627887931,0.923677262965375,0.9836213172389993,384,0.5006817273608399,0.5308731730495618,0,True,108900,0.053999768002540804,,,,,id
ar20,heave_rate,10,1.0,418944,0.005470622301202997,0.003782753506858557,0.2851862134952766,0.9996320266139138,0.4494429055050756,0.01217200724317856,384,0.9995891436071197,0.9996731329988534,0,True,108900,0.053999768002540804,,,,,id
ar20,heave_rate,20,2.0,418944,0.026314255545210087,0.018036056587340858,0.5351005334146711,0.9975816931387366,0.4494530144731941,0.05854728903321106,384,0.9972839733146518,0.9978697748794114,0,True,108900,0.053999768002540804,,,,,id
ar20,heave_rate,30,3.0,418944,0.061527169439245986,0.04143136532521374,0.7214322878188286,0.9927265120958336,0.4494430721740169,0.1368964686487006,384,0.9917774748460269,0.9936105231754103,0,True,108900,0.053999768002540804,,,,,id
ar20,heave_rate,50,5.0,418944,0.10711654777836113,0.06921493169718995,0.8521061512116869,0.9841975023587002,0.44946461013569566,0.23832031568853018,384,0.9822786372470798,0.9859217016964738,0,True,108900,0.053999768002540804,,,,,id
ar20,heave_rate,100,10.0,418944,0.28861463617274047,0.19369474404262785,0.4792648671555359,0.6373518097112849,0.44945174911641034,0.6421482099916976,384,0.620849684979846,0.6544559060725095,0,True,108900,0.053999768002540804,,,,,id
ar20,heave_rate,150,15.0,418944,0.40379631330871135,0.272632021809418,0.6809671010591867,0.6483809166042669,0.44946344226262147,0.8983963440407533,384,0.6233851533079386,0.6710767613978061,0,True,108900,0.053999768002540804,,,,,id
dlinear_ols,roll,10,1.0,418944,0.009984886564470195,0.005323810262780971,1.9461019988405042,0.9999736758065754,3.687222002970601,0.0027079699992096752,384,0.9999714514624555,0.9999757454300912,0,True,120300,0.6369746619893704,,,,,id
dlinear_ols,roll,20,2.0,418944,0.08982043303162966,0.04768947719572609,3.7473419458437816,0.9994254819996042,3.6877754460978944,0.02435626418812197,384,0.9993765509373289,0.9994706292015558,0,True,120300,0.6369746619893704,,,,,id
dlinear_ols,roll,30,3.0,418944,0.28117334130226834,0.14824217886248905,5.271807875496168,0.9971553480660287,3.688478647638728,0.07623016646233495,384,0.9969060295387213,0.9973854811095115,0,True,120300,0.6369746619893704,,,,,id
dlinear_ols,roll,50,5.0,418944,0.35690291863252027,0.19357453694260324,7.095209199805059,0.9974697129722679,3.69030276033271,0.09671372291425288,384,0.9972925827590963,0.9976420372072811,0,True,120300,0.6369746619893704,,,,,id
dlinear_ols,roll,100,10.0,418944,1.1813571036391606,0.6698815620847622,3.8042041029288476,0.9035649799875938,3.694076084821685,0.3197977184317213,384,0.8971882392757511,0.9085831545725906,0,True,120300,0.6369746619893704,,,,,id
dlinear_ols,roll,150,15.0,418944,1.9715465230593674,1.0986851240616635,5.250462508864866,0.8590000573848598,3.6967972023470375,0.5333120577476265,384,0.8522922071295069,0.8650892962970821,0,True,120300,0.6369746619893704,,,,,id
dlinear_ols,pitch,10,1.0,418944,0.008231100316139326,0.004752967957803957,0.896144552176039,0.9999156355166231,1.2403442750018743,0.006636141660045868,384,0.999904584935367,0.9999262688184641,0,True,120300,0.6369746619893704,,,,,id
dlinear_ols,pitch,20,2.0,418944,0.06812444357456475,0.04021950852793464,1.639104495310578,0.9982726010414262,1.240393189409016,0.05492165238912877,384,0.9980672472605187,0.9984692024061946,0,True,120300,0.6369746619893704,,,,,id
dlinear_ols,pitch,30,3.0,418944,0.19075311624396185,0.11522301079834348,2.121139296715647,0.9919126748663903,1.2402854523142828,0.1537977534833053,384,0.9910524075690573,0.9927285854881924,0,True,120300,0.6369746619893704,,,,,id
dlinear_ols,pitch,50,5.0,418944,0.2896623528866717,0.1736550144156294,2.2310378683281757,0.9831433905597786,1.240068055500173,0.23358585168121143,384,0.980704772510459,0.9851984112951374,0,True,120300,0.6369746619893704,,,,,id
dlinear_ols,pitch,100,10.0,418944,0.9574704748547679,0.5958288949449286,1.5609168249331924,0.6237372219741775,1.2401273775213297,0.772074298342228,384,0.6033056143362245,0.6439827814895689,0,True,120300,0.6369746619893704,,,,,id
dlinear_ols,pitch,150,15.0,418944,1.1968814127322471,0.7532097268320047,1.7818458997830895,0.5488074074247404,1.2404643096284043,0.964865658320139,384,0.5222384951826453,0.5725709836643883,0,True,120300,0.6369746619893704,,,,,id
dlinear_ols,heave,10,1.0,418944,0.004185536323496781,0.002190519527751577,0.44162564996543524,0.9999101757393396,0.7586744785454769,0.005516906712772583,384,0.9998812878363449,0.9999373002663309,0,True,120300,0.6369746619893704,,,,,id
dlinear_ols,heave,20,2.0,418944,0.037694322154978276,0.019562204333618532,0.8379625080040977,0.9979765023701733,0.7587896097620423,0.049676908684607946,384,0.9973191429411582,0.998594525299039,0,True,120300,0.6369746619893704,,,,,id
dlinear_ols,heave,30,3.0,418944,0.11834641303544081,0.06053455088008961,1.1508797207979575,0.9894257317456997,0.758921162789381,0.15594032534349658,384,0.9859370303569552,0.9926973527445462,0,True,120300,0.6369746619893704,,,,,id
dlinear_ols,heave,50,5.0,418944,0.1412133857409016,0.07839004134737998,1.4411635486480023,0.9903988071356361,0.7589656362018378,0.18606031552046132,384,0.987726569278622,0.9929418062411158,0,True,120300,0.6369746619893704,,,,,id
dlinear_ols,heave,100,10.0,418944,0.3987022316889226,0.2622201054001177,0.8345105274387918,0.7717379602931311,0.7592839391596414,0.5251029438739312,384,0.7521218839869509,0.7902265836062284,0,True,120300,0.6369746619893704,,,,,id
dlinear_ols,heave,150,15.0,418944,0.629706648513189,0.4083654637811149,1.1055277079536523,0.6755578328382366,0.759468366891061,0.829141378318282,384,0.6350561586387011,0.712037006026929,0,True,120300,0.6369746619893704,,,,,id
dlinear_ols,roll_rate,10,1.0,418944,0.00535919935758651,0.003145619872918555,1.0679896364574446,0.9999748194188776,1.9709759416747037,0.00271905873850134,384,0.9999735321127895,0.9999760702111523,0,True,120300,0.6369746619893704,,,,,id
dlinear_ols,roll_rate,20,2.0,418944,0.047897432604204704,0.027897360796075774,2.0492628495295913,0.9994537025967611,1.9713738906856482,0.024296473048826813,384,0.9994256346181492,0.9994808513935383,0,True,120300,0.6369746619893704,,,,,id
dlinear_ols,roll_rate,30,3.0,418944,0.14855216244952318,0.08550260189412615,2.8671756238298993,0.9973155868051752,1.971717923838755,0.07534148807670504,384,0.9971793908396774,0.9974517832772914,0,True,120300,0.6369746619893704,,,,,id
dlinear_ols,roll_rate,50,5.0,418944,0.19482280649626574,0.11542563410249194,3.800309070429258,0.9973719008001973,1.9722164496629107,0.09878368397625152,384,0.9972253886228379,0.9975049550565225,0,True,120300,0.6369746619893704,,,,,id
dlinear_ols,roll_rate,100,10.0,418944,0.677427132311893,0.4089855719818487,1.963739939712071,0.8809971869106963,1.9739519724102126,0.3431831887402755,384,0.8712107668602433,0.8890055561674793,0,True,120300,0.6369746619893704,,,,,id
dlinear_ols,roll_rate,150,15.0,418944,1.1060364706176238,0.6484455855892887,2.8964304976072257,0.8541814846920459,1.975553636862926,0.559861524374479,384,0.8477821888613063,0.8596006464148159,0,True,120300,0.6369746619893704,,,,,id
dlinear_ols,pitch_rate,10,1.0,418944,0.012484266202756698,0.005691880677443473,0.7531298126630523,0.9997252192135712,0.9234044534650131,0.013519824553488267,384,0.999662961367056,0.9997844103751445,0,True,120300,0.6369746619893704,,,,,id
dlinear_ols,pitch_rate,20,2.0,418944,0.09342235451576127,0.04523833365205322,1.3418810461838517,0.995152993747643,0.9235131941570501,0.10115973990066689,384,0.9941220165488864,0.9961000519524991,0,True,120300,0.6369746619893704,,,,,id
dlinear_ols,pitch_rate,30,3.0,418944,0.22783392996469362,0.11916497333175409,1.6644452322779302,0.9812630980569194,0.9236561249822394,0.2466653160223179,384,0.977827984490281,0.9843969707896515,0,True,120300,0.6369746619893704,,,,,id
dlinear_ols,pitch_rate,50,5.0,418944,0.3566591116468477,0.18568979875369768,1.5485057654706453,0.9469505368040755,0.9236585535052279,0.3861373992514313,384,0.9353078747561352,0.9565689503162312,0,True,120300,0.6369746619893704,,,,,id
dlinear_ols,pitch_rate,100,10.0,418944,0.9313027060634482,0.5498448548632363,1.27457983474772,0.46611509309926913,0.9237886815931622,1.0081339213393774,384,0.433634950630579,0.49734303752124237,0,True,120300,0.6369746619893704,,,,,id
dlinear_ols,pitch_rate,150,15.0,418944,0.9798504646248792,0.6065147364138576,1.3066658063490564,0.4376709069287329,0.923677262965375,1.0608147498176643,384,0.41016896313681755,0.4621098185930651,0,True,120300,0.6369746619893704,,,,,id
dlinear_ols,heave_rate,10,1.0,418944,0.0020229618942655607,0.0013057105147336544,0.2851862134952766,0.9999496825816567,0.4494429055050756,0.004501043112455394,384,0.9999421273915459,0.9999565170215076,0,True,120300,0.6369746619893704,,,,,id
dlinear_ols,heave_rate,20,2.0,418944,0.017914369423512714,0.0115222061978805,0.5351005334146711,0.9988791892599946,0.4494530144731941,0.03985815835390542,384,0.9987025555307639,0.9990387533393907,0,True,120300,0.6369746619893704,,,,,id
dlinear_ols,heave_rate,30,3.0,418944,0.05483334558294307,0.035006696525667215,0.7214322878188286,0.9942230535942158,0.4494430721740169,0.12200287194929217,384,0.9932666920080125,0.995096282933809,0,True,120300,0.6369746619893704,,,,,id
dlinear_ols,heave_rate,50,5.0,418944,0.07321890807877234,0.04842012965046834,0.8521061512116869,0.9926165541351596,0.44946461013569566,0.16290249872324136,384,0.9916856792770087,0.993467573193389,0,True,120300,0.6369746619893704,,,,,id
dlinear_ols,heave_rate,100,10.0,418944,0.2570873030465503,0.17645302030746315,0.4792648671555359,0.7122534873283701,0.44945174911641034,0.5720020081175907,384,0.6937201399443926,0.7298843074526291,0,True,120300,0.6369746619893704,,,,,id
dlinear_ols,heave_rate,150,15.0,418944,0.38421235019542493,0.261909301700195,0.6809671010591867,0.6816606097465949,0.44946344226262147,0.854824473067889,384,0.6602560172476957,0.7001203530208043,0,True,120300,0.6369746619893704,,,,,id
tcn_l400,roll,10,1.0,418944,0.11012533158922398,0.07613064930708915,1.9461019988405042,0.9967978382853471,3.687222002970601,0.029866748327196407,384,0.9962511003708407,0.9971973287750144,0,False,221636,8211.387032554994,59.0,60.0,0.10130669723978801,mse,id
tcn_l400,roll,20,2.0,418944,0.12286942951155107,0.08631056047147435,3.7473419458437816,0.998924919375524,3.6877754460978944,0.03331803449192156,384,0.998757337552677,0.9990454092950015,0,False,221636,8211.387032554994,59.0,60.0,0.10130669723978801,mse,id
tcn_l400,roll,30,3.0,418944,0.15357427956344588,0.10839635202670442,5.271807875496168,0.9991513710869494,3.688478647638728,0.041636212171584704,384,0.999024444161503,0.9992430734343763,0,False,221636,8211.387032554994,59.0,60.0,0.10130669723978801,mse,id
tcn_l400,roll,50,5.0,418944,0.1827106622280547,0.12765506493925857,7.095209199805059,0.9993368719887344,3.69030276033271,0.0495110222911851,384,0.9992352831502872,0.9994096110061809,0,False,221636,8211.387032554994,59.0,60.0,0.10130669723978801,mse,id
tcn_l400,roll,100,10.0,418944,0.38548093770003455,0.24547299098262326,3.8042041029288476,0.9897321812393974,3.694076084821685,0.10435110941106723,384,0.988069875259998,0.9910929887420211,0,False,221636,8211.387032554994,59.0,60.0,0.10130669723978801,mse,id
tcn_l400,roll,150,15.0,418944,0.8107950940515781,0.5033311643530349,5.250462508864866,0.9761533651883177,3.6967972023470375,0.21932366036655115,384,0.973939247304505,0.978237828835186,0,False,221636,8211.387032554994,59.0,60.0,0.10130669723978801,mse,id
tcn_l400,pitch,10,1.0,418944,0.039351662586471846,0.02735180917193691,0.896144552176039,0.9980717202805242,1.2403442750018743,0.03172640320882876,384,0.9979494070753078,0.9981870210975433,0,False,221636,8211.387032554994,59.0,60.0,0.10130669723978801,mse,id
tcn_l400,pitch,20,2.0,418944,0.0671589435456668,0.043919887365517246,1.639104495310578,0.998321217517554,1.240393189409016,0.05414327014941496,384,0.9981939811213207,0.9984393204061206,0,False,221636,8211.387032554994,59.0,60.0,0.10130669723978801,mse,id
tcn_l400,pitch,30,3.0,418944,0.09394243395224341,0.06033193221866132,2.121139296715647,0.9980385138927051,1.2402854523142828,0.0757425911728253,384,0.9978959594416027,0.998178298743313,0,False,221636,8211.387032554994,59.0,60.0,0.10130669723978801,mse,id
tcn_l400,pitch,50,5.0,418944,0.2025043602236278,0.11197701681958008,2.2310378683281757,0.9917613723759685,1.240068055500173,0.16330100539679576,384,0.9901118886733544,0.9932020461292146,0,False,221636,8211.387032554994,59.0,60.0,0.10130669723978801,mse,id
tcn_l400,pitch,100,10.0,418944,0.5783221997153752,0.3278543693472931,1.5609168249331924,0.8627285555625079,1.2401273775213297,0.4663409664185309,384,0.8472963557917835,0.8767269895113692,0,False,221636,8211.387032554994,59.0,60.0,0.10130669723978801,mse,id
tcn_l400,pitch,150,15.0,418944,0.900354478776379,0.5357537546480343,1.7818458997830895,0.7446788602060814,1.2404643096284043,0.7258205429917535,384,0.7307591924227554,0.7580844620972427,0,False,221636,8211.387032554994,59.0,60.0,0.10130669723978801,mse,id
tcn_l400,heave,10,1.0,418944,0.02104429070613339,0.014881737258407949,0.44162564996543524,0.9977292987146386,0.7586744785454769,0.027738234646404996,384,0.9976271610150319,0.9978120406685559,0,False,221636,8211.387032554994,59.0,60.0,0.10130669723978801,mse,id
tcn_l400,heave,20,2.0,418944,0.028257627612909227,0.019692316719189418,0.8379625080040977,0.9988628383125117,0.7587896097620423,0.03724039872102475,384,0.9988027554624277,0.998913278779635,0,False,221636,8211.387032554994,59.0,60.0,0.10130669723978801,mse,id
tcn_l400,heave,30,3.0,418944,0.0370194696706021,0.025433647115753244,1.1508797207979575,0.9989653332077173,0.758921162789381,0.04877907151058838,384,0.9989103650977849,0.9990139887688386,0,False,221636,8211.387032554994,59.0,60.0,0.10130669723978801,mse,id
tcn_l400,heave,50,5.0,418944,0.06401454536581586,0.03986829198020317,1.4411635486480023,0.9980269831558076,0.7589656362018378,0.0843444581841278,384,0.9978495971274379,0.9981868671040751,0,False,221636,8211.387032554994,59.0,60.0,0.10130669723978801,mse,id
tcn_l400,heave,100,10.0,418944,0.2128226234725337,0.1281611939845059,0.8345105274387918,0.934961285995733,0.7592839391596414,0.2802938564828344,384,0.9244336236222197,0.9437112549770363,0,False,221636,8211.387032554994,59.0,60.0,0.10130669723978801,mse,id
tcn_l400,heave,150,15.0,418944,0.4049776473099024,0.2507354102251562,1.1055277079536523,0.8658091689648992,0.759468366891061,0.5332383348205901,384,0.860361041169237,0.8712823092769797,0,False,221636,8211.387032554994,59.0,60.0,0.10130669723978801,mse,id
tcn_l400,roll_rate,10,1.0,418944,0.06690620629964442,0.04863385081939073,1.0679896364574446,0.996075369868888,1.9709759416747037,0.033945724493620856,384,0.995373367562198,0.9965629836816285,0,False,221636,8211.387032554994,59.0,60.0,0.10130669723978801,mse,id
tcn_l400,roll_rate,20,2.0,418944,0.08770220903591003,0.06290549191032693,2.0492628495295913,0.9981684206810953,1.9713738906856482,0.04448786171425199,384,0.9978456339657547,0.9983933666054552,0,False,221636,8211.387032554994,59.0,60.0,0.10130669723978801,mse,id
tcn_l400,roll_rate,30,3.0,418944,0.09903284966104917,0.07043818591440311,2.8671756238298993,0.9988069738568449,1.971717923838755,0.05022668225698392,384,0.9986270877789266,0.99893908127901,0,False,221636,8211.387032554994,59.0,60.0,0.10130669723978801,mse,id
tcn_l400,roll_rate,50,5.0,418944,0.14149396434215816,0.09883285777309443,3.800309070429258,0.9986137613830975,1.9722164496629107,0.0717436285283708,384,0.998413491044681,0.9987626831650165,0,False,221636,8211.387032554994,59.0,60.0,0.10130669723978801,mse,id
tcn_l400,roll_rate,100,10.0,418944,0.3228843786492124,0.19685896343332115,1.963739939712071,0.9729650156902057,1.9739519724102126,0.16357256061046294,384,0.9694731533331472,0.9759404371862441,0,False,221636,8211.387032554994,59.0,60.0,0.10130669723978801,mse,id
tcn_l400,roll_rate,150,15.0,418944,0.5723580472825642,0.3514117665032907,2.8964304976072257,0.9609510497483053,1.975553636862926,0.289720327812227,384,0.9578921143113988,0.9638668651497355,0,False,221636,8211.387032554994,59.0,60.0,0.10130669723978801,mse,id
tcn_l400,pitch_rate,10,1.0,418944,0.04079990049379584,0.026890856441188975,0.7531298126630523,0.99706519987571,0.9234044534650131,0.044184214555926124,384,0.9968477591835704,0.9972892138436062,0,False,221636,8211.387032554994,59.0,60.0,0.10130669723978801,mse,id
tcn_l400,pitch_rate,20,2.0,418944,0.06695654405989274,0.04271428789624822,1.3418810461838517,0.9975102369236937,0.9235131941570501,0.07250198966676191,384,0.9973444815185718,0.9976903574777344,0,False,221636,8211.387032554994,59.0,60.0,0.10130669723978801,mse,id
tcn_l400,pitch_rate,30,3.0,418944,0.1003761686642211,0.059233469916736815,1.6644452322779302,0.9963631766185951,0.9236561249822394,0.10867266068976827,384,0.9958414426366563,0.9968626823904548,0,False,221636,8211.387032554994,59.0,60.0,0.10130669723978801,mse,id
tcn_l400,pitch_rate,50,5.0,418944,0.20225238101913834,0.1108621840182899,1.5485057654706453,0.982940683262724,0.9236585535052279,0.2189687739604672,384,0.9803864145365838,0.9854955436367352,0,False,221636,8211.387032554994,59.0,60.0,0.10130669723978801,mse,id
tcn_l400,pitch_rate,100,10.0,418944,0.5392456063958688,0.2967669993388039,1.27457983474772,0.8210057235125469,0.9237886815931622,0.5837326405275804,384,0.8064357956571162,0.8366419770636369,0,False,221636,8211.387032554994,59.0,60.0,0.10130669723978801,mse,id
tcn_l400,pitch_rate,150,15.0,418944,0.7511403037651172,0.4470916281470294,1.3066658063490564,0.6695444287458046,0.923677262965375,0.8132064454565604,384,0.6546452855277174,0.6842467966376742,0,False,221636,8211.387032554994,59.0,60.0,0.10130669723978801,mse,id
tcn_l400,heave_rate,10,1.0,418944,0.01575175634491404,0.011084306347876003,0.2851862134952766,0.9969492900627974,0.4494429055050756,0.03504729110633643,384,0.9967634647330897,0.9971331679454137,0,False,221636,8211.387032554994,59.0,60.0,0.10130669723978801,mse,id
tcn_l400,heave_rate,20,2.0,418944,0.021942396860419457,0.014970896937069727,0.5351005334146711,0.9983184980957007,0.4494530144731941,0.04882022403640621,384,0.9982266665976414,0.998402541823181,0,False,221636,8211.387032554994,59.0,60.0,0.10130669723978801,mse,id
tcn_l400,heave_rate,30,3.0,418944,0.029419524426458545,0.019146386660128523,0.7214322878188286,0.9983370463477588,0.4494430721740169,0.06545773257590183,384,0.9982258949961527,0.9984433815585348,0,False,221636,8211.387032554994,59.0,60.0,0.10130669723978801,mse,id
tcn_l400,heave_rate,50,5.0,418944,0.04296952998514887,0.0277380863215224,0.8521061512116869,0.9974570735114916,0.44946461013569566,0.09560158690174995,384,0.9971925405459697,0.9976797700947646,0,False,221636,8211.387032554994,59.0,60.0,0.10130669723978801,mse,id
tcn_l400,heave_rate,100,10.0,418944,0.14814296680352776,0.08883870224890886,0.4792648671555359,0.9044543569040103,0.44945174911641034,0.32960816615969596,384,0.8919822696894908,0.9160714952560488,0,False,221636,8211.387032554994,59.0,60.0,0.10130669723978801,mse,id
tcn_l400,heave_rate,150,15.0,418944,0.26862618459978965,0.16995585253923168,0.6809671010591867,0.8443875193820521,0.44946344226262147,0.5976596967431033,384,0.8360052868250528,0.8523088910033454,0,False,221636,8211.387032554994,59.0,60.0,0.10130669723978801,mse,id
tcn_l400,roll,10,1.0,418944,0.09683789360968548,0.06711891660268253,1.9461019988405042,0.9975239496540711,3.687222002970601,0.026263103640537043,384,0.9971141799519951,0.9978303583018799,1,False,221636,8470.802419800995,58.0,60.0,0.10171140955446366,mse,id
tcn_l400,roll,20,2.0,418944,0.11305962822050007,0.07839316036678504,3.7473419458437816,0.9990897337151852,3.6877754460978944,0.030657948097173492,384,0.9989495511246683,0.9991872147560066,1,False,221636,8470.802419800995,58.0,60.0,0.10171140955446366,mse,id
tcn_l400,roll,30,3.0,418944,0.1554763242643836,0.10800492153870256,5.271807875496168,0.9991302200742179,3.688478647638728,0.04215188404680495,384,0.9989955764527116,0.9992241876666006,1,False,221636,8470.802419800995,58.0,60.0,0.10171140955446366,mse,id
tcn_l400,roll,50,5.0,418944,0.1870292156453685,0.12993951735694423,7.095209199805059,0.9993051541067185,3.69030276033271,0.05068126595350305,384,0.9991996252526398,0.9993812900350338,1,False,221636,8470.802419800995,58.0,60.0,0.10171140955446366,mse,id
tcn_l400,roll,100,10.0,418944,0.3906054336750603,0.24786591377826744,3.8042041029288476,0.9894573705674181,3.694076084821685,0.10573832934302299,384,0.9877555050505129,0.9907968450558774,1,False,221636,8470.802419800995,58.0,60.0,0.10171140955446366,mse,id
tcn_l400,roll,150,15.0,418944,0.8110022153270218,0.49890808729872616,5.250462508864866,0.9761411801706308,3.6967972023470375,0.21937968758798276,384,0.9739100143262281,0.9781799416444741,1,False,221636,8470.802419800995,58.0,60.0,0.10171140955446366,mse,id
tcn_l400,pitch,10,1.0,418944,0.04215238878537178,0.029370137234678313,0.896144552176039,0.9977874747052103,1.2403442750018743,0.03398442644910671,384,0.997640308719478,0.9979253181220721,1,False,221636,8470.802419800995,58.0,60.0,0.10171140955446366,mse,id
tcn_l400,pitch,20,2.0,418944,0.07171899227737909,0.04737591044642294,1.639104495310578,0.9980855013051809,1.240393189409016,0.05781956309478732,384,0.9979635513479816,0.9982022310713448,1,False,221636,8470.802419800995,58.0,60.0,0.10171140955446366,mse,id
tcn_l400,pitch,30,3.0,418944,0.09499772119511996,0.06161579176291455,2.121139296715647,0.9979941982985963,1.2402854523142828,0.07659343340507711,384,0.9978580923420823,0.9981261135940135,1,False,221636,8470.802419800995,58.0,60.0,0.10171140955446366,mse,id
tcn_l400,pitch,50,5.0,418944,0.20319773635484525,0.1122023457049748,2.2310378683281757,0.9917048575680512,1.240068055500173,0.16386014900842424,384,0.9900557793481494,0.9931913514290523,1,False,221636,8470.802419800995,58.0,60.0,0.10171140955446366,mse,id
tcn_l400,pitch,100,10.0,418944,0.5778613625031696,0.32814211287724926,1.5609168249331924,0.8629472384540019,1.2401273775213297,0.46596936167811565,384,0.8477699509525183,0.8768049417400064,1,False,221636,8470.802419800995,58.0,60.0,0.10171140955446366,mse,id
tcn_l400,pitch,150,15.0,418944,0.9012024798130561,0.5373451724217887,1.7818458997830895,0.7441976840520443,1.2404643096284043,0.7265041588201937,384,0.73041892652682,0.7575567368464761,1,False,221636,8470.802419800995,58.0,60.0,0.10171140955446366,mse,id
tcn_l400,heave,10,1.0,418944,0.019307549828288143,0.013499766551970632,0.44162564996543524,0.9980886256685503,0.7586744785454769,0.025449056709149338,384,0.9979990327357474,0.998169127357801,1,False,221636,8470.802419800995,58.0,60.0,0.10171140955446366,mse,id
tcn_l400,heave,20,2.0,418944,0.028571042330491698,0.019561589892894835,0.8379625080040977,0.9988374731468916,0.7587896097620423,0.03765344433149476,384,0.9987748302958375,0.9988915209658091,1,False,221636,8470.802419800995,58.0,60.0,0.10171140955446366,mse,id
tcn_l400,heave,30,3.0,418944,0.03833589710441136,0.025969333991638876,1.1508797207979575,0.9988904384815813,0.758921162789381,0.050513675180053584,384,0.998833223669665,0.9989438624244898,1,False,221636,8470.802419800995,58.0,60.0,0.10171140955446366,mse,id
tcn_l400,heave,50,5.0,418944,0.06469614743278028,0.040756431141598104,1.4411635486480023,0.9979847436344049,0.7589656362018378,0.08524252528289057,384,0.9978120657747225,0.9981408375237386,1,False,221636,8470.802419800995,58.0,60.0,0.10171140955446366,mse,id
tcn_l400,heave,100,10.0,418944,0.21407539417471438,0.1295024245175185,0.8345105274387918,0.9341933375125934,0.7592839391596414,0.28194379353216437,384,0.9237555813888509,0.9429462578280929,1,False,221636,8470.802419800995,58.0,60.0,0.10171140955446366,mse,id
tcn_l400,heave,150,15.0,418944,0.4055865088179297,0.2520337154622793,1.1055277079536523,0.8654053686527697,0.759468366891061,0.5340400291828185,384,0.8599439994376628,0.870986849343196,1,False,221636,8470.802419800995,58.0,60.0,0.10171140955446366,mse,id
tcn_l400,roll_rate,10,1.0,418944,0.07525586609059916,0.05452832040231536,1.0679896364574446,0.9950346868948049,1.9709759416747037,0.03818203180433322,384,0.9941769381969187,0.995647076884243,1,False,221636,8470.802419800995,58.0,60.0,0.10171140955446366,mse,id
tcn_l400,roll_rate,20,2.0,418944,0.08833560451872625,0.06230339787702635,2.0492628495295913,0.9981418693930787,1.9713738906856482,0.04480915818967397,384,0.9978386289247185,0.9983659577397858,1,False,221636,8470.802419800995,58.0,60.0,0.10171140955446366,mse,id
tcn_l400,roll_rate,30,3.0,418944,0.09513799395956585,0.06750008699022574,2.8671756238298993,0.9988989694022358,1.971717923838755,0.04825132074386221,384,0.9987521833529573,0.9990083225506049,1,False,221636,8470.802419800995,58.0,60.0,0.10171140955446366,mse,id
tcn_l400,roll_rate,50,5.0,418944,0.1459896821824458,0.10162378361038676,3.800309070429258,0.9985242714146917,1.9722164496629107,0.07402315410532054,384,0.99831202817772,0.9986795132948623,1,False,221636,8470.802419800995,58.0,60.0,0.10171140955446366,mse,id
tcn_l400,roll_rate,100,10.0,418944,0.3223387552783377,0.19532964581746945,1.963739939712071,0.9730563081582756,1.9739519724102126,0.1632961489355586,384,0.9695699930065903,0.9760001996884272,1,False,221636,8470.802419800995,58.0,60.0,0.10171140955446366,mse,id
tcn_l400,roll_rate,150,15.0,418944,0.5700048321283057,0.3464535530252387,2.8964304976072257,0.9612714844156216,1.975553636862926,0.2885291603792864,384,0.9582241498948548,0.9642079122608497,1,False,221636,8470.802419800995,58.0,60.0,0.10171140955446366,mse,id
tcn_l400,pitch_rate,10,1.0,418944,0.04273464425733546,0.02857384333499438,0.7531298126630523,0.9967802621939699,0.9234044534650131,0.046279443527672603,384,0.9965501490421668,0.9970004812507006,1,False,221636,8470.802419800995,58.0,60.0,0.10171140955446366,mse,id
tcn_l400,pitch_rate,20,2.0,418944,0.0654667512362381,0.0422098511279774,1.3418810461838517,0.9976197994989221,0.9235131941570501,0.07088880987346782,384,0.9974576074862311,0.9977802475551985,1,False,221636,8470.802419800995,58.0,60.0,0.10171140955446366,mse,id
tcn_l400,pitch_rate,30,3.0,418944,0.10115001993838825,0.0600482197661544,1.6644452322779302,0.9963068841914613,0.9236561249822394,0.10951047386854412,384,0.9957827317266331,0.996795886249957,1,False,221636,8470.802419800995,58.0,60.0,0.10171140955446366,mse,id
tcn_l400,pitch_rate,50,5.0,418944,0.20164680411286337,0.11054665873704823,1.5485057654706453,0.9830426871279034,0.9236585535052279,0.21831314542330177,384,0.9805521420662082,0.9855599008369356,1,False,221636,8470.802419800995,58.0,60.0,0.10171140955446366,mse,id
tcn_l400,pitch_rate,100,10.0,418944,0.5395107187744548,0.2963627280326269,1.27457983474772,0.8208296803041429,0.9237886815931622,0.5840196243192943,384,0.8062758112256578,0.8363098016646643,1,False,221636,8470.802419800995,58.0,60.0,0.10171140955446366,mse,id
tcn_l400,pitch_rate,150,15.0,418944,0.7516354818114471,0.4474286228851278,1.3066658063490564,0.6691085893157995,0.923677262965375,0.8137425396814417,384,0.6544263308176802,0.6841423700331543,1,False,221636,8470.802419800995,58.0,60.0,0.10171140955446366,mse,id
tcn_l400,heave_rate,10,1.0,418944,0.01574940700967161,0.010888469871800567,0.2851862134952766,0.9969502000065184,0.4494429055050756,0.03504206389012353,384,0.9968199221714591,0.9970875285073196,1,False,221636,8470.802419800995,58.0,60.0,0.10171140955446366,mse,id
tcn_l400,heave_rate,20,2.0,418944,0.02056350677348834,0.013860946935978913,0.5351005334146711,0.9985231935200938,0.4494530144731941,0.04575229470335385,384,0.9984550148238619,0.99858559762793,1,False,221636,8470.802419800995,58.0,60.0,0.10171140955446366,mse,id
tcn_l400,heave_rate,30,3.0,418944,0.028549539356709175,0.01872102915812027,0.7214322878188286,0.9984339448212384,0.4494430721740169,0.06352203677011016,384,0.9983409560129426,0.9985287383897617,1,False,221636,8470.802419800995,58.0,60.0,0.10171140955446366,mse,id
tcn_l400,heave_rate,50,5.0,418944,0.04363267378461726,0.028061736083714352,0.8521061512116869,0.9973779784703893,0.44946461013569566,0.09707699516418952,384,0.9971132625419524,0.9976109263140532,1,False,221636,8470.802419800995,58.0,60.0,0.10171140955446366,mse,id
tcn_l400,heave_rate,100,10.0,418944,0.1486621669916951,0.08894391710560745,0.4792648671555359,0.903783461121137,0.44945174911641034,0.33076335175901345,384,0.8911438156830875,0.9154765719416853,1,False,221636,8470.802419800995,58.0,60.0,0.10171140955446366,mse,id
tcn_l400,heave_rate,150,15.0,418944,0.2696419539435374,0.17081358296394375,0.6809671010591867,0.8432084441579683,0.44946344226262147,0.599919656615778,384,0.8348913495858669,0.8512742341658703,1,False,221636,8470.802419800995,58.0,60.0,0.10171140955446366,mse,id
tcn_l400,roll,10,1.0,418944,0.08839253971602995,0.06114529764274356,1.9461019988405042,0.9979369962032965,3.687222002970601,0.02397266550395304,384,0.9975831115095404,0.9981867865024587,2,False,221636,8816.521782283991,59.0,60.0,0.10132247730953009,mse,id
tcn_l400,roll,20,2.0,418944,0.1173544987463791,0.08161677944387546,3.7473419458437816,0.9990192623751285,3.6877754460978944,0.0318225717540785,384,0.9988858470470621,0.9991128632790622,2,False,221636,8816.521782283991,59.0,60.0,0.10132247730953009,mse,id
tcn_l400,roll,30,3.0,418944,0.16225982247526277,0.1122696243598572,5.271807875496168,0.9990526666121148,3.688478647638728,0.04399098869099797,384,0.9989313193843339,0.9991421776703729,2,False,221636,8816.521782283991,59.0,60.0,0.10132247730953009,mse,id
tcn_l400,roll,50,5.0,418944,0.19848535555841385,0.1352237369880461,7.095209199805059,0.9992174239921289,3.69030276033271,0.05378565620467379,384,0.9991133145963441,0.9992942718520892,2,False,221636,8816.521782283991,59.0,60.0,0.10132247730953009,mse,id
tcn_l400,roll,100,10.0,418944,0.3865447700034718,0.2460894242033186,3.8042041029288476,0.9896754297431035,3.694076084821685,0.10463909273328638,384,0.988020956754144,0.9910066072742811,2,False,221636,8816.521782283991,59.0,60.0,0.10132247730953009,mse,id
tcn_l400,roll,150,15.0,418944,0.8091957866710001,0.4995016642568525,5.250462508864866,0.976247348206481,3.6967972023470375,0.2188910406438456,384,0.974029257839942,0.9783090462500866,2,False,221636,8816.521782283991,59.0,60.0,0.10132247730953009,mse,id
tcn_l400,pitch,10,1.0,418944,0.047668904609236826,0.03289294351049219,0.896144552176039,0.99717047062676,1.2403442750018743,0.038431994704990105,384,0.9969926441637684,0.9973383276484176,2,False,221636,8816.521782283991,59.0,60.0,0.10132247730953009,mse,id
tcn_l400,pitch,20,2.0,418944,0.07180339726903447,0.0479867453222107,1.639104495310578,0.9980809923646746,1.240393189409016,0.05788761005955306,384,0.9979658988565003,0.9981925082014751,2,False,221636,8816.521782283991,59.0,60.0,0.10132247730953009,mse,id
tcn_l400,pitch,30,3.0,418944,0.09608159343342282,0.06246624825266446,2.121139296715647,0.9979481669829622,1.2402854523142828,0.07746732274747037,384,0.9978159193582246,0.9980798285611948,2,False,221636,8816.521782283991,59.0,60.0,0.10132247730953009,mse,id
tcn_l400,pitch,50,5.0,418944,0.20349594377961253,0.11259117129125423,2.2310378683281757,0.9916804922551842,1.240068055500173,0.16410062566891445,384,0.9900194597445275,0.9931186303694858,2,False,221636,8816.521782283991,59.0,60.0,0.10132247730953009,mse,id
tcn_l400,pitch,100,10.0,418944,0.5779638805371503,0.3276199747294112,1.5609168249331924,0.8628986052457212,1.2401273775213297,0.466052029020067,384,0.8477152789585112,0.8770264303443669,2,False,221636,8816.521782283991,59.0,60.0,0.10132247730953009,mse,id
tcn_l400,pitch,150,15.0,418944,0.8989150886791668,0.5345438119452339,1.7818458997830895,0.7454945677162594,1.2404643096284043,0.7246601790167163,384,0.7315283576363173,0.7589812009883208,2,False,221636,8816.521782283991,59.0,60.0,0.10132247730953009,mse,id
tcn_l400,heave,10,1.0,418944,0.019163723572510123,0.013281244669673174,0.44162564996543524,0.9981169961141513,0.7586744785454769,0.02525948099539426,384,0.998009618087442,0.9982122577785822,2,False,221636,8816.521782283991,59.0,60.0,0.10132247730953009,mse,id
tcn_l400,heave,20,2.0,418944,0.028030057149483027,0.019440760210236902,0.8379625080040977,0.9988810806339357,0.7587896097620423,0.03694048625451434,384,0.9988161716101466,0.9989357492094086,2,False,221636,8816.521782283991,59.0,60.0,0.10132247730953009,mse,id
tcn_l400,heave,30,3.0,418944,0.037711735577063595,0.025765474413661955,1.1508797207979575,0.9989262747532113,0.758921162789381,0.04969124255074899,384,0.9988611302449115,0.9989813692194237,2,False,221636,8816.521782283991,59.0,60.0,0.10132247730953009,mse,id
tcn_l400,heave,50,5.0,418944,0.0639491244973443,0.04011618442019556,1.4411635486480023,0.9980310138184845,0.7589656362018378,0.0842582607789344,384,0.9978602083334007,0.998190637892056,2,False,221636,8816.521782283991,59.0,60.0,0.10132247730953009,mse,id
tcn_l400,heave,100,10.0,418944,0.21310625429389213,0.12832773666466377,0.8345105274387918,0.9347878150008629,0.7592839391596414,0.2806674068856947,384,0.9239511445908595,0.9436185493986768,2,False,221636,8816.521782283991,59.0,60.0,0.10132247730953009,mse,id
tcn_l400,heave,150,15.0,418944,0.40475459868125524,0.25101888470919187,1.1055277079536523,0.8659569442236134,0.759468366891061,0.5329446443413406,384,0.860586258777482,0.8713264401990967,2,False,221636,8816.521782283991,59.0,60.0,0.10132247730953009,mse,id
tcn_l400,roll_rate,10,1.0,418944,0.06982531659338088,0.05041458025210967,1.0679896364574446,0.9957254367250806,1.9709759416747037,0.035426772654592396,384,0.9949560244981821,0.9962688427058433,2,False,221636,8816.521782283991,59.0,60.0,0.10132247730953009,mse,id
tcn_l400,roll_rate,20,2.0,418944,0.08714907202196592,0.06203670845171512,2.0492628495295913,0.9981914513316364,1.9713738906856482,0.04420727718558517,384,0.9979235616003485,0.9983916160539957,2,False,221636,8816.521782283991,59.0,60.0,0.10132247730953009,mse,id
tcn_l400,roll_rate,30,3.0,418944,0.09233461940662131,0.064331616902099,2.8671756238298993,0.9989629002360708,1.971717923838755,0.046829527839790705,384,0.9988303047828918,0.999062023830806,2,False,221636,8816.521782283991,59.0,60.0,0.10132247730953009,mse,id
tcn_l400,roll_rate,50,5.0,418944,0.13948026090059176,0.09687382664711534,3.800309070429258,0.9986529377499862,1.9722164496629107,0.07072259280893413,384,0.9984578405690488,0.9988036634867077,2,False,221636,8816.521782283991,59.0,60.0,0.10132247730953009,mse,id
tcn_l400,roll_rate,100,10.0,418944,0.3220231203843416,0.19576271636893003,1.963739939712071,0.9731090489809633,1.9739519724102126,0.16313624894892886,384,0.9695891301914872,0.9760802519789546,2,False,221636,8816.521782283991,59.0,60.0,0.10132247730953009,mse,id
tcn_l400,roll_rate,150,15.0,418944,0.5687525828127425,0.3456395381892116,2.8964304976072257,0.9614414636221088,1.975553636862926,0.28789528778165263,384,0.9583532171378555,0.9643857062267414,2,False,221636,8816.521782283991,59.0,60.0,0.10132247730953009,mse,id
tcn_l400,pitch_rate,10,1.0,418944,0.042481208841172936,0.028147015582499227,0.7531298126630523,0.9968183379049932,0.9234044534650131,0.04600498587781882,384,0.9965725375573644,0.9970699582197353,2,False,221636,8816.521782283991,59.0,60.0,0.10132247730953009,mse,id
tcn_l400,pitch_rate,20,2.0,418944,0.06574612740817773,0.04200674363353824,1.3418810461838517,0.9975994413733643,0.9235131941570501,0.07119132441652709,384,0.9974353129631622,0.9977744950199445,2,False,221636,8816.521782283991,59.0,60.0,0.10132247730953009,mse,id
tcn_l400,pitch_rate,30,3.0,418944,0.09915779118172668,0.0581525156470766,1.6644452322779302,0.9964509291526182,0.9236561249822394,0.10735357943264151,384,0.9959406877363762,0.9969398760491779,2,False,221636,8816.521782283991,59.0,60.0,0.10132247730953009,mse,id
tcn_l400,pitch_rate,50,5.0,418944,0.20188111893668667,0.10947976784297718,1.5485057654706453,0.9830032552279133,0.9236585535052279,0.218566826638004,384,0.9805206259782014,0.9855293185284492,2,False,221636,8816.521782283991,59.0,60.0,0.10132247730953009,mse,id
tcn_l400,pitch_rate,100,10.0,418944,0.539011247665514,0.29666295007103854,1.27457983474772,0.8211612732482905,0.9237886815931622,0.5834789475185358,384,0.8066499766283043,0.8368543120465741,2,False,221636,8816.521782283991,59.0,60.0,0.10132247730953009,mse,id
tcn_l400,pitch_rate,150,15.0,418944,0.7503179881157332,0.4462023705336007,1.3066658063490564,0.6702675693958791,0.923677262965375,0.8123161825017876,384,0.6550861315726955,0.6855692785612619,2,False,221636,8816.521782283991,59.0,60.0,0.10132247730953009,mse,id
tcn_l400,heave_rate,10,1.0,418944,0.01523703901102903,0.01066421598181727,0.2851862134952766,0.9971454076014618,0.4494429055050756,0.03390205702302927,384,0.9969883653997322,0.9972920705352692,2,False,221636,8816.521782283991,59.0,60.0,0.10132247730953009,mse,id
tcn_l400,heave_rate,20,2.0,418944,0.020926869989788068,0.014099274322912594,0.5351005334146711,0.9984705411928564,0.4494530144731941,0.04656075121515549,384,0.9983731130178722,0.9985579176738288,2,False,221636,8816.521782283991,59.0,60.0,0.10132247730953009,mse,id
tcn_l400,heave_rate,30,3.0,418944,0.028521242433634235,0.018580356955376503,0.7214322878188286,0.9984370476791272,0.4494430721740169,0.06345907679847668,384,0.9983334272048935,0.9985404471293402,2,False,221636,8816.521782283991,59.0,60.0,0.10132247730953009,mse,id
tcn_l400,heave_rate,50,5.0,418944,0.04314051019803829,0.027572892790929626,0.8521061512116869,0.9974367961126009,0.44946461013569566,0.09598199552354955,384,0.9971762295021404,0.9976594824105591,2,False,221636,8816.521782283991,59.0,60.0,0.10132247730953009,mse,id
tcn_l400,heave_rate,100,10.0,418944,0.1483739524698217,0.08879813962819702,0.4792648671555359,0.9041561736002424,0.44945174911641034,0.33012209377650475,384,0.8915818842036239,0.9157665122198453,2,False,221636,8816.521782283991,59.0,60.0,0.10132247730953009,mse,id
tcn_l400,heave_rate,150,15.0,418944,0.2685049739258134,0.1700731276444796,0.6809671010591867,0.8445279199778475,0.44946344226262147,0.5973900181383961,384,0.8361454339234164,0.8525232619611615,2,False,221636,8816.521782283991,59.0,60.0,0.10132247730953009,mse,id
persistence,roll,10,1.0,523680,3.2590780810060274,2.205119303871306,3.2590780810060274,0.0,6.257511233296725,0.5208265649870844,480,0.0,0.0,0,True,0,0.0,,,,,unseen_seastate
persistence,roll,20,2.0,523680,6.285047934493999,4.25081852800922,6.285047934493999,0.0,6.258161704504171,1.004296186525586,480,0.0,0.0,0,True,0,0.0,,,,,unseen_seastate
persistence,roll,30,3.0,523680,8.86407567746202,5.991118757650996,8.86407567746202,0.0,6.258595534998139,1.4163042855052714,480,0.0,0.0,0,True,0,0.0,,,,,unseen_seastate
persistence,roll,50,5.0,523680,12.021278605051705,8.107713379235433,12.021278605051705,0.0,6.259860183654315,1.9203749368782308,480,0.0,0.0,0,True,0,0.0,,,,,unseen_seastate
persistence,roll,100,10.0,523680,6.5684497135890885,4.3803909639818865,6.5684497135890885,0.0,6.264046458694406,1.0485953060696374,480,0.0,0.0,0,True,0,0.0,,,,,unseen_seastate
persistence,roll,150,15.0,523680,8.756474704087053,5.9424655717186585,8.756474704087053,0.0,6.268761829209168,1.3968427805450252,480,0.0,0.0,0,True,0,0.0,,,,,unseen_seastate
persistence,pitch,10,1.0,523680,1.2222269594404127,0.8335162658142499,1.2222269594404127,0.0,1.7978631101886102,0.6798220356788962,480,0.0,0.0,0,True,0,0.0,,,,,unseen_seastate
persistence,pitch,20,2.0,523680,2.2561846271397545,1.5445573121697105,2.2561846271397545,0.0,1.7976679627472303,1.2550619324003585,480,0.0,0.0,0,True,0,0.0,,,,,unseen_seastate
persistence,pitch,30,3.0,523680,2.9670563770227734,2.0426878387398393,2.9670563770227734,0.0,1.7976874939255332,1.650485074323869,480,0.0,0.0,0,True,0,0.0,,,,,unseen_seastate
persistence,pitch,50,5.0,523680,3.3004161719770044,2.2987493910873433,3.3004161719770044,0.0,1.79747298987243,1.8361422900776057,480,0.0,0.0,0,True,0,0.0,,,,,unseen_seastate
persistence,pitch,100,10.0,523680,2.1442953332344814,1.4903536877781043,2.1442953332344814,0.0,1.7977594151426086,1.1927598961090038,480,0.0,0.0,0,True,0,0.0,,,,,unseen_seastate
persistence,pitch,150,15.0,523680,2.6217643606966523,1.801463833980157,2.6217643606966523,0.0,1.798277604223273,1.4579308303342111,480,0.0,0.0,0,True,0,0.0,,,,,unseen_seastate
persistence,heave,10,1.0,523680,0.7225299861141319,0.5708262788780585,0.7225299861141319,0.0,1.3040230845977787,0.5540776038769235,480,0.0,0.0,0,True,0,0.0,,,,,unseen_seastate
persistence,heave,20,2.0,523680,1.379212211527561,1.091078841855727,1.379212211527561,0.0,1.3041370652244855,1.057566914019235,480,0.0,0.0,0,True,0,0.0,,,,,unseen_seastate
persistence,heave,30,3.0,523680,1.9132137914090657,1.5165523371784033,1.9132137914090657,0.0,1.3043478521287997,1.4667972107950715,480,0.0,0.0,0,True,0,0.0,,,,,unseen_seastate
persistence,heave,50,5.0,523680,2.472256983582562,1.9682441842184715,2.472256983582562,0.0,1.3046969314690733,1.8948898582897944,480,0.0,0.0,0,True,0,0.0,,,,,unseen_seastate
persistence,heave,100,10.0,523680,1.4733324604942712,1.1539133983993568,1.4733324604942712,0.0,1.3052530857962559,1.1287714823485595,480,0.0,0.0,0,True,0,0.0,,,,,unseen_seastate
persistence,heave,150,15.0,523680,1.8506807984655285,1.4418965533750252,1.8506807984655285,0.0,1.3055953746109255,1.4174995059376965,480,0.0,0.0,0,True,0,0.0,,,,,unseen_seastate
persistence,roll_rate,10,1.0,523680,1.7504570061805127,1.190146939569615,1.7504570061805127,0.0,3.298699647865669,0.5306506178315133,480,0.0,0.0,0,True,0,0.0,,,,,unseen_seastate
persistence,roll_rate,20,2.0,523680,3.368316950248868,2.2886167916111626,3.368316950248868,0.0,3.2989945899356385,1.0210131779314564,480,0.0,0.0,0,True,0,0.0,,,,,unseen_seastate
persistence,roll_rate,30,3.0,523680,4.733862565847908,3.213154375252333,4.733862565847908,0.0,3.2994705657891945,1.4347339888196955,480,0.0,0.0,0,True,0,0.0,,,,,unseen_seastate
persistence,roll_rate,50,5.0,523680,6.355381178262804,4.301275540521834,6.355381178262804,0.0,3.300289267129817,1.9257042834278364,480,0.0,0.0,0,True,0,0.0,,,,,unseen_seastate
persistence,roll_rate,100,10.0,523680,3.3423295852098973,2.241226498807631,3.3423295852098973,0.0,3.3024285854413846,1.0120823202489266,480,0.0,0.0,0,True,0,0.0,,,,,unseen_seastate
persistence,roll_rate,150,15.0,523680,4.759767558109136,3.2407371805817426,4.759767558109136,0.0,3.3050619125013023,1.4401447489093777,480,0.0,0.0,0,True,0,0.0,,,,,unseen_seastate
persistence,pitch_rate,10,1.0,523680,0.9749874851136945,0.641205775710668,0.9749874851136945,0.0,1.2556883011928568,0.7764566128293884,480,0.0,0.0,0,True,0,0.0,,,,,unseen_seastate
persistence,pitch_rate,20,2.0,523680,1.7512436884441234,1.160480897641832,1.7512436884441234,0.0,1.2557790553604302,1.3945476164527097,480,0.0,0.0,0,True,0,0.0,,,,,unseen_seastate
persistence,pitch_rate,30,3.0,523680,2.205100698829473,1.477389081896285,2.205100698829473,0.0,1.255593182987374,1.756222261085378,480,0.0,0.0,0,True,0,0.0,,,,,unseen_seastate
persistence,pitch_rate,50,5.0,523680,2.1766629752889206,1.4947485037377402,2.1766629752889206,0.0,1.2554485176421812,1.7337731852014477,480,0.0,0.0,0,True,0,0.0,,,,,unseen_seastate
persistence,pitch_rate,100,10.0,523680,1.6285427339926946,1.102091046604076,1.6285427339926946,0.0,1.2555608277890915,1.297063987620882,480,0.0,0.0,0,True,0,0.0,,,,,unseen_seastate
persistence,pitch_rate,150,15.0,523680,1.8210095950443475,1.22753995553113,1.8210095950443475,0.0,1.2558718343800095,1.449996365228886,480,0.0,0.0,0,True,0,0.0,,,,,unseen_seastate
persistence,heave_rate,10,1.0,523680,0.43962286298741843,0.339818463026124,0.43962286298741843,0.0,0.7338878453162084,0.5990327620128375,480,0.0,0.0,0,True,0,0.0,,,,,unseen_seastate
persistence,heave_rate,20,2.0,523680,0.8313306004110836,0.6443671360677873,0.8313306004110836,0.0,0.7339772507555338,1.1326381022781529,480,0.0,0.0,0,True,0,0.0,,,,,unseen_seastate
persistence,heave_rate,30,3.0,523680,1.1355935167532625,0.8840183727670444,1.1355935167532625,0.0,0.7339926584626707,1.5471456065129245,480,0.0,0.0,0,True,0,0.0,,,,,unseen_seastate
persistence,heave_rate,50,5.0,523680,1.3992727534580534,1.1021853621937614,1.3992727534580534,0.0,0.7339870840063342,1.9063996955101432,480,0.0,0.0,0,True,0,0.0,,,,,unseen_seastate
persistence,heave_rate,100,10.0,523680,0.7686188879893898,0.6123219596928333,0.7686188879893898,0.0,0.7341792711661705,1.046909001896111,480,0.0,0.0,0,True,0,0.0,,,,,unseen_seastate
persistence,heave_rate,150,15.0,523680,1.1062898407355086,0.8488641564330792,1.1062898407355086,0.0,0.7344735022919635,1.506235197434996,480,0.0,0.0,0,True,0,0.0,,,,,unseen_seastate
window_mean,roll,10,1.0,523680,6.329429146844681,4.270572252066406,3.2590780810060274,-2.771720953117133,6.257511233296725,1.0114930538462759,480,-2.7893692777928614,-2.755769683786983,0,True,0,0.0,,,,,unseen_seastate
window_mean,roll,20,2.0,523680,6.501662116046739,4.3851919159652,6.285047934493999,-0.07011783770316438,6.258161704504171,1.0389092553117178,480,-0.07458483984585357,-0.06601279611794358,0,True,0,0.0,,,,,unseen_seastate
window_mean,roll,30,3.0,523680,6.6072799791238905,4.454125131384384,8.86407567746202,0.4443791815584678,6.258595534998139,1.0557128899248889,480,0.4424113732262964,0.44623779156616394,0,True,0,0.0,,,,,unseen_seastate
window_mean,roll,50,5.0,523680,6.54763052789917,4.409522409176827,12.021278605051705,0.7033345267537039,6.259860183654315,1.0459707303042134,480,0.7026755128954351,0.7040350587398961,0,True,0,0.0,,,,,unseen_seastate
window_mean,roll,100,10.0,523680,5.944765394314583,4.008989057169237,6.5684497135890885,0.18088725847430853,6.264046458694406,0.9490295823178857,480,0.16787081359794798,0.19548110865952006,0,True,0,0.0,,,,,unseen_seastate
window_mean,roll,150,15.0,523680,6.558114384685325,4.417441044089027,8.756474704087053,0.4390819963905973,6.268761829209168,1.0461578479705393,480,0.43190460501643574,0.44598843550439987,0,True,0,0.0,,,,,unseen_seastate
window_mean,pitch,10,1.0,523680,1.8394915348090104,1.2800678031407327,1.2222269594404127,-1.265123413365599,1.7978631101886102,1.0231543905564828,480,-1.3258337818456756,-1.2052945097270928,0,True,0,0.0,,,,,unseen_seastate
window_mean,pitch,20,2.0,523680,1.8637183488578668,1.2971600526703653,2.2561846271397545,0.317643566720596,1.7976679627472303,1.0367422613515886,480,0.3014507580978276,0.3334339802582026,0,True,0,0.0,,,,,unseen_seastate
window_mean,pitch,30,3.0,523680,1.8621958880486087,1.2965685414044643,2.9670563770227734,0.606088073808667,1.7976874939255332,1.0358840979542063,480,0.5988230559747815,0.6133871821359183,0,True,0,0.0,,,,,unseen_seastate
window_mean,pitch,50,5.0,523680,1.8077615078714098,1.2593337038410135,3.3004161719770044,0.6999836958602998,1.79747298987243,1.0057238790551783,480,0.6981438270785645,0.7017105217361539,0,True,0,0.0,,,,,unseen_seastate
window_mean,pitch,100,10.0,523680,1.7863943067535581,1.241383083334288,2.1442953332344814,0.30595848180433105,1.7977594151426086,0.9936781816892062,480,0.29102400375853976,0.32237163430520227,0,True,0,0.0,,,,,unseen_seastate
window_mean,pitch,150,15.0,523680,1.8125901101964277,1.261981274110322,2.6217643606966523,0.5220176049071545,1.798277604223273,1.0079590080750278,480,0.5110091806809576,0.531778523870585,0,True,0,0.0,,,,,unseen_seastate
window_mean,heave,10,1.0,523680,1.3331940599749936,1.0629119489523684,0.7225299861141319,-2.404669722582315,1.3040230845977787,1.0223699838766371,480,-2.4744026755158783,-2.3377240197640505,0,True,0,0.0,,,,,unseen_seastate
window_mean,heave,20,2.0,523680,1.3563985311157356,1.0813043697176639,1.379212211527561,0.03280858245541718,1.3041370652244855,1.0400735990754577,480,0.01434712886830073,0.050659278578506446,0,True,0,0.0,,,,,unseen_seastate
window_mean,heave,30,3.0,523680,1.3650988102096282,1.0882285375719318,1.9132137914090657,0.4909022582281768,1.3043478521287997,1.0465757335987314,480,0.4823140033357947,0.4993308899123477,0,True,0,0.0,,,,,unseen_seastate
window_mean,heave,50,5.0,523680,1.3380681328252952,1.0668196126739709,2.472256983582562,0.7070663717286845,1.3046969314690733,1.0255777418887975,480,0.7044230025558115,0.7095344339963214,0,True,0,0.0,,,,,unseen_seastate
window_mean,heave,100,10.0,523680,1.2724226829878542,1.0145675260458251,1.4733324604942712,0.2541331758804882,1.3052530857962559,0.9748474811776646,480,0.21873439846022955,0.2883633851914675,0,True,0,0.0,,,,,unseen_seastate
window_mean,heave,150,15.0,523680,1.3294384688442895,1.0598405302728167,1.8506807984655285,0.48397178910779326,1.3055953746109255,1.0182622385901676,480,0.4680720129694313,0.49953006926859744,0,True,0,0.0,,,,,unseen_seastate
window_mean,roll_rate,10,1.0,523680,3.3426603219137485,2.264104085305687,1.7504570061805127,-2.6465451553441075,3.298699647865669,1.0133266676996564,480,-2.6625493516604757,-2.630585147920495,0,True,0,0.0,,,,,unseen_seastate
window_mean,roll_rate,20,2.0,523680,3.432975864440856,2.324445998718096,3.368316950248868,-0.03876091125188985,3.2989945899356385,1.0406127596916828,480,-0.042891205702658725,-0.034692639508845075,0,True,0,0.0,,,,,unseen_seastate
window_mean,roll_rate,30,3.0,523680,3.485944511904973,2.3589097765439213,4.733862565847908,0.45773740357859016,3.2994705657891945,1.0565163235730142,480,0.45594723842168183,0.45960871732617153,0,True,0,0.0,,,,,unseen_seastate
window_mean,roll_rate,50,5.0,523680,3.445357382976725,2.328633005918803,6.355381178262804,0.7061096351813037,3.300289267129817,1.0439561820509964,480,0.705482415333817,0.7067556944223422,0,True,0,0.0,,,,,unseen_seastate
window_mean,roll_rate,100,10.0,523680,3.1395531817575293,2.125973698055219,3.3423295852098973,0.11765761522290241,3.3024285854413846,0.9506801132954442,480,0.10466271973139096,0.13138316924820045,0,True,0,0.0,,,,,unseen_seastate
window_mean,roll_rate,150,15.0,523680,3.458784012073824,2.338456385826217,4.759767558109136,0.4719495750502716,3.3050619125013023,1.0465111104246103,480,0.4662484583613228,0.4778859872328787,0,True,0,0.0,,,,,unseen_seastate
window_mean,pitch_rate,10,1.0,523680,1.2838506163319219,0.8745414473626425,0.9749874851136945,-0.7339273841916951,1.2556883011928568,1.0224277912857132,480,-0.7762790319204109,-0.6944385048608204,0,True,0,0.0,,,,,unseen_seastate
window_mean,pitch_rate,20,2.0,523680,1.2968434485532208,0.8839903920514218,1.7512436884441234,0.4516195815578463,1.2557790553604302,1.0327003329268016,480,0.44109805226846294,0.46169680180493583,0,True,0,0.0,,,,,unseen_seastate
window_mean,pitch_rate,30,3.0,523680,1.2891726852379204,0.8797052172274359,2.205100698829473,0.658205290167222,1.255593182987374,1.0267439348234213,480,0.6540699571414987,0.6620629291240399,0,True,0,0.0,,,,,unseen_seastate
window_mean,pitch_rate,50,5.0,523680,1.2489425508012122,0.8527454039379865,2.1766629752889206,0.6707676181071134,1.2554485176421812,0.9948178147096086,480,0.6668528747761914,0.6746004883684246,0,True,0,0.0,,,,,unseen_seastate
window_mean,pitch_rate,100,10.0,523680,1.258269105731257,0.854696214855542,1.6285427339926946,0.40303516583400956,1.2555608277890915,1.0021570264715365,480,0.3959393491509692,0.40942297057540133,0,True,0,0.0,,,,,unseen_seastate
window_mean,pitch_rate,150,15.0,523680,1.2598206383508128,0.8591730076484787,1.8210095950443475,0.521377656295484,1.2558718343800095,1.0031442730561377,480,0.5157777131207565,0.5265004137686583,0,True,0,0.0,,,,,unseen_seastate
window_mean,heave_rate,10,1.0,523680,0.7501974083460569,0.5925648276879973,0.43962286298741843,-1.9119946888929213,0.7338878453162084,1.0222235088562084,480,-1.9695288317959427,-1.8552631386151441,0,True,0,0.0,,,,,unseen_seastate
window_mean,heave_rate,20,2.0,523680,0.7622683335239457,0.602260263518218,0.8313306004110836,0.15924739124678777,0.7339772507555338,1.0385449041360477,480,0.14404823140863374,0.17390825217081887,0,True,0,0.0,,,,,unseen_seastate
window_mean,heave_rate,30,3.0,523680,0.7650634866412805,0.6047202461831979,1.1355935167532625,0.5461115391463327,0.7339926584626707,1.042331251982393,480,0.5392667110638496,0.5527620870911831,0,True,0,0.0,,,,,unseen_seastate
window_mean,heave_rate,50,5.0,523680,0.7457624186915479,0.5900621654044215,1.3992727534580534,0.7159490586310008,0.7339870840063342,1.0160429726105535,480,0.714439831272423,0.7173604501715732,0,True,0,0.0,,,,,unseen_seastate
window_mean,heave_rate,100,10.0,523680,0.7225844687467036,0.5694699114967746,0.7686188879893898,0.11619767438380857,0.7341792711661705,0.9842071236892186,480,0.08885542599771505,0.14475615072630507,0,True,0,0.0,,,,,unseen_seastate
window_mean,heave_rate,150,15.0,523680,0.7452607313433484,0.5890151553247769,1.1062898407355086,0.5461852280881079,0.7344735022919635,1.014687022768994,480,0.5364240333771977,0.555720216604027,0,True,0,0.0,,,,,unseen_seastate
damped_persistence,roll,10,1.0,523680,4.13917477538592,2.795048240439497,3.2590780810060274,-0.6130134867798893,6.257511233296725,0.6614730075690531,480,-0.6182243560155531,-0.6082797694182096,0,True,6,0.13571733600110747,,,,,unseen_seastate
damped_persistence,roll,20,2.0,523680,5.9481622179162725,4.014437190901275,6.285047934493999,0.10432919247048955,6.258161704504171,0.9504647688530031,480,0.10154224647428556,0.10691628471911863,0,True,6,0.13571733600110747,,,,,unseen_seastate
damped_persistence,roll,30,3.0,523680,6.6145945333062075,4.460882195213935,8.86407567746202,0.44314830647080716,6.258595534998139,1.0568816112684256,480,0.44156854669468715,0.44468327266595115,0,True,6,0.13571733600110747,,,,,unseen_seastate
damped_persistence,roll,50,5.0,523680,6.650159766536214,4.478878968939928,12.021278605051705,0.6939708237399995,6.259860183654315,1.0623495687493223,480,0.6933334759071531,0.6946552674973762,0,True,6,0.13571733600110747,,,,,unseen_seastate
damped_persistence,roll,100,10.0,523680,5.94367236665499,4.008236328268182,6.5684497135890885,0.18118844128492584,6.264046458694406,0.9488550900520956,480,0.16818455914996955,0.19576863898080893,0,True,6,0.13571733600110747,,,,,unseen_seastate
damped_persistence,roll,150,15.0,523680,6.558111639095602,4.417439798819814,8.756474704087053,0.43908246605315404,6.268761829209168,1.0461574099909514,480,0.43190519705742086,0.4459887752117196,0,True,6,0.13571733600110747,,,,,unseen_seastate
damped_persistence,pitch,10,1.0,523680,1.4145309586598314,0.9812228926507034,1.2222269594404127,-0.3394336208566646,1.7978631101886102,0.7867845725537111,480,-0.3662047652144812,-0.3132462303025892,0,True,6,0.13571733600110747,,,,,unseen_seastate
damped_persistence,pitch,20,2.0,523680,1.8240158646666833,1.26718552410016,2.2561846271397545,0.3464061588333224,1.7976679627472303,1.0146567121768069,480,0.3336899906087291,0.3587910162582265,0,True,6,0.13571733600110747,,,,,unseen_seastate
damped_persistence,pitch,30,3.0,523680,1.8867892802404649,1.312761077765881,2.9670563770227734,0.5956148457400816,1.7976874939255332,1.0495646693966614,480,0.5888862820056505,0.6023773151395718,0,True,6,0.13571733600110747,,,,,unseen_seastate
damped_persistence,pitch,50,5.0,523680,1.813743004281517,1.263508231463827,3.3004161719770044,0.6979950316215091,1.79747298987243,1.0090516043916975,480,0.69617379937072,0.6997075625148083,0,True,6,0.13571733600110747,,,,,unseen_seastate
damped_persistence,pitch,100,10.0,523680,1.786382000221328,1.2413747305166194,2.1442953332344814,0.30596804432349056,1.7977594151426086,0.993671336205808,480,0.29103425305334657,0.32238039811605357,0,True,6,0.13571733600110747,,,,,unseen_seastate
damped_persistence,pitch,150,15.0,523680,1.8125901219053084,1.2619812805592323,2.6217643606966523,0.52201759873186,1.798277604223273,1.0079590145861919,480,0.5110091770285573,0.5317785154657443,0,True,6,0.13571733600110747,,,,,unseen_seastate
damped_persistence,heave,10,1.0,523680,0.9328522370778053,0.7430225455243047,0.7225299861141319,-0.6669169522762783,1.3040230845977787,0.715364818380911,480,-0.692957660897895,-0.6416369458727051,0,True,6,0.13571733600110747,,,,,unseen_seastate
damped_persistence,heave,20,2.0,523680,1.2739521423649192,1.015010400394186,1.379212211527561,0.14681337325869426,1.3041370652244855,0.9768544858784682,480,0.13347502774951808,0.15962518742340753,0,True,6,0.13571733600110747,,,,,unseen_seastate
damped_persistence,heave,30,3.0,523680,1.369996920335758,1.091892993225379,1.9132137914090657,0.4872423173391056,1.3043478521287997,1.0503309512871233,480,0.4796224625448851,0.49469825336542733,0,True,6,0.13571733600110747,,,,,unseen_seastate
damped_persistence,heave,50,5.0,523680,1.34803671433853,1.0747565605808618,2.472256983582562,0.7026854136211977,1.3046969314690733,1.0332182760793778,480,0.7000827467614095,0.7051137931568803,0,True,6,0.13571733600110747,,,,,unseen_seastate
damped_persistence,heave,100,10.0,523680,1.2723766929344684,1.0145321053129717,1.4733324604942712,0.2541870916674508,1.3052530857962559,0.974812246590682,480,0.21879549296071024,0.2884102706623408,0,True,6,0.13571733600110747,,,,,unseen_seastate
damped_persistence,heave,150,15.0,523680,1.3294384547295068,1.059840508687851,1.8506807984655285,0.48397180006524043,1.3055953746109255,1.0182622277791744,480,0.4680720556550872,0.4995300481490356,0,True,6,0.13571733600110747,,,,,unseen_seastate
damped_persistence,roll_rate,10,1.0,523680,2.220294627580255,1.5055107946367108,1.7504570061805127,-0.6088602417908648,3.298699647865669,0.6730817790631026,480,-0.6137799335216785,-0.6038486772936812,0,True,6,0.13571733600110747,,,,,unseen_seastate
damped_persistence,roll_rate,20,2.0,523680,3.162809497981404,2.1431044344101906,3.368316950248868,0.11830136775664868,3.2989945899356385,0.9587192133113224,480,0.11563384710052245,0.12101762398626843,0,True,6,0.13571733600110747,,,,,unseen_seastate
damped_persistence,roll_rate,30,3.0,523680,3.495465349775518,2.3664863521384554,4.733862565847908,0.45477129520974136,3.2994705657891945,1.0594018889025743,480,0.4532398707238045,0.456384020338205,0,True,6,0.13571733600110747,,,,,unseen_seastate
damped_persistence,roll_rate,50,5.0,523680,3.493828202717201,2.3615144125450365,6.355381178262804,0.6977823073884732,3.300289267129817,1.058643021845082,480,0.6971732501643608,0.6984160268478662,0,True,6,0.13571733600110747,,,,,unseen_seastate
damped_persistence,roll_rate,100,10.0,523680,3.139056278923385,2.125630718516315,3.3423295852098973,0.11793689301185784,3.3024285854413846,0.9505296474121441,480,0.10495160162646636,0.13165406651052744,0,True,6,0.13571733600110747,,,,,unseen_seastate
damped_persistence,roll_rate,150,15.0,523680,3.4587842017411305,2.33845673220826,4.759767558109136,0.4719495171374881,3.3050619125013023,1.046511167811525,480,0.4662484780080728,0.47788586420180285,0,True,6,0.13571733600110747,,,,,unseen_seastate
damped_persistence,pitch_rate,10,1.0,523680,1.0491023229837768,0.7096268040143486,0.9749874851136945,-0.15781084986967442,1.2556883011928568,0.8354798893859001,480,-0.1788070614801213,-0.13839364525670528,0,True,6,0.13571733600110747,,,,,unseen_seastate
damped_persistence,pitch_rate,20,2.0,523680,1.2953060524626583,0.8796910406639675,1.7512436884441234,0.45291901084794817,1.2557790553604302,1.031476076092767,480,0.4441716163470389,0.4612628678566065,0,True,6,0.13571733600110747,,,,,unseen_seastate
damped_persistence,pitch_rate,30,3.0,523680,1.3075662999932283,0.8912496105686067,2.205100698829473,0.6483824171348302,1.255593182987374,1.0413932774644388,480,0.644445130869913,0.6520456329679988,0,True,6,0.13571733600110747,,,,,unseen_seastate
damped_persistence,pitch_rate,50,5.0,523680,1.2506614851679987,0.8539744294675252,2.1766629752889206,0.6698607416413995,1.2554485176421812,0.9961869942041328,480,0.6659683745964539,0.6736708739983338,0,True,6,0.13571733600110747,,,,,unseen_seastate
damped_persistence,pitch_rate,100,10.0,523680,1.258267668817601,0.85469519846521,1.6285427339926946,0.40303652927276623,1.2555608277890915,1.0021558820318375,480,0.3959408069552017,0.40942424522518994,0,True,6,0.13571733600110747,,,,,unseen_seastate
damped_persistence,pitch_rate,150,15.0,523680,1.2598206395183982,0.8591730081930289,1.8210095950443475,0.521377655408322,1.2558718343800095,1.0031442739858387,480,0.5157777124373801,0.5265004126928313,0,True,6,0.13571733600110747,,,,,unseen_seastate
damped_persistence,heave_rate,10,1.0,523680,0.5472033561603966,0.43058302993462083,0.43962286298741843,-0.5493051493267016,0.7338878453162084,0.7456225902264731,480,-0.5726786521962616,-0.5262702262501847,0,True,6,0.13571733600110747,,,,,unseen_seastate
damped_persistence,heave_rate,20,2.0,523680,0.7294406521197723,0.5748740116105422,0.8313306004110836,0.23010341581645855,0.7339772507555338,0.9938191563415737,480,0.21864838767580996,0.241104853354051,0,True,6,0.13571733600110747,,,,,unseen_seastate
damped_persistence,heave_rate,30,3.0,523680,0.771676365348272,0.6092054867027211,1.1355935167532625,0.5382311964907167,0.7339926584626707,1.05134071363129,480,0.5320142208491364,0.5443097026661603,0,True,6,0.13571733600110747,,,,,unseen_seastate
damped_persistence,heave_rate,50,5.0,523680,0.74996503450237,0.5933373676343348,1.3992727534580534,0.7127385976227527,0.7339870840063342,1.0217687079843736,480,0.7112428088303961,0.7141346272914976,0,True,6,0.13571733600110747,,,,,unseen_seastate
damped_persistence,heave_rate,100,10.0,523680,0.7225675382717499,0.5694575376412202,0.7686188879893898,0.11623908966046581,0.7341792711661705,0.9841840632792906,480,0.08889974508796733,0.14479466210178824,0,True,6,0.13571733600110747,,,,,unseen_seastate
damped_persistence,heave_rate,150,15.0,523680,0.7452607648338793,0.5890151735065526,1.1062898407355086,0.5461851873010455,0.7344735022919635,1.014687068367005,480,0.5364239991816107,0.5557201690658896,0,True,6,0.13571733600110747,,,,,unseen_seastate
ar20,roll,10,1.0,523680,0.011021425417879914,0.008448061815379623,3.2590780810060274,0.999988563687833,6.257511233296725,0.001761311327614406,480,0.9999871469526197,0.9999899014966804,0,True,108900,0.05049848699127324,,,,,unseen_seastate
ar20,roll,20,2.0,523680,0.08786106834437346,0.06787762888255373,6.285047934493999,0.9998045769572809,6.258161704504171,0.01403943721702452,480,0.9997814565094025,0.9998262219886903,0,True,108900,0.05049848699127324,,,,,unseen_seastate
ar20,roll,30,3.0,523680,0.2912522261092114,0.22656005688114944,8.86407567746202,0.9989203783214491,6.258595534998139,0.04653635539803229,480,0.9988021709511927,0.9990315192157255,0,True,108900,0.05049848699127324,,,,,unseen_seastate
ar20,roll,50,5.0,523680,0.9479971588492107,0.736080028953225,12.021278605051705,0.9937811118399752,6.259860183654315,0.15144062823074092,480,0.9932559606101147,0.9943001401744619,0,True,108900,0.05049848699127324,,,,,unseen_seastate
ar20,roll,100,10.0,523680,1.904587235985263,1.48474919834313,6.5684497135890885,0.9159232375089863,6.264046458694406,0.30405062423215645,480,0.9098328006018631,0.92168852478574,0,True,108900,0.05049848699127324,,,,,unseen_seastate
ar20,roll,150,15.0,523680,2.868415109715476,2.1901868525401818,8.756474704087053,0.8926936535709615,6.268761829209168,0.4575728330194576,480,0.8865582323263245,0.8981195560603903,0,True,108900,0.05049848699127324,,,,,unseen_seastate
ar20,pitch,10,1.0,523680,0.01801538428320439,0.013299156310127316,1.2222269594404127,0.9997827382152451,1.7978631101886102,0.010020442702845397,480,0.9997504464826313,0.9998087776795431,0,True,108900,0.05049848699127324,,,,,unseen_seastate
ar20,pitch,20,2.0,523680,0.1660448022926187,0.12048763458480252,2.2561846271397545,0.9945837176087193,1.7976679627472303,0.09236678059215445,480,0.9937387178612257,0.9952664410543816,0,True,108900,0.05049848699127324,,,,,unseen_seastate
ar20,pitch,30,3.0,523680,0.5015013295188497,0.3580038449049282,2.9670563770227734,0.9714311617247747,1.7976874939255332,0.27897024995359054,480,0.9669117860683812,0.9751651490036294,0,True,108900,0.05049848699127324,,,,,unseen_seastate
ar20,pitch,50,5.0,523680,1.0674910147588232,0.7926573297239575,3.3004161719770044,0.8953857024137748,1.79747298987243,0.5938843146870235,480,0.8835847865428038,0.9055677318288206,0,True,108900,0.05049848699127324,,,,,unseen_seastate
ar20,pitch,100,10.0,523680,2.1217838148921997,1.5652548596028044,2.1442953332344814,0.020886443513507102,1.7977594151426086,1.1802379100453146,480,-0.05706689146069305,0.09384772402933471,0,True,108900,0.05049848699127324,,,,,unseen_seastate
ar20,pitch,150,15.0,523680,2.048577147573099,1.5163735898274848,2.6217643606966523,0.38945548158424803,1.798277604223273,1.1391884894534607,480,0.34798722007051686,0.42530764140300903,0,True,108900,0.05049848699127324,,,,,unseen_seastate
ar20,heave,10,1.0,523680,0.0034670709741434287,0.002565516402859347,0.7225299861141319,0.9999769742538237,1.3040230845977787,0.002658749691699541,480,0.9999743145036067,0.9999792914208651,0,True,108900,0.05049848699127324,,,,,unseen_seastate
ar20,heave,20,2.0,523680,0.03136840086957045,0.023040718860519588,1.379212211527561,0.9994827237114329,1.3041370652244855,0.024052993896136906,480,0.9994195982603323,0.9995378134079046,0,True,108900,0.05049848699127324,,,,,unseen_seastate
ar20,heave,30,3.0,523680,0.12434474228226058,0.09067035183134955,1.9132137914090657,0.9957759616991091,1.3043478521287997,0.0953309671797443,480,0.9952359551630594,0.9962427954519806,0,True,108900,0.05049848699127324,,,,,unseen_seastate
ar20,heave,50,5.0,523680,0.5581099978233144,0.4053482565779557,2.472256983582562,0.9490373057149123,1.3046969314690733,0.42776984015352065,480,0.9427945623780373,0.9546233648642708,0,True,108900,0.05049848699127324,,,,,unseen_seastate
ar20,heave,100,10.0,523680,1.1978111606903805,0.9072551162262082,1.4733324604942712,0.33903997206422387,1.3052530857962559,0.9176849867086646,480,0.3141441924495372,0.36387297164427895,0,True,108900,0.05049848699127324,,,,,unseen_seastate
ar20,heave,150,15.0,523680,1.4147968206143118,1.1154438952540873,1.8506807984655285,0.4155799429304182,1.3055953746109255,1.0836411097396303,480,0.3744118639514145,0.45227804134491784,0,True,108900,0.05049848699127324,,,,,unseen_seastate
ar20,roll_rate,10,1.0,523680,0.03137375458218583,0.024106455169985667,1.7504570061805127,0.9996787596478046,3.298699647865669,0.009510946109472361,480,0.9996397444238323,0.9997154990464469,0,True,108900,0.05049848699127324,,,,,unseen_seastate
ar20,roll_rate,20,2.0,523680,0.13526002472841436,0.10497962550231857,3.368316950248868,0.9983874506170365,3.2989945899356385,0.041000377854834014,480,0.9982051288254888,0.9985573643880062,0,True,108900,0.05049848699127324,,,,,unseen_seastate
ar20,roll_rate,30,3.0,523680,0.2767660214740669,0.21646200482512354,4.733862565847908,0.9965818253343326,3.2994705657891945,0.08388194892348365,480,0.9962454071488996,0.9969026467964053,0,True,108900,0.05049848699127324,,,,,unseen_seastate
ar20,roll_rate,50,5.0,523680,0.5085412719389087,0.3785753154041206,6.355381178262804,0.993597210810984,3.300289267129817,0.15408990872523576,480,0.9930283973788645,0.9940710557728777,0,True,108900,0.05049848699127324,,,,,unseen_seastate
ar20,roll_rate,100,10.0,523680,1.4662334055936799,1.077554470873834,3.3423295852098973,0.8075545384945636,3.3024285854413846,0.4439864080808612,480,0.7928455362567336,0.8206277298777125,0,True,108900,0.05049848699127324,,,,,unseen_seastate
ar20,roll_rate,150,15.0,523680,2.1819329819416002,1.5829201458784257,4.759767558109136,0.7898587433471179,3.3050619125013023,0.6601791554005391,480,0.7716434794138736,0.8052295828404057,0,True,108900,0.05049848699127324,,,,,unseen_seastate
ar20,pitch_rate,10,1.0,523680,0.05720599882916884,0.042045353907150244,0.9749874851136945,0.9965574118979397,1.2556883011928568,0.045557483313992245,480,0.9960102340681923,0.9969974213334613,0,True,108900,0.05049848699127324,,,,,unseen_seastate
ar20,pitch_rate,20,2.0,523680,0.2585162251809662,0.18577492433144827,1.7512436884441234,0.9782087348344177,1.2557790553604302,0.20586123337338794,480,0.9746081052577008,0.9811084486776501,0,True,108900,0.05049848699127324,,,,,unseen_seastate
ar20,pitch_rate,30,3.0,523680,0.4197764392105798,0.3071089688412944,2.205100698829473,0.963760744678662,1.255593182987374,0.33432519776176656,480,0.9584887455545354,0.9681414451038874,0,True,108900,0.05049848699127324,,,,,unseen_seastate
ar20,pitch_rate,50,5.0,523680,0.8809262387441888,0.683972125294367,2.1766629752889206,0.8362064817555395,1.2554485176421812,0.7016824874656182,480,0.8181745104807001,0.8514699020550878,0,True,108900,0.05049848699127324,,,,,unseen_seastate
ar20,pitch_rate,100,10.0,523680,1.2885237033965016,1.010238107412552,1.6285427339926946,0.37398245386658335,1.2555608277890915,1.0262535074986803,480,0.33389550715103655,0.4076514538685692,0,True,108900,0.05049848699127324,,,,,unseen_seastate
ar20,pitch_rate,150,15.0,523680,1.2910170474801739,0.9296103209486335,1.8210095950443475,0.49738032409206523,1.2558718343800095,1.027984713199269,480,0.4870795508282096,0.506633267543382,0,True,108900,0.05049848699127324,,,,,unseen_seastate
ar20,heave_rate,10,1.0,523680,0.010181660424088053,0.007519541236835452,0.43962286298741843,0.9994636149355286,0.7338878453162084,0.013873591842498912,480,0.9993932830647568,0.9995250349539312,0,True,108900,0.05049848699127324,,,,,unseen_seastate
ar20,heave_rate,20,2.0,523680,0.0530443559970941,0.03878844194412082,0.8313306004110836,0.9959287213410323,0.7339772507555338,0.07226975487658761,480,0.9953515259261198,0.9964282221371391,0,True,108900,0.05049848699127324,,,,,unseen_seastate
ar20,heave_rate,30,3.0,523680,0.14057147073338744,0.10225432157890105,1.1355935167532625,0.9846768318097316,0.7339926584626707,0.19151618086727307,480,0.9824196234731719,0.9866281225741947,0,True,108900,0.05049848699127324,,,,,unseen_seastate
ar20,heave_rate,50,5.0,523680,0.2560070326057628,0.19012735396305405,1.3992727534580534,0.9665266609815754,0.7339870840063342,0.3487895607214166,480,0.9623415595733,0.9701357216219421,0,True,108900,0.05049848699127324,,,,,unseen_seastate
ar20,heave_rate,100,10.0,523680,0.586145399440266,0.4500172589625623,0.7686188879893898,0.41844791636774925,0.7341792711661705,0.7983682221226874,480,0.382460786363986,0.4534339814836465,0,True,108900,0.05049848699127324,,,,,unseen_seastate
ar20,heave_rate,150,15.0,523680,0.7556570140644461,0.5958430447355989,1.1062898407355086,0.5334356114819521,0.7344735022919635,1.0288417644835086,480,0.4957659334612995,0.5657896305430758,0,True,108900,0.05049848699127324,,,,,unseen_seastate
dlinear_ols,roll,10,1.0,523680,0.04362880335918195,0.023822231751107672,3.2590780810060274,0.9998207921324728,6.257511233296725,0.006972229330892695,480,0.9997815871230039,0.9998535960850556,0,True,120300,0.3948344959935639,,,,,unseen_seastate
dlinear_ols,roll,20,2.0,523680,0.36615037440938886,0.19936224710276762,6.285047934493999,0.9966060786289405,6.258161704504171,0.058507656353120496,480,0.9958643244829823,0.9972308258131776,0,True,120300,0.3948344959935639,,,,,unseen_seastate
dlinear_ols,roll,30,3.0,523680,1.030191822627764,0.5582037131003458,8.86407567746202,0.9864926769741725,6.258595534998139,0.16460431367819175,480,0.9835403544165948,0.9890018976860152,0,True,120300,0.3948344959935639,,,,,unseen_seastate
dlinear_ols,roll,50,5.0,523680,0.662659022436252,0.4115126403652867,12.021278605051705,0.9969613624102448,6.259860183654315,0.10585843820706742,480,0.9965277239445083,0.9973318271452646,0,True,120300,0.3948344959935639,,,,,unseen_seastate
dlinear_ols,roll,100,10.0,523680,3.2912410075552025,2.0476748523204598,6.5684497135890885,0.7489306997185451,6.264046458694406,0.5254177198808939,480,0.7178925859990118,0.7757807235341602,0,True,120300,0.3948344959935639,,,,,unseen_seastate
dlinear_ols,roll,150,15.0,523680,4.137240513982963,2.712818430186829,8.756474704087053,0.7767646626746163,6.268761829209168,0.6599773012121111,480,0.755589012388559,0.7949460730565698,0,True,120300,0.3948344959935639,,,,,unseen_seastate
dlinear_ols,pitch,10,1.0,523680,0.026290800466275133,0.013554606911494098,1.2222269594404127,0.9995372953114201,1.7978631101886102,0.014623360542459218,480,0.999410957780981,0.9996391009044807,0,True,120300,0.3948344959935639,,,,,unseen_seastate
dlinear_ols,pitch,20,2.0,523680,0.21924820534764397,0.11118687002175638,2.2561846271397545,0.9905567209625303,1.7976679627472303,0.12196257033617304,480,0.9879284534246744,0.9926730170971665,0,True,120300,0.3948344959935639,,,,,unseen_seastate
dlinear_ols,pitch,30,3.0,523680,0.6136249275722164,0.3033196039367222,2.9670563770227734,0.9572285089047907,1.7976874939255332,0.34134126740364085,480,0.9450815896368592,0.9669693394828813,0,True,120300,0.3948344959935639,,,,,unseen_seastate
dlinear_ols,pitch,50,5.0,523680,0.43855573606115067,0.2750141409919664,3.3004161719770044,0.9823431926535889,1.79747298987243,0.24398460423723853,480,0.9801273030408226,0.9843552383606636,0,True,120300,0.3948344959935639,,,,,unseen_seastate
dlinear_ols,pitch,100,10.0,523680,1.8490636939581861,1.149404917097621,2.1442953332344814,0.25640828554074235,1.7977594151426086,1.0285379002237114,480,0.15159888503752122,0.34789355794915416,0,True,120300,0.3948344959935639,,,,,unseen_seastate
dlinear_ols,pitch,150,15.0,523680,2.0799126149280593,1.3678579058646418,2.6217643606966523,0.3706345950119647,1.798277604223273,1.156613756431912,480,0.27899970581228667,0.44079310200584454,0,True,120300,0.3948344959935639,,,,,unseen_seastate
dlinear_ols,heave,10,1.0,523680,0.040473326517811804,0.02185091452557661,0.7225299861141319,0.9968621942827726,1.3040230845977787,0.031037277634004202,480,0.9960744499545228,0.9975486633131387,0,True,120300,0.3948344959935639,,,,,unseen_seastate
dlinear_ols,heave,20,2.0,523680,0.34207044716807755,0.1841065901600147,1.379212211527561,0.9384867145811204,1.3041370652244855,0.26229639221947565,480,0.9230539699477788,0.9519622584419716,0,True,120300,0.3948344959935639,,,,,unseen_seastate
dlinear_ols,heave,30,3.0,523680,0.9734147715219201,0.5213003459765224,1.9132137914090657,0.7411376681196632,1.3043478521287997,0.7462846432669242,480,0.6765276808928026,0.7979275082293917,0,True,120300,0.3948344959935639,,,,,unseen_seastate
dlinear_ols,heave,50,5.0,523680,0.4875446052772042,0.282972946594228,2.472256983582562,0.9611096827551106,1.3046969314690733,0.37368418175724133,480,0.9522884930019928,0.9689140624565125,0,True,120300,0.3948344959935639,,,,,unseen_seastate
dlinear_ols,heave,100,10.0,523680,2.290001787930523,1.3709390837250084,1.4733324604942712,-1.415850904971276,1.3052530857962559,1.754450391920377,480,-1.8226733401035238,-1.0329871418238268,0,True,120300,0.3948344959935639,,,,,unseen_seastate
dlinear_ols,heave,150,15.0,523680,2.253278759912802,1.4655573584953665,1.8506807984655285,-0.4824047838894048,1.3055953746109255,1.7258630075832577,480,-0.8062619756627806,-0.22241548644175302,0,True,120300,0.3948344959935639,,,,,unseen_seastate
dlinear_ols,roll_rate,10,1.0,523680,0.016609400070782987,0.009973776357472841,1.7504570061805127,0.9999099663212765,3.298699647865669,0.0050351356121584555,480,0.9998938658572412,0.9999233060884158,0,True,120300,0.3948344959935639,,,,,unseen_seastate
dlinear_ols,roll_rate,20,2.0,523680,0.13887710469391354,0.08303630334187072,3.368316950248868,0.9983000529038102,3.2989945899356385,0.04209679673849449,480,0.9979940180839727,0.9985537893973809,0,True,120300,0.3948344959935639,,,,,unseen_seastate
dlinear_ols,roll_rate,30,3.0,523680,0.388412891533044,0.23073857834235373,4.733862565847908,0.9932678159416598,3.2994705657891945,0.11771976254624966,480,0.9920429382819836,0.9942844377783524,0,True,120300,0.3948344959935639,,,,,unseen_seastate
dlinear_ols,roll_rate,50,5.0,523680,0.2977129720074058,0.19943764552790705,6.355381178262804,0.9978056176092567,3.300289267129817,0.09020814477463053,480,0.9976118257336745,0.9979741979895269,0,True,120300,0.3948344959935639,,,,,unseen_seastate
dlinear_ols,roll_rate,100,10.0,523680,1.4708131211394755,0.9753615076467311,3.3423295852098973,0.8063504711335105,3.3024285854413846,0.4453731800964576,480,0.7915843203147512,0.8195926120495101,0,True,120300,0.3948344959935639,,,,,unseen_seastate
dlinear_ols,roll_rate,150,15.0,523680,2.005883957894681,1.3605113706226668,4.759767558109136,0.8224011615543914,3.3050619125013023,0.6069126724396546,480,0.8125796091466446,0.8309398431531042,0,True,120300,0.3948344959935639,,,,,unseen_seastate
dlinear_ols,pitch_rate,10,1.0,523680,0.01570897966921444,0.008786944316594734,0.9749874851136945,0.9997404040737479,1.2556883011928568,0.012510254060893533,480,0.9997056770713139,0.9997765774860488,0,True,120300,0.3948344959935639,,,,,unseen_seastate
dlinear_ols,pitch_rate,20,2.0,523680,0.11531823679167398,0.06712827973088567,1.7512436884441234,0.9956638647427966,1.2557790553604302,0.09183003674048032,480,0.9950708519382738,0.9962211441687767,0,True,120300,0.3948344959935639,,,,,unseen_seastate
dlinear_ols,pitch_rate,30,3.0,523680,0.27729298819178455,0.16605701592923697,2.205100698829473,0.9841867578290258,1.255593182987374,0.22084620396873636,480,0.981605857981015,0.9863658709829288,0,True,120300,0.3948344959935639,,,,,unseen_seastate
dlinear_ols,pitch_rate,50,5.0,523680,0.44125607324348154,0.24477915676556472,2.1766629752889206,0.9589040511997741,1.2554485176421812,0.3514728537592213,480,0.952763468946686,0.9648789236467551,0,True,120300,0.3948344959935639,,,,,unseen_seastate
dlinear_ols,pitch_rate,100,10.0,523680,1.1900564056946654,0.7869259052016452,1.6285427339926946,0.46600551187389494,1.2555608277890915,0.9478285554593381,480,0.43841437282922013,0.4924702563089053,0,True,120300,0.3948344959935639,,,,,unseen_seastate
dlinear_ols,pitch_rate,150,15.0,523680,1.319972697375845,0.9022564231959362,1.8210095950443475,0.4745814177396098,1.2558718343800095,1.0510409272993055,480,0.45089620789783075,0.49420092663318105,0,True,120300,0.3948344959935639,,,,,unseen_seastate
dlinear_ols,heave_rate,10,1.0,523680,0.013361445058308604,0.007688655597688261,0.43962286298741843,0.9990762672954595,0.7338878453162084,0.01820638554458085,480,0.9988425478565516,0.9992735219993211,0,True,120300,0.3948344959935639,,,,,unseen_seastate
dlinear_ols,heave_rate,20,2.0,523680,0.11267801570124926,0.06451541921429105,0.8313306004110836,0.9816290824864975,0.7339772507555338,0.15351704100537442,480,0.9769749231540974,0.9855596240038318,0,True,120300,0.3948344959935639,,,,,unseen_seastate
dlinear_ols,heave_rate,30,3.0,523680,0.3195510943250445,0.18152387374695772,1.1355935167532625,0.9208164789715715,0.7339926584626707,0.43536006885182793,480,0.900751815007828,0.9378444856674367,0,True,120300,0.3948344959935639,,,,,unseen_seastate
dlinear_ols,heave_rate,50,5.0,523680,0.1728679427948005,0.11411525701462596,1.3992727534580534,0.9847375528840453,0.7339870840063342,0.23551905280299004,480,0.9816716439587689,0.9873296984468622,0,True,120300,0.3948344959935639,,,,,unseen_seastate
dlinear_ols,heave_rate,100,10.0,523680,0.823910567918801,0.5504992240689978,0.7686188879893898,-0.14904765723556612,0.7341792711661705,1.1222198722801058,480,-0.3348552059790759,0.016489036573372345,0,True,120300,0.3948344959935639,,,,,unseen_seastate
dlinear_ols,heave_rate,150,15.0,523680,0.88920610657661,0.6451341571995215,1.1062898407355086,0.35394867033645006,0.7344735022919635,1.210671458945483,480,0.24801037478648938,0.43814783449467215,0,True,120300,0.3948344959935639,,,,,unseen_seastate
tcn_l400,roll,10,1.0,523680,0.318921221050321,0.23724516910908314,3.2590780810060274,0.9904241506376135,6.257511233296725,0.05096614439192938,480,0.9896919617959299,0.9910928446255615,0,False,221636,8237.932393268013,59.0,60.0,0.08384911026267529,mse,unseen_seastate
tcn_l400,roll,20,2.0,523680,0.3963090655698063,0.30055596189295003,6.285047934493999,0.9960239592637026,6.258161704504171,0.06332675381087896,480,0.9957675363046289,0.9962648462852313,0,False,221636,8237.932393268013,59.0,60.0,0.08384911026267529,mse,unseen_seastate
tcn_l400,roll,30,3.0,523680,0.6188994746228033,0.46129602997536734,8.86407567746202,0.9951250146195959,6.258595534998139,0.09888791681167287,480,0.9948751164164219,0.9953754502352681,0,False,221636,8237.932393268013,59.0,60.0,0.08384911026267529,mse,unseen_seastate
tcn_l400,roll,50,5.0,523680,0.8980800587546389,0.6410026170681781,12.021278605051705,0.9944187846290738,6.259860183654315,0.143466472478043,480,0.9941825949505487,0.9946700547930363,0,False,221636,8237.932393268013,59.0,60.0,0.08384911026267529,mse,unseen_seastate
tcn_l400,roll,100,10.0,523680,1.8757932524241387,1.3554081633283048,6.5684497135890885,0.9184462041399942,6.264046458694406,0.2994539176542289,480,0.9144854264865775,0.9225135001683741,0,False,221636,8237.932393268013,59.0,60.0,0.08384911026267529,mse,unseen_seastate
tcn_l400,roll,150,15.0,523680,3.4518873854111587,2.511503596794944,8.756474704087053,0.8445987016883374,6.268761829209168,0.550648992489579,480,0.8385206015429498,0.8499765208769868,0,False,221636,8237.932393268013,59.0,60.0,0.08384911026267529,mse,unseen_seastate
tcn_l400,pitch,10,1.0,523680,0.19081501028207473,0.1415675779654587,1.2222269594404127,0.9756263061301956,1.7978631101886102,0.10613433759261945,480,0.9727151628806372,0.9778446965387535,0,False,221636,8237.932393268013,59.0,60.0,0.08384911026267529,mse,unseen_seastate
tcn_l400,pitch,20,2.0,523680,0.35277505831893446,0.26352214877053665,2.2561846271397545,0.9755518234497396,1.7976679627472303,0.1962403878966708,480,0.9729166865656004,0.9775958617645896,0,False,221636,8237.932393268013,59.0,60.0,0.08384911026267529,mse,unseen_seastate
tcn_l400,pitch,30,3.0,523680,0.5359455766195239,0.3922866289207906,2.9670563770227734,0.9673720502429168,1.7976874939255332,0.2981305585261666,480,0.9638658258422417,0.970115782448674,0,False,221636,8237.932393268013,59.0,60.0,0.08384911026267529,mse,unseen_seastate
tcn_l400,pitch,50,5.0,523680,0.9612248691180921,0.6762783611399222,3.3004161719770044,0.9151772039877718,1.79747298987243,0.5347645692224349,480,0.9080578139635105,0.9216292642079641,0,False,221636,8237.932393268013,59.0,60.0,0.08384911026267529,mse,unseen_seastate
tcn_l400,pitch,100,10.0,523680,2.220177313667862,1.5829638401735437,2.1442953332344814,-0.07202797947880457,1.7977594151426086,1.2349690926200738,480,-0.13585765943931707,-0.011234465618311977,0,False,221636,8237.932393268013,59.0,60.0,0.08384911026267529,mse,unseen_seastate
tcn_l400,pitch,150,15.0,523680,3.2537860233176894,2.3608399146262267,2.6217643606966523,-0.5402480497107278,1.798277604223273,1.8093902830553747,480,-0.6393421261630909,-0.45111170451687305,0,False,221636,8237.932393268013,59.0,60.0,0.08384911026267529,mse,unseen_seastate
tcn_l400,heave,10,1.0,523680,0.08332141176691511,0.059513426892945614,0.7225299861141319,0.9867015358048181,1.3040230845977787,0.06389565702559269,480,0.9858749665894132,0.9874973357629117,0,False,221636,8237.932393268013,59.0,60.0,0.08384911026267529,mse,unseen_seastate
tcn_l400,heave,20,2.0,523680,0.10837382021967211,0.0806535496406128,1.379212211527561,0.9938257163418526,1.3041370652244855,0.083100023080026,480,0.9934966724426255,0.9941316944544245,0,False,221636,8237.932393268013,59.0,60.0,0.08384911026267529,mse,unseen_seastate
tcn_l400,heave,30,3.0,523680,0.17731562834190331,0.1300212463957892,1.9132137914090657,0.9914105169878702,1.3043478521287997,0.13594197901465477,480,0.9908749495105167,0.9918806920009771,0,False,221636,8237.932393268013,59.0,60.0,0.08384911026267529,mse,unseen_seastate
tcn_l400,heave,50,5.0,523680,0.3474513803023797,0.2633143330185904,2.472256983582562,0.9802484647609655,1.3046969314690733,0.2663081148747346,480,0.9792761049289137,0.981145525467039,0,False,221636,8237.932393268013,59.0,60.0,0.08384911026267529,mse,unseen_seastate
tcn_l400,heave,100,10.0,523680,0.9897629562047509,0.7485811272279105,1.4733324604942712,0.5487046317786508,1.3052530857962559,0.7582919871826669,480,0.5208214090509793,0.5786426689531268,0,False,221636,8237.932393268013,59.0,60.0,0.08384911026267529,mse,unseen_seastate
tcn_l400,heave,150,15.0,523680,1.7035638597930358,1.2815988858891434,1.8506807984655285,0.15266762888910967,1.3055953746109255,1.3048176279735269,480,0.10158406404676744,0.19717869018644607,0,False,221636,8237.932393268013,59.0,60.0,0.08384911026267529,mse,unseen_seastate
tcn_l400,roll_rate,10,1.0,523680,0.22327507269037306,0.16780981489441474,1.7504570061805127,0.9837303735290048,3.298699647865669,0.06768578425587699,480,0.9826026944604023,0.9848315279336131,0,False,221636,8237.932393268013,59.0,60.0,0.08384911026267529,mse,unseen_seastate
tcn_l400,roll_rate,20,2.0,523680,0.3617859388166569,0.2705792505085994,3.368316950248868,0.988463409812308,3.2989945899356385,0.10966551443290336,480,0.9878289723310101,0.9890506352953091,0,False,221636,8237.932393268013,59.0,60.0,0.08384911026267529,mse,unseen_seastate
tcn_l400,roll_rate,30,3.0,523680,0.40600052157522915,0.3011487820671229,4.733862565847908,0.9926443358374015,3.2994705657891945,0.12305020259458463,480,0.9922874562338009,0.992974466110174,0,False,221636,8237.932393268013,59.0,60.0,0.08384911026267529,mse,unseen_seastate
tcn_l400,roll_rate,50,5.0,523680,0.6228875211468492,0.45910814439889885,6.355381178262804,0.9903941444004756,3.300289267129817,0.18873725020127088,480,0.9899243936820492,0.9908294646047981,0,False,221636,8237.932393268013,59.0,60.0,0.08384911026267529,mse,unseen_seastate
tcn_l400,roll_rate,100,10.0,523680,1.5678614559153314,1.0900461654246694,3.3423295852098973,0.7799523064524052,3.3024285854413846,0.4747601395007243,480,0.7691979822992518,0.7906728398142518,0,False,221636,8237.932393268013,59.0,60.0,0.08384911026267529,mse,unseen_seastate
tcn_l400,roll_rate,150,15.0,523680,2.436411277307396,1.7232983522237804,4.759767558109136,0.7379828533543342,3.3050619125013023,0.7371756843923981,480,0.7273871238500239,0.7479586493155296,0,False,221636,8237.932393268013,59.0,60.0,0.08384911026267529,mse,unseen_seastate
tcn_l400,pitch_rate,10,1.0,523680,0.2087980156647567,0.15307601222624936,0.9749874851136945,0.9541378245257752,1.2556883011928568,0.16628172410812972,480,0.9481084899540619,0.9585816663587386,0,False,221636,8237.932393268013,59.0,60.0,0.08384911026267529,mse,unseen_seastate
tcn_l400,pitch_rate,20,2.0,523680,0.31034000953576546,0.2271038924401681,1.7512436884441234,0.9685961877583293,1.2557790553604302,0.24712946772845526,480,0.9656850597603626,0.9709037432878717,0,False,221636,8237.932393268013,59.0,60.0,0.08384911026267529,mse,unseen_seastate
tcn_l400,pitch_rate,30,3.0,523680,0.3701786165335149,0.2714834679472779,2.205100698829473,0.9718183898865839,1.255593182987374,0.2948236909448379,480,0.9696518294399902,0.973620756538717,0,False,221636,8237.932393268013,59.0,60.0,0.08384911026267529,mse,unseen_seastate
tcn_l400,pitch_rate,50,5.0,523680,0.788782736378489,0.5587883321681258,2.1766629752889206,0.8686795344492619,1.2554485176421812,0.6282876002433594,480,0.8630624603141694,0.8735778796684178,0,False,221636,8237.932393268013,59.0,60.0,0.08384911026267529,mse,unseen_seastate
tcn_l400,pitch_rate,100,10.0,523680,1.8594315083621362,1.277540329515946,1.6285427339926946,-0.3036531348791953,1.2555608277890915,1.4809569295311613,480,-0.3483171066016104,-0.26534955370696517,0,False,221636,8237.932393268013,59.0,60.0,0.08384911026267529,mse,unseen_seastate
tcn_l400,pitch_rate,150,15.0,523680,1.9551244537169927,1.408952018661068,1.8210095950443475,-0.1527213769048319,1.2558718343800095,1.5567866084696338,480,-0.19743013498723125,-0.11045933898948795,0,False,221636,8237.932393268013,59.0,60.0,0.08384911026267529,mse,unseen_seastate
tcn_l400,heave_rate,10,1.0,523680,0.06188329487268627,0.046007502214554304,0.43962286298741843,0.9801853540183852,0.7338878453162084,0.08432255046549077,480,0.978769005123365,0.9814410404307324,0,False,221636,8237.932393268013,59.0,60.0,0.08384911026267529,mse,unseen_seastate
tcn_l400,heave_rate,20,2.0,523680,0.09849910436935293,0.07292528436020933,0.8313306004110836,0.9859616188460915,0.7339772507555338,0.13419912438425163,480,0.9848700151976816,0.9869580899205846,0,False,221636,8237.932393268013,59.0,60.0,0.08384911026267529,mse,unseen_seastate
tcn_l400,heave_rate,30,3.0,523680,0.13556062722022716,0.1019010787199824,1.1355935167532625,0.9857497878371312,0.7339926584626707,0.18468935030515907,480,0.9848889042595684,0.9865358495837515,0,False,221636,8237.932393268013,59.0,60.0,0.08384911026267529,mse,unseen_seastate
tcn_l400,heave_rate,50,5.0,523680,0.1615989841865702,0.12204962149738481,1.3992727534580534,0.9866625594197763,0.7339870840063342,0.2201659779958412,480,0.9862686384963126,0.9870239555178243,0,False,221636,8237.932393268013,59.0,60.0,0.08384911026267529,mse,unseen_seastate
tcn_l400,heave_rate,100,10.0,523680,0.5838778590200296,0.4248175718752075,0.7686188879893898,0.4229387547643404,0.7341792711661705,0.7952796843373117,480,0.38135259930165577,0.4629779114102032,0,False,221636,8237.932393268013,59.0,60.0,0.08384911026267529,mse,unseen_seastate
tcn_l400,heave_rate,150,15.0,523680,0.9088407619026858,0.6905613362078782,1.1062898407355086,0.32510261438835253,0.7344735022919635,1.2374044251652374,480,0.3049327018640753,0.34371611857455375,0,False,221636,8237.932393268013,59.0,60.0,0.08384911026267529,mse,unseen_seastate
tcn_l400,roll,10,1.0,523680,0.3784690069247877,0.2678388960507451,3.2590780810060274,0.9865143740214528,6.257511233296725,0.06048235357707764,480,0.9854263956489661,0.987501949812766,1,False,221636,8252.811313800019,59.0,60.0,0.08487815449052435,mse,unseen_seastate
tcn_l400,roll,20,2.0,523680,0.4270812390061031,0.31436018501714663,6.285047934493999,0.9953825330098607,6.258161704504171,0.0682438804191846,480,0.9951485044445021,0.9956027146786047,1,False,221636,8252.811313800019,59.0,60.0,0.08487815449052435,mse,unseen_seastate
tcn_l400,roll,30,3.0,523680,0.6142271041910021,0.44124932979661086,8.86407567746202,0.9951983439999483,6.258595534998139,0.0981413642655508,480,0.9949955423102592,0.9954113084155368,1,False,221636,8252.811313800019,59.0,60.0,0.08487815449052435,mse,unseen_seastate
tcn_l400,roll,50,5.0,523680,0.9268172782022217,0.6288739121019501,12.021278605051705,0.9940558889000984,6.259860183654315,0.14805718514645388,480,0.9938112490656921,0.9943180935758349,1,False,221636,8252.811313800019,59.0,60.0,0.08487815449052435,mse,unseen_seastate
tcn_l400,roll,100,10.0,523680,2.064596760070496,1.4775180996035415,6.5684497135890885,0.9012027800587646,6.264046458694406,0.3295947393884453,480,0.8961383977905727,0.9063579718193119,1,False,221636,8252.811313800019,59.0,60.0,0.08487815449052435,mse,unseen_seastate
tcn_l400,roll,150,15.0,523680,3.4867706654787565,2.535553329566868,8.756474704087053,0.8414419951833412,6.268761829209168,0.5562136129071326,480,0.8353948380920541,0.8470143239140607,1,False,221636,8252.811313800019,59.0,60.0,0.08487815449052435,mse,unseen_seastate
tcn_l400,pitch,10,1.0,523680,0.1701421115154494,0.12781858623303707,1.2222269594404127,0.9806215106568233,1.7978631101886102,0.09463574315043381,480,0.9787697850014649,0.9820432352206487,1,False,221636,8252.811313800019,59.0,60.0,0.08487815449052435,mse,unseen_seastate
tcn_l400,pitch,20,2.0,523680,0.3607089354977215,0.2650706586717036,2.2561846271397545,0.974439783380308,1.7976679627472303,0.20065381537226665,480,0.9722622183069225,0.9761909897050545,1,False,221636,8252.811313800019,59.0,60.0,0.08487815449052435,mse,unseen_seastate
tcn_l400,pitch,30,3.0,523680,0.5431036409361287,0.3913902373063233,2.9670563770227734,0.9664946752465802,1.7976874939255332,0.30211237646771216,480,0.9634500113952223,0.9689973663357915,1,False,221636,8252.811313800019,59.0,60.0,0.08487815449052435,mse,unseen_seastate
tcn_l400,pitch,50,5.0,523680,0.9454706400522676,0.642070583883495,3.3004161719770044,0.9179348663169595,1.79747298987243,0.5259999150915583,480,0.9105832087427536,0.9248546100760431,1,False,221636,8252.811313800019,59.0,60.0,0.08487815449052435,mse,unseen_seastate
tcn_l400,pitch,100,10.0,523680,1.9886161427256506,1.4109755856537576,2.1442953332344814,0.1399321371317538,1.7977594151426086,1.106163664601307,480,0.09006787251549969,0.1879597172028638,1,False,221636,8252.811313800019,59.0,60.0,0.08487815449052435,mse,unseen_seastate
tcn_l400,pitch,150,15.0,523680,2.830799735201094,2.02798049603202,2.6217643606966523,-0.16581860426954287,1.798277604223273,1.5741728243475492,480,-0.22836507215193982,-0.11137801422574467,1,False,221636,8252.811313800019,59.0,60.0,0.08487815449052435,mse,unseen_seastate
tcn_l400,heave,10,1.0,523680,0.07049707454086579,0.052761177609033726,0.7225299861141319,0.990480142688976,1.3040230845977787,0.05406121668667419,480,0.9901562478310884,0.9907884959845582,1,False,221636,8252.811313800019,59.0,60.0,0.08487815449052435,mse,unseen_seastate
tcn_l400,heave,20,2.0,523680,0.11525223487762414,0.08308819468488843,1.379212211527561,0.9930170887271839,1.3041370652244855,0.08837432655729739,480,0.9926464710428651,0.9933439034497876,1,False,221636,8252.811313800019,59.0,60.0,0.08487815449052435,mse,unseen_seastate
tcn_l400,heave,30,3.0,523680,0.19381493938453578,0.13894768303106234,1.9132137914090657,0.9897376341328937,1.3043478521287997,0.1485914505614544,480,0.989153555789014,0.9902528732088013,1,False,221636,8252.811313800019,59.0,60.0,0.08487815449052435,mse,unseen_seastate
tcn_l400,heave,50,5.0,523680,0.336471284425145,0.2547839748747089,2.472256983582562,0.9814771083074546,1.3046969314690733,0.2578922938419747,480,0.9806804245919364,0.9821787710929103,1,False,221636,8252.811313800019,59.0,60.0,0.08487815449052435,mse,unseen_seastate
tcn_l400,heave,100,10.0,523680,0.9242205916536916,0.6979469710546243,1.4733324604942712,0.6064954430166327,1.3052530857962559,0.7080776913772862,480,0.5803172205482583,0.633595181532587,1,False,221636,8252.811313800019,59.0,60.0,0.08487815449052435,mse,unseen_seastate
tcn_l400,heave,150,15.0,523680,1.588210937960721,1.2063355800976763,1.8506807984655285,0.26353293930471555,1.3055953746109255,1.2164648932170248,480,0.2227272239135331,0.3002687959738857,1,False,221636,8252.811313800019,59.0,60.0,0.08487815449052435,mse,unseen_seastate
tcn_l400,roll_rate,10,1.0,523680,0.230166078256544,0.16978698526847616,1.7504570061805127,0.9827106072779207,3.298699647865669,0.06977479092571114,480,0.981697544214314,0.9836254783420308,1,False,221636,8252.811313800019,59.0,60.0,0.08487815449052435,mse,unseen_seastate
tcn_l400,roll_rate,20,2.0,523680,0.33838922514523573,0.2424470802962725,3.368316950248868,0.9899073049715853,3.2989945899356385,0.10257344045897253,480,0.989282707757734,0.9904936725109511,1,False,221636,8252.811313800019,59.0,60.0,0.08487815449052435,mse,unseen_seastate
tcn_l400,roll_rate,30,3.0,523680,0.38714233337786325,0.2761029398225534,4.733862565847908,0.9933117879179946,3.2994705657891945,0.11733468314340406,480,0.9929470217273443,0.9936442609826452,1,False,221636,8252.811313800019,59.0,60.0,0.08487815449052435,mse,unseen_seastate
tcn_l400,roll_rate,50,5.0,523680,0.5765096534311962,0.41703567079782694,6.355381178262804,0.9917713240356228,3.300289267129817,0.17468458270404064,480,0.9913905531311235,0.9921379430333102,1,False,221636,8252.811313800019,59.0,60.0,0.08487815449052435,mse,unseen_seastate
tcn_l400,roll_rate,100,10.0,523680,1.5238800692980765,1.062586815152753,3.3423295852098973,0.7921246317481707,3.3024285854413846,0.46144224768887865,480,0.7820359588447441,0.8028853121523529,1,False,221636,8252.811313800019,59.0,60.0,0.08487815449052435,mse,unseen_seastate
tcn_l400,roll_rate,150,15.0,523680,2.4497118815324237,1.7351083579024444,4.759767558109136,0.7351142910236167,3.3050619125013023,0.7411999975753732,480,0.7250598548435472,0.7445685612241529,1,False,221636,8252.811313800019,59.0,60.0,0.08487815449052435,mse,unseen_seastate
tcn_l400,pitch_rate,10,1.0,523680,0.22760354054475002,0.16645665572839,0.9749874851136945,0.9455045874371486,1.2556883011928568,0.18125799239232793,480,0.9402878120025848,0.9495375162850287,1,False,221636,8252.811313800019,59.0,60.0,0.08487815449052435,mse,unseen_seastate
tcn_l400,pitch_rate,20,2.0,523680,0.31530532175806114,0.22881756783806803,1.7512436884441234,0.967583252695859,1.2557790553604302,0.2510834373388741,480,0.9650206918527868,0.9695896744138641,1,False,221636,8252.811313800019,59.0,60.0,0.08487815449052435,mse,unseen_seastate
tcn_l400,pitch_rate,30,3.0,523680,0.41319066670873333,0.2966341454231783,2.205100698829473,0.9648889229266546,1.255593182987374,0.3290800494198671,480,0.962876903020095,0.9667165327662779,1,False,221636,8252.811313800019,59.0,60.0,0.08487815449052435,mse,unseen_seastate
tcn_l400,pitch_rate,50,5.0,523680,0.759089614733879,0.5373331090910852,2.1766629752889206,0.8783803583323996,1.2554485176421812,0.6046361950066272,480,0.8730989426416447,0.8833887640266964,1,False,221636,8252.811313800019,59.0,60.0,0.08487815449052435,mse,unseen_seastate
tcn_l400,pitch_rate,100,10.0,523680,1.752798097992176,1.184084071218369,1.6285427339926946,-0.15841845609257366,1.2555608277890915,1.3960280212617546,480,-0.1977054224982228,-0.12342560168243534,1,False,221636,8252.811313800019,59.0,60.0,0.08487815449052435,mse,unseen_seastate
tcn_l400,pitch_rate,150,15.0,523680,1.8572851636696095,1.3422189467346952,1.8210095950443475,-0.04023799097094227,1.2558718343800095,1.4788811348623816,480,-0.07671642473674697,-0.003751147868326195,1,False,221636,8252.811313800019,59.0,60.0,0.08487815449052435,mse,unseen_seastate
tcn_l400,heave_rate,10,1.0,523680,0.06693154433021568,0.048068899010001345,0.43962286298741843,0.9768206554561993,0.7338878453162084,0.09120132559407229,480,0.9749827661690466,0.9783859626555602,1,False,221636,8252.811313800019,59.0,60.0,0.08487815449052435,mse,unseen_seastate
tcn_l400,heave_rate,20,2.0,523680,0.10463415851375273,0.07590397943325933,0.8313306004110836,0.9841583855785091,0.7339772507555338,0.142557767840959,480,0.9830811507648329,0.9851330959162956,1,False,221636,8252.811313800019,59.0,60.0,0.08487815449052435,mse,unseen_seastate
tcn_l400,heave_rate,30,3.0,523680,0.13156307542129436,0.09823179095903763,1.1355935167532625,0.9865778457602046,0.7339926584626707,0.179243039973792,480,0.9859524750044907,0.9870940159349559,1,False,221636,8252.811313800019,59.0,60.0,0.08487815449052435,mse,unseen_seastate
tcn_l400,heave_rate,50,5.0,523680,0.17025636729435692,0.12489676369187143,1.3992727534580534,0.9851952195891787,0.7339870840063342,0.23196098542367216,480,0.9846655555697048,0.9856987898867466,1,False,221636,8252.811313800019,59.0,60.0,0.08487815449052435,mse,unseen_seastate
tcn_l400,heave_rate,100,10.0,523680,0.5691155621674854,0.4169606624878527,0.7686188879893898,0.4517497763840833,0.7341792711661705,0.7751724742425676,480,0.4162611658469757,0.48674219951605896,1,False,221636,8252.811313800019,59.0,60.0,0.08487815449052435,mse,unseen_seastate
tcn_l400,heave_rate,150,15.0,523680,0.8727685691044403,0.6657258927469762,1.1062898407355086,0.3776132377287508,0.7344735022919635,1.1882914310467563,480,0.36172356829627916,0.3926447701698008,1,False,221636,8252.811313800019,59.0,60.0,0.08487815449052435,mse,unseen_seastate
tcn_l400,roll,10,1.0,523680,0.2987654422488277,0.2226467204353511,3.2590780810060274,0.9915962873729471,6.257511233296725,0.047745090837244125,480,0.990827664457682,0.9922841502398356,2,False,221636,8244.071644854004,59.0,60.0,0.08546784848503908,mse,unseen_seastate
tcn_l400,roll,20,2.0,523680,0.3538217520190528,0.26703503684373886,6.285047934493999,0.996830783788963,6.258161704504171,0.05653764934907284,480,0.996635009871307,0.9970002939439377,2,False,221636,8244.071644854004,59.0,60.0,0.08546784848503908,mse,unseen_seastate
tcn_l400,roll,30,3.0,523680,0.5319818655611022,0.3951923840567262,8.86407567746202,0.9963981406840731,6.258595534998139,0.08500019894020207,480,0.9962119397638327,0.9965738413311054,2,False,221636,8244.071644854004,59.0,60.0,0.08546784848503908,mse,unseen_seastate
tcn_l400,roll,50,5.0,523680,0.845537206685761,0.5968105276755795,12.021278605051705,0.9950527469968635,6.259860183654315,0.13507285815961506,480,0.9947940218493726,0.9952885201695836,2,False,221636,8244.071644854004,59.0,60.0,0.08546784848503908,mse,unseen_seastate
tcn_l400,roll,100,10.0,523680,1.986995784546549,1.4314552525248672,6.5684497135890885,0.9084900890626412,6.264046458694406,0.3172064252155454,480,0.9037608241511058,0.912913430147591,2,False,221636,8244.071644854004,59.0,60.0,0.08546784848503908,mse,unseen_seastate
tcn_l400,roll,150,15.0,523680,3.387012774918255,2.4447979938356936,8.756474704087053,0.8503850214810706,6.268761829209168,0.5403001210121811,480,0.8447222457957639,0.855641640029067,2,False,221636,8244.071644854004,59.0,60.0,0.08546784848503908,mse,unseen_seastate
tcn_l400,pitch,10,1.0,523680,0.18530163280809395,0.13524761486775227,1.2222269594404127,0.9770144566524341,1.7978631101886102,0.10306770952581275,480,0.9750665432487607,0.978560405393131,2,False,221636,8244.071644854004,59.0,60.0,0.08546784848503908,mse,unseen_seastate
tcn_l400,pitch,20,2.0,523680,0.3546761171729685,0.25801911702891855,2.2561846271397545,0.9752876173966988,1.7976679627472303,0.19729790179435902,480,0.9733108854299507,0.9767894541281185,2,False,221636,8244.071644854004,59.0,60.0,0.08546784848503908,mse,unseen_seastate
tcn_l400,pitch,30,3.0,523680,0.5301526755806522,0.38774211080376464,2.9670563770227734,0.9680735729677454,1.7976874939255332,0.29490814024799183,480,0.9653127091538135,0.9701712273329554,2,False,221636,8244.071644854004,59.0,60.0,0.08546784848503908,mse,unseen_seastate
tcn_l400,pitch,50,5.0,523680,1.0461144107787115,0.7011615348785493,3.3004161719770044,0.8995335731512949,1.79747298987243,0.5819917276492461,480,0.891083638244811,0.907723555522017,2,False,221636,8244.071644854004,59.0,60.0,0.08546784848503908,mse,unseen_seastate
tcn_l400,pitch,100,10.0,523680,2.07438309288472,1.4612173571257205,2.1442953332344814,0.0641446501206242,1.7977594151426086,1.153871355317123,480,0.013973061924503153,0.11311788250969151,2,False,221636,8244.071644854004,59.0,60.0,0.08546784848503908,mse,unseen_seastate
tcn_l400,pitch,150,15.0,523680,3.010081817699726,2.128577036932247,2.6217643606966523,-0.3181635240454441,1.798277604223273,1.6738693795832849,480,-0.38396711658623317,-0.25658432053882785,2,False,221636,8244.071644854004,59.0,60.0,0.08546784848503908,mse,unseen_seastate
tcn_l400,heave,10,1.0,523680,0.061866252250089744,0.04612260727879996,0.7225299861141319,0.9926684489213523,1.3040230845977787,0.047442605104780156,480,0.9923407350315403,0.9929769113602813,2,False,221636,8244.071644854004,59.0,60.0,0.08546784848503908,mse,unseen_seastate
tcn_l400,heave,20,2.0,523680,0.11391938894829653,0.08391744532555243,1.379212211527561,0.9931776639763072,1.3041370652244855,0.08735231287110701,480,0.9929015516611768,0.9934464982394321,2,False,221636,8244.071644854004,59.0,60.0,0.08546784848503908,mse,unseen_seastate
tcn_l400,heave,30,3.0,523680,0.1812367896375149,0.13180095801911293,1.9132137914090657,0.9910264204813098,1.3043478521287997,0.13894820261460317,480,0.990621512801724,0.9913993036320644,2,False,221636,8244.071644854004,59.0,60.0,0.08546784848503908,mse,unseen_seastate
tcn_l400,heave,50,5.0,523680,0.33596514748033873,0.2539272454995757,2.472256983582562,0.981532792515776,1.3046969314690733,0.25750435934730526,480,0.9808370214353879,0.9822048979208844,2,False,221636,8244.071644854004,59.0,60.0,0.08546784848503908,mse,unseen_seastate
tcn_l400,heave,100,10.0,523680,0.9666782883283908,0.7317169320422362,1.4733324604942712,0.569510647664794,1.3052530857962559,0.7406060164482805,480,0.542246572665232,0.5972435904470741,2,False,221636,8244.071644854004,59.0,60.0,0.08546784848503908,mse,unseen_seastate
tcn_l400,heave,150,15.0,523680,1.666405894079312,1.2665222078523068,1.8506807984655285,0.18922836192307857,1.3055953746109255,1.2763570754652145,480,0.14722813719717331,0.22644539696748167,2,False,221636,8244.071644854004,59.0,60.0,0.08546784848503908,mse,unseen_seastate
tcn_l400,roll_rate,10,1.0,523680,0.2436087951562769,0.18249252059137455,1.7504570061805127,0.9806320778377303,3.298699647865669,0.07384994730086963,480,0.9790720903449762,0.9820562230949563,2,False,221636,8244.071644854004,59.0,60.0,0.08546784848503908,mse,unseen_seastate
tcn_l400,roll_rate,20,2.0,523680,0.3095496232430453,0.22902180242436507,3.368316950248868,0.991554319307072,3.2989945899356385,0.0938315037519005,480,0.9910154404462106,0.9920376444873986,2,False,221636,8244.071644854004,59.0,60.0,0.08546784848503908,mse,unseen_seastate
tcn_l400,roll_rate,30,3.0,523680,0.33352419329824967,0.2470347062206865,4.733862565847908,0.9950360957664489,3.2994705657891945,0.10108415475998483,480,0.9947699367523484,0.9952771852875104,2,False,221636,8244.071644854004,59.0,60.0,0.08546784848503908,mse,unseen_seastate
tcn_l400,roll_rate,50,5.0,523680,0.5887701039069412,0.4237707800167374,6.355381178262804,0.9914176090801596,3.300289267129817,0.17839954508562836,480,0.9910464481432997,0.9917768068318651,2,False,221636,8244.071644854004,59.0,60.0,0.08546784848503908,mse,unseen_seastate
tcn_l400,roll_rate,100,10.0,523680,1.576885716571654,1.0675789709426782,3.3423295852098973,0.7774119256631766,3.3024285854413846,0.47749275291622884,480,0.7659250742867619,0.7892778446824968,2,False,221636,8244.071644854004,59.0,60.0,0.08546784848503908,mse,unseen_seastate
tcn_l400,roll_rate,150,15.0,523680,2.480217067287852,1.7151542345708473,4.759767558109136,0.7284762054782572,3.3050619125013023,0.7504298354915838,480,0.718067528825085,0.7384983669013012,2,False,221636,8244.071644854004,59.0,60.0,0.08546784848503908,mse,unseen_seastate
tcn_l400,pitch_rate,10,1.0,523680,0.22109994812962838,0.16035809715319368,0.9749874851136945,0.9485744199382712,1.2556883011928568,0.17607868761665751,480,0.9442383169484339,0.9518394843739973,2,False,221636,8244.071644854004,59.0,60.0,0.08546784848503908,mse,unseen_seastate
tcn_l400,pitch_rate,20,2.0,523680,0.3167865036217467,0.23177596505092582,1.7512436884441234,0.9672779747763253,1.2557790553604302,0.2522629297482777,480,0.9647575190403451,0.9691810057206471,2,False,221636,8244.071644854004,59.0,60.0,0.08546784848503908,mse,unseen_seastate
tcn_l400,pitch_rate,30,3.0,523680,0.40298303920906237,0.28263586590278494,2.205100698829473,0.9666022905609659,1.255593182987374,0.32095032425252873,480,0.9647799450795127,0.9683856300642314,2,False,221636,8244.071644854004,59.0,60.0,0.08546784848503908,mse,unseen_seastate
tcn_l400,pitch_rate,50,5.0,523680,0.7300935130912967,0.5130004047037696,2.1766629752889206,0.8874942810258342,1.2554485176421812,0.5815399857753327,480,0.8832082679538525,0.8913928460201446,2,False,221636,8244.071644854004,59.0,60.0,0.08546784848503908,mse,unseen_seastate
tcn_l400,pitch_rate,100,10.0,523680,1.9626960235578181,1.2747024625245806,1.6285427339926946,-0.45247199234591573,1.2555608277890915,1.5632026582208018,480,-0.5101173119042736,-0.3957002450226624,2,False,221636,8244.071644854004,59.0,60.0,0.08546784848503908,mse,unseen_seastate
tcn_l400,pitch_rate,150,15.0,523680,1.9613098802800402,1.3856016569847367,1.8210095950443475,-0.1600266429367161,1.2558718343800095,1.561711813728418,480,-0.2040857240889485,-0.11765287050586982,2,False,221636,8244.071644854004,59.0,60.0,0.08546784848503908,mse,unseen_seastate
tcn_l400,heave_rate,10,1.0,523680,0.0626453977635195,0.04636713199314685,0.43962286298741843,0.9796943076570532,0.7338878453162084,0.08536099645651937,480,0.9783903297333371,0.9809572062515649,2,False,221636,8244.071644854004,59.0,60.0,0.08546784848503908,mse,unseen_seastate
tcn_l400,heave_rate,20,2.0,523680,0.08635296519203549,0.06368818347724739,0.8313306004110836,0.9892103594539362,0.7339772507555338,0.11765073795290847,480,0.9884932594632067,0.9898328999118917,2,False,221636,8244.071644854004,59.0,60.0,0.08546784848503908,mse,unseen_seastate
tcn_l400,heave_rate,30,3.0,523680,0.1226822370540431,0.0918406194959211,1.1355935167532625,0.9883287448285719,0.7339926584626707,0.16714368412212458,480,0.9879267151128874,0.988695766699599,2,False,221636,8244.071644854004,59.0,60.0,0.08546784848503908,mse,unseen_seastate
tcn_l400,heave_rate,50,5.0,523680,0.15861218340464484,0.12046798492159248,1.3992727534580534,0.9871510295087097,0.7339870840063342,0.21609669551525248,480,0.9867596502277354,0.9875488953608075,2,False,221636,8244.071644854004,59.0,60.0,0.08546784848503908,mse,unseen_seastate
tcn_l400,heave_rate,100,10.0,523680,0.6183631326486898,0.4355724302404088,0.7686188879893898,0.3527604128947611,0.7341792711661705,0.8422508737770295,480,0.3004873266296117,0.4054783234958978,2,False,221636,8244.071644854004,59.0,60.0,0.08546784848503908,mse,unseen_seastate
tcn_l400,heave_rate,150,15.0,523680,0.9133017249240789,0.6910711040736431,1.1062898407355086,0.3184610083713111,0.7344735022919635,1.2434781133343442,480,0.3001080804958252,0.33687161970354146,2,False,221636,8244.071644854004,59.0,60.0,0.08546784848503908,mse,unseen_seastate
