model,regime,dof,horizon_samples,horizon_s,n_seeds,deterministic,n_windows,rmse_mean,rmse_std,mae_mean,mae_std,rmse_persistence,skill_mean,skill_std,skill_ci_lo,skill_ci_hi,signal_std,nrmse_mean,nrmse_std,n_params,fit_time_s_mean
dlinear_ols,id,heave,10,1.0,1,True,434304,0.0043726212192825055,,0.002477458250345813,,0.44174333995484594,0.9999020185877205,,0.9998784057742951,0.9999238735414189,0.7591945699315659,0.005759552810917306,,60300,0.17190022199065425
dlinear_ols,id,heave,20,2.0,1,True,434304,0.0430678693825785,,0.02424888479670457,,0.8382135080550518,0.9973600392875007,,0.9967163189466663,0.9979573350382671,0.7592353662201028,0.05672532036671892,,60300,0.17190022199065425
dlinear_ols,id,heave,30,3.0,1,True,434304,0.1531398082947669,,0.08530215820236706,,1.1513183823181896,0.9823076582150417,,0.9779104832834473,0.9863638179614487,0.7592379733777742,0.20170198760404873,,60300,0.17190022199065425
dlinear_ols,id,heave,50,5.0,1,True,434304,0.3264686555728227,,0.17632676441308207,,1.4421558821616272,0.9487541654390362,,0.9354132598579574,0.961127895408575,0.7593097520603712,0.42995451419787084,,60300,0.17190022199065425
dlinear_ols,id,heave,100,10.0,1,True,434304,0.5869675887568989,,0.35785104794868694,,0.8335183990732865,0.5040957158398585,,0.4525406816812122,0.5571366560972446,0.7591324816869609,0.7732083699705835,,60300,0.17190022199065425
dlinear_ols,id,heave,150,15.0,1,True,434304,0.7428417564703946,,0.4712975060023062,,1.106452908012778,0.5492593285082926,,0.4952320756084547,0.5971307077367146,0.758700750262978,0.9790971686965033,,60300,0.17190022199065425
dlinear_ols,id,heave_rate,10,1.0,1,True,434304,0.0022844978338797165,,0.001502452610892147,,0.2852226587419099,0.9999358475194894,,0.9999283157304637,0.9999428281256332,0.4495602477358838,0.005081627758203961,,60300,0.17190022199065425
dlinear_ols,id,heave_rate,20,2.0,1,True,434304,0.02216554474806946,,0.014546758595091048,,0.5351982235990471,0.9982847497483155,,0.9980737882941132,0.998475564277876,0.44960586015695647,0.049299946269231266,,60300,0.17190022199065425
dlinear_ols,id,heave_rate,30,3.0,1,True,434304,0.07710281407030585,,0.050340486579049576,,0.7216245802205107,0.9885838984746265,,0.9871082611249554,0.9899184907766931,0.4496495382799816,0.1714731307525474,,60300,0.17190022199065425
dlinear_ols,id,heave_rate,50,5.0,1,True,434304,0.15625227808015457,,0.10005765233308982,,0.8524864976952896,0.9664047638950836,,0.9614993926026363,0.970790324678067,0.44959255402628673,0.3475419614512095,,60300,0.17190022199065425
dlinear_ols,id,heave_rate,100,10.0,1,True,434304,0.3250321136752849,,0.2188243363746032,,0.47861232963563727,0.5388047991961823,,0.5151194482702891,0.5637441548733226,0.4493860488108614,0.7232803833927767,,60300,0.17190022199065425
dlinear_ols,id,heave_rate,150,15.0,1,True,434304,0.4309065652768249,,0.28994888390136453,,0.6814233587032514,0.6001176934478063,,0.5764577116519217,0.6223453402017108,0.44913945544323325,0.959404835301287,,60300,0.17190022199065425
dlinear_ols,id,pitch,10,1.0,1,True,434304,0.009441741200490959,,0.005460755757753631,,0.8963189522817477,0.9998890367865136,,0.9998747457715482,0.9999029529188432,1.2413165389175655,0.007606231693911213,,60300,0.17190022199065425
dlinear_ols,id,pitch,20,2.0,1,True,434304,0.08599676800576458,,0.05078089228430567,,1.6396866224861668,0.997249304276622,,0.9969131889132858,0.9975652502522631,1.2413790185919036,0.0692751905081421,,60300,0.17190022199065425
dlinear_ols,id,pitch,30,3.0,1,True,434304,0.27618326232848756,,0.166575745623854,,2.1223575061775537,0.9830660751812946,,0.9812623243536546,0.9848125218726488,1.2413993725281671,0.22247736581824396,,60300,0.17190022199065425
dlinear_ols,id,pitch,50,5.0,1,True,434304,0.4775415934190685,,0.2943235656667669,,2.2343246831224586,0.9543196059266156,,0.9495111068492822,0.9587995602976086,1.2415168463730468,0.38464366779569126,,60300,0.17190022199065425
dlinear_ols,id,pitch,100,10.0,1,True,434304,1.0244467029139281,,0.6448375785723881,,1.5591545468409598,0.5682817509441911,,0.5560555052005054,0.5817774897543337,1.2411836658196425,0.8253788146957386,,60300,0.17190022199065425
dlinear_ols,id,pitch,150,15.0,1,True,434304,1.2375828445708743,,0.7760716962751867,,1.785131912400982,0.5193732556327721,,0.4950788213998468,0.542864757192327,1.2405036351372414,0.9976454800424314,,60300,0.17190022199065425
dlinear_ols,id,pitch_rate,10,1.0,1,True,434304,0.014302818419473671,,0.006538524111927129,,0.7528444431836472,0.999639061880037,,0.9995574613663882,0.9997160291409996,0.9236173504276821,0.015485653677738659,,60300,0.17190022199065425
dlinear_ols,id,pitch_rate,20,2.0,1,True,434304,0.11847908084307959,,0.05733011261381203,,1.3414123591158549,0.9921988478947477,,0.9905141054984254,0.9937181672322298,0.9237371608217294,0.12826059821787844,,60300,0.17190022199065425
dlinear_ols,id,pitch_rate,30,3.0,1,True,434304,0.3368218628350029,,0.17454147302490608,,1.664055642972382,0.9590301042873391,,0.9512140071110307,0.966218637959496,0.9238676654473805,0.3645780401589202,,60300,0.17190022199065425
dlinear_ols,id,pitch_rate,50,5.0,1,True,434304,0.44631967405000833,,0.2624787596465852,,1.549273352583568,0.9170080516686814,,0.9055609837359626,0.9265294119267673,0.923797316378609,0.4831359283437112,,60300,0.17190022199065425
dlinear_ols,id,pitch_rate,100,10.0,1,True,434304,0.8767138896521526,,0.5390051969441836,,1.2730898977022085,0.5257606023856647,,0.5118090894027104,0.5397900203181263,0.9237004804982916,0.9491322221454384,,60300,0.17190022199065425
dlinear_ols,id,pitch_rate,150,15.0,1,True,434304,0.9472319874357643,,0.5932378062953457,,1.3079980284130317,0.47555671115548726,,0.4573761955525223,0.49243478898661724,0.9234069683655249,1.0258012121268814,,60300,0.17190022199065425
dlinear_ols,id,roll,10,1.0,1,True,434304,0.011612490786877322,,0.006148928924167347,,1.9446628367671026,0.9999643415767644,,0.9999612414035927,0.9999673065489365,3.682816873957597,0.0031531545510701453,,60300,0.17190022199065425
dlinear_ols,id,roll,20,2.0,1,True,434304,0.11403536089294834,,0.060206690975641845,,3.7444545258092843,0.9990725255356578,,0.9989913789000092,0.9991498316214701,3.683691963859013,0.030956812353410138,,60300,0.17190022199065425
dlinear_ols,id,roll,30,3.0,1,True,434304,0.4035312882657243,,0.21201806380499327,,5.26736094690192,0.9941309437916467,,0.9936123523925189,0.9946249294848097,3.6845301229084004,0.10952042046197062,,60300,0.17190022199065425
dlinear_ols,id,roll,50,5.0,1,True,434304,0.8435908865562778,,0.43900712814893567,,7.0875605548865055,0.9858332511814922,,0.9845674912314156,0.9869942042087069,3.685983647312865,0.22886452227515108,,60300,0.17190022199065425
dlinear_ols,id,roll,100,10.0,1,True,434304,1.7432966884707173,,0.9427992690444561,,3.793711335438843,0.7888388366839049,,0.7780553738988575,0.7982111056412077,3.6900743810329235,0.4724286039954389,,60300,0.17190022199065425
dlinear_ols,id,roll,150,15.0,1,True,434304,2.5008285125016565,,1.3535744835332089,,5.251935256462554,0.7732595015295645,,0.7625866547038612,0.7830182416078059,3.6937274583324062,0.6770473838994868,,60300,0.17190022199065425
dlinear_ols,id,roll_rate,10,1.0,1,True,434304,0.006217653139419188,,0.0036380845742310414,,1.067513758350997,0.9999660760808676,,0.9999642758791264,0.9999677361253495,1.9695482829582032,0.003156892975520487,,60300,0.17190022199065425
dlinear_ols,id,roll_rate,20,2.0,1,True,434304,0.06073019983009185,,0.03530004582542628,,2.0483978110523133,0.999121016314903,,0.9990751660532239,0.9991626350385787,1.9698951249631573,0.03082915382676917,,60300,0.17190022199065425
dlinear_ols,id,roll_rate,30,3.0,1,True,434304,0.21326676039621406,,0.12277094842053858,,2.8659956780901075,0.9944627353414739,,0.9941724315363799,0.9947267627766099,1.9702531268505945,0.10824333050906824,,60300,0.17190022199065425
dlinear_ols,id,roll_rate,50,5.0,1,True,434304,0.43916163645277306,,0.2474837549699876,,3.798345550151574,0.9866322028669644,,0.9859284585336693,0.9872778738185195,1.9711142946671736,0.22279866654151903,,60300,0.17190022199065425
dlinear_ols,id,roll_rate,100,10.0,1,True,434304,0.9447282427654228,,0.544310210518243,,1.958738621708589,0.7673726227207802,,0.7536825961814945,0.7788121864280513,1.972726817260997,0.4788946115089146,,60300,0.17190022199065425
dlinear_ols,id,roll_rate,150,15.0,1,True,434304,1.3644184831222161,,0.7753122072254632,,2.8980935747304644,0.7783486504686032,,0.7701000343137739,0.785476613121902,1.9741281062750022,0.6911499202028728,,60300,0.17190022199065425
persistence,id,heave,10,1.0,1,True,434304,0.44174333995484594,,0.2931133682116353,,0.44174333995484594,0.0,,0.0,0.0,0.7591945699315659,0.5818578760312588,,0,0.0
persistence,id,heave,20,2.0,1,True,434304,0.8382135080550518,,0.5538148385082536,,0.8382135080550518,0.0,,0.0,0.0,0.7592353662201028,1.1040232651807913,,0,0.0
persistence,id,heave,30,3.0,1,True,434304,1.1513183823181896,,0.7547539654835521,,1.1513183823181896,0.0,,0.0,0.0,0.7592379733777742,1.5164130650579668,,0,0.0
persistence,id,heave,50,5.0,1,True,434304,1.4421558821616272,,0.9156766417437181,,1.4421558821616272,0.0,,0.0,0.0,0.7593097520603712,1.8992985119029056,,0,0.0
persistence,id,heave,100,10.0,1,True,434304,0.8335183990732865,,0.5179159766894691,,0.8335183990732865,0.0,,0.0,0.0,0.7591324816869609,1.0979880576589525,,0,0.0
persistence,id,heave,150,15.0,1,True,434304,1.106452908012778,,0.6986179909274478,,1.106452908012778,0.0,,0.0,0.0,0.758700750262978,1.4583521996376878,,0,0.0
persistence,id,heave_rate,10,1.0,1,True,434304,0.2852226587419099,,0.1935238417756118,,0.2852226587419099,0.0,,0.0,0.0,0.4495602477358838,0.6344481305417331,,0,0.0
persistence,id,heave_rate,20,2.0,1,True,434304,0.5351982235990471,,0.3622164878114699,,0.5351982235990471,0.0,,0.0,0.0,0.44960586015695647,1.1903719925096405,,0,0.0
persistence,id,heave_rate,30,3.0,1,True,434304,0.7216245802205107,,0.4858565259598095,,0.7216245802205107,0.0,,0.0,0.0,0.4496495382799816,1.6048600494084782,,0,0.0
persistence,id,heave_rate,50,5.0,1,True,434304,0.8524864976952896,,0.5593961275241245,,0.8524864976952896,0.0,,0.0,0.0,0.44959255402628673,1.8961312638764176,,0,0.0
persistence,id,heave_rate,100,10.0,1,True,434304,0.47861232963563727,,0.3219983419341148,,0.47861232963563727,0.0,,0.0,0.0,0.4493860488108614,1.0650360217058645,,0,0.0
persistence,id,heave_rate,150,15.0,1,True,434304,0.6814233587032514,,0.43911069937871144,,0.6814233587032514,0.0,,0.0,0.0,0.44913945544323325,1.5171754572993121,,0,0.0
persistence,id,pitch,10,1.0,1,True,434304,0.8963189522817477,,0.566439951063036,,0.8963189522817477,0.0,,0.0,0.0,1.2413165389175655,0.7220712237213422,,0,0.0
persistence,id,pitch,20,2.0,1,True,434304,1.6396866224861668,,1.0364395185752229,,1.6396866224861668,0.0,,0.0,0.0,1.2413790185919036,1.3208589785463456,,0,0.0
persistence,id,pitch,30,3.0,1,True,434304,2.1223575061775537,,1.3392454379687988,,2.1223575061775537,0.0,,0.0,0.0,1.2413993725281671,1.7096492499873548,,0,0.0
persistence,id,pitch,50,5.0,1,True,434304,2.2343246831224586,,1.3769632072350333,,2.2343246831224586,0.0,,0.0,0.0,1.2415168463730468,1.7996732703626126,,0,0.0
persistence,id,pitch,100,10.0,1,True,434304,1.5591545468409598,,0.983825040124923,,1.5591545468409598,0.0,,0.0,0.0,1.2411836658196425,1.2561835848938105,,0,0.0
persistence,id,pitch,150,15.0,1,True,434304,1.785131912400982,,1.101074990896007,,1.785131912400982,0.0,,0.0,0.0,1.2405036351372414,1.439038034099341,,0,0.0
persistence,id,pitch_rate,10,1.0,1,True,434304,0.7528444431836472,,0.4665377047658137,,0.7528444431836472,0.0,,0.0,0.0,0.9236173504276821,0.8151042667561861,,0,0.0
persistence,id,pitch_rate,20,2.0,1,True,434304,1.3414123591158549,,0.83571542601617,,1.3414123591158549,0.0,,0.0,0.0,0.9237371608217294,1.4521580553526436,,0,0.0
persistence,id,pitch_rate,30,3.0,1,True,434304,1.664055642972382,,1.0431682570513632,,1.664055642972382,0.0,,0.0,0.0,0.9238676654473805,1.8011839846852606,,0,0.0
persistence,id,pitch_rate,50,5.0,1,True,434304,1.549273352583568,,0.9688414922649353,,1.549273352583568,0.0,,0.0,0.0,0.923797316378609,1.6770706356421305,,0,0.0
persistence,id,pitch_rate,100,10.0,1,True,434304,1.2730898977022085,,0.7930807929520691,,1.2730898977022085,0.0,,0.0,0.0,0.9237004804982916,1.3782496865384744,,0,0.0
persistence,id,pitch_rate,150,15.0,1,True,434304,1.3079980284130317,,0.8172558156953612,,1.3079980284130317,0.0,,0.0,0.0,0.9234069683655249,1.4164913989421712,,0,0.0
persistence,id,roll,10,1.0,1,True,434304,1.9446628367671026,,1.0377724380721711,,1.9446628367671026,0.0,,0.0,0.0,3.682816873957597,0.5280367999067371,,0,0.0
persistence,id,roll,20,2.0,1,True,434304,3.7444545258092843,,1.9893467593938703,,3.7444545258092843,0.0,,0.0,0.0,3.683691963859013,1.0164950171041491,,0,0.0
persistence,id,roll,30,3.0,1,True,434304,5.26736094690192,,2.7778542667166164,,5.26736094690192,0.0,,0.0,0.0,3.6845301229084004,1.4295882436005447,,0,0.0
persistence,id,roll,50,5.0,1,True,434304,7.0875605548865055,,3.6512930748556176,,7.0875605548865055,0.0,,0.0,0.0,3.685983647312865,1.922841019670133,,0,0.0
persistence,id,roll,100,10.0,1,True,434304,3.793711335438843,,1.8813973293221398,,3.793711335438843,0.0,,0.0,0.0,3.6900743810329235,1.0280853293740138,,0,0.0
persistence,id,roll,150,15.0,1,True,434304,5.251935256462554,,2.7772202327352713,,5.251935256462554,0.0,,0.0,0.0,3.6937274583324062,1.4218524013229785,,0,0.0
persistence,id,roll_rate,10,1.0,1,True,434304,1.067513758350997,,0.5965094051660409,,1.067513758350997,0.0,,0.0,0.0,1.9695482829582032,0.5420094381985006,,0,0.0
persistence,id,roll_rate,20,2.0,1,True,434304,2.0483978110523133,,1.1374346249478606,,2.0483978110523133,0.0,,0.0,0.0,1.9698951249631573,1.039851200753961,,0,0.0
persistence,id,roll_rate,30,3.0,1,True,434304,2.8659956780901075,,1.5750691036384887,,2.8659956780901075,0.0,,0.0,0.0,1.9702531268505945,1.4546332341932822,,0,0.0
persistence,id,roll_rate,50,5.0,1,True,434304,3.798345550151574,,2.0214561569579743,,3.798345550151574,0.0,,0.0,0.0,1.9711142946671736,1.927004213011875,,0,0.0
persistence,id,roll_rate,100,10.0,1,True,434304,1.958738621708589,,1.0298134587004224,,1.958738621708589,0.0,,0.0,0.0,1.972726817260997,0.9929092079906787,,0,0.0
persistence,id,roll_rate,150,15.0,1,True,434304,2.8980935747304644,,1.5736128369706501,,2.8980935747304644,0.0,,0.0,0.0,1.9741281062750022,1.4680372390821688,,0,0.0
residual_interval,id,heave,10,1.0,1,True,434304,0.004372670685757535,,0.0024775533150125702,,0.44174333995484594,0.9999020163708249,,0.999878403343641,0.9999238710237196,0.7591945699315659,0.005759617967435792,,68400,3.3968471989792306
residual_interval,id,heave,20,2.0,1,True,434304,0.04306847121164334,,0.02425028862116099,,0.8382135080550518,0.9973599655055277,,0.9967162305146944,0.9979572644517797,0.7592353662201028,0.05672611304457828,,68400,3.3968471989792306
residual_interval,id,heave,30,3.0,1,True,434304,0.1531410437790589,,0.08530496430844509,,1.1513183823181896,0.9823073727412804,,0.9779101370823658,0.9863635495235892,0.7592379733777742,0.20170361487288319,,68400,3.3968471989792306
residual_interval,id,heave,50,5.0,1,True,434304,0.3264690081623055,,0.17632760038349266,,1.4421558821616272,0.9487540547469269,,0.9354131953768818,0.9611277745786821,0.7593097520603712,0.4299549785531381,,68400,3.3968471989792306
residual_interval,id,heave,100,10.0,1,True,434304,0.5869755750397652,,0.3578710927412819,,0.8335183990732865,0.5040822211975424,,0.4525264601166297,0.5571252620637903,0.7591324816869609,0.7732188902461071,,68400,3.3968471989792306
residual_interval,id,heave,150,15.0,1,True,434304,0.7428423029926107,,0.4712991497082886,,1.106452908012778,0.5492586652717981,,0.49523136066795,0.5971297717592606,0.758700750262978,0.9790978890361312,,68400,3.3968471989792306
residual_interval,id,heave_rate,10,1.0,1,True,434304,0.002284499800589015,,0.001502453853135288,,0.2852226587419099,0.9999358474090324,,0.9999283156400198,0.9999428280221702,0.4495602477358838,0.005081632132944183,,68400,3.3968471989792306
residual_interval,id,heave_rate,20,2.0,1,True,434304,0.02216557002222962,,0.014546796440402479,,0.5351982235990471,0.9982847458367008,,0.9980737848512616,0.9984755604904121,0.44960586015695647,0.0493000024832676,,68400,3.3968471989792306
residual_interval,id,heave_rate,30,3.0,1,True,434304,0.07710281431525089,,0.05034048608874513,,0.7216245802205107,0.9885838984020917,,0.9871082610406006,0.9899184906364952,0.4496495382799816,0.17147313129729394,,68400,3.3968471989792306
residual_interval,id,heave_rate,50,5.0,1,True,434304,0.15625235876690874,,0.10005776055618668,,0.8524864976952896,0.9664047291987413,,0.9614994070755741,0.9707902859844302,0.44959255402628673,0.3475421409176029,,68400,3.3968471989792306
residual_interval,id,heave_rate,100,10.0,1,True,434304,0.32503211977173807,,0.21882424828263158,,0.47861232963563727,0.5388047818953996,,0.515119255668332,0.5637441544034778,0.4493860488108614,0.7232803969589592,,68400,3.3968471989792306
residual_interval,id,heave_rate,150,15.0,1,True,434304,0.430908041513919,,0.2899519910845759,,0.6814233587032514,0.6001149535401189,,0.5764562626720994,0.6223425077691016,0.44913945544323325,0.9594081221136037,,68400,3.3968471989792306
residual_interval,id,pitch,10,1.0,1,True,434304,0.009441746821845764,,0.0054608039308187304,,0.8963189522817477,0.9998890366543847,,0.9998747455604815,0.9999029527898068,1.2413165389175655,0.0076062362224537956,,68400,3.3968471989792306
residual_interval,id,pitch,20,2.0,1,True,434304,0.08599679815828229,,0.050781068990927124,,1.6396866224861668,0.9972493023477026,,0.9969131859553244,0.9975652486278243,1.2413790185919036,0.06927521479767595,,68400,3.3968471989792306
residual_interval,id,pitch,30,3.0,1,True,434304,0.2761832948394931,,0.16657604970638504,,2.1223575061775537,0.983066071194529,,0.9812623200255071,0.984812522354761,1.2413993725281671,0.22247739200724187,,68400,3.3968471989792306
residual_interval,id,pitch,50,5.0,1,True,434304,0.4775415970456543,,0.29432358064914216,,2.2343246831224586,0.9543196052327959,,0.9495111059398975,0.9587995594593267,1.2415168463730468,0.38464367071678396,,68400,3.3968471989792306
residual_interval,id,pitch,100,10.0,1,True,434304,1.0244489462151805,,0.644847348686306,,1.5591545468409598,0.5682798602159642,,0.5560532347018792,0.581775026063575,1.2411836658196425,0.8253806220843741,,68400,3.3968471989792306
residual_interval,id,pitch,150,15.0,1,True,434304,1.2375895880778234,,0.7761043554377272,,1.785131912400982,0.5193680178119101,,0.4950727913692401,0.5428599446572754,1.2405036351372414,0.9976509161465733,,68400,3.3968471989792306
residual_interval,id,pitch_rate,10,1.0,1,True,434304,0.014302818422794912,,0.006538525211750636,,0.7528444431836472,0.9996390618798695,,0.9995574613661706,0.9997160291432843,0.9236173504276821,0.015485653681334564,,68400,3.3968471989792306
residual_interval,id,pitch_rate,20,2.0,1,True,434304,0.1184790846921208,,0.05733016374233914,,1.3414123591158549,0.9921988473878741,,0.9905141048474522,0.9937181668916667,0.9237371608217294,0.12826060238469272,,68400,3.3968471989792306
residual_interval,id,pitch_rate,30,3.0,1,True,434304,0.3368218628905937,,0.17454147441158577,,1.664055642972382,0.9590301042738154,,0.9512140072261193,0.9662186381300027,0.9238676654473805,0.36457804021909196,,68400,3.3968471989792306
residual_interval,id,pitch_rate,50,5.0,1,True,434304,0.4463203709754159,,0.26248212789174213,,1.549273352583568,0.9170077924856521,,0.9055607084747741,0.9265291249497082,0.923797316378609,0.4831366827574719,,68400,3.3968471989792306
residual_interval,id,pitch_rate,100,10.0,1,True,434304,0.8767139182645581,,0.5390050195652789,,1.2730898977022085,0.5257605714311417,,0.5118090664164802,0.5397899538640547,0.9237004804982916,0.9491322531212861,,68400,3.3968471989792306
residual_interval,id,pitch_rate,150,15.0,1,True,434304,0.9472321330110706,,0.5932396531114292,,1.3079980284130317,0.4755565499573874,,0.45737600102884146,0.4924346081167509,0.9234069683655249,1.0258013697770956,,68400,3.3968471989792306
residual_interval,id,roll,10,1.0,1,True,434304,0.011612491282796256,,0.006148933795565196,,1.9446628367671026,0.9999643415737188,,0.9999612413938267,0.9999673065510744,3.682816873957597,0.003153154685727651,,68400,3.3968471989792306
residual_interval,id,roll,20,2.0,1,True,434304,0.11403536092281158,,0.060206688984967276,,3.7444545258092843,0.9990725255351721,,0.9989913789272524,0.9991498316189603,3.683691963859013,0.030956812361517014,,68400,3.3968471989792306
residual_interval,id,roll,30,3.0,1,True,434304,0.40353130706749224,,0.21201837869403412,,5.26736094690192,0.9941309432447317,,0.9936123504428659,0.994624926910842,3.6845301229084004,0.10952042556486496,,68400,3.3968471989792306
residual_interval,id,roll,50,5.0,1,True,434304,0.8435909278640075,,0.4390078755735157,,7.0875605548865055,0.9858332497940987,,0.9845674879071488,0.9869942058117965,3.685983647312865,0.22886453348185562,,68400,3.3968471989792306
residual_interval,id,roll,100,10.0,1,True,434304,1.7432970016788232,,0.9428054605431981,,3.793711335438843,0.7888387608076706,,0.7780552327537473,0.7982110290160068,3.6900743810329235,0.47242868887397343,,68400,3.3968471989792306
residual_interval,id,roll,150,15.0,1,True,434304,2.5008286106071203,,1.3535765500562202,,5.251935256462554,0.7732594837398743,,0.7625866261404467,0.7830182217178537,3.6937274583324062,0.6770474104595038,,68400,3.3968471989792306
residual_interval,id,roll_rate,10,1.0,1,True,434304,0.006217655744917072,,0.0036380982302465594,,1.067513758350997,0.999966076052436,,0.999964275815251,0.9999677360801621,1.9695482829582032,0.003156894298411582,,68400,3.3968471989792306
residual_interval,id,roll_rate,20,2.0,1,True,434304,0.060730219720974,,0.03530011736893759,,2.0483978110523133,0.9991210157391183,,0.9990751649782108,0.9991626344718392,1.9698951249631573,0.03082916392420121,,68400,3.3968471989792306
residual_interval,id,roll_rate,30,3.0,1,True,434304,0.21326680503287895,,0.12277103380150227,,2.8659956780901075,0.9944627330235782,,0.9941724284719432,0.9947267582372572,1.9702531268505945,0.10824335316436277,,68400,3.3968471989792306
residual_interval,id,roll_rate,50,5.0,1,True,434304,0.43916181597311355,,0.24748596051727154,,3.798345550151574,0.9866321919379952,,0.9859284404901053,0.9872778527856153,1.9711142946671736,0.22279875761708018,,68400,3.3968471989792306
residual_interval,id,roll_rate,100,10.0,1,True,434304,0.9447284898068398,,0.5443148060334225,,1.958738621708589,0.7673725010591175,,0.7536828750159353,0.7788116704890724,1.972726817260997,0.4788947367373116,,68400,3.3968471989792306
residual_interval,id,roll_rate,150,15.0,1,True,434304,1.364419043791705,,0.7753169836966008,,2.8980935747304644,0.7783484683057611,,0.7700997335044165,0.7854762808101793,1.9741281062750022,0.6911502042115382,,68400,3.3968471989792306
window_mean,id,heave,10,1.0,1,True,434304,0.8067379415576311,,0.512412559790591,,0.44174333995484594,-2.33522351662287,,-2.458178978627327,-2.204644097227873,0.7591945699315659,1.0626234347676522,,0,0.0
window_mean,id,heave,20,2.0,1,True,434304,0.8300759861119058,,0.5267840285938438,,0.8382135080550518,0.01932209784014849,,-0.015623054271377586,0.05659256405096782,0.7592353662201028,1.0933052160682228,,0,0.0
window_mean,id,heave,30,3.0,1,True,434304,0.8344950691168578,,0.5285658454418716,,1.1513183823181896,0.47464040061923085,,0.45702513024982394,0.4929106658384445,0.7592379733777742,1.0991218805933431,,0,0.0
window_mean,id,heave,50,5.0,1,True,434304,0.7927022123024386,,0.5006232730354992,,1.4421558821616272,0.6978686931954982,,0.6915978254772672,0.70437302453727,0.7593097520603712,1.0439773888738524,,0,0.0
window_mean,id,heave,100,10.0,1,True,434304,0.7312591334768717,,0.47197026081317234,,0.8335183990732865,0.23031641368746636,,0.16251744340234864,0.2856873079400718,0.7591324816869609,0.963282629998721,,0,0.0
window_mean,id,heave,150,15.0,1,True,434304,0.7896312294003149,,0.49963608325763376,,1.106452908012778,0.4906893436825678,,0.46184217114088794,0.5184511643874847,0.758700750262978,1.040767692830956,,0,0.0
window_mean,id,heave_rate,10,1.0,1,True,434304,0.47489582651676115,,0.3145375869066748,,0.2852226587419099,-1.7722261641405654,,-1.8750789050658903,-1.6630914576581906,0.4495602477358838,1.0563563591498017,,0,0.0
window_mean,id,heave_rate,20,2.0,1,True,434304,0.4868122053418252,,0.3225558870682488,,0.5351982235990471,0.17264177238064837,,0.14465213164521865,0.2029074632944761,0.44960586015695647,1.0827532478599813,,0,0.0
window_mean,id,heave_rate,30,3.0,1,True,434304,0.4869310792955682,,0.3223486892840842,,0.7216245802205107,0.5446845844030395,,0.5312534564527297,0.5583747236797285,0.4496495382799816,1.0829124414498401,,0,0.0
window_mean,id,heave_rate,50,5.0,1,True,434304,0.4588787413281471,,0.3034917192010369,,0.8524864976952896,0.7102517252385939,,0.706291591768079,0.714111891109605,0.44959255402628673,1.02065467325626,,0,0.0
window_mean,id,heave_rate,100,10.0,1,True,434304,0.4424093703898694,,0.2952808521335525,,0.47861232963563727,0.14556138168491783,,0.091286914879887,0.198118531571665,0.4493860488108614,0.9844750889809479,,0,0.0
window_mean,id,heave_rate,150,15.0,1,True,434304,0.4615699092579569,,0.3049234760361569,,0.6814233587032514,0.5411814761079022,,0.5215455972803856,0.5586708180420095,0.44913945544323325,1.0276761564010373,,0,0.0
window_mean,id,pitch,10,1.0,1,True,434304,1.3063155448695067,,0.8209531764064455,,0.8963189522817477,-1.1240807878543508,,-1.2187911642767641,-1.0343876270738737,1.2413165389175655,1.0523629581288112,,0,0.0
window_mean,id,pitch,20,2.0,1,True,434304,1.3348954536647948,,0.838332894319717,,1.6396866224861668,0.33721480160150297,,0.31031983292936105,0.36267034019785777,1.2413790185919036,1.0753327015136496,,0,0.0
window_mean,id,pitch,30,3.0,1,True,434304,1.3257841358739548,,0.8311854037390853,,2.1223575061775537,0.6097808731771663,,0.596937666725327,0.6223769185466039,1.2413993725281671,1.0679755163513045,,0,0.0
window_mean,id,pitch,50,5.0,1,True,434304,1.243757032777806,,0.7791457294531832,,2.2343246831224586,0.690130713374352,,0.6843662784341507,0.6951364523020974,1.2415168463730468,1.0018043946896924,,0,0.0
window_mean,id,pitch,100,10.0,1,True,434304,1.2418269235570727,,0.7806006988532016,,1.5591545468409598,0.36562828355867194,,0.33535308557828625,0.39708504225794966,1.2411836658196425,1.0005182615233705,,0,0.0
window_mean,id,pitch,150,15.0,1,True,434304,1.2592484253572214,,0.7917052680175864,,1.785131912400982,0.5023978991733826,,0.48296941043722696,0.5199959943509117,1.2405036351372414,1.0151106290131156,,0,0.0
window_mean,id,pitch_rate,10,1.0,1,True,434304,0.9671167338004204,,0.6120518724358986,,0.7528444431836472,-0.6502407129142918,,-0.7131157552421232,-0.590609826979125,0.9236173504276821,1.0470967585792925,,0,0.0
window_mean,id,pitch_rate,20,2.0,1,True,434304,0.9828175607561425,,0.6223306056584392,,1.3414123591158549,0.46318924454691235,,0.44596268983535325,0.4787804981069199,0.9237371608217294,1.0639580201383876,,0,0.0
window_mean,id,pitch_rate,30,3.0,1,True,434304,0.9680853518457382,,0.6130544939063394,,1.664055642972382,0.6615522671408269,,0.6544640787132664,0.6682856517320508,0.9238676654473805,1.0478614936447044,,0,0.0
window_mean,id,pitch_rate,50,5.0,1,True,434304,0.9081813983371277,,0.5749807502762615,,1.549273352583568,0.656371558512514,,0.6461940419578381,0.6648677724595233,0.923797316378609,0.9830959478181888,,0,0.0
window_mean,id,pitch_rate,100,10.0,1,True,434304,0.9346575595244545,,0.5885749512384881,,1.2730898977022085,0.4610023124102339,,0.4392257323975654,0.4826954357150151,0.9237004804982916,1.0118621558151102,,0,0.0
window_mean,id,pitch_rate,150,15.0,1,True,434304,0.9288778251007184,,0.5885323138500119,,1.3079980284130317,0.49568369253211775,,0.48280416308048874,0.5089226656928855,0.9234069683655249,1.0059246431125348,,0,0.0
window_mean,id,roll,10,1.0,1,True,434304,4.11515587874688,,2.0999541336155327,,1.9446628367671026,-3.4779985814083254,,-3.539042916679915,-3.4078745606715426,3.682816873957597,1.117393565736731,,0,0.0
window_mean,id,roll,20,2.0,1,True,434304,4.20803454325376,,2.144202126348152,,3.7444545258092843,-0.26293637240687096,,-0.280918873495137,-0.24246984159794358,3.683691963859013,1.142341592222996,,0,0.0
window_mean,id,roll,30,3.0,1,True,434304,4.180459120687446,,2.128860804124394,,5.26736094690192,0.37011422155864127,,0.36137505034515,0.3796199302865947,3.6845301229084004,1.1345976233701087,,0,0.0
window_mean,id,roll,50,5.0,1,True,434304,3.8177565785068985,,1.9503654047389596,,7.0875605548865055,0.7098497805055688,,0.7068127035471251,0.7130312091701784,3.685983647312865,1.0357497329892111,,0,0.0
window_mean,id,roll,100,10.0,1,True,434304,3.4256013416411144,,1.7894984811136367,,3.793711335438843,0.18464812238473027,,0.1486312707503062,0.21822543792521265,3.6900743810329235,0.9283285343105258,,0,0.0
window_mean,id,roll,150,15.0,1,True,434304,4.108069822062995,,2.0842206077805234,,5.251935256462554,0.3881613535715862,,0.3667396065883165,0.40849184809737843,3.6937274583324062,1.11217459014089,,0,0.0
window_mean,id,roll_rate,10,1.0,1,True,434304,2.1917490514812266,,1.158797574917205,,1.067513758350997,-3.2153602172295495,,-3.2957465188659216,-3.125100591679301,1.9695482829582032,1.1128181372579933,,0,0.0
window_mean,id,roll_rate,20,2.0,1,True,434304,2.2360599822805876,,1.1811533032589767,,2.0483978110523133,-0.19162139589236005,,-0.2139462441894909,-0.16725710089271853,1.9698951249631573,1.1351162576852452,,0,0.0
window_mean,id,roll_rate,30,3.0,1,True,434304,2.2172531569458296,,1.170866590925952,,2.8659956780901075,0.4014788502334642,,0.39145949510567624,0.4121335645055581,1.9702531268505945,1.1253646177382595,,0,0.0
window_mean,id,roll_rate,50,5.0,1,True,434304,2.023005276687659,,1.0731245463194665,,3.798345550151574,0.7163354349090508,,0.7137183161814064,0.7189212308246694,1.9711142946671736,1.0263257093517488,,0,0.0
window_mean,id,roll_rate,100,10.0,1,True,434304,1.8543065477163936,,1.005137748272637,,1.958738621708589,0.103789370927999,,0.06392221718175421,0.1414040727181663,1.972726817260997,0.9399712780763926,,0,0.0
window_mean,id,roll_rate,150,15.0,1,True,434304,2.177101318188682,,1.1441669646696426,,2.8980935747304644,0.43567086369580277,,0.41609272419244514,0.45428032806761287,1.9741281062750022,1.1028166365032266,,0,0.0
dlinear_ols,unseen_heading,heave,10,1.0,1,True,542880,0.0034015743714611232,,0.0021929358657120594,,0.4420022912223382,0.9999407742048384,,0.999938993920138,0.9999428340456583,0.7794698459399999,0.004363958899986698,,60300,0.17325621398049407
dlinear_ols,unseen_heading,heave,20,2.0,1,True,542880,0.03358598089330591,,0.021600215979492344,,0.8430990468253012,0.9984130659577314,,0.9983663934981739,0.9984675814475302,0.7795381170816457,0.0430844626546828,,60300,0.17325621398049407
dlinear_ols,unseen_heading,heave,30,3.0,1,True,542880,0.11967197863967695,,0.07662502826090514,,1.1675647610562139,0.9894943486054287,,0.9892031503390976,0.9898385696355525,0.7795925331975873,0.15350580404974987,,60300,0.17325621398049407
dlinear_ols,unseen_heading,heave,50,5.0,1,True,542880,0.25645077054485793,,0.16181777245366002,,1.4948282814139655,0.9705676184538744,,0.9698268189615915,0.9714036143810914,0.7797418971482062,0.3288918698389682,,60300,0.17325621398049407
dlinear_ols,unseen_heading,heave,100,10.0,1,True,542880,0.5067907016674468,,0.3369904503725581,,0.8088824179867767,0.6074576799907263,,0.5901724152939875,0.6219790672544082,0.7798418820620302,0.6498634060630455,,60300,0.17325621398049407
dlinear_ols,unseen_heading,heave,150,15.0,1,True,542880,0.688914645255117,,0.46382803244098286,,1.1495384153377484,0.6408433961147497,,0.6346863740258395,0.646716209370508,0.7799149016983908,0.8833202747567638,,60300,0.17325621398049407
dlinear_ols,unseen_heading,heave_rate,10,1.0,1,True,542880,0.0018270504091965883,,0.0012759555501826371,,0.27069553593565016,0.9999544447040748,,0.9999538246824686,0.999955130116455,0.44901789131634606,0.004068992448920879,,60300,0.17325621398049407
dlinear_ols,unseen_heading,heave_rate,20,2.0,1,True,542880,0.017968479455745288,,0.012523424428075657,,0.5128966998925041,0.9987726657737425,,0.9987562434093123,0.9987904751403669,0.4490640117514402,0.04001318071707549,,60300,0.17325621398049407
dlinear_ols,unseen_heading,heave_rate,30,3.0,1,True,542880,0.06357312052524097,,0.044150729472307186,,0.7022072783425681,0.9918037271780543,,0.9916998318717011,0.9919146080768094,0.44910731984426616,0.14155440741265538,,60300,0.17325621398049407
dlinear_ols,unseen_heading,heave_rate,50,5.0,1,True,542880,0.1334617655807724,,0.09156030886081867,,0.8646383961207528,0.9761743533314315,,0.9758836362854858,0.9764558343493969,0.44913294867058995,0.29715425237852683,,60300,0.17325621398049407
dlinear_ols,unseen_heading,heave_rate,100,10.0,1,True,542880,0.29003810233363075,,0.20474629756405333,,0.4403061225551369,0.5660889990080313,,0.5457186574843466,0.5836057217922913,0.4491261128521456,0.6457832088447564,,60300,0.17325621398049407
dlinear_ols,unseen_heading,heave_rate,150,15.0,1,True,542880,0.4061757107080625,,0.28626655929060985,,0.6915545720642212,0.6550350394768119,,0.6511180894282775,0.6583402003535145,0.4491083042103025,0.9044048103770175,,60300,0.17325621398049407
dlinear_ols,unseen_heading,pitch,10,1.0,1,True,542880,0.0004345382378068075,,0.00032566716442745025,,0.06419259594153902,0.9999541767255448,,0.9999539500838649,0.9999543665454683,0.09331800023822037,0.004656531823415919,,60300,0.17325621398049407
dlinear_ols,unseen_heading,pitch,20,2.0,1,True,542880,0.004226492260650033,,0.003164275321887962,,0.11932083976475145,0.998745335662853,,0.9987385281733936,0.9987509567339955,0.09331311784801627,0.045293656005942616,,60300,0.17325621398049407
dlinear_ols,unseen_heading,pitch,30,3.0,1,True,542880,0.014676777400875878,,0.010966622407140135,,0.1581323770827971,0.9913857034961921,,0.9913276120873981,0.9914328740558963,0.0933093260053012,0.15729164521070535,,60300,0.17325621398049407
dlinear_ols,unseen_heading,pitch,50,5.0,1,True,542880,0.029195558147574074,,0.021672476343776337,,0.17469731727052137,0.9720706329889959,,0.9717150177057757,0.9723895920006772,0.09329922763600644,0.3129238996648114,,60300,0.17325621398049407
dlinear_ols,unseen_heading,pitch,100,10.0,1,True,542880,0.06909224069112609,,0.0517082823414747,,0.10629142820675849,0.5774656026997982,,0.5691424105086506,0.5858371055103009,0.09327196673014979,0.7407610572962465,,60300,0.17325621398049407
dlinear_ols,unseen_heading,pitch,150,15.0,1,True,542880,0.0914495974492039,,0.06779931205210306,,0.13931379085811119,0.5691011090324443,,0.5624843513373866,0.5748526610978888,0.09328776110372569,0.9802957683540293,,60300,0.17325621398049407
dlinear_ols,unseen_heading,pitch_rate,10,1.0,1,True,542880,0.0003474047196166091,,0.00026421990106142426,,0.048713605157262044,0.9999491406406787,,0.9999488777116237,0.9999493650827016,0.06576512293290253,0.005282506959974087,,60300,0.17325621398049407
dlinear_ols,unseen_heading,pitch_rate,20,2.0,1,True,542880,0.0033572522293392397,,0.002552264581957861,,0.08950371033534088,0.9985930266757387,,0.9985850536029378,0.9985999087001876,0.06576105880147227,0.05105228368470364,,60300,0.17325621398049407
dlinear_ols,unseen_heading,pitch_rate,30,3.0,1,True,542880,0.011531634413907395,,0.00875893822341153,,0.11622431527884762,0.9901556343003943,,0.9900891293776681,0.9902111505062676,0.06575441150073948,0.17537430798506515,,60300,0.17325621398049407
dlinear_ols,unseen_heading,pitch_rate,50,5.0,1,True,542880,0.02220345242608229,,0.01680789482698249,,0.11920509987056824,0.965306241994536,,0.9648913819383966,0.9656569466705485,0.06574188233734778,0.33773679177829946,,60300,0.17325621398049407
dlinear_ols,unseen_heading,pitch_rate,100,10.0,1,True,542880,0.0534431202505326,,0.040576648221527276,,0.0838813737514642,0.5940686961633197,,0.5894575615498804,0.5989755808420778,0.06572507723549406,0.8131313419236466,,60300,0.17325621398049407
dlinear_ols,unseen_heading,pitch_rate,150,15.0,1,True,542880,0.0668373325423203,,0.05033318687874226,,0.09488319909746933,0.5037967779570565,,0.4960664001933537,0.5103755284278841,0.0657301350648849,1.0168445945888054,,60300,0.17325621398049407
dlinear_ols,unseen_heading,roll,10,1.0,1,True,542880,0.015276640666532351,,0.00936521601981156,,2.6983944345487956,0.9999679487581055,,0.9999676447225067,0.9999682401969122,5.0567053318459285,0.003021066023033555,,60300,0.17325621398049407
dlinear_ols,unseen_heading,roll,20,2.0,1,True,542880,0.15058283045087753,,0.09220556007593157,,5.190916990401267,0.9991584832897231,,0.9991498309800143,0.9991664455122796,5.058101722258217,0.029770621217093476,,60300,0.17325621398049407
dlinear_ols,unseen_heading,roll,30,3.0,1,True,542880,0.5350110459489595,,0.3268571199066671,,7.291040393838889,0.994615486270692,,0.994554095039745,0.9946711859019429,5.058718148754806,0.10576020055212042,,60300,0.17325621398049407
dlinear_ols,unseen_heading,roll,50,5.0,1,True,542880,1.1318522177600532,,0.6879449438065275,,9.760557569415065,0.9865528516023973,,0.9863270760564061,0.9867516073082051,5.058662539241705,0.22374534948316957,,60300,0.17325621398049407
dlinear_ols,unseen_heading,roll,100,10.0,1,True,542880,2.3952787332635044,,1.4941622692321341,,5.02718980701522,0.7729813422611665,,0.7642735383871753,0.7797608906464392,5.062292920246066,0.473160832650331,,60300,0.17325621398049407
dlinear_ols,unseen_heading,roll,150,15.0,1,True,542880,3.460186268033761,,2.1545869682139216,,7.374083638485099,0.7798174798558232,,0.7765663547593474,0.7826238784041809,5.065170959625261,0.6831331648260413,,60300,0.17325621398049407
dlinear_ols,unseen_heading,roll_rate,10,1.0,1,True,542880,0.008467023727809752,,0.005511258734508277,,1.496522493983729,0.9999679893085258,,0.9999675925244085,0.9999683157710776,2.7332887334068814,0.003097742153737308,,60300,0.17325621398049407
dlinear_ols,unseen_heading,roll_rate,20,2.0,1,True,542880,0.08329222779894192,,0.054126023480641355,,2.869729322989601,0.9991575830711297,,0.9991456810407053,0.9991670447949067,2.733256744126837,0.030473620152193338,,60300,0.17325621398049407
dlinear_ols,unseen_heading,roll_rate,30,3.0,1,True,542880,0.2949316299234349,,0.19105956218264683,,4.009794338695159,0.9945899845523488,,0.9945048958022524,0.9946598868823485,2.733638938173776,0.10788975303390497,,60300,0.17325621398049407
dlinear_ols,unseen_heading,roll_rate,50,5.0,1,True,542880,0.6182303681230776,,0.3972905595247268,,5.284985224882037,0.9863159984877808,,0.9860070403203977,0.9865742288885357,2.7350087097464617,0.22604329043631757,,60300,0.17325621398049407
dlinear_ols,unseen_heading,roll_rate,100,10.0,1,True,542880,1.344329253600431,,0.8841072669425951,,2.6414823571751724,0.7409903947601415,,0.7285938350092501,0.7506832845484246,2.736128999843485,0.49132524587741694,,60300,0.17325621398049407
dlinear_ols,unseen_heading,roll_rate,150,15.0,1,True,542880,1.94237852170608,,1.2667185607621854,,4.093644502679639,0.7748626843227839,,0.7709949023496071,0.7783633739138828,2.7370865408303726,0.70965184795246,,60300,0.17325621398049407
persistence,unseen_heading,heave,10,1.0,1,True,542880,0.4420022912223382,,0.30063927123510004,,0.4420022912223382,0.0,,0.0,0.0,0.7794698459399999,0.5670550227498622,,0,0.0
persistence,unseen_heading,heave,20,2.0,1,True,542880,0.8430990468253012,,0.5707843701365951,,0.8430990468253012,0.0,,0.0,0.0,0.7795381170816457,1.08153665401457,,0,0.0
persistence,unseen_heading,heave,30,3.0,1,True,542880,1.1675647610562139,,0.7838937488047429,,1.1675647610562139,0.0,,0.0,0.0,0.7795925331975873,1.4976602665334857,,0,0.0
persistence,unseen_heading,heave,50,5.0,1,True,542880,1.4948282814139655,,0.971939576955159,,1.4948282814139655,0.0,,0.0,0.0,0.7797418971482062,1.917080878789616,,0,0.0
persistence,unseen_heading,heave,100,10.0,1,True,542880,0.8088824179867767,,0.4964530464052882,,0.8088824179867767,0.0,,0.0,0.0,0.7798418820620302,1.0372390052300842,,0,0.0
persistence,unseen_heading,heave,150,15.0,1,True,542880,1.1495384153377484,,0.7646654431638492,,1.1495384153377484,0.0,,0.0,0.0,0.7799149016983908,1.4739280052662702,,0,0.0
persistence,unseen_heading,heave_rate,10,1.0,1,True,542880,0.27069553593565016,,0.19156324074816905,,0.27069553593565016,0.0,,0.0,0.0,0.44901789131634606,0.6028613584685367,,0,0.0
persistence,unseen_heading,heave_rate,20,2.0,1,True,542880,0.5128966998925041,,0.3615352140781937,,0.5128966998925041,0.0,,0.0,0.0,0.4490640117514402,1.1421460782219077,,0,0.0
persistence,unseen_heading,heave_rate,30,3.0,1,True,542880,0.7022072783425681,,0.49145731200782944,,0.7022072783425681,0.0,,0.0,0.0,0.44910731984426616,1.5635623097527507,,0,0.0
persistence,unseen_heading,heave_rate,50,5.0,1,True,542880,0.8646383961207528,,0.5878231229898905,,0.8646383961207528,0.0,,0.0,0.0,0.44913294867058995,1.9251279575013083,,0,0.0
persistence,unseen_heading,heave_rate,100,10.0,1,True,542880,0.4403061225551369,,0.2976066623716509,,0.4403061225551369,0.0,,0.0,0.0,0.4491261128521456,0.9803618849035566,,0,0.0
persistence,unseen_heading,heave_rate,150,15.0,1,True,542880,0.6915545720642212,,0.4710239193251789,,0.6915545720642212,0.0,,0.0,0.0,0.4491083042103025,1.539839200435691,,0,0.0
persistence,unseen_heading,pitch,10,1.0,1,True,542880,0.06419259594153902,,0.04791401236999541,,0.06419259594153902,0.0,,0.0,0.0,0.09331800023822037,0.6878908225387322,,0,0.0
persistence,unseen_heading,pitch,20,2.0,1,True,542880,0.11932083976475145,,0.08882699858711009,,0.11932083976475145,0.0,,0.0,0.0,0.09331311784801627,1.2787145314241375,,0,0.0
persistence,unseen_heading,pitch,30,3.0,1,True,542880,0.1581323770827971,,0.11713035541824833,,0.1581323770827971,0.0,,0.0,0.0,0.0933093260053012,1.6947113847313942,,0,0.0
persistence,unseen_heading,pitch,50,5.0,1,True,542880,0.17469731727052137,,0.12636845234075147,,0.17469731727052137,0.0,,0.0,0.0,0.09329922763600644,1.8724411948197246,,0,0.0
persistence,unseen_heading,pitch,100,10.0,1,True,542880,0.10629142820675849,,0.07988724369223929,,0.10629142820675849,0.0,,0.0,0.0,0.09327196673014979,1.139586007811715,,0,0.0
persistence,unseen_heading,pitch,150,15.0,1,True,542880,0.13931379085811119,,0.09905409400109695,,0.13931379085811119,0.0,,0.0,0.0,0.09328776110372569,1.4933769361578915,,0,0.0
persistence,unseen_heading,pitch_rate,10,1.0,1,True,542880,0.048713605157262044,,0.03690747491364613,,0.048713605157262044,0.0,,0.0,0.0,0.06576512293290253,0.7407209624919663,,0,0.0
persistence,unseen_heading,pitch_rate,20,2.0,1,True,542880,0.08950371033534088,,0.06769421738465344,,0.08950371033534088,0.0,,0.0,0.0,0.06576105880147227,1.3610442405671401,,0,0.0
persistence,unseen_heading,pitch_rate,30,3.0,1,True,542880,0.11622431527884762,,0.0876023842074003,,0.11622431527884762,0.0,,0.0,0.0,0.06575441150073948,1.7675516003597804,,0,0.0
persistence,unseen_heading,pitch_rate,50,5.0,1,True,542880,0.11920509987056824,,0.08827752341247687,,0.11920509987056824,0.0,,0.0,0.0,0.06574188233734778,1.8132291871242658,,0,0.0
persistence,unseen_heading,pitch_rate,100,10.0,1,True,542880,0.0838813737514642,,0.06418099439667106,,0.0838813737514642,0.0,,0.0,0.0,0.06572507723549406,1.2762461039173194,,0,0.0
persistence,unseen_heading,pitch_rate,150,15.0,1,True,542880,0.09488319909746933,,0.0689975214133196,,0.09488319909746933,0.0,,0.0,0.0,0.0657301350648849,1.4435266107974105,,0,0.0
persistence,unseen_heading,roll,10,1.0,1,True,542880,2.6983944345487956,,1.6329574509719653,,2.6983944345487956,0.0,,0.0,0.0,5.0567053318459285,0.5336269878244534,,0,0.0
persistence,unseen_heading,roll,20,2.0,1,True,542880,5.190916990401267,,3.1275446440795593,,5.190916990401267,0.0,,0.0,0.0,5.058101722258217,1.0262579274668588,,0,0.0
persistence,unseen_heading,roll,30,3.0,1,True,542880,7.291040393838889,,4.3603869798389026,,7.291040393838889,0.0,,0.0,0.0,5.058718148754806,1.4412821943111351,,0,0.0
persistence,unseen_heading,roll,50,5.0,1,True,542880,9.760557569415065,,5.695093914915296,,9.760557569415065,0.0,,0.0,0.0,5.058662539241705,1.929473945672244,,0,0.0
persistence,unseen_heading,roll,100,10.0,1,True,542880,5.02718980701522,,2.802821697701118,,5.02718980701522,0.0,,0.0,0.0,5.062292920246066,0.9930657680652071,,0,0.0
persistence,unseen_heading,roll,150,15.0,1,True,542880,7.374083638485099,,4.440785741734489,,7.374083638485099,0.0,,0.0,0.0,5.065170959625261,1.4558410164759097,,0,0.0
persistence,unseen_heading,roll_rate,10,1.0,1,True,542880,1.496522493983729,,0.9495536752388926,,1.496522493983729,0.0,,0.0,0.0,2.7332887334068814,0.5475171633691267,,0,0.0
persistence,unseen_heading,roll_rate,20,2.0,1,True,542880,2.869729322989601,,1.8107548215644067,,2.869729322989601,0.0,,0.0,0.0,2.733256744126837,1.0499303913384694,,0,0.0
persistence,unseen_heading,roll_rate,30,3.0,1,True,542880,4.009794338695159,,2.506319870212279,,4.009794338695159,0.0,,0.0,0.0,2.733638938173776,1.4668339270049784,,0,0.0
persistence,unseen_heading,roll_rate,50,5.0,1,True,542880,5.284985224882037,,3.1996147698885222,,5.284985224882037,0.0,,0.0,0.0,2.7350087097464617,1.932346762205361,,0,0.0
persistence,unseen_heading,roll_rate,100,10.0,1,True,542880,2.6414823571751724,,1.5643149347142649,,2.6414823571751724,0.0,,0.0,0.0,2.736128999843485,0.9654085598033841,,0,0.0
persistence,unseen_heading,roll_rate,150,15.0,1,True,542880,4.093644502679639,,2.5387644788257586,,4.093644502679639,0.0,,0.0,0.0,2.7370865408303726,1.4956211437281468,,0,0.0
residual_interval,unseen_heading,heave,10,1.0,1,True,542880,0.0034015743819569874,,0.002192935888168491,,0.4420022912223382,0.9999407742044729,,0.999938993918823,0.9999428340449157,0.7794698459399999,0.004363958913452087,,68400,3.4553868969960604
residual_interval,unseen_heading,heave,20,2.0,1,True,542880,0.03358598041184199,,0.021600214534636192,,0.8430990468253012,0.9984130660032297,,0.9983663936293623,0.9984675813205129,0.7795381170816457,0.04308446203705563,,68400,3.4553868969960604
residual_interval,unseen_heading,heave,30,3.0,1,True,542880,0.11967204241676865,,0.0766252176182978,,1.1675647610562139,0.9894943374078188,,0.9892031368931158,0.9898385569232987,0.7795925331975873,0.15350588585798813,,68400,3.4553868969960604
residual_interval,unseen_heading,heave,50,5.0,1,True,542880,0.2564508080767932,,0.16181805566713925,,1.4948282814139655,0.9705676098389319,,0.9698268226574143,0.9714036044120545,0.7797418971482062,0.32889191797276146,,68400,3.4553868969960604
residual_interval,unseen_heading,heave,100,10.0,1,True,542880,0.5067907940652447,,0.3369906248885733,,0.8088824179867767,0.6074575368545196,,0.5901722991623152,0.6219790834773589,0.7798418820620302,0.6498635245457791,,68400,3.4553868969960604
residual_interval,unseen_heading,heave,150,15.0,1,True,542880,0.688918854308398,,0.4638359986869932,,1.1495384153377484,0.6408390074320285,,0.6346820229133976,0.646711825731433,0.7799149016983908,0.8833256715677131,,68400,3.4553868969960604
residual_interval,unseen_heading,heave_rate,10,1.0,1,True,542880,0.0018270504860034252,,0.0012759548336149424,,0.27069553593565016,0.9999544447002446,,0.9999538247035884,0.9999551301200159,0.44901789131634606,0.004068992619976061,,68400,3.4553868969960604
residual_interval,unseen_heading,heave_rate,20,2.0,1,True,542880,0.017968563924864026,,0.012523527635899487,,0.5128966998925041,0.998772654234415,,0.9987562307007364,0.998790461927429,0.4490640117514402,0.04001336881747215,,68400,3.4553868969960604
residual_interval,unseen_heading,heave_rate,30,3.0,1,True,542880,0.06357332384320542,,0.044150960082128016,,0.7022072783425681,0.9918036747517408,,0.9916997808714612,0.9919145447590804,0.44910731984426616,0.14155486012842167,,68400,3.4553868969960604
residual_interval,unseen_heading,heave_rate,50,5.0,1,True,542880,0.13346189540550552,,0.09156037935383929,,0.8646383961207528,0.9761743069786846,,0.9758836047048315,0.9764557807812716,0.44913294867058995,0.2971545414348819,,68400,3.4553868969960604
residual_interval,unseen_heading,heave_rate,100,10.0,1,True,542880,0.29003831233447247,,0.20474613292926575,,0.4403061225551369,0.5660883706650124,,0.5457176404082466,0.5836051061998224,0.4491261128521456,0.6457836764213138,,68400,3.4553868969960604
residual_interval,unseen_heading,heave_rate,150,15.0,1,True,542880,0.4061779890366033,,0.28626943230795016,,0.6915545720642212,0.6550311694978906,,0.6511137261505631,0.6583368567152476,0.4491083042103025,0.9044098833817235,,68400,3.4553868969960604
residual_interval,unseen_heading,pitch,10,1.0,1,True,542880,0.00043630736466529013,,0.0003273933979933464,,0.06419259594153902,0.9999538028472431,,0.999953567668452,0.9999540022248381,0.09331800023822037,0.004675489868530114,,68400,3.4553868969960604
residual_interval,unseen_heading,pitch,20,2.0,1,True,542880,0.004226493911683984,,0.003164278962755436,,0.11932083976475145,0.9987453346826104,,0.998738526673743,0.9987509560818115,0.09331311784801627,0.0452936736994244,,68400,3.4553868969960604
residual_interval,unseen_heading,pitch,30,3.0,1,True,542880,0.014703249913872053,,0.01099456708910359,,0.1581323770827971,0.9913546002465159,,0.9912951992907937,0.991402461232074,0.0933093260053012,0.15757535225403635,,68400,3.4553868969960604
residual_interval,unseen_heading,pitch,50,5.0,1,True,542880,0.029262972073804457,,0.021745992922272448,,0.17469731727052137,0.9719415036161201,,0.9715780614080789,0.9722681294375864,0.09329922763600644,0.31364645576670525,,68400,3.4553868969960604
residual_interval,unseen_heading,pitch,100,10.0,1,True,542880,0.0691736594751667,,0.051793186793465625,,0.10629142820675849,0.576469180918755,,0.5681208857355521,0.584843388811097,0.09327196673014979,0.7416339753539966,,68400,3.4553868969960604
residual_interval,unseen_heading,pitch,150,15.0,1,True,542880,0.09145406044736953,,0.06780454472915651,,0.13931379085811119,0.5690590498448704,,0.5624365429350547,0.574811914590622,0.09328776110372569,0.9803436095511255,,68400,3.4553868969960604
residual_interval,unseen_heading,pitch_rate,10,1.0,1,True,542880,0.0003478886202981528,,0.00026467491597554455,,0.048713605157262044,0.9999489988578099,,0.9999487312031063,0.9999492278364109,0.06576512293290253,0.0052898649737656445,,68400,3.4553868969960604
residual_interval,unseen_heading,pitch_rate,20,2.0,1,True,542880,0.003358773585858185,,0.002553761072526538,,0.08950371033534088,0.9985917512320819,,0.9985837723193761,0.9985986371047321,0.06576105880147227,0.05107541829577397,,68400,3.4553868969960604
residual_interval,unseen_heading,pitch_rate,30,3.0,1,True,542880,0.011549998438059482,,0.008776531686446192,,0.11622431527884762,0.9901242552070298,,0.9900560948169466,0.9901806711908876,0.06575441150073948,0.17565358999417993,,68400,3.4553868969960604
residual_interval,unseen_heading,pitch_rate,50,5.0,1,True,542880,0.022283333658782004,,0.01688574272891919,,0.11920509987056824,0.9650561578731675,,0.9646261710350045,0.9654146096905085,0.06574188233734778,0.33895186548564804,,68400,3.4553868969960604
residual_interval,unseen_heading,pitch_rate,100,10.0,1,True,542880,0.05350250010915122,,0.04063586362472086,,0.0838813737514642,0.5931661465293968,,0.5885137854217428,0.5980629712908682,0.06572507723549406,0.814034800103024,,68400,3.4553868969960604
residual_interval,unseen_heading,pitch_rate,150,15.0,1,True,542880,0.06693339547363009,,0.05043030385447726,,0.09488319909746933,0.502369402295094,,0.4946330490364407,0.5089939930590938,0.0657301350648849,1.0183060693174812,,68400,3.4553868969960604
residual_interval,unseen_heading,roll,10,1.0,1,True,542880,0.015276640011380762,,0.009365213383737709,,2.6983944345487956,0.9999679487608545,,0.9999676447230285,0.9999682401986282,5.0567053318459285,0.0030210658934725966,,68400,3.4553868969960604
residual_interval,unseen_heading,roll,20,2.0,1,True,542880,0.1505828276144922,,0.09220555293395982,,5.190916990401267,0.9991584833214249,,0.9991498309979276,0.9991664455136288,5.058101722258217,0.029770620656332646,,68400,3.4553868969960604
residual_interval,unseen_heading,roll,30,3.0,1,True,542880,0.535011050283381,,0.32685713129608124,,7.291040393838889,0.9946154861834461,,0.9945540949137492,0.9946711858967583,5.058718148754806,0.1057602014089425,,68400,3.4553868969960604
residual_interval,unseen_heading,roll,50,5.0,1,True,542880,1.1318522201056072,,0.6879449468377659,,9.760557569415065,0.9865528515466638,,0.9863270760103576,0.9867516072957113,5.058662539241705,0.22374534994684034,,68400,3.4553868969960604
residual_interval,unseen_heading,roll,100,10.0,1,True,542880,2.3952786917264675,,1.4941622987274283,,5.02718980701522,0.772981350134724,,0.7642735488827684,0.7797608948471353,5.062292920246066,0.47316082444514856,,68400,3.4553868969960604
residual_interval,unseen_heading,roll,150,15.0,1,True,542880,3.460186265187181,,2.1545869738498316,,7.374083638485099,0.7798174802180968,,0.7765663550564085,0.782623877639134,5.065170959625261,0.6831331642640504,,68400,3.4553868969960604
residual_interval,unseen_heading,roll_rate,10,1.0,1,True,542880,0.008467024179037089,,0.005511256982620807,,1.496522493983729,0.9999679893051139,,0.9999675925122178,0.9999683157692377,2.7332887334068814,0.003097742318823174,,68400,3.4553868969960604
residual_interval,unseen_heading,roll_rate,20,2.0,1,True,542880,0.08329224263857178,,0.054126017098765994,,2.869729322989601,0.9991575827709538,,0.999145680623055,0.9991670446162089,2.733256744126837,0.030473625581478342,,68400,3.4553868969960604
residual_interval,unseen_heading,roll_rate,30,3.0,1,True,542880,0.29493167298601114,,0.19105950285844348,,4.009794338695159,0.9945899829725304,,0.9945048912335233,0.9946598868615886,2.733638938173776,0.10788976878674476,,68400,3.4553868969960604
residual_interval,unseen_heading,roll_rate,50,5.0,1,True,542880,0.6182303548192954,,0.39729050866060134,,5.284985224882037,0.9863159990767165,,0.9860070392596413,0.9865742294577516,2.7350087097464617,0.2260432855720617,,68400,3.4553868969960604
residual_interval,unseen_heading,roll_rate,100,10.0,1,True,542880,1.3443294123314242,,0.8841077001753768,,2.6414823571751724,0.7409903335952829,,0.7285937965556107,0.750683259861951,2.736128999843485,0.4913253038903956,,68400,3.4553868969960604
residual_interval,unseen_heading,roll_rate,150,15.0,1,True,542880,1.9423785307959425,,1.2667185352205141,,4.093644502679639,0.7748626822156074,,0.7709949024769913,0.7783633729876546,2.7370865408303726,0.7096518512734592,,68400,3.4553868969960604
window_mean,unseen_heading,heave,10,1.0,1,True,542880,0.8377474226812863,,0.5373683222694567,,0.4420022912223382,-2.592337729181344,,-2.673047520407293,-2.497173628757729,0.7794698459399999,1.0747656590499748,,0,0.0
window_mean,unseen_heading,heave,20,2.0,1,True,542880,0.8616116865571696,,0.5522197582655151,,0.8430990468253012,-0.044397840695372004,,-0.06667197495296069,-0.017784621332557437,0.7795381170816457,1.1052848702033744,,0,0.0
window_mean,unseen_heading,heave,30,3.0,1,True,542880,0.8649385142668108,,0.5540701815843415,,1.1675647610562139,0.4512070618491698,,0.4409402259166707,0.46342699527435177,0.7795925331975873,1.1094751135175285,,0,0.0
window_mean,unseen_heading,heave,50,5.0,1,True,542880,0.8146822423199743,,0.5222226355972196,,1.4948282814139655,0.7029743955457782,,0.7007694197251468,0.7054510832369592,0.7797418971482062,1.0448101420477178,,0,0.0
window_mean,unseen_heading,heave,100,10.0,1,True,542880,0.7411954815050441,,0.4892710306401287,,0.8088824179867767,0.16035687763946382,,0.1228845314313721,0.19119584613257615,0.7798418820620302,0.9504432867149958,,0,0.0
window_mean,unseen_heading,heave,150,15.0,1,True,542880,0.8279899234485041,,0.527561876128367,,1.1495384153377484,0.4811962282931431,,0.465086943521575,0.4998530004826809,0.7799149016983908,1.0616413683665,,0,0.0
window_mean,unseen_heading,heave_rate,10,1.0,1,True,542880,0.4782690188457509,,0.32298708105947777,,0.27069553593565016,-2.121636360614806,,-2.1935665107221807,-2.040365196994442,0.44901789131634606,1.0651446815262793,,0,0.0
window_mean,unseen_heading,heave_rate,20,2.0,1,True,542880,0.4907766991350438,,0.3314989371167723,,0.5128966998925041,0.08439519908559745,,0.06487512590961306,0.10651015178353833,0.4490640117514402,1.0928880656031992,,0,0.0
window_mean,unseen_heading,heave_rate,30,3.0,1,True,542880,0.4914738254788349,,0.33185203007436986,,0.7022072783425681,0.5101420803729321,,0.5013767346477456,0.5203132785711388,0.44910731984426616,1.0943349256682342,,0,0.0
window_mean,unseen_heading,heave_rate,50,5.0,1,True,542880,0.4613763323107842,,0.31149892762605497,,0.8646383961207528,0.7152645178893378,,0.7136294599507594,0.7170204940501346,0.44913294867058995,1.0272600433266674,,0,0.0
window_mean,unseen_heading,heave_rate,100,10.0,1,True,542880,0.4361689532011908,,0.30101284025227737,,0.4403061225551369,0.01870395378244749,,-0.01748890765205188,0.05044140356330297,0.4491261128521456,0.9711502865672379,,0,0.0
window_mean,unseen_heading,heave_rate,150,15.0,1,True,542880,0.4693558873396184,,0.31480267843486515,,0.6915545720642212,0.5393706296169118,,0.5270569459073089,0.5525416755408566,0.4491083042103025,1.0450839651360235,,0,0.0
window_mean,unseen_heading,pitch,10,1.0,1,True,542880,0.09815905011334584,,0.07142828892073531,,0.06419259594153902,-1.3382493183345203,,-1.3777167011833293,-1.2955616168564454,0.09331800023822037,1.051876914022668,,0,0.0
window_mean,unseen_heading,pitch,20,2.0,1,True,542880,0.1004785336444296,,0.07307895001363285,,0.11932083976475145,0.29088940469089763,,0.2799380283392068,0.3026466721270059,0.09331311784801627,1.0767889441662855,,0,0.0
window_mean,unseen_heading,pitch,30,3.0,1,True,542880,0.10003679690565283,,0.07264264133417972,,0.1581323770827971,0.5997991964814176,,0.5946514772976218,0.6053437223150316,0.0933093260053012,1.0720985906593026,,0,0.0
window_mean,unseen_heading,pitch,50,5.0,1,True,542880,0.09335727631633672,,0.06767171049580141,,0.17469731727052137,0.7144225746413116,,0.713692458573808,0.7151694865665204,0.09329922763600644,1.0006221775013695,,0,0.0
window_mean,unseen_heading,pitch,100,10.0,1,True,542880,0.09359591329124649,,0.06871326313578263,,0.10629142820675849,0.22461519204297198,,0.21288177078335752,0.23729092889985343,0.09327196673014979,1.0034731395986742,,0,0.0
window_mean,unseen_heading,pitch,150,15.0,1,True,542880,0.09485016394773929,,0.0686972522820636,,0.13931379085811119,0.5364592149871525,,0.5279458728630895,0.5448224669507352,0.09328776110372569,1.0167482081843124,,0,0.0
window_mean,unseen_heading,pitch_rate,10,1.0,1,True,542880,0.06883449948319612,,0.051411626294669714,,0.048713605157262044,-0.9966952022422622,,-1.0167498375062265,-0.9754701245162605,0.06576512293290253,1.0466717982634222,,0,0.0
window_mean,unseen_heading,pitch_rate,20,2.0,1,True,542880,0.070304913128513,,0.052469003504737335,,0.08950371033534088,0.3829941615966961,,0.37741999180404134,0.38888213973936003,0.06576105880147227,1.0690964289482974,,0,0.0
window_mean,unseen_heading,pitch_rate,30,3.0,1,True,542880,0.06967133823335304,,0.051910136579464944,,0.11622431527884762,0.6406527609863917,,0.6379741086765447,0.6434071410819695,0.06575441150073948,1.0595690333654575,,0,0.0
window_mean,unseen_heading,pitch_rate,50,5.0,1,True,542880,0.0648435617726623,,0.04823354340629945,,0.11920509987056824,0.704100621980726,,0.7034220737071176,0.7047336373061541,0.06574188233734778,0.986335642778285,,0,0.0
window_mean,unseen_heading,pitch_rate,100,10.0,1,True,542880,0.0668270880310419,,0.05008303951671475,,0.0838813737514642,0.3652919511314012,,0.35789734955934044,0.37351773243509095,0.06572507723549406,1.0167669760447646,,0,0.0
window_mean,unseen_heading,pitch_rate,150,15.0,1,True,542880,0.06607566762586166,,0.04920946938182755,,0.09488319909746933,0.5150416048700197,,0.5078444624921208,0.5215304433148522,0.0657301350648849,1.0052568363146626,,0,0.0
window_mean,unseen_heading,roll,10,1.0,1,True,542880,5.654670822834055,,3.2549657871529427,,2.6983944345487956,-3.3914080297037987,,-3.434201903586787,-3.334959111717857,5.0567053318459285,1.1182519944799398,,0,0.0
window_mean,unseen_heading,roll,20,2.0,1,True,542880,5.771589262031328,,3.3176740338577333,,5.190916990401267,-0.23623964106442408,,-0.24802311829816626,-0.22070148736035766,5.058101722258217,1.1410583612095824,,0,0.0
window_mean,unseen_heading,roll,30,3.0,1,True,542880,5.721600777945044,,3.2888486386118063,,7.291040393838889,0.38417673066168834,,0.3789993025207284,0.3908740191093473,5.058718148754806,1.1310376679818395,,0,0.0
window_mean,unseen_heading,roll,50,5.0,1,True,542880,5.201813850657647,,3.005275215096246,,9.760557569415065,0.715972521215032,,0.7148107469493263,0.7173598988437526,5.058662539241705,1.0282982528100009,,0,0.0
window_mean,unseen_heading,roll,100,10.0,1,True,542880,4.7242370511666065,,2.7977528154206257,,5.02718980701522,0.11689407791345241,,0.09525057452061107,0.13359885772928873,5.062292920246066,0.9332208004543863,,0,0.0
window_mean,unseen_heading,roll,150,15.0,1,True,542880,5.636092473329915,,3.2231436175563752,,7.374083638485099,0.4158288541685238,,0.4054701782230439,0.4284520195835894,5.065170959625261,1.1127151518192573,,0,0.0
window_mean,unseen_heading,roll_rate,10,1.0,1,True,542880,3.039072431991159,,1.8171760597172257,,1.496522493983729,-3.1239710122341275,,-3.1814227144970353,-3.053750075926723,2.7332887334068814,1.1118739102996764,,0,0.0
window_mean,unseen_heading,roll_rate,20,2.0,1,True,542880,3.0961477321965765,,1.850185315875796,,2.869729322989601,-0.16402277801633458,,-0.1790500127371963,-0.14533435248588786,2.733256744126837,1.1327687158732935,,0,0.0
window_mean,unseen_heading,roll_rate,30,3.0,1,True,542880,3.066214548430318,,1.833069260508051,,4.009794338695159,0.4152625854125328,,0.40887609903131433,0.42320432531825575,2.733638938173776,1.121660401310614,,0,0.0
window_mean,unseen_heading,roll_rate,50,5.0,1,True,542880,2.7916621584142853,,1.6788726215077125,,5.284985224882037,0.7209781818615215,,0.7198558051351274,0.7222629812364821,2.7350087097464617,1.0207141748638437,,0,0.0
window_mean,unseen_heading,roll_rate,100,10.0,1,True,542880,2.585089233692094,,1.5931973953643237,,2.6414823571751724,0.042242306627440995,,0.017068271498115385,0.06198929821140198,2.736128999843485,0.9447980098306656,,0,0.0
window_mean,unseen_heading,roll_rate,150,15.0,1,True,542880,3.014261759526954,,1.7899990607622998,,4.093644502679639,0.45782226710468943,,0.44722366644037603,0.4701112069033986,2.7370865408303726,1.1012665162616644,,0,0.0
dlinear_ols,unseen_seastate,heave,10,1.0,1,True,542880,0.01836741011361725,,0.012127838627197251,,0.7230439858176025,0.9993546929494034,,0.9992343684738031,0.9994575399682725,1.3052269451126672,0.01407219654972092,,60300,0.1661892709962558
dlinear_ols,unseen_seastate,heave,20,2.0,1,True,542880,0.1760007342965611,,0.11580997837839473,,1.3801185991770855,0.9837371692548038,,0.9807168031900418,0.9863286480966441,1.3051890619407918,0.13484692710713594,,60300,0.1661892709962558
dlinear_ols,unseen_seastate,heave,30,3.0,1,True,542880,0.6015955310531733,,0.39382069631883504,,1.9144386984978832,0.901252462605346,,0.882837625773374,0.916965524349569,1.3051257868066772,0.46094831405111536,,60300,0.1661892709962558
dlinear_ols,unseen_seastate,heave,50,5.0,1,True,542880,1.0353995786977703,,0.6657279121608431,,2.4740805367882084,0.8248588075300872,,0.791853866440068,0.8524801362539492,1.305196114559555,0.7932904236748906,,60300,0.1661892709962558
dlinear_ols,unseen_seastate,heave,100,10.0,1,True,542880,1.4626981137142734,,1.0043235597875226,,1.4729533632755942,0.013876269790815687,,-0.09579513636510988,0.11811164191598628,1.3048466130537077,1.1209732232749938,,60300,0.1661892709962558
dlinear_ols,unseen_seastate,heave,150,15.0,1,True,542880,1.736962652972353,,1.2536592943827094,,1.8518455911559912,0.12022540378825697,,-0.02202252014574694,0.2389704857529828,1.3047382588874747,1.3312728749545735,,60300,0.1661892709962558
dlinear_ols,unseen_seastate,heave_rate,10,1.0,1,True,542880,0.007231508451032084,,0.005091134942321602,,0.4398398830423327,0.9997296859732251,,0.9996826230499587,0.999769682135332,0.734348118721256,0.009847520905513508,,60300,0.1661892709962558
dlinear_ols,unseen_seastate,heave_rate,20,2.0,1,True,542880,0.06895978826233462,,0.04830546620663158,,0.8317851168879822,0.9931266327680203,,0.9919201892310886,0.9941556990992639,0.7343764911329834,0.09390249973272516,,60300,0.1661892709962558
dlinear_ols,unseen_seastate,heave_rate,30,3.0,1,True,542880,0.234123484102176,,0.16276990150483125,,1.1362827111436415,0.9575461423630047,,0.9500534051079141,0.9639413190078622,0.7344107746237766,0.31879091673472876,,60300,0.1661892709962558
dlinear_ols,unseen_seastate,heave_rate,50,5.0,1,True,542880,0.3958087997937433,,0.27003402995157866,,1.4001961120139228,0.9200914673185097,,0.9057256725736874,0.9323231745442687,0.734264962236321,0.5390544560212223,,60300,0.1661892709962558
dlinear_ols,unseen_seastate,heave_rate,100,10.0,1,True,542880,0.6151012435179001,,0.45648789744125984,,0.7683267045109754,0.3590836454218308,,0.29485389891864583,0.41525652640901545,0.7341029397003275,0.8378950829007635,,60300,0.1661892709962558
dlinear_ols,unseen_seastate,heave_rate,150,15.0,1,True,542880,0.783575457276202,,0.6011211181354366,,1.1070364316158197,0.4989998881117731,,0.4422574498279904,0.5459202122200316,0.7341299638155024,1.0673525069099699,,60300,0.1661892709962558
dlinear_ols,unseen_seastate,pitch,10,1.0,1,True,542880,0.017946135884658376,,0.010995623229495951,,1.2228602601407708,0.9997846284963647,,0.9997469479330573,0.9998166904643372,1.7997766828726487,0.009971312583077973,,60300,0.1661892709962558
dlinear_ols,unseen_seastate,pitch,20,2.0,1,True,542880,0.16654179545149034,,0.10126267044569022,,2.2574679499954007,0.9945574390870667,,0.9935341012461275,0.9954150773135918,1.7994950774677116,0.09254918089903949,,60300,0.1661892709962558
dlinear_ols,unseen_seastate,pitch,30,3.0,1,True,542880,0.548256853784697,,0.32793283863586714,,2.9691366291153294,0.9659036591768944,,0.9590008639434885,0.9716578949307172,1.7992884411802126,0.3047075950896885,,60300,0.1661892709962558
dlinear_ols,unseen_seastate,pitch,50,5.0,1,True,542880,0.9018729429617893,,0.5250526432399673,,3.3044138255161024,0.9255093344400563,,0.9104308164442799,0.9382663721338604,1.799307264730753,0.5012334250185695,,60300,0.1661892709962558
dlinear_ols,unseen_seastate,pitch,100,10.0,1,True,542880,1.5899765363816816,,1.0481291524547396,,2.143658806541388,0.44986394870136925,,0.4017312139733838,0.4922100831380015,1.7986835875269107,0.8839667784859316,,60300,0.1661892709962558
dlinear_ols,unseen_seastate,pitch,150,15.0,1,True,542880,1.9664225156891328,,1.3241896434321128,,2.6262925581694647,0.4393814414415972,,0.37630547550828525,0.4903050036159514,1.799090637361259,1.0930091429819795,,60300,0.1661892709962558
dlinear_ols,unseen_seastate,pitch_rate,10,1.0,1,True,542880,0.016845086407236524,,0.00908923209839944,,0.9751166377198593,0.9997015762709228,,0.9996575955966402,0.9997464302972524,1.256288669542056,0.013408611265575543,,60300,0.1661892709962558
dlinear_ols,unseen_seastate,pitch_rate,20,2.0,1,True,542880,0.13670191560993192,,0.0781348172592379,,1.75173518675313,0.9939100701010578,,0.9931183924759948,0.9947103439403097,1.2564720932103475,0.10879821075902439,,60300,0.1661892709962558
dlinear_ols,unseen_seastate,pitch_rate,30,3.0,1,True,542880,0.3796696089812401,,0.23114929921831653,,2.2061010698625934,0.9703816500905595,,0.9671176474153074,0.9737806002837872,1.2564709426767824,0.3021714200349058,,60300,0.1661892709962558
dlinear_ols,unseen_seastate,pitch_rate,50,5.0,1,True,542880,0.5362512672203928,,0.3402285042468405,,2.178290159899136,0.9393954537878706,,0.9327340188623168,0.9454838384510758,1.2560499558821334,0.4269346650657533,,60300,0.1661892709962558
dlinear_ols,unseen_seastate,pitch_rate,100,10.0,1,True,542880,1.1678407136823166,,0.770621440387255,,1.6285109886511375,0.48573633965807683,,0.4635065920612622,0.5083453715255427,1.2558852337264772,0.9298944539837339,,60300,0.1661892709962558
dlinear_ols,unseen_seastate,pitch_rate,150,15.0,1,True,542880,1.3027364637685885,,0.8917197675361405,,1.8234169111921585,0.48956413491254336,,0.46977820096640954,0.506028800174801,1.2565624407980214,1.0367463020311531,,60300,0.1661892709962558
dlinear_ols,unseen_seastate,roll,10,1.0,1,True,542880,0.03727488890711471,,0.02311191781988764,,3.25942469682689,0.9998692171456217,,0.9998508155256625,0.9998849039791686,6.257000679431415,0.005957309391007122,,60300,0.1661892709962558
dlinear_ols,unseen_seastate,roll,20,2.0,1,True,542880,0.3541829690258955,,0.21902899493507394,,6.285602666698202,0.9968248700860962,,0.9963750675653076,0.9972100200351199,6.258149735730003,0.05659547693525755,,60300,0.1661892709962558
dlinear_ols,unseen_seastate,roll,30,3.0,1,True,542880,1.1954178731117404,,0.7361788556808164,,8.864531895835025,0.9818143898961713,,0.9792080462611337,0.9840654076618016,6.258818948538503,0.1909973563608007,,60300,0.1661892709962558
dlinear_ols,unseen_seastate,roll,50,5.0,1,True,542880,1.9429685313449399,,1.1793316764497725,,12.020706403631479,0.9738740823536787,,0.9700013737706645,0.9773046010750182,6.25953903317843,0.31040121661456455,,60300,0.1661892709962558
dlinear_ols,unseen_seastate,roll,100,10.0,1,True,542880,3.1938892792404303,,2.0600683728157367,,6.564312783673568,0.763265703608395,,0.7435440347510782,0.7815641022852582,6.263610691806128,0.5099118442049061,,60300,0.1661892709962558
dlinear_ols,unseen_seastate,roll,150,15.0,1,True,542880,4.4130684810274055,,2.9190668451981994,,8.758534298487419,0.7461258609881471,,0.7248130238503502,0.7639287383031739,6.26746488344986,0.7041233677560357,,60300,0.1661892709962558
dlinear_ols,unseen_seastate,roll_rate,10,1.0,1,True,542880,0.016753008709102356,,0.010910343508869056,,1.7507606275566403,0.9999084344547389,,0.9998983067840175,0.9999169124103632,3.299047438683298,0.005078135134603807,,60300,0.1661892709962558
dlinear_ols,unseen_seastate,roll_rate,20,2.0,1,True,542880,0.15861813447502088,,0.1029130387853802,,3.368958975401052,0.997783262692094,,0.9975352005020184,0.9979924373055822,3.2992335448738204,0.04807726774040401,,60300,0.1661892709962558
dlinear_ols,unseen_seastate,roll_rate,30,3.0,1,True,542880,0.5325205919608222,,0.34369774992862,,4.734841225141871,0.9873508316795915,,0.9859136505249764,0.988569031932006,3.2996776276077266,0.16138564188978086,,60300,0.1661892709962558
dlinear_ols,unseen_seastate,roll_rate,50,5.0,1,True,542880,0.8521040681044376,,0.5434394892901835,,6.356646858286032,0.9820307848994144,,0.9799026857559989,0.9838937863359415,3.3008478104739085,0.25814703283218005,,60300,0.1661892709962558
dlinear_ols,unseen_seastate,roll_rate,100,10.0,1,True,542880,1.5230878081387602,,1.0202390480363785,,3.3400320894805207,0.7920549413338512,,0.7806304395506917,0.8030215683237036,3.3023390388764846,0.4612148511126048,,60300,0.1661892709962558
dlinear_ols,unseen_seastate,roll_rate,150,15.0,1,True,542880,2.1877993654744916,,1.481452171607518,,4.761033745378059,0.7888396055001761,,0.7773613893271065,0.7982771735354567,3.303717238675165,0.6622235522649718,,60300,0.1661892709962558
persistence,unseen_seastate,heave,10,1.0,1,True,542880,0.7230439858176025,,0.5712743009310001,,0.7230439858176025,0.0,,0.0,0.0,1.3052269451126672,0.55396035802432,,0,0.0
persistence,unseen_seastate,heave,20,2.0,1,True,542880,1.3801185991770855,,1.0918195939097475,,1.3801185991770855,0.0,,0.0,0.0,1.3051890619407918,1.0574089527879393,,0,0.0
persistence,unseen_seastate,heave,30,3.0,1,True,542880,1.9144386984978832,,1.51744534683208,,1.9144386984978832,0.0,,0.0,0.0,1.3051257868066772,1.4668614457324034,,0,0.0
persistence,unseen_seastate,heave,50,5.0,1,True,542880,2.4740805367882084,,1.9693943985942917,,2.4740805367882084,0.0,,0.0,0.0,1.305196114559555,1.8955622907467047,,0,0.0
persistence,unseen_seastate,heave,100,10.0,1,True,542880,1.4729533632755942,,1.1539622440328934,,1.4729533632755942,0.0,,0.0,0.0,1.3048466130537077,1.1288325758293303,,0,0.0
persistence,unseen_seastate,heave,150,15.0,1,True,542880,1.8518455911559912,,1.4423738447332608,,1.8518455911559912,0.0,,0.0,0.0,1.3047382588874747,1.4193234378939914,,0,0.0
persistence,unseen_seastate,heave_rate,10,1.0,1,True,542880,0.4398398830423327,,0.3400396131841112,,0.4398398830423327,0.0,,0.0,0.0,0.734348118721256,0.5989528288139963,,0,0.0
persistence,unseen_seastate,heave_rate,20,2.0,1,True,542880,0.8317851168879822,,0.6448208077320698,,0.8317851168879822,0.0,,0.0,0.0,0.7343764911329834,1.1326412636176826,,0,0.0
persistence,unseen_seastate,heave_rate,30,3.0,1,True,542880,1.1362827111436415,,0.8846668124949844,,1.1362827111436415,0.0,,0.0,0.0,0.7344107746237766,1.5472032143397347,,0,0.0
persistence,unseen_seastate,heave_rate,50,5.0,1,True,542880,1.4001961120139228,,1.1029134331570547,,1.4001961120139228,0.0,,0.0,0.0,0.734264962236321,1.9069357575627772,,0,0.0
persistence,unseen_seastate,heave_rate,100,10.0,1,True,542880,0.7683267045109754,,0.6122377156075761,,0.7683267045109754,0.0,,0.0,0.0,0.7341029397003275,1.0466198443839752,,0,0.0
persistence,unseen_seastate,heave_rate,150,15.0,1,True,542880,1.1070364316158197,,0.8492995927005812,,1.1070364316158197,0.0,,0.0,0.0,0.7341299638155024,1.5079570187575588,,0,0.0
persistence,unseen_seastate,pitch,10,1.0,1,True,542880,1.2228602601407708,,0.8340560525168472,,1.2228602601407708,0.0,,0.0,0.0,1.7997766828726487,0.6794511073390208,,0,0.0
persistence,unseen_seastate,pitch,20,2.0,1,True,542880,2.2574679499954007,,1.5455689613890495,,2.2574679499954007,0.0,,0.0,0.0,1.7994950774677116,1.2545007642766983,,0,0.0
persistence,unseen_seastate,pitch,30,3.0,1,True,542880,2.9691366291153294,,2.044096156371395,,2.9691366291153294,0.0,,0.0,0.0,1.7992884411802126,1.6501726800222063,,0,0.0
persistence,unseen_seastate,pitch,50,5.0,1,True,542880,3.3044138255161024,,2.3007986933383573,,3.3044138255161024,0.0,,0.0,0.0,1.799307264730753,1.836492238033937,,0,0.0
persistence,unseen_seastate,pitch,100,10.0,1,True,542880,2.143658806541388,,1.4905784320988573,,2.143658806541388,0.0,,0.0,0.0,1.7986835875269107,1.1917931655165648,,0,0.0
persistence,unseen_seastate,pitch,150,15.0,1,True,542880,2.6262925581694647,,1.8038630675540162,,2.6262925581694647,0.0,,0.0,0.0,1.799090637361259,1.4597889087019371,,0,0.0
persistence,unseen_seastate,pitch_rate,10,1.0,1,True,542880,0.9751166377198593,,0.6415715788792883,,0.9751166377198593,0.0,,0.0,0.0,1.256288669542056,0.7761883565146775,,0,0.0
persistence,unseen_seastate,pitch_rate,20,2.0,1,True,542880,1.75173518675313,,1.1612702798141943,,1.75173518675313,0.0,,0.0,0.0,1.2564720932103475,1.3941695929571831,,0,0.0
persistence,unseen_seastate,pitch_rate,30,3.0,1,True,542880,2.2061010698625934,,1.4785141357756768,,2.2061010698625934,0.0,,0.0,0.0,1.2564709426767824,1.7557915546878637,,0,0.0
persistence,unseen_seastate,pitch_rate,50,5.0,1,True,542880,2.178290159899136,,1.4958081575207731,,2.178290159899136,0.0,,0.0,0.0,1.2560499558821334,1.7342384749094684,,0,0.0
persistence,unseen_seastate,pitch_rate,100,10.0,1,True,542880,1.6285109886511375,,1.1025266953053143,,1.6285109886511375,0.0,,0.0,0.0,1.2558852337264772,1.2967036675946901,,0,0.0
persistence,unseen_seastate,pitch_rate,150,15.0,1,True,542880,1.8234169111921585,,1.2291202357225066,,1.8234169111921585,0.0,,0.0,0.0,1.2565624407980214,1.451115242656893,,0,0.0
persistence,unseen_seastate,roll,10,1.0,1,True,542880,3.25942469682689,,2.2059932548438312,,3.25942469682689,0.0,,0.0,0.0,6.257000679431415,0.5209244594685069,,0,0.0
persistence,unseen_seastate,roll,20,2.0,1,True,542880,6.285602666698202,,4.252477207635494,,6.285602666698202,0.0,,0.0,0.0,6.258149735730003,1.0043867488199365,,0,0.0
persistence,unseen_seastate,roll,30,3.0,1,True,542880,8.864531895835025,,5.993430301650117,,8.864531895835025,0.0,,0.0,0.0,6.258818948538503,1.4163266214794379,,0,0.0
persistence,unseen_seastate,roll,50,5.0,1,True,542880,12.020706403631479,,8.110495020546795,,12.020706403631479,0.0,,0.0,0.0,6.25953903317843,1.9203820504858613,,0,0.0
persistence,unseen_seastate,roll,100,10.0,1,True,542880,6.564312783673568,,4.3804521297379875,,6.564312783673568,0.0,,0.0,0.0,6.263610691806128,1.048007787626522,,0,0.0
persistence,unseen_seastate,roll,150,15.0,1,True,542880,8.758534298487419,,5.946180365109693,,8.758534298487419,0.0,,0.0,0.0,6.26746488344986,1.3974604503354433,,0,0.0
persistence,unseen_seastate,roll_rate,10,1.0,1,True,542880,1.7507606275566403,,1.190506923311645,,1.7507606275566403,0.0,,0.0,0.0,3.299047438683298,0.5306867088444768,,0,0.0
persistence,unseen_seastate,roll_rate,20,2.0,1,True,542880,3.368958975401052,,2.289412733331698,,3.368958975401052,0.0,,0.0,0.0,3.2992335448738204,1.0211338268658088,,0,0.0
persistence,unseen_seastate,roll_rate,30,3.0,1,True,542880,4.734841225141871,,3.2144823401219966,,4.734841225141871,0.0,,0.0,0.0,3.2996776276077266,1.4349405485937246,,0,0.0
persistence,unseen_seastate,roll_rate,50,5.0,1,True,542880,6.356646858286032,,4.303490532971609,,6.356646858286032,0.0,,0.0,0.0,3.3008478104739085,1.9257618718790301,,0,0.0
persistence,unseen_seastate,roll_rate,100,10.0,1,True,542880,3.3400320894805207,,2.240686701207135,,3.3400320894805207,0.0,,0.0,0.0,3.3023390388764846,1.0114140462745642,,0,0.0
persistence,unseen_seastate,roll_rate,150,15.0,1,True,542880,4.761033745378059,,3.242668906868815,,4.761033745378059,0.0,,0.0,0.0,3.303717238675165,1.441114175766234,,0,0.0
residual_interval,unseen_seastate,heave,10,1.0,1,True,542880,0.018367410630355893,,0.012127833388712529,,0.7230439858176025,0.999354692913094,,0.999234368250381,0.9994575398566211,1.3052269451126672,0.01407219694562038,,68400,3.3781932900019456
residual_interval,unseen_seastate,heave,20,2.0,1,True,542880,0.17600073243117123,,0.11580997232482726,,1.3801185991770855,0.9837371695995356,,0.9807168022884544,0.9863286480221136,1.3051890619407918,0.1348469256779255,,68400,3.3781932900019456
residual_interval,unseen_seastate,heave,30,3.0,1,True,542880,0.6015955278086014,,0.3938206740995006,,1.9144386984978832,0.9012524636704918,,0.8828376333160396,0.9169655364813102,1.3051257868066772,0.46094831156509297,,68400,3.3781932900019456
residual_interval,unseen_seastate,heave,50,5.0,1,True,542880,1.0353996072555727,,0.6657281235961879,,2.4740805367882084,0.8248587978687976,,0.791853837422214,0.8524801204237729,1.305196114559555,0.7932904455549759,,68400,3.3781932900019456
residual_interval,unseen_seastate,heave,100,10.0,1,True,542880,1.4626981092881168,,1.0043237983562776,,1.4729533632755942,0.01387627575887973,,-0.09579522728055215,0.11811182562118464,1.3048466130537077,1.1209732198829043,,68400,3.3781932900019456
residual_interval,unseen_seastate,heave,150,15.0,1,True,542880,1.73696265437559,,1.2536593387724884,,1.8518455911559912,0.12022540236677282,,-0.022022523592438937,0.23897048307878027,1.3047382588874747,1.3312728760300665,,68400,3.3781932900019456
residual_interval,unseen_seastate,heave_rate,10,1.0,1,True,542880,0.007231510008888929,,0.0050911399821691565,,0.4398398830423327,0.9997296858567596,,0.9996826228586756,0.9997696819756053,0.734348118721256,0.00984752302692814,,68400,3.3781932900019456
residual_interval,unseen_seastate,heave_rate,20,2.0,1,True,542880,0.06895980725062228,,0.04830552517554601,,0.8317851168879822,0.9931266289828146,,0.9919201839755197,0.9941556963683406,0.7343764911329834,0.09390252558906438,,68400,3.3781932900019456
residual_interval,unseen_seastate,heave_rate,30,3.0,1,True,542880,0.23412346337823434,,0.16276979140069153,,1.1362827111436415,0.9575461498787927,,0.9500534200408197,0.9639413253170847,0.7344107746237766,0.3187908885162679,,68400,3.3781932900019456
residual_interval,unseen_seastate,heave_rate,50,5.0,1,True,542880,0.39580874844516517,,0.270033775298801,,1.4001961120139228,0.9200914880516984,,0.9057256921818228,0.9323231861441765,0.734264962236321,0.5390543860892757,,68400,3.3781932900019456
residual_interval,unseen_seastate,heave_rate,100,10.0,1,True,542880,0.615101231537015,,0.4564878720368032,,0.7683267045109754,0.35908367038924927,,0.29485394470887977,0.415256553150334,0.7341029397003275,0.8378950665803206,,68400,3.3781932900019456
residual_interval,unseen_seastate,heave_rate,150,15.0,1,True,542880,0.783575448272549,,0.6011213144941412,,1.1070364316158197,0.49899989962523006,,0.4422573904340673,0.5459202296515322,0.7341299638155024,1.0673524946455841,,68400,3.3781932900019456
residual_interval,unseen_seastate,pitch,10,1.0,1,True,542880,0.01794613708855146,,0.010995625715090827,,1.2228602601407708,0.9997846284674688,,0.9997469478718698,0.9998166904565952,1.7997766828726487,0.009971313251990452,,68400,3.3781932900019456
residual_interval,unseen_seastate,pitch,20,2.0,1,True,542880,0.16654179128001548,,0.10126267476174611,,2.2574679499954007,0.9945574393597131,,0.9935341020762509,0.9954150774362677,1.7994950774677116,0.0925491785809032,,68400,3.3781932900019456
residual_interval,unseen_seastate,pitch,30,3.0,1,True,542880,0.548256837384475,,0.32793283708734716,,2.9691366291153294,0.9659036612167687,,0.959000873352566,0.9716578972351684,1.7992884411802126,0.3047075859748508,,68400,3.3781932900019456
residual_interval,unseen_seastate,pitch,50,5.0,1,True,542880,0.9018729494612638,,0.5250527649581329,,3.3044138255161024,0.9255093333664013,,0.9104308172326875,0.9382663678895694,1.799307264730753,0.5012334286307788,,68400,3.3781932900019456
residual_interval,unseen_seastate,pitch,100,10.0,1,True,542880,1.5899767086037178,,1.0481294060414164,,2.143658806541388,0.44986382952281045,,0.40173088777880345,0.49221000610917853,1.7986835875269107,0.8839668742348658,,68400,3.3781932900019456
residual_interval,unseen_seastate,pitch,150,15.0,1,True,542880,1.9664230996967083,,1.3241927632398958,,2.6262925581694647,0.4393811084454774,,0.376305064887158,0.49030457745861034,1.799090637361259,1.0930094675946271,,68400,3.3781932900019456
residual_interval,unseen_seastate,pitch_rate,10,1.0,1,True,542880,0.016845086938835126,,0.009089233930960892,,0.9751166377198593,0.9997015762520876,,0.9996575955590405,0.9997464302793725,1.256288669542056,0.013408611688725584,,68400,3.3781932900019456
residual_interval,unseen_seastate,pitch_rate,20,2.0,1,True,542880,0.13670191193811004,,0.0781348385117757,,1.75173518675313,0.9939100704282096,,0.9931183924325686,0.9947103443600598,1.2564720932103475,0.10879820783669775,,68400,3.3781932900019456
residual_interval,unseen_seastate,pitch_rate,30,3.0,1,True,542880,0.3796695936423081,,0.2311492947359381,,2.2061010698625934,0.9703816524837658,,0.9671176507699872,0.9737806049049244,1.2564709426767824,0.3021714078269578,,68400,3.3781932900019456
residual_interval,unseen_seastate,pitch_rate,50,5.0,1,True,542880,0.5362512457496039,,0.34022860257566795,,2.178290159899136,0.9393954586409218,,0.9327340271649577,0.9454838414910818,1.2560499558821334,0.42693464797185604,,68400,3.3781932900019456
residual_interval,unseen_seastate,pitch_rate,100,10.0,1,True,542880,1.167840724172863,,0.7706211127326864,,1.6285109886511375,0.4857363304189626,,0.4635065624341184,0.5083453553356957,1.2558852337264772,0.929894462336843,,68400,3.3781932900019456
residual_interval,unseen_seastate,pitch_rate,150,15.0,1,True,542880,1.3027364635288134,,0.8917197669541028,,1.8234169111921585,0.48956413510043995,,0.46977820068238285,0.506028799869381,1.2565624407980214,1.036746301840335,,68400,3.3781932900019456
residual_interval,unseen_seastate,roll,10,1.0,1,True,542880,0.03727488882706527,,0.023111917466236597,,3.25942469682689,0.9998692171461835,,0.9998508155267343,0.9998849039814888,6.257000679431415,0.005957309378213541,,68400,3.3781932900019456
residual_interval,unseen_seastate,roll,20,2.0,1,True,542880,0.35418297065267657,,0.2190289993625166,,6.285602666698202,0.9968248700569291,,0.9963750674908629,0.9972100200307604,6.258149735730003,0.05659547719520356,,68400,3.3781932900019456
residual_interval,unseen_seastate,roll,30,3.0,1,True,542880,1.1954178816885668,,0.73617888969073,,8.864531895835025,0.9818143896352168,,0.9792080474396687,0.9840654058205087,6.258818948538503,0.1909973577311593,,68400,3.3781932900019456
residual_interval,unseen_seastate,roll,50,5.0,1,True,542880,1.942968531815876,,1.1793316756680958,,12.020706403631479,0.9738740823410138,,0.9700013737550691,0.9773046010740521,6.25953903317843,0.31040121668979953,,68400,3.3781932900019456
residual_interval,unseen_seastate,roll,100,10.0,1,True,542880,3.1938893163379216,,2.0600706263087836,,6.564312783673568,0.7632656981089879,,0.7435439270483948,0.7815641746338934,6.263610691806128,0.5099118501276068,,68400,3.3781932900019456
residual_interval,unseen_seastate,roll,150,15.0,1,True,542880,4.413068530452672,,2.919067062433846,,8.758534298487419,0.7461258553014931,,0.7248130220982215,0.763928723728722,6.26746488344986,0.7041233756420419,,68400,3.3781932900019456
residual_interval,unseen_seastate,roll_rate,10,1.0,1,True,542880,0.01675300797839069,,0.010910340505050272,,1.7507606275566403,0.9999084344627265,,0.9998983067893902,0.9999169124203453,3.299047438683298,0.005078134913112096,,68400,3.3781932900019456
residual_interval,unseen_seastate,roll_rate,20,2.0,1,True,542880,0.15861813159209884,,0.10291302675859874,,3.368958975401052,0.9977832627726735,,0.9975352005732484,0.9979924373106818,3.2992335448738204,0.048077266866588315,,68400,3.3781932900019456
residual_interval,unseen_seastate,roll_rate,30,3.0,1,True,542880,0.5325205952656569,,0.34369776175943073,,4.734841225141871,0.9873508315225894,,0.9859136503781971,0.988569031903708,3.2996776276077266,0.16138564289134374,,68400,3.3781932900019456
residual_interval,unseen_seastate,roll_rate,50,5.0,1,True,542880,0.8521040389955752,,0.543439487576591,,6.356646858286032,0.9820307861271128,,0.9799026887615294,0.9838937846778334,3.3008478104739085,0.25814702401357825,,68400,3.3781932900019456
residual_interval,unseen_seastate,roll_rate,100,10.0,1,True,542880,1.5230878161648174,,1.020239040489151,,3.3400320894805207,0.7920549391422783,,0.780630436335448,0.8030215574597575,3.3023390388764846,0.4612148535430206,,68400,3.3781932900019456
residual_interval,unseen_seastate,roll_rate,150,15.0,1,True,542880,2.1877994295744525,,1.4814527950833167,,4.761033745378059,0.788839593126671,,0.7773614117717941,0.7982771657646192,3.303717238675165,0.6622235716673468,,68400,3.3781932900019456
window_mean,unseen_seastate,heave,10,1.0,1,True,542880,1.3946028532381247,,1.1108873302690976,,0.7230439858176025,-2.720246036516437,,-2.798575361510748,-2.6423451976616703,1.3052269451126672,1.0684753777571934,,0,0.0
window_mean,unseen_seastate,heave,20,2.0,1,True,542880,1.4362641778690983,,1.1445170312228883,,1.3801185991770855,-0.08301841259252751,,-0.1054850457095089,-0.06092075245032439,1.3051890619407918,1.100426152616848,,0,0.0
window_mean,unseen_seastate,heave,30,3.0,1,True,542880,1.4456269451513808,,1.1524493100009967,,1.9144386984978832,0.4297969449014116,,0.41898255636195547,0.440622861827019,1.3051257868066772,1.10765334634026,,0,0.0
window_mean,unseen_seastate,heave,50,5.0,1,True,542880,1.3753049583944825,,1.0967958340133066,,2.4740805367882084,0.6909915525766708,,0.6867157344874644,0.6948900795211501,1.305196114559555,1.0537151796981759,,0,0.0
window_mean,unseen_seastate,heave,100,10.0,1,True,542880,1.2440057709422736,,0.990842420402492,,1.4729533632755942,0.2867089129907052,,0.25269346488923866,0.31968293176129386,1.3048466130537077,0.9533731846312192,,0,0.0
window_mean,unseen_seastate,heave,150,15.0,1,True,542880,1.3681769431506676,,1.0893680570304116,,1.8518455911559912,0.45414789330962113,,0.4366823415886387,0.47092792830978014,1.3047382588874747,1.048621770559013,,0,0.0
window_mean,unseen_seastate,heave_rate,10,1.0,1,True,542880,0.7814630307777044,,0.6172877017710565,,0.4398398830423327,-2.156658936021811,,-2.231673010863854,-2.084865839770596,0.734348118721256,1.0641588244802629,,0,0.0
window_mean,unseen_seastate,heave_rate,20,2.0,1,True,542880,0.8014567877255201,,0.6338894336232942,,0.8317851168879822,0.07159401339492821,,0.0511444107143475,0.09120387721638894,0.7343764911329834,1.091343197123653,,0,0.0
window_mean,unseen_seastate,heave_rate,30,3.0,1,True,542880,0.8026607362380264,,0.6356228712335794,,1.1362827111436415,0.5010106912815555,,0.4916257175264594,0.5098427988370586,0.7344107746237766,1.092931590837856,,0,0.0
window_mean,unseen_seastate,heave_rate,50,5.0,1,True,542880,0.7569888553730191,,0.6005118745849415,,1.4001961120139228,0.7077185611258547,,0.7050186622210078,0.7101215478873468,0.734264962236321,1.0309478108113572,,0,0.0
window_mean,unseen_seastate,heave_rate,100,10.0,1,True,542880,0.713513792436486,,0.5612151767294621,,0.7683267045109754,0.13759177675656975,,0.10849785666575627,0.1670540807635398,0.7341029397003275,0.9719533240498311,,0,0.0
window_mean,unseen_seastate,heave_rate,150,15.0,1,True,542880,0.7628913798516622,,0.6027573105224624,,1.1070364316158197,0.52510063525281,,0.5134640392044219,0.5357613109114682,0.7341299638155024,1.0391775536400636,,0,0.0
window_mean,unseen_seastate,pitch,10,1.0,1,True,542880,1.8986577495757608,,1.321250037334401,,1.2228602601407708,-1.4106808001695277,,-1.4804128979801863,-1.3432082272557857,1.7997766828726487,1.0549407421732382,,0,0.0
window_mean,unseen_seastate,pitch,20,2.0,1,True,542880,1.943162422967398,,1.3531710820414198,,2.2574679499954007,0.2590736834967171,,0.23979976351158053,0.27781206104421474,1.7994950774677116,1.0798375873869341,,0,0.0
window_mean,unseen_seastate,pitch,30,3.0,1,True,542880,1.93677521694929,,1.349658269048049,,2.9691366291153294,0.5745014612642354,,0.5654666415151989,0.5835804886256287,1.7992884411802126,1.0764117484570153,,0,0.0
window_mean,unseen_seastate,pitch,50,5.0,1,True,542880,1.8241105971218372,,1.2718207274599491,,3.3044138255161024,0.6952712209283369,,0.6921848627545707,0.6978326908518739,1.799307264730753,1.0137849342784684,,0,0.0
window_mean,unseen_seastate,pitch,100,10.0,1,True,542880,1.7830412029548364,,1.237640133584374,,2.143658806541388,0.30815081565911107,,0.2922619659495811,0.32524294519319563,1.7986835875269107,0.9913034261942748,,0,0.0
window_mean,unseen_seastate,pitch,150,15.0,1,True,542880,1.8367194163044058,,1.278831684971606,,2.6262925581694647,0.5108980121482962,,0.4992534126478573,0.5214400663782679,1.799090637361259,1.0209154437034575,,0,0.0
window_mean,unseen_seastate,pitch_rate,10,1.0,1,True,542880,1.3178029309165527,,0.8991136860219167,,0.9751166377198593,-0.8263659642029386,,-0.8750219916723002,-0.7808417933651571,1.256288669542056,1.0489650689892156,,0,0.0
window_mean,unseen_seastate,pitch_rate,20,2.0,1,True,542880,1.3417744853710574,,0.9168902151501639,,1.75173518675313,0.41329180927114895,,0.40049740411673207,0.42567907775954694,1.2564720932103475,1.0678903993345035,,0,0.0
window_mean,unseen_seastate,pitch_rate,30,3.0,1,True,542880,1.3262612860232637,,0.907817029229802,,2.2061010698625934,0.638584000199518,,0.633408133087117,0.6436429163054794,1.2564709426767824,1.0555447332493022,,0,0.0
window_mean,unseen_seastate,pitch_rate,50,5.0,1,True,542880,1.245140104442897,,0.8525384565575835,,2.178290159899136,0.6732579845081277,,0.6693656419413171,0.6769980987220404,1.2560499558821334,0.9913141580172466,,0,0.0
window_mean,unseen_seastate,pitch_rate,100,10.0,1,True,542880,1.2642368437885805,,0.8575644273216638,,1.6285109886511375,0.3973356541846095,,0.39008423556943567,0.4038008118204911,1.2558852337264772,1.0066499787065115,,0,0.0
window_mean,unseen_seastate,pitch_rate,150,15.0,1,True,542880,1.2689284446187903,,0.8665011947358161,,1.8234169111921585,0.5157135601653577,,0.5099156385736422,0.5212058503526653,1.2565624407980214,1.0098411375505665,,0,0.0
window_mean,unseen_seastate,roll,10,1.0,1,True,542880,7.018108737628716,,4.725985939852176,,3.25942469682689,-3.6361585721576795,,-3.6562380283890863,-3.6159471295907726,6.257000679431415,1.121641038125389,,0,0.0
window_mean,unseen_seastate,roll,20,2.0,1,True,542880,7.179845092431534,,4.832400198506001,,6.285602666698202,-0.304777021787743,,-0.31134052929638545,-0.29849840561825736,6.258149735730003,1.1472792112082657,,0,0.0
window_mean,unseen_seastate,roll,30,3.0,1,True,542880,7.13182252411556,,4.79911198688446,,8.864531895835025,0.35272409535263494,,0.34916132548421613,0.35621700429701425,6.258818948538503,1.1394837560816347,,0,0.0
window_mean,unseen_seastate,roll,50,5.0,1,True,542880,6.499464666220951,,4.375934301043531,,12.020706403631479,0.7076553205777212,,0.7058306410904807,0.7091915847092916,6.25953903317843,1.038329600913231,,0,0.0
window_mean,unseen_seastate,roll,100,10.0,1,True,542880,5.784750613938083,,3.911451496184658,,6.564312783673568,0.22341186946691183,,0.20831082165179288,0.23940080864399066,6.263610691806128,0.9235488759710951,,0,0.0
window_mean,unseen_seastate,roll,150,15.0,1,True,542880,7.007837108253422,,4.7111723076681065,,8.758534298487419,0.3598155413360776,,0.3508982374778407,0.36853936702986323,6.26746488344986,1.1181294572162057,,0,0.0
window_mean,unseen_seastate,roll_rate,10,1.0,1,True,542880,3.6933004070457334,,2.495995413025788,,1.7507606275566403,-3.450161018503483,,-3.4733688151482385,-3.4254740023266077,3.299047438683298,1.1195050922092191,,0,0.0
window_mean,unseen_seastate,roll_rate,20,2.0,1,True,542880,3.7689178878297858,,2.5460990433323327,,3.368958975401052,-0.25153185018445035,,-0.2584858965294072,-0.24441283004508407,3.2992335448738204,1.1423616535682164,,0,0.0
window_mean,unseen_seastate,roll_rate,30,3.0,1,True,542880,3.7356458569931426,,2.5231079214202325,,4.734841225141871,0.37752694710436674,,0.3739463269050833,0.3810866817201996,3.2996776276077266,1.1321244917193605,,0,0.0
window_mean,unseen_seastate,roll_rate,50,5.0,1,True,542880,3.3972575502315983,,2.2960429312948754,,6.356646858286032,0.7143720025464866,,0.7129479736297555,0.7156660548583421,3.3008478104739085,1.0292075688711768,,0,0.0
window_mean,unseen_seastate,roll_rate,100,10.0,1,True,542880,3.0823717778808444,,2.0920485257681505,,3.3400320894805207,0.1483350769801881,,0.1337860238673988,0.16416794572106874,3.3023390388764846,0.9333904670580169,,0,0.0
window_mean,unseen_seastate,roll_rate,150,15.0,1,True,542880,3.672411600997882,,2.477720512114972,,4.761033745378059,0.40502299403711906,,0.39727628319572716,0.4129382603985236,3.303717238675165,1.1115998542510157,,0,0.0
dlinear_ols,unseen_vessel,heave,10,1.0,1,True,434304,0.004009881148341606,,0.0020050750285069596,,0.3613733827789103,0.9998768737426018,,0.9998405198553137,0.9999107721134352,0.6538497228934008,0.006132725927598733,,60300,0.16945415499503724
dlinear_ols,unseen_vessel,heave,20,2.0,1,True,434304,0.039632376350150066,,0.019729020715570013,,0.6907853787492375,0.9967083477054985,,0.9957326391245892,0.9976231927169178,0.6539339478701262,0.06060608487941845,,60300,0.16945415499503724
dlinear_ols,unseen_vessel,heave,30,3.0,1,True,434304,0.1416756514679763,,0.06998188043334441,,0.9600670236676927,0.978223537535422,,0.9716489798931748,0.9843626680859284,0.6541326237646001,0.2165855154152356,,60300,0.16945415499503724
dlinear_ols,unseen_vessel,heave,50,5.0,1,True,434304,0.30596957599714236,,0.14789376964782355,,1.244790554262758,0.9395823371893334,,0.921305202265713,0.9568465891027459,0.6542583886872622,0.4676586212536847,,60300,0.16945415499503724
dlinear_ols,unseen_vessel,heave,100,10.0,1,True,434304,0.5220725320382785,,0.2873253422376155,,0.7165157668754824,0.46910310495311136,,0.3918597946362381,0.5445744040225402,0.6543754769960836,0.7978179965344318,,60300,0.16945415499503724
dlinear_ols,unseen_vessel,heave,150,15.0,1,True,434304,0.6457526818491078,,0.37905100532982294,,0.950165585399252,0.5381150152101475,,0.467803861910137,0.602424531676532,0.6543828266952652,0.9868117797501794,,60300,0.16945415499503724
dlinear_ols,unseen_vessel,heave_rate,10,1.0,1,True,434304,0.0017901860193973668,,0.0010569602669403438,,0.21659232334739117,0.9999316859233855,,0.99991829942237,0.9999439377853965,0.366916177705551,0.004879005419145037,,60300,0.16945415499503724
dlinear_ols,unseen_vessel,heave_rate,20,2.0,1,True,434304,0.01760975002987364,,0.01035647970969722,,0.4110426972592282,0.9981645924710333,,0.9977971141474253,0.998498432083242,0.36695350087924916,0.047989050350192346,,60300,0.16945415499503724
dlinear_ols,unseen_vessel,heave_rate,30,3.0,1,True,434304,0.062451099781919615,,0.0364758906208888,,0.5645392543584054,0.9877625229299308,,0.9852785274315771,0.990027501852026,0.36689902485748377,0.1702133163373159,,60300,0.16945415499503724
dlinear_ols,unseen_vessel,heave_rate,50,5.0,1,True,434304,0.13199352621947186,,0.075632216876233,,0.7042908103788279,0.9648762223660562,,0.9576057581664877,0.9717639667505185,0.3669440869125789,0.3597101872659911,,60300,0.16945415499503724
dlinear_ols,unseen_vessel,heave_rate,100,10.0,1,True,434304,0.2567155686921726,,0.15925441075033495,,0.3657020032405109,0.5072237860737283,,0.46476708019531754,0.5501238438333848,0.36700725147074686,0.6994836414359913,,60300,0.16945415499503724
dlinear_ols,unseen_vessel,heave_rate,150,15.0,1,True,434304,0.34380533842450384,,0.2165487640859686,,0.5672327891617418,0.6326309401941281,,0.6039094186722871,0.6600706930932049,0.3670157241047937,0.9367591518404191,,60300,0.16945415499503724
dlinear_ols,unseen_vessel,pitch,10,1.0,1,True,434304,0.005424324112747229,,0.0031788838330665077,,0.6873843757468203,0.9999377281238977,,0.9999278099920684,0.9999463911300004,1.054918979036852,0.005141934329117553,,60300,0.16945415499503724
dlinear_ols,unseen_vessel,pitch,20,2.0,1,True,434304,0.05273942470491131,,0.03082316223746634,,1.2853247339496268,0.9983163762387963,,0.9980428428931424,0.9985586678998303,1.0551327883415698,0.049983684790807954,,60300,0.16945415499503724
dlinear_ols,unseen_vessel,pitch,30,3.0,1,True,434304,0.1836326391280883,,0.10673148736913583,,1.722301774874387,0.9886320735929595,,0.9866977915986486,0.990342848764995,1.0554849077799053,0.1739794077343456,,60300,0.16945415499503724
dlinear_ols,unseen_vessel,pitch,50,5.0,1,True,434304,0.3703766007899553,,0.21154753588936132,,1.9909875298307909,0.9653941115722069,,0.9590574564747048,0.9711197449132618,1.0556697846975003,0.35084512804928475,,60300,0.16945415499503724
dlinear_ols,unseen_vessel,pitch,100,10.0,1,True,434304,0.7860264722696211,,0.47293539005061147,,1.1519230367908961,0.5343845118433187,,0.5107194838397578,0.5607691711002557,1.0562287908366403,0.7441820172758294,,60300,0.16945415499503724
dlinear_ols,unseen_vessel,pitch,150,15.0,1,True,434304,1.037055103714624,,0.6216343887618827,,1.5949893325557711,0.5772456347469381,,0.5419505999040958,0.6080695622021323,1.0566735693319307,0.9814337500371944,,60300,0.16945415499503724
dlinear_ols,unseen_vessel,pitch_rate,10,1.0,1,True,434304,0.004085214680413252,,0.002417517098059823,,0.5015508593238505,0.9999336562814282,,0.9999282286161955,0.9999388504176657,0.7030690217475473,0.0058105456989970185,,60300,0.16945415499503724
dlinear_ols,unseen_vessel,pitch_rate,20,2.0,1,True,434304,0.038903030266368877,,0.02315227156077356,,0.9238665701266839,0.9982268382389082,,0.998082459452055,0.9983627545868733,0.703086203551836,0.055331807209186255,,60300,0.16945415499503724
dlinear_ols,unseen_vessel,pitch_rate,30,3.0,1,True,434304,0.13112926929088234,,0.07864697978462731,,1.207871649787205,0.9882142369260365,,0.9872405906164681,0.989112384676786,0.7030053176354107,0.1865267103980684,,60300,0.16945415499503724
dlinear_ols,unseen_vessel,pitch_rate,50,5.0,1,True,434304,0.24428926404572618,,0.14835883529393545,,1.2924442841379322,0.9642739417600432,,0.9609178637573944,0.9670954503086235,0.7031631741182381,0.34741475810655653,,60300,0.16945415499503724
dlinear_ols,unseen_vessel,pitch_rate,100,10.0,1,True,434304,0.5552232803287858,,0.33965973268402394,,0.828406348770982,0.5507909490563141,,0.5368277284736854,0.5656666503376041,0.7033991527997708,0.7893431177999091,,60300,0.16945415499503724
dlinear_ols,unseen_vessel,pitch_rate,150,15.0,1,True,434304,0.7042655391840723,,0.42872447299291055,,1.0501412815237843,0.5502435356736531,,0.5257864839161899,0.5723267981115087,0.7036809279539469,1.0008307902159936,,60300,0.16945415499503724
dlinear_ols,unseen_vessel,roll,10,1.0,1,True,434304,0.01282141213008481,,0.004874334595434458,,0.9927496007005082,0.9998332014470828,,0.99979720320852,0.9998731646209599,2.1637411794341554,0.005925575688973006,,60300,0.16945415499503724
dlinear_ols,unseen_vessel,roll,20,2.0,1,True,434304,0.12525177948380828,,0.0475607873451115,,1.9285880231694805,0.9957821718728969,,0.9948702497032846,0.9967936750661812,2.16324713835809,0.05789989375826689,,60300,0.16945415499503724
dlinear_ols,unseen_vessel,roll,30,3.0,1,True,434304,0.4407818463137354,,0.16697681467965003,,2.7551118746389696,0.974404187375992,,0.9688684001210839,0.9805281566708703,2.162494943561516,0.20383023212428453,,60300,0.16945415499503724
dlinear_ols,unseen_vessel,roll,50,5.0,1,True,434304,0.8883344787795501,,0.33677792620152247,,3.9136091054126094,0.9484773555281139,,0.937449262237925,0.9606428849858775,2.162524144828776,0.4107859238953776,,60300,0.16945415499503724
dlinear_ols,unseen_vessel,roll,100,10.0,1,True,434304,1.6209788104842697,,0.6678812111705041,,3.271183744913753,0.7544472531972567,,0.7283895565598063,0.7835509967438073,2.1632182726804206,0.749336685509656,,60300,0.16945415499503724
dlinear_ols,unseen_vessel,roll,150,15.0,1,True,434304,2.1541455584798173,,0.9180492202805959,,1.6783489246691847,-0.6473488699523737,,-1.0030388510265826,-0.28855708733825863,2.164599840366654,0.995170339712736,,60300,0.16945415499503724
dlinear_ols,unseen_vessel,roll_rate,10,1.0,1,True,434304,0.005324991846140702,,0.0022596119639646047,,0.47796654791076604,0.9998758796790369,,0.9998507172493584,0.9999033649556585,1.0024554842926892,0.00531194844018226,,60300,0.16945415499503724
dlinear_ols,unseen_vessel,roll_rate,20,2.0,1,True,434304,0.051968112034696,,0.02201825083752988,,0.9249828255033861,0.9968434945699407,,0.9961998059476783,0.9975461755637304,1.0028043048846653,0.05182278514517642,,60300,0.16945415499503724
dlinear_ols,unseen_vessel,roll_rate,30,3.0,1,True,434304,0.18259194240930934,,0.07710163254307156,,1.3131457165389728,0.9806653028164392,,0.9767154735495202,0.9849503437162939,1.0032425289065006,0.18200179632369473,,60300,0.16945415499503724
dlinear_ols,unseen_vessel,roll_rate,50,5.0,1,True,434304,0.367223539689438,,0.15519471643489027,,1.8318743803680173,0.9598144749358664,,0.9520540556277829,0.9683795189251058,1.0033121804656835,0.3660112443955306,,60300,0.16945415499503724
dlinear_ols,unseen_vessel,roll_rate,100,10.0,1,True,434304,0.6994933891631722,,0.32043028628157055,,1.4553535632772143,0.7689903076900557,,0.7490115266400855,0.7895326965789038,1.0033808376976885,0.6971364838581107,,60300,0.16945415499503724
dlinear_ols,unseen_vessel,roll_rate,150,15.0,1,True,434304,0.9508086394260952,,0.44373100398716486,,0.8974121709457911,-0.12254129911776768,,-0.3487444861485009,0.09888576766620555,1.003279779544346,0.9477003910692974,,60300,0.16945415499503724
persistence,unseen_vessel,heave,10,1.0,1,True,434304,0.3613733827789103,,0.22450593458229937,,0.3613733827789103,0.0,,0.0,0.0,0.6538497228934008,0.5526856862151277,,0,0.0
persistence,unseen_vessel,heave,20,2.0,1,True,434304,0.6907853787492375,,0.427618777461175,,0.6907853787492375,0.0,,0.0,0.0,0.6539339478701262,1.0563534451746037,,0,0.0
persistence,unseen_vessel,heave,30,3.0,1,True,434304,0.9600670236676927,,0.5905092190166114,,0.9600670236676927,0.0,,0.0,0.0,0.6541326237646001,1.467694759118432,,0,0.0
persistence,unseen_vessel,heave,50,5.0,1,True,434304,1.244790554262758,,0.7469563874983125,,1.244790554262758,0.0,,0.0,0.0,0.6542583886872622,1.9025977744975804,,0,0.0
persistence,unseen_vessel,heave,100,10.0,1,True,434304,0.7165157668754824,,0.40442685410422463,,0.7165157668754824,0.0,,0.0,0.0,0.6543754769960836,1.094961214262879,,0,0.0
persistence,unseen_vessel,heave,150,15.0,1,True,434304,0.950165585399252,,0.5693823239078859,,0.950165585399252,0.0,,0.0,0.0,0.6543828266952652,1.452002630016646,,0,0.0
persistence,unseen_vessel,heave_rate,10,1.0,1,True,434304,0.21659232334739117,,0.1378995993982197,,0.21659232334739117,0.0,,0.0,0.0,0.366916177705551,0.5903046431525998,,0,0.0
persistence,unseen_vessel,heave_rate,20,2.0,1,True,434304,0.4110426972592282,,0.2609702931716797,,0.4110426972592282,0.0,,0.0,0.0,0.36695350087924916,1.1201492730668543,,0,0.0
persistence,unseen_vessel,heave_rate,30,3.0,1,True,434304,0.5645392543584054,,0.3565396802268231,,0.5645392543584054,0.0,,0.0,0.0,0.36689902485748377,1.5386774455933532,,0,0.0
persistence,unseen_vessel,heave_rate,50,5.0,1,True,434304,0.7042908103788279,,0.43508076603276374,,0.7042908103788279,0.0,,0.0,0.0,0.3669440869125789,1.9193409445690803,,0,0.0
persistence,unseen_vessel,heave_rate,100,10.0,1,True,434304,0.3657020032405109,,0.22580740745505767,,0.3657020032405109,0.0,,0.0,0.0,0.36700725147074686,0.9964435355840918,,0,0.0
persistence,unseen_vessel,heave_rate,150,15.0,1,True,434304,0.5672327891617418,,0.3442640602052877,,0.5672327891617418,0.0,,0.0,0.0,0.3670157241047937,1.5455272128879696,,0,0.0
persistence,unseen_vessel,pitch,10,1.0,1,True,434304,0.6873843757468203,,0.418886135596826,,0.6873843757468203,0.0,,0.0,0.0,1.054918979036852,0.6515992122678528,,0,0.0
persistence,unseen_vessel,pitch,20,2.0,1,True,434304,1.2853247339496268,,0.7815396135140278,,1.2853247339496268,0.0,,0.0,0.0,1.0551327883415698,1.2181639582728414,,0,0.0
persistence,unseen_vessel,pitch,30,3.0,1,True,434304,1.722301774874387,,1.042275238677372,,1.722301774874387,0.0,,0.0,0.0,1.0554849077799053,1.6317635261095835,,0,0.0
persistence,unseen_vessel,pitch,50,5.0,1,True,434304,1.9909875298307909,,1.1745713243629246,,1.9909875298307909,0.0,,0.0,0.0,1.0556697846975003,1.8859946156376008,,0,0.0
persistence,unseen_vessel,pitch,100,10.0,1,True,434304,1.1519230367908961,,0.700032193419381,,1.1519230367908961,0.0,,0.0,0.0,1.0562287908366403,1.0905999218961417,,0,0.0
persistence,unseen_vessel,pitch,150,15.0,1,True,434304,1.5949893325557711,,0.9220420329715694,,1.5949893325557711,0.0,,0.0,0.0,1.0566735693319307,1.5094437665968916,,0,0.0
persistence,unseen_vessel,pitch_rate,10,1.0,1,True,434304,0.5015508593238505,,0.30509585991935106,,0.5015508593238505,0.0,,0.0,0.0,0.7030690217475473,0.7133735718823117,,0,0.0
persistence,unseen_vessel,pitch_rate,20,2.0,1,True,434304,0.9238665701266839,,0.5623647872914138,,0.9238665701266839,0.0,,0.0,0.0,0.703086203551836,1.3140160700914258,,0,0.0
persistence,unseen_vessel,pitch_rate,30,3.0,1,True,434304,1.207871649787205,,0.7349651851342066,,1.207871649787205,0.0,,0.0,0.0,0.7030053176354107,1.718154357423546,,0,0.0
persistence,unseen_vessel,pitch_rate,50,5.0,1,True,434304,1.2924442841379322,,0.7750661419950987,,1.2924442841379322,0.0,,0.0,0.0,0.7031631741182381,1.8380431906984442,,0,0.0
persistence,unseen_vessel,pitch_rate,100,10.0,1,True,434304,0.828406348770982,,0.5063431139853053,,0.828406348770982,0.0,,0.0,0.0,0.7033991527997708,1.177718718417046,,0,0.0
persistence,unseen_vessel,pitch_rate,150,15.0,1,True,434304,1.0501412815237843,,0.6200084000580662,,1.0501412815237843,0.0,,0.0,0.0,0.7036809279539469,1.492354332491603,,0,0.0
persistence,unseen_vessel,roll,10,1.0,1,True,434304,0.9927496007005082,,0.4758944555995301,,0.9927496007005082,0.0,,0.0,0.0,2.1637411794341554,0.4588116222662658,,0,0.0
persistence,unseen_vessel,roll,20,2.0,1,True,434304,1.9285880231694805,,0.9188156398467608,,1.9285880231694805,0.0,,0.0,0.0,2.16324713835809,0.8915245923465239,,0,0.0
persistence,unseen_vessel,roll,30,3.0,1,True,434304,2.7551118746389696,,1.2991454515086305,,2.7551118746389696,0.0,,0.0,0.0,2.162494943561516,1.2740431522588647,,0,0.0
persistence,unseen_vessel,roll,50,5.0,1,True,434304,3.9136091054126094,,1.785685929562679,,3.9136091054126094,0.0,,0.0,0.0,2.162524144828776,1.809741229836063,,0,0.0
persistence,unseen_vessel,roll,100,10.0,1,True,434304,3.271183744913753,,1.3657318512301955,,3.271183744913753,0.0,,0.0,0.0,2.1632182726804206,1.5121838541334363,,0,0.0
persistence,unseen_vessel,roll,150,15.0,1,True,434304,1.6783489246691847,,0.8837780456571696,,1.6783489246691847,0.0,,0.0,0.0,2.164599840366654,0.7753622140085232,,0,0.0
persistence,unseen_vessel,roll_rate,10,1.0,1,True,434304,0.47796654791076604,,0.24789997490930032,,0.47796654791076604,0.0,,0.0,0.0,1.0024554842926892,0.4767957833539201,,0,0.0
persistence,unseen_vessel,roll_rate,20,2.0,1,True,434304,0.9249828255033861,,0.47584571344874466,,0.9249828255033861,0.0,,0.0,0.0,1.0028043048846653,0.9223961454870004,,0,0.0
persistence,unseen_vessel,roll_rate,30,3.0,1,True,434304,1.3131457165389728,,0.6663151831263135,,1.3131457165389728,0.0,,0.0,0.0,1.0032425289065006,1.3089015653774725,,0,0.0
persistence,unseen_vessel,roll_rate,50,5.0,1,True,434304,1.8318743803680173,,0.8889037737280675,,1.8318743803680173,0.0,,0.0,0.0,1.0033121804656835,1.8258269121359214,,0,0.0
persistence,unseen_vessel,roll_rate,100,10.0,1,True,434304,1.4553535632772143,,0.6437659226829309,,1.4553535632772143,0.0,,0.0,0.0,1.0033808376976885,1.4504498278207123,,0,0.0
persistence,unseen_vessel,roll_rate,150,15.0,1,True,434304,0.8974121709457911,,0.49111696548469885,,0.8974121709457911,0.0,,0.0,0.0,1.003279779544346,0.8944784787283999,,0,0.0
residual_interval,unseen_vessel,heave,10,1.0,1,True,434304,0.004009891246537406,,0.002005117995444507,,0.3613733827789103,0.9998768731224564,,0.9998405191148645,0.9999107716541079,0.6538497228934008,0.006132741371813888,,68400,3.1483705639839172
residual_interval,unseen_vessel,heave,20,2.0,1,True,434304,0.03963240561544394,,0.01972913159597307,,0.6907853787492375,0.9967083428442605,,0.9957326316237278,0.9976231898487762,0.6539339478701262,0.060606129632094115,,68400,3.1483705639839172
residual_interval,unseen_vessel,heave,30,3.0,1,True,434304,0.1416758810153101,,0.06998273980673997,,0.9600670236676927,0.97822346696955,,0.9716489221614436,0.9843626185462605,0.6541326237646001,0.2165858663338803,,68400,3.1483705639839172
residual_interval,unseen_vessel,heave,50,5.0,1,True,434304,0.3059698654149748,,0.14789477528298867,,1.244790554262758,0.9395822228906668,,0.9213051667707229,0.9568464844859127,0.6542583886872622,0.4676590636138247,,68400,3.1483705639839172
residual_interval,unseen_vessel,heave,100,10.0,1,True,434304,0.5220755034622013,,0.28733846427955206,,0.7165157668754824,0.46909706163871734,,0.3918511096137898,0.5445700712034411,0.6543754769960836,0.7978225373890745,,68400,3.1483705639839172
residual_interval,unseen_vessel,heave,150,15.0,1,True,434304,0.6457575813928831,,0.3790682827949237,,0.950165585399252,0.5381080062286876,,0.467795372348288,0.6024184770093498,0.6543828266952652,0.9868192670245628,,68400,3.1483705639839172
residual_interval,unseen_vessel,heave_rate,10,1.0,1,True,434304,0.0017901930753623982,,0.0010569709440343517,,0.21659232334739117,0.9999316853848687,,0.9999182988327869,0.999943937443266,0.366916177705551,0.004879024649600002,,68400,3.1483705639839172
residual_interval,unseen_vessel,heave_rate,20,2.0,1,True,434304,0.017609765989627112,,0.010356575803436751,,0.4110426972592282,0.9981645891441644,,0.9977971118164682,0.9984984272591103,0.36695350087924916,0.047989093842769566,,68400,3.1483705639839172
residual_interval,unseen_vessel,heave_rate,30,3.0,1,True,434304,0.06245118111227593,,0.03647594186705127,,0.5645392543584054,0.9877624910560641,,0.985278496067107,0.9900274804541994,0.36689902485748377,0.17021353800690564,,68400,3.1483705639839172
residual_interval,unseen_vessel,heave_rate,50,5.0,1,True,434304,0.13199396289090265,,0.07563430668573409,,0.7042908103788279,0.9648759899671493,,0.9576055988376796,0.9717637288810386,0.3669440869125789,0.3597113772877038,,68400,3.1483705639839172
residual_interval,unseen_vessel,heave_rate,100,10.0,1,True,434304,0.2567261404188704,,0.15928215287724978,,0.3657020032405109,0.507183199499656,,0.46473175640339265,0.5500836628724645,0.36700725147074686,0.6995124466616521,,68400,3.1483705639839172
residual_interval,unseen_vessel,heave_rate,150,15.0,1,True,434304,0.34380762645238494,,0.2165556837174403,,0.5672327891617418,0.6326260504885042,,0.6039027638281906,0.660065298984227,0.3670157241047937,0.9367653859817129,,68400,3.1483705639839172
residual_interval,unseen_vessel,pitch,10,1.0,1,True,434304,0.00542432634428924,,0.0031788937342487277,,0.6873843757468203,0.999937728072661,,0.9999278099081819,0.9999463910632854,1.054918979036852,0.005141936444485704,,68400,3.1483705639839172
residual_interval,unseen_vessel,pitch,20,2.0,1,True,434304,0.052739445209793435,,0.030823250461897617,,1.2853247339496268,0.9983163749296233,,0.9980428425683874,0.9985586660960651,1.0551327883415698,0.049983704224269176,,68400,3.1483705639839172
residual_interval,unseen_vessel,pitch,30,3.0,1,True,434304,0.18363266805247677,,0.10673167273542598,,1.722301774874387,0.9886320700117841,,0.9866977915724872,0.9903428386998112,1.0554849077799053,0.17397943513823194,,68400,3.1483705639839172
residual_interval,unseen_vessel,pitch,50,5.0,1,True,434304,0.3703766304551129,,0.21154784408844376,,1.9909875298307909,0.9653941060287186,,0.9590574509302111,0.9711197354601985,1.0556697846975003,0.3508451561500772,,68400,3.1483705639839172
residual_interval,unseen_vessel,pitch,100,10.0,1,True,434304,0.7860273207800975,,0.47293998962467226,,1.1519230367908961,0.5343835065849798,,0.5107181800230037,0.5607683565227018,1.0562287908366403,0.7441828206154882,,68400,3.1483705639839172
residual_interval,unseen_vessel,pitch,150,15.0,1,True,434304,1.0370571174537606,,0.6216461821207057,,1.5949893325557711,0.5772439929482835,,0.5419480215517218,0.608068457943613,1.0566735693319307,0.9814356557715621,,68400,3.1483705639839172
residual_interval,unseen_vessel,pitch_rate,10,1.0,1,True,434304,0.004085215083351989,,0.0024175173640792365,,0.5015508593238505,0.9999336562683407,,0.9999282286057405,0.9999388504024571,0.7030690217475473,0.005810546272111072,,68400,3.1483705639839172
residual_interval,unseen_vessel,pitch_rate,20,2.0,1,True,434304,0.038903035502412524,,0.02315228815611838,,0.9238665701266839,0.9982268377616008,,0.9980824582997285,0.9983627542347473,0.703086203551836,0.055331814656414804,,68400,3.1483705639839172
residual_interval,unseen_vessel,pitch_rate,30,3.0,1,True,434304,0.13112944707927499,,0.07864772978759636,,1.207871649787205,0.9882142049671412,,0.9872405568354781,0.9891123498593396,0.7030053176354107,0.18652696329571822,,68400,3.1483705639839172
residual_interval,unseen_vessel,pitch_rate,50,5.0,1,True,434304,0.24428954256245763,,0.14836098379984217,,1.2924442841379322,0.9642738602966954,,0.9609178103508063,0.9670953349822814,0.7031631741182381,0.3474151541977366,,68400,3.1483705639839172
residual_interval,unseen_vessel,pitch_rate,100,10.0,1,True,434304,0.5552235091135587,,0.339661489123733,,0.828406348770982,0.5507905788549357,,0.5368271499588388,0.5656664215757943,0.7033991527997708,0.7893434430558779,,68400,3.1483705639839172
residual_interval,unseen_vessel,pitch_rate,150,15.0,1,True,434304,0.704266881200385,,0.4287291539524529,,1.0501412815237843,0.5502418216011808,,0.5257842184423854,0.5723252934747134,0.7036809279539469,1.000832697353532,,68400,3.1483705639839172
residual_interval,unseen_vessel,roll,10,1.0,1,True,434304,0.012821411483459595,,0.004874351194415139,,0.9927496007005082,0.9998332014639072,,0.9997972032952683,0.9998731646215046,2.1637411794341554,0.00592557539012709,,68400,3.1483705639839172
residual_interval,unseen_vessel,roll,20,2.0,1,True,434304,0.1252517743518434,,0.04756101678262848,,1.9285880231694805,0.9957821722185326,,0.9948702517236457,0.9967936756481899,2.16324713835809,0.05789989138592357,,68400,3.1483705639839172
residual_interval,unseen_vessel,roll,30,3.0,1,True,434304,0.44078188538516344,,0.16698061146687412,,2.7551118746389696,0.9744041828383051,,0.9688684149808394,0.9805281571832652,2.162494943561516,0.20383025019203915,,68400,3.1483705639839172
residual_interval,unseen_vessel,roll,50,5.0,1,True,434304,0.8883344954959894,,0.3367781961228861,,3.9136091054126094,0.9484773535890353,,0.9374492653733631,0.9606428805921242,2.162524144828776,0.41078593162543664,,68400,3.1483705639839172
residual_interval,unseen_vessel,roll,100,10.0,1,True,434304,1.6209788247543868,,0.6678817776650428,,3.271183744913753,0.7544472488738609,,0.7283895577185887,0.7835509922558349,2.1632182726804206,0.7493366921063631,,68400,3.1483705639839172
residual_interval,unseen_vessel,roll,150,15.0,1,True,434304,2.154146127987312,,0.9180639687109775,,1.6783489246691847,-0.647349740996253,,-1.0030393669452404,-0.28855793272303504,2.164599840366654,0.9951706028133259,,68400,3.1483705639839172
residual_interval,unseen_vessel,roll_rate,10,1.0,1,True,434304,0.0053249959041347505,,0.002259633569363938,,0.47796654791076604,0.9998758794898611,,0.9998507170091357,0.9999033647874562,1.0024554842926892,0.005311952488236375,,68400,3.1483705639839172
residual_interval,unseen_vessel,roll_rate,20,2.0,1,True,434304,0.051968113940706634,,0.02201824941554139,,0.9249828255033861,0.9968434943384012,,0.9961998055287045,0.9975461755700388,1.0028043048846653,0.051822787045856966,,68400,3.1483705639839172
residual_interval,unseen_vessel,roll_rate,30,3.0,1,True,434304,0.18259192936771218,,0.0771016731303145,,1.3131457165389728,0.9806653055783937,,0.9767154786187064,0.9849503431564399,1.0032425289065006,0.18200178332424866,,68400,3.1483705639839172
residual_interval,unseen_vessel,roll_rate,50,5.0,1,True,434304,0.367223528658974,,0.15519479374778106,,1.8318743803680173,0.9598144773500088,,0.9520540593815057,0.9683795189176198,1.0033121804656835,0.3660112334014809,,68400,3.1483705639839172
residual_interval,unseen_vessel,roll_rate,100,10.0,1,True,434304,0.6994932947701337,,0.3204328259986835,,1.4553535632772143,0.7689903700371934,,0.7490116976890261,0.7895327138630545,1.0033808376976885,0.6971363897831244,,68400,3.1483705639839172
residual_interval,unseen_vessel,roll_rate,150,15.0,1,True,434304,0.9508086094742831,,0.4437310752497764,,0.8974121709457911,-0.12254122839450332,,-0.3487444072171849,0.09888581062505626,1.003279779544346,0.9477003612153996,,68400,3.1483705639839172
window_mean,unseen_vessel,heave,10,1.0,1,True,434304,0.697418118404622,,0.41573520421011334,,0.3613733827789103,-2.7245527495777933,,-2.8592958493729053,-2.588821082610435,0.6538497228934008,1.066633652941571,,0,0.0
window_mean,unseen_vessel,heave,20,2.0,1,True,434304,0.7175873259929026,,0.42748040392975895,,0.6907853787492375,-0.0791038596563729,,-0.11822235527108477,-0.03962916346421171,0.6539339478701262,1.0973391553230973,,0,0.0
window_mean,unseen_vessel,heave,30,3.0,1,True,434304,0.722352443132208,,0.4299477607313781,,0.9600670236676927,0.4338973520110866,,0.4141762385147591,0.4538059802680732,0.6541326237646001,1.1042905014811766,,0,0.0
window_mean,unseen_vessel,heave,50,5.0,1,True,434304,0.6882934525323483,,0.40930823497327834,,1.244790554262758,0.6942582772696753,,0.6869179126177015,0.7014367815278492,0.6542583886872622,1.0520208291304844,,0,0.0
window_mean,unseen_vessel,heave,100,10.0,1,True,434304,0.6242702949459098,,0.37877705207938894,,0.7165157668754824,0.2409090087894692,,0.15860393243090365,0.3059000978972951,0.6543754769960836,0.9539940246716275,,0,0.0
window_mean,unseen_vessel,heave,150,15.0,1,True,434304,0.6858571901103667,,0.4075852171578494,,0.950165585399252,0.4789627188651604,,0.44424635725775874,0.5124358790343793,0.6543828266952652,1.0480977833328116,,0,0.0
window_mean,unseen_vessel,heave_rate,10,1.0,1,True,434304,0.38959430399372214,,0.24091840322878844,,0.21659232334739117,-2.2354826670538235,,-2.3585167221585657,-2.110521712157597,0.366916177705551,1.0618073763604128,,0,0.0
window_mean,unseen_vessel,heave_rate,20,2.0,1,True,434304,0.3992102078296486,,0.2471038248094091,,0.4110426972592282,0.05674437912090158,,0.022110787252735107,0.09188608264481422,0.36695350087924916,1.087904071968546,,0,0.0
window_mean,unseen_vessel,heave_rate,30,3.0,1,True,434304,0.39993183177229186,,0.24762635616280598,,0.5645392543584054,0.49813876151978154,,0.48188064163743444,0.5142017919775088,0.36689902485748377,1.0900324194855497,,0,0.0
window_mean,unseen_vessel,heave_rate,50,5.0,1,True,434304,0.3783406210908097,,0.23441126172803065,,0.7042908103788279,0.711422875612522,,0.7063076971644576,0.7161782263916583,0.3669440869125789,1.0310579583775823,,0,0.0
window_mean,unseen_vessel,heave_rate,100,10.0,1,True,434304,0.35645876157986167,,0.22322146838874207,,0.3657020032405109,0.049911832870356276,,-0.03190744616064907,0.12299558245276138,0.36700725147074686,0.9712580886382677,,0,0.0
window_mean,unseen_vessel,heave_rate,150,15.0,1,True,434304,0.38132361632337386,,0.23521161889154665,,0.5672327891617418,0.5480766811825034,,0.5245439663732503,0.5703872676725416,0.3670157241047937,1.038984412053405,,0,0.0
window_mean,unseen_vessel,pitch,10,1.0,1,True,434304,1.1096187354296076,,0.663975054693909,,0.6873843757468203,-1.605843017682727,,-1.71581078215401,-1.497254502503963,1.054918979036852,1.0518520924163264,,0,0.0
window_mean,unseen_vessel,pitch,20,2.0,1,True,434304,1.1374326754156376,,0.6805252999209785,,1.2853247339496268,0.21688476919857191,,0.185460439522222,0.246900328310535,1.0551327883415698,1.0779995541636278,,0,0.0
window_mean,unseen_vessel,pitch,30,3.0,1,True,434304,1.13724386265115,,0.6793200259537889,,1.722301774874387,0.5639977753238108,,0.5489651130312313,0.5786540609745268,1.0554849077799053,1.0774610364095263,,0,0.0
window_mean,unseen_vessel,pitch,50,5.0,1,True,434304,1.0722535766396437,,0.6391782840794732,,1.9909875298307909,0.7099599794099374,,0.7043690630920575,0.7149592272238235,1.0556697846975003,1.0157092607769347,,0,0.0
window_mean,unseen_vessel,pitch,100,10.0,1,True,434304,1.0479596408104195,,0.6289144831677833,,1.1519230367908961,0.17235863661923534,,0.10946837837398167,0.23353302417147145,1.0562287908366403,0.992171061707501,,0,0.0
window_mean,unseen_vessel,pitch,150,15.0,1,True,434304,1.077018672089661,,0.6435681377276371,,1.5949893325557711,0.5440356379924596,,0.5207121243209456,0.5639302129445375,1.0566735693319307,1.0192539146887087,,0,0.0
window_mean,unseen_vessel,pitch_rate,10,1.0,1,True,434304,0.7359906187905061,,0.4492355335379019,,0.5015508593238505,-1.1533498762144312,,-1.2329429728260624,-1.074613469846327,0.7030690217475473,1.0468255548525363,,0,0.0
window_mean,unseen_vessel,pitch_rate,20,2.0,1,True,434304,0.7520646229048275,,0.4591482694047699,,0.9238665701266839,0.33733838469105526,,0.3164752613879598,0.35836553788900255,0.703086203551836,1.0696620401674266,,0,0.0
window_mean,unseen_vessel,pitch_rate,30,3.0,1,True,434304,0.7473972050995011,,0.4560564235604294,,1.207871649787205,0.6171211622043005,,0.6072220836636193,0.6266248514468842,0.7030053176354107,1.0631458772081617,,0,0.0
window_mean,unseen_vessel,pitch_rate,50,5.0,1,True,434304,0.7005886408422758,,0.42752574710237934,,1.2924442841379322,0.7061656784073048,,0.7011954051616822,0.7105056921726249,0.7031631741182381,0.9963386403459044,,0,0.0
window_mean,unseen_vessel,pitch_rate,100,10.0,1,True,434304,0.7096841072382643,,0.4314150633488364,,0.828406348770982,0.2660891264941885,,0.2210665214011286,0.313217409685188,0.7033991527997708,1.008935118010133,,0,0.0
window_mean,unseen_vessel,pitch_rate,150,15.0,1,True,434304,0.7089434467447693,,0.43307698975928605,,1.0501412815237843,0.5442489031786351,,0.5268086235406325,0.5589162564167146,0.7036809279539469,1.0074785582240007,,0,0.0
window_mean,unseen_vessel,roll,10,1.0,1,True,434304,2.287924085992016,,1.034939300085066,,0.9927496007005082,-4.311336029464496,,-4.3791512805305155,-4.226096828084646,2.1637411794341554,1.057392680667258,,0,0.0
window_mean,unseen_vessel,roll,20,2.0,1,True,434304,2.4301819952230734,,1.0916574272645303,,1.9285880231694805,-0.5878104909106063,,-0.6119309709526427,-0.5578753939083729,2.16324713835809,1.123395451278668,,0,0.0
window_mean,unseen_vessel,roll,30,3.0,1,True,434304,2.5199259797288005,,1.1236640129583826,,2.7551118746389696,0.16344000806526393,,0.1492120463878779,0.18166285996331233,2.162494943561516,1.1652864147643343,,0,0.0
window_mean,unseen_vessel,roll,50,5.0,1,True,434304,2.5111074171968064,,1.1049720704176105,,3.9136091054126094,0.5883049075167901,,0.5804770539418976,0.5985413577465296,2.162524144828776,1.1611927770617472,,0,0.0
window_mean,unseen_vessel,roll,100,10.0,1,True,434304,1.893251302995492,,0.8661737832929512,,3.271183744913753,0.6650294318625622,,0.6507239162121634,0.675430597847614,2.1632182726804206,0.8752012346167845,,0,0.0
window_mean,unseen_vessel,roll,150,15.0,1,True,434304,2.2556922775123587,,1.0221292090520393,,1.6783489246691847,-0.8063221027799121,,-1.0260447648648767,-0.5900881645831898,2.164599840366654,1.0420828069220751,,0,0.0
window_mean,unseen_vessel,roll_rate,10,1.0,1,True,434304,1.0669266248800398,,0.5127775646877885,,0.47796654791076604,-3.9828074108737894,,-4.0821851849003625,-3.860995386841043,1.0024554842926892,1.0643132204846384,,0,0.0
window_mean,unseen_vessel,roll_rate,20,2.0,1,True,434304,1.1289114204801143,,0.5383138540017761,,0.9249828255033861,-0.48954077050106104,,-0.5223444559196239,-0.4498969125009101,1.0028043048846653,1.1257544617441115,,0,0.0
window_mean,unseen_vessel,roll_rate,30,3.0,1,True,434304,1.1656417142725908,,0.5512508107759599,,1.3131457165389728,0.21203973213009852,,0.19352669421631316,0.2341802713072955,1.0032425289065006,1.1618743032585548,,0,0.0
window_mean,unseen_vessel,roll_rate,50,5.0,1,True,434304,1.150704395788352,,0.5370513073585698,,1.8318743803680173,0.6054190023709238,,0.5965261853547298,0.6165586106133745,1.0033121804656835,1.146905637340371,,0,0.0
window_mean,unseen_vessel,roll_rate,100,10.0,1,True,434304,0.882249046366549,,0.4343211304863443,,1.4553535632772143,0.6325101333739264,,0.6111350215525895,0.6478490840731503,1.0033808376976885,0.8792763557164567,,0,0.0
window_mean,unseen_vessel,roll_rate,150,15.0,1,True,434304,1.055981125728456,,0.5065901343903212,,0.8974121709457911,-0.38461298818751777,,-0.5484306066822553,-0.22886593894659724,1.003279779544346,1.0525290624396368,,0,0.0
