model,head,n_realizations,dof,horizon_samples,horizon_s,n_windows,n_quantiles,alpha,picp,mean_interval_width,winkler,crps,pinball,crossing_rate,picp_ci_lo,picp_ci_hi,seed,deterministic,n_params,fit_time_s,best_epoch,epochs_run,best_val_loss,val_loss_name,regime,signal_std
dlinear_quantile_conformal,quantile,384,roll,10,1.0,434304,9,0.1,0.9020478743000294,0.09053569301911248,0.15578533356448993,0.011848146556380385,0.0059240732781901916,0.0,0.8855376072981138,0.9199573340333039,0,False,543600,,,,,conformal,id,3.682816873957597
dlinear_quantile_conformal,quantile,384,roll,20,2.0,434304,9,0.1,0.9017784777483053,0.6276388548297086,1.0998901187912755,0.08021745446533385,0.04010872723266689,0.0,0.8849287595785441,0.9197178704317713,0,False,543600,,,,,conformal,id,3.683691963859013
dlinear_quantile_conformal,quantile,384,roll,30,3.0,434304,9,0.1,0.9022527998821103,1.8069122378396711,3.196585615797647,0.24050207016951994,0.12025103508476001,0.0,0.885212892351901,0.920083858311229,0,False,543600,,,,,conformal,id,3.6845301229084
dlinear_quantile_conformal,quantile,384,roll,50,5.0,434304,9,0.1,0.8986907788093133,2.2222556439355077,3.9861531076447108,0.3206939288456068,0.1603469644228034,0.0,0.8818201075744179,0.9169244929818745,0,False,543600,,,,,conformal,id,3.685983647312865
dlinear_quantile_conformal,quantile,384,roll,100,10.0,434304,9,0.1,0.8996417256115532,5.2576487910248915,8.71419296800801,0.7384172170249171,0.3692086085124587,0.0,0.8838406392757147,0.9173783225574712,0,False,543600,,,,,conformal,id,3.690074381032924
dlinear_quantile_conformal,quantile,384,roll,150,15.0,434304,9,0.1,0.8991720085470085,7.880323598529587,13.03970243082661,1.1275561606705087,0.5637780803352541,0.0,0.8830498913203655,0.91690313697318,0,False,543600,,,,,conformal,id,3.6937274583324062
dlinear_quantile_conformal,quantile,384,pitch,10,1.0,434304,9,0.1,0.9040142388741527,0.10033438860510477,0.16584677318865368,0.016284425297549893,0.008142212648774953,0.0,0.8886164414787798,0.9182296847369584,0,False,543600,,,,,conformal,id,1.2413165389175655
dlinear_quantile_conformal,quantile,384,pitch,20,2.0,434304,9,0.1,0.9019787982611258,0.6637430504204641,1.0331194370900143,0.09782169345746793,0.048910846728734,0.0,0.8879004107721781,0.9150136194923372,0,False,543600,,,,,conformal,id,1.2413790185919036
dlinear_quantile_conformal,quantile,384,pitch,30,3.0,434304,9,0.1,0.9030748047450634,1.4770488616724313,2.2215644777144368,0.21237770278835677,0.10618885139417843,0.0,0.8899304979921898,0.9161611451886237,0,False,543600,,,,,conformal,id,1.2413993725281671
dlinear_quantile_conformal,quantile,384,pitch,50,5.0,434304,9,0.1,0.9010439692012968,1.769785920696986,2.6567038216362255,0.2548647662693071,0.12743238313465352,0.0,0.8874541219974948,0.914071825265252,0,False,543600,,,,,conformal,id,1.2415168463730468
dlinear_quantile_conformal,quantile,384,pitch,100,10.0,434304,9,0.1,0.902342598732685,3.7142275987846274,5.3907675783145885,0.5502120494469992,0.27510602472349954,0.0,0.889941665285146,0.9149200214596227,0,False,543600,,,,,conformal,id,1.2411836658196425
dlinear_quantile_conformal,quantile,384,pitch,150,15.0,434304,9,0.1,0.9031899314765695,4.2715917683458455,6.16717129408477,0.6262876987054457,0.31314384935272277,0.0,0.8910035942565576,0.9155940884725906,0,False,543600,,,,,conformal,id,1.2405036351372414
dlinear_quantile_conformal,quantile,384,heave,10,1.0,434304,9,0.1,0.8965839596227527,0.03433868587854922,0.06069351347632388,0.004959355685852381,0.0024796778429261907,0.0,0.8807268641320365,0.9128323133104922,0,False,543600,,,,,conformal,id,0.7591945699315659
dlinear_quantile_conformal,quantile,384,heave,20,2.0,434304,9,0.1,0.8979815981432361,0.25654942524156693,0.4593632322548242,0.036676904022466754,0.018338452011233384,0.0,0.8818761742926613,0.9143239528072502,0,False,543600,,,,,conformal,id,0.7592353662201028
dlinear_quantile_conformal,quantile,384,heave,30,3.0,434304,9,0.1,0.8960014183613322,0.6844443114255722,1.2626120265515146,0.10505530174457933,0.05252765087228971,0.0,0.8791995353485116,0.9128289170719128,0,False,543600,,,,,conformal,id,0.7592379733777742
dlinear_quantile_conformal,quantile,384,heave,50,5.0,434304,9,0.1,0.8972655098732685,0.8499418801449103,1.5323799883189244,0.14188055809911718,0.07094027904955857,0.0,0.8809675941276156,0.9137747982979664,0,False,543600,,,,,conformal,id,0.7593097520603712
dlinear_quantile_conformal,quantile,384,heave,100,10.0,434304,9,0.1,0.8992871352785146,1.8061222219291793,2.811179600501616,0.2836433327902049,0.1418216663951025,0.0,0.8854362957743884,0.9134729360079576,0,False,543600,,,,,conformal,id,0.7591324816869609
dlinear_quantile_conformal,quantile,384,heave,150,15.0,434304,9,0.1,0.8990016209843796,2.4235694838536657,3.696425371230802,0.37832343500710736,0.1891617175035536,0.0,0.8853009067381373,0.913073100869437,0,False,543600,,,,,conformal,id,0.758700750262978
dlinear_quantile_conformal,quantile,384,roll_rate,10,1.0,434304,9,0.1,0.8996532382847038,0.05470718993419813,0.0856301525751843,0.007379085866515545,0.0036895429332577724,0.0,0.8853005037945771,0.9146834360263778,0,False,543600,,,,,conformal,id,1.9695482829582032
dlinear_quantile_conformal,quantile,384,roll_rate,20,2.0,434304,9,0.1,0.9003900493663425,0.37093747196271226,0.5863602808827978,0.048017748370739036,0.024008874185369518,0.0,0.8858590986958444,0.9158768972885352,0,False,543600,,,,,conformal,id,1.969895124963157
dlinear_quantile_conformal,quantile,384,roll_rate,30,3.0,434304,9,0.1,0.9008068081343943,0.9961104908447787,1.6249183331880628,0.13342586051144725,0.06671293025572363,0.0,0.8856454810455349,0.9180554979921898,0,False,543600,,,,,conformal,id,1.9702531268505945
dlinear_quantile_conformal,quantile,384,roll_rate,50,5.0,434304,9,0.1,0.9031599985263778,1.2784274344416198,2.035554065682856,0.1750927057374967,0.08754635286874841,0.0,0.8882273706896552,0.9200576094164457,0,False,543600,,,,,conformal,id,1.9711142946671736
dlinear_quantile_conformal,quantile,384,roll_rate,100,10.0,434304,9,0.1,0.9024300950486295,3.037083729705193,4.720473033372906,0.42221417598060423,0.21110708799030212,0.0,0.8878347309718538,0.9188918361332155,0,False,543600,,,,,conformal,id,1.972726817260997
dlinear_quantile_conformal,quantile,384,roll_rate,150,15.0,434304,9,0.1,0.9019166298261125,4.471500704130496,7.020322143934425,0.6324382216745575,0.31621911083727877,0.0,0.8867060284961686,0.9183716935602712,0,False,543600,,,,,conformal,id,1.9741281062750025
dlinear_quantile_conformal,quantile,384,pitch_rate,10,1.0,434304,9,0.1,0.9012097516946654,0.11027148862548788,0.2355869621736777,0.023650590132983883,0.01182529506649194,0.0,0.8841495242963454,0.9172410339301503,0,False,543600,,,,,conformal,id,0.923617350427682
dlinear_quantile_conformal,quantile,384,pitch_rate,20,2.0,434304,9,0.1,0.9007768751842028,0.7103806709824086,1.275471389955758,0.12736839515821174,0.0636841975791059,0.0,0.8849058493589744,0.915577913166814,0,False,543600,,,,,conformal,id,0.9237371608217294
dlinear_quantile_conformal,quantile,384,pitch_rate,30,3.0,434304,9,0.1,0.9011729111405835,1.4344614262241262,2.3834710295178296,0.23905437687942602,0.11952718843971312,0.0,0.8856770257699675,0.9156423265730916,0,False,543600,,,,,conformal,id,0.9238676654473804
dlinear_quantile_conformal,quantile,384,pitch_rate,50,5.0,434304,9,0.1,0.9020732021809608,1.6953914699770447,2.763819320836262,0.2601470566157295,0.13007352830786487,0.0,0.8864536707007074,0.9170328272362216,0,False,543600,,,,,conformal,id,0.923797316378609
dlinear_quantile_conformal,quantile,384,pitch_rate,100,10.0,434304,9,0.1,0.9034961685823755,3.112216312499544,4.651331590843672,0.4804396945866324,0.2402198472933163,0.0,0.8895149480548188,0.9167291229185086,0,False,543600,,,,,conformal,id,0.9237004804982916
dlinear_quantile_conformal,quantile,384,pitch_rate,150,15.0,434304,9,0.1,0.9036757662835249,3.2230589348212297,4.69637222972412,0.47842793784254534,0.23921396892127259,0.0,0.8909915635131151,0.9163618686450045,0,False,543600,,,,,conformal,id,0.9234069683655248
dlinear_quantile_conformal,quantile,384,heave_rate,10,1.0,434304,9,0.1,0.9028514588859416,0.02253241984363796,0.03362854486565026,0.003162645753076802,0.0015813228765384007,0.0,0.8901419282346007,0.9155615651709401,0,False,543600,,,,,conformal,id,0.4495602477358838
dlinear_quantile_conformal,quantile,384,heave_rate,20,2.0,434304,9,0.1,0.9003532088122606,0.15755966426689477,0.2385610995590079,0.021808278065370463,0.01090413903268522,0.0,0.8873657046676983,0.9135593961833186,0,False,543600,,,,,conformal,id,0.4496058601569564
dlinear_quantile_conformal,quantile,384,heave_rate,30,3.0,434304,9,0.1,0.8997637599469496,0.40094638919903036,0.6160222442827776,0.05729417853370386,0.028647089266851944,0.0,0.8866059258031241,0.9136097641283525,0,False,543600,,,,,conformal,id,0.4496495382799816
dlinear_quantile_conformal,quantile,384,heave_rate,50,5.0,434304,9,0.1,0.9021261604774535,0.5084189365526194,0.7629292979811948,0.07565561934243381,0.03782780967121691,0.0,0.8894159966290893,0.9155171262525789,0,False,543600,,,,,conformal,id,0.4495925540262867
dlinear_quantile_conformal,quantile,384,heave_rate,100,10.0,434304,9,0.1,0.9027432397583259,1.1342522918428422,1.614254152683225,0.17131789710911993,0.08565894855456001,0.0,0.8909753882073386,0.9147667877799882,0,False,543600,,,,,conformal,id,0.4493860488108614
dlinear_quantile_conformal,quantile,384,heave_rate,150,15.0,434304,9,0.1,0.9024277925139994,1.4733353972472298,2.100573756096731,0.22573041360949778,0.11286520680474882,0.0,0.8908535841254052,0.9145300872200117,0,False,543600,,,,,conformal,id,0.4491394554432332
dlinear_quantile_conformal,quantile,384,roll,10,1.0,434304,9,0.1,0.9017094017094017,0.08475993777275687,0.14619682635587877,0.01096499278667582,0.005482496393337915,0.0,0.8852223903072503,0.9192779136273209,1,False,543600,,,,,conformal,id,3.682816873957597
dlinear_quantile_conformal,quantile,384,roll,20,2.0,434304,9,0.1,0.9012465922487474,0.6318403580220837,1.1075461167253462,0.08155566064870644,0.04077783032435322,0.0,0.8844293398172708,0.9191359048040083,1,False,543600,,,,,conformal,id,3.683691963859013
dlinear_quantile_conformal,quantile,384,roll,30,3.0,434304,9,0.1,0.9015551318891836,1.8018768135295775,3.203607586463037,0.2418129084988079,0.12090645424940392,0.0,0.884522995413351,0.9196139109932213,1,False,543600,,,,,conformal,id,3.6845301229084
dlinear_quantile_conformal,quantile,384,roll,50,5.0,434304,9,0.1,0.8990545792808724,2.2303581476347074,3.9852577866238037,0.32005490666951364,0.16002745333475682,0.0,0.8821737193302387,0.9172160514294135,1,False,543600,,,,,conformal,id,3.685983647312865
dlinear_quantile_conformal,quantile,384,roll,100,10.0,434304,9,0.1,0.899752247273799,5.250124085912363,8.693187335667046,0.7385380057265586,0.36926900286327924,0.0,0.8839912250405246,0.9174722659703801,1,False,543600,,,,,conformal,id,3.690074381032924
dlinear_quantile_conformal,quantile,384,roll,150,15.0,434304,9,0.1,0.8991904288240495,7.887197244969547,13.04845903527368,1.1285562585420927,0.5642781292710465,0.0,0.8829797791408783,0.9168905305960802,1,False,543600,,,,,conformal,id,3.6937274583324062
dlinear_quantile_conformal,quantile,384,pitch,10,1.0,434304,9,0.1,0.9043227785145889,0.09956221055713659,0.16828999266603362,0.016602187710085196,0.008301093855042595,0.0,0.8883905628315649,0.919102863432066,1,False,543600,,,,,conformal,id,1.2413165389175655
dlinear_quantile_conformal,quantile,384,pitch,20,2.0,434304,9,0.1,0.9023610190097259,0.6604899478223374,1.035341714221026,0.09804701207765627,0.04902350603882815,0.0,0.8880063849285293,0.9154862147251694,1,False,543600,,,,,conformal,id,1.2413790185919036
dlinear_quantile_conformal,quantile,384,pitch,30,3.0,434304,9,0.1,0.9023978595638078,1.4828876684253933,2.2318064880785338,0.21266642822626083,0.10633321411313035,0.0,0.8892157336796346,0.915483739500442,1,False,543600,,,,,conformal,id,1.2413993725281671
dlinear_quantile_conformal,quantile,384,pitch,50,5.0,434304,9,0.1,0.9008712791040377,1.7681328665026486,2.658717805959448,0.25483748020305536,0.12741874010152765,0.0,0.8872398711501621,0.9139404656646035,1,False,543600,,,,,conformal,id,1.2415168463730468
dlinear_quantile_conformal,quantile,384,pitch,100,10.0,434304,9,0.1,0.9024876584143825,3.7177066782232573,5.392003365512247,0.5501754035797919,0.275087701789896,0.0,0.8900273771367521,0.9150836741084586,1,False,543600,,,,,conformal,id,1.2411836658196425
dlinear_quantile_conformal,quantile,384,pitch,150,15.0,434304,9,0.1,0.9030448717948718,4.267620298036598,6.1669825989600975,0.6262193771220254,0.31310968856101307,0.0,0.890811217488211,0.9154220315723548,1,False,543600,,,,,conformal,id,1.2405036351372414
dlinear_quantile_conformal,quantile,384,heave,10,1.0,434304,9,0.1,0.8963974543177129,0.0340977340092297,0.06015562284023313,0.005086951676141533,0.0025434758380707668,0.0,0.8803046944076038,0.9125919286951076,1,False,543600,,,,,conformal,id,0.7591945699315659
dlinear_quantile_conformal,quantile,384,heave,20,2.0,434304,9,0.1,0.8972309718538167,0.25548788340688183,0.4595849838234853,0.03663428247605146,0.018317141238025733,0.0,0.8809796824344238,0.9136090733679635,1,False,543600,,,,,conformal,id,0.7592353662201028
dlinear_quantile_conformal,quantile,384,heave,30,3.0,434304,9,0.1,0.8965609342764516,0.6830758245371243,1.2570372323920718,0.10494017663152903,0.052470088315764545,0.0,0.8799496435676393,0.9133195872015915,1,False,543600,,,,,conformal,id,0.7592379733777742
dlinear_quantile_conformal,quantile,384,heave,50,5.0,434304,9,0.1,0.8970375589448866,0.8475826463727727,1.5311481697282017,0.14201709860189968,0.07100854930094987,0.0,0.8806798924255821,0.9134942920166519,1,False,543600,,,,,conformal,id,0.7593097520603712
dlinear_quantile_conformal,quantile,384,heave,100,10.0,434304,9,0.1,0.8992410845859121,1.8087848328279303,2.8145358559306968,0.2835261945740903,0.141763097287045,0.0,0.8854027938955201,0.9135540427903036,1,False,543600,,,,,conformal,id,0.7591324816869609
dlinear_quantile_conformal,quantile,384,heave,150,15.0,434304,9,0.1,0.8990776046271736,2.424386637714349,3.6957843335681013,0.37819935670297766,0.18909967835148878,0.0,0.8853816105769231,0.9131353268678161,1,False,543600,,,,,conformal,id,0.758700750262978
dlinear_quantile_conformal,quantile,384,roll_rate,10,1.0,434304,9,0.1,0.9002311744768642,0.053414333112606134,0.08255143980471229,0.007045924039504597,0.0035229620197522976,0.0,0.8862095444665489,0.9147278173813734,1,False,543600,,,,,conformal,id,1.9695482829582032
dlinear_quantile_conformal,quantile,384,roll_rate,20,2.0,434304,9,0.1,0.9018820918066608,0.3767943921992762,0.5907848147816024,0.0486613491562023,0.02433067457810116,0.0,0.8876138603374595,0.9171577973032714,1,False,543600,,,,,conformal,id,1.969895124963157
dlinear_quantile_conformal,quantile,384,roll_rate,30,3.0,434304,9,0.1,0.9008643715001473,0.998146279827289,1.6280379082909153,0.13399500824888677,0.0669975041244434,0.0,0.8856728812076334,0.9182047597995874,1,False,543600,,,,,conformal,id,1.9702531268505945
dlinear_quantile_conformal,quantile,384,roll_rate,50,5.0,434304,9,0.1,0.9029988211022694,1.2789461727992661,2.0360845371818983,0.17491942830309842,0.08745971415154923,0.0,0.8881566828765105,0.9198966046824344,1,False,543600,,,,,conformal,id,1.9711142946671736
dlinear_quantile_conformal,quantile,384,roll_rate,100,10.0,434304,9,0.1,0.902038664161509,3.026954097938822,4.710239280286885,0.42221528488395255,0.21110764244197636,0.0,0.8874414580570292,0.9185344827586207,1,False,543600,,,,,conformal,id,1.972726817260997
dlinear_quantile_conformal,quantile,384,roll_rate,150,15.0,434304,9,0.1,0.9015758547008547,4.465530034973518,7.0248550871445925,0.6329499128015366,0.31647495640076834,0.0,0.8862915146993811,0.918077372071176,1,False,543600,,,,,conformal,id,1.9741281062750025
dlinear_quantile_conformal,quantile,384,pitch_rate,10,1.0,434304,9,0.1,0.9018038056292367,0.11174315694622616,0.2429111421264802,0.02393896778886271,0.011969483894431355,0.0,0.8837039262820513,0.9184266665745653,1,False,543600,,,,,conformal,id,0.923617350427682
dlinear_quantile_conformal,quantile,384,pitch_rate,20,2.0,434304,9,0.1,0.9018590664603595,0.7149221611181121,1.292343668229426,0.1283060483592567,0.06415302417962834,0.0,0.8861283801208371,0.9168850620763337,1,False,543600,,,,,conformal,id,0.9237371608217294
dlinear_quantile_conformal,quantile,384,pitch_rate,30,3.0,434304,9,0.1,0.9012880378720896,1.4472914816384026,2.389261899299011,0.23916806823042294,0.11958403411521151,0.0,0.8857386185713233,0.9156056587091069,1,False,543600,,,,,conformal,id,0.9238676654473804
dlinear_quantile_conformal,quantile,384,pitch_rate,50,5.0,434304,9,0.1,0.9022574049513705,1.7011428654558425,2.7710047352017337,0.2600443768288546,0.13002218841442725,0.0,0.8866709724064249,0.9171530195439139,1,False,543600,,,,,conformal,id,0.923797316378609
dlinear_quantile_conformal,quantile,384,pitch_rate,100,10.0,434304,9,0.1,0.9031715111995284,3.104085763518288,4.6470635748445295,0.4804008521166393,0.2402004260583197,0.0,0.8892461271367521,0.9164397518788682,1,False,543600,,,,,conformal,id,0.9237004804982916
dlinear_quantile_conformal,quantile,384,pitch_rate,150,15.0,434304,9,0.1,0.9035652446212791,3.221209316962078,4.696353726404238,0.4783895979716516,0.2391947989858259,0.0,0.8908934755378721,0.9162854244952844,1,False,543600,,,,,conformal,id,0.9234069683655248
dlinear_quantile_conformal,quantile,384,heave_rate,10,1.0,434304,9,0.1,0.9019488653109343,0.02226909982778988,0.03336245857270208,0.0032702208457114417,0.0016351104228557207,0.0,0.888971607445476,0.9146843570402299,1,False,543600,,,,,conformal,id,0.4495602477358838
dlinear_quantile_conformal,quantile,384,heave_rate,20,2.0,434304,9,0.1,0.9005028735632183,0.156936569127281,0.23793293587360692,0.021772140849499303,0.010886070424749638,0.0,0.8875568150419982,0.9137572990347775,1,False,543600,,,,,conformal,id,0.4496058601569564
dlinear_quantile_conformal,quantile,384,heave_rate,30,3.0,434304,9,0.1,0.9003624189507811,0.4022579005050111,0.6153297008720138,0.057264888846357304,0.028632444423178617,0.0,0.8872664078617742,0.9142154458628058,1,False,543600,,,,,conformal,id,0.4496495382799816
dlinear_quantile_conformal,quantile,384,heave_rate,50,5.0,434304,9,0.1,0.902075504715591,0.5078267693899436,0.7621404598262571,0.07578722821413927,0.037893614107069644,0.0,0.8892825647472739,0.9154653192234011,1,False,543600,,,,,conformal,id,0.4495925540262867
dlinear_quantile_conformal,quantile,384,heave_rate,100,10.0,434304,9,0.1,0.902552129384026,1.1355993447523423,1.6172876452231317,0.17125849651378092,0.08562924825689047,0.0,0.8907555537135279,0.914549601201002,1,False,543600,,,,,conformal,id,0.4493860488108614
dlinear_quantile_conformal,quantile,384,heave_rate,150,15.0,434304,9,0.1,0.9026258104921898,1.4748543202328006,2.1006145513661556,0.22567165203953657,0.11283582601976823,0.0,0.8910989767536104,0.9147145778072502,1,False,543600,,,,,conformal,id,0.4491394554432332
dlinear_quantile_conformal,quantile,384,roll,10,1.0,434304,9,0.1,0.9031231579722959,0.09764746250409172,0.16710206285869864,0.012481896087651607,0.006240948043825806,0.0,0.886688241416151,0.9208855433060713,2,False,543600,,,,,conformal,id,3.682816873957597
dlinear_quantile_conformal,quantile,384,roll,20,2.0,434304,9,0.1,0.9015413166814029,0.6371146197393753,1.1126181285968522,0.08162345866063382,0.04081172933031691,0.0,0.8848188711133215,0.9195665939065724,2,False,543600,,,,,conformal,id,3.683691963859013
dlinear_quantile_conformal,quantile,384,roll,30,3.0,434304,9,0.1,0.9014423076923077,1.7565009689161015,3.133039966418908,0.2370952680155288,0.11854763400776433,0.0,0.8843724672119069,0.919455726864132,2,False,543600,,,,,conformal,id,3.6845301229084
dlinear_quantile_conformal,quantile,384,roll,50,5.0,434304,9,0.1,0.898969385499558,2.2398836392182906,4.007822458630697,0.32211904114567597,0.161059520572838,0.0,0.8820580745284409,0.9172777593575008,2,False,543600,,,,,conformal,id,3.685983647312865
dlinear_quantile_conformal,quantile,384,roll,100,10.0,434304,9,0.1,0.89977066755084,5.254104282478012,8.696195958095569,0.7379184641215343,0.3689592320607668,0.0,0.8840080335433245,0.9174560906646035,2,False,543600,,,,,conformal,id,3.690074381032924
dlinear_quantile_conformal,quantile,384,roll,150,15.0,434304,9,0.1,0.8990614868847627,7.880045414085777,13.050761456611044,1.1281870096423334,0.5640935048211666,0.0,0.8829094367079281,0.9167958388594164,2,False,543600,,,,,conformal,id,3.6937274583324062
dlinear_quantile_conformal,quantile,384,pitch,10,1.0,434304,9,0.1,0.903238284703802,0.09831811034134451,0.16391046173763346,0.01617145344340432,0.008085726721702163,0.0,0.8878825085654288,0.9171461695033893,2,False,543600,,,,,conformal,id,1.2413165389175655
dlinear_quantile_conformal,quantile,384,pitch,20,2.0,434304,9,0.1,0.9018222259062776,0.6692764815334914,1.0370060896092865,0.09763452892071127,0.04881726446035562,0.0,0.8879354092985559,0.9147264934239612,2,False,543600,,,,,conformal,id,1.2413790185919036
dlinear_quantile_conformal,quantile,384,pitch,30,3.0,434304,9,0.1,0.9025060786914235,1.4832366863254716,2.2317379626401594,0.2124322187929808,0.1062161093964904,0.0,0.8892926958996463,0.915517068689213,2,False,543600,,,,,conformal,id,1.2413993725281671
dlinear_quantile_conformal,quantile,384,pitch,50,5.0,434304,9,0.1,0.900820623342175,1.7666026143249705,2.656679235479455,0.254727160878267,0.12736358043913354,0.0,0.8871645207043914,0.9138411112953139,2,False,543600,,,,,conformal,id,1.2415168463730468
dlinear_quantile_conformal,quantile,384,pitch,100,10.0,434304,9,0.1,0.9026166003536693,3.7190827468428997,5.391932797418294,0.550227528328476,0.275113764164238,0.0,0.8901532106542882,0.9151881516173004,2,False,543600,,,,,conformal,id,1.2411836658196425
dlinear_quantile_conformal,quantile,384,pitch,150,15.0,434304,9,0.1,0.9031323681108164,4.270489839174067,6.166888842711947,0.6262575711956738,0.31312878559783697,0.0,0.8909399291740348,0.9155417633731211,2,False,543600,,,,,conformal,id,1.2405036351372414
dlinear_quantile_conformal,quantile,384,heave,10,1.0,434304,9,0.1,0.8965010683760684,0.034097632525305586,0.060752247309428735,0.004956187819925648,0.0024780939099628228,0.0,0.8803390021735927,0.9128593105290304,2,False,543600,,,,,conformal,id,0.7591945699315659
dlinear_quantile_conformal,quantile,384,heave,20,2.0,434304,9,0.1,0.8973622163277336,0.259817823030434,0.4607747837332942,0.036495259871807816,0.018247629935903908,0.0,0.8814092778330386,0.9136796460543767,2,False,543600,,,,,conformal,id,0.7592353662201028
dlinear_quantile_conformal,quantile,384,heave,30,3.0,434304,9,0.1,0.8966392204538757,0.6857963038433424,1.2568889544515742,0.10504449108821644,0.05252224554410825,0.0,0.8800167048887415,0.9132907479553491,2,False,543600,,,,,conformal,id,0.7592379733777742
dlinear_quantile_conformal,quantile,384,heave,50,5.0,434304,9,0.1,0.8972217617152962,0.8469682167016429,1.5324261260463534,0.1418600670473593,0.07093003352367964,0.0,0.8808666279840849,0.9136605925803124,2,False,543600,,,,,conformal,id,0.7593097520603712
dlinear_quantile_conformal,quantile,384,heave,100,10.0,434304,9,0.1,0.8992848327438845,1.8092611371448015,2.81439780434933,0.2837796987809533,0.1418898493904765,0.0,0.8854624295424404,0.9135181232500738,2,False,543600,,,,,conformal,id,0.7591324816869609
dlinear_quantile_conformal,quantile,384,heave,150,15.0,434304,9,0.1,0.8989762931034483,2.423141882588781,3.695384107315309,0.3782491350370928,0.18912456751854642,0.0,0.8852800112363689,0.9130450099469496,2,False,543600,,,,,conformal,id,0.758700750262978
dlinear_quantile_conformal,quantile,384,roll_rate,10,1.0,434304,9,0.1,0.9000492742410846,0.057501389907158106,0.09080482662243601,0.007674278165513299,0.00383713908275665,0.0,0.8855029541519304,0.9153502500552608,2,False,543600,,,,,conformal,id,1.9695482829582032
dlinear_quantile_conformal,quantile,384,roll_rate,20,2.0,434304,9,0.1,0.9009288424697908,0.3772932293156761,0.5943576687986761,0.04870176192513202,0.024350880962566022,0.0,0.8863727366084586,0.916271781977601,2,False,543600,,,,,conformal,id,1.969895124963157
dlinear_quantile_conformal,quantile,384,roll_rate,30,3.0,434304,9,0.1,0.9011475832596523,0.9837299329612733,1.5971956023760303,0.13195205612939592,0.06597602806469798,0.0,0.88620695411509,0.9181100680629236,2,False,543600,,,,,conformal,id,1.9702531268505945
dlinear_quantile_conformal,quantile,384,roll_rate,50,5.0,434304,9,0.1,0.9029136273209549,1.2811735488433558,2.0443497901122716,0.17574883056210222,0.08787441528105104,0.0,0.8879387479737695,0.9199368414750958,2,False,543600,,,,,conformal,id,1.9711142946671736
dlinear_quantile_conformal,quantile,384,roll_rate,100,10.0,434304,9,0.1,0.9022113542587681,3.031348671001935,4.712671351707165,0.42192262694743926,0.2109613134737195,0.0,0.8876747048150605,0.9186909975501032,2,False,543600,,,,,conformal,id,1.972726817260997
dlinear_quantile_conformal,quantile,384,roll_rate,150,15.0,434304,9,0.1,0.9018038056292367,4.470801882220761,7.025710864489028,0.6327815039421585,0.3163907519710793,0.0,0.8865445632552313,0.9182664101643089,2,False,543600,,,,,conformal,id,1.9741281062750025
dlinear_quantile_conformal,quantile,384,pitch_rate,10,1.0,434304,9,0.1,0.9017646625405246,0.10982438250956164,0.23097890378198696,0.023468258793029956,0.011734129396514982,0.0,0.8847257335875331,0.9175973511641615,2,False,543600,,,,,conformal,id,0.923617350427682
dlinear_quantile_conformal,quantile,384,pitch_rate,20,2.0,434304,9,0.1,0.9017001915708812,0.7199226442866097,1.2739520559627124,0.12709102794233554,0.06354551397116778,0.0,0.8858942123489537,0.9163736691349837,2,False,543600,,,,,conformal,id,0.9237371608217294
dlinear_quantile_conformal,quantile,384,pitch_rate,30,3.0,434304,9,0.1,0.9013617189802534,1.4428935434664178,2.383859899292547,0.23863734857676228,0.11931867428838122,0.0,0.8858633583849101,0.9157530209254346,2,False,543600,,,,,conformal,id,0.9238676654473804
dlinear_quantile_conformal,quantile,384,pitch_rate,50,5.0,434304,9,0.1,0.9018982095490716,1.697433816122096,2.769118581097849,0.26009585876467867,0.13004792938233936,0.0,0.8863158640030946,0.9167949754089302,2,False,543600,,,,,conformal,id,0.923797316378609
dlinear_quantile_conformal,quantile,384,pitch_rate,100,10.0,434304,9,0.1,0.9031231579722959,3.102703278663,4.64736887340547,0.4803403643380666,0.24017018216903308,0.0,0.8892056600906277,0.9164199500810493,2,False,543600,,,,,conformal,id,0.9237004804982916
dlinear_quantile_conformal,quantile,384,pitch_rate,150,15.0,434304,9,0.1,0.9035422192749779,3.2208535577708224,4.6963669728375335,0.4784185220438384,0.2392092610219191,0.0,0.8908558290966696,0.9162533617005599,2,False,543600,,,,,conformal,id,0.9234069683655248
dlinear_quantile_conformal,quantile,384,heave_rate,10,1.0,434304,9,0.1,0.9004453101974653,0.02188205775026985,0.03320590240518868,0.0031414792314429377,0.0015707396157214678,0.0,0.8873231077770409,0.9136025687076333,2,False,543600,,,,,conformal,id,0.4495602477358838
dlinear_quantile_conformal,quantile,384,heave_rate,20,2.0,434304,9,0.1,0.900970288093133,0.16099764755032234,0.24127099038872205,0.021707811754028708,0.010853905877014356,0.0,0.8884277487658414,0.9139313130894489,2,False,543600,,,,,conformal,id,0.4496058601569564
dlinear_quantile_conformal,quantile,384,heave_rate,30,3.0,434304,9,0.1,0.8999065170940171,0.40311209219273175,0.6170897689409852,0.05740127376895194,0.02870063688447597,0.0,0.8867646280025051,0.9137137235669024,2,False,543600,,,,,conformal,id,0.4496495382799816
dlinear_quantile_conformal,quantile,384,heave_rate,50,5.0,434304,9,0.1,0.9019972185381668,0.5063460924539943,0.7610786714393868,0.07562051687055826,0.037810258435279145,0.0,0.8892316211685823,0.915453921676982,2,False,543600,,,,,conformal,id,0.4495925540262867
dlinear_quantile_conformal,quantile,384,heave_rate,100,10.0,434304,9,0.1,0.9024600279988211,1.135672964515337,1.6176609046998613,0.17143627328003425,0.08571813664001714,0.0,0.8906993143051872,0.9144788558244916,2,False,543600,,,,,conformal,id,0.4493860488108614
dlinear_quantile_conformal,quantile,384,heave_rate,150,15.0,434304,9,0.1,0.9025682471264368,1.4741765437743781,2.1002310058033786,0.22570471338852147,0.11285235669426076,0.0,0.8910690438034188,0.9146913797708518,2,False,543600,,,,,conformal,id,0.4491394554432332
dlinear_gaussian_conformal,gaussian,384,roll,10,1.0,434304,9,0.1,0.9014791482463896,0.12686046361814893,0.20956757776347845,0.019906440714399808,0.009953220357199899,0.0,0.8861672353927204,0.9191431002247273,0,False,121500,,,,,conformal,id,3.682816873957597
dlinear_gaussian_conformal,gaussian,384,roll,20,2.0,434304,9,0.1,0.9024623305334513,0.8249682614023387,1.4200829702657054,0.13004939015127998,0.06502469507563997,0.0,0.8858913917440318,0.9203801945181256,0,False,121500,,,,,conformal,id,3.683691963859013
dlinear_gaussian_conformal,gaussian,384,roll,30,3.0,434304,9,0.1,0.9022021441202476,2.104880405042381,3.6243289597489183,0.3312775953519937,0.165638797675997,0.0,0.8856582025493664,0.9203893470932802,0,False,121500,,,,,conformal,id,3.6845301229084
dlinear_gaussian_conformal,gaussian,384,roll,50,5.0,434304,9,0.1,0.898990108311229,2.4769610641999287,4.306122197857444,0.3952851872289288,0.19764259361446454,0.0,0.8824198602821987,0.917751275604185,0,False,121500,,,,,conformal,id,3.685983647312865
dlinear_gaussian_conformal,gaussian,384,roll,100,10.0,434304,9,0.1,0.9002703175655762,5.469088728192165,9.001273230560441,0.8544679020001278,0.427233951000064,0.0,0.8845667435713234,0.9177348700449455,0,False,121500,,,,,conformal,id,3.690074381032924
dlinear_gaussian_conformal,gaussian,384,roll,150,15.0,434304,9,0.1,0.8984444076038903,7.9493428725317425,13.237195623703705,1.2469512515238512,0.6234756257619254,0.0,0.8819565327512525,0.9161909630120837,0,False,121500,,,,,conformal,id,3.6937274583324062
dlinear_gaussian_conformal,gaussian,384,pitch,10,1.0,434304,9,0.1,0.9024300950486295,0.10653845462072596,0.17053353459852774,0.017035828045893167,0.008517914022946577,0.0,0.887248966161951,0.9162984913793103,0,False,121500,,,,,conformal,id,1.2413165389175655
dlinear_gaussian_conformal,gaussian,384,pitch,20,2.0,434304,9,0.1,0.9022113542587681,0.6390522684564196,1.0038253815787646,0.10137963373743501,0.050689816868717506,0.0,0.8874403643530798,0.9161694343132921,0,False,121500,,,,,conformal,id,1.2413790185919036
dlinear_gaussian_conformal,gaussian,384,pitch,30,3.0,434304,9,0.1,0.9027409372236959,1.4229085231294318,2.166303176310119,0.22334979293740234,0.11167489646870121,0.0,0.8889222180776599,0.9161450274462128,0,False,121500,,,,,conformal,id,1.2413993725281671
dlinear_gaussian_conformal,gaussian,384,pitch,50,5.0,434304,9,0.1,0.9006133952254642,1.717714320908742,2.6077512625103276,0.2706714732941673,0.13533573664708368,0.0,0.8865091617852933,0.9138469251952549,0,False,121500,,,,,conformal,id,1.2415168463730468
dlinear_gaussian_conformal,gaussian,384,pitch,100,10.0,434304,9,0.1,0.9015758547008547,3.6682795597107227,5.357535096961899,0.5694357393073789,0.28471786965368945,0.0,0.8890687168435014,0.9143251040745654,0,False,121500,,,,,conformal,id,1.2411836658196425
dlinear_gaussian_conformal,gaussian,384,pitch,150,15.0,434304,9,0.1,0.9032567049808429,4.259031434655242,6.149459584567765,0.6518313013593786,0.3259156506796895,0.0,0.8911807167329796,0.9155773375331564,0,False,121500,,,,,conformal,id,1.2405036351372414
dlinear_gaussian_conformal,gaussian,384,heave,10,1.0,434304,9,0.1,0.8985434165929855,0.04579575300721108,0.07734012658888487,0.007648219296220238,0.0038241096481101207,0.0,0.8835178814839375,0.9140236447281168,0,False,121500,,,,,conformal,id,0.7591945699315659
dlinear_gaussian_conformal,gaussian,384,heave,20,2.0,434304,9,0.1,0.8975740495137047,0.2817135487028542,0.5102806473962452,0.04820714867275331,0.024103574336376662,0.0,0.8812325583001768,0.9139157709806955,0,False,121500,,,,,conformal,id,0.7592353662201028
dlinear_gaussian_conformal,gaussian,384,heave,30,3.0,434304,9,0.1,0.8962201591511937,0.6946632671032018,1.278175106890735,0.1197704272505441,0.05988521362527205,0.0,0.8793790754862952,0.9130320581896552,0,False,121500,,,,,conformal,id,0.7592379733777742
dlinear_gaussian_conformal,gaussian,384,heave,50,5.0,434304,9,0.1,0.8974612253168288,0.8432581937692171,1.528297693821213,0.14431274544924502,0.07215637272462253,0.0,0.8810765615789862,0.9138517029546124,0,False,121500,,,,,conformal,id,0.7593097520603712
dlinear_gaussian_conformal,gaussian,384,heave,100,10.0,434304,9,0.1,0.8993631189213086,1.8009416275525605,2.8204715585451563,0.29151150103882933,0.14575575051941464,0.0,0.8854414189139405,0.9137022684571177,0,False,121500,,,,,conformal,id,0.7591324816869609
dlinear_gaussian_conformal,gaussian,384,heave,150,15.0,434304,9,0.1,0.8986009799587386,2.4164536254786224,3.7065297292934387,0.385821234927346,0.19291061746367297,0.0,0.8848307867300325,0.9127828663793104,0,False,121500,,,,,conformal,id,0.758700750262978
dlinear_gaussian_conformal,gaussian,384,roll_rate,10,1.0,434304,9,0.1,0.9018843943412909,0.073721354477502,0.1133339264850801,0.011454724462990945,0.005727362231495474,0.0,0.8877551208370175,0.9178185096153846,0,False,121500,,,,,conformal,id,1.9695482829582032
dlinear_gaussian_conformal,gaussian,384,roll_rate,20,2.0,434304,9,0.1,0.9000930223990569,0.45542856752696526,0.7347165196352909,0.07188942083057628,0.035944710415288114,0.0,0.8847507160882699,0.9172482869142352,0,False,121500,,,,,conformal,id,1.969895124963157
dlinear_gaussian_conformal,gaussian,384,roll_rate,30,3.0,434304,9,0.1,0.9013202733569113,1.1529002830314312,1.867887350523995,0.1808895533922397,0.09044477669611983,0.0,0.8854643291335101,0.9185381668140289,0,False,121500,,,,,conformal,id,1.9702531268505945
dlinear_gaussian_conformal,gaussian,384,roll_rate,50,5.0,434304,9,0.1,0.9031899314765695,1.4062449241744228,2.2314425840964986,0.21772495008693524,0.10886247504346763,0.0,0.8877168411987917,0.9201724483311229,0,False,121500,,,,,conformal,id,1.9711142946671736
dlinear_gaussian_conformal,gaussian,384,roll_rate,100,10.0,434304,9,0.1,0.9022205643972885,3.129246250778286,4.868248467855596,0.48349873529508497,0.2417493676475425,0.0,0.887471793950781,0.9187356667219275,0,False,121500,,,,,conformal,id,1.972726817260997
dlinear_gaussian_conformal,gaussian,384,roll_rate,150,15.0,434304,9,0.1,0.9016541408782788,4.5136121019252835,7.11312533430125,0.6951681399884597,0.34758406999422975,0.0,0.8864817616231948,0.9180949288977306,0,False,121500,,,,,conformal,id,1.9741281062750025
dlinear_gaussian_conformal,gaussian,384,pitch_rate,10,1.0,434304,9,0.1,0.9034754457707044,0.11718155549169385,0.2514553935218809,0.021102002547199246,0.01055100127359963,0.0,0.8832674808429118,0.9214323377173593,0,False,121500,,,,,conformal,id,0.923617350427682
dlinear_gaussian_conformal,gaussian,384,pitch_rate,20,2.0,434304,9,0.1,0.9033557139699381,0.68341416105936,1.3151239317862866,0.11640284870759951,0.05820142435379976,0.0,0.8845419913240495,0.9205767734121721,0,False,121500,,,,,conformal,id,0.9237371608217294
dlinear_gaussian_conformal,gaussian,384,pitch_rate,30,3.0,434304,9,0.1,0.9024669356027115,1.389781968510699,2.42118231096507,0.22825411489506614,0.11412705744753321,0.0,0.8858071765399351,0.9181976795055997,0,False,121500,,,,,conformal,id,0.9238676654473804
dlinear_gaussian_conformal,gaussian,384,pitch_rate,50,5.0,434304,9,0.1,0.9030932250221043,1.6521240391619325,2.7511382495122008,0.26642640320221755,0.13321320160110875,0.0,0.8872455699233717,0.9178697410109048,0,False,121500,,,,,conformal,id,0.923797316378609
dlinear_gaussian_conformal,gaussian,384,pitch_rate,100,10.0,434304,9,0.1,0.9031300655761862,3.112421361953683,4.695356675552195,0.48660850880291173,0.24330425440145592,0.0,0.8892043361332155,0.9166723078765104,0,False,121500,,,,,conformal,id,0.9237004804982916
dlinear_gaussian_conformal,gaussian,384,pitch_rate,150,15.0,434304,9,0.1,0.9043204759799588,3.2220053278790157,4.6832879059110795,0.49572468818830934,0.24786234409415442,0.0,0.8917496730400825,0.91696236967654,0,False,121500,,,,,conformal,id,0.9234069683655248
dlinear_gaussian_conformal,gaussian,384,heave_rate,10,1.0,434304,9,0.1,0.9025682471264368,0.028396102425800398,0.04162886940840256,0.004533089681762756,0.002266544840881379,0.0,0.890053050397878,0.9154607141541409,0,False,121500,,,,,conformal,id,0.4495602477358838
dlinear_gaussian_conformal,gaussian,384,heave_rate,20,2.0,434304,9,0.1,0.9012028440907751,0.1691581331227332,0.2565344260350915,0.027319878611254907,0.013659939305627446,0.0,0.8881473576112585,0.9145064286766873,0,False,121500,,,,,conformal,id,0.4496058601569564
dlinear_gaussian_conformal,gaussian,384,heave_rate,30,3.0,434304,9,0.1,0.9000653919834954,0.4072236700338464,0.624840626775631,0.06613390896081463,0.03306695448040728,0.0,0.8870143954465075,0.9139350547082228,0,False,121500,,,,,conformal,id,0.4496495382799816
dlinear_gaussian_conformal,gaussian,384,heave_rate,50,5.0,434304,9,0.1,0.9016219053934571,0.5026806763429693,0.7582286303781055,0.08060381957939969,0.040301909789699844,0.0,0.8888309801429413,0.9150909270925435,0,False,121500,,,,,conformal,id,0.4495925540262867
dlinear_gaussian_conformal,gaussian,384,heave_rate,100,10.0,434304,9,0.1,0.9027961980548187,1.1263977346748115,1.6061300076889296,0.17777793210923185,0.08888896605461596,0.0,0.8910975376694665,0.914903212956823,0,False,121500,,,,,conformal,id,0.4493860488108614
dlinear_gaussian_conformal,gaussian,384,heave_rate,150,15.0,434304,9,0.1,0.902915929855585,1.4703956549814874,2.0932400132438738,0.23038661858505768,0.11519330929252881,0.0,0.8914353194997052,0.9150182245615973,0,False,121500,,,,,conformal,id,0.4491394554432332
dlinear_gaussian_conformal,gaussian,384,roll,10,1.0,434304,9,0.1,0.902305758178603,0.10473846825124078,0.1787459618435708,0.016840531461559043,0.008420265730779522,0.0,0.8861472033414383,0.9192946645667551,1,False,121500,,,,,conformal,id,3.682816873957597
dlinear_gaussian_conformal,gaussian,384,roll,20,2.0,434304,9,0.1,0.9024669356027115,0.8285635721648456,1.440799975588343,0.13095981198850032,0.06547990599425009,0.0,0.8857409211059535,0.9205710170755969,1,False,121500,,,,,conformal,id,3.683691963859013
dlinear_gaussian_conformal,gaussian,384,roll,30,3.0,434304,9,0.1,0.90224819481285,2.1316540550222474,3.666679132200526,0.3351438281540996,0.16757191407704972,0.0,0.8858830450559977,0.9203679335212201,1,False,121500,,,,,conformal,id,3.6845301229084
dlinear_gaussian_conformal,gaussian,384,roll,50,5.0,434304,9,0.1,0.899637120542293,2.4639481425534977,4.242539697901462,0.39130746766895574,0.19565373383447787,0.0,0.8830871923813735,0.9182001547303271,1,False,121500,,,,,conformal,id,3.685983647312865
dlinear_gaussian_conformal,gaussian,384,roll,100,10.0,434304,9,0.1,0.899885794282346,5.471113002868189,9.050334110220426,0.8571711509400681,0.42858557547003406,0.0,0.8839364822796935,0.9174840664603596,1,False,121500,,,,,conformal,id,3.690074381032924
dlinear_gaussian_conformal,gaussian,384,roll,150,15.0,434304,9,0.1,0.8985180887120542,7.958117456662152,13.241608020438399,1.2476228878806608,0.62381144394033,0.0,0.881996539290451,0.9162256737216328,1,False,121500,,,,,conformal,id,3.6937274583324062
dlinear_gaussian_conformal,gaussian,384,pitch,10,1.0,434304,9,0.1,0.9011153477748305,0.10735853621567226,0.1742716193640352,0.017298846771447187,0.008649423385723595,0.0,0.8853123042845565,0.9152188904546124,1,False,121500,,,,,conformal,id,1.2413165389175655
dlinear_gaussian_conformal,gaussian,384,pitch,20,2.0,434304,9,0.1,0.9020939249926319,0.6439486747365424,1.0142709218757444,0.10219180949205679,0.05109590474602841,0.0,0.887186279656646,0.9159715890251989,1,False,121500,,,,,conformal,id,1.2413790185919036
dlinear_gaussian_conformal,gaussian,384,pitch,30,3.0,434304,9,0.1,0.9030218464485706,1.4222068960818584,2.162521317146521,0.2229487751901438,0.11147438759507178,0.0,0.8892022638520484,0.9164212164750958,1,False,121500,,,,,conformal,id,1.2413993725281671
dlinear_gaussian_conformal,gaussian,384,pitch,50,5.0,434304,9,0.1,0.9005466217211907,1.7227338767824485,2.612033906991179,0.2713324698899542,0.1356662349449771,0.0,0.8864883814102564,0.9138141716401416,1,False,121500,,,,,conformal,id,1.2415168463730468
dlinear_gaussian_conformal,gaussian,384,pitch,100,10.0,434304,9,0.1,0.9013502063071028,3.6676190713315138,5.358929809869088,0.5695768125109822,0.28478840625549123,0.0,0.8888431260131152,0.9141425130783967,1,False,121500,,,,,conformal,id,1.2411836658196425
dlinear_gaussian_conformal,gaussian,384,pitch,150,15.0,434304,9,0.1,0.9033096632773356,4.260582923280519,6.149351121147946,0.6518597261259098,0.3259298630629547,0.0,0.8911933231100796,0.9156058313992043,1,False,121500,,,,,conformal,id,1.2405036351372414
dlinear_gaussian_conformal,gaussian,384,heave,10,1.0,434304,9,0.1,0.8972217617152962,0.04263335187282557,0.07566474098944585,0.007291055725414073,0.0036455278627070364,0.0,0.8814803110263779,0.9131257713491011,1,False,121500,,,,,conformal,id,0.7591945699315659
dlinear_gaussian_conformal,gaussian,384,heave,20,2.0,434304,9,0.1,0.8975326038903625,0.28022628722081816,0.5143207071241694,0.04816491364828174,0.024082456824140883,0.0,0.8808482652704097,0.9142241379310344,1,False,121500,,,,,conformal,id,0.7592353662201028
dlinear_gaussian_conformal,gaussian,384,heave,30,3.0,434304,9,0.1,0.8957343243442382,0.6944151179710955,1.2806137318385153,0.11992196572743812,0.05996098286371907,0.0,0.8788439088748894,0.912540754862953,1,False,121500,,,,,conformal,id,0.7592379733777742
dlinear_gaussian_conformal,gaussian,384,heave,50,5.0,434304,9,0.1,0.8972079465075155,0.8468481616761069,1.5295889095842399,0.14487541452918262,0.07243770726459135,0.0,0.8810284386052166,0.9137541906130268,1,False,121500,,,,,conformal,id,0.7593097520603712
dlinear_gaussian_conformal,gaussian,384,heave,100,10.0,434304,9,0.1,0.898969385499558,1.793059264037583,2.8157119697234796,0.2908059707513334,0.14540298537566662,0.0,0.8850958660293251,0.9133430730548188,1,False,121500,,,,,conformal,id,0.7591324816869609
dlinear_gaussian_conformal,gaussian,384,heave,150,15.0,434304,9,0.1,0.8986884762746832,2.4169083863201966,3.7051268751184647,0.3857367635235275,0.1928683817617637,0.0,0.8849161532014441,0.912856144543914,1,False,121500,,,,,conformal,id,0.758700750262978
dlinear_gaussian_conformal,gaussian,384,roll_rate,10,1.0,434304,9,0.1,0.9003877468317123,0.061366100035542916,0.0949442558985413,0.00970760194564659,0.004853800972823303,0.0,0.886381716493516,0.9152552705017684,1,False,121500,,,,,conformal,id,1.9695482829582032
dlinear_gaussian_conformal,gaussian,384,roll_rate,20,2.0,434304,9,0.1,0.8988841917182434,0.45106599750111226,0.740547813875058,0.07191564747128094,0.03595782373564045,0.0,0.8831657663756263,0.9163546156609196,1,False,121500,,,,,conformal,id,1.969895124963157
dlinear_gaussian_conformal,gaussian,384,roll_rate,30,3.0,434304,9,0.1,0.9012304745063365,1.1640923621454016,1.8900974826413939,0.18275987636781052,0.09137993818390525,0.0,0.8852774784482759,0.9184482528367227,1,False,121500,,,,,conformal,id,1.9702531268505945
dlinear_gaussian_conformal,gaussian,384,roll_rate,50,5.0,434304,9,0.1,0.9027432397583259,1.394923606307942,2.2057363483159205,0.21606539300048902,0.10803269650024445,0.0,0.8874930923961096,0.919644995210728,1,False,121500,,,,,conformal,id,1.9711142946671736
dlinear_gaussian_conformal,gaussian,384,roll_rate,100,10.0,434304,9,0.1,0.902344901267315,3.133199303314274,4.8840091240270604,0.4843813161732238,0.24219065808661203,0.0,0.8875562394083407,0.9188542472553788,1,False,121500,,,,,conformal,id,1.972726817260997
dlinear_gaussian_conformal,gaussian,384,roll_rate,150,15.0,434304,9,0.1,0.9016748636899499,4.517620742759843,7.117162794717182,0.6955887571526542,0.3477943785763271,0.0,0.8864990881962865,0.9181328631557619,1,False,121500,,,,,conformal,id,1.9741281062750025
dlinear_gaussian_conformal,gaussian,384,pitch_rate,10,1.0,434304,9,0.1,0.9035145888594165,0.1215018734630439,0.2552905944789332,0.021592281520814407,0.010796140760407202,0.0,0.8835902961980548,0.9215320950302093,1,False,121500,,,,,conformal,id,0.923617350427682
dlinear_gaussian_conformal,gaussian,384,pitch_rate,20,2.0,434304,9,0.1,0.9030379641909815,0.6909536622234815,1.3305971466798825,0.11770660563072284,0.05885330281536135,0.0,0.884239380710286,0.9202935616526673,1,False,121500,,,,,conformal,id,0.9237371608217294
dlinear_gaussian_conformal,gaussian,384,pitch_rate,30,3.0,434304,9,0.1,0.9025705496610669,1.3874140075672239,2.420211466704315,0.22796727472520412,0.11398363736260209,0.0,0.8858746983679634,0.9182666404177718,1,False,121500,,,,,conformal,id,0.9238676654473804
dlinear_gaussian_conformal,gaussian,384,pitch_rate,50,5.0,434304,9,0.1,0.9031507883878573,1.6517799062995493,2.746991356494743,0.2663329492190925,0.1331664746095462,0.0,0.8872920235595344,0.9178232873747422,1,False,121500,,,,,conformal,id,0.923797316378609
dlinear_gaussian_conformal,gaussian,384,pitch_rate,100,10.0,434304,9,0.1,0.9028031056587091,3.1122958407886268,4.700627382597918,0.4870191300963351,0.2435095650481675,0.0,0.8888609130931329,0.916430714430445,1,False,121500,,,,,conformal,id,0.9237004804982916
dlinear_gaussian_conformal,gaussian,384,pitch_rate,150,15.0,434304,9,0.1,0.9041063402593575,3.2188056746974296,4.683536731319235,0.495678320415898,0.24783916020794905,0.0,0.8915161960285883,0.9167782820328617,1,False,121500,,,,,conformal,id,0.9234069683655248
dlinear_gaussian_conformal,gaussian,384,heave_rate,10,1.0,434304,9,0.1,0.9030609895372826,0.0268567101030821,0.04002898757787297,0.004306484738797401,0.002153242369398701,0.0,0.8899570347038019,0.9157299955791335,1,False,121500,,,,,conformal,id,0.4495602477358838
dlinear_gaussian_conformal,gaussian,384,heave_rate,20,2.0,434304,9,0.1,0.9009173297966402,0.1678996778703643,0.2565313492876095,0.027178125334224364,0.013589062667112182,0.0,0.8877025654840849,0.9144036205054524,1,False,121500,,,,,conformal,id,0.4496058601569564
dlinear_gaussian_conformal,gaussian,384,heave_rate,30,3.0,434304,9,0.1,0.8995956749189508,0.40647661507542726,0.6253090826833219,0.0661310830678709,0.033065541533935434,0.0,0.8864707094569703,0.9136849994473917,1,False,121500,,,,,conformal,id,0.4496495382799816
dlinear_gaussian_conformal,gaussian,384,heave_rate,50,5.0,434304,9,0.1,0.9015113837312113,0.5060153289316506,0.7618752299351972,0.08112525866753122,0.0405626293337656,0.0,0.8887956362363689,0.9149435648762158,1,False,121500,,,,,conformal,id,0.4495925540262867
dlinear_gaussian_conformal,gaussian,384,heave_rate,100,10.0,434304,9,0.1,0.9027708701738875,1.1232810486025104,1.602557978868365,0.1773648950239896,0.08868244751199483,0.0,0.8910390532898614,0.9148090968538167,1,False,121500,,,,,conformal,id,0.4493860488108614
dlinear_gaussian_conformal,gaussian,384,heave_rate,150,15.0,434304,9,0.1,0.9030218464485706,1.47070058637923,2.093097746160408,0.23037167486943835,0.11518583743471911,0.0,0.8915269603779841,0.915056331509726,1,False,121500,,,,,conformal,id,0.4491394554432332
dlinear_gaussian_conformal,gaussian,384,roll,10,1.0,434304,9,0.1,0.9031185529030357,0.14525322717406475,0.2454603394489897,0.022653895602739428,0.01132694780136971,0.0,0.8867058558060714,0.9210877634099617,2,False,121500,,,,,conformal,id,3.682816873957597
dlinear_gaussian_conformal,gaussian,384,roll,20,2.0,434304,9,0.1,0.9029228374594754,0.8121073021322526,1.40137465681711,0.1279453008635846,0.06397265043179232,0.0,0.8864372651414677,0.9208636116637194,2,False,121500,,,,,conformal,id,3.683691963859013
dlinear_gaussian_conformal,gaussian,384,roll,30,3.0,434304,9,0.1,0.9019120247568524,2.077150284667364,3.604823284348942,0.3278568210180586,0.16392841050902932,0.0,0.8851265473032714,0.9201423426908341,2,False,121500,,,,,conformal,id,3.6845301229084
dlinear_gaussian_conformal,gaussian,384,roll,50,5.0,434304,9,0.1,0.8988910993221338,2.451033882894466,4.2624064790794005,0.3914995612052877,0.19574978060264372,0.0,0.8822145317565576,0.9176177861590039,2,False,121500,,,,,conformal,id,3.685983647312865
dlinear_gaussian_conformal,gaussian,384,roll,100,10.0,434304,9,0.1,0.9000285514294135,5.474006093977545,9.023945328654106,0.8562405230867494,0.42812026154337457,0.0,0.8842201545461243,0.9174962698938992,2,False,121500,,,,,conformal,id,3.690074381032924
dlinear_gaussian_conformal,gaussian,384,roll,150,15.0,434304,9,0.1,0.8984121721190687,7.952072850622442,13.240125345615157,1.2473571477144267,0.6236785738572138,0.0,0.8819309170534925,0.9161386954759799,2,False,121500,,,,,conformal,id,3.6937274583324062
dlinear_gaussian_conformal,gaussian,384,pitch,10,1.0,434304,9,0.1,0.9036826738874153,0.10234270097814208,0.16727391802314692,0.016412097076795036,0.00820604853839752,0.0,0.887949339633068,0.9180241259578543,2,False,121500,,,,,conformal,id,1.2413165389175655
dlinear_gaussian_conformal,gaussian,384,pitch,20,2.0,434304,9,0.1,0.9023402961980548,0.6474982002021318,1.016058479116379,0.1025820478060849,0.05129102390304244,0.0,0.8875176143899204,0.916121426466254,2,False,121500,,,,,conformal,id,1.2413790185919036
dlinear_gaussian_conformal,gaussian,384,pitch,30,3.0,434304,9,0.1,0.9031231579722959,1.428175020037625,2.1742087213872803,0.22399699234939427,0.11199849617469713,0.0,0.8893090438955202,0.9164463716659298,2,False,121500,,,,,conformal,id,1.2413993725281671
dlinear_gaussian_conformal,gaussian,384,pitch,50,5.0,434304,9,0.1,0.9005581343943413,1.7227801636845408,2.614105096605189,0.2714673761870279,0.13573368809351383,0.0,0.8864270764257294,0.9137592561892132,2,False,121500,,,,,conformal,id,1.2415168463730468
dlinear_gaussian_conformal,gaussian,384,pitch,100,10.0,434304,9,0.1,0.9017370321249631,3.668996447462396,5.355424108424002,0.5692567922390064,0.284628396119503,0.0,0.889251538093133,0.9144399429892426,2,False,121500,,,,,conformal,id,1.2411836658196425
dlinear_gaussian_conformal,gaussian,384,pitch,150,15.0,434304,9,0.1,0.9033326886236369,4.261112986054594,6.149367972413541,0.6518633900830152,0.3259316950415078,0.0,0.8912597512341586,0.9156116452991453,2,False,121500,,,,,conformal,id,1.2405036351372414
dlinear_gaussian_conformal,gaussian,384,heave,10,1.0,434304,9,0.1,0.8985042735042735,0.044841232265270044,0.07913866009169457,0.007548192595153717,0.003774096297576856,0.0,0.8823459489205717,0.9147296594090776,2,False,121500,,,,,conformal,id,0.7591945699315659
dlinear_gaussian_conformal,gaussian,384,heave,20,2.0,434304,9,0.1,0.8977812776304156,0.2793272588128673,0.50803330168541,0.04787267862689664,0.023936339313448317,0.0,0.8813872310639552,0.9143373075081049,2,False,121500,,,,,conformal,id,0.7592353662201028
dlinear_gaussian_conformal,gaussian,384,heave,30,3.0,434304,9,0.1,0.8952991452991453,0.6841555542356252,1.277081511266491,0.118911541868932,0.05945577093446605,0.0,0.8783697018678162,0.9124583816865606,2,False,121500,,,,,conformal,id,0.7592379733777742
dlinear_gaussian_conformal,gaussian,384,heave,50,5.0,434304,9,0.1,0.8971388704686118,0.8423768058311106,1.527550937507709,0.14434960019579388,0.07217480009789691,0.0,0.8807448239021515,0.9135407456528146,2,False,121500,,,,,conformal,id,0.7593097520603712
dlinear_gaussian_conformal,gaussian,384,heave,100,10.0,434304,9,0.1,0.8994690355142941,1.8023589811534695,2.8194787595132205,0.291489285279577,0.1457446426397885,0.0,0.8855812403293546,0.9137537876694666,2,False,121500,,,,,conformal,id,0.7591324816869609
dlinear_gaussian_conformal,gaussian,384,heave,150,15.0,434304,9,0.1,0.898550324196876,2.4154913146737984,3.705775017619798,0.3857638127394882,0.19288190636974412,0.0,0.8847554938476275,0.9126793674476864,2,False,121500,,,,,conformal,id,0.758700750262978
dlinear_gaussian_conformal,gaussian,384,roll_rate,10,1.0,434304,9,0.1,0.9001644009725907,0.07914296162317515,0.1283151385236362,0.012491127904677189,0.0062455639523385925,0.0,0.8848903648135868,0.9170024913424698,2,False,121500,,,,,conformal,id,1.9695482829582032
dlinear_gaussian_conformal,gaussian,384,roll_rate,20,2.0,434304,9,0.1,0.8991558908045977,0.4436685643504754,0.722444734324053,0.07057872677884953,0.03528936338942479,0.0,0.8836305329907161,0.916295555647657,2,False,121500,,,,,conformal,id,1.969895124963157
dlinear_gaussian_conformal,gaussian,384,roll_rate,30,3.0,434304,9,0.1,0.9015666445623343,1.1363386446551578,1.8480161561482407,0.17846305854482492,0.08923152927241249,0.0,0.8855426728743001,0.9189172791408783,2,False,121500,,,,,conformal,id,1.9702531268505945
dlinear_gaussian_conformal,gaussian,384,roll_rate,50,5.0,434304,9,0.1,0.9030725022104332,1.3943848028973975,2.209072983989318,0.21591797695654344,0.10795898847827169,0.0,0.8876897288535219,0.9200018880783968,2,False,121500,,,,,conformal,id,1.9711142946671736
dlinear_gaussian_conformal,gaussian,384,roll_rate,100,10.0,434304,9,0.1,0.902344901267315,3.137341967129273,4.879912111960289,0.4845345657527743,0.24226728287638705,0.0,0.8876384974580017,0.9188773877284114,2,False,121500,,,,,conformal,id,1.972726817260997
dlinear_gaussian_conformal,gaussian,384,roll_rate,150,15.0,434304,9,0.1,0.9015712496315944,4.515995089208347,7.116091776190999,0.6954768012261363,0.3477384006130681,0.0,0.886405029656646,0.918035408377542,2,False,121500,,,,,conformal,id,1.9741281062750025
dlinear_gaussian_conformal,gaussian,384,pitch_rate,10,1.0,434304,9,0.1,0.9030080312407899,0.11575740968138054,0.2548542468258161,0.02100373382550508,0.010501866912752547,0.0,0.8822350243147657,0.9213296446728559,2,False,121500,,,,,conformal,id,0.923617350427682
dlinear_gaussian_conformal,gaussian,384,pitch_rate,20,2.0,434304,9,0.1,0.9029896109637489,0.6919984776306389,1.3277216363105582,0.11777623355976193,0.05888811677988095,0.0,0.8842072027888299,0.9201539704907161,2,False,121500,,,,,conformal,id,0.9237371608217294
dlinear_gaussian_conformal,gaussian,384,pitch_rate,30,3.0,434304,9,0.1,0.9025590369879163,1.397814089520047,2.429282976916617,0.2292249866972269,0.11461249334861355,0.0,0.8859776792292956,0.9182341171161214,2,False,121500,,,,,conformal,id,0.9238676654473804
dlinear_gaussian_conformal,gaussian,384,pitch_rate,50,5.0,434304,9,0.1,0.9027317270851754,1.650569198703498,2.751065971551279,0.26665381690830103,0.13332690845415063,0.0,0.8869236755820807,0.9175032926245211,2,False,121500,,,,,conformal,id,0.923797316378609
dlinear_gaussian_conformal,gaussian,384,pitch_rate,100,10.0,434304,9,0.1,0.9030471743295019,3.110930496193082,4.694518945737692,0.4864769317866906,0.2432384658933452,0.0,0.8891852250957855,0.9166005263594165,2,False,121500,,,,,conformal,id,0.9237004804982916
dlinear_gaussian_conformal,gaussian,384,pitch_rate,150,15.0,434304,9,0.1,0.9039543729737696,3.217294667826573,4.683073573957368,0.49561028340576524,0.24780514170288273,0.0,0.8913762594864426,0.9166461741084585,2,False,121500,,,,,conformal,id,0.9234069683655248
dlinear_gaussian_conformal,gaussian,384,heave_rate,10,1.0,434304,9,0.1,0.9001505857648099,0.02650717522236672,0.04015702722256329,0.0042846074920218245,0.0021423037460109122,0.0,0.8871551378757737,0.9138301742558208,2,False,121500,,,,,conformal,id,0.4495602477358838
dlinear_gaussian_conformal,gaussian,384,heave_rate,20,2.0,434304,9,0.1,0.9009196323312703,0.16831010773523752,0.25588655490844375,0.027211062855501934,0.01360553142775097,0.0,0.8879396114242558,0.9142461847001179,2,False,121500,,,,,conformal,id,0.4496058601569564
dlinear_gaussian_conformal,gaussian,384,heave_rate,30,3.0,434304,9,0.1,0.9000699970527557,0.40342851712051164,0.6212052085281287,0.06557223413614209,0.032786117068071045,0.0,0.8868532755857649,0.9140192123489538,2,False,121500,,,,,conformal,id,0.4496495382799816
dlinear_gaussian_conformal,gaussian,384,heave_rate,50,5.0,434304,9,0.1,0.9015251989389921,0.5034780913647495,0.7592925680041894,0.08077651545654,0.04038825772827001,0.0,0.8887186164529914,0.9150452793435013,2,False,121500,,,,,conformal,id,0.4495925540262867
dlinear_gaussian_conformal,gaussian,384,heave_rate,100,10.0,434304,9,0.1,0.9029136273209549,1.126697591951395,1.6059276714975748,0.17776589691441927,0.08888294845720965,0.0,0.8911665561450044,0.9150078631557619,2,False,121500,,,,,conformal,id,0.4493860488108614
dlinear_gaussian_conformal,gaussian,384,heave_rate,150,15.0,434304,9,0.1,0.9031599985263778,1.4722367801822789,2.0934390974218267,0.23042656689101085,0.11521328344550547,0.0,0.8916974630673445,0.9152126160477453,2,False,121500,,,,,conformal,id,0.4491394554432332
tcn_quantile_conformal,quantile,384,roll,10,1.0,434304,9,0.1,0.9019074196875921,0.054795627914382236,0.0685994691806028,0.008744330625136649,0.00437216531256833,0.0,0.8954690147914824,0.9080696931181844,0,False,665704,,,,,conformal,id,3.682816873957597
tcn_quantile_conformal,quantile,384,roll,20,2.0,434304,9,0.1,0.8981773135867963,0.10990869394108442,0.1445568192692668,0.018537600716469663,0.009268800358234835,0.0,0.8924793462643678,0.9036027183723844,0,False,665704,,,,,conformal,id,3.683691963859013
tcn_quantile_conformal,quantile,384,roll,30,3.0,434304,9,0.1,0.8997499447391689,0.18070101697969912,0.24819145692204092,0.031719156003470306,0.015859578001735146,0.0,0.8938736461096375,0.9055625782861775,0,False,665704,,,,,conformal,id,3.6845301229084
tcn_quantile_conformal,quantile,384,roll,50,5.0,434304,9,0.1,0.9018590664603595,0.2591626684765705,0.38504280557062887,0.04743174147926379,0.023715870739631908,0.0,0.892806766688771,0.91018606782346,0,False,665704,,,,,conformal,id,3.685983647312865
tcn_quantile_conformal,quantile,384,roll,100,10.0,434304,9,0.1,0.901925839964633,0.9146128405285285,1.3230419117639816,0.16773188174480744,0.08386594087240369,0.0,0.8954615315539345,0.9086152786987917,0,False,665704,,,,,conformal,id,3.690074381032924
tcn_quantile_conformal,quantile,384,roll,150,15.0,434304,9,0.1,0.9021560934276451,1.965673217142498,2.783428120024944,0.35694947332291393,0.17847473666145694,0.0,0.8967560165229885,0.9078693150419982,0,False,665704,,,,,conformal,id,3.6937274583324062
tcn_quantile_conformal,quantile,384,pitch,10,1.0,434304,9,0.1,0.9007653625110522,0.04277404235181187,0.05655503293208017,0.007475308940197294,0.003737654470098644,0.0,0.8968469090775125,0.9044117139146773,0,False,665704,,,,,conformal,id,1.2413165389175655
tcn_quantile_conformal,quantile,384,pitch,20,2.0,434304,9,0.1,0.9012811302681992,0.10840455131068569,0.158796161402391,0.02042893745714992,0.010214468728574969,0.0,0.8953405909224875,0.9071580045313882,0,False,665704,,,,,conformal,id,1.2413790185919036
tcn_quantile_conformal,quantile,384,pitch,30,3.0,434304,9,0.1,0.8977398320070734,0.18246489689809908,0.26229765777418534,0.03379421443434265,0.016897107217171338,0.0,0.8933281756557618,0.9020991056955496,0,False,665704,,,,,conformal,id,1.2413993725281671
tcn_quantile_conformal,quantile,384,pitch,50,5.0,434304,9,0.1,0.9006433281756557,0.39085013181537,0.61837303270647,0.07725952148136746,0.038629760740683715,0.0,0.8936454073644268,0.9077034749852638,0,False,665704,,,,,conformal,id,1.2415168463730468
tcn_quantile_conformal,quantile,384,pitch,100,10.0,434304,9,0.1,0.8993792366637194,1.38469152863199,1.8883664573450898,0.24788326740872607,0.12394163370436298,0.0,0.8949320637157383,0.9041340282382847,0,False,665704,,,,,conformal,id,1.2411836658196425
tcn_quantile_conformal,quantile,384,pitch,150,15.0,434304,9,0.1,0.9001436781609196,2.232620373584534,2.979949022209533,0.39309427323991836,0.19654713661995907,0.0,0.896203062831565,0.9040006539198349,0,False,665704,,,,,conformal,id,1.2405036351372414
tcn_quantile_conformal,quantile,384,heave,10,1.0,434304,9,0.1,0.8982118516062482,0.017305962781359718,0.022289824516187662,0.0029716813226114695,0.0014858406613057354,0.0,0.8938557439028882,0.9026677741858238,0,False,665704,,,,,conformal,id,0.7591945699315659
tcn_quantile_conformal,quantile,384,heave,20,2.0,434304,9,0.1,0.9013202733569113,0.0353474448669711,0.04560202539639237,0.00605327514511385,0.003026637572556925,0.0,0.8987435644157088,0.9039362405135574,0,False,665704,,,,,conformal,id,0.7592353662201028
tcn_quantile_conformal,quantile,384,heave,30,3.0,434304,9,0.1,0.9033303860890067,0.06516142938944534,0.08584381093357077,0.011305269774915016,0.005652634887457508,0.0,0.9001718266467729,0.9065313697318008,0,False,665704,,,,,conformal,id,0.7592379733777742
tcn_quantile_conformal,quantile,384,heave,50,5.0,434304,9,0.1,0.8995657419687592,0.18561341545775006,0.26513950579211226,0.03407928704257474,0.017039643521287378,0.0,0.8944451927681992,0.9045575219201296,0,False,665704,,,,,conformal,id,0.7593097520603712
tcn_quantile_conformal,quantile,384,heave,100,10.0,434304,9,0.1,0.9002334770114943,0.5917199017084476,0.8073740899514573,0.10442049767905918,0.052210248839529586,0.0,0.8951575394193929,0.9053358361884764,0,False,665704,,,,,conformal,id,0.7591324816869609
tcn_quantile_conformal,quantile,384,heave,150,15.0,434304,9,0.1,0.899427589890952,1.1148022155872246,1.4848040284458102,0.19366650092191304,0.09683325046095655,0.0,0.8951098193891837,0.9035715190281461,0,False,665704,,,,,conformal,id,0.758700750262978
tcn_quantile_conformal,quantile,384,roll_rate,10,1.0,434304,9,0.1,0.8992917403477748,0.06623643061419748,0.08496938414116961,0.01112707400244705,0.0055635370012235294,0.0,0.8913065502505158,0.9064416860079575,0,False,665704,,,,,conformal,id,1.9695482829582032
tcn_quantile_conformal,quantile,384,roll_rate,20,2.0,434304,9,0.1,0.9009288424697908,0.11406865643011582,0.14910858019802833,0.019283463737232887,0.009641731868616438,0.0,0.8938871735005894,0.9074712068044504,0,False,665704,,,,,conformal,id,1.969895124963157
tcn_quantile_conformal,quantile,384,roll_rate,30,3.0,434304,9,0.1,0.9026810713233127,0.1333425445463608,0.1809219955910053,0.02325052203890877,0.011625261019454382,0.0,0.8951908110447981,0.9096712210801651,0,False,665704,,,,,conformal,id,1.9702531268505945
tcn_quantile_conformal,quantile,384,roll_rate,50,5.0,434304,9,0.1,0.8996877763041556,0.2439675286543912,0.3475444868399769,0.04318313797521321,0.021591568987606603,0.0,0.8908322281167109,0.907436093151341,0,False,665704,,,,,conformal,id,1.9711142946671736
tcn_quantile_conformal,quantile,384,roll_rate,100,10.0,434304,9,0.1,0.8994782456528146,0.7512001365026835,1.0465372401074076,0.13435999537390514,0.06717999768695256,0.0,0.8935052981321839,0.9049652432397584,0,False,665704,,,,,conformal,id,1.972726817260997
tcn_quantile_conformal,quantile,384,roll_rate,150,15.0,434304,9,0.1,0.8986147951665193,1.3692520606899081,1.8912415563737843,0.24413681936376555,0.12206840968188278,0.0,0.894230596540672,0.9034893185418509,0,False,665704,,,,,conformal,id,1.9741281062750025
tcn_quantile_conformal,quantile,384,pitch_rate,10,1.0,434304,9,0.1,0.8998788866784556,0.057840073125756834,0.08140784867967378,0.010562502112573185,0.005281251056286594,0.0,0.8942438936781609,0.9052208821470674,0,False,665704,,,,,conformal,id,0.923617350427682
tcn_quantile_conformal,quantile,384,pitch_rate,20,2.0,434304,9,0.1,0.9014538203654583,0.12951375641552684,0.17074605563044998,0.022493027263491946,0.01124651363174597,0.0,0.8978751634799588,0.9051136991600354,0,False,665704,,,,,conformal,id,0.9237371608217294
tcn_quantile_conformal,quantile,384,pitch_rate,30,3.0,434304,9,0.1,0.8992710175361037,0.17814813478487695,0.2640027936342505,0.03384067453320613,0.016920337266603063,0.0,0.8934473318228706,0.9049495860042734,0,False,665704,,,,,conformal,id,0.9238676654473804
tcn_quantile_conformal,quantile,384,pitch_rate,50,5.0,434304,9,0.1,0.8998996094901267,0.43115024409189473,0.6285615567125392,0.08110028530923485,0.0405501426546174,0.0,0.8947119989684645,0.9050966028404067,0,False,665704,,,,,conformal,id,0.923797316378609
tcn_quantile_conformal,quantile,384,pitch_rate,100,10.0,434304,9,0.1,0.8991466806660772,1.2335643814144064,1.6829403431639733,0.22217735715928855,0.11108867857964429,0.0,0.8952597719569703,0.903134785772178,0,False,665704,,,,,conformal,id,0.9237004804982916
tcn_quantile_conformal,quantile,384,pitch_rate,150,15.0,434304,9,0.1,0.9017554524020042,1.8652846882652023,2.4407670935288186,0.3240497379705339,0.1620248689852669,0.0,0.8980536674771589,0.9060367852932508,0,False,665704,,,,,conformal,id,0.9234069683655248
tcn_quantile_conformal,quantile,384,heave_rate,10,1.0,434304,9,0.1,0.8995795571765399,0.01958862859769781,0.024976527816778414,0.0033361592659418527,0.0016680796329709266,0.0,0.8949674651856764,0.9042136383731212,0,False,665704,,,,,conformal,id,0.4495602477358838
tcn_quantile_conformal,quantile,384,heave_rate,20,2.0,434304,9,0.1,0.9008643715001473,0.03287644294704156,0.04307812737225821,0.0056768042488310345,0.0028384021244155177,0.0,0.8967289041777189,0.9047520285330092,0,False,665704,,,,,conformal,id,0.4496058601569564
tcn_quantile_conformal,quantile,384,heave_rate,30,3.0,434304,9,0.1,0.901239684644857,0.060356681817595556,0.08252696916592285,0.010768417450393919,0.005384208725196963,0.0,0.8965510909409078,0.9059993691055114,0,False,665704,,,,,conformal,id,0.4496495382799816
tcn_quantile_conformal,quantile,384,heave_rate,50,5.0,434304,9,0.1,0.8988542587680519,0.10478976812943824,0.15238193388777108,0.019566181147122,0.009783090573561,0.0,0.892712593022399,0.9048087284482759,0,False,665704,,,,,conformal,id,0.4495925540262867
tcn_quantile_conformal,quantile,384,heave_rate,100,10.0,434304,9,0.1,0.9023034556439729,0.40997424546268285,0.5559702703443329,0.07251250692178611,0.03625625346089306,0.0,0.8981746656719717,0.9062994469311818,0,False,665704,,,,,conformal,id,0.4493860488108614
tcn_quantile_conformal,quantile,384,heave_rate,150,15.0,434304,9,0.1,0.9013801392572944,0.7579396188803965,0.9940093144515305,0.1307428331991738,0.06537141659958692,0.0,0.8980661587275273,0.9047826522435897,0,False,665704,,,,,conformal,id,0.4491394554432332
tcn_quantile_conformal,quantile,384,roll,10,1.0,434304,9,0.1,0.8986401230474507,0.06231179309222009,0.078505874081534,0.010193548062053451,0.0050967740310267256,0.0,0.8931668831049219,0.9041997656019747,1,False,665704,,,,,conformal,id,3.682816873957597
tcn_quantile_conformal,quantile,384,roll,20,2.0,434304,9,0.1,0.9019695881226054,0.11236789711845047,0.14821871054519944,0.01895858073001237,0.00947929036500619,0.0,0.8955772339190982,0.9081635214043619,1,False,665704,,,,,conformal,id,3.683691963859013
tcn_quantile_conformal,quantile,384,roll,30,3.0,434304,9,0.1,0.8998466511936339,0.18012027419761933,0.2473363670038388,0.031182889159170835,0.015591444579585409,0.0,0.8925773766762453,0.9067550034077513,1,False,665704,,,,,conformal,id,3.6845301229084
tcn_quantile_conformal,quantile,384,roll,50,5.0,434304,9,0.1,0.9028031056587091,0.27702673835664504,0.3846234464303375,0.04756539383877229,0.023782696919386146,0.0,0.8947441193265547,0.9103090807360743,1,False,665704,,,,,conformal,id,3.685983647312865
tcn_quantile_conformal,quantile,384,roll,100,10.0,434304,9,0.1,0.9030080312407899,0.9467937460576965,1.3154459285078948,0.16897957150044163,0.0844897857502208,0.0,0.8980645469532862,0.907617878260389,1,False,665704,,,,,conformal,id,3.690074381032924
tcn_quantile_conformal,quantile,384,roll,150,15.0,434304,9,0.1,0.9025498268493958,2.0140476827397413,2.773882261496983,0.35787520200537754,0.17893760100268866,0.0,0.8976060547450634,0.9073938992042441,1,False,665704,,,,,conformal,id,3.6937274583324062
tcn_quantile_conformal,quantile,384,pitch,10,1.0,434304,9,0.1,0.8994736405835544,0.04433841095109066,0.060070938532212924,0.007860794054416984,0.003930397027208495,0.0,0.8929159068302387,0.9059507856248158,1,False,665704,,,,,conformal,id,1.2413165389175655
tcn_quantile_conformal,quantile,384,pitch,20,2.0,434304,9,0.1,0.8964734379605069,0.10984469809481645,0.16348913197934892,0.02089580693860332,0.010447903469301661,0.0,0.8903187053308282,0.9026488934018567,1,False,665704,,,,,conformal,id,1.2413790185919036
tcn_quantile_conformal,quantile,384,pitch,30,3.0,434304,9,0.1,0.8964435050103153,0.1823910939622223,0.2735913199829978,0.03501981804011007,0.017509909020055038,0.0,0.8910889031646037,0.9023069094459181,1,False,665704,,,,,conformal,id,1.2413993725281671
tcn_quantile_conformal,quantile,384,pitch,50,5.0,434304,9,0.1,0.8999963159445918,0.39915678227459417,0.6219285179074959,0.07810097446717529,0.03905048723358764,0.0,0.8936569776009431,0.9062641605879753,1,False,665704,,,,,conformal,id,1.2415168463730468
tcn_quantile_conformal,quantile,384,pitch,100,10.0,434304,9,0.1,0.898361516357206,1.385623261547655,1.8919906025009827,0.24850841602991872,0.12425420801495927,0.0,0.8938309916556145,0.9030739412945771,1,False,665704,,,,,conformal,id,1.2411836658196425
tcn_quantile_conformal,quantile,384,pitch,150,15.0,434304,9,0.1,0.8991328654582965,2.2192371652753735,2.9811220851055946,0.39328854261006524,0.19664427130503256,0.0,0.8950895570844386,0.9029206500515767,1,False,665704,,,,,conformal,id,1.2405036351372414
tcn_quantile_conformal,quantile,384,heave,10,1.0,434304,9,0.1,0.8984305923961097,0.015951483370395828,0.020339428068476686,0.0027344784080604832,0.001367239204030242,0.0,0.894329202586207,0.9024351606248158,1,False,665704,,,,,conformal,id,0.7591945699315659
tcn_quantile_conformal,quantile,384,heave,20,2.0,434304,9,0.1,0.8984398025346301,0.03389628876766118,0.044572158928076526,0.005951468386840252,0.0029757341934201265,0.0,0.8954019534703801,0.9015482242852932,1,False,665704,,,,,conformal,id,0.7592353662201028
tcn_quantile_conformal,quantile,384,heave,30,3.0,434304,9,0.1,0.8971204501915708,0.06565626451608023,0.08862239494584934,0.011687405075013925,0.005843702537506963,0.0,0.8936694688513116,0.9006795355327144,1,False,665704,,,,,conformal,id,0.7592379733777742
tcn_quantile_conformal,quantile,384,heave,50,5.0,434304,9,0.1,0.8981404730327144,0.1859128935825886,0.2705024477914119,0.0345240720858712,0.017262036042935594,0.0,0.8924192501105217,0.9035187334217507,1,False,665704,,,,,conformal,id,0.7593097520603712
tcn_quantile_conformal,quantile,384,heave,100,10.0,434304,9,0.1,0.8987091990863543,0.5854164904958761,0.816721175650982,0.10536917067374227,0.05268458533687112,0.0,0.8931684948791629,0.9039061348732684,1,False,665704,,,,,conformal,id,0.7591324816869609
tcn_quantile_conformal,quantile,384,heave,150,15.0,434304,9,0.1,0.9020041261420572,1.1145759939343516,1.4919646962480833,0.19467557318808318,0.09733778659404158,0.0,0.8977976256262894,0.9059845753205128,1,False,665704,,,,,conformal,id,0.758700750262978
tcn_quantile_conformal,quantile,384,roll_rate,10,1.0,434304,9,0.1,0.9027754752431476,0.07757168860944597,0.09835726982210667,0.01280725235534765,0.006403626177673824,0.0,0.8960998517167699,0.9095691036693192,1,False,665704,,,,,conformal,id,1.9695482829582032
tcn_quantile_conformal,quantile,384,roll_rate,20,2.0,434304,9,0.1,0.9006410256410257,0.116755720754292,0.15288613036734658,0.019888157761678227,0.00994407888083912,0.0,0.8946353821286472,0.9066256585249043,1,False,665704,,,,,conformal,id,1.969895124963157
tcn_quantile_conformal,quantile,384,roll_rate,30,3.0,434304,9,0.1,0.9006064876215738,0.13674181118481676,0.1832589006657124,0.023861899524245778,0.011930949762122887,0.0,0.8941087348953728,0.9067758413461539,1,False,665704,,,,,conformal,id,1.9702531268505945
tcn_quantile_conformal,quantile,384,roll_rate,50,5.0,434304,9,0.1,0.901562039493074,0.24153963487453073,0.34698112881516585,0.04319661984222355,0.021598309921111777,0.0,0.892754556716033,0.9099905826333627,1,False,665704,,,,,conformal,id,1.9711142946671736
tcn_quantile_conformal,quantile,384,roll_rate,100,10.0,434304,9,0.1,0.9011406756557618,0.7566153420404585,1.0389535036436663,0.13511406114340943,0.06755703057170474,0.0,0.8959987704465074,0.9059299476864132,1,False,665704,,,,,conformal,id,1.972726817260997
tcn_quantile_conformal,quantile,384,roll_rate,150,15.0,434304,9,0.1,0.8977098990568818,1.356739442324491,1.8919433327734791,0.24655312994201922,0.12327656497100964,0.0,0.8929216056034482,0.9024394203138815,1,False,665704,,,,,conformal,id,1.9741281062750025
tcn_quantile_conformal,quantile,384,pitch_rate,10,1.0,434304,9,0.1,0.8988197207486001,0.06143346383251761,0.08526923187012937,0.011103923829224352,0.005551961914612173,0.0,0.8936808663977306,0.9033539295055998,1,False,665704,,,,,conformal,id,0.923617350427682
tcn_quantile_conformal,quantile,384,pitch_rate,20,2.0,434304,9,0.1,0.8995542292956086,0.12541871551052533,0.17878114423865732,0.023382321666987387,0.01169116083349369,0.0,0.8948391564434129,0.9045300066312998,1,False,665704,,,,,conformal,id,0.9237371608217294
tcn_quantile_conformal,quantile,384,pitch_rate,30,3.0,434304,9,0.1,0.8983361884762747,0.17264733079699635,0.26760847129808957,0.03384523603543316,0.016922618017716575,0.0,0.891526730124521,0.9052490306329207,1,False,665704,,,,,conformal,id,0.9238676654473804
tcn_quantile_conformal,quantile,384,pitch_rate,50,5.0,434304,9,0.1,0.8964918582375478,0.4261542217387955,0.645505397881519,0.0827539269169995,0.04137696345849976,0.0,0.8907426019562334,0.9019956643272914,1,False,665704,,,,,conformal,id,0.923797316378609
tcn_quantile_conformal,quantile,384,pitch_rate,100,10.0,434304,9,0.1,0.8985572318007663,1.2297751674731665,1.6950538974247096,0.22323929962579947,0.11161964981289976,0.0,0.89443569481285,0.9027325329722959,1,False,665704,,,,,conformal,id,0.9237004804982916
tcn_quantile_conformal,quantile,384,pitch_rate,150,15.0,434304,9,0.1,0.9001782161803713,1.8571910548255903,2.442902481894464,0.3248359946130367,0.16241799730651835,0.0,0.8964618677239906,0.9043508694370763,1,False,665704,,,,,conformal,id,0.9234069683655248
tcn_quantile_conformal,quantile,384,heave_rate,10,1.0,434304,9,0.1,0.9022228669319187,0.018633140910305008,0.02390072671357162,0.0031821194500415142,0.0015910597250207565,0.0,0.8985013377726201,0.9057627261089007,1,False,665704,,,,,conformal,id,0.4495602477358838
tcn_quantile_conformal,quantile,384,heave_rate,20,2.0,434304,9,0.1,0.9014307950191571,0.034483679005416504,0.04478782349755847,0.005946853617621054,0.0029734268088105276,0.0,0.8980294333001768,0.9047973309018568,1,False,665704,,,,,conformal,id,0.4496058601569564
tcn_quantile_conformal,quantile,384,heave_rate,30,3.0,434304,9,0.1,0.8984144746536988,0.06003957829967363,0.08337811520749829,0.010868981715284614,0.005434490857642305,0.0,0.8938953474985264,0.9029393581454466,1,False,665704,,,,,conformal,id,0.4496495382799816
tcn_quantile_conformal,quantile,384,heave_rate,50,5.0,434304,9,0.1,0.8987115016209843,0.10811943452462054,0.15587280880425605,0.020084062029626565,0.010042031014813275,0.0,0.8929962077254642,0.9041962542366637,1,False,665704,,,,,conformal,id,0.4495925540262867
tcn_quantile_conformal,quantile,384,heave_rate,100,10.0,434304,9,0.1,0.9006272104332449,0.40670913307388673,0.5636818401834149,0.07295078132847081,0.036475390664235434,0.0,0.8957859586833186,0.9052234724985264,1,False,665704,,,,,conformal,id,0.4493860488108614
tcn_quantile_conformal,quantile,384,heave_rate,150,15.0,434304,9,0.1,0.9022228669319187,0.7582544499643096,1.0027769898084504,0.13162524671573456,0.06581262335786728,0.0,0.8985525691681403,0.9059282207854406,1,False,665704,,,,,conformal,id,0.4491394554432332
tcn_quantile_conformal,quantile,384,roll,10,1.0,434304,9,0.1,0.9003094606542882,0.07675964377859401,0.09706670403703369,0.013126374856406072,0.006563187428203035,0.0,0.8972534791298261,0.9035274830533452,2,False,665704,,,,,conformal,id,3.682816873957597
tcn_quantile_conformal,quantile,384,roll,20,2.0,434304,9,0.1,0.9021399756852343,0.12673629943579412,0.1602303133027925,0.02149181218785725,0.010745906093928627,0.0,0.8979579395999117,0.9063054335212202,2,False,665704,,,,,conformal,id,3.683691963859013
tcn_quantile_conformal,quantile,384,roll,30,3.0,434304,9,0.1,0.9011084401709402,0.19032607712114172,0.251665682664187,0.03286571556012113,0.01643285778006056,0.0,0.8965031406572356,0.9055222839301503,2,False,665704,,,,,conformal,id,3.6845301229084
tcn_quantile_conformal,quantile,384,roll,50,5.0,434304,9,0.1,0.8997315244621279,0.2752289965581188,0.3830034706592696,0.048595241967158496,0.02429762098357927,0.0,0.8920639690170941,0.9065703401304156,2,False,665704,,,,,conformal,id,3.685983647312865
tcn_quantile_conformal,quantile,384,roll,100,10.0,434304,9,0.1,0.9032451923076923,0.924199892492549,1.3147601554610133,0.16836524265996877,0.08418262132998436,0.0,0.8974353793656057,0.9094104590333039,2,False,665704,,,,,conformal,id,3.690074381032924
tcn_quantile_conformal,quantile,384,roll,150,15.0,434304,9,0.1,0.9012627099911583,1.9274263798515667,2.7540503534714618,0.3552024329352951,0.17760121646764762,0.0,0.8953805974616857,0.907383192418214,2,False,665704,,,,,conformal,id,3.6937274583324062
tcn_quantile_conformal,quantile,384,pitch,10,1.0,434304,9,0.1,0.90053280651341,0.04346625406410414,0.0579163879721602,0.007692362007489956,0.003846181003744982,0.0,0.8962251671640141,0.9049302447133806,2,False,665704,,,,,conformal,id,1.2413165389175655
tcn_quantile_conformal,quantile,384,pitch,20,2.0,434304,9,0.1,0.9015942749778957,0.11179206410042261,0.15947830125365456,0.020804485333481268,0.010402242666740632,0.0,0.8965906369731801,0.9064463486405835,2,False,665704,,,,,conformal,id,1.2413790185919036
tcn_quantile_conformal,quantile,384,pitch,30,3.0,434304,9,0.1,0.8994252873563219,0.18564834748709808,0.2680824960350341,0.03480951845451026,0.017404759227255127,0.0,0.8946183433723843,0.9044153404067198,2,False,665704,,,,,conformal,id,1.2413993725281671
tcn_quantile_conformal,quantile,384,pitch,50,5.0,434304,9,0.1,0.9012235669024462,0.40370371215911155,0.6175062883083087,0.07770500808724101,0.03885250404362052,0.0,0.8951369317344533,0.9071666965996169,2,False,665704,,,,,conformal,id,1.2415168463730468
tcn_quantile_conformal,quantile,384,pitch,100,10.0,434304,9,0.1,0.8988611663719422,1.3874314993327383,1.890996871650904,0.24829876491364802,0.12414938245682401,0.0,0.894445710838491,0.903171856579723,2,False,665704,,,,,conformal,id,1.2411836658196425
tcn_quantile_conformal,quantile,384,pitch,150,15.0,434304,9,0.1,0.8961810160624816,2.2202908559119026,2.9789542349748346,0.3929240480826636,0.1964620240413318,0.0,0.8921144520888594,0.8999709880636605,2,False,665704,,,,,conformal,id,1.2405036351372414
tcn_quantile_conformal,quantile,384,heave,10,1.0,434304,9,0.1,0.8997729700854701,0.01916316923767477,0.02401445226373485,0.0032689137308941968,0.0016344568654470984,0.0,0.8960646805002948,0.9033427622126438,2,False,665704,,,,,conformal,id,0.7591945699315659
tcn_quantile_conformal,quantile,384,heave,20,2.0,434304,9,0.1,0.8987782751252579,0.03600603982299053,0.046827556453001296,0.006221294834291726,0.003110647417145864,0.0,0.8956488427460948,0.9019863966254053,2,False,665704,,,,,conformal,id,0.7592353662201028
tcn_quantile_conformal,quantile,384,heave,30,3.0,434304,9,0.1,0.9001505857648099,0.06652132190342534,0.08853038164510688,0.011650886301361739,0.005825443150680866,0.0,0.8962908469643384,0.9037343657898614,2,False,665704,,,,,conformal,id,0.7592379733777742
tcn_quantile_conformal,quantile,384,heave,50,5.0,434304,9,0.1,0.8984605253463012,0.1853949256787494,0.26834753974015296,0.03438665163926845,0.01719332581963423,0.0,0.8927591617852932,0.9035056089743589,2,False,665704,,,,,conformal,id,0.7593097520603712
tcn_quantile_conformal,quantile,384,heave,100,10.0,434304,9,0.1,0.8994529177718833,0.5864582954735861,0.8104875625612309,0.10480441429081513,0.05240220714540758,0.0,0.8941954253241968,0.9046036301760978,2,False,665704,,,,,conformal,id,0.7591324816869609
tcn_quantile_conformal,quantile,384,heave,150,15.0,434304,9,0.1,0.8990476716769821,1.1120379907338331,1.4872737945787768,0.19416695775441895,0.09708347887720949,0.0,0.8948176277446213,0.903038539824639,2,False,665704,,,,,conformal,id,0.758700750262978
tcn_quantile_conformal,quantile,384,roll_rate,10,1.0,434304,9,0.1,0.8985203912466844,0.07423707261907309,0.09240684265105391,0.012177566366338727,0.006088783183169367,0.0,0.8927795967801355,0.9036607422450633,2,False,665704,,,,,conformal,id,1.9695482829582032
tcn_quantile_conformal,quantile,384,roll_rate,20,2.0,434304,9,0.1,0.901334088564692,0.11365933452566367,0.14653666850051625,0.019001017856735903,0.009500508928367948,0.0,0.8957451462569997,0.9067829792035073,2,False,665704,,,,,conformal,id,1.969895124963157
tcn_quantile_conformal,quantile,384,roll_rate,30,3.0,434304,9,0.1,0.9020156388152077,0.1353364814300842,0.17970565105754308,0.023286922176132922,0.011643461088066466,0.0,0.8953423178234601,0.9080770036656352,2,False,665704,,,,,conformal,id,1.9702531268505945
tcn_quantile_conformal,quantile,384,roll_rate,50,5.0,434304,9,0.1,0.8994897583259652,0.24456057338328657,0.35121564285428275,0.043953056581159416,0.021976528290579715,0.0,0.8910780812518421,0.9071630125442086,2,False,665704,,,,,conformal,id,1.9711142946671736
tcn_quantile_conformal,quantile,384,roll_rate,100,10.0,434304,9,0.1,0.899238782051282,0.7534809774932901,1.048853077781305,0.13578604728420485,0.06789302364210238,0.0,0.894040637433687,0.9041346038719422,2,False,665704,,,,,conformal,id,1.972726817260997
tcn_quantile_conformal,quantile,384,roll_rate,150,15.0,434304,9,0.1,0.8998489537282641,1.3521345836177243,1.8679765243425792,0.24367617834102065,0.12183808917051034,0.0,0.8954817362953139,0.9047032723622164,2,False,665704,,,,,conformal,id,1.9741281062750025
tcn_quantile_conformal,quantile,384,pitch_rate,10,1.0,434304,9,0.1,0.8989072170645447,0.05898812992485825,0.08151948833333296,0.010748483796248433,0.0053742418981242174,0.0,0.893756274406867,0.9038185234305924,2,False,665704,,,,,conformal,id,0.923617350427682
tcn_quantile_conformal,quantile,384,pitch_rate,20,2.0,434304,9,0.1,0.899409169613911,0.1204708630984768,0.17043900276931673,0.022197993740422407,0.011098996870211202,0.0,0.8940629144562334,0.9043559350132626,2,False,665704,,,,,conformal,id,0.9237371608217294
tcn_quantile_conformal,quantile,384,pitch_rate,30,3.0,434304,9,0.1,0.9009841033009136,0.16845200511714473,0.2612112222716584,0.03283824089716625,0.01641912044858313,0.0,0.8933841272472738,0.9083419102748305,2,False,665704,,,,,conformal,id,0.9238676654473804
tcn_quantile_conformal,quantile,384,pitch_rate,50,5.0,434304,9,0.1,0.8986930813439434,0.43656205593413383,0.6344979937940426,0.08209675625956078,0.04104837812978036,0.0,0.8939820954907162,0.9037492171382258,2,False,665704,,,,,conformal,id,0.923797316378609
tcn_quantile_conformal,quantile,384,pitch_rate,100,10.0,434304,9,0.1,0.8973023504273504,1.2343634389780547,1.6863613390293004,0.22223798310221743,0.11111899155110867,0.0,0.8934316745873858,0.9012312803934571,2,False,665704,,,,,conformal,id,0.9237004804982916
tcn_quantile_conformal,quantile,384,pitch_rate,150,15.0,434304,9,0.1,0.8983131631299734,1.8651007441653142,2.445786607562432,0.32544123619511645,0.1627206180975583,0.0,0.8948390988800471,0.9023634366710875,2,False,665704,,,,,conformal,id,0.9234069683655248
tcn_quantile_conformal,quantile,384,heave_rate,10,1.0,434304,9,0.1,0.90072391688771,0.021266118500737785,0.0265662273126044,0.003542547462873222,0.0017712737314366106,0.0,0.8960074625147362,0.9054171732242853,2,False,665704,,,,,conformal,id,0.4495602477358838
tcn_quantile_conformal,quantile,384,heave_rate,20,2.0,434304,9,0.1,0.8999456601827291,0.0352601087649632,0.045754014887615366,0.006096136789243788,0.0030480683946218935,0.0,0.8957959171455939,0.9041343736184791,2,False,665704,,,,,conformal,id,0.4496058601569564
tcn_quantile_conformal,quantile,384,heave_rate,30,3.0,434304,9,0.1,0.9007124042145593,0.06110905727990181,0.08382129929040061,0.01093806521679912,0.005469032608399563,0.0,0.8955929487179487,0.9057395280725021,2,False,665704,,,,,conformal,id,0.4496495382799816
tcn_quantile_conformal,quantile,384,heave_rate,50,5.0,434304,9,0.1,0.9012857353374595,0.1081780801192198,0.15466620127542943,0.019988132614337746,0.009994066307168871,0.0,0.8953048440723549,0.9074265951959918,2,False,665704,,,,,conformal,id,0.4495925540262867
tcn_quantile_conformal,quantile,384,heave_rate,100,10.0,434304,9,0.1,0.9018889994105511,0.40911410625020095,0.5590570597297677,0.07278010689664818,0.03639005344832407,0.0,0.8974531088822576,0.9063104415340406,2,False,665704,,,,,conformal,id,0.4493860488108614
tcn_quantile_conformal,quantile,384,heave_rate,150,15.0,434304,9,0.1,0.9018982095490716,0.7620634956856218,0.9979798987993773,0.1314304211988413,0.06571521059942066,0.0,0.8985270685971117,0.9054671957891246,2,False,665704,,,,,conformal,id,0.4491394554432332
tcn_gaussian_conformal,gaussian,384,roll,10,1.0,434304,9,0.1,0.9006064876215738,0.027760611930875027,0.03399416858448404,0.004602115232849246,0.0023010576164246236,0.0,0.8959051148504273,0.9050046165819334,0,False,256204,,,,,conformal,id,3.682816873957597
tcn_gaussian_conformal,gaussian,384,roll,20,2.0,434304,9,0.1,0.8977168066607721,0.057157709286292296,0.07736850115601888,0.009961848920362055,0.004980924460181029,0.0,0.8913686611221633,0.9043372844827586,0,False,256204,,,,,conformal,id,3.683691963859013
tcn_gaussian_conformal,gaussian,384,roll,30,3.0,434304,9,0.1,0.8989394525493664,0.11300007543141448,0.16330728051964835,0.020979589961476305,0.010489794980738154,0.0,0.8930203843390805,0.9045843464485706,0,False,256204,,,,,conformal,id,3.6845301229084
tcn_gaussian_conformal,gaussian,384,roll,50,5.0,434304,9,0.1,0.9019834033303861,0.2124837845298542,0.30228159516955483,0.03870691579093521,0.019353457895467614,0.0,0.8959924384762746,0.9074786324786325,0,False,256204,,,,,conformal,id,3.685983647312865
tcn_gaussian_conformal,gaussian,384,roll,100,10.0,434304,9,0.1,0.8994183797524314,0.9252691071561792,1.2812764112320303,0.16822031850795624,0.0841101592539781,0.0,0.8949583126105216,0.9036743271993811,0,False,256204,,,,,conformal,id,3.690074381032924
tcn_gaussian_conformal,gaussian,384,roll,150,15.0,434304,9,0.1,0.9011452807250221,2.0551966349442536,2.8095884507137425,0.37187674032428497,0.1859383701621425,0.0,0.8969976675324197,0.9055743787761569,0,False,256204,,,,,conformal,id,3.6937274583324062
tcn_gaussian_conformal,gaussian,384,pitch,10,1.0,434304,9,0.1,0.9014998710580607,0.03443074125014749,0.0461865768751544,0.005972145061246962,0.0029860725306234807,0.0,0.8969656047376953,0.9062065972222223,0,False,256204,,,,,conformal,id,1.2413165389175655
tcn_gaussian_conformal,gaussian,384,pitch,20,2.0,434304,9,0.1,0.900972590627763,0.10465004818946828,0.14992089523046528,0.019455108968211805,0.009727554484105906,0.0,0.8963073676503094,0.9053455068339228,0,False,256204,,,,,conformal,id,1.2413790185919036
tcn_gaussian_conformal,gaussian,384,pitch,30,3.0,434304,9,0.1,0.897638520483348,0.18135385818271052,0.25827057545337645,0.03350748799583851,0.016753743997919242,0.0,0.8926465102785146,0.9023028800103153,0,False,256204,,,,,conformal,id,1.2413993725281671
tcn_gaussian_conformal,gaussian,384,pitch,50,5.0,434304,9,0.1,0.8971089375184202,0.4382475358642387,0.6473456280244834,0.08275629452480886,0.041378147262404436,0.0,0.8915240822096965,0.9025143102527262,0,False,256204,,,,,conformal,id,1.2415168463730468
tcn_gaussian_conformal,gaussian,384,pitch,100,10.0,434304,9,0.1,0.9019120247568524,1.5122789288298926,1.9787352061358403,0.2632009031194631,0.13160045155973155,0.0,0.8982139238874153,0.905596483108606,0,False,256204,,,,,conformal,id,1.2411836658196425
tcn_gaussian_conformal,gaussian,384,pitch,150,15.0,434304,9,0.1,0.8991374705275568,2.3727132345608695,3.0818008178269904,0.4126481759458122,0.20632408797290613,0.0,0.8955195554266137,0.902230925803124,0,False,256204,,,,,conformal,id,1.2405036351372414
tcn_gaussian_conformal,gaussian,384,heave,10,1.0,434304,9,0.1,0.8990384615384616,0.009060940275853033,0.012414787231864103,0.001585360274624315,0.000792680137312157,0.0,0.8934404242189802,0.9043024586464781,0,False,256204,,,,,conformal,id,0.7591945699315659
tcn_gaussian_conformal,gaussian,384,heave,20,2.0,434304,9,0.1,0.8980990274093722,0.019593254079551047,0.027620582561567585,0.0035239636170282685,0.0017619818085141336,0.0,0.8941428699712644,0.9021041137083702,0,False,256204,,,,,conformal,id,0.7592353662201028
tcn_gaussian_conformal,gaussian,384,heave,30,3.0,434304,9,0.1,0.8980161361626879,0.05456761323992473,0.07615289377172828,0.009858850256639077,0.004929425128319536,0.0,0.8934173413093133,0.9026643779472443,0,False,256204,,,,,conformal,id,0.7592379733777742
tcn_gaussian_conformal,gaussian,384,heave,50,5.0,434304,9,0.1,0.8991904288240495,0.18817459415801807,0.2732263164099923,0.03507931052952373,0.017539655264761866,0.0,0.8936395934644856,0.9044602973953728,0,False,256204,,,,,conformal,id,0.7593097520603712
tcn_gaussian_conformal,gaussian,384,heave,100,10.0,434304,9,0.1,0.8990361590038314,0.6312939678247094,0.8633337429709066,0.1130349344198483,0.05651746720992418,0.0,0.8940670014552019,0.9044710617447687,0,False,256204,,,,,conformal,id,0.7591324816869609
tcn_gaussian_conformal,gaussian,384,heave,150,15.0,434304,9,0.1,0.8973299808429118,1.1881038698946533,1.5904683065577665,0.21019066664366706,0.10509533332183355,0.0,0.893284772877984,0.9013023711501621,0,False,256204,,,,,conformal,id,0.758700750262978
tcn_gaussian_conformal,gaussian,384,roll_rate,10,1.0,434304,9,0.1,0.8994229848216917,0.026531041361543137,0.0363829193399688,0.0047227340357051594,0.0023613670178525797,0.0,0.8935625736811081,0.9056142701886236,0,False,256204,,,,,conformal,id,1.9695482829582032
tcn_gaussian_conformal,gaussian,384,roll_rate,20,2.0,434304,9,0.1,0.8972010389036251,0.0613151843490526,0.08841908138894487,0.0114361962552913,0.005718098127645651,0.0,0.8913445420719128,0.9031074431734453,0,False,256204,,,,,conformal,id,1.969895124963157
tcn_gaussian_conformal,gaussian,384,roll_rate,30,3.0,434304,9,0.1,0.8974635278514589,0.08430263318608379,0.12468147330287818,0.01598670565584747,0.007993352827923739,0.0,0.8905230552792514,0.9036899844348659,0,False,256204,,,,,conformal,id,1.9702531268505945
tcn_gaussian_conformal,gaussian,384,roll_rate,50,5.0,434304,9,0.1,0.8976454280872385,0.2111425840356529,0.28943450527423314,0.03772202385122846,0.01886101192561423,0.0,0.8926018411066903,0.9024009679855586,0,False,256204,,,,,conformal,id,1.9711142946671736
tcn_gaussian_conformal,gaussian,384,roll_rate,100,10.0,434304,9,0.1,0.8990361590038314,0.7542073412637735,1.0249485707242618,0.13555172440001406,0.06777586220000707,0.0,0.8947019253794577,0.9036170516504568,0,False,256204,,,,,conformal,id,1.972726817260997
tcn_gaussian_conformal,gaussian,384,roll_rate,150,15.0,434304,9,0.1,0.8978319333922782,1.3992021815364963,1.8900181860985226,0.2512243436823251,0.12561217184116255,0.0,0.8940370685050103,0.9015346393309754,0,False,256204,,,,,conformal,id,1.9741281062750025
tcn_gaussian_conformal,gaussian,384,pitch_rate,10,1.0,434304,9,0.1,0.8993493037135278,0.054462282170828956,0.07974685775499751,0.01029252967777808,0.005146264838889043,0.0,0.893850217819776,0.9048975487216327,0,False,256204,,,,,conformal,id,0.923617350427682
tcn_gaussian_conformal,gaussian,384,pitch_rate,20,2.0,434304,9,0.1,0.8991720085470085,0.11333208969831589,0.16247011211800733,0.02111604536191865,0.010558022680959326,0.0,0.894661055389773,0.9034779785587975,0,False,256204,,,,,conformal,id,0.9237371608217294
tcn_gaussian_conformal,gaussian,384,pitch_rate,30,3.0,434304,9,0.1,0.89939074933687,0.18225840193409132,0.26943403930091,0.03467866098231136,0.017339330491155686,0.0,0.893530453323018,0.9051081155135573,0,False,256204,,,,,conformal,id,0.9238676654473804
tcn_gaussian_conformal,gaussian,384,pitch_rate,50,5.0,434304,9,0.1,0.8982371794871795,0.47844546122806475,0.6639128678655846,0.08688426954702094,0.043442134773510485,0.0,0.8930677014257294,0.9031392181513409,0,False,256204,,,,,conformal,id,0.923797316378609
tcn_gaussian_conformal,gaussian,384,pitch_rate,100,10.0,434304,9,0.1,0.8977444370763337,1.313070759633431,1.7475833843569868,0.23293202065285876,0.11646601032642942,0.0,0.8944561298076923,0.9009818583296493,0,False,256204,,,,,conformal,id,0.9237004804982916
tcn_gaussian_conformal,gaussian,384,pitch_rate,150,15.0,434304,9,0.1,0.9001068376068376,1.9655766929332847,2.516465119603112,0.33834781611049053,0.16917390805524513,0.0,0.897172660164309,0.90302944481285,0,False,256204,,,,,conformal,id,0.9234069683655248
tcn_gaussian_conformal,gaussian,384,heave_rate,10,1.0,434304,9,0.1,0.8977122015915119,0.008856414401195167,0.012227006653889037,0.0015798134699945043,0.0007899067349972519,0.0,0.8938009435786914,0.9015646874078986,0,False,256204,,,,,conformal,id,0.4495602477358838
tcn_gaussian_conformal,gaussian,384,heave_rate,20,2.0,434304,9,0.1,0.8987207117595049,0.025436141548207163,0.035357960677421876,0.0045951071653850765,0.0022975535826925395,0.0,0.8943287420792809,0.9030495344274978,0,False,256204,,,,,conformal,id,0.4496058601569564
tcn_gaussian_conformal,gaussian,384,heave_rate,30,3.0,434304,9,0.1,0.8996486332154435,0.055890869101836195,0.07886889377840789,0.010218606135371221,0.005109303067685612,0.0,0.8945446622642205,0.904625043748158,0,False,256204,,,,,conformal,id,0.4496495382799816
tcn_gaussian_conformal,gaussian,384,heave_rate,50,5.0,434304,9,0.1,0.8966138925729443,0.10946583521727034,0.15671792553925587,0.020302202313529572,0.010151101156764788,0.0,0.8903691308392278,0.9026345601237843,0,False,256204,,,,,conformal,id,0.4495925540262867
tcn_gaussian_conformal,gaussian,384,heave_rate,100,10.0,434304,9,0.1,0.8998996094901267,0.42693210886029986,0.576064218876733,0.07580127818715318,0.03790063909357659,0.0,0.8960349778035661,0.9037840429745063,0,False,256204,,,,,conformal,id,0.4493860488108614
tcn_gaussian_conformal,gaussian,384,heave_rate,150,15.0,434304,9,0.1,0.8989440576186266,0.7948717879495428,1.0421300473733863,0.1384860520489489,0.06924302602447441,0.0,0.8957080754494547,0.9024479972553787,0,False,256204,,,,,conformal,id,0.4491394554432332
tcn_gaussian_conformal,gaussian,384,roll,10,1.0,434304,9,0.1,0.9011015325670498,0.026458152878125436,0.03324257289029877,0.004057972965396331,0.0020289864826981657,0.0,0.8955615766836134,0.9066094256557619,1,False,256204,,,,,conformal,id,3.682816873957597
tcn_gaussian_conformal,gaussian,384,roll,20,2.0,434304,9,0.1,0.9005051760978485,0.06413371169220299,0.08460348197646832,0.010883194558065771,0.005441597279032887,0.0,0.8945481736295313,0.9066069504310345,1,False,256204,,,,,conformal,id,3.683691963859013
tcn_gaussian_conformal,gaussian,384,roll,30,3.0,434304,9,0.1,0.8995956749189508,0.12420027205901753,0.17353832718021273,0.02238064443544627,0.011190322217723142,0.0,0.8941155849358975,0.9048813158524904,1,False,256204,,,,,conformal,id,3.6845301229084
tcn_gaussian_conformal,gaussian,384,roll,50,5.0,434304,9,0.1,0.9035928750368406,0.22783179946068527,0.3125079083555403,0.03995717684815021,0.019978588424075107,0.0,0.8976542352821987,0.9091449192270852,1,False,256204,,,,,conformal,id,3.685983647312865
tcn_gaussian_conformal,gaussian,384,roll,100,10.0,434304,9,0.1,0.9004867558208075,0.9540054411694899,1.3029826762061492,0.17119969300243987,0.08559984650121993,0.0,0.8961947161435309,0.9047859909188034,1,False,256204,,,,,conformal,id,3.690074381032924
tcn_gaussian_conformal,gaussian,384,roll,150,15.0,434304,9,0.1,0.9019281424992632,2.0961949011867422,2.8142077939540604,0.3721033463043824,0.18605167315219148,0.0,0.8977680380562924,0.9063315097259063,1,False,256204,,,,,conformal,id,3.6937274583324062
tcn_gaussian_conformal,gaussian,384,pitch,10,1.0,434304,9,0.1,0.9016541408782788,0.03893733135502697,0.049997684344861675,0.006368313660667863,0.0031841568303339323,0.0,0.8959095472295904,0.9079245758731211,1,False,256204,,,,,conformal,id,1.2413165389175655
tcn_gaussian_conformal,gaussian,384,pitch,20,2.0,434304,9,0.1,0.8990706970232832,0.11787530861250756,0.16836663286884584,0.0217531988765695,0.010876599438284755,0.0,0.8940438034188034,0.9039858025714707,1,False,256204,,,,,conformal,id,1.2413790185919036
tcn_gaussian_conformal,gaussian,384,pitch,30,3.0,434304,9,0.1,0.9007469422340112,0.19779437660277938,0.27829147745863164,0.03617733052513683,0.01808866526256841,0.0,0.8960405614500442,0.9050901557434423,1,False,256204,,,,,conformal,id,1.2413993725281671
tcn_gaussian_conformal,gaussian,384,pitch,50,5.0,434304,9,0.1,0.8987920903330386,0.45396083174917257,0.6680229501871416,0.08547549650787858,0.042737748253939334,0.0,0.8930132464817271,0.9045255742521368,1,False,256204,,,,,conformal,id,1.2415168463730468
tcn_gaussian_conformal,gaussian,384,pitch,100,10.0,434304,9,0.1,0.9028698791629826,1.5399010940932283,2.0118576774679955,0.26721098528629067,0.1336054926431453,0.0,0.8989509652225169,0.9068625893383436,1,False,256204,,,,,conformal,id,1.2411836658196425
tcn_gaussian_conformal,gaussian,384,pitch,150,15.0,434304,9,0.1,0.8994391025641025,2.435957114054721,3.156673985781027,0.42204924644380437,0.21102462322190202,0.0,0.8956764731616563,0.9031066948496905,1,False,256204,,,,,conformal,id,1.2405036351372414
tcn_gaussian_conformal,gaussian,384,heave,10,1.0,434304,9,0.1,0.8981082375478927,0.00986529153577358,0.013464927068405,0.0017725558581408783,0.0008862779290704395,0.0,0.8936186403993516,0.9022606860632184,1,False,256204,,,,,conformal,id,0.7591945699315659
tcn_gaussian_conformal,gaussian,384,heave,20,2.0,434304,9,0.1,0.8970836096374889,0.022772391984471983,0.03184997267501176,0.0041431412262635785,0.002071570613131789,0.0,0.8927270989905688,0.9012260421271736,1,False,256204,,,,,conformal,id,0.7592353662201028
tcn_gaussian_conformal,gaussian,384,heave,30,3.0,434304,9,0.1,0.8963951517830828,0.059068349072553046,0.08300562721246733,0.010787464523117575,0.005393732261558787,0.0,0.8917161135978484,0.9008491172082228,1,False,256204,,,,,conformal,id,0.7592379733777742
tcn_gaussian_conformal,gaussian,384,heave,50,5.0,434304,9,0.1,0.8967244142351901,0.1989606287486219,0.28972581825545124,0.03728795258308284,0.018643976291541416,0.0,0.8909993345674919,0.9023296469753905,1,False,256204,,,,,conformal,id,0.7593097520603712
tcn_gaussian_conformal,gaussian,384,heave,100,10.0,434304,9,0.1,0.8994437076333628,0.6421316941263534,0.8758730965172296,0.11406775216904842,0.05703387608452421,0.0,0.8940800683392278,0.9046524439102565,1,False,256204,,,,,conformal,id,0.7591324816869609
tcn_gaussian_conformal,gaussian,384,heave,150,15.0,434304,9,0.1,0.9010416666666666,1.2188708713187206,1.5979711432164714,0.2109054117489965,0.10545270587449818,0.0,0.8969098833996464,0.9051379333370174,1,False,256204,,,,,conformal,id,0.758700750262978
tcn_gaussian_conformal,gaussian,384,roll_rate,10,1.0,434304,9,0.1,0.9040879199823165,0.032296166510313584,0.040170702481541455,0.005139348195182136,0.002569674097591068,0.0,0.8980675402483054,0.9101297708517536,1,False,256204,,,,,conformal,id,1.9695482829582032
tcn_gaussian_conformal,gaussian,384,roll_rate,20,2.0,434304,9,0.1,0.8999479627173592,0.0655118526393878,0.0926659531696156,0.011909294417947549,0.005954647208973776,0.0,0.8937760186413204,0.9059124484232243,1,False,256204,,,,,conformal,id,1.969895124963157
tcn_gaussian_conformal,gaussian,384,roll_rate,30,3.0,434304,9,0.1,0.8980598843206602,0.08929238067600595,0.1279764612080272,0.016422027897808153,0.008211013948904075,0.0,0.8912396616195107,0.904010439692013,1,False,256204,,,,,conformal,id,1.9702531268505945
tcn_gaussian_conformal,gaussian,384,roll_rate,50,5.0,434304,9,0.1,0.8988657714412025,0.2209655795758215,0.2999842348949203,0.038986592492615026,0.019493296246307513,0.0,0.8931300425508399,0.9044199454759799,1,False,256204,,,,,conformal,id,1.9711142946671736
tcn_gaussian_conformal,gaussian,384,roll_rate,100,10.0,434304,9,0.1,0.9003255783966991,0.7775195600542821,1.0447249193018757,0.13836088688246165,0.06918044344123082,0.0,0.8960698612032125,0.9045899876584144,1,False,256204,,,,,conformal,id,1.972726817260997
tcn_gaussian_conformal,gaussian,384,roll_rate,150,15.0,434304,9,0.1,0.8997844827586207,1.452716699184282,1.9251922795763048,0.25633200254484767,0.12816600127242392,0.0,0.8956752067676098,0.9037340779730326,1,False,256204,,,,,conformal,id,1.9741281062750025
tcn_gaussian_conformal,gaussian,384,pitch_rate,10,1.0,434304,9,0.1,0.8996486332154435,0.06369692502262321,0.08998753499313578,0.011639556612157617,0.005819778306078807,0.0,0.8941928925361038,0.9053180491084586,1,False,256204,,,,,conformal,id,0.923617350427682
tcn_gaussian_conformal,gaussian,384,pitch_rate,20,2.0,434304,9,0.1,0.9016380231358679,0.12238765716965483,0.174443032710689,0.02276376368757361,0.011381881843786803,0.0,0.897188259836428,0.9058533308465959,1,False,256204,,,,,conformal,id,0.9237371608217294
tcn_gaussian_conformal,gaussian,384,pitch_rate,30,3.0,434304,9,0.1,0.9019580754494547,0.20170202899405806,0.29522831974402,0.0379281391715883,0.018964069585794142,0.0,0.8952042808723844,0.9081638092211907,1,False,256204,,,,,conformal,id,0.9238676654473804
tcn_gaussian_conformal,gaussian,384,pitch_rate,50,5.0,434304,9,0.1,0.8989855032419688,0.5002747982174448,0.699765985537156,0.09144882790893878,0.04572441395446939,0.0,0.8933096402519894,0.9043351546382258,1,False,256204,,,,,conformal,id,0.923797316378609
tcn_gaussian_conformal,gaussian,384,pitch_rate,100,10.0,434304,9,0.1,0.899181218685529,1.3490760252672114,1.7923838581144431,0.23971125724080855,0.11985562862040418,0.0,0.8953031171713823,0.9028587118700265,1,False,256204,,,,,conformal,id,0.9237004804982916
tcn_gaussian_conformal,gaussian,384,pitch_rate,150,15.0,434304,9,0.1,0.8990591843501327,1.987224034070005,2.5635124752566116,0.3446877681593562,0.17234388407967824,0.0,0.895549776193634,0.902644633712791,1,False,256204,,,,,conformal,id,0.9234069683655248
tcn_gaussian_conformal,gaussian,384,heave_rate,10,1.0,434304,9,0.1,0.8957251142057177,0.010248407479134813,0.014278302034296038,0.0018691185575097865,0.0009345592787548937,0.0,0.8916207886641615,0.8995980925803124,1,False,256204,,,,,conformal,id,0.4495602477358838
tcn_gaussian_conformal,gaussian,384,heave_rate,20,2.0,434304,9,0.1,0.8983292808723843,0.028993618207693164,0.03959660722493348,0.005212918318335208,0.0026064591591676038,0.0,0.8944282115753021,0.9022644852453581,1,False,256204,,,,,conformal,id,0.4496058601569564
tcn_gaussian_conformal,gaussian,384,heave_rate,30,3.0,434304,9,0.1,0.8978825891541409,0.059218721847030885,0.08414182741347649,0.010905481487607041,0.005452740743803519,0.0,0.892574153127763,0.9030471167661361,1,False,256204,,,,,conformal,id,0.4496495382799816
tcn_gaussian_conformal,gaussian,384,heave_rate,50,5.0,434304,9,0.1,0.901085414824639,0.11499087861631709,0.16422423739746864,0.021266251301693215,0.01063312565084661,0.0,0.8946542629126143,0.907459866821397,1,False,256204,,,,,conformal,id,0.4495925540262867
tcn_gaussian_conformal,gaussian,384,heave_rate,100,10.0,434304,9,0.1,0.8989049145299145,0.4293850369323481,0.5874920537479,0.07721685600406586,0.03860842800203293,0.0,0.8942141909814324,0.9032017319665488,1,False,256204,,,,,conformal,id,0.4493860488108614
tcn_gaussian_conformal,gaussian,384,heave_rate,150,15.0,434304,9,0.1,0.8988519562334217,0.7945850011969342,1.045767035266295,0.13908382455524473,0.06954191227762234,0.0,0.8952063531535515,0.9026668531719717,1,False,256204,,,,,conformal,id,0.4491394554432332
tcn_gaussian_conformal,gaussian,384,roll,10,1.0,434304,9,0.1,0.9007124042145593,0.033263335778537864,0.04183132688456881,0.005597161202936502,0.0027985806014682504,0.0,0.8947049186744769,0.9062762488947834,2,False,256204,,,,,conformal,id,3.682816873957597
tcn_gaussian_conformal,gaussian,384,roll,20,2.0,434304,9,0.1,0.9008597664308872,0.06720200595343928,0.08955864129383129,0.011671477816718373,0.0058357389083591865,0.0,0.8953501464412025,0.9065069628647215,2,False,256204,,,,,conformal,id,3.683691963859013
tcn_gaussian_conformal,gaussian,384,roll,30,3.0,434304,9,0.1,0.89881741821397,0.12600944500939962,0.17772711197392285,0.023041541770220053,0.011520770885110023,0.0,0.8931159970895962,0.9045878002505158,2,False,256204,,,,,conformal,id,3.6845301229084
tcn_gaussian_conformal,gaussian,384,roll,50,5.0,434304,9,0.1,0.9021238579428235,0.22876867226368303,0.31746582987271,0.040844291684587,0.020422145842293488,0.0,0.8966077908561745,0.908035788295756,2,False,256204,,,,,conformal,id,3.685983647312865
tcn_gaussian_conformal,gaussian,384,roll,100,10.0,434304,9,0.1,0.9002380820807545,0.9787433568547567,1.3176465990688946,0.17345808709322186,0.08672904354661097,0.0,0.8958990706970232,0.9044096991968759,2,False,256204,,,,,conformal,id,3.690074381032924
tcn_gaussian_conformal,gaussian,384,roll,150,15.0,434304,9,0.1,0.8987460396404362,2.1955969949852543,2.940965392821979,0.39201075557496845,0.19600537778748428,0.0,0.8951401552829354,0.9025715282382847,2,False,256204,,,,,conformal,id,3.6937274583324062
tcn_gaussian_conformal,gaussian,384,pitch,10,1.0,434304,9,0.1,0.8982072465369879,0.03389509336285874,0.04649441864102402,0.006013953951872615,0.0030069769759363094,0.0,0.8922258947649573,0.9038625018420277,2,False,256204,,,,,conformal,id,1.2413165389175655
tcn_gaussian_conformal,gaussian,384,pitch,20,2.0,434304,9,0.1,0.899655540819334,0.11662750880136284,0.16959417188752754,0.021907553323821258,0.010953776661910634,0.0,0.8941360774941055,0.9050369096301208,2,False,256204,,,,,conformal,id,1.2413790185919036
tcn_gaussian_conformal,gaussian,384,pitch,30,3.0,434304,9,0.1,0.8967750699970528,0.1976600068578501,0.28093220834950555,0.03632361570608808,0.018161807853044044,0.0,0.8914552939876216,0.9014334429339818,2,False,256204,,,,,conformal,id,1.2413993725281671
tcn_gaussian_conformal,gaussian,384,pitch,50,5.0,434304,9,0.1,0.9002334770114943,0.4667477178925631,0.6809535533780817,0.0872384885352506,0.04361924426762529,0.0,0.8945535270225464,0.9058263336280578,2,False,256204,,,,,conformal,id,1.2415168463730468
tcn_gaussian_conformal,gaussian,384,pitch,100,10.0,434304,9,0.1,0.9008689765694076,1.5600665406284444,2.0380594586259115,0.2715849079602793,0.13579245398013962,0.0,0.8973988841917183,0.9043184036987916,2,False,256204,,,,,conformal,id,1.2411836658196425
tcn_gaussian_conformal,gaussian,384,pitch,150,15.0,434304,9,0.1,0.8973391909814323,2.47896820187334,3.1776099711742773,0.42797249926425157,0.2139862496321259,0.0,0.8942328415119364,0.9002639280319776,2,False,256204,,,,,conformal,id,1.2405036351372414
tcn_gaussian_conformal,gaussian,384,heave,10,1.0,434304,9,0.1,0.8988197207486001,0.008909902193597675,0.011674741944525495,0.0015158253983758394,0.0007579126991879197,0.0,0.8910583370173887,0.9052490306329207,2,False,256204,,,,,conformal,id,0.7591945699315659
tcn_gaussian_conformal,gaussian,384,heave,20,2.0,434304,9,0.1,0.8965839596227527,0.02188677669076616,0.030159177475985243,0.003922988374561255,0.0019614941872806283,0.0,0.8926570443744474,0.9005468519746537,2,False,256204,,,,,conformal,id,0.7592353662201028
tcn_gaussian_conformal,gaussian,384,heave,30,3.0,434304,9,0.1,0.8988289308871206,0.05956829074962143,0.0820122465930707,0.010699081370150318,0.005349540685075161,0.0,0.894649427589891,0.9030415906830239,2,False,256204,,,,,conformal,id,0.7592379733777742
tcn_gaussian_conformal,gaussian,384,heave,50,5.0,434304,9,0.1,0.8969086170055998,0.1939155288104954,0.2851610077610875,0.036448292913264076,0.01822414645663204,0.0,0.8911508989095196,0.9024951992152962,2,False,256204,,,,,conformal,id,0.7593097520603712
tcn_gaussian_conformal,gaussian,384,heave,100,10.0,434304,9,0.1,0.8985825596816976,0.640574777464386,0.8734922936832543,0.1143920312678528,0.05719601563392642,0.0,0.8939682802829354,0.9035146464227822,2,False,256204,,,,,conformal,id,0.7591324816869609
tcn_gaussian_conformal,gaussian,384,heave,150,15.0,434304,9,0.1,0.8956859711170057,1.1961608983526526,1.605975670697101,0.21282005302067564,0.10641002651033783,0.0,0.8918424651856764,0.8996031581564987,2,False,256204,,,,,conformal,id,0.758700750262978
tcn_gaussian_conformal,gaussian,384,roll_rate,10,1.0,434304,9,0.1,0.8995841622458002,0.033872409773514287,0.04375180168189233,0.005630490476846958,0.0028152452384234794,0.0,0.8929189001252579,0.9062715286987917,2,False,256204,,,,,conformal,id,1.9695482829582032
tcn_gaussian_conformal,gaussian,384,roll_rate,20,2.0,434304,9,0.1,0.9022504973474801,0.07114911715293694,0.0938720206607778,0.012247671036504558,0.0061238355182522755,0.0,0.8968824832375478,0.907899881189213,2,False,256204,,,,,conformal,id,1.969895124963157
tcn_gaussian_conformal,gaussian,384,roll_rate,30,3.0,434304,9,0.1,0.8986355179781904,0.0916069605706777,0.12930018073398944,0.01669939974972428,0.008349699874862145,0.0,0.8925902133068082,0.9039870689655173,2,False,256204,,,,,conformal,id,1.9702531268505945
tcn_gaussian_conformal,gaussian,384,roll_rate,50,5.0,434304,9,0.1,0.8984236847922192,0.2202461604017272,0.3015865278142362,0.03923590255133988,0.019617951275669947,0.0,0.8931968736184792,0.9038809796824345,2,False,256204,,,,,conformal,id,1.9711142946671736
tcn_gaussian_conformal,gaussian,384,roll_rate,100,10.0,434304,9,0.1,0.9004545203359858,0.7825101422501178,1.0417537294516852,0.1383430633892391,0.06917153169461951,0.0,0.8965087243037135,0.90431598603743,2,False,256204,,,,,conformal,id,1.972726817260997
tcn_gaussian_conformal,gaussian,384,roll_rate,150,15.0,434304,9,0.1,0.8981243552903035,1.458726211339146,1.918098120187583,0.25591296451299794,0.12795648225649886,0.0,0.8952243704870322,0.901071887433687,2,False,256204,,,,,conformal,id,1.9741281062750025
tcn_gaussian_conformal,gaussian,384,pitch_rate,10,1.0,434304,9,0.1,0.900399259504863,0.0633246937306733,0.08865699513123344,0.011555510739059971,0.005777755369529982,0.0,0.8950657834143825,0.905804632239169,2,False,256204,,,,,conformal,id,0.923617350427682
tcn_gaussian_conformal,gaussian,384,pitch_rate,20,2.0,434304,9,0.1,0.8979194297082228,0.1261172031119626,0.1758969163910253,0.023002531190410767,0.011501265595205394,0.0,0.8932117249668434,0.9023130687260537,2,False,256204,,,,,conformal,id,0.9237371608217294
tcn_gaussian_conformal,gaussian,384,pitch_rate,30,3.0,434304,9,0.1,0.899655540819334,0.20165290924299703,0.30056611361294217,0.03861155670260171,0.01930577835130087,0.0,0.8932527100832597,0.9055371928418804,2,False,256204,,,,,conformal,id,0.9238676654473804
tcn_gaussian_conformal,gaussian,384,pitch_rate,50,5.0,434304,9,0.1,0.8972977453580901,0.505515338070977,0.7062554495826789,0.09246374089147395,0.04623187044573695,0.0,0.8919258169392867,0.902062207578102,2,False,256204,,,,,conformal,id,0.923797316378609
tcn_gaussian_conformal,gaussian,384,pitch_rate,100,10.0,434304,9,0.1,0.898076002063071,1.3649275381894346,1.808619100611054,0.24187739051607457,0.12093869525803737,0.0,0.8944424872900089,0.9015844892057177,2,False,256204,,,,,conformal,id,0.9237004804982916
tcn_gaussian_conformal,gaussian,384,pitch_rate,150,15.0,434304,9,0.1,0.8980552792513999,2.0398824478342665,2.621873744096012,0.3527182009735589,0.17635910048677944,0.0,0.894573213693634,0.9017125101311524,2,False,256204,,,,,conformal,id,0.9234069683655248
tcn_gaussian_conformal,gaussian,384,heave_rate,10,1.0,434304,9,0.1,0.8976891762452107,0.010066582784086578,0.013874008550902584,0.0017970488879397388,0.0008985244439698693,0.0,0.8927616945733864,0.9027507805592396,2,False,256204,,,,,conformal,id,0.4495602477358838
tcn_gaussian_conformal,gaussian,384,heave_rate,20,2.0,434304,9,0.1,0.8962017388741527,0.02673211291669744,0.037403592512064626,0.004880272313265606,0.0024401361566328034,0.0,0.8914485590738285,0.9008562550655762,2,False,256204,,,,,conformal,id,0.4496058601569564
tcn_gaussian_conformal,gaussian,384,heave_rate,30,3.0,434304,9,0.1,0.8985549292661361,0.05830392713841654,0.08240819905103941,0.010694284927028872,0.0053471424635144335,0.0,0.8936332614942529,0.9036814074933687,2,False,256204,,,,,conformal,id,0.4496495382799816
tcn_gaussian_conformal,gaussian,384,heave_rate,50,5.0,434304,9,0.1,0.8988197207486001,0.11218191712245328,0.16011040487617093,0.020754847440661146,0.01037742372033057,0.0,0.8933307660072207,0.9046363837312114,2,False,256204,,,,,conformal,id,0.4495925540262867
tcn_gaussian_conformal,gaussian,384,heave_rate,100,10.0,434304,9,0.1,0.8986424255820807,0.4307189006652166,0.5875969273931781,0.07704086920773771,0.038520434603868864,0.0,0.8944529062592101,0.9025157493368701,2,False,256204,,,,,conformal,id,0.4493860488108614
tcn_gaussian_conformal,gaussian,384,heave_rate,150,15.0,434304,9,0.1,0.9001459806955496,0.8050707112116041,1.0531705032576384,0.13979419052476794,0.06989709526238395,0.0,0.8968248047450633,0.9038581845895962,2,False,256204,,,,,conformal,id,0.4491394554432332
lstm_quantile_conformal,quantile,384,roll,10,1.0,434304,9,0.1,0.900189728853522,0.1808460186695886,0.25363623345958863,0.03213137050108624,0.016065685250543128,0.0,0.8927652635020631,0.9077313932176541,0,False,1247528,,,,,conformal,id,3.682816873957597
lstm_quantile_conformal,quantile,384,roll,20,2.0,434304,9,0.1,0.9003900493663425,0.2031110125540004,0.2669925851181617,0.03398690931122395,0.01699345465561198,0.0,0.8927015408561745,0.9077846393309755,0,False,1247528,,,,,conformal,id,3.683691963859013
lstm_quantile_conformal,quantile,384,roll,30,3.0,434304,9,0.1,0.8994391025641025,0.2198932336355743,0.2863281183361403,0.037910860839034395,0.018955430419517208,0.0,0.8904059713933098,0.9081244934423813,0,False,1247528,,,,,conformal,id,3.6845301229084
lstm_quantile_conformal,quantile,384,roll,50,5.0,434304,9,0.1,0.8970836096374889,0.29313952518672926,0.36318448565212763,0.0473224113250459,0.023661205662522944,0.0,0.8846407124963159,0.9074752938034188,0,False,1247528,,,,,conformal,id,3.685983647312865
lstm_quantile_conformal,quantile,384,roll,100,10.0,434304,9,0.1,0.8990407640730916,0.7877254490193342,1.052636851589456,0.13872362779169595,0.06936181389584796,0.0,0.8941585847701149,0.9039157479553492,0,False,1247528,,,,,conformal,id,3.690074381032924
lstm_quantile_conformal,quantile,384,roll,150,15.0,434304,9,0.1,0.9001874263188918,1.6597272179225675,2.340964513982826,0.30880251239226575,0.15440125619613285,0.0,0.8948015100022104,0.9057844850611553,0,False,1247528,,,,,conformal,id,3.6937274583324062
lstm_quantile_conformal,quantile,384,pitch,10,1.0,434304,9,0.1,0.8989762931034483,0.06533041274578408,0.09170702178200141,0.011835181371746545,0.005917590685873271,0.0,0.891002097609048,0.9071460889146773,0,False,1247528,,,,,conformal,id,1.2413165389175655
lstm_quantile_conformal,quantile,384,pitch,20,2.0,434304,9,0.1,0.8991029325081049,0.081900841773967,0.11628913498371567,0.015827775781227696,0.007913887890613843,0.0,0.8927647454317713,0.9056075928381963,0,False,1247528,,,,,conformal,id,1.2413790185919036
lstm_quantile_conformal,quantile,384,pitch,30,3.0,434304,9,0.1,0.9012304745063365,0.13145724208564427,0.18897336831020792,0.024712480896400508,0.01235624044820025,0.0,0.8944951577696728,0.9082857284298557,0,False,1247528,,,,,conformal,id,1.2413993725281671
lstm_quantile_conformal,quantile,384,pitch,50,5.0,434304,9,0.1,0.8995196912761568,0.30812273295568166,0.40053521863137065,0.052699443108281244,0.026349721554140625,0.0,0.8946987593943413,0.9047111009799588,0,False,1247528,,,,,conformal,id,1.2415168463730468
lstm_quantile_conformal,quantile,384,pitch,100,10.0,434304,9,0.1,0.9020916224580018,1.2200950725790674,1.543362019790377,0.2068583726455505,0.10342918632277516,0.0,0.899339690631447,0.9050979843611848,0,False,1247528,,,,,conformal,id,1.2411836658196425
lstm_quantile_conformal,quantile,384,pitch,150,15.0,434304,9,0.1,0.8995680445033893,1.9822478405473911,2.6855270929758404,0.3580629031585938,0.1790314515792969,0.0,0.895158460433245,0.9041344887452107,0,False,1247528,,,,,conformal,id,1.2405036351372414
lstm_quantile_conformal,quantile,384,heave,10,1.0,434304,9,0.1,0.900763059976422,0.036746326120837565,0.05396455406167323,0.00691430382102658,0.003457151910513292,0.0,0.8934539516099321,0.9080139142167698,0,False,1247528,,,,,conformal,id,0.7591945699315659
lstm_quantile_conformal,quantile,384,heave,20,2.0,434304,9,0.1,0.9003347885352195,0.04481181755345956,0.05547033127741324,0.006872032929817122,0.003436016464908561,0.0,0.890594030909225,0.90922631382626,0,False,1247528,,,,,conformal,id,0.7592353662201028
lstm_quantile_conformal,quantile,384,heave,30,3.0,434304,9,0.1,0.9010508768051871,0.07627329784473882,0.08648568805071595,0.010003087620322282,0.005001543810161143,0.0,0.8791792730437666,0.9199218174366341,0,False,1247528,,,,,conformal,id,0.7592379733777742
lstm_quantile_conformal,quantile,384,heave,50,5.0,434304,9,0.1,0.9026948865310934,0.1503751998195508,0.18854782707247572,0.025950320247236626,0.012975160123618306,0.0,0.8955816087348955,0.9091654117852933,0,False,1247528,,,,,conformal,id,0.7593097520603712
lstm_quantile_conformal,quantile,384,heave,100,10.0,434304,9,0.1,0.8983039529914529,0.46601565858895494,0.6249471888199504,0.08268764132507805,0.04134382066253901,0.0,0.8941564549255822,0.9027793895520189,0,False,1247528,,,,,conformal,id,0.7591324816869609
lstm_quantile_conformal,quantile,384,heave,150,15.0,434304,9,0.1,0.8970283488063661,0.964501471260336,1.2863178739567518,0.1707342112123157,0.08536710560615784,0.0,0.8928699137010021,0.9015143194628648,0,False,1247528,,,,,conformal,id,0.758700750262978
lstm_quantile_conformal,quantile,384,roll_rate,10,1.0,434304,9,0.1,0.8955892646625405,0.130791963452207,0.16836825016710857,0.021039209689540733,0.010519604844770361,0.0,0.8859967902667256,0.9041715019893899,0,False,1247528,,,,,conformal,id,1.9695482829582032
lstm_quantile_conformal,quantile,384,roll_rate,20,2.0,434304,9,0.1,0.8974128720895962,0.12905791334804348,0.1646148936809604,0.02048565953538816,0.010242829767694084,0.0,0.885721694941792,0.9079412116858238,0,False,1247528,,,,,conformal,id,1.969895124963157
lstm_quantile_conformal,quantile,384,roll_rate,30,3.0,434304,9,0.1,0.8975095785440613,0.11339515342867977,0.15822221642488865,0.02058722640887556,0.010293613204437786,0.0,0.8908908851864132,0.9038577816460359,0,False,1247528,,,,,conformal,id,1.9702531268505945
lstm_quantile_conformal,quantile,384,roll_rate,50,5.0,434304,9,0.1,0.9001459806955496,0.1573155948482226,0.23559481431399654,0.03025754017439973,0.015128770087199869,0.0,0.8935867502947245,0.9071119538387857,0,False,1247528,,,,,conformal,id,1.9711142946671736
lstm_quantile_conformal,quantile,384,roll_rate,100,10.0,434304,9,0.1,0.8998535587975243,0.6248001811628596,0.8034694346187171,0.10670560286264347,0.05335280143132169,0.0,0.8920654081012378,0.9066299757773357,0,False,1247528,,,,,conformal,id,1.972726817260997
lstm_quantile_conformal,quantile,384,roll_rate,150,15.0,434304,9,0.1,0.8983546087533156,1.1919274818074759,1.5959814524892495,0.21184819279997327,0.10592409639998661,0.0,0.8939355842911877,0.9028972217617153,0,False,1247528,,,,,conformal,id,1.9741281062750025
lstm_quantile_conformal,quantile,384,pitch_rate,10,1.0,434304,9,0.1,0.9027478448275862,0.06686827918434514,0.09233293390912593,0.011973440378955875,0.005986720189477936,0.0,0.8972147965480401,0.9089496067270851,0,False,1247528,,,,,conformal,id,0.923617350427682
lstm_quantile_conformal,quantile,384,pitch_rate,20,2.0,434304,9,0.1,0.8990637894193929,0.08660442821096569,0.1263219533642906,0.016994340465485144,0.008497170232742577,0.0,0.8937065396588565,0.9044555196360153,0,False,1247528,,,,,conformal,id,0.9237371608217294
lstm_quantile_conformal,quantile,384,pitch_rate,30,3.0,434304,9,0.1,0.8991443781314471,0.11258890180161388,0.15752680325975496,0.020817838129461048,0.010408919064730527,0.0,0.8927702715148836,0.9061401115347775,0,False,1247528,,,,,conformal,id,0.9238676654473804
lstm_quantile_conformal,quantile,384,pitch_rate,50,5.0,434304,9,0.1,0.8974197796934866,0.346966708625469,0.43649379313583503,0.05713629461743123,0.028568147308715604,0.0,0.8895190350537873,0.9053493635794282,0,False,1247528,,,,,conformal,id,0.923797316378609
lstm_quantile_conformal,quantile,384,pitch_rate,100,10.0,434304,9,0.1,0.8970697944297082,1.0999320017022853,1.4348817116410417,0.19259799420830231,0.09629899710415113,0.0,0.8925372550103153,0.9016380231358679,0,False,1247528,,,,,conformal,id,0.9237004804982916
lstm_quantile_conformal,quantile,384,pitch_rate,150,15.0,434304,9,0.1,0.9006571433834365,1.7787722282077831,2.2332338481620755,0.2993712319479124,0.14968561597395616,0.0,0.8977113957043913,0.9035472272877985,0,False,1247528,,,,,conformal,id,0.9234069683655248
lstm_quantile_conformal,quantile,384,heave_rate,10,1.0,434304,9,0.1,0.9044079722959033,0.027962732084814937,0.03781273227363803,0.004858529033047893,0.0024292645165239495,0.0,0.897055864095196,0.912305838767315,0,False,1247528,,,,,conformal,id,0.4495602477358838
lstm_quantile_conformal,quantile,384,heave_rate,20,2.0,434304,9,0.1,0.9062569076038903,0.0329809418116195,0.04408026303524908,0.006080674188797685,0.0030403370943988396,0.0,0.8992754499152668,0.9133328843390804,0,False,1247528,,,,,conformal,id,0.4496058601569564
lstm_quantile_conformal,quantile,384,heave_rate,30,3.0,434304,9,0.1,0.9022574049513705,0.04967396817095467,0.06340180918422558,0.008434105830934234,0.004217052915467117,0.0,0.893702682913351,0.9103581822870616,0,False,1247528,,,,,conformal,id,0.4496495382799816
lstm_quantile_conformal,quantile,384,heave_rate,50,5.0,434304,9,0.1,0.9024876584143825,0.0870904809834924,0.11376494389727894,0.01494939206582112,0.007474696032910563,0.0,0.8970189659777483,0.9080981869842323,0,False,1247528,,,,,conformal,id,0.4495925540262867
lstm_quantile_conformal,quantile,384,heave_rate,100,10.0,434304,9,0.1,0.9015666445623343,0.33732038665704855,0.4607925900577752,0.06086599645904381,0.030432998229521932,0.0,0.8972377643309755,0.9059540091732979,0,False,1247528,,,,,conformal,id,0.4493860488108614
lstm_quantile_conformal,quantile,384,heave_rate,150,15.0,434304,9,0.1,0.9011890288829943,0.673513831636095,0.8798052241111219,0.11705766568991528,0.05852883284495763,0.0,0.8979210990458297,0.9047985972959034,0,False,1247528,,,,,conformal,id,0.4491394554432332
lstm_quantile_conformal,quantile,384,roll,10,1.0,434304,9,0.1,0.8931278551429414,0.11359694786819857,0.1678176290924344,0.02031468345515265,0.010157341727576335,0.0,0.8859786002431477,0.8991607261273209,1,False,1247528,,,,,conformal,id,3.682816873957597
lstm_quantile_conformal,quantile,384,roll,20,2.0,434304,9,0.1,0.8984513152077808,0.11555303331077611,0.17027699714952232,0.02026716548683406,0.010133582743417031,0.0,0.8907077761199529,0.9046964223216917,1,False,1247528,,,,,conformal,id,3.683691963859013
lstm_quantile_conformal,quantile,384,roll,30,3.0,434304,9,0.1,0.9026764662540525,0.12505356364110817,0.18377653947992148,0.022010330910460316,0.011005165455230163,0.0,0.8957291436413204,0.9085590968538168,1,False,1247528,,,,,conformal,id,3.6845301229084
lstm_quantile_conformal,quantile,384,roll,50,5.0,434304,9,0.1,0.9020317565576186,0.16451654810187882,0.24517323172911498,0.0304180442472125,0.01520902212360625,0.0,0.8955454013778368,0.908002689360448,1,False,1247528,,,,,conformal,id,3.685983647312865
lstm_quantile_conformal,quantile,384,roll,100,10.0,434304,9,0.1,0.9011406756557618,0.6545793886791346,0.9296590142417785,0.12118017696840334,0.060590088484201665,0.0,0.8963349405025052,0.9059485982169171,1,False,1247528,,,,,conformal,id,3.690074381032924
lstm_quantile_conformal,quantile,384,roll,150,15.0,434304,9,0.1,0.8994321949602122,1.5487736768586704,2.1526930196392997,0.2841949995761341,0.1420974997880671,0.0,0.8951561578986148,0.904224172469054,1,False,1247528,,,,,conformal,id,3.6937274583324062
lstm_quantile_conformal,quantile,384,pitch,10,1.0,434304,9,0.1,0.8976983863837312,0.04088925635809608,0.05930530330569525,0.007397941164162526,0.0036989705820812645,0.0,0.8927938149314766,0.9026309336317418,1,False,1247528,,,,,conformal,id,1.2413165389175655
lstm_quantile_conformal,quantile,384,pitch,20,2.0,434304,9,0.1,0.9017117042440318,0.05392212947545634,0.08194819602251435,0.01010233611420746,0.005051168057103726,0.0,0.8954907737437371,0.9074566432729148,1,False,1247528,,,,,conformal,id,1.2413790185919036
lstm_quantile_conformal,quantile,384,pitch,30,3.0,434304,9,0.1,0.9004084696433834,0.08937591251925237,0.14294307882666116,0.01782921920352002,0.008914609601760017,0.0,0.8939955077549366,0.9067663433908045,1,False,1247528,,,,,conformal,id,1.2413993725281671
lstm_quantile_conformal,quantile,384,pitch,50,5.0,434304,9,0.1,0.9000538793103449,0.22366899763774872,0.3420831873965248,0.044012363678284795,0.02200618183914239,0.0,0.8939749576333629,0.9058251823607427,1,False,1247528,,,,,conformal,id,1.2415168463730468
lstm_quantile_conformal,quantile,384,pitch,100,10.0,434304,9,0.1,0.8988128131447097,1.0593727823987587,1.4218066527095623,0.19000314242943683,0.09500157121471846,0.0,0.8955728015399351,0.9019604355474506,1,False,1247528,,,,,conformal,id,1.2411836658196425
lstm_quantile_conformal,quantile,384,pitch,150,15.0,434304,9,0.1,0.897848051134689,1.9551828714655706,2.5432893885173122,0.34147915926132916,0.17073957963066475,0.0,0.8947338730474507,0.9009127822907457,1,False,1247528,,,,,conformal,id,1.2405036351372414
lstm_quantile_conformal,quantile,384,heave,10,1.0,434304,9,0.1,0.8990822096964338,0.02201980762840642,0.033908594791074276,0.004163358654511091,0.0020816793272555446,0.0,0.8938816474174772,0.9040960364168876,1,False,1247528,,,,,conformal,id,0.7591945699315659
lstm_quantile_conformal,quantile,384,heave,20,2.0,434304,9,0.1,0.9004936634246979,0.022593100032084607,0.03485885803658122,0.00424707642616544,0.00212353821308272,0.0,0.8954043135683761,0.9059512461317418,1,False,1247528,,,,,conformal,id,0.7592353662201028
lstm_quantile_conformal,quantile,384,heave,30,3.0,434304,9,0.1,0.8987184092248748,0.030524106619072924,0.04630127402999731,0.00572981737352332,0.0028649086867616595,0.0,0.8932996817897141,0.9040844086170056,1,False,1247528,,,,,conformal,id,0.7592379733777742
lstm_quantile_conformal,quantile,384,heave,50,5.0,434304,9,0.1,0.9010002210433244,0.10258576788793687,0.14823321015406624,0.019231279773164134,0.009615639886582063,0.0,0.8961182719938108,0.9059659247900088,1,False,1247528,,,,,conformal,id,0.7593097520603712
lstm_quantile_conformal,quantile,384,heave,100,10.0,434304,9,0.1,0.8984628278809313,0.4167871191309089,0.5633068306797611,0.07468107502616468,0.03734053751308234,0.0,0.8949891665745653,0.9019744810086944,1,False,1247528,,,,,conformal,id,0.7591324816869609
lstm_quantile_conformal,quantile,384,heave,150,15.0,434304,9,0.1,0.9008689765694076,0.9205048568776133,1.2040106084826276,0.16075241931559212,0.080376209657796,0.0,0.8979538526009432,0.9036804864795166,1,False,1247528,,,,,conformal,id,0.758700750262978
lstm_quantile_conformal,quantile,384,roll_rate,10,1.0,434304,9,0.1,0.8992203617742411,0.0656334734841,0.09423139437116698,0.011668525026155578,0.005834262513077788,0.0,0.8928856284998526,0.9047972157751253,1,False,1247528,,,,,conformal,id,1.9695482829582032
lstm_quantile_conformal,quantile,384,roll_rate,20,2.0,434304,9,0.1,0.9013479037724728,0.07290954736776797,0.10136621533919221,0.01255470300635698,0.0062773515031784915,0.0,0.8946589831086059,0.9072150498268494,1,False,1247528,,,,,conformal,id,1.969895124963157
lstm_quantile_conformal,quantile,384,roll_rate,30,3.0,434304,9,0.1,0.9005120837017389,0.08182272561371437,0.11793588286803978,0.014674731474812906,0.007337365737406448,0.0,0.8940895662945771,0.9060356340259357,1,False,1247528,,,,,conformal,id,1.9702531268505945
lstm_quantile_conformal,quantile,384,roll_rate,50,5.0,434304,9,0.1,0.900228871942234,0.12097829617248054,0.17945214425529685,0.022287487718459342,0.011143743859229668,0.0,0.8942727329244032,0.9058150512083701,1,False,1247528,,,,,conformal,id,1.9711142946671736
lstm_quantile_conformal,quantile,384,roll_rate,100,10.0,434304,9,0.1,0.9002081491305629,0.519076219594092,0.7116512254090744,0.09364571604639732,0.046822858023198674,0.0,0.8963524973290599,0.9042101845711759,1,False,1247528,,,,,conformal,id,1.972726817260997
lstm_quantile_conformal,quantile,384,roll_rate,150,15.0,434304,9,0.1,0.8992802276746242,1.084603996603996,1.4909390295202354,0.19759913546369592,0.09879956773184798,0.0,0.8950822465369879,0.9037152547524315,1,False,1247528,,,,,conformal,id,1.9741281062750025
lstm_quantile_conformal,quantile,384,pitch_rate,10,1.0,434304,9,0.1,0.9007331270262304,0.03880544801956112,0.056449311992961465,0.007113123625481268,0.0035565618127406345,0.0,0.8954732744805481,0.9061581288682581,1,False,1247528,,,,,conformal,id,0.923617350427682
lstm_quantile_conformal,quantile,384,pitch_rate,20,2.0,434304,9,0.1,0.8966046824344238,0.05769011678614675,0.09316465813278474,0.011620771943589226,0.005810385971794614,0.0,0.890218084567492,0.9028637774462128,1,False,1247528,,,,,conformal,id,0.9237371608217294
lstm_quantile_conformal,quantile,384,pitch_rate,30,3.0,434304,9,0.1,0.899485153256705,0.08374806567140938,0.12878285264008216,0.016467583524411793,0.0082337917622059,0.0,0.8934981602748305,0.9050966604037725,1,False,1247528,,,,,conformal,id,0.9238676654473804
lstm_quantile_conformal,quantile,384,pitch_rate,50,5.0,434304,9,0.1,0.9012534998526378,0.2531285588423464,0.38506921997233945,0.049904170758238005,0.024952085379118995,0.0,0.8962727145041262,0.9062487911693192,1,False,1247528,,,,,conformal,id,0.923797316378609
lstm_quantile_conformal,quantile,384,pitch_rate,100,10.0,434304,9,0.1,0.8985664419392868,1.0103977078399446,1.3458445368177216,0.18055500840237215,0.09027750420118609,0.0,0.8951302543840259,0.9020534003831417,1,False,1247528,,,,,conformal,id,0.9237004804982916
lstm_quantile_conformal,quantile,384,pitch_rate,150,15.0,434304,9,0.1,0.898762157382847,1.6508606252009237,2.1385653248432632,0.28812501954628494,0.14406250977314244,0.0,0.8961001395335986,0.9016266255894488,1,False,1247528,,,,,conformal,id,0.9234069683655248
lstm_quantile_conformal,quantile,384,heave_rate,10,1.0,434304,9,0.1,0.9010946249631594,0.01503088336197755,0.0224224298949295,0.0028040263592483176,0.0014020131796241594,0.0,0.8966966111295315,0.9056652713306808,1,False,1247528,,,,,conformal,id,0.4495602477358838
lstm_quantile_conformal,quantile,384,heave_rate,20,2.0,434304,9,0.1,0.8978043029767168,0.016359235040176032,0.024480641800768314,0.003051155752158393,0.0015255778760791953,0.0,0.8931693007662835,0.9025021068191865,1,False,1247528,,,,,conformal,id,0.4496058601569564
lstm_quantile_conformal,quantile,384,heave_rate,30,3.0,434304,9,0.1,0.9004982684939582,0.02652497842710423,0.039860597475312995,0.005054900504683733,0.0025274502523418675,0.0,0.8949412738542587,0.9060161776083112,1,False,1247528,,,,,conformal,id,0.4496495382799816
lstm_quantile_conformal,quantile,384,heave_rate,50,5.0,434304,9,0.1,0.9019880083996463,0.06620693908992767,0.09734468390148565,0.012654041766395483,0.00632702088319774,0.0,0.8965858592138225,0.9076790105548188,1,False,1247528,,,,,conformal,id,0.4495925540262867
lstm_quantile_conformal,quantile,384,heave_rate,100,10.0,434304,9,0.1,0.900456822870616,0.315013093944385,0.42159936782501867,0.05613925330691807,0.028069626653459037,0.0,0.8969299730142941,0.904081300195255,1,False,1247528,,,,,conformal,id,0.4493860488108614
lstm_quantile_conformal,quantile,384,heave_rate,150,15.0,434304,9,0.1,0.9011913314176245,0.6408226662320337,0.830666351499689,0.1112803949165873,0.05564019745829365,0.0,0.8982184713933097,0.9039479258768052,1,False,1247528,,,,,conformal,id,0.4491394554432332
lstm_quantile_conformal,quantile,384,roll,10,1.0,434304,9,0.1,0.9009265399351606,0.11844708462676043,0.16192459654600908,0.01981406932983576,0.009907034664917885,0.0,0.8950517955165046,0.9063424467653994,2,False,1247528,,,,,conformal,id,3.682816873957597
lstm_quantile_conformal,quantile,384,roll,20,2.0,434304,9,0.1,0.9001805187150015,0.12281893640197096,0.16765682937868068,0.02049795547018044,0.010248977735090222,0.0,0.8938472245247568,0.9060732804671382,2,False,1247528,,,,,conformal,id,3.683691963859013
lstm_quantile_conformal,quantile,384,roll,30,3.0,434304,9,0.1,0.8992710175361037,0.12987293626411456,0.1803447060924527,0.022274197586063197,0.011137098793031592,0.0,0.8936697566681403,0.9046741452991454,2,False,1247528,,,,,conformal,id,3.6845301229084
lstm_quantile_conformal,quantile,384,roll,50,5.0,434304,9,0.1,0.9009633804892425,0.16834246318414006,0.24029848901452389,0.03033417046574329,0.015167085232871656,0.0,0.8953286177424108,0.9060711506226053,2,False,1247528,,,,,conformal,id,3.685983647312865
lstm_quantile_conformal,quantile,384,roll,100,10.0,434304,9,0.1,0.9008114132036545,0.6488063790336202,0.9188156879443266,0.1199778847158286,0.05998894235791433,0.0,0.89586021542514,0.9058550001842027,2,False,1247528,,,,,conformal,id,3.690074381032924
lstm_quantile_conformal,quantile,384,roll,150,15.0,434304,9,0.1,0.9017462422634837,1.600313345284698,2.126864062398255,0.2826525892434418,0.1413262946217209,0.0,0.8979478084475391,0.9054921207264958,2,False,1247528,,,,,conformal,id,3.6937274583324062
lstm_quantile_conformal,quantile,384,pitch,10,1.0,434304,9,0.1,0.8971895262304745,0.042746620651768465,0.06083520141955324,0.007632388936945336,0.003816194468472669,0.0,0.8926027045571766,0.9013433562665782,2,False,1247528,,,,,conformal,id,1.2413165389175655
lstm_quantile_conformal,quantile,384,pitch,20,2.0,434304,9,0.1,0.9007653625110522,0.05774308397991772,0.08250333902288645,0.010411815025376511,0.005205907512688261,0.0,0.8950418370542292,0.905940942289272,2,False,1247528,,,,,conformal,id,1.2413790185919036
lstm_quantile_conformal,quantile,384,pitch,30,3.0,434304,9,0.1,0.901562039493074,0.0962071169788469,0.14131706018858187,0.0180299969667465,0.00901499848337325,0.0,0.8968204874926319,0.906232270483348,2,False,1247528,,,,,conformal,id,1.2413993725281671
lstm_quantile_conformal,quantile,384,pitch,50,5.0,434304,9,0.1,0.8981796161214265,0.22150638012750903,0.3420171721954231,0.043961037034498364,0.02198051851724918,0.0,0.8920981616563514,0.9040712266062482,2,False,1247528,,,,,conformal,id,1.2415168463730468
lstm_quantile_conformal,quantile,384,pitch,100,10.0,434304,9,0.1,0.9009311450044208,1.0688039425731186,1.4222950474129201,0.1899962985923725,0.09499814929618623,0.0,0.8975873466511937,0.9040350192491896,2,False,1247528,,,,,conformal,id,1.2411836658196425
lstm_quantile_conformal,quantile,384,pitch,150,15.0,434304,9,0.1,0.8988864942528736,1.9639773034005177,2.5482900467727543,0.3415759147045629,0.17078795735228142,0.0,0.8961647256299735,0.9015437919061302,2,False,1247528,,,,,conformal,id,1.2405036351372414
lstm_quantile_conformal,quantile,384,heave,10,1.0,434304,9,0.1,0.893217653993516,0.024191380457743328,0.035265857316751734,0.004414531037223619,0.0022072655186118097,0.0,0.8891991554302977,0.8969255406351312,2,False,1247528,,,,,conformal,id,0.7591945699315659
lstm_quantile_conformal,quantile,384,heave,20,2.0,434304,9,0.1,0.8941824160035367,0.025132388880644566,0.03678392264813637,0.00459141514307011,0.002295707571535055,0.0,0.8903546248710581,0.897862039032567,2,False,1247528,,,,,conformal,id,0.7592353662201028
lstm_quantile_conformal,quantile,384,heave,30,3.0,434304,9,0.1,0.8984328949307397,0.03259863008004435,0.047297996305773055,0.005964286413638869,0.002982143206819434,0.0,0.8941635927829354,0.902649296345417,2,False,1247528,,,,,conformal,id,0.7592379733777742
lstm_quantile_conformal,quantile,384,heave,50,5.0,434304,9,0.1,0.9028031056587091,0.10334176226986928,0.14708798008912113,0.019099854669951226,0.009549927334975613,0.0,0.8983453410514294,0.9070703355253463,2,False,1247528,,,,,conformal,id,0.7593097520603712
lstm_quantile_conformal,quantile,384,heave,100,10.0,434304,9,0.1,0.9006064876215738,0.4162180121886626,0.559652757321419,0.07416601278169714,0.03708300639084857,0.0,0.8969242742410846,0.9042011471227528,2,False,1247528,,,,,conformal,id,0.7591324816869609
lstm_quantile_conformal,quantile,384,heave,150,15.0,434304,9,0.1,0.8988220232832301,0.9134790513405069,1.2063413440380018,0.16068896249197287,0.08034448124598642,0.0,0.8957819868110817,0.9020157539419392,2,False,1247528,,,,,conformal,id,0.758700750262978
lstm_quantile_conformal,quantile,384,roll_rate,10,1.0,434304,9,0.1,0.9001851237842617,0.07418579931839742,0.096394149507818,0.012010215163002387,0.006005107581501196,0.0,0.8944468045424403,0.9057469537466843,2,False,1247528,,,,,conformal,id,1.9695482829582032
lstm_quantile_conformal,quantile,384,roll_rate,20,2.0,434304,9,0.1,0.9009265399351606,0.07545990466643565,0.10079775693142613,0.012635027686511332,0.006317513843255665,0.0,0.8954435142204539,0.9059323077844091,2,False,1247528,,,,,conformal,id,1.969895124963157
lstm_quantile_conformal,quantile,384,roll_rate,30,3.0,434304,9,0.1,0.9018936044798114,0.08167500238570922,0.11462587495015847,0.014453793432446623,0.007226896716223309,0.0,0.8965924214375185,0.9070067280061892,2,False,1247528,,,,,conformal,id,1.9702531268505945
lstm_quantile_conformal,quantile,384,roll_rate,50,5.0,434304,9,0.1,0.9009311450044208,0.12120495517433587,0.17467376597308207,0.022002544346201795,0.011001272173100903,0.0,0.8954783976201002,0.9064424918950781,2,False,1247528,,,,,conformal,id,1.9711142946671736
lstm_quantile_conformal,quantile,384,roll_rate,100,10.0,434304,9,0.1,0.8997177092543471,0.5106016791709065,0.6982603545871976,0.09202726904890003,0.04601363452445,0.0,0.8957388718501327,0.9037794379052461,2,False,1247528,,,,,conformal,id,1.972726817260997
lstm_quantile_conformal,quantile,384,roll_rate,150,15.0,434304,9,0.1,0.8988542587680519,1.117309025052104,1.478529550200069,0.19625685416880187,0.09812842708440098,0.0,0.895222758712791,0.9023909519599175,2,False,1247528,,,,,conformal,id,1.9741281062750025
lstm_quantile_conformal,quantile,384,pitch_rate,10,1.0,434304,9,0.1,0.9032728227232537,0.04431167714313546,0.06007960331267972,0.00758322406387717,0.003791612031938582,0.0,0.8983350372089597,0.9078575721153845,2,False,1247528,,,,,conformal,id,0.923617350427682
lstm_quantile_conformal,quantile,384,pitch_rate,20,2.0,434304,9,0.1,0.9002127541998232,0.060448589512360734,0.09077862188925233,0.011529623590925802,0.005764811795462899,0.0,0.8951627776856764,0.9051139869768642,2,False,1247528,,,,,conformal,id,0.9237371608217294
lstm_quantile_conformal,quantile,384,pitch_rate,30,3.0,434304,9,0.1,0.9038461538461539,0.08655363485577232,0.12769868937857062,0.0164713801141369,0.008235690057068453,0.0,0.8989594270372827,0.90860445678603,2,False,1247528,,,,,conformal,id,0.9238676654473804
lstm_quantile_conformal,quantile,384,pitch_rate,50,5.0,434304,9,0.1,0.9004982684939582,0.25298222853794816,0.38335331176302084,0.049770339339412516,0.024885169669706258,0.0,0.8956508574638963,0.9053097599837902,2,False,1247528,,,,,conformal,id,0.923797316378609
lstm_quantile_conformal,quantile,384,pitch_rate,100,10.0,434304,9,0.1,0.8991904288240495,1.013021383816689,1.347538169870782,0.1806711176005991,0.09033555880029945,0.0,0.8958445006262894,0.9026275949565281,2,False,1247528,,,,,conformal,id,0.9237004804982916
lstm_quantile_conformal,quantile,384,pitch_rate,150,15.0,434304,9,0.1,0.8989832007073386,1.661399721695912,2.1467295045360504,0.28880610626796477,0.14440305313398236,0.0,0.8961992060860596,0.9017324846190686,2,False,1247528,,,,,conformal,id,0.9234069683655248
lstm_quantile_conformal,quantile,384,heave_rate,10,1.0,434304,9,0.1,0.9016219053934571,0.017192956839659823,0.024488110501386356,0.003069393080591725,0.0015346965402958622,0.0,0.8971728904177719,0.905756106321839,2,False,1247528,,,,,conformal,id,0.4495602477358838
lstm_quantile_conformal,quantile,384,heave_rate,20,2.0,434304,9,0.1,0.8997499447391689,0.018575017466784752,0.026513538403159863,0.0033557426994432374,0.001677871349721619,0.0,0.8960424610411141,0.9034321581196582,2,False,1247528,,,,,conformal,id,0.4496058601569564
lstm_quantile_conformal,quantile,384,heave_rate,30,3.0,434304,9,0.1,0.9038852969348659,0.02870743216767689,0.041073572533471735,0.005259892690836659,0.002629946345418331,0.0,0.8994204520335987,0.9081941451149426,2,False,1247528,,,,,conformal,id,0.4496495382799816
lstm_quantile_conformal,quantile,384,heave_rate,50,5.0,434304,9,0.1,0.9014400051576775,0.06721034246970439,0.09694551278894,0.01266094964414456,0.006330474822072282,0.0,0.8967624060565871,0.9062847682729148,2,False,1247528,,,,,conformal,id,0.4495925540262867
lstm_quantile_conformal,quantile,384,heave_rate,100,10.0,434304,9,0.1,0.9002956454465075,0.30996377863150687,0.4199169612505805,0.05579817794889781,0.027899088974448896,0.0,0.8963923887415267,0.9042105299513704,2,False,1247528,,,,,conformal,id,0.4493860488108614
lstm_quantile_conformal,quantile,384,heave_rate,150,15.0,434304,9,0.1,0.9013801392572944,0.6396740810344639,0.8316925345869256,0.11114003615078882,0.0555700180753944,0.0,0.8983271510278514,0.9043411987916298,2,False,1247528,,,,,conformal,id,0.4491394554432332
lstm_gaussian_conformal,gaussian,384,roll,10,1.0,434304,9,0.1,0.9027271220159151,0.11062588471055144,0.1737973399261542,0.021555445339840645,0.01077772266992032,0.0,0.8952389340185676,0.9103392439397289,0,False,434828,,,,,conformal,id,3.682816873957597
lstm_gaussian_conformal,gaussian,384,roll,20,2.0,434304,9,0.1,0.9008804892425583,0.11012226141916288,0.17835851524085317,0.022010439978929968,0.011005219989464986,0.0,0.8927445982537577,0.9095633473327439,0,False,434828,,,,,conformal,id,3.683691963859013
lstm_gaussian_conformal,gaussian,384,roll,30,3.0,434304,9,0.1,0.8994966659298556,0.1318157389155527,0.20888232852070274,0.026238305955027758,0.013119152977513876,0.0,0.8921924504494547,0.9072263322465369,0,False,434828,,,,,conformal,id,3.6845301229084
lstm_gaussian_conformal,gaussian,384,roll,50,5.0,434304,9,0.1,0.8976408230179782,0.20854458779673476,0.3139151991538669,0.03997586709687193,0.019987933548435977,0.0,0.8904746444886531,0.9044638663240495,0,False,434828,,,,,conformal,id,3.685983647312865
lstm_gaussian_conformal,gaussian,384,roll,100,10.0,434304,9,0.1,0.9020133362805777,0.8365307316185091,1.1184092406466364,0.14852464110865352,0.07426232055432677,0.0,0.8976700652077808,0.9065718943412909,0,False,434828,,,,,conformal,id,3.690074381032924
lstm_gaussian_conformal,gaussian,384,roll,150,15.0,434304,9,0.1,0.8988381410256411,1.8619369942344117,2.5063450261330043,0.334651479343078,0.16732573967153894,0.0,0.8948453157235485,0.9030803883915414,0,False,434828,,,,,conformal,id,3.6937274583324062
lstm_gaussian_conformal,gaussian,384,pitch,10,1.0,434304,9,0.1,0.8992894378131447,0.04427470822338499,0.07287966783801328,0.008910458003531546,0.004455229001765771,0.0,0.8926691326812555,0.9056306757478633,0,False,434828,,,,,conformal,id,1.2413165389175655
lstm_gaussian_conformal,gaussian,384,pitch,20,2.0,434304,9,0.1,0.900380839227822,0.07787055632910413,0.12380380711912692,0.015479780686531183,0.007739890343265591,0.0,0.8931267614389921,0.9070950302092543,0,False,434828,,,,,conformal,id,1.2413790185919036
lstm_gaussian_conformal,gaussian,384,pitch,30,3.0,434304,9,0.1,0.8976661508989096,0.14207261930808374,0.20821535318502166,0.026919761428379003,0.013459880714189496,0.0,0.8913775258804892,0.9036113528772473,0,False,434828,,,,,conformal,id,1.2413993725281671
lstm_gaussian_conformal,gaussian,384,pitch,50,5.0,434304,9,0.1,0.8994667329796641,0.3475132966955839,0.4672622934116624,0.06197521480218217,0.03098760740109105,0.0,0.895184997144857,0.9037978581822871,0,False,434828,,,,,conformal,id,1.2415168463730468
lstm_gaussian_conformal,gaussian,384,pitch,100,10.0,434304,9,0.1,0.898743737105806,1.2653458650952953,1.7086189694889535,0.2269863772902303,0.11349318864511515,0.0,0.8950108104000885,0.9025602458185971,0,False,434828,,,,,conformal,id,1.2411836658196425
lstm_gaussian_conformal,gaussian,384,pitch,150,15.0,434304,9,0.1,0.8986147951665193,2.2452803313186,2.9138715019317734,0.3906073574895607,0.19530367874478038,0.0,0.8957775544319186,0.9010793706712349,0,False,434828,,,,,conformal,id,1.2405036351372414
lstm_gaussian_conformal,gaussian,384,heave,10,1.0,434304,9,0.1,0.9008620689655172,0.02202791930095258,0.03783162666229153,0.00459002511202243,0.002295012556011215,0.0,0.8938577586206896,0.9081620247568524,0,False,434828,,,,,conformal,id,0.7591945699315659
lstm_gaussian_conformal,gaussian,384,heave,20,2.0,434304,9,0.1,0.897656940760389,0.026656790022299558,0.042691611277145144,0.0053212750583198016,0.002660637529159901,0.0,0.8914767651230475,0.9034175945881227,0,False,434828,,,,,conformal,id,0.7592353662201028
lstm_gaussian_conformal,gaussian,384,heave,30,3.0,434304,9,0.1,0.9014952659888005,0.04491809009310586,0.065186692708393,0.008352952268576545,0.004176476134288271,0.0,0.8959660168913941,0.9064356994179192,0,False,434828,,,,,conformal,id,0.7592379733777742
lstm_gaussian_conformal,gaussian,384,heave,50,5.0,434304,9,0.1,0.8995496242263483,0.1564148407236413,0.2142878392821144,0.028172565307169162,0.014086282653584574,0.0,0.8957615518162393,0.9035584521441202,0,False,434828,,,,,conformal,id,0.7593097520603712
lstm_gaussian_conformal,gaussian,384,heave,100,10.0,434304,9,0.1,0.8987690649867374,0.5245999161191223,0.7149391368033297,0.09397513846555532,0.04698756923277766,0.0,0.8945458135315355,0.903291415690392,0,False,434828,,,,,conformal,id,0.7591324816869609
lstm_gaussian_conformal,gaussian,384,heave,150,15.0,434304,9,0.1,0.8967474395814913,1.0617168709768214,1.411974851542198,0.186819582102417,0.09340979105120846,0.0,0.8933086616747716,0.9003005383325966,0,False,434828,,,,,conformal,id,0.758700750262978
lstm_gaussian_conformal,gaussian,384,roll_rate,10,1.0,434304,9,0.1,0.897960875331565,0.06078895459724324,0.09655725113195049,0.012194089124727652,0.006097044562363832,0.0,0.8911301185344828,0.9049720932802829,0,False,434828,,,,,conformal,id,1.9695482829582032
lstm_gaussian_conformal,gaussian,384,roll_rate,20,2.0,434304,9,0.1,0.903028754052461,0.11528487304456177,0.12884717420735026,0.01648825215288167,0.008244126076440835,0.0,0.8883220048629531,0.9155987511052166,0,False,434828,,,,,conformal,id,1.969895124963157
lstm_gaussian_conformal,gaussian,384,roll_rate,30,3.0,434304,9,0.1,0.8996440281461833,0.10434369627645375,0.14558312114058872,0.018851384439235615,0.009425692219617811,0.0,0.8939910753757737,0.9052407415082523,0,False,434828,,,,,conformal,id,1.9702531268505945
lstm_gaussian_conformal,gaussian,384,roll_rate,50,5.0,434304,9,0.1,0.89996177792514,0.18257729528198255,0.23213019873933743,0.030318042900586737,0.01515902145029337,0.0,0.8900183396883289,0.9080455740679341,0,False,434828,,,,,conformal,id,1.9711142946671736
lstm_gaussian_conformal,gaussian,384,roll_rate,100,10.0,434304,9,0.1,0.8995933723843207,0.6875360813151291,0.8979258227409815,0.11961254850411451,0.059806274252057215,0.0,0.8959199086354258,0.9033288894414973,0,False,434828,,,,,conformal,id,1.972726817260997
lstm_gaussian_conformal,gaussian,384,roll_rate,150,15.0,434304,9,0.1,0.8966507331270263,1.3160663311864012,1.7204681439071345,0.23020227591941708,0.11510113795970853,0.0,0.8934869929818745,0.8997210479295609,0,False,434828,,,,,conformal,id,1.9741281062750025
lstm_gaussian_conformal,gaussian,384,pitch_rate,10,1.0,434304,9,0.1,0.8991489832007074,0.05855601315903201,0.08584655353089463,0.01091989397104886,0.005459946985524427,0.0,0.8939556163424698,0.9043320462164751,0,False,434828,,,,,conformal,id,0.923617350427682
lstm_gaussian_conformal,gaussian,384,pitch_rate,20,2.0,434304,9,0.1,0.8982809276451518,0.09072183773753345,0.1351110975196166,0.017461476648522063,0.008730738324261026,0.0,0.8923033750552609,0.9042433986332155,0,False,434828,,,,,conformal,id,0.9237371608217294
lstm_gaussian_conformal,gaussian,384,pitch_rate,30,3.0,434304,9,0.1,0.8998973069554966,0.15172375579371308,0.1866063395330133,0.02468748221876329,0.012343741109381643,0.0,0.8897886618589743,0.9086749143457118,0,False,434828,,,,,conformal,id,0.9238676654473804
lstm_gaussian_conformal,gaussian,384,pitch_rate,50,5.0,434304,9,0.1,0.8991374705275568,0.36630348747973995,0.5197359280129594,0.06809332468773745,0.034046662343868744,0.0,0.894393731119216,0.9038048233495432,0,False,434828,,,,,conformal,id,0.923797316378609
lstm_gaussian_conformal,gaussian,384,pitch_rate,100,10.0,434304,9,0.1,0.8982486921603301,1.2110685023267636,1.5965100518592816,0.2136352645258499,0.10681763226292501,0.0,0.8951646772767462,0.9013557323902152,0,False,434828,,,,,conformal,id,0.9237004804982916
lstm_gaussian_conformal,gaussian,384,pitch_rate,150,15.0,434304,9,0.1,0.8990914198349543,1.849807764468006,2.3803243996622623,0.3197510005998827,0.15987550029994138,0.0,0.896113091290893,0.9025460276672561,0,False,434828,,,,,conformal,id,0.9234069683655248
lstm_gaussian_conformal,gaussian,384,heave_rate,10,1.0,434304,9,0.1,0.8985572318007663,0.016573166423525906,0.026766204693372177,0.003326391331395503,0.0016631956656977523,0.0,0.8923194927976718,0.9053255323460064,0,False,434828,,,,,conformal,id,0.4495602477358838
lstm_gaussian_conformal,gaussian,384,heave_rate,20,2.0,434304,9,0.1,0.900247292219275,0.022940810298193226,0.03526199496680167,0.004450370170154184,0.0022251850850770923,0.0,0.8949976859526967,0.9054515385536398,0,False,434828,,,,,conformal,id,0.4496058601569564
lstm_gaussian_conformal,gaussian,384,heave_rate,30,3.0,434304,9,0.1,0.8993239758325965,0.04041745032553215,0.06116665958453328,0.007829000497632676,0.003914500248816336,0.0,0.8932751597959033,0.905324726458886,0,False,434828,,,,,conformal,id,0.4496495382799816
lstm_gaussian_conformal,gaussian,384,heave_rate,50,5.0,434304,9,0.1,0.9001114426760979,0.09496303262827752,0.13200755836437073,0.017356077541338603,0.008678038770669303,0.0,0.8954739652409373,0.90477885306145,0,False,434828,,,,,conformal,id,0.4495925540262867
lstm_gaussian_conformal,gaussian,384,heave_rate,100,10.0,434304,9,0.1,0.8979286398467433,0.38193433905023577,0.515026695107368,0.06815039171993756,0.034075195859968786,0.0,0.8940785141283525,0.9016265680260831,0,False,434828,,,,,conformal,id,0.4493860488108614
lstm_gaussian_conformal,gaussian,384,heave_rate,150,15.0,434304,9,0.1,0.9009841033009136,0.7366434229736332,0.9576835589162646,0.12768287600619915,0.06384143800309958,0.0,0.8975921244105511,0.9044248383620689,0,False,434828,,,,,conformal,id,0.4491394554432332
lstm_gaussian_conformal,gaussian,384,roll,10,1.0,434304,9,0.1,0.9042467948717948,0.053742503040400715,0.10074993903406669,0.011522442907755575,0.005761221453877786,0.0,0.8973736714375183,0.9112036154398763,1,False,434828,,,,,conformal,id,3.682816873957597
lstm_gaussian_conformal,gaussian,384,roll,20,2.0,434304,9,0.1,0.902190631447097,0.056148013085340426,0.09942028987649705,0.011549955035981907,0.005774977517990954,0.0,0.8947779090222516,0.9095935105363985,1,False,434828,,,,,conformal,id,3.683691963859013
lstm_gaussian_conformal,gaussian,384,roll,30,3.0,434304,9,0.1,0.9008022030651341,0.07906161732001851,0.12314353090987448,0.015013955148194025,0.0075069775740970145,0.0,0.8937027980400826,0.9075609480916593,1,False,434828,,,,,conformal,id,3.6845301229084
lstm_gaussian_conformal,gaussian,384,roll,50,5.0,434304,9,0.1,0.8969155246094901,0.15736731186120703,0.2278240092040166,0.02902509501576333,0.014512547507881673,0.0,0.8912390284224875,0.9028644682066018,1,False,434828,,,,,conformal,id,3.685983647312865
lstm_gaussian_conformal,gaussian,384,roll,100,10.0,434304,9,0.1,0.9041454833480695,0.7414886734714197,0.996875331751455,0.13120250467661576,0.0656012523383079,0.0,0.8998300729442971,0.9084513957964927,1,False,434828,,,,,conformal,id,3.690074381032924
lstm_gaussian_conformal,gaussian,384,roll,150,15.0,434304,9,0.1,0.9019511678455644,1.820338570003986,2.361394807307822,0.31595806422858724,0.15797903211429368,0.0,0.8987714250847333,0.9050528546824345,1,False,434828,,,,,conformal,id,3.6937274583324062
lstm_gaussian_conformal,gaussian,384,pitch,10,1.0,434304,9,0.1,0.8994183797524314,0.027927673589580926,0.04585347579477996,0.00558557179767696,0.0027927858988384814,0.0,0.8920314457154436,0.9060849082670203,1,False,434828,,,,,conformal,id,1.2413165389175655
lstm_gaussian_conformal,gaussian,384,pitch,20,2.0,434304,9,0.1,0.8983108605953434,0.05072977744438544,0.08572186144128126,0.01050487166193042,0.005252435830965209,0.0,0.8910554012857353,0.9051756373415857,1,False,434828,,,,,conformal,id,1.2413790185919036
lstm_gaussian_conformal,gaussian,384,pitch,30,3.0,434304,9,0.1,0.8988542587680519,0.10385734500128502,0.1600358083899303,0.020463819233074065,0.010231909616537027,0.0,0.8929499267793988,0.9046598695844386,1,False,434828,,,,,conformal,id,1.2413993725281671
lstm_gaussian_conformal,gaussian,384,pitch,50,5.0,434304,9,0.1,0.8992433871205423,0.26925278493098875,0.39377235631851853,0.051360832951905334,0.02568041647595267,0.0,0.8935837569997053,0.9047727513446803,1,False,434828,,,,,conformal,id,1.2415168463730468
lstm_gaussian_conformal,gaussian,384,pitch,100,10.0,434304,9,0.1,0.9010439692012968,1.1737891868884196,1.550357868696891,0.20694818832244183,0.10347409416122093,0.0,0.897504512967875,0.9041482463896258,1,False,434828,,,,,conformal,id,1.2411836658196425
lstm_gaussian_conformal,gaussian,384,pitch,150,15.0,434304,9,0.1,0.8970260462717359,2.118982135615512,2.7518815607913667,0.36891399722739787,0.1844569986136991,0.0,0.8938390505268199,0.9001094279582965,1,False,434828,,,,,conformal,id,1.2405036351372414
lstm_gaussian_conformal,gaussian,384,heave,10,1.0,434304,9,0.1,0.8992664124668435,0.012011307271023588,0.01990921914326874,0.0024246890027168565,0.0012123445013584283,0.0,0.8924012327770409,0.9057802253720896,1,False,434828,,,,,conformal,id,0.7591945699315659
lstm_gaussian_conformal,gaussian,384,heave,20,2.0,434304,9,0.1,0.8994368000294725,0.0147416145729509,0.023546562806082166,0.0028872702689735743,0.0014436351344867871,0.0,0.8936033285440613,0.9051675209070145,1,False,434828,,,,,conformal,id,0.7592353662201028
lstm_gaussian_conformal,gaussian,384,heave,30,3.0,434304,9,0.1,0.9001091401414677,0.027679153385890814,0.04084199180412856,0.005155825470627729,0.0025779127353138644,0.0,0.8949760421271736,0.9053273168103448,1,False,434828,,,,,conformal,id,0.7592379733777742
lstm_gaussian_conformal,gaussian,384,heave,50,5.0,434304,9,0.1,0.8998052055702918,0.11790144234570311,0.16635632649281457,0.021601041386831898,0.010800520693415944,0.0,0.8958260803492484,0.9037264796087534,1,False,434828,,,,,conformal,id,0.7593097520603712
lstm_gaussian_conformal,gaussian,384,heave,100,10.0,434304,9,0.1,0.9007031940760389,0.46757530593233726,0.630046510807961,0.08291708080211298,0.04145854040105648,0.0,0.896926979719275,0.9046279219164456,1,False,434828,,,,,conformal,id,0.7591324816869609
lstm_gaussian_conformal,gaussian,384,heave,150,15.0,434304,9,0.1,0.8982786251105217,1.0057329525787113,1.3293879870604726,0.1762263483375139,0.08811317416875696,0.0,0.8949751211133216,0.9013645971485411,1,False,434828,,,,,conformal,id,0.758700750262978
lstm_gaussian_conformal,gaussian,384,roll_rate,10,1.0,434304,9,0.1,0.8990315539345711,0.032150198758753946,0.052592288941507914,0.006331574421775038,0.003165787210887517,0.0,0.8924111336759505,0.9055133616084585,1,False,434828,,,,,conformal,id,1.9695482829582032
lstm_gaussian_conformal,gaussian,384,roll_rate,20,2.0,434304,9,0.1,0.9003393936044798,0.04253685353300227,0.06687683985044394,0.008101761395935308,0.004050880697967653,0.0,0.893101375994695,0.908028535311671,1,False,434828,,,,,conformal,id,1.969895124963157
lstm_gaussian_conformal,gaussian,384,roll_rate,30,3.0,434304,9,0.1,0.8996025825228412,0.06328313118371001,0.0958054056463333,0.011992475193202823,0.00599623759660141,0.0,0.893664230585028,0.9059646583959622,1,False,434828,,,,,conformal,id,1.9702531268505945
lstm_gaussian_conformal,gaussian,384,roll_rate,50,5.0,434304,9,0.1,0.9012028440907751,0.11808905151460522,0.16806311011338804,0.02154613661193939,0.010773068305969687,0.0,0.8950200781019746,0.9075466148135868,1,False,434828,,,,,conformal,id,1.9711142946671736
lstm_gaussian_conformal,gaussian,384,roll_rate,100,10.0,434304,9,0.1,0.9006410256410257,0.5859513224542925,0.7682735686977495,0.10205511029896427,0.051027555149482096,0.0,0.8965452770409666,0.9047220955828176,1,False,434828,,,,,conformal,id,1.972726817260997
lstm_gaussian_conformal,gaussian,384,roll_rate,150,15.0,434304,9,0.1,0.8973668213969939,1.2137789049827377,1.5856974360523513,0.2117008767297502,0.10585043836487516,0.0,0.8940320604921899,0.9005105294908635,1,False,434828,,,,,conformal,id,1.9741281062750025
lstm_gaussian_conformal,gaussian,384,pitch_rate,10,1.0,434304,9,0.1,0.9001920313881521,0.03517620360009365,0.05558086083452252,0.006857126541555805,0.003428563270777904,0.0,0.8937460856911288,0.9065701674403183,1,False,434828,,,,,conformal,id,0.923617350427682
lstm_gaussian_conformal,gaussian,384,pitch_rate,20,2.0,434304,9,0.1,0.8981865237253168,0.06323639082673269,0.10044764531917723,0.012712950901169669,0.006356475450584832,0.0,0.8919531019746537,0.9045046787503684,1,False,434828,,,,,conformal,id,0.9237371608217294
lstm_gaussian_conformal,gaussian,384,pitch_rate,30,3.0,434304,9,0.1,0.9040464743589743,0.10103294990674076,0.14253133920439734,0.018653610832481755,0.009326805416240879,0.0,0.8992889773062187,0.9088067920166519,1,False,434828,,,,,conformal,id,0.9238676654473804
lstm_gaussian_conformal,gaussian,384,pitch_rate,50,5.0,434304,9,0.1,0.8970444665487769,0.2954933576740434,0.4378525238887584,0.057082091727507236,0.02854104586375361,0.0,0.8923178810234307,0.9018985549292662,1,False,434828,,,,,conformal,id,0.923797316378609
lstm_gaussian_conformal,gaussian,384,pitch_rate,100,10.0,434304,9,0.1,0.8974059644857059,1.1080298637136392,1.466078216061064,0.19649498209858016,0.09824749104929002,0.0,0.8938825108679634,0.9008956284077513,1,False,434828,,,,,conformal,id,0.9237004804982916
lstm_gaussian_conformal,gaussian,384,pitch_rate,150,15.0,434304,9,0.1,0.8993032530209254,1.7979685686653166,2.297729904789535,0.3090749969123762,0.15453749845618794,0.0,0.8964319923371648,0.9021176410993221,1,False,434828,,,,,conformal,id,0.9234069683655248
lstm_gaussian_conformal,gaussian,384,heave_rate,10,1.0,434304,9,0.1,0.9013294834954317,0.009632561662351869,0.015764953437428997,0.0019215308562454921,0.0009607654281227461,0.0,0.8951770534003831,0.9078205588712054,1,False,434828,,,,,conformal,id,0.4495602477358838
lstm_gaussian_conformal,gaussian,384,heave_rate,20,2.0,434304,9,0.1,0.9022458922782198,0.013622821055671289,0.020695718956921166,0.002609557559229118,0.001304778779614559,0.0,0.8966091723769526,0.9076478112105806,1,False,434828,,,,,conformal,id,0.4496058601569564
lstm_gaussian_conformal,gaussian,384,heave_rate,30,3.0,434304,9,0.1,0.9007883878573534,0.028857527905026124,0.042064546751023946,0.005424486806484028,0.0027122434032420127,0.0,0.8960747540893015,0.905463166353522,1,False,434828,,,,,conformal,id,0.4496495382799816
lstm_gaussian_conformal,gaussian,384,heave_rate,50,5.0,434304,9,0.1,0.8960428639846744,0.07613204655170733,0.10927476629363048,0.0142417997704168,0.007120899885208401,0.0,0.8912460511531094,0.9008559096853817,1,False,434828,,,,,conformal,id,0.4495925540262867
lstm_gaussian_conformal,gaussian,384,heave_rate,100,10.0,434304,9,0.1,0.8994160772178014,0.3445774804988661,0.46417330236464904,0.061592391434036386,0.030796195717018193,0.0,0.8960277823828471,0.9026658745947539,1,False,434828,,,,,conformal,id,0.4493860488108614
lstm_gaussian_conformal,gaussian,384,heave_rate,150,15.0,434304,9,0.1,0.9029297450633658,0.6978393203831526,0.9003900740848529,0.12005565265126916,0.06002782632563456,0.0,0.8998831463675213,0.9062871859342765,1,False,434828,,,,,conformal,id,0.4491394554432332
lstm_gaussian_conformal,gaussian,384,roll,10,1.0,434304,9,0.1,0.900284132773357,0.051658995554417504,0.09454295317681774,0.010875189598995015,0.005437594799497508,0.0,0.8926021864868848,0.9077430785809019,2,False,434828,,,,,conformal,id,3.682816873957597
lstm_gaussian_conformal,gaussian,384,roll,20,2.0,434304,9,0.1,0.9004545203359858,0.05544235350350098,0.09550590620269765,0.011380140440366721,0.005690070220183363,0.0,0.8925416298261126,0.9082745035735338,2,False,434828,,,,,conformal,id,3.683691963859013
lstm_gaussian_conformal,gaussian,384,roll,30,3.0,434304,9,0.1,0.9001528882994401,0.07701864690524071,0.12095585423037483,0.01467978762750435,0.00733989381375217,0.0,0.8924491830607133,0.9079201434939582,2,False,434828,,,,,conformal,id,3.6845301229084
lstm_gaussian_conformal,gaussian,384,roll,50,5.0,434304,9,0.1,0.9009219348659003,0.15081547752951416,0.22238471023215703,0.028455184078315827,0.014227592039157917,0.0,0.8948036398467433,0.9066680251620984,2,False,434828,,,,,conformal,id,3.685983647312865
lstm_gaussian_conformal,gaussian,384,roll,100,10.0,434304,9,0.1,0.9021791187739464,0.7265314663580889,0.9772446126260066,0.12884757205079223,0.0644237860253961,0.0,0.8977880125442087,0.9065782263115236,2,False,434828,,,,,conformal,id,3.690074381032924
lstm_gaussian_conformal,gaussian,384,roll,150,15.0,434304,9,0.1,0.9021077402004126,1.7700831148208482,2.2964784487187377,0.306207300629475,0.15310365031473758,0.0,0.8987294613910993,0.9057735480216623,2,False,434828,,,,,conformal,id,3.6937274583324062
lstm_gaussian_conformal,gaussian,384,pitch,10,1.0,434304,9,0.1,0.9024485153256705,0.026898871206706955,0.04359296915366266,0.00524508448351028,0.0026225422417551405,0.0,0.8957249415156204,0.9088708024793692,2,False,434828,,,,,conformal,id,1.2413165389175655
lstm_gaussian_conformal,gaussian,384,pitch,20,2.0,434304,9,0.1,0.901200541556145,0.0504128800831087,0.08148626019030937,0.010084455710400245,0.005042227855200125,0.0,0.8944948123894784,0.9075819011567934,2,False,434828,,,,,conformal,id,1.2413790185919036
lstm_gaussian_conformal,gaussian,384,pitch,30,3.0,434304,9,0.1,0.8999732905982906,0.10244867994938885,0.1561092796607137,0.019972245034340173,0.009986122517170088,0.0,0.8947210364168877,0.9052003320254937,2,False,434828,,,,,conformal,id,1.2413993725281671
lstm_gaussian_conformal,gaussian,384,pitch,50,5.0,434304,9,0.1,0.9004130747126436,0.2779950893135412,0.38539631041453437,0.05065974744930476,0.025329873724652372,0.0,0.8957703014478338,0.9051126054560861,2,False,434828,,,,,conformal,id,1.2415168463730468
lstm_gaussian_conformal,gaussian,384,pitch,100,10.0,434304,9,0.1,0.9035284040671971,1.186161875558048,1.5565863136781999,0.20826539503217675,0.10413269751608834,0.0,0.9002780886199528,0.9065017821618038,2,False,434828,,,,,conformal,id,1.2411836658196425
lstm_gaussian_conformal,gaussian,384,pitch,150,15.0,434304,9,0.1,0.900304855585028,2.151885509927227,2.7698507754890622,0.3722240064057231,0.18611200320286161,0.0,0.8975689263741526,0.9029021722111701,2,False,434828,,,,,conformal,id,1.2405036351372414
lstm_gaussian_conformal,gaussian,384,heave,10,1.0,434304,9,0.1,0.8982993479221928,0.011746334356549724,0.02019626543280156,0.0024322866265266917,0.0012161433132633456,0.0,0.891440500202623,0.9056569822060124,2,False,434828,,,,,conformal,id,0.7591945699315659
lstm_gaussian_conformal,gaussian,384,heave,20,2.0,434304,9,0.1,0.9004268899204244,0.014695710308974293,0.022701401656527544,0.002805638202767592,0.001402819101383795,0.0,0.8942008362805777,0.9066210534556439,2,False,434828,,,,,conformal,id,0.7592353662201028
lstm_gaussian_conformal,gaussian,384,heave,30,3.0,434304,9,0.1,0.9036458333333334,0.02755556952804993,0.04035275297450044,0.005118466155100594,0.0025592330775502953,0.0,0.898314659777483,0.908881106321839,2,False,434828,,,,,conformal,id,0.7592379733777742
lstm_gaussian_conformal,gaussian,384,heave,50,5.0,434304,9,0.1,0.903183023872679,0.11759435346302768,0.16324698793676717,0.02135888271657765,0.010679441358288824,0.0,0.8990939526230475,0.9070506488542588,2,False,434828,,,,,conformal,id,0.7593097520603712
lstm_gaussian_conformal,gaussian,384,heave,100,10.0,434304,9,0.1,0.9007469422340112,0.45705149790432775,0.6112585417865625,0.08079079271906477,0.0403953963595324,0.0,0.8967329911766874,0.9049728991674035,2,False,434828,,,,,conformal,id,0.7591324816869609
lstm_gaussian_conformal,gaussian,384,heave,150,15.0,434304,9,0.1,0.8989947133804892,0.9874948531374809,1.2944561755528243,0.17243430464470466,0.08621715232235236,0.0,0.8956002592653993,0.9019919802718833,2,False,434828,,,,,conformal,id,0.758700750262978
lstm_gaussian_conformal,gaussian,384,roll_rate,10,1.0,434304,9,0.1,0.9001505857648099,0.03310672174321511,0.05456470586091746,0.006611773652869566,0.0033058868264347835,0.0,0.8929154463233128,0.9070735590738285,2,False,434828,,,,,conformal,id,1.9695482829582032
lstm_gaussian_conformal,gaussian,384,roll_rate,20,2.0,434304,9,0.1,0.9021422782198645,0.046961348583633905,0.06756862975393173,0.008418594450407898,0.00420929722520395,0.0,0.8949054118773946,0.909169210967433,2,False,434828,,,,,conformal,id,1.969895124963157
lstm_gaussian_conformal,gaussian,384,roll_rate,30,3.0,434304,9,0.1,0.9005696470674919,0.0624425226462924,0.09388033077953725,0.011792093465617458,0.005896046732808727,0.0,0.8938730129126141,0.9070928428013557,2,False,434828,,,,,conformal,id,1.9702531268505945
lstm_gaussian_conformal,gaussian,384,roll_rate,50,5.0,434304,9,0.1,0.9002081491305629,0.11665950244721279,0.1652859015763434,0.02122863734411227,0.010614318672056137,0.0,0.8941307816644563,0.9060083489905688,2,False,434828,,,,,conformal,id,1.9711142946671736
lstm_gaussian_conformal,gaussian,384,roll_rate,100,10.0,434304,9,0.1,0.9008390436192161,0.5809025726988728,0.7568294955707264,0.1007840147807173,0.050392007390358665,0.0,0.8971306389073092,0.9045578097369584,2,False,434828,,,,,conformal,id,1.972726817260997
lstm_gaussian_conformal,gaussian,384,roll_rate,150,15.0,434304,9,0.1,0.8963260757441792,1.1868953006848961,1.5558995311002997,0.20759348813504036,0.10379674406752021,0.0,0.8928989256373416,0.8993984052645151,2,False,434828,,,,,conformal,id,1.9741281062750025
lstm_gaussian_conformal,gaussian,384,pitch_rate,10,1.0,434304,9,0.1,0.898283230179782,0.03283957711545178,0.05174857950640127,0.00638406472620442,0.003192032363102211,0.0,0.8922729815981433,0.9043121868552904,2,False,434828,,,,,conformal,id,0.923617350427682
lstm_gaussian_conformal,gaussian,384,pitch_rate,20,2.0,434304,9,0.1,0.899657843353964,0.06488191636936162,0.1002808639299317,0.01281459087734048,0.00640729543867024,0.0,0.8940370685050103,0.9050846872236958,2,False,434828,,,,,conformal,id,0.9237371608217294
lstm_gaussian_conformal,gaussian,384,pitch_rate,30,3.0,434304,9,0.1,0.9021998415856175,0.0974264659767319,0.14264944229243062,0.018520977033188505,0.009260488516594249,0.0,0.8966829686118479,0.9077290331196581,2,False,434828,,,,,conformal,id,0.9238676654473804
lstm_gaussian_conformal,gaussian,384,pitch_rate,50,5.0,434304,9,0.1,0.8988036030061892,0.3038786093900796,0.4353886320575036,0.056962514773740626,0.028481257386870316,0.0,0.8942124640804598,0.9036702402004126,2,False,434828,,,,,conformal,id,0.923797316378609
lstm_gaussian_conformal,gaussian,384,pitch_rate,100,10.0,434304,9,0.1,0.899178916150899,1.1092727964945122,1.457729599466759,0.19543968270716952,0.09771984135358477,0.0,0.8957171704612438,0.9026129162982611,2,False,434828,,,,,conformal,id,0.9237004804982916
lstm_gaussian_conformal,gaussian,384,pitch_rate,150,15.0,434304,9,0.1,0.9001528882994401,1.7735471390877713,2.275985517037418,0.3058245504833512,0.15291227524167558,0.0,0.8974612253168288,0.9030037139883584,2,False,434828,,,,,conformal,id,0.9234069683655248
lstm_gaussian_conformal,gaussian,384,heave_rate,10,1.0,434304,9,0.1,0.9014169798113764,0.009725226658331565,0.016178534293533997,0.0019502110522743384,0.0009751055261371694,0.0,0.8945540450928382,0.9082926935971117,2,False,434828,,,,,conformal,id,0.4495602477358838
lstm_gaussian_conformal,gaussian,384,heave_rate,20,2.0,434304,9,0.1,0.8968786840554082,0.013312184531174031,0.021323911029561573,0.002636363870903133,0.0013181819354515666,0.0,0.8899793117263484,0.9031533211759505,2,False,434828,,,,,conformal,id,0.4496058601569564
lstm_gaussian_conformal,gaussian,384,heave_rate,30,3.0,434304,9,0.1,0.8997936928971412,0.028955298870127655,0.042183047941914284,0.005442725326639561,0.002721362663319781,0.0,0.8950217474395815,0.904592865826702,2,False,434828,,,,,conformal,id,0.4496495382799816
lstm_gaussian_conformal,gaussian,384,heave_rate,50,5.0,434304,9,0.1,0.9000216438255232,0.07594819565095763,0.10723309809715659,0.01405538934686884,0.007027694673434428,0.0,0.8951512074491601,0.9050027745542293,2,False,434828,,,,,conformal,id,0.4495925540262867
lstm_gaussian_conformal,gaussian,384,heave_rate,100,10.0,434304,9,0.1,0.8986263078396699,0.34019264124708737,0.45887509670837706,0.06087471033593176,0.030437355167965884,0.0,0.894506325062629,0.9020879959659593,2,False,434828,,,,,conformal,id,0.4493860488108614
lstm_gaussian_conformal,gaussian,384,heave_rate,150,15.0,434304,9,0.1,0.9000009210138521,0.6854635305306881,0.8937941262077976,0.11906812994995107,0.059534064974975535,0.0,0.8966707076149426,0.9034563922966401,2,False,434828,,,,,conformal,id,0.4491394554432332
dlinear_quantile_conformal,quantile,480,roll,10,1.0,542880,9,0.1,0.4747623784261715,0.05792766086735967,0.8334648643636292,0.05097075686742051,0.025485378433710227,0.0,0.444877228853522,0.5024058263336281,0,False,543600,,,,,conformal,unseen_seastate,6.257000679431415
dlinear_quantile_conformal,quantile,480,roll,20,2.0,542880,9,0.1,0.47451923076923075,0.43385270085845995,6.243699487201636,0.37836648319266286,0.18918324159633124,0.0,0.4448087054229296,0.5020563936781609,0,False,543600,,,,,conformal,unseen_seastate,6.258149735730003
dlinear_quantile_conformal,quantile,480,roll,30,3.0,542880,9,0.1,0.469816534040672,1.0827764834834201,16.66906513631597,1.0544994794104776,0.5272497397052391,0.0,0.43955588712054233,0.49800342617152965,0,False,543600,,,,,conformal,unseen_seastate,6.258818948538503
dlinear_quantile_conformal,quantile,480,roll,50,5.0,542880,9,0.1,0.4860982169171824,1.0516057203864173,14.301894786390502,0.9552556823629392,0.4776278411814693,0.0,0.456756281314471,0.5133264717801356,0,False,543600,,,,,conformal,unseen_seastate,6.25953903317843
dlinear_quantile_conformal,quantile,480,roll,100,10.0,542880,9,0.1,0.5477232537577366,3.0460404232950817,24.310599849694267,1.7196930518779605,0.8598465259389815,0.0,0.52152427792514,0.5724065170940171,0,False,543600,,,,,conformal,unseen_seastate,6.263610691806128
dlinear_quantile_conformal,quantile,480,roll,150,15.0,542880,9,0.1,0.5528864574123195,4.571075369162586,34.43104282937565,2.512815937663886,1.2564079688319418,0.0,0.5273071396993811,0.5772611350574712,0,False,543600,,,,,conformal,unseen_seastate,6.26746488344986
dlinear_quantile_conformal,quantile,480,pitch,10,1.0,542880,9,0.1,0.6911140583554377,0.08200093780503401,0.34570223591453736,0.02830066887844625,0.014150334439223134,0.0,0.6700673261125847,0.7114023817418214,0,False,543600,,,,,conformal,unseen_seastate,1.7997766828726487
dlinear_quantile_conformal,quantile,480,pitch,20,2.0,542880,9,0.1,0.6605198202180961,0.48065841628938294,2.3434973409043405,0.18428423335943234,0.09214211667971615,0.0,0.6378060529030356,0.6817127634099617,0,False,543600,,,,,conformal,unseen_seastate,1.7994950774677116
dlinear_quantile_conformal,quantile,480,pitch,30,3.0,542880,9,0.1,0.6332872826407309,0.9615054988262542,5.556942914850447,0.44242568064003024,0.22121284032001495,0.0,0.6092431108163867,0.6554920977011494,0,False,543600,,,,,conformal,unseen_seastate,1.7992884411802126
dlinear_quantile_conformal,quantile,480,pitch,50,5.0,542880,9,0.1,0.6975961538461538,1.2892044368334448,4.861831341000399,0.4660411334898253,0.2330205667449126,0.0,0.6777209051724138,0.716871177792514,0,False,543600,,,,,conformal,unseen_seastate,1.799307264730753
dlinear_quantile_conformal,quantile,480,pitch,100,10.0,542880,9,0.1,0.712481579722959,2.9277919290251297,8.985537498809524,0.8882878577645992,0.44414392888229925,0.0,0.6949850795755969,0.7298633675950487,0,False,543600,,,,,conformal,unseen_seastate,1.7986835875269107
dlinear_quantile_conformal,quantile,480,pitch,150,15.0,542880,9,0.1,0.6852821986442676,3.3041653383355407,11.449357082994654,1.0714184533860294,0.5357092266930139,0.0,0.6667252891983496,0.7040046603300913,0,False,543600,,,,,conformal,unseen_seastate,1.799090637361259
dlinear_quantile_conformal,quantile,480,heave,10,1.0,542880,9,0.1,0.2562942086648983,0.020606954721111626,0.4875089147460816,0.028157943181253968,0.014078971590627001,0.0,0.24560667182434423,0.2667950559976422,0,False,543600,,,,,conformal,unseen_seastate,1.3052269451126672
dlinear_quantile_conformal,quantile,480,heave,20,2.0,542880,9,0.1,0.24054855585027998,0.13889783717427095,3.6260901297448855,0.21026786983652754,0.10513393491826388,0.0,0.23039037172119067,0.2505894949160035,0,False,543600,,,,,conformal,unseen_seastate,1.3051890619407918
dlinear_quantile_conformal,quantile,480,heave,30,3.0,542880,9,0.1,0.22800803124078986,0.33320715515255384,9.526899014320442,0.5843768355755224,0.29218841778776167,0.0,0.21782640730916591,0.23787411582670204,0,False,543600,,,,,conformal,unseen_seastate,1.3051257868066772
dlinear_quantile_conformal,quantile,480,heave,50,5.0,542880,9,0.1,0.27652888299440026,0.40600276083998993,7.964724841691662,0.5482873097827332,0.27414365489136644,0.0,0.2661442676097849,0.28720053234600645,0,False,543600,,,,,conformal,unseen_seastate,1.305196114559555
dlinear_quantile_conformal,quantile,480,heave,100,10.0,542880,9,0.1,0.3958351753610374,1.0384974472274773,10.058091225340961,0.7841987234733568,0.39209936173667825,0.0,0.3872395833333333,0.40365762231063956,0,False,543600,,,,,conformal,unseen_seastate,1.3048466130537075
dlinear_quantile_conformal,quantile,480,heave,150,15.0,542880,9,0.1,0.3965351458885942,1.3731416295941319,13.11713665673365,1.002769787823337,0.5013848939116688,0.0,0.3881133952254642,0.403872771146478,0,False,543600,,,,,conformal,unseen_seastate,1.3047382588874747
dlinear_quantile_conformal,quantile,480,roll_rate,10,1.0,542880,9,0.1,0.5316220895962275,0.03977284121313635,0.34254980762056564,0.023354827102812725,0.011677413551406356,0.0,0.5044149720011789,0.5556587091069849,0,False,543600,,,,,conformal,unseen_seastate,3.299047438683298
dlinear_quantile_conformal,quantile,480,roll_rate,20,2.0,542880,9,0.1,0.5207817565576186,0.279976350218745,2.62782109363018,0.17065470387990248,0.08532735193995122,0.0,0.493520437297377,0.5455381483937518,0,False,543600,,,,,conformal,unseen_seastate,3.2992335448738204
dlinear_quantile_conformal,quantile,480,roll_rate,30,3.0,542880,9,0.1,0.5081417624521073,0.6470626105726855,6.982784404821131,0.4681066340047055,0.23405331700235277,0.0,0.4801703415119363,0.5340625,0,False,543600,,,,,conformal,unseen_seastate,3.299677627607726
dlinear_quantile_conformal,quantile,480,roll_rate,50,5.0,542880,9,0.1,0.5327715148835839,0.6630362721116092,5.870095609308655,0.4270595999474381,0.2135297999737192,0.0,0.5062441515620395,0.557496177792514,0,False,543600,,,,,conformal,unseen_seastate,3.3008478104739085
dlinear_quantile_conformal,quantile,480,roll_rate,100,10.0,542880,9,0.1,0.5817768199233716,1.867882500832264,11.344514178469504,0.8506857941594088,0.425342897079704,0.0,0.5580295369142352,0.6041312536840554,0,False,543600,,,,,conformal,unseen_seastate,3.3023390388764846
dlinear_quantile_conformal,quantile,480,roll_rate,150,15.0,542880,9,0.1,0.5823054818744474,2.713483762072413,16.458703891476954,1.2705934536619352,0.6352967268309675,0.0,0.5587552958296493,0.6047905153993516,0,False,543600,,,,,conformal,unseen_seastate,3.303717238675165
dlinear_quantile_conformal,quantile,480,pitch_rate,10,1.0,542880,9,0.1,0.798342175066313,0.09940966711667512,0.2935605577974131,0.02906511096311601,0.014532555481558004,0.0,0.7812229221927498,0.8145380194518126,0,False,543600,,,,,conformal,unseen_seastate,1.256288669542056
dlinear_quantile_conformal,quantile,480,pitch_rate,20,2.0,542880,9,0.1,0.7780761862658414,0.5564749479975157,1.601042784433209,0.15727524132438128,0.07863762066219071,0.0,0.7602341677718834,0.7952915929855585,0,False,543600,,,,,conformal,unseen_seastate,1.2564720932103477
dlinear_quantile_conformal,quantile,480,pitch_rate,30,3.0,542880,9,0.1,0.7482003389330976,1.0005230793194944,2.974844739181252,0.29766138416699933,0.14883069208349944,0.0,0.730226891762452,0.7667744252873563,0,False,543600,,,,,conformal,unseen_seastate,1.2564709426767824
dlinear_quantile_conformal,quantile,480,pitch_rate,50,5.0,542880,9,0.1,0.7996702770409667,1.3819620742476009,3.58578102706779,0.3707477753754007,0.18537388768770025,0.0,0.7821714283082818,0.8175522675361037,0,False,543600,,,,,conformal,unseen_seastate,1.2560499558821334
dlinear_quantile_conformal,quantile,480,pitch_rate,100,10.0,542880,9,0.1,0.7868000294724433,2.695136230441524,6.434137296427822,0.69409541546801,0.3470477077340051,0.0,0.7707107463896257,0.8034614003094606,0,False,543600,,,,,conformal,unseen_seastate,1.2558852337264772
dlinear_quantile_conformal,quantile,480,pitch_rate,150,15.0,542880,9,0.1,0.7481008694370763,2.709523874134977,7.119459742153582,0.7225938847740103,0.3612969423870051,0.0,0.7324798297966402,0.7651910643236074,0,False,543600,,,,,conformal,unseen_seastate,1.2565624407980214
dlinear_quantile_conformal,quantile,480,heave_rate,10,1.0,542880,9,0.1,0.37938402593575005,0.015260715064229045,0.1723124979019862,0.01144993587215396,0.005724967936076978,0.0,0.3691667127173593,0.38980119916003536,0,False,543600,,,,,conformal,unseen_seastate,0.734348118721256
dlinear_quantile_conformal,quantile,480,heave_rate,20,2.0,542880,9,0.1,0.34388078396699084,0.09689747963033898,1.2953017784449365,0.08444267237468721,0.04222133618734362,0.0,0.3342453673003242,0.353623406646036,0,False,543600,,,,,conformal,unseen_seastate,0.7343764911329834
dlinear_quantile_conformal,quantile,480,heave_rate,30,3.0,542880,9,0.1,0.3230640288829944,0.22297439443365055,3.3863428473446264,0.2314146848383015,0.1157073424191508,0.0,0.3132083057029178,0.3329650198938992,0,False,543600,,,,,conformal,unseen_seastate,0.7344107746237766
dlinear_quantile_conformal,quantile,480,heave_rate,50,5.0,542880,9,0.1,0.4011752136752137,0.27299248324402375,2.7041157814414087,0.21841715850508342,0.10920857925254165,0.0,0.3910140362511052,0.41061777004126143,0,False,543600,,,,,conformal,unseen_seastate,0.734264962236321
dlinear_quantile_conformal,quantile,480,heave_rate,100,10.0,542880,9,0.1,0.5281093427645152,0.749892272049665,3.9163915659499384,0.35833444119969865,0.17916722059984927,0.0,0.5199271938549956,0.5359091327733568,0,False,543600,,,,,conformal,unseen_seastate,0.7341029397003275
dlinear_quantile_conformal,quantile,480,heave_rate,150,15.0,542880,9,0.1,0.5156977600943118,0.9764433295468626,5.2714121972701244,0.47709881901781603,0.23854940950890813,0.0,0.5082163645741232,0.5224772970085471,0,False,543600,,,,,conformal,unseen_seastate,0.7341299638155024
dlinear_quantile_conformal,quantile,480,roll,10,1.0,542880,9,0.1,0.4780227674624226,0.0628322770551314,0.8655581019370727,0.05287536376425282,0.026437681882126408,0.0,0.448837680518715,0.5055040708812261,1,False,543600,,,,,conformal,unseen_seastate,6.257000679431415
dlinear_quantile_conformal,quantile,480,roll,20,2.0,542880,9,0.1,0.4717396109637489,0.4217612537647244,6.25969399974406,0.37995418666358427,0.1899770933317921,0.0,0.44192178750368405,0.49956643272914825,1,False,543600,,,,,conformal,unseen_seastate,6.258149735730003
dlinear_quantile_conformal,quantile,480,roll,30,3.0,542880,9,0.1,0.47087017388741526,1.0905076616823595,16.63808576638393,1.0537766144807015,0.5268883072403514,0.0,0.44076821765399354,0.4990700983642794,1,False,543600,,,,,conformal,unseen_seastate,6.258818948538503
dlinear_quantile_conformal,quantile,480,roll,50,5.0,542880,9,0.1,0.48540377247273797,1.051309533371685,14.364284696537993,0.9590064433060487,0.4795032216530247,0.0,0.456077540156204,0.512753785366932,1,False,543600,,,,,conformal,unseen_seastate,6.25953903317843
dlinear_quantile_conformal,quantile,480,roll,100,10.0,542880,9,0.1,0.5478411435307987,3.053522675498994,24.376885291212353,1.7221450708126798,0.8610725354063399,0.0,0.5217554524020042,0.572548767683466,1,False,543600,,,,,conformal,unseen_seastate,6.263610691806128
dlinear_quantile_conformal,quantile,480,roll,150,15.0,542880,9,0.1,0.552952770409667,4.567141794567129,34.37313571051313,2.510002838348957,1.2550014191744785,0.0,0.5274072078544062,0.577388465222517,1,False,543600,,,,,conformal,unseen_seastate,6.26746488344986
dlinear_quantile_conformal,quantile,480,pitch,10,1.0,542880,9,0.1,0.6876952549366342,0.08081140617699699,0.3520305662232681,0.028658353371517606,0.014329176685758812,0.0,0.6666526212054229,0.708210930592396,1,False,543600,,,,,conformal,unseen_seastate,1.7997766828726487
dlinear_quantile_conformal,quantile,480,pitch,20,2.0,542880,9,0.1,0.6625902593575007,0.4859806748228715,2.3420630818657973,0.18451036448435001,0.09225518224217498,0.0,0.6399868755526084,0.6837405596080165,1,False,543600,,,,,conformal,unseen_seastate,1.7994950774677116
dlinear_quantile_conformal,quantile,480,pitch,30,3.0,542880,9,0.1,0.6340885646920129,0.9636088236925978,5.545473979420967,0.44248766765609104,0.22124383382804555,0.0,0.6099999078986148,0.6562215867226643,1,False,543600,,,,,conformal,unseen_seastate,1.7992884411802126
dlinear_quantile_conformal,quantile,480,pitch,50,5.0,542880,9,0.1,0.6973806366047746,1.2892947139412771,4.864268429551828,0.4661193111778807,0.2330596555889404,0.0,0.6774011291629826,0.7165914658856469,1,False,543600,,,,,conformal,unseen_seastate,1.799307264730753
dlinear_quantile_conformal,quantile,480,pitch,100,10.0,542880,9,0.1,0.7126878868258179,2.9302062399063886,8.98439523683618,0.8879429588895904,0.44397147944479526,0.0,0.6951550987326849,0.7299970067049808,1,False,543600,,,,,conformal,unseen_seastate,1.7986835875269107
dlinear_quantile_conformal,quantile,480,pitch,150,15.0,542880,9,0.1,0.6843980253463012,3.295989858486907,11.465297677033867,1.0716118472461593,0.5358059236230794,0.0,0.665792486368995,0.7031123360595343,1,False,543600,,,,,conformal,unseen_seastate,1.799090637361259
dlinear_quantile_conformal,quantile,480,heave,10,1.0,542880,9,0.1,0.2515509873268494,0.02055823548547266,0.49468672515506645,0.028514167186496058,0.014257083593248029,0.0,0.2411948312702623,0.2615834991158267,1,False,543600,,,,,conformal,unseen_seastate,1.3052269451126672
dlinear_quantile_conformal,quantile,480,heave,20,2.0,542880,9,0.1,0.24157640730916594,0.13919716835292723,3.6269047288556933,0.21014470311890085,0.10507235155945042,0.0,0.23129218243442382,0.2516308852785146,1,False,543600,,,,,conformal,unseen_seastate,1.3051890619407918
dlinear_quantile_conformal,quantile,480,heave,30,3.0,542880,9,0.1,0.22835433244916004,0.33316541124522275,9.513098427237017,0.5843322281137746,0.2921661140568871,0.0,0.21812053308281756,0.23823289677276746,1,False,543600,,,,,conformal,unseen_seastate,1.3051257868066772
dlinear_quantile_conformal,quantile,480,heave,50,5.0,542880,9,0.1,0.27464448865310936,0.4028262395649277,7.987359554002349,0.5490162446401307,0.27450812232006533,0.0,0.264363763631005,0.28519751142057176,1,False,543600,,,,,conformal,unseen_seastate,1.305196114559555
dlinear_quantile_conformal,quantile,480,heave,100,10.0,542880,9,0.1,0.39525862068965517,1.036345539465271,10.076457960822285,0.7845298262208573,0.39226491311042844,0.0,0.38684580386089007,0.40305016762452106,1,False,543600,,,,,conformal,unseen_seastate,1.3048466130537075
dlinear_quantile_conformal,quantile,480,heave,150,15.0,542880,9,0.1,0.3968998673740053,1.3749095616044795,13.106730778628934,1.0026279869919845,0.5013139934959933,0.0,0.3885214504126142,0.40426102453580903,1,False,543600,,,,,conformal,unseen_seastate,1.3047382588874747
dlinear_quantile_conformal,quantile,480,roll_rate,10,1.0,542880,9,0.1,0.5299163719422341,0.042173409813556835,0.3643636576691322,0.0245053683984328,0.012252684199216398,0.0,0.5031161122163278,0.5544888833628058,1,False,543600,,,,,conformal,unseen_seastate,3.299047438683298
dlinear_quantile_conformal,quantile,480,roll_rate,20,2.0,542880,9,0.1,0.518350279988211,0.27205742254801857,2.6255667077505023,0.1715461080483025,0.0857730540241513,0.0,0.4908811339522547,0.5434070604921898,1,False,543600,,,,,conformal,unseen_seastate,3.2992335448738204
dlinear_quantile_conformal,quantile,480,roll_rate,30,3.0,542880,9,0.1,0.5090609342764515,0.6518781273175035,6.974113726234156,0.46790259971440074,0.23395129985720026,0.0,0.48129697170645447,0.5349426208370174,1,False,543600,,,,,conformal,unseen_seastate,3.299677627607726
dlinear_quantile_conformal,quantile,480,roll_rate,50,5.0,542880,9,0.1,0.5318799734748011,0.6624443268714467,5.904509005458707,0.42910417987215815,0.21455208993607922,0.0,0.5051018180813439,0.556581380783967,1,False,543600,,,,,conformal,unseen_seastate,3.3008478104739085
dlinear_quantile_conformal,quantile,480,roll_rate,100,10.0,542880,9,0.1,0.5812002652519894,1.8680159553633344,11.379291307115109,0.8518748514202182,0.4259374257101085,0.0,0.5573176853079871,0.6036104664014147,1,False,543600,,,,,conformal,unseen_seastate,3.3023390388764846
dlinear_quantile_conformal,quantile,480,roll_rate,150,15.0,542880,9,0.1,0.5822299587385794,2.7111492323227697,16.434373168150614,1.2692556480656327,0.6346278240328165,0.0,0.5586736479516652,0.6046246868552902,1,False,543600,,,,,conformal,unseen_seastate,3.303717238675165
dlinear_quantile_conformal,quantile,480,pitch_rate,10,1.0,542880,9,0.1,0.798456380783967,0.09795198670071728,0.304491407758587,0.02941250999710046,0.014706254998550232,0.0,0.7804621187002652,0.8157206472885352,1,False,543600,,,,,conformal,unseen_seastate,1.256288669542056
dlinear_quantile_conformal,quantile,480,pitch_rate,20,2.0,542880,9,0.1,0.7797284851164161,0.5646734796327506,1.5965903675201834,0.1575473514622205,0.07877367573111015,0.0,0.7619618516062482,0.7968444683908046,1,False,543600,,,,,conformal,unseen_seastate,1.2564720932103477
dlinear_quantile_conformal,quantile,480,pitch_rate,30,3.0,542880,9,0.1,0.7487511052166225,1.0025636813152494,2.9745868301338,0.2980402793295513,0.14902013966477562,0.0,0.7308322741674035,0.7673158432802829,1,False,543600,,,,,conformal,unseen_seastate,1.2564709426767824
dlinear_quantile_conformal,quantile,480,pitch_rate,50,5.0,542880,9,0.1,0.7998360595343353,1.3870865654569426,3.594392003364016,0.3707256919019828,0.18536284595099153,0.0,0.7822460304302976,0.8178939176245211,1,False,543600,,,,,conformal,unseen_seastate,1.2560499558821334
dlinear_quantile_conformal,quantile,480,pitch_rate,100,10.0,542880,9,0.1,0.7871260683760684,2.6988258069022013,6.423869342382786,0.6934854238267507,0.3467427119133749,0.0,0.7710928750368405,0.8038430223990568,1,False,543600,,,,,conformal,unseen_seastate,1.2558852337264772
dlinear_quantile_conformal,quantile,480,pitch_rate,150,15.0,542880,9,0.1,0.7484453286177424,2.711408672060954,7.115564865894486,0.7224644822955616,0.36123224114778113,0.0,0.7328624189507811,0.7655774296345417,1,False,543600,,,,,conformal,unseen_seastate,1.2565624407980214
dlinear_quantile_conformal,quantile,480,heave_rate,10,1.0,542880,9,0.1,0.3715646183318597,0.015184883899939338,0.1757283795346649,0.011642654124451,0.005821327062225506,0.0,0.36163231284998526,0.38137161987916296,1,False,543600,,,,,conformal,unseen_seastate,0.734348118721256
dlinear_quantile_conformal,quantile,480,heave_rate,20,2.0,542880,9,0.1,0.3484453286177424,0.09818177648967265,1.2888936570786893,0.08433042874487001,0.04216521437243497,0.0,0.33851481911287945,0.3582524222664309,1,False,543600,,,,,conformal,unseen_seastate,0.7343764911329834
dlinear_quantile_conformal,quantile,480,heave_rate,30,3.0,542880,9,0.1,0.3236792661361627,0.2233139370559207,3.3799734320054697,0.23136381430307784,0.11568190715153895,0.0,0.3138456012378426,0.33367857537577367,1,False,543600,,,,,conformal,unseen_seastate,0.7344107746237766
dlinear_quantile_conformal,quantile,480,heave_rate,50,5.0,542880,9,0.1,0.4018936044798114,0.27339927155472565,2.6984304075546053,0.21839845777664818,0.10919922888832403,0.0,0.39172842064544655,0.41130088601532566,1,False,543600,,,,,conformal,unseen_seastate,0.734264962236321
dlinear_quantile_conformal,quantile,480,heave_rate,100,10.0,542880,9,0.1,0.5274112142646625,0.7483700347892607,3.9213700247250434,0.35847918569640125,0.17923959284820043,0.0,0.5191838435750074,0.5351947944297082,1,False,543600,,,,,conformal,unseen_seastate,0.7341029397003275
dlinear_quantile_conformal,quantile,480,heave_rate,150,15.0,542880,9,0.1,0.5159648541114058,0.9770362633388143,5.2702366801121405,0.47705607138219797,0.23852803569109907,0.0,0.5084768272914825,0.5228272822723254,1,False,543600,,,,,conformal,unseen_seastate,0.7341299638155024
dlinear_quantile_conformal,quantile,480,roll,10,1.0,542880,9,0.1,0.47092359269083406,0.05564537902625045,0.8379620781226732,0.05057634445452788,0.02528817222726394,0.0,0.4405661011641615,0.49883077291482464,2,False,543600,,,,,conformal,unseen_seastate,6.257000679431415
dlinear_quantile_conformal,quantile,480,roll,20,2.0,542880,9,0.1,0.4717248747421161,0.41874439121461354,6.226154365668077,0.37708918580098205,0.18854459290049086,0.0,0.4418984398025346,0.4996132202328323,2,False,543600,,,,,conformal,unseen_seastate,6.258149735730003
dlinear_quantile_conformal,quantile,480,roll,30,3.0,542880,9,0.1,0.46945365458296495,1.0790355372861056,16.664424631948563,1.0529486428672974,0.5264743214336477,0.0,0.4392587680518715,0.4976692362953139,2,False,543600,,,,,conformal,unseen_seastate,6.258818948538503
dlinear_quantile_conformal,quantile,480,roll,50,5.0,542880,9,0.1,0.4849801061007958,1.059697453930737,14.447081285513473,0.960682510503502,0.48034125525175064,0.0,0.45576918471853817,0.5124079907161804,2,False,543600,,,,,conformal,unseen_seastate,6.25953903317843
dlinear_quantile_conformal,quantile,480,roll,100,10.0,542880,9,0.1,0.5476422045387562,3.0432146061546526,24.349193204194414,1.7208429005954036,0.8604214502977022,0.0,0.5215974064249926,0.572216005378721,2,False,543600,,,,,conformal,unseen_seastate,6.263610691806128
dlinear_quantile_conformal,quantile,480,roll,150,15.0,542880,9,0.1,0.552646993810787,4.562426153612044,34.41494516979056,2.513287672122529,1.2566438360612635,0.0,0.5270560252726201,0.5769989224137931,2,False,543600,,,,,conformal,unseen_seastate,6.26746488344986
dlinear_quantile_conformal,quantile,480,pitch,10,1.0,542880,9,0.1,0.6878168287651046,0.0800276494755838,0.3441436654844829,0.028449169567544615,0.014224584783772306,0.0,0.6666291353521957,0.7084167771883289,2,False,543600,,,,,conformal,unseen_seastate,1.7997766828726487
dlinear_quantile_conformal,quantile,480,pitch,20,2.0,542880,9,0.1,0.6645833333333333,0.48974644030957065,2.3347569317375485,0.18400171240594576,0.09200085620297295,0.0,0.6421530080312408,0.6856862474211611,2,False,543600,,,,,conformal,unseen_seastate,1.7994950774677116
dlinear_quantile_conformal,quantile,480,pitch,30,3.0,542880,9,0.1,0.6337127910403773,0.9624546576167371,5.5544123734010045,0.4424522695535804,0.2212261347767901,0.0,0.6096077402004125,0.656057968611848,2,False,543600,,,,,conformal,unseen_seastate,1.7992884411802126
dlinear_quantile_conformal,quantile,480,pitch,50,5.0,542880,9,0.1,0.6979737695254936,1.2905608593418207,4.870448920808048,0.4664673132963982,0.23323365664819937,0.0,0.6780742521367521,0.7171309497494842,2,False,543600,,,,,conformal,unseen_seastate,1.799307264730753
dlinear_quantile_conformal,quantile,480,pitch,100,10.0,542880,9,0.1,0.7130783966990863,2.93445065630686,8.981459829074005,0.888283724742615,0.4441418623713073,0.0,0.6955346945918066,0.7303276506778662,2,False,543600,,,,,conformal,unseen_seastate,1.7986835875269107
dlinear_quantile_conformal,quantile,480,pitch,150,15.0,542880,9,0.1,0.6855327144120248,3.30809676093849,11.448797941692147,1.0712612269135486,0.5356306134567749,0.0,0.6670037116858237,0.7042017572944297,2,False,543600,,,,,conformal,unseen_seastate,1.799090637361259
dlinear_quantile_conformal,quantile,480,heave,10,1.0,542880,9,0.1,0.25377615679339816,0.02037733689580562,0.48871057899314363,0.02835577308945109,0.014177886544725541,0.0,0.24298776893604482,0.2642066847185382,2,False,543600,,,,,conformal,unseen_seastate,1.3052269451126672
dlinear_quantile_conformal,quantile,480,heave,20,2.0,542880,9,0.1,0.24141615089890953,0.13908028587609822,3.626967297676563,0.2101188963141582,0.10505944815707903,0.0,0.23105658709106985,0.2515720324933687,2,False,543600,,,,,conformal,unseen_seastate,1.3051890619407918
dlinear_quantile_conformal,quantile,480,heave,30,3.0,542880,9,0.1,0.22777777777777777,0.3325570619628603,9.530218179164553,0.5843214398812857,0.29216071994064274,0.0,0.217480658709107,0.23755641209843795,2,False,543600,,,,,conformal,unseen_seastate,1.3051257868066772
dlinear_quantile_conformal,quantile,480,heave,50,5.0,542880,9,0.1,0.27153698791629827,0.39756307951545267,8.05819859647325,0.5500668447521827,0.27503342237609174,0.0,0.26132759541703504,0.2820411969496021,2,False,543600,,,,,conformal,unseen_seastate,1.305196114559555
dlinear_quantile_conformal,quantile,480,heave,100,10.0,542880,9,0.1,0.395236516357206,1.036585662602783,10.082825468518134,0.785001895545735,0.39250094777286754,0.0,0.386779905319776,0.4031406572354848,2,False,543600,,,,,conformal,unseen_seastate,1.3048466130537075
dlinear_quantile_conformal,quantile,480,heave,150,15.0,542880,9,0.1,0.39622752726201,1.372533464658848,13.133201639089433,1.0029172452118227,0.5014586226059117,0.0,0.3878130526083112,0.4035458112290009,2,False,543600,,,,,conformal,unseen_seastate,1.3047382588874747
dlinear_quantile_conformal,quantile,480,roll_rate,10,1.0,542880,9,0.1,0.5302479369289714,0.03903862090604517,0.344531841295769,0.02300196205258919,0.011500981026294585,0.0,0.5030379181402889,0.5546073717948719,2,False,543600,,,,,conformal,unseen_seastate,3.299047438683298
dlinear_quantile_conformal,quantile,480,roll_rate,20,2.0,542880,9,0.1,0.5192602416740347,0.2708577546729215,2.6020125055696544,0.16968865292783197,0.08484432646391599,0.0,0.491875460506926,0.5442623600058945,2,False,543600,,,,,conformal,unseen_seastate,3.2992335448738204
dlinear_quantile_conformal,quantile,480,roll_rate,30,3.0,542880,9,0.1,0.5080386089006779,0.6456591673706727,6.979555904054775,0.4674694411721374,0.23373472058606878,0.0,0.47999410551134686,0.533886908709107,2,False,543600,,,,,conformal,unseen_seastate,3.299677627607726
dlinear_quantile_conformal,quantile,480,roll_rate,50,5.0,542880,9,0.1,0.5295369142351901,0.6630095101928085,5.972765152694579,0.43046077258644194,0.21523038629322105,0.0,0.5025443468169761,0.5543515141467728,2,False,543600,,,,,conformal,unseen_seastate,3.3008478104739085
dlinear_quantile_conformal,quantile,480,roll_rate,100,10.0,542880,9,0.1,0.5816165635131152,1.8660803344621537,11.350824822790708,0.8508396420031598,0.4254198210015801,0.0,0.5577633178603006,0.6039472811671087,2,False,543600,,,,,conformal,unseen_seastate,3.3023390388764846
dlinear_quantile_conformal,quantile,480,roll_rate,150,15.0,542880,9,0.1,0.5825504715590922,2.713834501133452,16.42953101597868,1.2707039218066165,0.6353519609033089,0.0,0.5589716880341881,0.6049807968611848,2,False,543600,,,,,conformal,unseen_seastate,3.303717238675165
dlinear_quantile_conformal,quantile,480,pitch_rate,10,1.0,542880,9,0.1,0.7960985853227233,0.09622442431477428,0.29360992096548166,0.02910464157679987,0.014552320788399943,0.0,0.7783762986295314,0.812612916298261,2,False,543600,,,,,conformal,unseen_seastate,1.256288669542056
dlinear_quantile_conformal,quantile,480,pitch_rate,20,2.0,542880,9,0.1,0.7808668582375479,0.5679671201561001,1.5914380784369375,0.15704464001724627,0.0785223200086231,0.0,0.7633274388446802,0.7979250939434129,2,False,543600,,,,,conformal,unseen_seastate,1.2564720932103477
dlinear_quantile_conformal,quantile,480,pitch_rate,30,3.0,542880,9,0.1,0.7489279398762158,1.0020394927242202,2.9741144391219203,0.2977671695670144,0.1488835847835072,0.0,0.7309825836280577,0.7673983661214264,2,False,543600,,,,,conformal,unseen_seastate,1.2564709426767824
dlinear_quantile_conformal,quantile,480,pitch_rate,50,5.0,542880,9,0.1,0.7992871352785146,1.3833434949026808,3.6035191062394953,0.3712225708250598,0.18561128541252986,0.0,0.7817573404804008,0.8170790966696139,2,False,543600,,,,,conformal,unseen_seastate,1.2560499558821334
dlinear_quantile_conformal,quantile,480,pitch_rate,100,10.0,542880,9,0.1,0.7869437076333629,2.6979785336921416,6.430762280935942,0.693929022723829,0.3469645113619147,0.0,0.7708727066755084,0.8036527409372236,2,False,543600,,,,,conformal,unseen_seastate,1.2558852337264772
dlinear_quantile_conformal,quantile,480,pitch_rate,150,15.0,542880,9,0.1,0.7481303418803419,2.7103087294313295,7.120368805988698,0.7225885518525825,0.36129427592629143,0.0,0.7325295645446508,0.7652131226053639,2,False,543600,,,,,conformal,unseen_seastate,1.2565624407980214
dlinear_quantile_conformal,quantile,480,heave_rate,10,1.0,542880,9,0.1,0.3740624078986148,0.015011648050241844,0.17304055453785305,0.01153347987228243,0.005766739936141213,0.0,0.363989878057766,0.38412586575302093,2,False,543600,,,,,conformal,unseen_seastate,0.734348118721256
dlinear_quantile_conformal,quantile,480,heave_rate,20,2.0,542880,9,0.1,0.34843796050692605,0.09809972971081207,1.2886946091243778,0.08428605671094641,0.04214302835547324,0.0,0.33853789050987326,0.3582484619068671,2,False,543600,,,,,conformal,unseen_seastate,0.7343764911329834
dlinear_quantile_conformal,quantile,480,heave_rate,30,3.0,542880,9,0.1,0.32314692012967877,0.22287880492087844,3.3863058880821937,0.23141552667661947,0.11570776333830977,0.0,0.3132743423961097,0.33311836870026523,2,False,543600,,,,,conformal,unseen_seastate,0.7344107746237766
dlinear_quantile_conformal,quantile,480,heave_rate,50,5.0,542880,9,0.1,0.3942878720895962,0.2676713771236434,2.740392347963371,0.2191504122603671,0.10957520613018361,0.0,0.38432273246389625,0.4036300379457707,2,False,543600,,,,,conformal,unseen_seastate,0.734264962236321
dlinear_quantile_conformal,quantile,480,heave_rate,100,10.0,542880,9,0.1,0.5281130268199233,0.7497790102404686,3.9169693752108037,0.35848064130623386,0.17924032065311685,0.0,0.5198360595343354,0.5358902980400825,2,False,543600,,,,,conformal,unseen_seastate,0.7341029397003275
dlinear_quantile_conformal,quantile,480,heave_rate,150,15.0,542880,9,0.1,0.515664603595638,0.9767762480995371,5.273826578914689,0.47710655848522665,0.23855327924261346,0.0,0.5082090425139995,0.5224859084880636,2,False,543600,,,,,conformal,unseen_seastate,0.7341299638155024
dlinear_gaussian_conformal,gaussian,480,roll,10,1.0,542880,9,0.1,0.47368110816386677,0.07358639869022496,1.0763575445634292,0.06711193731940038,0.033555968659700175,0.0,0.44384002910403775,0.5015556384468023,0,False,121500,,,,,conformal,unseen_seastate,6.257000679431415
dlinear_gaussian_conformal,gaussian,480,roll,20,2.0,542880,9,0.1,0.4791961391099322,0.5271257998305522,7.248704564259226,0.45712933346270485,0.22856466673135234,0.0,0.4495848069554966,0.5070407824933687,0,False,121500,,,,,conformal,unseen_seastate,6.258149735730003
dlinear_gaussian_conformal,gaussian,480,roll,30,3.0,542880,9,0.1,0.47462791040377245,1.1565096584219268,16.71991645695464,1.044748530022768,0.5223742650113842,0.0,0.44481800766283525,0.5027856063955202,0,False,121500,,,,,conformal,unseen_seastate,6.258818948538503
dlinear_gaussian_conformal,gaussian,480,roll,50,5.0,542880,9,0.1,0.5013023135867963,1.1519334923515612,13.696433489700256,0.8871100536813321,0.44355502684066594,0.0,0.47280264515178305,0.5283499576333628,0,False,121500,,,,,conformal,unseen_seastate,6.25953903317843
dlinear_gaussian_conformal,gaussian,480,roll,100,10.0,542880,9,0.1,0.5507478632478633,3.207882701667782,24.773544940425797,1.773541447467513,0.8867707237337574,0.0,0.5250388667845565,0.575268015030946,0,False,121500,,,,,conformal,unseen_seastate,6.263610691806128
dlinear_gaussian_conformal,gaussian,480,roll,150,15.0,542880,9,0.1,0.5540248305334512,4.58591610377524,34.250820018500185,2.474441633266353,1.2372208166331753,0.0,0.5286690428824049,0.5783901138373121,0,False,121500,,,,,conformal,unseen_seastate,6.26746488344986
dlinear_gaussian_conformal,gaussian,480,pitch,10,1.0,542880,9,0.1,0.6679431918656057,0.07950414116807537,0.38371269122709145,0.030675403237227634,0.015337701618613815,0.0,0.6460919540229885,0.6895171584880636,0,False,121500,,,,,conformal,unseen_seastate,1.7997766828726487
dlinear_gaussian_conformal,gaussian,480,pitch,20,2.0,542880,9,0.1,0.6454557176539936,0.4589663942771524,2.470335913400827,0.1919044795826319,0.0959522397913159,0.0,0.6215817031388151,0.6676037061597406,0,False,121500,,,,,conformal,unseen_seastate,1.7994950774677116
dlinear_gaussian_conformal,gaussian,480,pitch,30,3.0,542880,9,0.1,0.6291316681402889,0.9397507042488428,5.626281606358263,0.42441600782460526,0.21220800391230268,0.0,0.6048985042735043,0.6521071415414088,0,False,121500,,,,,conformal,unseen_seastate,1.7992884411802126
dlinear_gaussian_conformal,gaussian,480,pitch,50,5.0,542880,9,0.1,0.6852398320070734,1.2286143504791123,5.11708446456799,0.4291281001062662,0.21456405005313328,0.0,0.6643353964043619,0.7051174292661362,0,False,121500,,,,,conformal,unseen_seastate,1.799307264730753
dlinear_gaussian_conformal,gaussian,480,pitch,100,10.0,542880,9,0.1,0.7112768936044798,2.9089216705008756,9.071794039846475,0.8511648041008626,0.4255824020504315,0.0,0.6934877413056293,0.7292249668435014,0,False,121500,,,,,conformal,unseen_seastate,1.7986835875269107
dlinear_gaussian_conformal,gaussian,480,pitch,150,15.0,542880,9,0.1,0.6848290598290598,3.30272135085005,11.487847156502866,1.043608859291003,0.5218044296455012,0.0,0.6662222774830533,0.7034223953728265,0,False,121500,,,,,conformal,unseen_seastate,1.799090637361259
dlinear_gaussian_conformal,gaussian,480,heave,10,1.0,542880,9,0.1,0.24066460359563807,0.022979002615204386,0.6058263342570167,0.035857690039433135,0.017928845019716574,0.0,0.23032870984379605,0.25080736074270554,0,False,121500,,,,,conformal,unseen_seastate,1.3052269451126672
dlinear_gaussian_conformal,gaussian,480,heave,20,2.0,542880,9,0.1,0.2376068376068376,0.14964313934530746,4.008825719487492,0.23678248390504236,0.11839124195252122,0.0,0.227412549734748,0.24755627394636015,0,False,121500,,,,,conformal,unseen_seastate,1.3051890619407918
dlinear_gaussian_conformal,gaussian,480,heave,30,3.0,542880,9,0.1,0.22905061892130857,0.3313608303249601,9.50083534383219,0.5559878905697107,0.27799394528485527,0.0,0.21888948754789272,0.23905614500442085,0,False,121500,,,,,conformal,unseen_seastate,1.3051257868066772
dlinear_gaussian_conformal,gaussian,480,heave,50,5.0,542880,9,0.1,0.27435344827586206,0.3602676176205681,7.7755319875357145,0.4739969891652918,0.23699849458264602,0.0,0.2638321544356027,0.28507054966106693,0,False,121500,,,,,conformal,unseen_seastate,1.305196114559555
dlinear_gaussian_conformal,gaussian,480,heave,100,10.0,542880,9,0.1,0.3909224874742116,1.0067869511119627,10.165367010325951,0.7263065441334108,0.3631532720667054,0.0,0.3821603300913646,0.3990381852343059,0,False,121500,,,,,conformal,unseen_seastate,1.3048466130537075
dlinear_gaussian_conformal,gaussian,480,heave,150,15.0,542880,9,0.1,0.39569333922782196,1.3748986335779336,13.188232136799657,0.9558588070881411,0.4779294035440705,0.0,0.3872567141909814,0.4030420166519304,0,False,121500,,,,,conformal,unseen_seastate,1.3047382588874747
dlinear_gaussian_conformal,gaussian,480,roll_rate,10,1.0,542880,9,0.1,0.5190134099616859,0.04627925227508496,0.4508180793543947,0.03053880390719781,0.015269401953598905,0.0,0.4917490053050398,0.5440032327586206,0,False,121500,,,,,conformal,unseen_seastate,3.299047438683298
dlinear_gaussian_conformal,gaussian,480,roll_rate,20,2.0,542880,9,0.1,0.5158856469201297,0.31753431561093276,3.113229183392588,0.21062551891593623,0.1053127594579682,0.0,0.4887139883583849,0.5414276175213675,0,False,121500,,,,,conformal,unseen_seastate,3.2992335448738204
dlinear_gaussian_conformal,gaussian,480,roll_rate,30,3.0,542880,9,0.1,0.513205496610669,0.6951514577696719,7.11312129175638,0.4762916582125694,0.2381458291062844,0.0,0.4859108826996758,0.5393942491895077,0,False,121500,,,,,conformal,unseen_seastate,3.299677627607726
dlinear_gaussian_conformal,gaussian,480,roll_rate,50,5.0,542880,9,0.1,0.5368129236663719,0.6999751298572533,5.915752255633348,0.41429999804092077,0.20714999902046022,0.0,0.5103437684202771,0.5609988395225465,0,False,121500,,,,,conformal,unseen_seastate,3.3008478104739085
dlinear_gaussian_conformal,gaussian,480,roll_rate,100,10.0,542880,9,0.1,0.5833738579428235,1.9427752295200063,11.668596434139136,0.8961291385653148,0.4480645692826579,0.0,0.5598063107869142,0.6058334254347185,0,False,121500,,,,,conformal,unseen_seastate,3.3023390388764846
dlinear_gaussian_conformal,gaussian,480,roll_rate,150,15.0,542880,9,0.1,0.5830901856763926,2.7199149670372815,16.39396473180849,1.2576016270165555,0.6288008135082779,0.0,0.5595163756262894,0.6055509965369879,0,False,121500,,,,,conformal,unseen_seastate,3.303717238675165
dlinear_gaussian_conformal,gaussian,480,pitch_rate,10,1.0,542880,9,0.1,0.8005581343943413,0.0923030888017106,0.3073708539214193,0.02577068718346212,0.012885343591731067,0.0,0.7798742355585029,0.8199863689949897,0,False,121500,,,,,conformal,unseen_seastate,1.256288669542056
dlinear_gaussian_conformal,gaussian,480,pitch_rate,20,2.0,542880,9,0.1,0.7766744031830238,0.5070582164873074,1.6394504161665937,0.14254189954792293,0.07127094977396144,0.0,0.7560363247863248,0.7963083462275272,0,False,121500,,,,,conformal,unseen_seastate,1.2564720932103477
dlinear_gaussian_conformal,gaussian,480,pitch_rate,30,3.0,542880,9,0.1,0.7477103595638078,0.9583515388550166,3.0488080076026978,0.27431477383360425,0.13715738691680213,0.0,0.72864205717654,0.7673717948717949,0,False,121500,,,,,conformal,unseen_seastate,1.2564709426767824
dlinear_gaussian_conformal,gaussian,480,pitch_rate,50,5.0,542880,9,0.1,0.7950449454759799,1.335710163191038,3.7504890053964868,0.34086027194719093,0.17043013597359555,0.0,0.7759857150751548,0.8133475169466549,0,False,121500,,,,,conformal,unseen_seastate,1.2560499558821334
dlinear_gaussian_conformal,gaussian,480,pitch_rate,100,10.0,542880,9,0.1,0.7896975390509873,2.7385075451110072,6.541477511379452,0.6510324929703644,0.32551624648518207,0.0,0.7734335856911289,0.8072881207633363,0,False,121500,,,,,conformal,unseen_seastate,1.2558852337264772
dlinear_gaussian_conformal,gaussian,480,pitch_rate,150,15.0,542880,9,0.1,0.7482298113763631,2.7115380505645263,7.113606402908682,0.7053060935921368,0.35265304679606824,0.0,0.7327250497347481,0.7653298150604185,0,False,121500,,,,,conformal,unseen_seastate,1.2565624407980214
dlinear_gaussian_conformal,gaussian,480,heave_rate,10,1.0,542880,9,0.1,0.34787245800176836,0.016276718130891092,0.2143481593375859,0.01436203953159599,0.0071810197657979895,0.0,0.3383766670350722,0.35779955975537875,0,False,121500,,,,,conformal,unseen_seastate,0.734348118721256
dlinear_gaussian_conformal,gaussian,480,heave_rate,20,2.0,542880,9,0.1,0.33404067197170645,0.10211267275299742,1.435593390576306,0.09489330668160043,0.04744665334080021,0.0,0.3244818836575302,0.3435792440318302,0,False,121500,,,,,conformal,unseen_seastate,0.7343764911329834
dlinear_gaussian_conformal,gaussian,480,heave_rate,30,3.0,542880,9,0.1,0.3253886678455644,0.22573161684420517,3.3798689208353148,0.22042066661795728,0.11021033330897863,0.0,0.3156486700559976,0.33533211759504866,0,False,121500,,,,,conformal,unseen_seastate,0.7344107746237766
dlinear_gaussian_conformal,gaussian,480,heave_rate,50,5.0,542880,9,0.1,0.3998157972295903,0.26388333087227334,2.6941036442503705,0.19140686812636817,0.09570343406318417,0.0,0.3898581178160919,0.40934345527556737,0,False,121500,,,,,conformal,unseen_seastate,0.734264962236321
dlinear_gaussian_conformal,gaussian,480,heave_rate,100,10.0,542880,9,0.1,0.5221909077512525,0.7373575360081587,3.9671672953798094,0.34045838833473474,0.17022919416736726,0.0,0.5136468464485706,0.5299205625552609,0,False,121500,,,,,conformal,unseen_seastate,0.7341029397003275
dlinear_gaussian_conformal,gaussian,480,heave_rate,150,15.0,542880,9,0.1,0.51421308576481,0.9759304984497552,5.302707899788041,0.4547625384060107,0.22738126920300542,0.0,0.5066861000589449,0.5210402851458885,0,False,121500,,,,,conformal,unseen_seastate,0.7341299638155024
dlinear_gaussian_conformal,gaussian,480,roll,10,1.0,542880,9,0.1,0.47143567639257294,0.06802112165317227,1.0426299380626536,0.06446565866703657,0.03223282933351821,0.0,0.4410725206307103,0.4996799016357206,1,False,121500,,,,,conformal,unseen_seastate,6.257000679431415
dlinear_gaussian_conformal,gaussian,480,roll,20,2.0,542880,9,0.1,0.4789658856469201,0.5284703758401257,7.252077072398217,0.4575781429503181,0.22878907147515906,0.0,0.449650429192455,0.5068251270999116,1,False,121500,,,,,conformal,unseen_seastate,6.258149735730003
dlinear_gaussian_conformal,gaussian,480,roll,30,3.0,542880,9,0.1,0.4743847627468317,1.174287346175141,16.851713443018028,1.0545618359677518,0.5272809179838774,0.0,0.4446320089154141,0.5024538111553197,1,False,121500,,,,,conformal,unseen_seastate,6.258818948538503
dlinear_gaussian_conformal,gaussian,480,roll,50,5.0,542880,9,0.1,0.5058447539050988,1.1460677182061751,13.294586836759409,0.8649815167734837,0.4324907583867421,0.0,0.47748761236369,0.5324736590038314,1,False,121500,,,,,conformal,unseen_seastate,6.25953903317843
dlinear_gaussian_conformal,gaussian,480,roll,100,10.0,542880,9,0.1,0.5520538608900678,3.2195481947845352,24.65915038800948,1.7689750380430307,0.8844875190215141,0.0,0.5263313255231359,0.5764406959180666,1,False,121500,,,,,conformal,unseen_seastate,6.263610691806128
dlinear_gaussian_conformal,gaussian,480,roll,150,15.0,542880,9,0.1,0.55392536103743,4.578506918253325,34.21077977460434,2.4712950708756747,1.2356475354378365,0.0,0.5286086243737106,0.5783141301945182,1,False,121500,,,,,conformal,unseen_seastate,6.26746488344986
dlinear_gaussian_conformal,gaussian,480,pitch,10,1.0,542880,9,0.1,0.670674918950781,0.0807542286019669,0.3844884128769456,0.030855086959183344,0.015427543479591672,0.0,0.6488873231653405,0.6920930500294725,1,False,121500,,,,,conformal,unseen_seastate,1.7997766828726487
dlinear_gaussian_conformal,gaussian,480,pitch,20,2.0,542880,9,0.1,0.6458517536103743,0.46012544685889517,2.4673080850040803,0.19191380526527427,0.0959569026326371,0.0,0.6223836298997937,0.6678465775125257,1,False,121500,,,,,conformal,unseen_seastate,1.7994950774677116
dlinear_gaussian_conformal,gaussian,480,pitch,30,3.0,542880,9,0.1,0.6273614795166519,0.9335925896654305,5.629198848760669,0.4239169940520452,0.21195849702602246,0.0,0.6029291924550545,0.6502667716622459,1,False,121500,,,,,conformal,unseen_seastate,1.7992884411802126
dlinear_gaussian_conformal,gaussian,480,pitch,50,5.0,542880,9,0.1,0.6851790450928382,1.228192569638803,5.119625695870963,0.42930870578833774,0.21465435289416898,0.0,0.6642419595490716,0.7050136310050104,1,False,121500,,,,,conformal,unseen_seastate,1.799307264730753
dlinear_gaussian_conformal,gaussian,480,pitch,100,10.0,542880,9,0.1,0.7108845417035072,2.9057127502916744,9.08554811282577,0.8517341826099621,0.425867091304981,0.0,0.6930515951959917,0.72898269414972,1,False,121500,,,,,conformal,unseen_seastate,1.7986835875269107
dlinear_gaussian_conformal,gaussian,480,pitch,150,15.0,542880,9,0.1,0.6848143236074271,3.302983577972887,11.48931215339229,1.0437372472879765,0.5218686236439887,0.0,0.6662064820954907,0.7034744326554672,1,False,121500,,,,,conformal,unseen_seastate,1.799090637361259
dlinear_gaussian_conformal,gaussian,480,heave,10,1.0,542880,9,0.1,0.24439839375184202,0.023303824101071687,0.6032040895991695,0.03579144435794901,0.017895722178974487,0.0,0.23392618994989686,0.2546728098290598,1,False,121500,,,,,conformal,unseen_seastate,1.3052269451126672
dlinear_gaussian_conformal,gaussian,480,heave,20,2.0,542880,9,0.1,0.23831601827291482,0.15028532659001897,3.9989115273376314,0.23642044488080505,0.11821022244040251,0.0,0.22821576591511936,0.24826154030356615,1,False,121500,,,,,conformal,unseen_seastate,1.3051890619407918
dlinear_gaussian_conformal,gaussian,480,heave,30,3.0,542880,9,0.1,0.22846669613910994,0.33036717598551396,9.490646399290675,0.5552596983791037,0.27762984918955175,0.0,0.21831629457707044,0.23837565391983495,1,False,121500,,,,,conformal,unseen_seastate,1.3051257868066772
dlinear_gaussian_conformal,gaussian,480,heave,50,5.0,542880,9,0.1,0.27859195402298853,0.3688308786584597,7.729601104158763,0.47347393736624177,0.2367369686831209,0.0,0.26830496610669025,0.28951439544650753,1,False,121500,,,,,conformal,unseen_seastate,1.305196114559555
dlinear_gaussian_conformal,gaussian,480,heave,100,10.0,542880,9,0.1,0.39067197170645446,1.0074011464431982,10.181939486044268,0.7273267713852208,0.3636633856926106,0.0,0.3819412208959623,0.3988622255378721,1,False,121500,,,,,conformal,unseen_seastate,1.3048466130537075
dlinear_gaussian_conformal,gaussian,480,heave,150,15.0,542880,9,0.1,0.3958425434718538,1.376144750141421,13.184230299536358,0.9558677597723746,0.4779338798861876,0.0,0.3874181218685529,0.4032163645741232,1,False,121500,,,,,conformal,unseen_seastate,1.3047382588874747
dlinear_gaussian_conformal,gaussian,480,roll_rate,10,1.0,542880,9,0.1,0.5224543177129384,0.043804101057255546,0.4260331706001053,0.0288535400386778,0.014426770019338897,0.0,0.4948637360005894,0.5476186726348364,1,False,121500,,,,,conformal,unseen_seastate,3.299047438683298
dlinear_gaussian_conformal,gaussian,480,roll_rate,20,2.0,542880,9,0.1,0.5168103448275863,0.320616768767353,3.1126259345179075,0.21105996052574175,0.10552998026287082,0.0,0.48978066055113473,0.5421844606542883,1,False,121500,,,,,conformal,unseen_seastate,3.2992335448738204
dlinear_gaussian_conformal,gaussian,480,roll_rate,30,3.0,542880,9,0.1,0.5119529177718833,0.7037326497684971,7.208275952086396,0.48269493922865525,0.24134746961432765,0.0,0.48450785624815795,0.5379089762010021,1,False,121500,,,,,conformal,unseen_seastate,3.299677627607726
dlinear_gaussian_conformal,gaussian,480,roll_rate,50,5.0,542880,9,0.1,0.5457983348069555,0.7067573366196619,5.677677972171549,0.40241025706121525,0.20120512853060749,0.0,0.5196228448275862,0.5696321470674919,1,False,121500,,,,,conformal,unseen_seastate,3.3008478104739085
dlinear_gaussian_conformal,gaussian,480,roll_rate,100,10.0,542880,9,0.1,0.5838619952844091,1.944063031525604,11.632061788845736,0.8943349513946685,0.4471674756973343,0.0,0.5602758436486885,0.6063284703801946,1,False,121500,,,,,conformal,unseen_seastate,3.3023390388764846
dlinear_gaussian_conformal,gaussian,480,roll_rate,150,15.0,542880,9,0.1,0.5832043913940466,2.718367379049332,16.36624739647806,1.255887114568204,0.6279435572841022,0.0,0.5596864868847627,0.6056421769083408,1,False,121500,,,,,conformal,unseen_seastate,3.303717238675165
dlinear_gaussian_conformal,gaussian,480,pitch_rate,10,1.0,542880,9,0.1,0.8022877984084881,0.09408031187062038,0.3096551850930926,0.026042082649029023,0.013021041324514511,0.0,0.7816503647214854,0.8217181513409961,1,False,121500,,,,,conformal,unseen_seastate,1.256288669542056
dlinear_gaussian_conformal,gaussian,480,pitch_rate,20,2.0,542880,9,0.1,0.7750921013852048,0.5045164051265155,1.6411818667196678,0.14258479130856855,0.07129239565428432,0.0,0.7543770262304745,0.7946860724285294,1,False,121500,,,,,conformal,unseen_seastate,1.2564720932103477
dlinear_gaussian_conformal,gaussian,480,pitch_rate,30,3.0,542880,9,0.1,0.7482519157088122,0.9585567671469135,3.0465890427399898,0.2740980800506333,0.13704904002531662,0.0,0.7289988118921309,0.7679028514588859,1,False,121500,,,,,conformal,unseen_seastate,1.2564709426767824
dlinear_gaussian_conformal,gaussian,480,pitch_rate,50,5.0,542880,9,0.1,0.7950983642793987,1.333735915030448,3.7424777457488547,0.34022881575452874,0.17011440787726417,0.0,0.7759254807692307,0.8135850924697907,1,False,121500,,,,,conformal,unseen_seastate,1.2560499558821334
dlinear_gaussian_conformal,gaussian,480,pitch_rate,100,10.0,542880,9,0.1,0.7897877984084881,2.7400691375090562,6.543101560695946,0.6512317809669043,0.32561589048345224,0.0,0.773566994547598,0.8073517167698202,1,False,121500,,,,,conformal,unseen_seastate,1.2558852337264772
dlinear_gaussian_conformal,gaussian,480,pitch_rate,150,15.0,542880,9,0.1,0.7482998084291188,2.7120935248312437,7.113557017717022,0.7053474140071528,0.3526737070035765,0.0,0.7327890601974654,0.7653979700854701,1,False,121500,,,,,conformal,unseen_seastate,1.2565624407980214
dlinear_gaussian_conformal,gaussian,480,heave_rate,10,1.0,542880,9,0.1,0.35188623636899496,0.016480002842667766,0.2130914514410939,0.014333131218173456,0.007166565609086729,0.0,0.34217009283819627,0.36169231690244624,1,False,121500,,,,,conformal,unseen_seastate,0.734348118721256
dlinear_gaussian_conformal,gaussian,480,heave_rate,20,2.0,542880,9,0.1,0.335442455054524,0.1026805455305093,1.4316021703205242,0.09479721376360446,0.04739860688180225,0.0,0.3259149812113174,0.3449493902888299,1,False,121500,,,,,conformal,unseen_seastate,0.7343764911329834
dlinear_gaussian_conformal,gaussian,480,heave_rate,30,3.0,542880,9,0.1,0.32208959622752725,0.22308744707950592,3.3896572566517236,0.22043669359110535,0.11021834679555265,0.0,0.3123818339227822,0.331783957780725,1,False,121500,,,,,conformal,unseen_seastate,0.7344107746237766
dlinear_gaussian_conformal,gaussian,480,heave_rate,50,5.0,542880,9,0.1,0.40518162393162394,0.2693133391738106,2.6788174391011963,0.1915540660570276,0.09577703302851386,0.0,0.3949614095195991,0.4146865789861479,1,False,121500,,,,,conformal,unseen_seastate,0.734264962236321
dlinear_gaussian_conformal,gaussian,480,heave_rate,100,10.0,542880,9,0.1,0.5224948423224285,0.7385411254857929,3.9710190403440886,0.34085980500948404,0.17042990250474194,0.0,0.513957320218096,0.5301685915856175,1,False,121500,,,,,conformal,unseen_seastate,0.7341029397003275
dlinear_gaussian_conformal,gaussian,480,heave_rate,150,15.0,542880,9,0.1,0.5143530798703212,0.9762255715500077,5.30352207326633,0.45485121680136825,0.22742560840068424,0.0,0.5068500865753021,0.521230198202181,1,False,121500,,,,,conformal,unseen_seastate,0.7341299638155024
dlinear_gaussian_conformal,gaussian,480,roll,10,1.0,542880,9,0.1,0.4889791482463896,0.09201111387634292,1.1356228011618867,0.0731534352347642,0.03657671761738208,0.0,0.4602090240937224,0.5162494013409962,2,False,121500,,,,,conformal,unseen_seastate,6.257000679431415
dlinear_gaussian_conformal,gaussian,480,roll,20,2.0,542880,9,0.1,0.4788222074860006,0.5261612551582329,7.251643379958178,0.45715362438505625,0.2285768121925282,0.0,0.4493081804450339,0.5066676337312114,2,False,121500,,,,,conformal,unseen_seastate,6.258149735730003
dlinear_gaussian_conformal,gaussian,480,roll,30,3.0,542880,9,0.1,0.4755452402004126,1.175096923699537,16.78168224565399,1.0509939016712702,0.5254969508356353,0.0,0.44576375073681107,0.5037121923813734,2,False,121500,,,,,conformal,unseen_seastate,6.258818948538503
dlinear_gaussian_conformal,gaussian,480,roll,50,5.0,542880,9,0.1,0.5034924845269673,1.1851043125261487,13.715722983844282,0.8933751466558528,0.44668757332792697,0.0,0.47484209217506634,0.5302868958149131,2,False,121500,,,,,conformal,unseen_seastate,6.25953903317843
dlinear_gaussian_conformal,gaussian,480,roll,100,10.0,542880,9,0.1,0.55102969348659,3.2134210726617405,24.76198523113675,1.7736884876184111,0.8868442438092053,0.0,0.5253033359121722,0.5755102416740348,2,False,121500,,,,,conformal,unseen_seastate,6.263610691806128
dlinear_gaussian_conformal,gaussian,480,roll,150,15.0,542880,9,0.1,0.5540303566165635,4.587999656839103,34.22829043591056,2.4735810602454413,1.2367905301227218,0.0,0.5286716217211908,0.5784165469348659,2,False,121500,,,,,conformal,unseen_seastate,6.26746488344986
dlinear_gaussian_conformal,gaussian,480,pitch,10,1.0,542880,9,0.1,0.6610742705570292,0.0777591430200656,0.3856538831222134,0.0306275673173654,0.015313783658682707,0.0,0.6385547911140584,0.6825502873563218,2,False,121500,,,,,conformal,unseen_seastate,1.7997766828726487
dlinear_gaussian_conformal,gaussian,480,pitch,20,2.0,542880,9,0.1,0.6473437960506926,0.4634878579938254,2.463815605002916,0.19208736795732942,0.0960436839786647,0.0,0.6238920663866784,0.6694886531093428,2,False,121500,,,,,conformal,unseen_seastate,1.7994950774677116
dlinear_gaussian_conformal,gaussian,480,pitch,30,3.0,542880,9,0.1,0.6280356616563513,0.9362574827769411,5.629860457354717,0.42423067757007427,0.21211533878503738,0.0,0.6036871868552903,0.6509279675066313,2,False,121500,,,,,conformal,unseen_seastate,1.7992884411802126
dlinear_gaussian_conformal,gaussian,480,pitch,50,5.0,542880,9,0.1,0.6845693339227822,1.2231805177557795,5.104776386082274,0.4279166253191567,0.2139583126595784,0.0,0.6635967432950192,0.7044614832007073,2,False,121500,,,,,conformal,unseen_seastate,1.799307264730753
dlinear_gaussian_conformal,gaussian,480,pitch,100,10.0,542880,9,0.1,0.7107003389330976,2.903863377559415,9.085543118755659,0.8515665493075428,0.42578327465377147,0.0,0.692843307913351,0.7287319020778072,2,False,121500,,,,,conformal,unseen_seastate,1.7986835875269107
dlinear_gaussian_conformal,gaussian,480,pitch,150,15.0,542880,9,0.1,0.6847590627763042,3.301573019951529,11.487819866802504,1.0435117996398933,0.5217558998199471,0.0,0.6661208278072502,0.7034232703359858,2,False,121500,,,,,conformal,unseen_seastate,1.799090637361259
dlinear_gaussian_conformal,gaussian,480,heave,10,1.0,542880,9,0.1,0.24631410256410258,0.024192318881848463,0.601696025106434,0.03592653641767442,0.0179632682088372,0.0,0.23646781977600942,0.25571608826996756,2,False,121500,,,,,conformal,unseen_seastate,1.3052269451126672
dlinear_gaussian_conformal,gaussian,480,heave,20,2.0,542880,9,0.1,0.23894046566460359,0.15068769570138127,3.999678963830422,0.23654314949631272,0.11827157474815637,0.0,0.22884122642204538,0.24878430776598878,2,False,121500,,,,,conformal,unseen_seastate,1.3051890619407918
dlinear_gaussian_conformal,gaussian,480,heave,30,3.0,542880,9,0.1,0.22889957264957264,0.3316488794611854,9.49875874612965,0.5559625103562966,0.2779812551781486,0.0,0.218696258841733,0.23886940944591806,2,False,121500,,,,,conformal,unseen_seastate,1.3051257868066772
dlinear_gaussian_conformal,gaussian,480,heave,50,5.0,542880,9,0.1,0.27589890951959917,0.3630138519392922,7.718048588225847,0.47167741799370194,0.23583870899685133,0.0,0.2655603448275862,0.28651368626584145,2,False,121500,,,,,conformal,unseen_seastate,1.305196114559555
dlinear_gaussian_conformal,gaussian,480,heave,100,10.0,542880,9,0.1,0.39068854995579133,1.0068575988644404,10.17830595738523,0.7270215147581455,0.3635107573790731,0.0,0.38192560971117007,0.3988442197170646,2,False,121500,,,,,conformal,unseen_seastate,1.3048466130537075
dlinear_gaussian_conformal,gaussian,480,heave,150,15.0,542880,9,0.1,0.39563992042440316,1.3749273479576731,13.187853953588611,0.9558633637579055,0.4779316818789528,0.0,0.3872069333922782,0.4030049918950781,2,False,121500,,,,,conformal,unseen_seastate,1.3047382588874747
dlinear_gaussian_conformal,gaussian,480,roll_rate,10,1.0,542880,9,0.1,0.5214154140878279,0.0548475289323739,0.5016831999103203,0.034540439665557754,0.017270219832778884,0.0,0.4950401562039493,0.5463506668140289,2,False,121500,,,,,conformal,unseen_seastate,3.299047438683298
dlinear_gaussian_conformal,gaussian,480,roll_rate,20,2.0,542880,9,0.1,0.5168656056587091,0.3191059540813127,3.1095750523869534,0.21065490144129673,0.10532745072064832,0.0,0.48970624263188917,0.5424045829649278,2,False,121500,,,,,conformal,unseen_seastate,3.2992335448738204
dlinear_gaussian_conformal,gaussian,480,roll_rate,30,3.0,542880,9,0.1,0.512481579722959,0.7022189040754957,7.174407991178565,0.48066121620835894,0.2403306081041791,0.0,0.4852099451075744,0.5384870965959327,2,False,121500,,,,,conformal,unseen_seastate,3.299677627607726
dlinear_gaussian_conformal,gaussian,480,roll_rate,50,5.0,542880,9,0.1,0.5386089006778662,0.7191689529870131,5.96118844271528,0.41954345574452523,0.20977172787226278,0.0,0.5121037798408489,0.5626762360005895,2,False,121500,,,,,conformal,unseen_seastate,3.3008478104739085
dlinear_gaussian_conformal,gaussian,480,roll_rate,100,10.0,542880,9,0.1,0.5837385794282346,1.94622558858331,11.661705119121523,0.8962052088303736,0.44810260441518707,0.0,0.5600624447391689,0.6061644378131447,2,False,121500,,,,,conformal,unseen_seastate,3.3023390388764846
dlinear_gaussian_conformal,gaussian,480,roll_rate,150,15.0,542880,9,0.1,0.5833425434718538,2.7233301400394345,16.382332122454446,1.2574268411255805,0.6287134205627893,0.0,0.5598525917329796,0.6058339780430297,2,False,121500,,,,,conformal,unseen_seastate,3.303717238675165
dlinear_gaussian_conformal,gaussian,480,pitch_rate,10,1.0,542880,9,0.1,0.7971282788093133,0.0897178937061924,0.30989094266999884,0.025671360982995908,0.012835680491497956,0.0,0.7762880378720896,0.8170081325523136,2,False,121500,,,,,conformal,unseen_seastate,1.256288669542056
dlinear_gaussian_conformal,gaussian,480,pitch_rate,20,2.0,542880,9,0.1,0.7738818891836133,0.5033446923071875,1.6420819171103285,0.1426676904525609,0.07133384522628036,0.0,0.7531925103153551,0.7935155559239612,2,False,121500,,,,,conformal,unseen_seastate,1.2564720932103477
dlinear_gaussian_conformal,gaussian,480,pitch_rate,30,3.0,542880,9,0.1,0.7472203801945181,0.954881780650052,3.050829408516368,0.27408852487254226,0.13704426243627113,0.0,0.7279278569849691,0.7668662043177129,2,False,121500,,,,,conformal,unseen_seastate,1.2564709426767824
dlinear_gaussian_conformal,gaussian,480,pitch_rate,50,5.0,542880,9,0.1,0.7958057029177719,1.3354454088303631,3.7501858964687296,0.340476996133643,0.17023849806682148,0.0,0.7766132939139405,0.8143889533598586,2,False,121500,,,,,conformal,unseen_seastate,1.2560499558821334
dlinear_gaussian_conformal,gaussian,480,pitch_rate,100,10.0,542880,9,0.1,0.7899904214559387,2.741749957842231,6.539953381427426,0.6511450698051663,0.32557253490258337,0.0,0.7737026598880047,0.8075280909224875,2,False,121500,,,,,conformal,unseen_seastate,1.2558852337264772
dlinear_gaussian_conformal,gaussian,480,pitch_rate,150,15.0,542880,9,0.1,0.7476845711759504,2.7065943210991263,7.120358863043881,0.7053370042905293,0.35266850214526485,0.0,0.7321919669171825,0.764889155982906,2,False,121500,,,,,conformal,unseen_seastate,1.2565624407980214
dlinear_gaussian_conformal,gaussian,480,heave_rate,10,1.0,542880,9,0.1,0.34494363395225464,0.016638110989926905,0.21673165418273288,0.014571687111850792,0.007285843555925386,0.0,0.3359515915119364,0.3537389017830828,2,False,121500,,,,,conformal,unseen_seastate,0.734348118721256
dlinear_gaussian_conformal,gaussian,480,heave_rate,20,2.0,542880,9,0.1,0.33768604479811376,0.10348443502385847,1.4288350303663153,0.09480000864369446,0.047400004321847225,0.0,0.3281610116416151,0.34720983458591215,2,False,121500,,,,,conformal,unseen_seastate,0.7343764911329834
dlinear_gaussian_conformal,gaussian,480,heave_rate,30,3.0,542880,9,0.1,0.32324823165340405,0.22441033842226804,3.389679084454124,0.22070042209370175,0.11035021104685093,0.0,0.3135458112290009,0.33307107463896257,2,False,121500,,,,,conformal,unseen_seastate,0.7344107746237766
dlinear_gaussian_conformal,gaussian,480,heave_rate,50,5.0,542880,9,0.1,0.3985097995873858,0.2631418611467247,2.689742442357725,0.19109181001345413,0.09554590500672698,0.0,0.388625018420277,0.40780236884762744,2,False,121500,,,,,conformal,unseen_seastate,0.734264962236321
dlinear_gaussian_conformal,gaussian,480,heave_rate,100,10.0,542880,9,0.1,0.522426687297377,0.7381233906048872,3.968393096102498,0.3406449073672272,0.17032245368361376,0.0,0.5138541206159741,0.5301500331564987,2,False,121500,,,,,conformal,unseen_seastate,0.7341029397003275
dlinear_gaussian_conformal,gaussian,480,heave_rate,150,15.0,542880,9,0.1,0.5143051871500147,0.9760248277813877,5.303582820430921,0.45482978385811945,0.2274148919290597,0.0,0.506754301134689,0.5211917919245506,2,False,121500,,,,,conformal,unseen_seastate,0.7341299638155024
tcn_quantile_conformal,quantile,480,roll,10,1.0,542880,9,0.1,0.656859711170056,0.14270748729255403,0.520551125954397,0.049063681523902176,0.024531840761951067,0.0,0.6470505912908929,0.6670790045682287,0,False,665704,,,,,conformal,unseen_seastate,6.257000679431415
tcn_quantile_conformal,quantile,480,roll,20,2.0,542880,9,0.1,0.5842727674624226,0.2717189966169551,1.4150935067499575,0.1193092267835476,0.059654613391773775,0.0,0.5732262654730328,0.5963136881078691,0,False,665704,,,,,conformal,unseen_seastate,6.258149735730003
tcn_quantile_conformal,quantile,480,roll,30,3.0,542880,9,0.1,0.5356745505452402,0.39282023842715713,2.699064027905529,0.20931358493443822,0.10465679246721903,0.0,0.5239476956233422,0.5482901838343649,0,False,665704,,,,,conformal,unseen_seastate,6.258818948538503
tcn_quantile_conformal,quantile,480,roll,50,5.0,542880,9,0.1,0.5233292808723843,0.5611128672416303,3.9749047899720242,0.3061462721755208,0.1530731360877605,0.0,0.5133640491452992,0.5338556402888299,0,False,665704,,,,,conformal,unseen_seastate,6.25953903317843
tcn_quantile_conformal,quantile,480,roll,100,10.0,542880,9,0.1,0.5780522399056882,1.9376199338564333,8.610605939098047,0.7764133891358486,0.3882066945679238,0.0,0.5662882681255527,0.5895617355585028,0,False,665704,,,,,conformal,unseen_seastate,6.263610691806128
tcn_quantile_conformal,quantile,480,roll,150,15.0,542880,9,0.1,0.650648393751842,4.364136050840568,13.474773282400497,1.3743994350857174,0.6871997175428592,0.0,0.6395713141025641,0.6604753352490421,0,False,665704,,,,,conformal,unseen_seastate,6.26746488344986
tcn_quantile_conformal,quantile,480,pitch,10,1.0,542880,9,0.1,0.6691607721780135,0.1169737392004628,0.39214037445761524,0.03923806230024713,0.019619031150123544,0.0,0.6615488229442971,0.6774277464633067,0,False,665704,,,,,conformal,unseen_seastate,1.7997766828726487
tcn_quantile_conformal,quantile,480,pitch,20,2.0,542880,9,0.1,0.537899720011789,0.24255154744342822,1.5911760937600843,0.12777324283604785,0.06388662141802391,0.0,0.5242510775862068,0.5518106671824343,0,False,665704,,,,,conformal,unseen_seastate,1.7994950774677116
tcn_quantile_conformal,quantile,480,pitch,30,3.0,542880,9,0.1,0.4893420277040967,0.3740992229631375,2.842136598061516,0.2189284799528875,0.10946423997644385,0.0,0.4769720288093133,0.5021536987916299,0,False,665704,,,,,conformal,unseen_seastate,1.7992884411802126
tcn_quantile_conformal,quantile,480,pitch,50,5.0,542880,9,0.1,0.5290598290598291,0.7800832583735465,4.539794310138806,0.382513994930669,0.19125699746533445,0.0,0.5200816939286768,0.538158248600059,0,False,665704,,,,,conformal,unseen_seastate,1.799307264730753
tcn_quantile_conformal,quantile,480,pitch,100,10.0,542880,9,0.1,0.6525880489242558,2.8091530265852307,8.52289215035988,0.8983071697104513,0.44915358485522544,0.0,0.6427489500442086,0.6628550508399645,0,False,665704,,,,,conformal,unseen_seastate,1.7986835875269107
tcn_quantile_conformal,quantile,480,pitch,150,15.0,542880,9,0.1,0.7431347627468318,4.775597476564551,10.129022398985777,1.2072373187003371,0.6036186593501681,0.0,0.7317156646035956,0.7544813770999116,0,False,665704,,,,,conformal,unseen_seastate,1.799090637361259
tcn_quantile_conformal,quantile,480,heave,10,1.0,542880,9,0.1,0.6557968611847922,0.041391630363314995,0.13905280270275228,0.01403948928838893,0.0070197446441944665,0.0,0.6483150972590628,0.6635875331564987,0,False,665704,,,,,conformal,unseen_seastate,1.3052269451126672
tcn_quantile_conformal,quantile,480,heave,20,2.0,542880,9,0.1,0.5878831417624522,0.08162829975752349,0.36770668497873993,0.03337906298023793,0.016689531490118963,0.0,0.5812138962569997,0.5946564157824933,0,False,665704,,,,,conformal,unseen_seastate,1.3051890619407918
tcn_quantile_conformal,quantile,480,heave,30,3.0,542880,9,0.1,0.5249521072796934,0.14356947911403467,0.7599410908864443,0.0659008237456981,0.03295041187284909,0.0,0.5195482427055703,0.5302297929560861,0,False,665704,,,,,conformal,unseen_seastate,1.3051257868066772
tcn_quantile_conformal,quantile,480,heave,50,5.0,542880,9,0.1,0.4511549513704686,0.3717948151190162,2.393391308161217,0.19633365343931336,0.09816682671965665,0.0,0.44582992558208073,0.45616526672561153,0,False,665704,,,,,conformal,unseen_seastate,1.305196114559555
tcn_quantile_conformal,quantile,480,heave,100,10.0,542880,9,0.1,0.5571194370763336,1.2906840071725205,5.474022812255378,0.5229786766477504,0.2614893383238753,0.0,0.5506722940613027,0.5640626381520778,0,False,665704,,,,,conformal,unseen_seastate,1.3048466130537075
tcn_quantile_conformal,quantile,480,heave,150,15.0,542880,9,0.1,0.6291482463896257,2.576013783595403,7.5694933219003575,0.8290322023911574,0.41451610119557886,0.0,0.622165948275862,0.6356806752873563,0,False,665704,,,,,conformal,unseen_seastate,1.3047382588874747
tcn_quantile_conformal,quantile,480,roll_rate,10,1.0,542880,9,0.1,0.6611055850279989,0.17616696240832452,0.6020399556279397,0.05994673059345046,0.029973365296725247,0.0,0.6544174126878869,0.667149738432066,0,False,665704,,,,,conformal,unseen_seastate,3.299047438683298
tcn_quantile_conformal,quantile,480,roll_rate,20,2.0,542880,9,0.1,0.6122550103153551,0.24513832444683192,1.0904007510363256,0.0981061597217018,0.04905307986085085,0.0,0.6047611350574713,0.6200419521809608,0,False,665704,,,,,conformal,unseen_seastate,3.2992335448738204
tcn_quantile_conformal,quantile,480,roll_rate,30,3.0,542880,9,0.1,0.5872955349248453,0.2798420962077653,1.3557639827253523,0.1177413800729147,0.05887069003645732,0.0,0.5800009670645446,0.5946267591364575,0,False,665704,,,,,conformal,unseen_seastate,3.299677627607726
tcn_quantile_conformal,quantile,480,roll_rate,50,5.0,542880,9,0.1,0.6313678897730622,0.5390841169658623,2.3306997306190262,0.21080443925397452,0.10540221962698733,0.0,0.6197280246094902,0.642026737032125,0,False,665704,,,,,conformal,unseen_seastate,3.3008478104739085
tcn_quantile_conformal,quantile,480,roll_rate,100,10.0,542880,9,0.1,0.6094956528146184,1.6743337859559708,7.226825523346151,0.6813345657425979,0.3406672828712985,0.0,0.5995786822133804,0.6197766080901856,0,False,665704,,,,,conformal,unseen_seastate,3.3023390388764846
tcn_quantile_conformal,quantile,480,roll_rate,150,15.0,542880,9,0.1,0.6486811081638668,3.1417770807078056,11.319484696137623,1.1262009461877793,0.5631004730938904,0.0,0.6356170792808723,0.6608276230474506,0,False,665704,,,,,conformal,unseen_seastate,3.303717238675165
tcn_quantile_conformal,quantile,480,pitch_rate,10,1.0,542880,9,0.1,0.5892425582080755,0.15962210562140702,0.7325043674609699,0.06654880084465992,0.03327440042232996,0.0,0.5806767149277925,0.5978292164014147,0,False,665704,,,,,conformal,unseen_seastate,1.256288669542056
tcn_quantile_conformal,quantile,480,pitch_rate,20,2.0,542880,9,0.1,0.5489408340701444,0.26321074384995324,1.3808004887259078,0.11983704947070507,0.05991852473535253,0.0,0.5393288572060123,0.559324850795756,0,False,665704,,,,,conformal,unseen_seastate,1.2564720932103477
tcn_quantile_conformal,quantile,480,pitch_rate,30,3.0,542880,9,0.1,0.5821433834364869,0.3591866367652234,1.503018664969298,0.14020462428530597,0.07010231214265293,0.0,0.5752460488505747,0.5893961833185971,0,False,665704,,,,,conformal,unseen_seastate,1.2564709426767824
tcn_quantile_conformal,quantile,480,pitch_rate,50,5.0,542880,9,0.1,0.5842175066312998,0.8046040080681882,3.840456853689897,0.3435637062441673,0.17178185312208372,0.0,0.5716808963306809,0.5980488321544356,0,False,665704,,,,,conformal,unseen_seastate,1.2560499558821334
tcn_quantile_conformal,quantile,480,pitch_rate,100,10.0,542880,9,0.1,0.6324804745063366,2.3231807908654676,6.941382464769909,0.7411969018560637,0.3705984509280319,0.0,0.6219450891541408,0.6430665156203949,0,False,665704,,,,,conformal,unseen_seastate,1.2558852337264772
tcn_quantile_conformal,quantile,480,pitch_rate,150,15.0,542880,9,0.1,0.8001178897730622,3.8189682917280137,6.3811545898710005,0.805435345582005,0.40271767279100257,0.0,0.7891124650014737,0.8107394820218096,0,False,665704,,,,,conformal,unseen_seastate,1.2565624407980214
tcn_quantile_conformal,quantile,480,heave_rate,10,1.0,542880,9,0.1,0.6827254641909815,0.04665750092593244,0.1458301274424136,0.01498388932823254,0.00749194466411627,0.0,0.6738874613174183,0.6917993847627468,0,False,665704,,,,,conformal,unseen_seastate,0.734348118721256
tcn_quantile_conformal,quantile,480,heave_rate,20,2.0,542880,9,0.1,0.5894304450338933,0.08093484165593362,0.3327226529706772,0.03118467418954135,0.015592337094770663,0.0,0.5847771606984968,0.5941372863247862,0,False,665704,,,,,conformal,unseen_seastate,0.7343764911329834
tcn_quantile_conformal,quantile,480,heave_rate,30,3.0,542880,9,0.1,0.520026525198939,0.13321674320368926,0.6634949147607849,0.05891822638094491,0.02945911319047245,0.0,0.51418955386089,0.5256729848216918,0,False,665704,,,,,conformal,unseen_seastate,0.7344107746237766
tcn_quantile_conformal,quantile,480,heave_rate,50,5.0,542880,9,0.1,0.46455938697318006,0.19721653483014678,1.1715476350930314,0.09767579469853331,0.048837897349266635,0.0,0.4582912890509873,0.4711444057618627,0,False,665704,,,,,conformal,unseen_seastate,0.734264962236321
tcn_quantile_conformal,quantile,480,heave_rate,100,10.0,542880,9,0.1,0.5319831270262305,0.7651902777989755,3.254159114178455,0.30664195277444223,0.15332097638722111,0.0,0.5237206657088123,0.5399297266430887,0,False,665704,,,,,conformal,unseen_seastate,0.7341029397003275
tcn_quantile_conformal,quantile,480,heave_rate,150,15.0,542880,9,0.1,0.655334512231064,1.572301138413699,4.1960639755193405,0.46459983081714207,0.23229991540857106,0.0,0.6479697631152372,0.6622442344532863,0,False,665704,,,,,conformal,unseen_seastate,0.7341299638155024
tcn_quantile_conformal,quantile,480,roll,10,1.0,542880,9,0.1,0.6761310050103153,0.20513902761647362,0.6072347693036941,0.06497994672834398,0.03248997336417199,0.0,0.6700681550250516,0.6823499207928088,1,False,665704,,,,,conformal,unseen_seastate,6.257000679431415
tcn_quantile_conformal,quantile,480,roll,20,2.0,542880,9,0.1,0.6025088417329797,0.32393225522991914,1.4578048483779937,0.12954071449792035,0.06477035724896021,0.0,0.5926541777188329,0.6126943799734748,1,False,665704,,,,,conformal,unseen_seastate,6.258149735730003
tcn_quantile_conformal,quantile,480,roll,30,3.0,542880,9,0.1,0.5208793840259357,0.45862044196897606,3.0381572606879272,0.2407457914534296,0.12037289572671471,0.0,0.5102660809018568,0.5315722627468317,1,False,665704,,,,,conformal,unseen_seastate,6.258818948538503
tcn_quantile_conformal,quantile,480,roll,50,5.0,542880,9,0.1,0.5118589743589743,0.6337589053470531,4.663025937169452,0.3560752389141434,0.17803761945707172,0.0,0.5029841769820218,0.5214735300618921,1,False,665704,,,,,conformal,unseen_seastate,6.25953903317843
tcn_quantile_conformal,quantile,480,roll,100,10.0,542880,9,0.1,0.6161582670203359,2.1680507558521027,8.225242153484318,0.7597743354049967,0.37988716770249903,0.0,0.6045738929413498,0.6267290193044504,1,False,665704,,,,,conformal,unseen_seastate,6.263610691806128
tcn_quantile_conformal,quantile,480,roll,150,15.0,542880,9,0.1,0.6583646478043029,4.812791994000989,13.300841834843773,1.4156511933263158,0.7078255966631571,0.0,0.6472441884025936,0.6675314526230475,1,False,665704,,,,,conformal,unseen_seastate,6.26746488344986
tcn_quantile_conformal,quantile,480,pitch,10,1.0,542880,9,0.1,0.7188918361332154,0.1541266133593095,0.3806438441440868,0.04342404498746235,0.021712022493731192,0.0,0.7112563549955792,0.7263779748747421,1,False,665704,,,,,conformal,unseen_seastate,1.7997766828726487
tcn_quantile_conformal,quantile,480,pitch,20,2.0,542880,9,0.1,0.5577733569112879,0.2869385080970253,1.4673361085113692,0.12772410875260876,0.06386205437630434,0.0,0.5480639828323018,0.5678238745210727,1,False,665704,,,,,conformal,unseen_seastate,1.7994950774677116
tcn_quantile_conformal,quantile,480,pitch,30,3.0,542880,9,0.1,0.4851256262894194,0.41576050978361273,2.9708258051971,0.2333079745544112,0.11665398727720562,0.0,0.4767589062039493,0.4940265344090775,1,False,665704,,,,,conformal,unseen_seastate,1.7992884411802126
tcn_quantile_conformal,quantile,480,pitch,50,5.0,542880,9,0.1,0.5633252284114353,0.8372318184518365,4.842809071525934,0.40282984513358366,0.20141492256679186,0.0,0.5528267296640141,0.574491876657825,1,False,665704,,,,,conformal,unseen_seastate,1.799307264730753
tcn_quantile_conformal,quantile,480,pitch,100,10.0,542880,9,0.1,0.6401175213675213,3.0618995453488145,9.325583372667166,0.9696847674436747,0.48484238372183763,0.0,0.6310448902151489,0.6491686468464486,1,False,665704,,,,,conformal,unseen_seastate,1.7986835875269107
tcn_quantile_conformal,quantile,480,pitch,150,15.0,542880,9,0.1,0.7328636162687887,5.213866587842925,10.944336459460033,1.2933217229015754,0.6466608614507879,0.0,0.7225765823017979,0.7436783911730033,1,False,665704,,,,,conformal,unseen_seastate,1.799090637361259
tcn_quantile_conformal,quantile,480,heave,10,1.0,542880,9,0.1,0.6761199528440908,0.050702537064221634,0.1492235288829965,0.016148048196286065,0.008074024098143026,0.0,0.6699819941791925,0.6824123655319776,1,False,665704,,,,,conformal,unseen_seastate,1.3052269451126672
tcn_quantile_conformal,quantile,480,heave,20,2.0,542880,9,0.1,0.6220601237842617,0.09082573640428647,0.36868074998221345,0.03427737013444935,0.017138685067224668,0.0,0.6143261862658415,0.6307601127320954,1,False,665704,,,,,conformal,unseen_seastate,1.3051890619407918
tcn_quantile_conformal,quantile,480,heave,30,3.0,542880,9,0.1,0.5190852490421456,0.1534173110855902,0.8444100455460983,0.07191528197417522,0.03595764098708765,0.0,0.5128606690244621,0.5254626713085765,1,False,665704,,,,,conformal,unseen_seastate,1.3051257868066772
tcn_quantile_conformal,quantile,480,heave,50,5.0,542880,9,0.1,0.4383307544945476,0.37939906925385053,2.54200998914444,0.20605758295134002,0.10302879147567001,0.0,0.4339367816091954,0.44266324970527554,1,False,665704,,,,,conformal,unseen_seastate,1.305196114559555
tcn_quantile_conformal,quantile,480,heave,100,10.0,542880,9,0.1,0.5363229442970823,1.2964031727445071,5.844961939361709,0.5478262403861136,0.27391312019305686,0.0,0.5294554045092839,0.5436729571912762,1,False,665704,,,,,conformal,unseen_seastate,1.3048466130537075
tcn_quantile_conformal,quantile,480,heave,150,15.0,542880,9,0.1,0.6242650309460654,2.6514615548344853,7.736045778654254,0.853445477762922,0.4267227388814607,0.0,0.6168049108458591,0.6311146570144415,1,False,665704,,,,,conformal,unseen_seastate,1.3047382588874747
tcn_quantile_conformal,quantile,480,roll_rate,10,1.0,542880,9,0.1,0.6634283819628647,0.20100348238152316,0.6534032013973722,0.06586945681404166,0.03293472840702083,0.0,0.655498406646036,0.6715115218832891,1,False,665704,,,,,conformal,unseen_seastate,3.299047438683298
tcn_quantile_conformal,quantile,480,roll_rate,20,2.0,542880,9,0.1,0.5701499410551135,0.2758382576691866,1.4144970850187304,0.12257743736653054,0.0612887186832653,0.0,0.5611918840259357,0.5794375368405541,1,False,665704,,,,,conformal,unseen_seastate,3.2992335448738204
tcn_quantile_conformal,quantile,480,roll_rate,30,3.0,542880,9,0.1,0.5337348953728264,0.2958759009454502,1.8500965572302461,0.14957067544441716,0.07478533772220856,0.0,0.5244996592248747,0.5434470324933687,1,False,665704,,,,,conformal,unseen_seastate,3.299677627607726
tcn_quantile_conformal,quantile,480,roll_rate,50,5.0,542880,9,0.1,0.6416206159740643,0.5985097956462634,2.376434762386847,0.22032510361301963,0.11016255180650984,0.0,0.6304078249336871,0.6529704538756262,1,False,665704,,,,,conformal,unseen_seastate,3.3008478104739085
tcn_quantile_conformal,quantile,480,roll_rate,100,10.0,542880,9,0.1,0.6070586501620985,1.8486873422268282,7.454909975607041,0.7253454603372916,0.36267273016864565,0.0,0.597638290229885,0.6172423463748895,1,False,665704,,,,,conformal,unseen_seastate,3.3023390388764846
tcn_quantile_conformal,quantile,480,roll_rate,150,15.0,542880,9,0.1,0.6520943854995579,3.487824469232575,10.774449439116866,1.155594420030174,0.5777972100150871,0.0,0.6416254512967875,0.6625454520335985,1,False,665704,,,,,conformal,unseen_seastate,3.303717238675165
tcn_quantile_conformal,quantile,480,pitch_rate,10,1.0,542880,9,0.1,0.6132147067491895,0.1480302297221115,0.6545124126439027,0.05908958163022977,0.029544790815114883,0.0,0.6054078249336869,0.6209302239905689,1,False,665704,,,,,conformal,unseen_seastate,1.256288669542056
tcn_quantile_conformal,quantile,480,pitch_rate,20,2.0,542880,9,0.1,0.543501326259947,0.27748079020956434,1.5396910285924728,0.13086279804883755,0.06543139902441877,0.0,0.5333238008399646,0.5537400530503979,1,False,665704,,,,,conformal,unseen_seastate,1.2564720932103477
tcn_quantile_conformal,quantile,480,pitch_rate,30,3.0,542880,9,0.1,0.5763391541408783,0.3831406104105759,1.6796883932281081,0.1535308109139755,0.07676540545698779,0.0,0.5682481395520188,0.5843409685381669,1,False,665704,,,,,conformal,unseen_seastate,1.2564709426767824
tcn_quantile_conformal,quantile,480,pitch_rate,50,5.0,542880,9,0.1,0.5788148393751842,0.8559542264460549,4.0533124208592115,0.3626403092078401,0.18132015460392,0.0,0.5678442749778957,0.5905024591069851,1,False,665704,,,,,conformal,unseen_seastate,1.2560499558821334
tcn_quantile_conformal,quantile,480,pitch_rate,100,10.0,542880,9,0.1,0.6448202180960801,2.54500029053272,7.216000907090941,0.7820284276888797,0.3910142138444399,0.0,0.6343794669171824,0.6552442989242558,1,False,665704,,,,,conformal,unseen_seastate,1.2558852337264772
tcn_quantile_conformal,quantile,480,pitch_rate,150,15.0,542880,9,0.1,0.8124521072796935,4.185005778392686,6.489729674528846,0.8313287569574945,0.4156643784787473,0.0,0.8011400309460655,0.8221210949012673,1,False,665704,,,,,conformal,unseen_seastate,1.2565624407980214
tcn_quantile_conformal,quantile,480,heave_rate,10,1.0,542880,9,0.1,0.6647620100206307,0.04884185381093199,0.16861540461932714,0.016408032550207976,0.008204016275103988,0.0,0.6588216548776894,0.6706638207338638,1,False,665704,,,,,conformal,unseen_seastate,0.734348118721256
tcn_quantile_conformal,quantile,480,heave_rate,20,2.0,542880,9,0.1,0.5394599174771588,0.08565245974768965,0.42828520262583325,0.03756975345740228,0.01878487672870114,0.0,0.53449533045977,0.5443826904656647,1,False,665704,,,,,conformal,unseen_seastate,0.7343764911329834
tcn_quantile_conformal,quantile,480,heave_rate,30,3.0,542880,9,0.1,0.49720564397288536,0.13877628881363946,0.7561692329606537,0.0652307508424083,0.03261537542120415,0.0,0.4911091309313292,0.5032400346301208,1,False,665704,,,,,conformal,unseen_seastate,0.7344107746237766
tcn_quantile_conformal,quantile,480,heave_rate,50,5.0,542880,9,0.1,0.4687352637783672,0.20033280676612003,1.1535774626969337,0.09674485470215151,0.04837242735107579,0.0,0.4615065944591807,0.47566110374300025,1,False,665704,,,,,conformal,unseen_seastate,0.734264962236321
tcn_quantile_conformal,quantile,480,heave_rate,100,10.0,542880,9,0.1,0.5440576186265842,0.80699057043372,3.2623002085343846,0.31243373341504393,0.15621686670752202,0.0,0.536079612437371,0.5519175968906572,1,False,665704,,,,,conformal,unseen_seastate,0.7341029397003275
tcn_quantile_conformal,quantile,480,heave_rate,150,15.0,542880,9,0.1,0.669702328323018,1.6542717003211362,4.091319297488933,0.46056657011949953,0.2302832850597498,0.0,0.6612303363542588,0.6778673003241968,1,False,665704,,,,,conformal,unseen_seastate,0.7341299638155024
tcn_quantile_conformal,quantile,480,roll,10,1.0,542880,9,0.1,0.6828304597701149,0.1425897340102971,0.5066238794913329,0.04862874787668151,0.02431437393834076,0.0,0.6738700541556145,0.6923616637194224,2,False,665704,,,,,conformal,unseen_seastate,6.257000679431415
tcn_quantile_conformal,quantile,480,roll,20,2.0,542880,9,0.1,0.6116931918656057,0.2821270206476526,1.5011142281572607,0.12486211934013013,0.06243105967006502,0.0,0.6002427792513999,0.6234191257736517,2,False,665704,,,,,conformal,unseen_seastate,6.258149735730003
tcn_quantile_conformal,quantile,480,roll,30,3.0,542880,9,0.1,0.5537190539345712,0.4199139923523353,2.982566702906159,0.22915663719434295,0.11457831859717135,0.0,0.5381646956970232,0.567927995137047,2,False,665704,,,,,conformal,unseen_seastate,6.258818948538503
tcn_quantile_conformal,quantile,480,roll,50,5.0,542880,9,0.1,0.5168674476864132,0.5937110884525202,4.769119070482303,0.3545404820710806,0.1772702410355404,0.0,0.5059762746831713,0.5282777040966695,2,False,665704,,,,,conformal,unseen_seastate,6.25953903317843
tcn_quantile_conformal,quantile,480,roll,100,10.0,542880,9,0.1,0.603009873268494,2.0742737213278866,8.96163000639547,0.8050504980090989,0.40252524900454995,0.0,0.592964927792514,0.6135021551724138,2,False,665704,,,,,conformal,unseen_seastate,6.263610691806128
tcn_quantile_conformal,quantile,480,roll,150,15.0,542880,9,0.1,0.6619529177718833,4.587902752219104,13.606785884113377,1.4027297767269105,0.7013648883634553,0.0,0.6528566165635131,0.6701480529767168,2,False,665704,,,,,conformal,unseen_seastate,6.26746488344986
tcn_quantile_conformal,quantile,480,pitch,10,1.0,542880,9,0.1,0.6851016799292662,0.11392182580804436,0.38287977928552125,0.03733560550183166,0.018667802750915827,0.0,0.6753227232537578,0.6946706454465075,2,False,665704,,,,,conformal,unseen_seastate,1.7997766828726487
tcn_quantile_conformal,quantile,480,pitch,20,2.0,542880,9,0.1,0.5027888299440023,0.2429092309464289,1.7500404126851155,0.13632345702476875,0.06816172851238438,0.0,0.4915486847922193,0.5145181255526083,2,False,665704,,,,,conformal,unseen_seastate,1.7994950774677116
tcn_quantile_conformal,quantile,480,pitch,30,3.0,542880,9,0.1,0.4328396699086354,0.38081993705942396,3.5164842812465427,0.2559371624738985,0.1279685812369492,0.0,0.4226018180813439,0.4443215351458886,2,False,665704,,,,,conformal,unseen_seastate,1.7992884411802126
tcn_quantile_conformal,quantile,480,pitch,50,5.0,542880,9,0.1,0.5173445328617743,0.7819764149548907,5.270939531441202,0.41664806066088006,0.20832403033044006,0.0,0.5076434939581491,0.5270333683318597,2,False,665704,,,,,conformal,unseen_seastate,1.799307264730753
tcn_quantile_conformal,quantile,480,pitch,100,10.0,542880,9,0.1,0.6147804302976717,2.9434376351572804,9.7262553902827,0.9879329619043983,0.49396648095219925,0.0,0.6057692307692307,0.6235527188328913,2,False,665704,,,,,conformal,unseen_seastate,1.7986835875269107
tcn_quantile_conformal,quantile,480,pitch,150,15.0,542880,9,0.1,0.7212127910403773,5.146285878426352,11.10550540476007,1.300785191853147,0.650392595926573,0.0,0.7105522859563809,0.7327173132183908,2,False,665704,,,,,conformal,unseen_seastate,1.799090637361259
tcn_quantile_conformal,quantile,480,heave,10,1.0,542880,9,0.1,0.6207854406130269,0.04160241358347315,0.15337823905860137,0.015005143261524485,0.007502571630762236,0.0,0.6138470288093133,0.6278067436634247,2,False,665704,,,,,conformal,unseen_seastate,1.3052269451126672
tcn_quantile_conformal,quantile,480,heave,20,2.0,542880,9,0.1,0.5485079575596817,0.0797533418830389,0.449294813015197,0.03781285645772671,0.01890642822886337,0.0,0.5410472848511642,0.5569899425287356,2,False,665704,,,,,conformal,unseen_seastate,1.3051890619407918
tcn_quantile_conformal,quantile,480,heave,30,3.0,542880,9,0.1,0.47591180371352787,0.13757998499831928,0.9550283919675688,0.07579335927234629,0.03789667963617316,0.0,0.46910891909814323,0.48272551024167404,2,False,665704,,,,,conformal,unseen_seastate,1.3051257868066772
tcn_quantile_conformal,quantile,480,heave,50,5.0,542880,9,0.1,0.421017536103743,0.3488469084085654,2.658915275594445,0.2061820115224282,0.10309100576121402,0.0,0.415160762967875,0.42725726679929266,2,False,665704,,,,,conformal,unseen_seastate,1.305196114559555
tcn_quantile_conformal,quantile,480,heave,100,10.0,542880,9,0.1,0.5235411140583555,1.195678039939416,5.9524981826791645,0.5346409147431642,0.2673204573715819,0.0,0.5155183005452402,0.5321195291777188,2,False,665704,,,,,conformal,unseen_seastate,1.3048466130537075
tcn_quantile_conformal,quantile,480,heave,150,15.0,542880,9,0.1,0.6114058355437666,2.441171588726164,7.830559525247682,0.8286860950920738,0.4143430475460369,0.0,0.6048692160330091,0.6179727564102564,2,False,665704,,,,,conformal,unseen_seastate,1.3047382588874747
tcn_quantile_conformal,quantile,480,roll_rate,10,1.0,542880,9,0.1,0.6868184497494842,0.18381743039775905,0.5965158498905542,0.0597785177728209,0.029889258886410447,0.0,0.6804778680371353,0.6936283340701443,2,False,665704,,,,,conformal,unseen_seastate,3.299047438683298
tcn_quantile_conformal,quantile,480,roll_rate,20,2.0,542880,9,0.1,0.6112382110226938,0.26343761066722265,1.2519487748414428,0.1094697499425996,0.05473487497129983,0.0,0.6016260039050987,0.6204391854553493,2,False,665704,,,,,conformal,unseen_seastate,3.2992335448738204
tcn_quantile_conformal,quantile,480,roll_rate,30,3.0,542880,9,0.1,0.5793913940465665,0.29938663292823026,1.7749937737132961,0.14548987065916177,0.07274493532958078,0.0,0.5664394525493663,0.5922802460949013,2,False,665704,,,,,conformal,unseen_seastate,3.299677627607726
tcn_quantile_conformal,quantile,480,roll_rate,50,5.0,542880,9,0.1,0.6438678897730622,0.5718938656819003,2.4680822061381784,0.22107975606040686,0.11053987803020347,0.0,0.6314004936634247,0.6565684405393457,2,False,665704,,,,,conformal,unseen_seastate,3.3008478104739085
tcn_quantile_conformal,quantile,480,roll_rate,100,10.0,542880,9,0.1,0.6177313586796346,1.7549784499166796,7.195683687049139,0.6970916976624654,0.34854584883123274,0.0,0.6060341604037724,0.629594938107869,2,False,665704,,,,,conformal,unseen_seastate,3.3023390388764846
tcn_quantile_conformal,quantile,480,roll_rate,150,15.0,542880,9,0.1,0.6570954907161803,3.234648141764017,10.981095272538335,1.1329890698304943,0.5664945349152463,0.0,0.6432195881226054,0.6700287816828765,2,False,665704,,,,,conformal,unseen_seastate,3.303717238675165
tcn_quantile_conformal,quantile,480,pitch_rate,10,1.0,542880,9,0.1,0.5613929413498379,0.147831240347463,0.7781258891093559,0.06708788344253076,0.03354394172126539,0.0,0.5543131999705275,0.5683420369142351,2,False,665704,,,,,conformal,unseen_seastate,1.256288669542056
tcn_quantile_conformal,quantile,480,pitch_rate,20,2.0,542880,9,0.1,0.4953617742410846,0.25884626999623433,1.6608893540078642,0.13516065110114903,0.06758032555057451,0.0,0.48672924955791336,0.5044926134689065,2,False,665704,,,,,conformal,unseen_seastate,1.2564720932103477
tcn_quantile_conformal,quantile,480,pitch_rate,30,3.0,542880,9,0.1,0.5583572796934866,0.3636790971698639,1.7849989931269905,0.15665146690794984,0.07832573345397482,0.0,0.5499529822428529,0.5672467672413793,2,False,665704,,,,,conformal,unseen_seastate,1.2564709426767824
tcn_quantile_conformal,quantile,480,pitch_rate,50,5.0,542880,9,0.1,0.550173150604185,0.8483994857467442,4.287847548339143,0.37442934380480913,0.1872146719024046,0.0,0.5381446175950486,0.5635360024314765,2,False,665704,,,,,conformal,unseen_seastate,1.2560499558821334
tcn_quantile_conformal,quantile,480,pitch_rate,100,10.0,542880,9,0.1,0.6129844532861775,2.5070369532026766,7.796306223226388,0.8052451938948589,0.4026225969474297,0.0,0.6024497126436782,0.6235730732390216,2,False,665704,,,,,conformal,unseen_seastate,1.2558852337264772
tcn_quantile_conformal,quantile,480,pitch_rate,150,15.0,542880,9,0.1,0.7941165635131152,4.234998986016373,6.771091567849149,0.8695081521835262,0.4347540760917629,0.0,0.7831875828912467,0.8039678197760094,2,False,665704,,,,,conformal,unseen_seastate,1.2565624407980214
tcn_quantile_conformal,quantile,480,heave_rate,10,1.0,542880,9,0.1,0.5857040229885058,0.04363625178669146,0.20784825006539662,0.018251807333163294,0.009125903666581645,0.0,0.5781917274535809,0.5932006152372532,2,False,665704,,,,,conformal,unseen_seastate,0.734348118721256
tcn_quantile_conformal,quantile,480,heave_rate,20,2.0,542880,9,0.1,0.5176779398762157,0.07690254642621917,0.45757536554516043,0.03771903967806297,0.018859519839031478,0.0,0.5134256189213086,0.5220243884468022,2,False,665704,,,,,conformal,unseen_seastate,0.7343764911329834
tcn_quantile_conformal,quantile,480,heave_rate,30,3.0,542880,9,0.1,0.477553050397878,0.12826031288286352,0.8043079739524889,0.06567692517815676,0.032838462589078375,0.0,0.4718271993810787,0.4831467819776009,2,False,665704,,,,,conformal,unseen_seastate,0.7344107746237766
tcn_quantile_conformal,quantile,480,heave_rate,50,5.0,542880,9,0.1,0.44742300324196876,0.19020046916567768,1.2195763285701602,0.09910508303640675,0.049552541518203395,0.0,0.43952259246979075,0.45513207338638373,2,False,665704,,,,,conformal,unseen_seastate,0.734264962236321
tcn_quantile_conformal,quantile,480,heave_rate,100,10.0,542880,9,0.1,0.49642462422634837,0.7277624557713064,3.6924146503882396,0.3264485399182927,0.16322426995914616,0.0,0.48896781977600945,0.5039462680518715,2,False,665704,,,,,conformal,unseen_seastate,0.7341029397003275
tcn_quantile_conformal,quantile,480,heave_rate,150,15.0,542880,9,0.1,0.6231966548776894,1.4979313773959184,4.538356129868093,0.4800498268470666,0.24002491342353344,0.0,0.6161361166371943,0.6297368663424698,2,False,665704,,,,,conformal,unseen_seastate,0.7341299638155024
tcn_gaussian_conformal,gaussian,480,roll,10,1.0,542880,9,0.1,0.7582817565576186,0.1571612437420122,0.4400214065084929,0.03806451955465867,0.019032259777329315,0.0,0.7497901930445033,0.7664009541703508,0,False,256204,,,,,conformal,unseen_seastate,6.257000679431415
tcn_gaussian_conformal,gaussian,480,roll,20,2.0,542880,9,0.1,0.6225206307102858,0.2307129712095008,1.3931603435997721,0.10715090541384122,0.05357545270692058,0.0,0.6114585635867964,0.6320799716327734,0,False,256204,,,,,conformal,unseen_seastate,6.258149735730003
tcn_gaussian_conformal,gaussian,480,roll,30,3.0,542880,9,0.1,0.5223935307987032,0.3805836789820276,2.9478850826652776,0.2184739713283155,0.1092369856641578,0.0,0.5124639883583849,0.5327898891099322,0,False,256204,,,,,conformal,unseen_seastate,6.258818948538503
tcn_gaussian_conformal,gaussian,480,roll,50,5.0,542880,9,0.1,0.4978300913645741,0.5441259772708481,5.110896313962589,0.35952579478945146,0.17976289739472573,0.0,0.48420106653404066,0.5113848824786325,0,False,256204,,,,,conformal,unseen_seastate,6.25953903317843
tcn_gaussian_conformal,gaussian,480,roll,100,10.0,542880,9,0.1,0.6095085470085471,2.1949613731840016,8.741047159539814,0.787861701855199,0.3939308509275994,0.0,0.5984672947981138,0.619672901930445,0,False,256204,,,,,conformal,unseen_seastate,6.263610691806128
tcn_gaussian_conformal,gaussian,480,roll,150,15.0,542880,9,0.1,0.7439581491305629,6.168288874702016,12.546978340015189,1.319582929263076,0.6597914646315375,0.0,0.7324578175655762,0.7540693155025052,0,False,256204,,,,,conformal,unseen_seastate,6.26746488344986
tcn_gaussian_conformal,gaussian,480,pitch,10,1.0,542880,9,0.1,0.6060160624815797,0.0818725127096883,0.3290266654961645,0.029983912491775795,0.014991956245887905,0.0,0.5962115016209845,0.6151352508841733,0,False,256204,,,,,conformal,unseen_seastate,1.7997766828726487
tcn_gaussian_conformal,gaussian,480,pitch,20,2.0,542880,9,0.1,0.49505231358679636,0.2668638699486103,1.5142490935932333,0.1259910743852618,0.0629955371926309,0.0,0.48877818302387266,0.5019557729148246,0,False,256204,,,,,conformal,unseen_seastate,1.7994950774677116
tcn_gaussian_conformal,gaussian,480,pitch,30,3.0,542880,9,0.1,0.4817528735632184,0.494968882376071,3.0022260485648684,0.24286445924909678,0.12143222962454839,0.0,0.47485226937813146,0.48940617631889183,0,False,256204,,,,,conformal,unseen_seastate,1.7992884411802126
tcn_gaussian_conformal,gaussian,480,pitch,50,5.0,542880,9,0.1,0.5515804597701149,1.012338736180098,4.858235051462681,0.4121132578561864,0.20605662892809304,0.0,0.5441828765104627,0.5592384596964338,0,False,256204,,,,,conformal,unseen_seastate,1.799307264730753
tcn_gaussian_conformal,gaussian,480,pitch,100,10.0,542880,9,0.1,0.5995855437665782,2.8694138969985215,10.602549586788543,1.0013433385060855,0.5006716692530425,0.0,0.5906303879310344,0.6081763465222517,0,False,256204,,,,,conformal,unseen_seastate,1.7986835875269107
tcn_gaussian_conformal,gaussian,480,pitch,150,15.0,542880,9,0.1,0.7334106984969054,5.735435403956237,11.318869490739624,1.291612207701328,0.6458061038506634,0.0,0.7233972056439729,0.7432504420866489,0,False,256204,,,,,conformal,unseen_seastate,1.799090637361259
tcn_gaussian_conformal,gaussian,480,heave,10,1.0,542880,9,0.1,0.7289216769820218,0.032879096368153365,0.08232099165501765,0.008350888305795683,0.004175444152897841,0.0,0.7230196820660183,0.735167716622458,0,False,256204,,,,,conformal,unseen_seastate,1.3052269451126672
tcn_gaussian_conformal,gaussian,480,heave,20,2.0,542880,9,0.1,0.5946175950486295,0.06744546844744136,0.2823003228239797,0.025031481616903193,0.012515740808451605,0.0,0.5891279380341881,0.6001845711759505,0,False,256204,,,,,conformal,unseen_seastate,1.3051890619407918
tcn_gaussian_conformal,gaussian,480,heave,30,3.0,542880,9,0.1,0.5065686707928088,0.1510126537841694,0.7595117280123427,0.06540251631288999,0.032701258156444986,0.0,0.5004881373415856,0.5129187389478338,0,False,256204,,,,,conformal,unseen_seastate,1.3051257868066772
tcn_gaussian_conformal,gaussian,480,heave,50,5.0,542880,9,0.1,0.44216585617447685,0.4175467557343171,2.5778693833479727,0.20971513529427918,0.10485756764713963,0.0,0.43694513520483347,0.44726850316828765,0,False,256204,,,,,conformal,unseen_seastate,1.305196114559555
tcn_gaussian_conformal,gaussian,480,heave,100,10.0,542880,9,0.1,0.4619676539935161,1.1700924503682546,6.699862533563738,0.5666511474956162,0.2833255737478085,0.0,0.45491568118184494,0.46941022877984084,0,False,256204,,,,,conformal,unseen_seastate,1.3048466130537075
tcn_gaussian_conformal,gaussian,480,heave,150,15.0,542880,9,0.1,0.5842746094901268,2.5628701457821106,8.561611857933935,0.8594940487645814,0.42974702438229084,0.0,0.5752108200707339,0.5933008675950486,0,False,256204,,,,,conformal,unseen_seastate,1.3047382588874747
tcn_gaussian_conformal,gaussian,480,roll_rate,10,1.0,542880,9,0.1,0.6542164014146773,0.11600584867988337,0.5729991152740771,0.046658723075063795,0.02332936153753188,0.0,0.6431102177276746,0.6647347019599176,0,False,256204,,,,,conformal,unseen_seastate,3.299047438683298
tcn_gaussian_conformal,gaussian,480,roll_rate,20,2.0,542880,9,0.1,0.5531130268199234,0.19478244754378593,1.2899002391911851,0.10004860580913615,0.05002430290456801,0.0,0.5427191552460949,0.5638949675803124,0,False,256204,,,,,conformal,unseen_seastate,3.2992335448738204
tcn_gaussian_conformal,gaussian,480,roll_rate,30,3.0,542880,9,0.1,0.514004936634247,0.232405006837562,1.860418021419216,0.13876530686316702,0.06938265343158354,0.0,0.5017129476127321,0.5271850132625995,0,False,256204,,,,,conformal,unseen_seastate,3.299677627607726
tcn_gaussian_conformal,gaussian,480,roll_rate,50,5.0,542880,9,0.1,0.568770262304745,0.5007450624920972,2.505106845830615,0.2127907724757883,0.10639538623789414,0.0,0.5641948036398468,0.5733484379605068,0,False,256204,,,,,conformal,unseen_seastate,3.3008478104739085
tcn_gaussian_conformal,gaussian,480,roll_rate,100,10.0,542880,9,0.1,0.5634560123784261,1.6734193561574344,7.49328947774781,0.6844045991400939,0.34220229957004666,0.0,0.5530729627173593,0.573436578986148,0,False,256204,,,,,conformal,unseen_seastate,3.3023390388764846
tcn_gaussian_conformal,gaussian,480,roll_rate,150,15.0,542880,9,0.1,0.7098069554966107,4.08927255348849,10.332068439978524,1.113466310134109,0.556733155067054,0.0,0.6975075523135869,0.7213483642793987,0,False,256204,,,,,conformal,unseen_seastate,3.303717238675165
tcn_gaussian_conformal,gaussian,480,pitch_rate,10,1.0,542880,9,0.1,0.5376031535514294,0.13750063384774153,0.6613368259109341,0.05642492699107417,0.02821246349553708,0.0,0.5294060842175067,0.5459032843353964,0,False,256204,,,,,conformal,unseen_seastate,1.256288669542056
tcn_gaussian_conformal,gaussian,480,pitch_rate,20,2.0,542880,9,0.1,0.48859600648393753,0.2813479546697575,1.6575341003862845,0.1350813343163697,0.06754066715818485,0.0,0.48086004273504274,0.4969996592248747,0,False,256204,,,,,conformal,unseen_seastate,1.2564720932103477
tcn_gaussian_conformal,gaussian,480,pitch_rate,30,3.0,542880,9,0.1,0.5127155172413793,0.38586616140345065,1.8634592568562403,0.1502740341844616,0.07513701709223088,0.0,0.4971976772030651,0.5278272362216327,0,False,256204,,,,,conformal,unseen_seastate,1.2564709426767824
tcn_gaussian_conformal,gaussian,480,pitch_rate,50,5.0,542880,9,0.1,0.48272730621868554,0.8613107564306939,5.265301824657037,0.4232426213847955,0.21162131069239762,0.0,0.47171870394930737,0.49462054229295604,0,False,256204,,,,,conformal,unseen_seastate,1.2560499558821334
tcn_gaussian_conformal,gaussian,480,pitch_rate,100,10.0,542880,9,0.1,0.5902390951959917,2.5658095197174946,8.470441528463025,0.8006395238787001,0.40031976193935015,0.0,0.5767308152814619,0.6044916464043619,0,False,256204,,,,,conformal,unseen_seastate,1.2558852337264772
tcn_gaussian_conformal,gaussian,480,pitch_rate,150,15.0,542880,9,0.1,0.7767388741526673,4.0482220000767075,7.302131408957241,0.8604466821163067,0.43022334105815324,0.0,0.765366010904804,0.7882482316534041,0,False,256204,,,,,conformal,unseen_seastate,1.2565624407980214
tcn_gaussian_conformal,gaussian,480,heave_rate,10,1.0,542880,9,0.1,0.5628186707928087,0.029325032135692052,0.14198136923738577,0.012037027368957473,0.006018513684478739,0.0,0.5551981561302682,0.5706109084880637,0,False,256204,,,,,conformal,unseen_seastate,0.734348118721256
tcn_gaussian_conformal,gaussian,480,heave_rate,20,2.0,542880,9,0.1,0.5136015325670498,0.07521634595653241,0.3624689238553719,0.03155057885240283,0.01577528942620142,0.0,0.5064357684939581,0.5211673390067787,0,False,256204,,,,,conformal,unseen_seastate,0.7343764911329834
tcn_gaussian_conformal,gaussian,480,heave_rate,30,3.0,542880,9,0.1,0.44893530798703213,0.1278849115744518,0.7538395087779671,0.06226242905779129,0.03113121452889565,0.0,0.44202507920719125,0.4564121905393457,0,False,256204,,,,,conformal,unseen_seastate,0.7344107746237766
tcn_gaussian_conformal,gaussian,480,heave_rate,50,5.0,542880,9,0.1,0.4278146183318597,0.19487461059072536,1.2882085299881316,0.09932103252213373,0.04966051626106684,0.0,0.41317708333333336,0.44245510057471266,0,False,256204,,,,,conformal,unseen_seastate,0.734264962236321
tcn_gaussian_conformal,gaussian,480,heave_rate,100,10.0,542880,9,0.1,0.4648485853227233,0.7494907124313879,3.9422322133830527,0.3300841026468284,0.16504205132341424,0.0,0.45055504899793697,0.4786561026377837,0,False,256204,,,,,conformal,unseen_seastate,0.7341029397003275
tcn_gaussian_conformal,gaussian,480,heave_rate,150,15.0,542880,9,0.1,0.6072962717359269,1.5053133634067797,4.5947595074430705,0.4586716030635795,0.22933580153178967,0.0,0.5942159869584438,0.6208783709106985,0,False,256204,,,,,conformal,unseen_seastate,0.7341299638155024
tcn_gaussian_conformal,gaussian,480,roll,10,1.0,542880,9,0.1,0.7613247863247863,0.17098929049804823,0.38807300555657803,0.03665929398898871,0.018329646994494353,0.0,0.7537826038903624,0.7686626418361332,1,False,256204,,,,,conformal,unseen_seastate,6.257000679431415
tcn_gaussian_conformal,gaussian,480,roll,20,2.0,542880,9,0.1,0.6925950486295314,0.2864937535993722,1.1179125270150603,0.09843796102545488,0.04921898051272742,0.0,0.6832841511936341,0.7015127192012968,1,False,256204,,,,,conformal,unseen_seastate,6.258149735730003
tcn_gaussian_conformal,gaussian,480,roll,30,3.0,542880,9,0.1,0.6331730769230769,0.5185480088153728,2.3869859177387664,0.2016114209837781,0.100805710491889,0.0,0.6219052553050398,0.6443628886678455,1,False,256204,,,,,conformal,unseen_seastate,6.258818948538503
tcn_gaussian_conformal,gaussian,480,roll,50,5.0,542880,9,0.1,0.5670498084291188,0.6475373843807541,4.1606997206803005,0.3207755156243498,0.16038775781217482,0.0,0.5536966272472738,0.5804930647656941,1,False,256204,,,,,conformal,unseen_seastate,6.25953903317843
tcn_gaussian_conformal,gaussian,480,roll,100,10.0,542880,9,0.1,0.645485190097259,2.3919621592419955,8.383999119295748,0.7834712059635475,0.391735602981774,0.0,0.6307378702475686,0.6595964117300324,1,False,256204,,,,,conformal,unseen_seastate,6.263610691806128
tcn_gaussian_conformal,gaussian,480,roll,150,15.0,542880,9,0.1,0.8029454022988506,8.195910790461111,13.351815668999967,1.4528304104250238,0.726415205212511,0.0,0.7926384283819629,0.8118517904509284,1,False,256204,,,,,conformal,unseen_seastate,6.26746488344986
tcn_gaussian_conformal,gaussian,480,pitch,10,1.0,542880,9,0.1,0.6568928676687298,0.10518473639148715,0.3259331563326177,0.03210912869495202,0.016054564347475996,0.0,0.6517879181402888,0.6618913019451813,1,False,256204,,,,,conformal,unseen_seastate,1.7997766828726487
tcn_gaussian_conformal,gaussian,480,pitch,20,2.0,542880,9,0.1,0.5562242116121426,0.34310632115497836,1.404116579053936,0.12978337796270847,0.06489168898135421,0.0,0.5500505176097849,0.5634709328028293,1,False,256204,,,,,conformal,unseen_seastate,1.7994950774677116
tcn_gaussian_conformal,gaussian,480,pitch,30,3.0,542880,9,0.1,0.5327807250221044,0.620065225688949,2.727855396178558,0.24186673558343544,0.12093336779171776,0.0,0.5260296474358974,0.5405420166519305,1,False,256204,,,,,conformal,unseen_seastate,1.7992884411802126
tcn_gaussian_conformal,gaussian,480,pitch,50,5.0,542880,9,0.1,0.6279472443265547,1.2627750030343148,3.8977224674133284,0.37349165155558456,0.18674582577779233,0.0,0.6196323312702623,0.6363758104921897,1,False,256204,,,,,conformal,unseen_seastate,1.799307264730753
tcn_gaussian_conformal,gaussian,480,pitch,100,10.0,542880,9,0.1,0.642930297671677,3.4911543419819355,9.146453729994276,0.9699880565057091,0.48499402825285437,0.0,0.6316824620542293,0.6536482279693486,1,False,256204,,,,,conformal,unseen_seastate,1.7986835875269107
tcn_gaussian_conformal,gaussian,480,pitch,150,15.0,542880,9,0.1,0.7800895225464191,6.9000546985118785,10.680527641869574,1.2492862593567027,0.6246431296783518,0.0,0.7684625976274684,0.7914365513557323,1,False,256204,,,,,conformal,unseen_seastate,1.799090637361259
tcn_gaussian_conformal,gaussian,480,heave,10,1.0,542880,9,0.1,0.7667863984674329,0.04407320414580343,0.08176462603048311,0.008787770230694209,0.0043938851153471035,0.0,0.7602975335249043,0.7727288719422339,1,False,256204,,,,,conformal,unseen_seastate,1.3052269451126672
tcn_gaussian_conformal,gaussian,480,heave,20,2.0,542880,9,0.1,0.6224248452696729,0.09286693639082207,0.30097541457670796,0.028218564702435153,0.014109282351217582,0.0,0.6156973456380783,0.6291050968906572,1,False,256204,,,,,conformal,unseen_seastate,1.3051890619407918
tcn_gaussian_conformal,gaussian,480,heave,30,3.0,542880,9,0.1,0.5515104627173593,0.19625803512954942,0.7553839207534135,0.06922238894867672,0.034611194474338344,0.0,0.5441767978190392,0.5591691534040673,1,False,256204,,,,,conformal,unseen_seastate,1.3051257868066772
tcn_gaussian_conformal,gaussian,480,heave,50,5.0,542880,9,0.1,0.5177092543471854,0.5788850576260318,2.3128331307555277,0.2103159894019492,0.10515799470097459,0.0,0.5099741195107574,0.5252736792661361,1,False,256204,,,,,conformal,unseen_seastate,1.305196114559555
tcn_gaussian_conformal,gaussian,480,heave,100,10.0,542880,9,0.1,0.5027611995284409,1.4058799692771344,6.41607514184753,0.5836314028423345,0.29181570142116736,0.0,0.4962041795608606,0.5097067031388153,1,False,256204,,,,,conformal,unseen_seastate,1.3048466130537075
tcn_gaussian_conformal,gaussian,480,heave,150,15.0,542880,9,0.1,0.6950375773651636,3.8075054467207288,7.739583325940149,0.8452087714347252,0.4226043857173624,0.0,0.6830278330386089,0.7060219109195403,1,False,256204,,,,,conformal,unseen_seastate,1.3047382588874747
tcn_gaussian_conformal,gaussian,480,roll_rate,10,1.0,542880,9,0.1,0.6788793103448276,0.12190845757595048,0.4969165624032917,0.04399438054370763,0.02199719027185377,0.0,0.6665925711022693,0.6904659409077513,1,False,256204,,,,,conformal,unseen_seastate,3.299047438683298
tcn_gaussian_conformal,gaussian,480,roll_rate,20,2.0,542880,9,0.1,0.6276617300324197,0.24645168550679786,1.1422252215412918,0.09788143462677873,0.048940717313389365,0.0,0.6170085009578544,0.6387187776304155,1,False,256204,,,,,conformal,unseen_seastate,3.2992335448738204
tcn_gaussian_conformal,gaussian,480,roll_rate,30,3.0,542880,9,0.1,0.5359140141467728,0.262289796758467,1.7235400123762274,0.1343257761445907,0.06716288807229534,0.0,0.5224596595932803,0.5489425379457707,1,False,256204,,,,,conformal,unseen_seastate,3.299677627607726
tcn_gaussian_conformal,gaussian,480,roll_rate,50,5.0,542880,9,0.1,0.5937886825817861,0.5412645308536431,2.4801494456082778,0.21983384028071565,0.10991692014035791,0.0,0.5866703967727674,0.6012463619952844,1,False,256204,,,,,conformal,unseen_seastate,3.3008478104739085
tcn_gaussian_conformal,gaussian,480,roll_rate,100,10.0,542880,9,0.1,0.5835985853227232,1.7785802388218868,7.489399813678186,0.6915794966335328,0.34578974831676607,0.0,0.5695888594164455,0.5967386899498968,1,False,256204,,,,,conformal,unseen_seastate,3.3023390388764846
tcn_gaussian_conformal,gaussian,480,roll_rate,150,15.0,542880,9,0.1,0.728335912172119,4.251508414478132,9.956304565003732,1.0710539444165543,0.5355269722082764,0.0,0.7149777575154731,0.7408372936928972,1,False,256204,,,,,conformal,unseen_seastate,3.303717238675165
tcn_gaussian_conformal,gaussian,480,pitch_rate,10,1.0,542880,9,0.1,0.5861055850279988,0.15590716721111228,0.6613399286614253,0.05994522027498368,0.02997261013749183,0.0,0.5770069812849985,0.5956712348953729,1,False,256204,,,,,conformal,unseen_seastate,1.256288669542056
tcn_gaussian_conformal,gaussian,480,pitch_rate,20,2.0,542880,9,0.1,0.5664327291482464,0.3582921278294391,1.4879685753723941,0.1353123357016995,0.06765616785084974,0.0,0.5588702383583849,0.5752349506336575,1,False,256204,,,,,conformal,unseen_seastate,1.2564720932103477
tcn_gaussian_conformal,gaussian,480,pitch_rate,30,3.0,542880,9,0.1,0.5529085617447687,0.42080584356775935,1.782092220060291,0.15579767056646474,0.07789883528323241,0.0,0.5401534409077513,0.5666273854258768,1,False,256204,,,,,conformal,unseen_seastate,1.2564709426767824
tcn_gaussian_conformal,gaussian,480,pitch_rate,50,5.0,542880,9,0.1,0.5221301208370174,0.8706794383965271,4.405075611077912,0.3777150308104178,0.18885751540520881,0.0,0.5116946194370763,0.53373655319776,1,False,256204,,,,,conformal,unseen_seastate,1.2560499558821334
tcn_gaussian_conformal,gaussian,480,pitch_rate,100,10.0,542880,9,0.1,0.6361332154435603,2.6822781661972304,7.279084006109382,0.7115918532470409,0.35579592662352066,0.0,0.6212976624668435,0.6519291556145005,1,False,256204,,,,,conformal,unseen_seastate,1.2558852337264772
tcn_gaussian_conformal,gaussian,480,pitch_rate,150,15.0,542880,9,0.1,0.7963472590627763,3.869368044849746,6.236181111684373,0.7536817208321034,0.37684086041605164,0.0,0.7839628463012084,0.8077104056145004,1,False,256204,,,,,conformal,unseen_seastate,1.2565624407980214
tcn_gaussian_conformal,gaussian,480,heave_rate,10,1.0,542880,9,0.1,0.6287835249042145,0.04091803055995881,0.1400573234979836,0.012848394918687224,0.00642419745934361,0.0,0.6207393899204243,0.6370929579280872,1,False,256204,,,,,conformal,unseen_seastate,0.734348118721256
tcn_gaussian_conformal,gaussian,480,heave_rate,20,2.0,542880,9,0.1,0.5471540671971706,0.08760366910098186,0.3598806116906799,0.032394085936115216,0.016197042968057615,0.0,0.5398392830828176,0.55459866821397,1,False,256204,,,,,conformal,unseen_seastate,0.7343764911329834
tcn_gaussian_conformal,gaussian,480,heave_rate,30,3.0,542880,9,0.1,0.49824454759799586,0.15298726925020117,0.6927712223194962,0.06182296847616008,0.03091148423808006,0.0,0.4908273006926024,0.5054854664014147,1,False,256204,,,,,conformal,unseen_seastate,0.7344107746237766
tcn_gaussian_conformal,gaussian,480,heave_rate,50,5.0,542880,9,0.1,0.45079207191276155,0.21202384613661274,1.1955244826121034,0.09781068007071503,0.04890534003535754,0.0,0.4388489629384026,0.46365472111700556,1,False,256204,,,,,conformal,unseen_seastate,0.734264962236321
tcn_gaussian_conformal,gaussian,480,heave_rate,100,10.0,542880,9,0.1,0.5482113910993222,0.940891913216807,3.3638871692895913,0.3035503250871076,0.15177516254355383,0.0,0.5320201057323902,0.5661595564397288,1,False,256204,,,,,conformal,unseen_seastate,0.7341029397003275
tcn_gaussian_conformal,gaussian,480,heave_rate,150,15.0,542880,9,0.1,0.6486405835543767,1.7481105882552126,4.415626432369391,0.46353418062433055,0.2317670903121651,0.0,0.6353023227969349,0.662301245210728,1,False,256204,,,,,conformal,unseen_seastate,0.7341299638155024
tcn_gaussian_conformal,gaussian,480,roll,10,1.0,542880,9,0.1,0.7638686265841438,0.11592026041254175,0.2481656827738667,0.02446459311845351,0.012232296559226759,0.0,0.757515288829944,0.7697550103153551,2,False,256204,,,,,conformal,unseen_seastate,6.257000679431415
tcn_gaussian_conformal,gaussian,480,roll,20,2.0,542880,9,0.1,0.6573570586501621,0.20539684388189353,0.7593725615758352,0.06909772044289812,0.03454886022144905,0.0,0.6467504328765105,0.6671844146035957,2,False,256204,,,,,conformal,unseen_seastate,6.258149735730003
tcn_gaussian_conformal,gaussian,480,roll,30,3.0,542880,9,0.1,0.5932231800766283,0.4013825822236089,1.7900602188497843,0.15584410264156542,0.07792205132078267,0.0,0.5808285440613027,0.6050832136015326,2,False,256204,,,,,conformal,unseen_seastate,6.258818948538503
tcn_gaussian_conformal,gaussian,480,roll,50,5.0,542880,9,0.1,0.6528533009136458,0.6931416534236967,2.6241681664955623,0.23838468510331245,0.11919234255165631,0.0,0.6417692215590923,0.6642636033745948,2,False,256204,,,,,conformal,unseen_seastate,6.25953903317843
tcn_gaussian_conformal,gaussian,480,roll,100,10.0,542880,9,0.1,0.7024627910403772,2.650840340010502,7.038426869770396,0.712516379978145,0.35625818998907305,0.0,0.6902899351606249,0.7142012507368111,2,False,256204,,,,,conformal,unseen_seastate,6.263610691806128
tcn_gaussian_conformal,gaussian,480,roll,150,15.0,542880,9,0.1,0.7978743000294725,8.092195109162265,12.989285042175732,1.4333202655307427,0.7166601327653709,0.0,0.7886456491305629,0.8057290285145889,2,False,256204,,,,,conformal,unseen_seastate,6.26746488344986
tcn_gaussian_conformal,gaussian,480,pitch,10,1.0,542880,9,0.1,0.6618313439434129,0.08554829368635004,0.2804372389639438,0.02776864517015097,0.013884322585075479,0.0,0.6536724506336575,0.6699699749484233,2,False,256204,,,,,conformal,unseen_seastate,1.7997766828726487
tcn_gaussian_conformal,gaussian,480,pitch,20,2.0,542880,9,0.1,0.5747255378720896,0.2943644448166362,1.1887530247560878,0.1118376170336062,0.05591880851680311,0.0,0.5667988321544356,0.5827265694076039,2,False,256204,,,,,conformal,unseen_seastate,1.7994950774677116
tcn_gaussian_conformal,gaussian,480,pitch,30,3.0,542880,9,0.1,0.566235632183908,0.5912126508181804,2.373170570544147,0.2200188472026328,0.11000942360131641,0.0,0.5579505599764221,0.5749172929560861,2,False,256204,,,,,conformal,unseen_seastate,1.7992884411802126
tcn_gaussian_conformal,gaussian,480,pitch,50,5.0,542880,9,0.1,0.6514312555260832,1.2939413007005258,3.297696346703298,0.34067596482861223,0.17033798241430617,0.0,0.642603429855585,0.6611051245210727,2,False,256204,,,,,conformal,unseen_seastate,1.799307264730753
tcn_gaussian_conformal,gaussian,480,pitch,100,10.0,542880,9,0.1,0.6359950633657531,3.409770766403174,8.885115995852633,0.9602931789819796,0.4801465894909897,0.0,0.6264919042882404,0.6458467801355733,2,False,256204,,,,,conformal,unseen_seastate,1.7986835875269107
tcn_gaussian_conformal,gaussian,480,pitch,150,15.0,542880,9,0.1,0.7939968317123489,7.328937978877608,11.194528577429686,1.331639673425301,0.6658198367126504,0.0,0.7855426613616269,0.8021482648099028,2,False,256204,,,,,conformal,unseen_seastate,1.799090637361259
tcn_gaussian_conformal,gaussian,480,heave,10,1.0,542880,9,0.1,0.775038682581786,0.030224442131121163,0.0587076897890929,0.0063940235387906375,0.0031970117693953166,0.0,0.7684721761715296,0.7816114518862364,2,False,256204,,,,,conformal,unseen_seastate,1.3052269451126672
tcn_gaussian_conformal,gaussian,480,heave,20,2.0,542880,9,0.1,0.6742723990568819,0.07444583755170787,0.2144537182655659,0.02107958800108061,0.010539794000540304,0.0,0.6679758418066608,0.6807060492189801,2,False,256204,,,,,conformal,unseen_seastate,1.3051890619407918
tcn_gaussian_conformal,gaussian,480,heave,30,3.0,542880,9,0.1,0.555581343943413,0.16410499408635248,0.6563839724288834,0.06074985151878653,0.03037492575939328,0.0,0.5497607666519304,0.5620941091954023,2,False,256204,,,,,conformal,unseen_seastate,1.3051257868066772
tcn_gaussian_conformal,gaussian,480,heave,50,5.0,542880,9,0.1,0.4781517094017094,0.4834567855607638,2.4161582022043553,0.20983004591979001,0.10491502295989504,0.0,0.4727742318744474,0.48339983053345126,2,False,256204,,,,,conformal,unseen_seastate,1.305196114559555
tcn_gaussian_conformal,gaussian,480,heave,100,10.0,542880,9,0.1,0.5052368847627469,1.381060946668023,6.320528432444248,0.5732882838782148,0.2866441419391073,0.0,0.4972568523430593,0.5133329188771,2,False,256204,,,,,conformal,unseen_seastate,1.3048466130537075
tcn_gaussian_conformal,gaussian,480,heave,150,15.0,542880,9,0.1,0.6784353816681403,3.2760355309139104,7.639095892409414,0.8192884675452231,0.40964423377261167,0.0,0.6691320365458296,0.6867512617889773,2,False,256204,,,,,conformal,unseen_seastate,1.3047382588874747
tcn_gaussian_conformal,gaussian,480,roll_rate,10,1.0,542880,9,0.1,0.732049440023578,0.113320696429649,0.28023942445672584,0.02898849922184455,0.014494249610922291,0.0,0.7250785624815798,0.7381676429413498,2,False,256204,,,,,conformal,unseen_seastate,3.299047438683298
tcn_gaussian_conformal,gaussian,480,roll_rate,20,2.0,542880,9,0.1,0.6482924403183024,0.22050364097619232,0.7712727628210346,0.07388321828189437,0.03694160914094716,0.0,0.6378904177718833,0.658693127394636,2,False,256204,,,,,conformal,unseen_seastate,3.2992335448738204
tcn_gaussian_conformal,gaussian,480,roll_rate,30,3.0,542880,9,0.1,0.6558576480990274,0.30914138988062384,1.068681761075862,0.10170377450284475,0.050851887251422374,0.0,0.6451763741526673,0.6670598014294135,2,False,256204,,,,,conformal,unseen_seastate,3.299677627607726
tcn_gaussian_conformal,gaussian,480,roll_rate,50,5.0,542880,9,0.1,0.6434958001768346,0.5716186427513652,2.0365985791867827,0.19753054199759243,0.09876527099879624,0.0,0.632733384910109,0.6540803676687297,2,False,256204,,,,,conformal,unseen_seastate,3.3008478104739085
tcn_gaussian_conformal,gaussian,480,roll_rate,100,10.0,542880,9,0.1,0.606343943412909,1.92454632696567,7.752242730583643,0.7326782593668741,0.3663391296834373,0.0,0.5928864113616269,0.6188248323754789,2,False,256204,,,,,conformal,unseen_seastate,3.3023390388764846
tcn_gaussian_conformal,gaussian,480,roll_rate,150,15.0,542880,9,0.1,0.7778790893015031,5.03109097589795,9.498274373250018,1.0924463713465251,0.5462231856732631,0.0,0.7677572391688771,0.7867709714854111,2,False,256204,,,,,conformal,unseen_seastate,3.303717238675165
tcn_gaussian_conformal,gaussian,480,pitch_rate,10,1.0,542880,9,0.1,0.6131889183613322,0.13676453321091228,0.5023915605479429,0.04785949347515767,0.023929746737578847,0.0,0.6071662706307103,0.6192366176687297,2,False,256204,,,,,conformal,unseen_seastate,1.256288669542056
tcn_gaussian_conformal,gaussian,480,pitch_rate,20,2.0,542880,9,0.1,0.5883031240789861,0.3494565686301333,1.2665908040467553,0.12173962809646849,0.06086981404823421,0.0,0.5806712348953728,0.5967968980253463,2,False,256204,,,,,conformal,unseen_seastate,1.2564720932103477
tcn_gaussian_conformal,gaussian,480,pitch_rate,30,3.0,542880,9,0.1,0.5938992042440319,0.48014360856195565,1.5211856897943363,0.1415351245724232,0.07076756228621159,0.0,0.581426051797819,0.6074970067049809,2,False,256204,,,,,conformal,unseen_seastate,1.2564709426767824
tcn_gaussian_conformal,gaussian,480,pitch_rate,50,5.0,542880,9,0.1,0.5422726937813145,1.0017089156569827,4.159750265785532,0.3788283690758117,0.1894141845379059,0.0,0.5313491931918656,0.5549753168287651,2,False,256204,,,,,conformal,unseen_seastate,1.2560499558821334
tcn_gaussian_conformal,gaussian,480,pitch_rate,100,10.0,542880,9,0.1,0.6492060860595343,3.347808263733346,7.258309441148296,0.7314937156437976,0.36574685782189914,0.0,0.6336568394488653,0.6635475611553198,2,False,256204,,,,,conformal,unseen_seastate,1.2558852337264772
tcn_gaussian_conformal,gaussian,480,pitch_rate,150,15.0,542880,9,0.1,0.8347388004715591,4.616213020579079,6.255185335963479,0.7485840536026,0.37429202680130047,0.0,0.8240812886825818,0.8444187481579722,2,False,256204,,,,,conformal,unseen_seastate,1.2565624407980214
tcn_gaussian_conformal,gaussian,480,heave_rate,10,1.0,542880,9,0.1,0.6399904214559387,0.03114862895635086,0.10167139745154322,0.009708906150741062,0.004854453075370533,0.0,0.6342927995137048,0.6456657548629531,2,False,256204,,,,,conformal,unseen_seastate,0.734348118721256
tcn_gaussian_conformal,gaussian,480,heave_rate,20,2.0,542880,9,0.1,0.5751068376068376,0.08190474487620031,0.304443305418126,0.028588394189109533,0.014294197094554748,0.0,0.5700081509725907,0.5807767830828175,2,False,256204,,,,,conformal,unseen_seastate,0.7343764911329834
tcn_gaussian_conformal,gaussian,480,heave_rate,30,3.0,542880,9,0.1,0.49752799882110227,0.14182974303726373,0.6612412005228283,0.059106859324119895,0.029553429662059927,0.0,0.49113947833775423,0.5038982371794871,2,False,256204,,,,,conformal,unseen_seastate,0.7344107746237766
tcn_gaussian_conformal,gaussian,480,heave_rate,50,5.0,542880,9,0.1,0.4670774388446802,0.21794603883221447,1.194248901375275,0.09711134303209541,0.048555671516047685,0.0,0.4536983311229001,0.4805578580901857,2,False,256204,,,,,conformal,unseen_seastate,0.734264962236321
tcn_gaussian_conformal,gaussian,480,heave_rate,100,10.0,542880,9,0.1,0.5272399056881816,0.995776176434581,3.820540153777424,0.3245578578653288,0.16227892893266446,0.0,0.508033267020336,0.5458504641909814,2,False,256204,,,,,conformal,unseen_seastate,0.7341029397003275
tcn_gaussian_conformal,gaussian,480,heave_rate,150,15.0,542880,9,0.1,0.6611368994989685,1.8430778726687502,4.406022667072426,0.45806610710465007,0.22903305355232514,0.0,0.648041141688771,0.6743802037282641,2,False,256204,,,,,conformal,unseen_seastate,0.7341299638155024
lstm_quantile_conformal,quantile,480,roll,10,1.0,542880,9,0.1,0.2453028293545535,0.26791032546429006,10.818481110307864,0.6076115233224126,0.3038057616612062,0.0,0.23844440760389038,0.2529217322428529,0,False,1247528,,,,,conformal,unseen_seastate,6.257000679431415
lstm_quantile_conformal,quantile,480,roll,20,2.0,542880,9,0.1,0.23930334512231063,0.2603367208981415,10.88414406926249,0.6090982496129481,0.3045491248064744,0.0,0.23248577033598586,0.24664216769820216,0,False,1247528,,,,,conformal,unseen_seastate,6.258149735730003
lstm_quantile_conformal,quantile,480,roll,30,3.0,542880,9,0.1,0.23465590922487475,0.26824954815489677,11.366505023703787,0.6359399567067944,0.3179699783533969,0.0,0.22723534666961392,0.24214342948717948,0,False,1247528,,,,,conformal,unseen_seastate,6.258818948538503
lstm_quantile_conformal,quantile,480,roll,50,5.0,542880,9,0.1,0.25146256999705274,0.32206774598112337,11.5791842914355,0.6590342296821662,0.32951711484108304,0.0,0.24407005231358678,0.25923122973769525,0,False,1247528,,,,,conformal,unseen_seastate,6.25953903317843
lstm_quantile_conformal,quantile,480,roll,100,10.0,542880,9,0.1,0.29785219569702326,0.8635135277438344,15.916210747933528,1.0009027377923312,0.5004513688961654,0.0,0.28945296382257585,0.30608725685234306,0,False,1247528,,,,,conformal,unseen_seastate,6.263610691806128
lstm_quantile_conformal,quantile,480,roll,150,15.0,542880,9,0.1,0.3486350574712644,2.0414220771359664,23.28575596928358,1.6275801321160452,0.8137900660580225,0.0,0.34394516283524906,0.353415487768936,0,False,1247528,,,,,conformal,unseen_seastate,6.26746488344986
lstm_quantile_conformal,quantile,480,pitch,10,1.0,542880,9,0.1,0.2901027851458886,0.12487249973365318,3.705201828327769,0.21537051580430605,0.10768525790215293,0.0,0.28484457891246684,0.29490541187739466,0,False,1247528,,,,,conformal,unseen_seastate,1.7997766828726487
lstm_quantile_conformal,quantile,480,pitch,20,2.0,542880,9,0.1,0.24019672855879753,0.13280035808716273,4.755598700465795,0.27078874155089827,0.13539437077544914,0.0,0.23419517204538756,0.24613814286766875,0,False,1247528,,,,,conformal,unseen_seastate,1.7994950774677116
lstm_quantile_conformal,quantile,480,pitch,30,3.0,542880,9,0.1,0.2284888004715591,0.17824107925038501,5.906644449199506,0.3404790643365683,0.17023953216828427,0.0,0.2218576388888889,0.23528081712348956,0,False,1247528,,,,,conformal,unseen_seastate,1.7992884411802126
lstm_quantile_conformal,quantile,480,pitch,50,5.0,542880,9,0.1,0.28432066018272917,0.37784559533852374,7.626452729838116,0.4737958537543787,0.23689792687718952,0.0,0.2795994510757442,0.28898361516357207,0,False,1247528,,,,,conformal,unseen_seastate,1.799307264730753
lstm_quantile_conformal,quantile,480,pitch,100,10.0,542880,9,0.1,0.3663590480400825,1.485146838517811,15.176459358545719,1.0898120659622488,0.5449060329811246,0.0,0.35937744068670796,0.3739331436044798,0,False,1247528,,,,,conformal,unseen_seastate,1.7986835875269107
lstm_quantile_conformal,quantile,480,pitch,150,15.0,542880,9,0.1,0.47161066902446214,2.935875462992418,15.978104181623458,1.3907670857040568,0.6953835428520289,0.0,0.46469196691718245,0.47878928124078984,0,False,1247528,,,,,conformal,unseen_seastate,1.799090637361259
lstm_quantile_conformal,quantile,480,heave,10,1.0,542880,9,0.1,0.21848843206601828,0.0551210875170958,2.6557943011792657,0.1468011368915521,0.07340056844577605,0.0,0.2136643457117595,0.2231784648541114,0,False,1247528,,,,,conformal,unseen_seastate,1.3052269451126672
lstm_quantile_conformal,quantile,480,heave,20,2.0,542880,9,0.1,0.20976827291482464,0.05312616074285655,2.666945123230134,0.14701622200309503,0.07350811100154751,0.0,0.2052973032714412,0.2138895796492779,0,False,1247528,,,,,conformal,unseen_seastate,1.3051890619407918
lstm_quantile_conformal,quantile,480,heave,30,3.0,542880,9,0.1,0.21927129384025937,0.06386524094999586,2.7592088582076078,0.15401546469526173,0.07700773234763084,0.0,0.2145388483642794,0.22367650309460654,0,False,1247528,,,,,conformal,unseen_seastate,1.3051257868066772
lstm_quantile_conformal,quantile,480,heave,50,5.0,542880,9,0.1,0.20274830533451224,0.14752516394301685,4.423855709930629,0.2590944843917537,0.12954724219587677,0.0,0.19786868184497494,0.2075379457707044,0,False,1247528,,,,,conformal,unseen_seastate,1.305196114559555
lstm_quantile_conformal,quantile,480,heave,100,10.0,542880,9,0.1,0.2449638962569997,0.4993150723225383,9.700578586589273,0.6098524643327783,0.30492623216638903,0.0,0.24020953065134099,0.2504664474653699,0,False,1247528,,,,,conformal,unseen_seastate,1.3048466130537075
lstm_quantile_conformal,quantile,480,heave,150,15.0,542880,9,0.1,0.32267536103743,1.1664969264236162,13.384089796424155,0.946030253498738,0.4730151267493689,0.0,0.3179607371794872,0.32817201775714705,0,False,1247528,,,,,conformal,unseen_seastate,1.3047382588874747
lstm_quantile_conformal,quantile,480,roll_rate,10,1.0,542880,9,0.1,0.26318155025051576,0.16194963828427647,5.74316321701086,0.3276969328555025,0.16384846642775117,0.0,0.2570708535956381,0.2688904085617448,0,False,1247528,,,,,conformal,unseen_seastate,3.299047438683298
lstm_quantile_conformal,quantile,480,roll_rate,20,2.0,542880,9,0.1,0.2544134983790156,0.1670973368768418,6.189164356986276,0.3513123883937511,0.17565619419687523,0.0,0.24793310676392574,0.2613966714559387,0,False,1247528,,,,,conformal,unseen_seastate,3.2992335448738204
lstm_quantile_conformal,quantile,480,roll_rate,30,3.0,542880,9,0.1,0.25079944002357796,0.17918056430105303,6.378194561844426,0.36339952207012294,0.18169976103506144,0.0,0.24381516173003243,0.2582969072354848,0,False,1247528,,,,,conformal,unseen_seastate,3.299677627607726
lstm_quantile_conformal,quantile,480,roll_rate,50,5.0,542880,9,0.1,0.2820439139404657,0.23021477625444292,6.205183421263216,0.36582066333444535,0.1829103316672227,0.0,0.27600699049513705,0.2877211354258768,0,False,1247528,,,,,conformal,unseen_seastate,3.3008478104739085
lstm_quantile_conformal,quantile,480,roll_rate,100,10.0,542880,9,0.1,0.30953433539640435,0.746966036178097,10.618247761053485,0.7059481744465069,0.35297408722325346,0.0,0.30404136273209553,0.31521625405246095,0,False,1247528,,,,,conformal,unseen_seastate,3.3023390388764846
lstm_quantile_conformal,quantile,480,roll_rate,150,15.0,542880,9,0.1,0.3570236516357206,1.5800064866057522,17.017289234771113,1.212871658169931,0.606435829084966,0.0,0.35218275677866195,0.36239293213969936,0,False,1247528,,,,,conformal,unseen_seastate,3.303717238675165
lstm_quantile_conformal,quantile,480,pitch_rate,10,1.0,542880,9,0.1,0.3015012525788388,0.11950360428893014,2.801137848803279,0.16864631424605167,0.0843231571230258,0.0,0.2964043158709107,0.3067035532714412,0,False,1247528,,,,,conformal,unseen_seastate,1.256288669542056
lstm_quantile_conformal,quantile,480,pitch_rate,20,2.0,542880,9,0.1,0.27392057176539936,0.1380419926210908,3.5448876133493252,0.2111836511016926,0.1055918255508464,0.0,0.26687555260831125,0.2812752357795461,0,False,1247528,,,,,conformal,unseen_seastate,1.2564720932103477
lstm_quantile_conformal,quantile,480,pitch_rate,30,3.0,542880,9,0.1,0.287328691423519,0.15752738362832508,3.5643285639850912,0.2152503806970792,0.1076251903485395,0.0,0.2811097756410256,0.2944899885794282,0,False,1247528,,,,,conformal,unseen_seastate,1.2564709426767824
lstm_quantile_conformal,quantile,480,pitch_rate,50,5.0,542880,9,0.1,0.2877210433244916,0.3885226846642745,7.193473437272939,0.4539604112143428,0.2269802056071713,0.0,0.2813433908045977,0.293849837901562,0,False,1247528,,,,,conformal,unseen_seastate,1.2560499558821334
lstm_quantile_conformal,quantile,480,pitch_rate,100,10.0,542880,9,0.1,0.3805942381373416,1.4761690128107914,11.23387017400114,0.8740969893899879,0.43704849469499374,0.0,0.37059644857058655,0.3912106727085175,0,False,1247528,,,,,conformal,unseen_seastate,1.2558852337264772
lstm_quantile_conformal,quantile,480,pitch_rate,150,15.0,542880,9,0.1,0.4757110226937813,2.316147488530446,11.874163200410173,1.0498243982882038,0.5249121991441021,0.0,0.4677786066902446,0.4829333830680813,0,False,1247528,,,,,conformal,unseen_seastate,1.2565624407980214
lstm_quantile_conformal,quantile,480,heave_rate,10,1.0,542880,9,0.1,0.25887857353374594,0.038479173691623236,1.469354672533522,0.08294824169660873,0.04147412084830436,0.0,0.25382147067491895,0.26352264773062184,0,False,1247528,,,,,conformal,unseen_seastate,0.734348118721256
lstm_quantile_conformal,quantile,480,heave_rate,20,2.0,542880,9,0.1,0.25097259062776306,0.04064626075994744,1.5658461039736373,0.0883526831243162,0.04417634156215814,0.0,0.24619225243147658,0.25550678787208964,0,False,1247528,,,,,conformal,unseen_seastate,0.7343764911329834
lstm_quantile_conformal,quantile,480,heave_rate,30,3.0,542880,9,0.1,0.23964780430297672,0.05501855763408406,1.7149091379076202,0.09948669743203613,0.04974334871601805,0.0,0.23425024867374006,0.2453657346006484,0,False,1247528,,,,,conformal,unseen_seastate,0.7344107746237766
lstm_quantile_conformal,quantile,480,heave_rate,50,5.0,542880,9,0.1,0.19440207780725022,0.08476383807726724,2.449778086649632,0.14413441221923684,0.07206720610961842,0.0,0.18954179560860596,0.20021643825523136,0,False,1247528,,,,,conformal,unseen_seastate,0.734264962236321
lstm_quantile_conformal,quantile,480,heave_rate,100,10.0,542880,9,0.1,0.2997163277335691,0.39208942204333314,5.18255147531295,0.35167125291043627,0.1758356264552181,0.0,0.29172745358090185,0.3073869916003537,0,False,1247528,,,,,conformal,unseen_seastate,0.7341029397003275
lstm_quantile_conformal,quantile,480,heave_rate,150,15.0,542880,9,0.1,0.3373581638667846,0.7699234044889971,7.9475614745771646,0.5718157926425879,0.28590789632129365,0.0,0.329203230916593,0.3460934276451518,0,False,1247528,,,,,conformal,unseen_seastate,0.7341299638155024
lstm_quantile_conformal,quantile,480,roll,10,1.0,542880,9,0.1,0.2964725169466549,0.3008647351501612,7.80981084368697,0.462632712870443,0.23131635643522158,0.0,0.2902520814913056,0.3028733329649278,1,False,1247528,,,,,conformal,unseen_seastate,6.257000679431415
lstm_quantile_conformal,quantile,480,roll,20,2.0,542880,9,0.1,0.2760002210433245,0.2906944890105996,8.829958359852986,0.511747720771321,0.2558738603856603,0.0,0.2691631668140289,0.28320867410845857,1,False,1247528,,,,,conformal,unseen_seastate,6.258149735730003
lstm_quantile_conformal,quantile,480,roll,30,3.0,542880,9,0.1,0.27313034188034185,0.31651512902745743,10.000972253140208,0.5772633217558161,0.28863166087790776,0.0,0.2653141117742411,0.28143632110226935,1,False,1247528,,,,,conformal,unseen_seastate,6.258818948538503
lstm_quantile_conformal,quantile,480,roll,50,5.0,542880,9,0.1,0.2827457264957265,0.3627664609238832,10.496343749519339,0.61260949185068,0.30630474592534,0.0,0.2749182600206307,0.2915477177276746,1,False,1247528,,,,,conformal,unseen_seastate,6.25953903317843
lstm_quantile_conformal,quantile,480,roll,100,10.0,542880,9,0.1,0.33354148246389625,1.003532637493541,15.173511499442938,0.9923895720155329,0.49619478600776634,0.0,0.32574123194812854,0.3415030485558503,1,False,1247528,,,,,conformal,unseen_seastate,6.263610691806128
lstm_quantile_conformal,quantile,480,roll,150,15.0,542880,9,0.1,0.37946323312702623,2.312422599468852,22.989431799190125,1.6600808285059092,0.8300404142529552,0.0,0.3739439194665488,0.3851961298997937,1,False,1247528,,,,,conformal,unseen_seastate,6.26746488344986
lstm_quantile_conformal,quantile,480,pitch,10,1.0,542880,9,0.1,0.298380857648099,0.13491123101140573,3.1158487082488873,0.1878987062605532,0.0939493531302765,0.0,0.2928358477011494,0.3041286748452697,1,False,1247528,,,,,conformal,unseen_seastate,1.7997766828726487
lstm_quantile_conformal,quantile,480,pitch,20,2.0,542880,9,0.1,0.275972590627763,0.14830135904138894,4.038515415802674,0.23772810846589654,0.11886405423294838,0.0,0.2688409501178898,0.2830534372236958,1,False,1247528,,,,,conformal,unseen_seastate,1.7994950774677116
lstm_quantile_conformal,quantile,480,pitch,30,3.0,542880,9,0.1,0.2732427055702918,0.19640922544991238,5.02052957357969,0.299142282307847,0.14957114115392364,0.0,0.26593671713822575,0.28080492005599766,1,False,1247528,,,,,conformal,unseen_seastate,1.7992884411802126
lstm_quantile_conformal,quantile,480,pitch,50,5.0,542880,9,0.1,0.299161877394636,0.38328163938235243,6.816088737066057,0.4325573861891736,0.21627869309458655,0.0,0.29345997273799,0.3047806605511347,1,False,1247528,,,,,conformal,unseen_seastate,1.799307264730753
lstm_quantile_conformal,quantile,480,pitch,100,10.0,542880,9,0.1,0.4080257147067492,1.4698048903186365,12.876557068531458,0.9627734650554155,0.48138673252770736,0.0,0.40123415856174477,0.41504632699675803,1,False,1247528,,,,,conformal,unseen_seastate,1.7986835875269107
lstm_quantile_conformal,quantile,480,pitch,150,15.0,542880,9,0.1,0.5078230916592985,2.8380847476608824,14.452187118349663,1.2809205345871206,0.6404602672935599,0.0,0.501360153256705,0.5147526617300324,1,False,1247528,,,,,conformal,unseen_seastate,1.799090637361259
lstm_quantile_conformal,quantile,480,heave,10,1.0,542880,9,0.1,0.27393346595932805,0.061625307333057544,1.8909060041615613,0.10968393330834285,0.05484196665417142,0.0,0.2691554302976717,0.2790985116416151,1,False,1247528,,,,,conformal,unseen_seastate,1.3052269451126672
lstm_quantile_conformal,quantile,480,heave,20,2.0,542880,9,0.1,0.26761899498968467,0.060592045118382024,1.950993612467148,0.11226070900920983,0.05613035450460502,0.0,0.26333955017683464,0.27205155835543765,1,False,1247528,,,,,conformal,unseen_seastate,1.3051890619407918
lstm_quantile_conformal,quantile,480,heave,30,3.0,542880,9,0.1,0.26024720011788977,0.07567082562055914,2.206625610825793,0.12889709786631015,0.06444854893315496,0.0,0.256341963233127,0.2642284666961391,1,False,1247528,,,,,conformal,unseen_seastate,1.3051257868066772
lstm_quantile_conformal,quantile,480,heave,50,5.0,542880,9,0.1,0.23111921603300914,0.16065396797529485,3.627305883064532,0.22158110407232248,0.11079055203616123,0.0,0.22586225316828765,0.236639404656646,1,False,1247528,,,,,conformal,unseen_seastate,1.305196114559555
lstm_quantile_conformal,quantile,480,heave,100,10.0,542880,9,0.1,0.2849930002947244,0.5516489224224146,8.093764999889782,0.5380977280759668,0.2690488640379832,0.0,0.27955685418508697,0.29080754494547595,1,False,1247528,,,,,conformal,unseen_seastate,1.3048466130537075
lstm_quantile_conformal,quantile,480,heave,150,15.0,542880,9,0.1,0.3732113910993221,1.2418673474807986,11.074164494487654,0.8365898158823639,0.41829490794118174,0.0,0.36828557876510465,0.37864003094606546,1,False,1247528,,,,,conformal,unseen_seastate,1.3047382588874747
lstm_quantile_conformal,quantile,480,roll_rate,10,1.0,542880,9,0.1,0.2875221043324492,0.17883837153414012,5.067881510585351,0.29687286219215075,0.1484364310960755,0.0,0.28046382257589153,0.2950303934571176,1,False,1247528,,,,,conformal,unseen_seastate,3.299047438683298
lstm_quantile_conformal,quantile,480,roll_rate,20,2.0,542880,9,0.1,0.2966769820218096,0.19183343703449493,5.261540216980548,0.30942573003701573,0.15471286501850773,0.0,0.28913263520483345,0.3046391928234601,1,False,1247528,,,,,conformal,unseen_seastate,3.2992335448738204
lstm_quantile_conformal,quantile,480,roll_rate,30,3.0,542880,9,0.1,0.3007920719127616,0.20616093454786613,5.226633161583797,0.31073730246081177,0.15536865123040586,0.0,0.293385140362511,0.3093772104332449,1,False,1247528,,,,,conformal,unseen_seastate,3.299677627607726
lstm_quantile_conformal,quantile,480,roll_rate,50,5.0,542880,9,0.1,0.3315870910698497,0.2676810590335956,5.595124987757446,0.34246848328691254,0.17123424164345621,0.0,0.3232644875478927,0.340023854258768,1,False,1247528,,,,,conformal,unseen_seastate,3.3008478104739085
lstm_quantile_conformal,quantile,480,roll_rate,100,10.0,542880,9,0.1,0.37414714117300324,0.876131940663671,9.509077526210058,0.6752787886868646,0.3376393943434327,0.0,0.36824606727085174,0.3810805334512231,1,False,1247528,,,,,conformal,unseen_seastate,3.3023390388764846
lstm_quantile_conformal,quantile,480,roll_rate,150,15.0,542880,9,0.1,0.4023467432950192,1.8305570141880931,15.297471246448008,1.174489587610386,0.5872447938051936,0.0,0.39750124336870024,0.40812615126731505,1,False,1247528,,,,,conformal,unseen_seastate,3.303717238675165
lstm_quantile_conformal,quantile,480,pitch_rate,10,1.0,542880,9,0.1,0.32072833775419984,0.1297753971142469,2.7436440837132965,0.16771352135075296,0.08385676067537641,0.0,0.31577286877394634,0.32575725758915414,1,False,1247528,,,,,conformal,unseen_seastate,1.256288669542056
lstm_quantile_conformal,quantile,480,pitch_rate,20,2.0,542880,9,0.1,0.3077420424403183,0.14485395331570186,3.0799020909159207,0.1882838431838066,0.0941419215919033,0.0,0.30090240937223695,0.3150844109195402,1,False,1247528,,,,,conformal,unseen_seastate,1.2564720932103477
lstm_quantile_conformal,quantile,480,pitch_rate,30,3.0,542880,9,0.1,0.30328617742410846,0.17222762041912645,3.2733365134579615,0.20350346543696207,0.10175173271848105,0.0,0.29731754715590925,0.31014773062186857,1,False,1247528,,,,,conformal,unseen_seastate,1.2564709426767824
lstm_quantile_conformal,quantile,480,pitch_rate,50,5.0,542880,9,0.1,0.3324325817860301,0.38505080919488077,6.226659317530054,0.40207701039032984,0.20103850519516478,0.0,0.32220320328617746,0.3424337791040377,1,False,1247528,,,,,conformal,unseen_seastate,1.2560499558821334
lstm_quantile_conformal,quantile,480,pitch_rate,100,10.0,542880,9,0.1,0.3921566460359564,1.4011011985392834,10.977194869874968,0.8473170846056021,0.42365854230280076,0.0,0.38209682618626584,0.4016269249189508,1,False,1247528,,,,,conformal,unseen_seastate,1.2558852337264772
lstm_quantile_conformal,quantile,480,pitch_rate,150,15.0,542880,9,0.1,0.4792477158856469,2.3129738600829093,12.054850712625354,1.0541884027848998,0.5270942013924498,0.0,0.46928451038903624,0.48876445991747713,1,False,1247528,,,,,conformal,unseen_seastate,1.2565624407980214
lstm_quantile_conformal,quantile,480,heave_rate,10,1.0,542880,9,0.1,0.2933723843206602,0.043904657116394914,1.2107108980443655,0.07107059725145978,0.03553529862572991,0.0,0.28913742447686414,0.2972901009431182,1,False,1247528,,,,,conformal,unseen_seastate,0.734348118721256
lstm_quantile_conformal,quantile,480,heave_rate,20,2.0,542880,9,0.1,0.2644930739758326,0.044565940713906446,1.3598462232473592,0.07891843379137524,0.03945921689568763,0.0,0.25974082670203363,0.2694067289272031,1,False,1247528,,,,,conformal,unseen_seastate,0.7343764911329834
lstm_quantile_conformal,quantile,480,heave_rate,30,3.0,542880,9,0.1,0.2649535809018568,0.05859887047060479,1.4251175546146904,0.08559695760066291,0.042798478800331434,0.0,0.2588417790303566,0.27098686634246977,1,False,1247528,,,,,conformal,unseen_seastate,0.7344107746237766
lstm_quantile_conformal,quantile,480,heave_rate,50,5.0,542880,9,0.1,0.2320825965222517,0.09397990617773808,2.1545359663039423,0.13085761450639077,0.06542880725319536,0.0,0.2257948349543177,0.23938554560860595,1,False,1247528,,,,,conformal,unseen_seastate,0.734264962236321
lstm_quantile_conformal,quantile,480,heave_rate,100,10.0,542880,9,0.1,0.31677166224580017,0.40231285901763614,5.165060001618818,0.3527328151426989,0.17636640757134947,0.0,0.3073543877099912,0.32670438218390807,1,False,1247528,,,,,conformal,unseen_seastate,0.7341029397003275
lstm_quantile_conformal,quantile,480,heave_rate,150,15.0,542880,9,0.1,0.3663314176245211,0.8204066366565997,7.669912977126848,0.5658679932677724,0.2829339966338862,0.0,0.3586317878720896,0.37346034114353077,1,False,1247528,,,,,conformal,unseen_seastate,0.7341299638155024
lstm_quantile_conformal,quantile,480,roll,10,1.0,542880,9,0.1,0.2604406130268199,0.2759929412298963,10.860434988658774,0.6114462935967724,0.3057231467983859,0.0,0.2531541040377247,0.26829151930445033,2,False,1247528,,,,,conformal,unseen_seastate,6.257000679431415
lstm_quantile_conformal,quantile,480,roll,20,2.0,542880,9,0.1,0.25350722074860005,0.258989750331773,11.115157613005405,0.6207972339530021,0.3103986169765008,0.0,0.2459547690097259,0.26136719901267313,2,False,1247528,,,,,conformal,unseen_seastate,6.258149735730003
lstm_quantile_conformal,quantile,480,roll,30,3.0,542880,9,0.1,0.26064139404656644,0.2727027414166135,11.073212779715545,0.6208391230492379,0.31041956152461925,0.0,0.2530621408045977,0.26886356100795755,2,False,1247528,,,,,conformal,unseen_seastate,6.258818948538503
lstm_quantile_conformal,quantile,480,roll,50,5.0,542880,9,0.1,0.26766504568228705,0.332349194215782,11.39000837750672,0.6508066637820895,0.32540333189104514,0.0,0.2600110521662246,0.2760879015620395,2,False,1247528,,,,,conformal,unseen_seastate,6.25953903317843
lstm_quantile_conformal,quantile,480,roll,100,10.0,542880,9,0.1,0.2930002947244327,0.9204619222435322,15.872241223498861,1.0130256470024335,0.5065128235012167,0.0,0.28700030393457115,0.29876132847038017,2,False,1247528,,,,,conformal,unseen_seastate,6.263610691806128
lstm_quantile_conformal,quantile,480,roll,150,15.0,542880,9,0.1,0.3642849248452697,2.0869914634509494,24.507475959402548,1.6980054842505627,0.8490027421252814,0.0,0.3586106506041851,0.3703157695991748,2,False,1247528,,,,,conformal,unseen_seastate,6.26746488344986
lstm_quantile_conformal,quantile,480,pitch,10,1.0,542880,9,0.1,0.2995413351016799,0.11243606152784355,3.4239218230488255,0.19806963978956607,0.09903481989478298,0.0,0.29399480548187445,0.30482279693486586,2,False,1247528,,,,,conformal,unseen_seastate,1.7997766828726487
lstm_quantile_conformal,quantile,480,pitch,20,2.0,542880,9,0.1,0.29467285587975245,0.13980449201967335,3.991867612182405,0.2333669204505232,0.11668346022526178,0.0,0.2881800766283525,0.30077208591217214,2,False,1247528,,,,,conformal,unseen_seastate,1.7994950774677116
lstm_quantile_conformal,quantile,480,pitch,30,3.0,542880,9,0.1,0.26954944002357795,0.19296542811265666,5.266173879476042,0.31068101562776085,0.15534050781388034,0.0,0.2631525383141763,0.27625524977895666,2,False,1247528,,,,,conformal,unseen_seastate,1.7992884411802126
lstm_quantile_conformal,quantile,480,pitch,50,5.0,542880,9,0.1,0.3023909519599175,0.3918057889763063,7.294787882673148,0.4581955466057414,0.22909777330287065,0.0,0.29704713748894784,0.30761171898025347,2,False,1247528,,,,,conformal,unseen_seastate,1.799307264730753
lstm_quantile_conformal,quantile,480,pitch,100,10.0,542880,9,0.1,0.3598861626878868,1.4673072201027708,17.69647844355118,1.2208278012094291,0.6104139006047143,0.0,0.3516669890215149,0.36850528661951076,2,False,1247528,,,,,conformal,unseen_seastate,1.7986835875269107
lstm_quantile_conformal,quantile,480,pitch,150,15.0,542880,9,0.1,0.4641651930445034,2.8871756485830877,18.160418194577762,1.508545580136097,0.7542727900680484,0.0,0.4574745800176835,0.470964025198939,2,False,1247528,,,,,conformal,unseen_seastate,1.799090637361259
lstm_quantile_conformal,quantile,480,heave,10,1.0,542880,9,0.1,0.26081270262304745,0.05407188001264045,1.9994237231625573,0.11344576241985538,0.05672288120992767,0.0,0.2550615237253169,0.26629112326849397,2,False,1247528,,,,,conformal,unseen_seastate,1.3052269451126672
lstm_quantile_conformal,quantile,480,heave,20,2.0,542880,9,0.1,0.2401635720601238,0.054296314679818665,2.138013323799516,0.12071901654157655,0.06035950827078827,0.0,0.23494506152372532,0.24501644009725904,2,False,1247528,,,,,conformal,unseen_seastate,1.3051890619407918
lstm_quantile_conformal,quantile,480,heave,30,3.0,542880,9,0.1,0.23925361037430004,0.0683978157242185,2.487518072711017,0.1414001927104769,0.07070009635523852,0.0,0.23397555629236663,0.24430818044503388,2,False,1247528,,,,,conformal,unseen_seastate,1.3051257868066772
lstm_quantile_conformal,quantile,480,heave,50,5.0,542880,9,0.1,0.20627210433244916,0.14962682358341345,4.2036412583274805,0.2477083035609965,0.12385415178049826,0.0,0.20218459880636605,0.2103713988358385,2,False,1247528,,,,,conformal,unseen_seastate,1.305196114559555
lstm_quantile_conformal,quantile,480,heave,100,10.0,542880,9,0.1,0.24687407898614794,0.512235044276436,9.786074312890714,0.6147392757526151,0.3073696378763075,0.0,0.24257980585028,0.2514488929413498,2,False,1247528,,,,,conformal,unseen_seastate,1.3048466130537075
lstm_quantile_conformal,quantile,480,heave,150,15.0,542880,9,0.1,0.3238818891836133,1.1795926337949392,13.47050865484473,0.9493295310466138,0.4746647655233069,0.0,0.31944997052755675,0.32894014330975535,2,False,1247528,,,,,conformal,unseen_seastate,1.3047382588874747
lstm_quantile_conformal,quantile,480,roll_rate,10,1.0,542880,9,0.1,0.2873747421161214,0.1721607726295503,5.595246876360603,0.32188476520664894,0.16094238260332458,0.0,0.2805083996463307,0.2939459917477159,2,False,1247528,,,,,conformal,unseen_seastate,3.299047438683298
lstm_quantile_conformal,quantile,480,roll_rate,20,2.0,542880,9,0.1,0.2716769820218096,0.17355024787176512,6.022744474365675,0.34365343811888954,0.17182671905944477,0.0,0.2644569702328323,0.27915722627468315,2,False,1247528,,,,,conformal,unseen_seastate,3.2992335448738204
lstm_quantile_conformal,quantile,480,roll_rate,30,3.0,542880,9,0.1,0.25614500442086646,0.17868943533974357,6.645205171186271,0.37660815394229064,0.18830407697114554,0.0,0.24810713233127027,0.2646700467875037,2,False,1247528,,,,,conformal,unseen_seastate,3.299677627607726
lstm_quantile_conformal,quantile,480,roll_rate,50,5.0,542880,9,0.1,0.30295092838196286,0.24969053061180885,6.831692238579378,0.40150901732464633,0.20075450866232325,0.0,0.2951104295608606,0.31054970711759505,2,False,1247528,,,,,conformal,unseen_seastate,3.3008478104739085
lstm_quantile_conformal,quantile,480,roll_rate,100,10.0,542880,9,0.1,0.34156167108753316,0.784165141371855,10.390811230086753,0.6987786148452613,0.3493893074226305,0.0,0.33671446728558796,0.3468803418803419,2,False,1247528,,,,,conformal,unseen_seastate,3.3023390388764846
lstm_quantile_conformal,quantile,480,roll_rate,150,15.0,542880,9,0.1,0.38283598585322726,1.604880113964578,15.437220567658375,1.1309956399002825,0.5654978199501409,0.0,0.37812587496315947,0.38846245947539054,2,False,1247528,,,,,conformal,unseen_seastate,3.303717238675165
lstm_quantile_conformal,quantile,480,pitch_rate,10,1.0,542880,9,0.1,0.3595767020335986,0.12418618721842371,2.4214125265493314,0.14969699068591819,0.07484849534295906,0.0,0.353407152593575,0.36542509394341294,2,False,1247528,,,,,conformal,unseen_seastate,1.256288669542056
lstm_quantile_conformal,quantile,480,pitch_rate,20,2.0,542880,9,0.1,0.28979700854700857,0.1316456024832636,3.3076653322720246,0.19704959082993018,0.0985247954149651,0.0,0.2827950928381963,0.29723525456822875,2,False,1247528,,,,,conformal,unseen_seastate,1.2564720932103477
lstm_quantile_conformal,quantile,480,pitch_rate,30,3.0,542880,9,0.1,0.282031019746537,0.16185342262376673,3.568660483751967,0.2171049235223436,0.10855246176117192,0.0,0.27631331970232836,0.2889220914382552,2,False,1247528,,,,,conformal,unseen_seastate,1.2564709426767824
lstm_quantile_conformal,quantile,480,pitch_rate,50,5.0,542880,9,0.1,0.27425950486295314,0.3751624019025286,7.941981056174427,0.48940330507441404,0.2447016525372069,0.0,0.2675958314913056,0.28121463306808137,2,False,1247528,,,,,conformal,unseen_seastate,1.2560499558821334
lstm_quantile_conformal,quantile,480,pitch_rate,100,10.0,542880,9,0.1,0.3945918066607722,1.4350340359447344,10.96139743201999,0.8532687981816148,0.4266343990908071,0.0,0.38685906646035956,0.4029182784409078,2,False,1247528,,,,,conformal,unseen_seastate,1.2558852337264772
lstm_quantile_conformal,quantile,480,pitch_rate,150,15.0,542880,9,0.1,0.48736921603300914,2.3201330553340633,11.95893825337765,1.0619840745785099,0.530992037289255,0.0,0.48135969274977897,0.49334111590038315,2,False,1247528,,,,,conformal,unseen_seastate,1.2565624407980214
lstm_quantile_conformal,quantile,480,heave_rate,10,1.0,542880,9,0.1,0.2690023577954612,0.039601892206855865,1.322715528540637,0.07587624261674517,0.037938121308372603,0.0,0.263361516357206,0.27458066239316237,2,False,1247528,,,,,conformal,unseen_seastate,0.734348118721256
lstm_quantile_conformal,quantile,480,heave_rate,20,2.0,542880,9,0.1,0.26458517536103743,0.040921220746126225,1.3977900258151315,0.07995031003627402,0.03997515501813702,0.0,0.2584411380047156,0.27002698570586503,2,False,1247528,,,,,conformal,unseen_seastate,0.7343764911329834
lstm_quantile_conformal,quantile,480,heave_rate,30,3.0,542880,9,0.1,0.25766467727674625,0.05426000619993629,1.4397765246871514,0.085276477130469,0.042638238565234514,0.0,0.25164304266136167,0.26349188586796346,2,False,1247528,,,,,conformal,unseen_seastate,0.7344107746237766
lstm_quantile_conformal,quantile,480,heave_rate,50,5.0,542880,9,0.1,0.2172542735042735,0.08828282440444148,2.1960137982710464,0.13167116860463177,0.06583558430231587,0.0,0.2121474358974359,0.22326881631299733,2,False,1247528,,,,,conformal,unseen_seastate,0.734264962236321
lstm_quantile_conformal,quantile,480,heave_rate,100,10.0,542880,9,0.1,0.28576112584733276,0.3909692774674231,5.514741188731053,0.368342858364071,0.1841714291820355,0.0,0.2794230769230769,0.2921916445623342,2,False,1247528,,,,,conformal,unseen_seastate,0.7341029397003275
lstm_quantile_conformal,quantile,480,heave_rate,150,15.0,542880,9,0.1,0.3395925434718538,0.7842372961183609,8.064707426366414,0.5820096634874031,0.29100483174370145,0.0,0.3337661637931035,0.3450601882552314,2,False,1247528,,,,,conformal,unseen_seastate,0.7341299638155024
lstm_gaussian_conformal,gaussian,480,roll,10,1.0,542880,9,0.1,0.3506631299734748,1.1674097793058407,6.498189686538761,0.48434994400602993,0.24217497200301474,0.0,0.3450222885352196,0.3568911637931035,0,False,434828,,,,,conformal,unseen_seastate,6.257000679431415
lstm_gaussian_conformal,gaussian,480,roll,20,2.0,542880,9,0.1,0.35526451517830826,1.2044231056441788,6.803763541258704,0.5009799203313058,0.2504899601656528,0.0,0.3499391670350722,0.3610475611553198,0,False,434828,,,,,conformal,unseen_seastate,6.258149735730003
lstm_gaussian_conformal,gaussian,480,roll,30,3.0,542880,9,0.1,0.3719053934571176,1.2146318397598468,7.225506963804383,0.5323716593452353,0.26618582967261784,0.0,0.3650971669613911,0.37956339338343653,0,False,434828,,,,,conformal,unseen_seastate,6.258818948538503
lstm_gaussian_conformal,gaussian,480,roll,50,5.0,542880,9,0.1,0.38802129384025935,0.9787234225669567,7.448744176284056,0.5431431302575149,0.2715715651287576,0.0,0.37745146256999706,0.39938559165929854,0,False,434828,,,,,conformal,unseen_seastate,6.25953903317843
lstm_gaussian_conformal,gaussian,480,roll,100,10.0,542880,9,0.1,0.4045884910109048,1.609265705319457,11.74387064756796,0.9025665266543654,0.4512832633271824,0.0,0.39738257073386385,0.41173012452107277,0,False,434828,,,,,conformal,unseen_seastate,6.263610691806128
lstm_gaussian_conformal,gaussian,480,roll,150,15.0,542880,9,0.1,0.41591880341880344,2.9537641661040293,19.530159505649358,1.5486037071329704,0.7743018535664852,0.0,0.4097141173003242,0.42258141762452106,0,False,434828,,,,,conformal,unseen_seastate,6.26746488344986
lstm_gaussian_conformal,gaussian,480,pitch,10,1.0,542880,9,0.1,0.39119510757441794,0.2425675731138307,1.7846114589028537,0.13039088529818368,0.06519544264909181,0.0,0.3830508583849101,0.39887829722959034,0,False,434828,,,,,conformal,unseen_seastate,1.7997766828726487
lstm_gaussian_conformal,gaussian,480,pitch,20,2.0,542880,9,0.1,0.40285514294134983,0.32880862007619643,2.222795193139755,0.1688648745143246,0.08443243725716225,0.0,0.39437232905982905,0.4106779582964928,0,False,434828,,,,,conformal,unseen_seastate,1.7994950774677116
lstm_gaussian_conformal,gaussian,480,pitch,30,3.0,542880,9,0.1,0.39848032714412024,0.4600889105336721,3.151748685706366,0.2438937251095929,0.12194686255479634,0.0,0.39321378573533744,0.4038043858679634,0,False,434828,,,,,conformal,unseen_seastate,1.7992884411802126
lstm_gaussian_conformal,gaussian,480,pitch,50,5.0,542880,9,0.1,0.47260720601237843,0.8480277537927196,4.178174368880258,0.35756281281445895,0.17878140640722953,0.0,0.4643617374005305,0.4816269249189508,0,False,434828,,,,,conformal,unseen_seastate,1.799307264730753
lstm_gaussian_conformal,gaussian,480,pitch,100,10.0,542880,9,0.1,0.4990531977600943,2.163253947679743,11.202185887903447,0.9792918006860819,0.48964590034304106,0.0,0.49117010204833483,0.5077056623931624,0,False,434828,,,,,conformal,unseen_seastate,1.7986835875269107
lstm_gaussian_conformal,gaussian,480,pitch,150,15.0,542880,9,0.1,0.5668398172708518,3.7292758667223898,13.572882365913523,1.328002426045388,0.6640012130226939,0.0,0.5593670332301798,0.5743152262010021,0,False,434828,,,,,conformal,unseen_seastate,1.799090637361259
lstm_gaussian_conformal,gaussian,480,heave,10,1.0,542880,9,0.1,0.3370487032124963,0.12885744295371349,1.2382285640951476,0.08480362209588643,0.04240181104794319,0.0,0.33193500405246096,0.3422921271735927,0,False,434828,,,,,conformal,unseen_seastate,1.3052269451126672
lstm_gaussian_conformal,gaussian,480,heave,20,2.0,542880,9,0.1,0.32561707928087236,0.13422700851635294,1.4137859678429143,0.09611662388835635,0.04805831194417818,0.0,0.3208798445328618,0.3304118313439434,0,False,434828,,,,,conformal,unseen_seastate,1.3051890619407918
lstm_gaussian_conformal,gaussian,480,heave,30,3.0,542880,9,0.1,0.35449638962569996,0.16926076633301518,1.6769876002805881,0.11762911395918804,0.05881455697959395,0.0,0.3493374226348364,0.35973792550839967,0,False,434828,,,,,conformal,unseen_seastate,1.3051257868066772
lstm_gaussian_conformal,gaussian,480,heave,50,5.0,542880,9,0.1,0.32685123784261716,0.2984526583447785,3.1958498068990364,0.2237788226161721,0.11188941130808604,0.0,0.3233143604479811,0.3305779361921603,0,False,434828,,,,,conformal,unseen_seastate,1.305196114559555
lstm_gaussian_conformal,gaussian,480,heave,100,10.0,542880,9,0.1,0.36369916003536695,0.8610919284789755,7.639641135723729,0.5674994598793777,0.283749729939689,0.0,0.3583289585175361,0.36953180260831126,0,False,434828,,,,,conformal,unseen_seastate,1.3048466130537075
lstm_gaussian_conformal,gaussian,480,heave,150,15.0,542880,9,0.1,0.3773135867963454,1.4203741737457742,11.768140460014344,0.8935145559996378,0.44675727799981885,0.0,0.3728701554671382,0.3821436136899499,0,False,434828,,,,,conformal,unseen_seastate,1.3047382588874747
lstm_gaussian_conformal,gaussian,480,roll_rate,10,1.0,542880,9,0.1,0.4074602122015915,0.8408378904444549,3.2536440183618844,0.2543705661176325,0.12718528305881635,0.0,0.39977370689655173,0.416119814692013,0,False,434828,,,,,conformal,unseen_seastate,3.299047438683298
lstm_gaussian_conformal,gaussian,480,roll_rate,20,2.0,542880,9,0.1,0.3878389330975538,0.746579363899974,3.6305604039286643,0.2792864880181554,0.13964324400907765,0.0,0.37932098253757734,0.39636812002652516,0,False,434828,,,,,conformal,unseen_seastate,3.2992335448738204
lstm_gaussian_conformal,gaussian,480,roll_rate,30,3.0,542880,9,0.1,0.4018217653993516,0.6779105304528573,3.611690572357699,0.2857078649828461,0.14285393249142336,0.0,0.3928630176097848,0.41070038498379013,0,False,434828,,,,,conformal,unseen_seastate,3.299677627607726
lstm_gaussian_conformal,gaussian,480,roll_rate,50,5.0,542880,9,0.1,0.4568928676687297,0.7302025797955444,3.8090342101337824,0.3107553247949252,0.15537766239746256,0.0,0.44829930187150013,0.4659692289272031,0,False,434828,,,,,conformal,unseen_seastate,3.3008478104739085
lstm_gaussian_conformal,gaussian,480,roll_rate,100,10.0,542880,9,0.1,0.4746094901267315,1.3987944152283314,6.663179868218691,0.5811460211625159,0.2905730105812578,0.0,0.46700992852932505,0.4823852877247274,0,False,434828,,,,,conformal,unseen_seastate,3.3023390388764846
lstm_gaussian_conformal,gaussian,480,roll_rate,150,15.0,542880,9,0.1,0.4796253315649867,2.1997418265688986,11.909726751341271,1.0194764771604286,0.5097382385802142,0.0,0.47515219753905097,0.48444835875331566,0,False,434828,,,,,conformal,unseen_seastate,3.303717238675165
lstm_gaussian_conformal,gaussian,480,pitch_rate,10,1.0,542880,9,0.1,0.47812039493073977,0.34703434222726015,1.4937724859840043,0.12420250186250104,0.06210125093125054,0.0,0.46937301982021806,0.48696940391983495,0,False,434828,,,,,conformal,unseen_seastate,1.256288669542056
lstm_gaussian_conformal,gaussian,480,pitch_rate,20,2.0,542880,9,0.1,0.4090240937223696,0.3556196886262113,2.136571858961999,0.17014618642370644,0.08507309321185326,0.0,0.4040448165340407,0.41410914935160625,0,False,434828,,,,,conformal,unseen_seastate,1.2564720932103477
lstm_gaussian_conformal,gaussian,480,pitch_rate,30,3.0,542880,9,0.1,0.4669761273209549,0.47356215485972825,2.0484636145151716,0.17566558315813993,0.08783279157907,0.0,0.4543115421455939,0.4792630047155909,0,False,434828,,,,,conformal,unseen_seastate,1.2564709426767824
lstm_gaussian_conformal,gaussian,480,pitch_rate,50,5.0,542880,9,0.1,0.5379807692307692,1.050188526182809,3.796042917677466,0.3632573490491327,0.18162867452456638,0.0,0.5326159095932802,0.543777446212791,0,False,434828,,,,,conformal,unseen_seastate,1.2560499558821334
lstm_gaussian_conformal,gaussian,480,pitch_rate,100,10.0,542880,9,0.1,0.549637120542293,2.3387620633486317,7.871673238057108,0.7774580298532054,0.3887290149266029,0.0,0.5381268420277041,0.5615199952107279,0,False,434828,,,,,conformal,unseen_seastate,1.2558852337264772
lstm_gaussian_conformal,gaussian,480,pitch_rate,150,15.0,542880,9,0.1,0.5938144709696433,2.867314331550971,8.872130460995953,0.9186805255083598,0.4593402627541798,0.0,0.5851286195844386,0.6021884670645447,0,False,434828,,,,,conformal,unseen_seastate,1.2565624407980214
lstm_gaussian_conformal,gaussian,480,heave_rate,10,1.0,542880,9,0.1,0.3747807987032125,0.10063030256238943,0.7938590943842558,0.05613644029948415,0.028068220149742064,0.0,0.370628591954023,0.3792743331859711,0,False,434828,,,,,conformal,unseen_seastate,0.734348118721256
lstm_gaussian_conformal,gaussian,480,heave_rate,20,2.0,542880,9,0.1,0.40096338048924257,0.10435491938914268,0.8251400926664945,0.06003875770291386,0.03001937885145693,0.0,0.39655149388446803,0.40559644857058647,0,False,434828,,,,,conformal,unseen_seastate,0.7343764911329834
lstm_gaussian_conformal,gaussian,480,heave_rate,30,3.0,542880,9,0.1,0.40656867079280873,0.12476015575036054,0.9086469342479991,0.06918875891596316,0.03459437945798155,0.0,0.40246454096669615,0.41091125110521665,0,False,434828,,,,,conformal,unseen_seastate,0.7344107746237766
lstm_gaussian_conformal,gaussian,480,heave_rate,50,5.0,542880,9,0.1,0.4237879457707044,0.23520543935028346,1.413091479748431,0.11133300451309412,0.055666502256547054,0.0,0.4160393641320365,0.43155706601827293,0,False,434828,,,,,conformal,unseen_seastate,0.734264962236321
lstm_gaussian_conformal,gaussian,480,heave_rate,100,10.0,542880,9,0.1,0.3989832007073386,0.5757241182066012,4.31196593731498,0.3330082370584697,0.16650411852923488,0.0,0.3898548482169172,0.4082359821691718,0,False,434828,,,,,conformal,unseen_seastate,0.7341029397003275
lstm_gaussian_conformal,gaussian,480,heave_rate,150,15.0,542880,9,0.1,0.4201296787503684,0.9685250903072156,6.648884492775714,0.5304677431949046,0.2652338715974523,0.0,0.4139347093280283,0.42665805518715,0,False,434828,,,,,conformal,unseen_seastate,0.7341299638155024
lstm_gaussian_conformal,gaussian,480,roll,10,1.0,542880,9,0.1,0.33090554081933393,0.9042392071993393,6.2742962851219115,0.44815426081993154,0.2240771304099657,0.0,0.3217799513704686,0.3404421787503684,1,False,434828,,,,,conformal,unseen_seastate,6.257000679431415
lstm_gaussian_conformal,gaussian,480,roll,20,2.0,542880,9,0.1,0.3378776156793398,0.9210948954937793,6.521656199943958,0.46148384109007484,0.23074192054503725,0.0,0.32941603116710877,0.3471496463306808,1,False,434828,,,,,conformal,unseen_seastate,6.258149735730003
lstm_gaussian_conformal,gaussian,480,roll,30,3.0,542880,9,0.1,0.3432508104921898,0.8947759300969507,7.1226430957432605,0.5006827262356389,0.2503413631178194,0.0,0.33478148946360153,0.3526643088712054,1,False,434828,,,,,conformal,unseen_seastate,6.258818948538503
lstm_gaussian_conformal,gaussian,480,roll,50,5.0,542880,9,0.1,0.3794300766283525,0.7390091636188468,7.737120874601952,0.5394633091522949,0.2697316545761478,0.0,0.36881060271146476,0.3892460580607132,1,False,434828,,,,,conformal,unseen_seastate,6.25953903317843
lstm_gaussian_conformal,gaussian,480,roll,100,10.0,542880,9,0.1,0.41071139109932214,1.511346972162456,10.925725792787068,0.8518174139427287,0.4259087069713642,0.0,0.405815419613911,0.41546612511052167,1,False,434828,,,,,conformal,unseen_seastate,6.263610691806128
lstm_gaussian_conformal,gaussian,480,roll,150,15.0,542880,9,0.1,0.3997863247863248,2.7045767738655515,21.440039194136578,1.6309902402261782,0.8154951201130894,0.0,0.3943569481284998,0.4048286453728264,1,False,434828,,,,,conformal,unseen_seastate,6.26746488344986
lstm_gaussian_conformal,gaussian,480,pitch,10,1.0,542880,9,0.1,0.45086022693781314,0.38262305773038047,1.841805313029681,0.14256658766756009,0.07128329383378013,0.0,0.443719882847038,0.45741489832007076,1,False,434828,,,,,conformal,unseen_seastate,1.7997766828726487
lstm_gaussian_conformal,gaussian,480,pitch,20,2.0,542880,9,0.1,0.40675655761862656,0.398014367881014,2.546104324575499,0.19131538493330946,0.09565769246665468,0.0,0.39849736590038315,0.41432922561155316,1,False,434828,,,,,conformal,unseen_seastate,1.7994950774677116
lstm_gaussian_conformal,gaussian,480,pitch,30,3.0,542880,9,0.1,0.3771128057765989,0.48576576384427284,3.757944485841592,0.2787488806196755,0.13937444030983784,0.0,0.3696912761567934,0.38377643309755377,1,False,434828,,,,,conformal,unseen_seastate,1.7992884411802126
lstm_gaussian_conformal,gaussian,480,pitch,50,5.0,542880,9,0.1,0.4827291482463896,0.9321769689932262,4.255636723599994,0.3710024255111828,0.1855012127555915,0.0,0.4746469753905099,0.491304431918656,1,False,434828,,,,,conformal,unseen_seastate,1.799307264730753
lstm_gaussian_conformal,gaussian,480,pitch,100,10.0,542880,9,0.1,0.41987363689949897,2.05548946607846,14.178260078413064,1.1228726860706213,0.5614363430353109,0.0,0.4127080109784851,0.42708356358679633,1,False,434828,,,,,conformal,unseen_seastate,1.7986835875269107
lstm_gaussian_conformal,gaussian,480,pitch,150,15.0,542880,9,0.1,0.4966604037724727,3.507848126110832,15.271487099145803,1.3840883572272595,0.6920441786136295,0.0,0.4846093519746537,0.5075296105953434,1,False,434828,,,,,conformal,unseen_seastate,1.799090637361259
lstm_gaussian_conformal,gaussian,480,heave,10,1.0,542880,9,0.1,0.3485834806955497,0.14190580954086793,1.218435253251424,0.08323802752396027,0.041619013761980114,0.0,0.34214043619216034,0.3551725058944886,1,False,434828,,,,,conformal,unseen_seastate,1.3052269451126672
lstm_gaussian_conformal,gaussian,480,heave,20,2.0,542880,9,0.1,0.3544079722959033,0.17077331742157076,1.2685337128306835,0.08914499056291389,0.04457249528145699,0.0,0.3493065226201002,0.3594257478632478,1,False,434828,,,,,conformal,unseen_seastate,1.3051890619407918
lstm_gaussian_conformal,gaussian,480,heave,30,3.0,542880,9,0.1,0.3634246979074565,0.1991953582959486,1.6004396946646426,0.1141803956444934,0.057090197822246704,0.0,0.3587917679781904,0.3682198183760684,1,False,434828,,,,,conformal,unseen_seastate,1.3051257868066772
lstm_gaussian_conformal,gaussian,480,heave,50,5.0,542880,9,0.1,0.2961243737105806,0.2654935262936239,3.454468347891555,0.2320509345137715,0.11602546725688573,0.0,0.2929042790303566,0.2993158709106985,1,False,434828,,,,,conformal,unseen_seastate,1.305196114559555
lstm_gaussian_conformal,gaussian,480,heave,100,10.0,542880,9,0.1,0.30889883583849104,0.7419656329293117,9.273271798740147,0.6309038490998513,0.3154519245499257,0.0,0.3040634210138521,0.3142282364426761,1,False,434828,,,,,conformal,unseen_seastate,1.3048466130537075
lstm_gaussian_conformal,gaussian,480,heave,150,15.0,542880,9,0.1,0.355316091954023,1.4149580512685467,14.134100962779852,1.010579170991314,0.5052895854956571,0.0,0.3476024627910404,0.36282520999115825,1,False,434828,,,,,conformal,unseen_seastate,1.3047382588874747
lstm_gaussian_conformal,gaussian,480,roll_rate,10,1.0,542880,9,0.1,0.3620560713233127,0.5827768174416369,3.3433228446029073,0.25038810968367553,0.1251940548418379,0.0,0.3535562647362216,0.3708533193339228,1,False,434828,,,,,conformal,unseen_seastate,3.299047438683298
lstm_gaussian_conformal,gaussian,480,roll_rate,20,2.0,542880,9,0.1,0.3535753757736516,0.5399823243330439,3.799899294202014,0.27997800819069424,0.13998900409534695,0.0,0.34371541592985555,0.36358136236368993,1,False,434828,,,,,conformal,unseen_seastate,3.2992335448738204
lstm_gaussian_conformal,gaussian,480,roll_rate,30,3.0,542880,9,0.1,0.3621168582375479,0.4480280663163417,3.943038027249387,0.2818647366175685,0.14093236830878436,0.0,0.35320839780430296,0.37147154988211023,1,False,434828,,,,,conformal,unseen_seastate,3.299677627607726
lstm_gaussian_conformal,gaussian,480,roll_rate,50,5.0,542880,9,0.1,0.4298721632773357,0.6576964403214753,3.744545289774658,0.2931968665087381,0.14659843325436903,0.0,0.4240657235484822,0.4359272306955497,1,False,434828,,,,,conformal,unseen_seastate,3.3008478104739085
lstm_gaussian_conformal,gaussian,480,roll_rate,100,10.0,542880,9,0.1,0.399732905982906,1.0917581515093222,9.114421060409068,0.6810409119052746,0.34052045595263725,0.0,0.3943904730327144,0.40555739758325965,1,False,434828,,,,,conformal,unseen_seastate,3.3023390388764846
lstm_gaussian_conformal,gaussian,480,roll_rate,150,15.0,542880,9,0.1,0.45301539935160623,2.0403583174431987,14.328623945742018,1.1307254600672016,0.5653627300336014,0.0,0.4464200191570881,0.4600808650162099,1,False,434828,,,,,conformal,unseen_seastate,3.303717238675165
lstm_gaussian_conformal,gaussian,480,pitch_rate,10,1.0,542880,9,0.1,0.4454041408782788,0.3740923981266905,1.6490173165852555,0.13418724436834853,0.06709362218417425,0.0,0.43695618737105807,0.4528183944886531,1,False,434828,,,,,conformal,unseen_seastate,1.256288669542056
lstm_gaussian_conformal,gaussian,480,pitch_rate,20,2.0,542880,9,0.1,0.4087293692897141,0.3715300630941328,2.231378121169286,0.17411507772352247,0.08705753886176126,0.0,0.4034351053639847,0.4135762967875037,1,False,434828,,,,,conformal,unseen_seastate,1.2564720932103477
lstm_gaussian_conformal,gaussian,480,pitch_rate,30,3.0,542880,9,0.1,0.49522914824638964,0.490805083572401,1.9708805546096093,0.17286984140359338,0.08643492070179673,0.0,0.4853852140436192,0.5043457578101975,1,False,434828,,,,,conformal,unseen_seastate,1.2564709426767824
lstm_gaussian_conformal,gaussian,480,pitch_rate,50,5.0,542880,9,0.1,0.4592396109637489,0.8501495840599789,5.100495124737299,0.4151803220734059,0.20759016103670297,0.0,0.4531162964190981,0.4655443191865606,1,False,434828,,,,,conformal,unseen_seastate,1.2560499558821334
lstm_gaussian_conformal,gaussian,480,pitch_rate,100,10.0,542880,9,0.1,0.49325081049218983,2.1175186509957786,8.864242068230286,0.8045968559169318,0.4022984279584654,0.0,0.48034178824049517,0.5052592193486589,1,False,434828,,,,,conformal,unseen_seastate,1.2558852337264772
lstm_gaussian_conformal,gaussian,480,pitch_rate,150,15.0,542880,9,0.1,0.5778919834954318,3.0606819443245796,9.677433916253202,0.9849229146212918,0.49246145731064583,0.0,0.5692304929266135,0.5856547026967286,1,False,434828,,,,,conformal,unseen_seastate,1.2565624407980214
lstm_gaussian_conformal,gaussian,480,heave_rate,10,1.0,542880,9,0.1,0.4206786030061892,0.14503176405452617,0.7726727622849472,0.05715202644768002,0.028576013223840006,0.0,0.41540520004420867,0.42557844274977896,1,False,434828,,,,,conformal,unseen_seastate,0.734348118721256
lstm_gaussian_conformal,gaussian,480,heave_rate,20,2.0,542880,9,0.1,0.414004936634247,0.1365355028975751,0.8302208846119434,0.06161982477194894,0.030809912385974466,0.0,0.410346669613911,0.41774996315944596,1,False,434828,,,,,conformal,unseen_seastate,0.7343764911329834
lstm_gaussian_conformal,gaussian,480,heave_rate,30,3.0,542880,9,0.1,0.4051853079870321,0.1262175742975707,0.8889547407987937,0.06686453266640441,0.033432266333202156,0.0,0.40131769451812555,0.4092400714706749,1,False,434828,,,,,conformal,unseen_seastate,0.7344107746237766
lstm_gaussian_conformal,gaussian,480,heave_rate,50,5.0,542880,9,0.1,0.3672892720306513,0.17788380299486442,1.568152680555561,0.1146505276251038,0.05732526381255188,0.0,0.36072879826112586,0.3739410643236074,1,False,434828,,,,,conformal,unseen_seastate,0.734264962236321
lstm_gaussian_conformal,gaussian,480,heave_rate,100,10.0,542880,9,0.1,0.412671308576481,0.6018840274968064,4.199070619219379,0.32931114682726614,0.16465557341363304,0.0,0.40175886015325674,0.4234205533451223,1,False,434828,,,,,conformal,unseen_seastate,0.7341029397003275
lstm_gaussian_conformal,gaussian,480,heave_rate,150,15.0,542880,9,0.1,0.4518328175655762,1.0605355449962395,6.206487903574909,0.5169797600535673,0.2584898800267837,0.0,0.4440879660330091,0.45956776819923373,1,False,434828,,,,,conformal,unseen_seastate,0.7341299638155024
lstm_gaussian_conformal,gaussian,480,roll,10,1.0,542880,9,0.1,0.3090425139994106,0.6958361452175426,6.866430624774196,0.48142248665159,0.24071124332579533,0.0,0.3015012986295314,0.3161064599911583,2,False,434828,,,,,conformal,unseen_seastate,6.257000679431415
lstm_gaussian_conformal,gaussian,480,roll,20,2.0,542880,9,0.1,0.32315428824049514,0.7498914969347561,7.4281408302436205,0.5161774277596247,0.25808871387981214,0.0,0.3159491508252284,0.33034418287651046,2,False,434828,,,,,conformal,unseen_seastate,6.258149735730003
lstm_gaussian_conformal,gaussian,480,roll,30,3.0,542880,9,0.1,0.34736590038314175,0.8328496127363475,7.969060810193815,0.5584645062911363,0.2792322531455682,0.0,0.3404416721927498,0.35456698533745945,2,False,434828,,,,,conformal,unseen_seastate,6.258818948538503
lstm_gaussian_conformal,gaussian,480,roll,50,5.0,542880,9,0.1,0.35107758620689655,0.8212290499897729,9.313268803423332,0.6342607021117539,0.3171303510558772,0.0,0.342549228190392,0.3600858845417035,2,False,434828,,,,,conformal,unseen_seastate,6.25953903317843
lstm_gaussian_conformal,gaussian,480,roll,100,10.0,542880,9,0.1,0.40621315944591807,1.6517008903663064,12.58503189809768,0.9647668377685578,0.482383418884279,0.0,0.39996426466254054,0.4121595932802829,2,False,434828,,,,,conformal,unseen_seastate,6.263610691806128
lstm_gaussian_conformal,gaussian,480,roll,150,15.0,542880,9,0.1,0.43873047450633657,3.1828742030951562,20.140313232721216,1.6232247624904717,0.811612381245236,0.0,0.43383058871205427,0.4435014183613321,2,False,434828,,,,,conformal,unseen_seastate,6.26746488344986
lstm_gaussian_conformal,gaussian,480,pitch,10,1.0,542880,9,0.1,0.382241010904804,0.32714368294522655,2.4013201772739716,0.1752376658661686,0.0876188329330843,0.0,0.37510407456528144,0.3890788019451813,2,False,434828,,,,,conformal,unseen_seastate,1.7997766828726487
lstm_gaussian_conformal,gaussian,480,pitch,20,2.0,542880,9,0.1,0.3607058650162098,0.35287436424982943,3.4300298648967233,0.24193020914066354,0.12096510457033177,0.0,0.3539673592690834,0.3674449694223401,2,False,434828,,,,,conformal,unseen_seastate,1.7994950774677116
lstm_gaussian_conformal,gaussian,480,pitch,30,3.0,542880,9,0.1,0.3299182139699381,0.4250963350604774,4.848276647246684,0.33659886212935836,0.16829943106467896,0.0,0.3241995929118774,0.3353735632183908,2,False,434828,,,,,conformal,unseen_seastate,1.7992884411802126
lstm_gaussian_conformal,gaussian,480,pitch,50,5.0,542880,9,0.1,0.4248765841438255,0.8325223922939462,5.168047116255079,0.41294368106589946,0.20647184053294984,0.0,0.4170556108163867,0.43247504052460944,2,False,434828,,,,,conformal,unseen_seastate,1.799307264730753
lstm_gaussian_conformal,gaussian,480,pitch,100,10.0,542880,9,0.1,0.5146754347185382,2.3651393863045693,12.445122043829452,1.0741078946816662,0.5370539473408324,0.0,0.505111074270557,0.5250376694665488,2,False,434828,,,,,conformal,unseen_seastate,1.7986835875269107
lstm_gaussian_conformal,gaussian,480,pitch,150,15.0,542880,9,0.1,0.5775843648688477,3.6724934219672125,12.95519838523215,1.2893279550007128,0.6446639775003561,0.0,0.5704403827733568,0.5844737787356322,2,False,434828,,,,,conformal,unseen_seastate,1.799090637361259
lstm_gaussian_conformal,gaussian,480,heave,10,1.0,542880,9,0.1,0.3361755820807545,0.1328233808990503,1.2551813794967768,0.08742816191026061,0.04371408095513033,0.0,0.3323418619216033,0.3400408009136457,2,False,434828,,,,,conformal,unseen_seastate,1.3052269451126672
lstm_gaussian_conformal,gaussian,480,heave,20,2.0,542880,9,0.1,0.32282824933687004,0.13278685847155583,1.5194661307904562,0.1020855193299708,0.051042759664985456,0.0,0.3185415745652815,0.3271297524314766,2,False,434828,,,,,conformal,unseen_seastate,1.3051890619407918
lstm_gaussian_conformal,gaussian,480,heave,30,3.0,542880,9,0.1,0.3336243737105806,0.15301636847426905,1.9841629973214785,0.13190644415578812,0.06595322207789406,0.0,0.32855589633068083,0.3383807655467138,2,False,434828,,,,,conformal,unseen_seastate,1.3051257868066772
lstm_gaussian_conformal,gaussian,480,heave,50,5.0,542880,9,0.1,0.3166998231653404,0.26807735607920935,3.3871869097223035,0.22962850449751512,0.1148142522487576,0.0,0.3133043674476864,0.32021445807544946,2,False,434828,,,,,conformal,unseen_seastate,1.305196114559555
lstm_gaussian_conformal,gaussian,480,heave,100,10.0,542880,9,0.1,0.36873526377836724,0.8407997461905984,7.4918093758851985,0.5563641311744268,0.27818206558721315,0.0,0.3627977177276746,0.3755032880194518,2,False,434828,,,,,conformal,unseen_seastate,1.3048466130537075
lstm_gaussian_conformal,gaussian,480,heave,150,15.0,542880,9,0.1,0.40921566460359565,1.5389905862155584,10.781508773172273,0.8620620347734146,0.4310310173867073,0.0,0.40421386862658415,0.41429017462422635,2,False,434828,,,,,conformal,unseen_seastate,1.3047382588874747
lstm_gaussian_conformal,gaussian,480,roll_rate,10,1.0,542880,9,0.1,0.3436339522546419,0.4202414644425962,3.6723413908084668,0.25798981911354435,0.12899490955677217,0.0,0.3361886604774536,0.3516746334364869,2,False,434828,,,,,conformal,unseen_seastate,3.299047438683298
lstm_gaussian_conformal,gaussian,480,roll_rate,20,2.0,542880,9,0.1,0.3594661803713528,0.5153304999431724,3.9941216985377976,0.2908066788102958,0.14540333940514777,0.0,0.3514460838491011,0.36761125847332743,2,False,434828,,,,,conformal,unseen_seastate,3.2992335448738204
lstm_gaussian_conformal,gaussian,480,roll_rate,30,3.0,542880,9,0.1,0.36102453580901855,0.48507564929025376,4.409938991634029,0.3175488413992991,0.1587744206996493,0.0,0.3536807397583259,0.3690321065428824,2,False,434828,,,,,conformal,unseen_seastate,3.299677627607726
lstm_gaussian_conformal,gaussian,480,roll_rate,50,5.0,542880,9,0.1,0.43969753905098735,0.5700540264512828,4.694933666485446,0.34575931064933624,0.17287965532466806,0.0,0.43166017351900976,0.44739836612142647,2,False,434828,,,,,conformal,unseen_seastate,3.3008478104739085
lstm_gaussian_conformal,gaussian,480,roll_rate,100,10.0,542880,9,0.1,0.4629641909814324,1.1597356363094047,7.419552904699154,0.6008031462185904,0.3004015731092952,0.0,0.4581880894488653,0.4689629844532862,2,False,434828,,,,,conformal,unseen_seastate,3.3023390388764846
lstm_gaussian_conformal,gaussian,480,roll_rate,150,15.0,542880,9,0.1,0.4910772178013557,2.1113268070129445,11.228703088057788,0.9692586721570903,0.4846293360785459,0.0,0.48634219348659,0.49639588859416445,2,False,434828,,,,,conformal,unseen_seastate,3.303717238675165
lstm_gaussian_conformal,gaussian,480,pitch_rate,10,1.0,542880,9,0.1,0.6086225316828765,0.5509270470724914,1.4575605719282916,0.13755135458008844,0.06877567729004423,0.0,0.5983528127763041,0.6184681697612733,2,False,434828,,,,,conformal,unseen_seastate,1.256288669542056
lstm_gaussian_conformal,gaussian,480,pitch_rate,20,2.0,542880,9,0.1,0.39207007073386385,0.3462630470795312,2.4161232030940765,0.18699021763726859,0.09349510881863435,0.0,0.3859752155172414,0.3980866397730622,2,False,434828,,,,,conformal,unseen_seastate,1.2564720932103477
lstm_gaussian_conformal,gaussian,480,pitch_rate,30,3.0,542880,9,0.1,0.43514036251105215,0.4784456937977993,2.485822353394557,0.2050536986607418,0.10252684933037089,0.0,0.42515371721190687,0.4446453175655762,2,False,434828,,,,,conformal,unseen_seastate,1.2564709426767824
lstm_gaussian_conformal,gaussian,480,pitch_rate,50,5.0,542880,9,0.1,0.43045055997642206,0.7973952781221011,5.850059560598225,0.4572601827915296,0.22863009139576507,0.0,0.4236928050397878,0.43711418729737694,2,False,434828,,,,,conformal,unseen_seastate,1.2560499558821334
lstm_gaussian_conformal,gaussian,480,pitch_rate,100,10.0,542880,9,0.1,0.49055960801650456,1.973598213760854,9.012059441650726,0.8087632060778192,0.40438160303890974,0.0,0.48072451554671386,0.5007552313586796,2,False,434828,,,,,conformal,unseen_seastate,1.2558852337264772
lstm_gaussian_conformal,gaussian,480,pitch_rate,150,15.0,542880,9,0.1,0.609812481579723,3.097821594609774,9.512621935878306,0.9916093028784616,0.49580465143923075,0.0,0.6023356911287945,0.6172819499705275,2,False,434828,,,,,conformal,unseen_seastate,1.2565624407980214
lstm_gaussian_conformal,gaussian,480,heave_rate,10,1.0,542880,9,0.1,0.3358642793987622,0.09061316142926874,1.0255452626621215,0.06904966620525267,0.034524833102626315,0.0,0.332203019083407,0.33945609526967285,2,False,434828,,,,,conformal,unseen_seastate,0.734348118721256
lstm_gaussian_conformal,gaussian,480,heave_rate,20,2.0,542880,9,0.1,0.34224874742116124,0.09257441317860485,1.0982332187089296,0.07436845075230915,0.03718422537615453,0.0,0.33861051245210727,0.3461567933981727,2,False,434828,,,,,conformal,unseen_seastate,0.7343764911329834
lstm_gaussian_conformal,gaussian,480,heave_rate,30,3.0,542880,9,0.1,0.37558392278219865,0.11354177589606294,1.1008668069138325,0.07864695096008317,0.039323475480041586,0.0,0.3723019820218096,0.37885573239021514,2,False,434828,,,,,conformal,unseen_seastate,0.7344107746237766
lstm_gaussian_conformal,gaussian,480,heave_rate,50,5.0,542880,9,0.1,0.36226053639846745,0.18233801093720006,1.7000641046389382,0.12194655371339007,0.060973276856695055,0.0,0.35517738726790454,0.37038793103448275,2,False,434828,,,,,conformal,unseen_seastate,0.734264962236321
lstm_gaussian_conformal,gaussian,480,heave_rate,100,10.0,542880,9,0.1,0.408117816091954,0.5929250704551224,4.2774559260975185,0.33217999043219154,0.16608999521609577,0.0,0.4009765509873269,0.41573842285587975,2,False,434828,,,,,conformal,unseen_seastate,0.7341029397003275
lstm_gaussian_conformal,gaussian,480,heave_rate,150,15.0,542880,9,0.1,0.4812444739168877,1.143303655457221,5.930694581692936,0.5132955932180098,0.256647796609005,0.0,0.47491867447686414,0.4879957817565576,2,False,434828,,,,,conformal,unseen_seastate,0.7341299638155024
dlinear_quantile_conformal,quantile,480,roll,10,1.0,542880,9,0.1,0.8040064102564103,0.08034497243984266,0.2195494386077047,0.017668353890554017,0.008834176945277022,0.0,0.7830625092101385,0.8246006944444444,0,False,543600,,,,,conformal,unseen_heading,5.0567053318459285
dlinear_quantile_conformal,quantile,480,roll,20,2.0,542880,9,0.1,0.8094256557618627,0.5969816172463677,1.67166242883649,0.12145092156496139,0.0607254607824807,0.0,0.7884241452991453,0.830725758915414,0,False,543600,,,,,conformal,unseen_heading,5.058101722258217
dlinear_quantile_conformal,quantile,480,roll,30,3.0,542880,9,0.1,0.8056918656056588,1.5650112705046482,4.4332689908193785,0.3433369531085818,0.17166847655429088,0.0,0.7845715443560272,0.8269702788829943,0,False,543600,,,,,conformal,unseen_heading,5.058718148754806
dlinear_quantile_conformal,quantile,480,roll,50,5.0,542880,9,0.1,0.8006999705275567,1.974098586026067,5.667761450616618,0.4600120924887038,0.23000604624435195,0.0,0.7795311578986148,0.8219642922929561,0,False,543600,,,,,conformal,unseen_heading,5.058662539241705
dlinear_quantile_conformal,quantile,480,roll,100,10.0,542880,9,0.1,0.7903901414677277,4.5799930470388555,13.090862326748974,1.1228807209125757,0.5614403604562881,0.0,0.7695998194812851,0.8109544466548777,0,False,543600,,,,,conformal,unseen_heading,5.062292920246066
dlinear_quantile_conformal,quantile,480,roll,150,15.0,542880,9,0.1,0.7932821249631594,6.8746374804977455,19.61112874359952,1.7175531641483206,0.8587765820741602,0.0,0.7726188568376069,0.8143127394636015,0,False,543600,,,,,conformal,unseen_heading,5.065170959625261
dlinear_quantile_conformal,quantile,480,pitch,10,1.0,542880,9,0.1,1.0,0.11767821466612245,0.11767821466612245,0.004072137556993203,0.002036068778496603,0.0,1.0,1.0,0,False,543600,,,,,conformal,unseen_heading,0.0933180002382203
dlinear_quantile_conformal,quantile,480,pitch,20,2.0,542880,9,0.1,1.0,0.7584125555897959,0.7584125555897959,0.02604899690607349,0.013024498453036742,0.0,1.0,1.0,0,False,543600,,,,,conformal,unseen_heading,0.0933131178480162
dlinear_quantile_conformal,quantile,480,pitch,30,3.0,542880,9,0.1,1.0,1.6827781136124917,1.6827781136124917,0.06036543936140053,0.030182719680700295,0.0,1.0,1.0,0,False,543600,,,,,conformal,unseen_heading,0.0933093260053012
dlinear_quantile_conformal,quantile,480,pitch,50,5.0,542880,9,0.1,1.0,2.021743853824673,2.021743853824673,0.07530666766030608,0.037653333830153055,0.0,1.0,1.0,0,False,543600,,,,,conformal,unseen_heading,0.0932992276360064
dlinear_quantile_conformal,quantile,480,pitch,100,10.0,542880,9,0.1,1.0,4.191551229110357,4.191551229110357,0.17454454943915998,0.0872722747195799,0.0,1.0,1.0,0,False,543600,,,,,conformal,unseen_heading,0.0932719667301497
dlinear_quantile_conformal,quantile,480,pitch,150,15.0,542880,9,0.1,1.0,4.78510007627868,4.78510007627868,0.20001883666060327,0.10000941833030158,0.0,1.0,1.0,0,False,543600,,,,,conformal,unseen_heading,0.0932877611037256
dlinear_quantile_conformal,quantile,480,heave,10,1.0,542880,9,0.1,0.9158764367816092,0.03656739272862647,0.05029785516879735,0.004299769180139652,0.002149884590069827,0.0,0.905232924403183,0.9268916703507221,0,False,543600,,,,,conformal,unseen_heading,0.7794698459399999
dlinear_quantile_conformal,quantile,480,heave,20,2.0,542880,9,0.1,0.9105879752431476,0.2669625406376534,0.3832411925857824,0.03187958753027151,0.015939793765135754,0.0,0.8991302866195107,0.9228377357795461,0,False,543600,,,,,conformal,unseen_heading,0.7795381170816457
dlinear_quantile_conformal,quantile,480,heave,30,3.0,542880,9,0.1,0.9097903772472739,0.7132573577354919,1.0262152640835578,0.0930358371689696,0.046517918584484765,0.0,0.8980683115974064,0.9219082486000589,0,False,543600,,,,,conformal,unseen_heading,0.7795925331975873
dlinear_quantile_conformal,quantile,480,heave,50,5.0,542880,9,0.1,0.9096448570586502,0.866786082797903,1.2427871732403588,0.12355733661140564,0.06177866830570284,0.0,0.8982105621868552,0.9214574123194813,0,False,543600,,,,,conformal,unseen_heading,0.7797418971482062
dlinear_quantile_conformal,quantile,480,heave,100,10.0,542880,9,0.1,0.9142738726790451,1.837116936936097,2.4551591226702554,0.25744716902311454,0.12872358451155733,0.0,0.9046696323312703,0.9239310713233128,0,False,543600,,,,,conformal,unseen_heading,0.7798418820620302
dlinear_quantile_conformal,quantile,480,heave,150,15.0,542880,9,0.1,0.9047340111995285,2.4129447850826518,3.3613931547814673,0.36072036357232057,0.18036018178616017,0.0,0.8945041721927498,0.9151210212201591,0,False,543600,,,,,conformal,unseen_heading,0.7799149016983908
dlinear_quantile_conformal,quantile,480,roll_rate,10,1.0,542880,9,0.1,0.8125221043324492,0.05084774931194247,0.11926586446830333,0.010218339384749435,0.005109169692374721,0.0,0.7942852932508105,0.8306994639699381,0,False,543600,,,,,conformal,unseen_heading,2.7332887334068814
dlinear_quantile_conformal,quantile,480,roll_rate,20,2.0,542880,9,0.1,0.8042587680518715,0.3522268329383534,0.9179708007190123,0.07000387916067043,0.0350019395803352,0.0,0.7842376768346596,0.8242985097995874,0,False,543600,,,,,conformal,unseen_heading,2.733256744126837
dlinear_quantile_conformal,quantile,480,roll_rate,30,3.0,542880,9,0.1,0.7934239610963749,0.8843473211028228,2.4252879761027075,0.19514610516285288,0.0975730525814265,0.0,0.7733481156056587,0.8135579686118479,0,False,543600,,,,,conformal,unseen_heading,2.733638938173776
dlinear_quantile_conformal,quantile,480,roll_rate,50,5.0,542880,9,0.1,0.7900438402593575,1.1233804002031753,3.088834307227828,0.26068645182597533,0.13034322591298775,0.0,0.7700466954022989,0.8099632054966106,0,False,543600,,,,,conformal,unseen_heading,2.7350087097464617
dlinear_quantile_conformal,quantile,480,roll_rate,100,10.0,542880,9,0.1,0.7704244031830239,2.592010747157255,7.50472917339985,0.6691344570569662,0.3345672285284832,0.0,0.7506419927055703,0.7908130710285882,0,False,543600,,,,,conformal,unseen_heading,2.736128999843485
dlinear_quantile_conformal,quantile,480,roll_rate,150,15.0,542880,9,0.1,0.7726329944002358,3.7664546610524954,11.117679554812533,1.0018880943331745,0.5009440471665874,0.0,0.7522038479958738,0.7933644636015326,0,False,543600,,,,,conformal,unseen_heading,2.7370865408303726
dlinear_quantile_conformal,quantile,480,pitch_rate,10,1.0,542880,9,0.1,1.0,0.12951498369355574,0.12951498369355574,0.004448049294013642,0.0022240246470068225,0.0,1.0,1.0,0,False,543600,,,,,conformal,unseen_heading,0.0657651229329025
dlinear_quantile_conformal,quantile,480,pitch_rate,20,2.0,542880,9,0.1,1.0,0.8300931793315871,0.8300931793315871,0.028312956919855324,0.014156478459927662,0.0,1.0,1.0,0,False,543600,,,,,conformal,unseen_heading,0.0657610588014722
dlinear_quantile_conformal,quantile,480,pitch_rate,30,3.0,542880,9,0.1,1.0,1.679292845159486,1.679292845159486,0.059762951263809275,0.02988147563190465,0.0,1.0,1.0,0,False,543600,,,,,conformal,unseen_heading,0.0657544115007394
dlinear_quantile_conformal,quantile,480,pitch_rate,50,5.0,542880,9,0.1,1.0,2.0036345904055852,2.0036345904055852,0.07396870651095076,0.03698435325547538,0.0,1.0,1.0,0,False,543600,,,,,conformal,unseen_heading,0.0657418823373477
dlinear_quantile_conformal,quantile,480,pitch_rate,100,10.0,542880,9,0.1,1.0,3.504703816474012,3.504703816474012,0.14553512532215296,0.07276756266107656,0.0,1.0,1.0,0,False,543600,,,,,conformal,unseen_heading,0.065725077235494
dlinear_quantile_conformal,quantile,480,pitch_rate,150,15.0,542880,9,0.1,1.0,3.621373419760258,3.621373419760258,0.1510594834373454,0.07552974171867274,0.0,1.0,1.0,0,False,543600,,,,,conformal,unseen_heading,0.0657301350648849
dlinear_quantile_conformal,quantile,480,heave_rate,10,1.0,542880,9,0.1,0.9453580901856764,0.023890765376829576,0.027648433665474058,0.0023809695329388395,0.0011904847664694202,0.0,0.93949302792514,0.9516350298408488,0,False,543600,,,,,conformal,unseen_heading,0.449017891316346
dlinear_quantile_conformal,quantile,480,heave_rate,20,2.0,542880,9,0.1,0.9366268788682581,0.16565812882709355,0.19993045873383464,0.016908686387640006,0.008454343193820012,0.0,0.9294962975243148,0.9440680721338048,0,False,543600,,,,,conformal,unseen_heading,0.4490640117514402
dlinear_quantile_conformal,quantile,480,heave_rate,30,3.0,542880,9,0.1,0.929820586501621,0.42028979224295754,0.5202977755606769,0.04795133008667332,0.023975665043336657,0.0,0.9221905393457118,0.9378451959917476,0,False,543600,,,,,conformal,unseen_heading,0.4491073198442661
dlinear_quantile_conformal,quantile,480,heave_rate,50,5.0,542880,9,0.1,0.9321028588269967,0.5267972644264906,0.6440596552783718,0.0636830972791764,0.03184154863958819,0.0,0.9247383860153257,0.9396976772030652,0,False,543600,,,,,conformal,unseen_heading,0.4491329486705899
dlinear_quantile_conformal,quantile,480,heave_rate,100,10.0,542880,9,0.1,0.927838564692013,1.162308614103226,1.4267080379537185,0.1537429812216262,0.07687149061081308,0.0,0.9208827917771882,0.9352830736074271,0,False,543600,,,,,conformal,unseen_heading,0.4491261128521456
dlinear_quantile_conformal,quantile,480,heave_rate,150,15.0,542880,9,0.1,0.911871868552903,1.4751645713350579,1.929330979059845,0.21650195085492147,0.10825097542746077,0.0,0.9036112492631889,0.9206174016357206,0,False,543600,,,,,conformal,unseen_heading,0.4491083042103025
dlinear_quantile_conformal,quantile,480,roll,10,1.0,542880,9,0.1,0.8076941497200117,0.07136344342132661,0.19621399604564277,0.015588262303921999,0.007794131151961004,0.0,0.7867443541850869,0.8285888225758915,1,False,543600,,,,,conformal,unseen_heading,5.0567053318459285
dlinear_quantile_conformal,quantile,480,roll,20,2.0,542880,9,0.1,0.8080422929560861,0.5858807198852233,1.6214211286053548,0.12035940608667732,0.06017970304333863,0.0,0.7870096982758621,0.8289475574712644,1,False,543600,,,,,conformal,unseen_heading,5.058101722258217
dlinear_quantile_conformal,quantile,480,roll,30,3.0,542880,9,0.1,0.8055960801650457,1.536606419123849,4.335388441939365,0.34048740766657165,0.1702437038332858,0.0,0.7844632791777189,0.8267848787945771,1,False,543600,,,,,conformal,unseen_heading,5.058718148754806
dlinear_quantile_conformal,quantile,480,roll,50,5.0,542880,9,0.1,0.7999539493073976,1.9644014581200602,5.641072546881029,0.45935397550276835,0.22967698775138423,0.0,0.7788162669466548,0.8212763870468612,1,False,543600,,,,,conformal,unseen_heading,5.058662539241705
dlinear_quantile_conformal,quantile,480,roll,100,10.0,542880,9,0.1,0.7905190834070145,4.573230908768202,13.052489387784274,1.1212849275575028,0.5606424637787512,0.0,0.7697312481579722,0.8111008878573533,1,False,543600,,,,,conformal,unseen_heading,5.062292920246066
dlinear_quantile_conformal,quantile,480,roll,150,15.0,542880,9,0.1,0.7928787208959622,6.8648157271486,19.635085355132695,1.718165966429559,0.8590829832147798,0.0,0.7722017296640142,0.813935906646036,1,False,543600,,,,,conformal,unseen_heading,5.065170959625261
dlinear_quantile_conformal,quantile,480,pitch,10,1.0,542880,9,0.1,1.0,0.11593497462576842,0.11593497462576842,0.0038566461641993694,0.0019283230820996856,0.0,1.0,1.0,1,False,543600,,,,,conformal,unseen_heading,0.0933180002382203
dlinear_quantile_conformal,quantile,480,pitch,20,2.0,542880,9,0.1,1.0,0.7605679396241773,0.7605679396241773,0.024978528866698078,0.012489264433349034,0.0,1.0,1.0,1,False,543600,,,,,conformal,unseen_heading,0.0933131178480162
dlinear_quantile_conformal,quantile,480,pitch,30,3.0,542880,9,0.1,1.0,1.690759933349965,1.690759933349965,0.0606614735843895,0.03033073679219476,0.0,1.0,1.0,1,False,543600,,,,,conformal,unseen_heading,0.0933093260053012
dlinear_quantile_conformal,quantile,480,pitch,50,5.0,542880,9,0.1,1.0,2.0284855040546277,2.0284855040546277,0.07544981324108317,0.03772490662054154,0.0,1.0,1.0,1,False,543600,,,,,conformal,unseen_heading,0.0932992276360064
dlinear_quantile_conformal,quantile,480,pitch,100,10.0,542880,9,0.1,1.0,4.196339132858009,4.196339132858009,0.17451989680554642,0.0872599484027732,0.0,1.0,1.0,1,False,543600,,,,,conformal,unseen_heading,0.0932719667301497
dlinear_quantile_conformal,quantile,480,pitch,150,15.0,542880,9,0.1,1.0,4.779786856880954,4.779786856880954,0.19974866770303476,0.09987433385151735,0.0,1.0,1.0,1,False,543600,,,,,conformal,unseen_heading,0.0932877611037256
dlinear_quantile_conformal,quantile,480,heave,10,1.0,542880,9,0.1,0.9170755968169761,0.035856276159716524,0.04945590056183016,0.004221456357901224,0.0021107281789506114,0.0,0.9061736940023578,0.9284121260683761,1,False,543600,,,,,conformal,unseen_heading,0.7794698459399999
dlinear_quantile_conformal,quantile,480,heave,20,2.0,542880,9,0.1,0.911147951665193,0.26860094056947603,0.3827563051732157,0.03185966645452492,0.015929833227262453,0.0,0.89970094680224,0.9231917735042735,1,False,543600,,,,,conformal,unseen_heading,0.7795381170816457
dlinear_quantile_conformal,quantile,480,heave,30,3.0,542880,9,0.1,0.9104921898025347,0.7143523729669408,1.0222868685872561,0.09305546585858482,0.04652773292929241,0.0,0.8987539603595638,0.9224885794282346,1,False,543600,,,,,conformal,unseen_heading,0.7795925331975873
dlinear_quantile_conformal,quantile,480,heave,50,5.0,542880,9,0.1,0.909585912172119,0.8667104391166128,1.2413983123646986,0.12353131505998992,0.061765657529994994,0.0,0.8981650641025641,0.9213248323754789,1,False,543600,,,,,conformal,unseen_heading,0.7797418971482062
dlinear_quantile_conformal,quantile,480,heave,100,10.0,542880,9,0.1,0.9147914824638963,1.8399757111968662,2.454264066494777,0.2575550624288282,0.12877753121441404,0.0,0.9051691902446213,0.9244518125552608,1,False,543600,,,,,conformal,unseen_heading,0.7798418820620302
dlinear_quantile_conformal,quantile,480,heave,150,15.0,542880,9,0.1,0.9049108458591217,2.414423677146596,3.361466501720327,0.3607161487487059,0.18035807437435294,0.0,0.8946644286030062,0.9152903956675509,1,False,543600,,,,,conformal,unseen_heading,0.7799149016983908
dlinear_quantile_conformal,quantile,480,roll_rate,10,1.0,542880,9,0.1,0.8193873415856174,0.04682885171971042,0.10693031243502471,0.009225480605430667,0.00461274030271533,0.0,0.8015469809165929,0.8372086833185972,1,False,543600,,,,,conformal,unseen_heading,2.7332887334068814
dlinear_quantile_conformal,quantile,480,roll_rate,20,2.0,542880,9,0.1,0.8041942970822281,0.34787643643511257,0.8922518795575368,0.06956828792803413,0.034784143964017085,0.0,0.7848710120100206,0.8237713214706749,1,False,543600,,,,,conformal,unseen_heading,2.733256744126837
dlinear_quantile_conformal,quantile,480,roll_rate,30,3.0,542880,9,0.1,0.7921382257589155,0.8666082985978103,2.3769963380974226,0.19391402398102164,0.09695701199051086,0.0,0.7721833554376658,0.8122705754494547,1,False,543600,,,,,conformal,unseen_heading,2.733638938173776
dlinear_quantile_conformal,quantile,480,roll_rate,50,5.0,542880,9,0.1,0.788662319481285,1.115994374642165,3.0798902495744485,0.26048028301568465,0.13024014150784233,0.0,0.7686957062334218,0.8085893291335101,1,False,543600,,,,,conformal,unseen_heading,2.7350087097464617
dlinear_quantile_conformal,quantile,480,roll_rate,100,10.0,542880,9,0.1,0.7706215001473622,2.5893463219173425,7.4826863080605595,0.6683862909970165,0.3341931454985083,0.0,0.7507859011199529,0.7909969053934571,1,False,543600,,,,,conformal,unseen_heading,2.736128999843485
dlinear_quantile_conformal,quantile,480,roll_rate,150,15.0,542880,9,0.1,0.772581417624521,3.7672854670790805,11.122234100388383,1.002068659501118,0.5010343297505588,0.0,0.7521371665929856,0.7933164787798408,1,False,543600,,,,,conformal,unseen_heading,2.7370865408303726
dlinear_quantile_conformal,quantile,480,pitch_rate,10,1.0,542880,9,0.1,1.0,0.1271689440143824,0.1271689440143824,0.0042030081755141425,0.0021015040877570704,0.0,1.0,1.0,1,False,543600,,,,,conformal,unseen_heading,0.0657651229329025
dlinear_quantile_conformal,quantile,480,pitch_rate,20,2.0,542880,9,0.1,1.0,0.8358895150077703,0.8358895150077703,0.027234433837535477,0.013617216918767737,0.0,1.0,1.0,1,False,543600,,,,,conformal,unseen_heading,0.0657610588014722
dlinear_quantile_conformal,quantile,480,pitch_rate,30,3.0,542880,9,0.1,1.0,1.696662727939436,1.696662727939436,0.06039807127197977,0.030199035635989885,0.0,1.0,1.0,1,False,543600,,,,,conformal,unseen_heading,0.0657544115007394
dlinear_quantile_conformal,quantile,480,pitch_rate,50,5.0,542880,9,0.1,1.0,2.0087967519227745,2.0087967519227745,0.07403789880827268,0.03701894940413638,0.0,1.0,1.0,1,False,543600,,,,,conformal,unseen_heading,0.0657418823373477
dlinear_quantile_conformal,quantile,480,pitch_rate,100,10.0,542880,9,0.1,1.0,3.497396717658052,3.497396717658052,0.14507122022530378,0.07253561011265196,0.0,1.0,1.0,1,False,543600,,,,,conformal,unseen_heading,0.065725077235494
dlinear_quantile_conformal,quantile,480,pitch_rate,150,15.0,542880,9,0.1,1.0,3.6233707018471697,3.6233707018471697,0.15108569386046042,0.07554284693023025,0.0,1.0,1.0,1,False,543600,,,,,conformal,unseen_heading,0.0657301350648849
dlinear_quantile_conformal,quantile,480,heave_rate,10,1.0,542880,9,0.1,0.950075523135868,0.023569024337470622,0.02692492515168379,0.002343124256657682,0.0011715621283288407,0.0,0.9446099045829649,0.9559762746831711,1,False,543600,,,,,conformal,unseen_heading,0.449017891316346
dlinear_quantile_conformal,quantile,480,heave_rate,20,2.0,542880,9,0.1,0.9365900383141762,0.16553266506173073,0.19933110540789156,0.016941335221351547,0.008470667610675775,0.0,0.9295592488211023,0.9438794024462127,1,False,543600,,,,,conformal,unseen_heading,0.4490640117514402
dlinear_quantile_conformal,quantile,480,heave_rate,30,3.0,542880,9,0.1,0.9304358237547893,0.4209697440384789,0.5194043849601153,0.047988039025545944,0.023994019512772954,0.0,0.92282488763631,0.9383444776009432,1,False,543600,,,,,conformal,unseen_heading,0.4491073198442661
dlinear_quantile_conformal,quantile,480,heave_rate,50,5.0,542880,9,0.1,0.932222590627763,0.5280585639011574,0.6448210352403193,0.0636812598156701,0.03184062990783506,0.0,0.924835875331565,0.9397587864721485,1,False,543600,,,,,conformal,unseen_heading,0.4491329486705899
dlinear_quantile_conformal,quantile,480,heave_rate,100,10.0,542880,9,0.1,0.9279030356616563,1.1614674900614477,1.4253816086348996,0.15384648245855126,0.07692324122927567,0.0,0.9209379144562334,0.9353195918066608,1,False,543600,,,,,conformal,unseen_heading,0.4491261128521456
dlinear_quantile_conformal,quantile,480,heave_rate,150,15.0,542880,9,0.1,0.9118976569407604,1.4749319154538756,1.9291824923944068,0.21649739671179194,0.10824869835589598,0.0,0.9036581288682581,0.9206878591954023,1,False,543600,,,,,conformal,unseen_heading,0.4491083042103025
dlinear_quantile_conformal,quantile,480,roll,10,1.0,542880,9,0.1,0.8044319186560566,0.07131688179663026,0.19735103049776964,0.016052780404906132,0.008026390202453066,0.0,0.7836115716180372,0.8254290543029768,2,False,543600,,,,,conformal,unseen_heading,5.0567053318459285
dlinear_quantile_conformal,quantile,480,roll,20,2.0,542880,9,0.1,0.8042182434423814,0.565267965320482,1.5915260881175952,0.11819331305381138,0.059096656526905655,0.0,0.7830071562776305,0.8254701775714707,2,False,543600,,,,,conformal,unseen_heading,5.058101722258217
dlinear_quantile_conformal,quantile,480,roll,30,3.0,542880,9,0.1,0.8072060123784262,1.5734469756502119,4.448960098140991,0.3435505296602451,0.17177526483012256,0.0,0.7859646699086354,0.8285439231506041,2,False,543600,,,,,conformal,unseen_heading,5.058718148754806
dlinear_quantile_conformal,quantile,480,roll,50,5.0,542880,9,0.1,0.7997992189802534,1.9704944509356999,5.644887565396843,0.4596435260792769,0.2298217630396384,0.0,0.7787170277040967,0.8210437849985264,2,False,543600,,,,,conformal,unseen_heading,5.058662539241705
dlinear_quantile_conformal,quantile,480,roll,100,10.0,542880,9,0.1,0.7906590775125258,4.588648757593972,13.095421927889923,1.1234134880668496,0.5617067440334247,0.0,0.7698966161951075,0.8112757883878574,2,False,543600,,,,,conformal,unseen_heading,5.062292920246066
dlinear_quantile_conformal,quantile,480,roll,150,15.0,542880,9,0.1,0.7929045092838196,6.865528313032241,19.63128126179359,1.7175199855226573,0.8587599927613297,0.0,0.7722229590333038,0.8139465904067197,2,False,543600,,,,,conformal,unseen_heading,5.065170959625261
dlinear_quantile_conformal,quantile,480,pitch,10,1.0,542880,9,0.1,1.0,0.11606158719640977,0.11606158719640977,0.004315060806404877,0.00215753040320244,0.0,1.0,1.0,2,False,543600,,,,,conformal,unseen_heading,0.0933180002382203
dlinear_quantile_conformal,quantile,480,pitch,20,2.0,542880,9,0.1,1.0,0.7672199414924666,0.7672199414924666,0.026062181737002806,0.013031090868501415,0.0,1.0,1.0,2,False,543600,,,,,conformal,unseen_heading,0.0933131178480162
dlinear_quantile_conformal,quantile,480,pitch,30,3.0,542880,9,0.1,1.0,1.6855139119608937,1.6855139119608937,0.060366713556618844,0.030183356778309422,0.0,1.0,1.0,2,False,543600,,,,,conformal,unseen_heading,0.0933093260053012
dlinear_quantile_conformal,quantile,480,pitch,50,5.0,542880,9,0.1,1.0,2.020617866861231,2.020617866861231,0.07566284598939393,0.03783142299469698,0.0,1.0,1.0,2,False,543600,,,,,conformal,unseen_heading,0.0932992276360064
dlinear_quantile_conformal,quantile,480,pitch,100,10.0,542880,9,0.1,1.0,4.192200395155577,4.192200395155577,0.1742973556675647,0.08714867783378236,0.0,1.0,1.0,2,False,543600,,,,,conformal,unseen_heading,0.0932719667301497
dlinear_quantile_conformal,quantile,480,pitch,150,15.0,542880,9,0.1,1.0,4.781301933760591,4.781301933760591,0.19980633985308638,0.0999031699265431,0.0,1.0,1.0,2,False,543600,,,,,conformal,unseen_heading,0.0932877611037256
dlinear_quantile_conformal,quantile,480,heave,10,1.0,542880,9,0.1,0.9164695697023283,0.035457569842919354,0.04866752257446252,0.004243956754539064,0.002121978377269532,0.0,0.9056284538019452,0.9275573791629825,2,False,543600,,,,,conformal,unseen_heading,0.7794698459399999
dlinear_quantile_conformal,quantile,480,heave,20,2.0,542880,9,0.1,0.9121408045977012,0.26875030101730096,0.38044519081501266,0.03210023569520753,0.016050117847603764,0.0,0.900788203654583,0.9241133399646331,2,False,543600,,,,,conformal,unseen_heading,0.7795381170816457
dlinear_quantile_conformal,quantile,480,heave,30,3.0,542880,9,0.1,0.9104664014146773,0.7137768641271737,1.0260833001566387,0.09306872916302168,0.04653436458151087,0.0,0.8987029361921604,0.9226613616268788,2,False,543600,,,,,conformal,unseen_heading,0.7795925331975873
dlinear_quantile_conformal,quantile,480,heave,50,5.0,542880,9,0.1,0.9096135425876806,0.8657482378700546,1.2421146369245972,0.12376087899601988,0.06188043949800991,0.0,0.8981214540966697,0.921404638225759,2,False,543600,,,,,conformal,unseen_heading,0.7797418971482062
dlinear_quantile_conformal,quantile,480,heave,100,10.0,542880,9,0.1,0.914424918950781,1.8371485276481432,2.4543436144313597,0.2574636123146922,0.1287318061573462,0.0,0.9047851735190098,0.924057848880047,2,False,543600,,,,,conformal,unseen_heading,0.7798418820620302
dlinear_quantile_conformal,quantile,480,heave,150,15.0,542880,9,0.1,0.9049403183023873,2.4145736850445645,3.3614374292095266,0.3606977399523948,0.1803488699761973,0.0,0.8946811910551135,0.915328709843796,2,False,543600,,,,,conformal,unseen_heading,0.7799149016983908
dlinear_quantile_conformal,quantile,480,roll_rate,10,1.0,542880,9,0.1,0.8169687592101386,0.04697436170587693,0.10737065586925328,0.009393549536540619,0.004696774768270311,0.0,0.7992935363247864,0.8348443026083112,2,False,543600,,,,,conformal,unseen_heading,2.7332887334068814
dlinear_quantile_conformal,quantile,480,roll_rate,20,2.0,542880,9,0.1,0.8020078101974654,0.3433566532744555,0.8811940758683462,0.0689143767235796,0.03445718836178981,0.0,0.782540064102564,0.8216551539935161,2,False,543600,,,,,conformal,unseen_heading,2.733256744126837
dlinear_quantile_conformal,quantile,480,roll_rate,30,3.0,542880,9,0.1,0.7937831564986737,0.8822903527797824,2.4310203695976145,0.19530253505638573,0.09765126752819288,0.0,0.7735842175066313,0.8141405098732685,2,False,543600,,,,,conformal,unseen_heading,2.733638938173776
dlinear_quantile_conformal,quantile,480,roll_rate,50,5.0,542880,9,0.1,0.7888612584733274,1.1198429646336177,3.0844665070952013,0.26096205070471873,0.13048102535235948,0.0,0.7689059276451519,0.8088564231506042,2,False,543600,,,,,conformal,unseen_heading,2.7350087097464617
dlinear_quantile_conformal,quantile,480,roll_rate,100,10.0,542880,9,0.1,0.7710285882699676,2.5967178969217035,7.503451698308611,0.6693068147824871,0.3346534073912438,0.0,0.7511981008694371,0.7914369658119658,2,False,543600,,,,,conformal,unseen_heading,2.736128999843485
dlinear_quantile_conformal,quantile,480,roll_rate,150,15.0,542880,9,0.1,0.7725390509873269,3.765805589350484,11.12218846397699,1.0017613056382706,0.5008806528191351,0.0,0.752126344680224,0.7932660993221338,2,False,543600,,,,,conformal,unseen_heading,2.7370865408303726
dlinear_quantile_conformal,quantile,480,pitch_rate,10,1.0,542880,9,0.1,1.0,0.12421041361006045,0.12421041361006045,0.004596109288886937,0.002298054644443467,0.0,1.0,1.0,2,False,543600,,,,,conformal,unseen_heading,0.0657651229329025
dlinear_quantile_conformal,quantile,480,pitch_rate,20,2.0,542880,9,0.1,1.0,0.8341706457569804,0.8341706457569804,0.02812838441276904,0.014064192206384527,0.0,1.0,1.0,2,False,543600,,,,,conformal,unseen_heading,0.0657610588014722
dlinear_quantile_conformal,quantile,480,pitch_rate,30,3.0,542880,9,0.1,1.0,1.6801070076439706,1.6801070076439706,0.05969869927849704,0.029849349639248495,0.0,1.0,1.0,2,False,543600,,,,,conformal,unseen_heading,0.0657544115007394
dlinear_quantile_conformal,quantile,480,pitch_rate,50,5.0,542880,9,0.1,1.0,2.014391909499138,2.014391909499138,0.0747358262332337,0.03736791311661688,0.0,1.0,1.0,2,False,543600,,,,,conformal,unseen_heading,0.0657418823373477
dlinear_quantile_conformal,quantile,480,pitch_rate,100,10.0,542880,9,0.1,1.0,3.5015051686094267,3.5015051686094267,0.14518372507164848,0.07259186253582413,0.0,1.0,1.0,2,False,543600,,,,,conformal,unseen_heading,0.065725077235494
dlinear_quantile_conformal,quantile,480,pitch_rate,150,15.0,542880,9,0.1,1.0,3.6232859101995474,3.6232859101995474,0.15108337703024038,0.07554168851512018,0.0,1.0,1.0,2,False,543600,,,,,conformal,unseen_heading,0.0657301350648849
dlinear_quantile_conformal,quantile,480,heave_rate,10,1.0,542880,9,0.1,0.9501970969643383,0.02359501777322979,0.026864979892646502,0.002347320286614376,0.0011736601433071877,0.0,0.9448699528440908,0.9559240992484527,2,False,543600,,,,,conformal,unseen_heading,0.449017891316346
dlinear_quantile_conformal,quantile,480,heave_rate,20,2.0,542880,9,0.1,0.9379347185381668,0.16736846686446466,0.20028510462507967,0.017200478943133472,0.008600239471566733,0.0,0.9310821452254643,0.9451186265841438,2,False,543600,,,,,conformal,unseen_heading,0.4490640117514402
dlinear_quantile_conformal,quantile,480,heave_rate,30,3.0,542880,9,0.1,0.9299182139699381,0.41744174545632945,0.517627903757461,0.047960590610743974,0.023980295305371976,0.0,0.9221361074270557,0.9380432600206307,2,False,543600,,,,,conformal,unseen_heading,0.4491073198442661
dlinear_quantile_conformal,quantile,480,heave_rate,50,5.0,542880,9,0.1,0.9324657382847038,0.5264809010586643,0.642856466971494,0.06380948626515132,0.03190474313257566,0.0,0.9251229553492485,0.9400752007810197,2,False,543600,,,,,conformal,unseen_heading,0.4491329486705899
dlinear_quantile_conformal,quantile,480,heave_rate,100,10.0,542880,9,0.1,0.9278146183318597,1.1608548286939717,1.4253380660976225,0.15375035360827238,0.07687517680413616,0.0,0.9208368792366638,0.9352353650898909,2,False,543600,,,,,conformal,unseen_heading,0.4491261128521456
dlinear_quantile_conformal,quantile,480,heave_rate,150,15.0,542880,9,0.1,0.9121279104037725,1.4764857948018109,1.9293150029488326,0.21647987420435297,0.10823993710217644,0.0,0.9039284003831418,0.9208718777630416,2,False,543600,,,,,conformal,unseen_heading,0.4491083042103025
dlinear_gaussian_conformal,gaussian,480,roll,10,1.0,542880,9,0.1,0.8047708517536104,0.11257804124339363,0.32418214753710456,0.028244294912149213,0.01412214745607461,0.0,0.7835453967727675,0.8259453286177424,0,False,121500,,,,,conformal,unseen_heading,5.0567053318459285
dlinear_gaussian_conformal,gaussian,480,roll,20,2.0,542880,9,0.1,0.803315649867374,0.7064659590363801,2.0275008952685947,0.1777984141687959,0.08889920708439798,0.0,0.7820720048629531,0.8244831730769231,0,False,121500,,,,,conformal,unseen_heading,5.058101722258217
dlinear_gaussian_conformal,gaussian,480,roll,30,3.0,542880,9,0.1,0.8024756852343059,1.7639111486358467,5.129949468683113,0.4470020767455995,0.22350103837279967,0.0,0.7809878334070144,0.8238476274683171,0,False,121500,,,,,conformal,unseen_heading,5.058718148754806
dlinear_gaussian_conformal,gaussian,480,roll,50,5.0,542880,9,0.1,0.7986737400530504,2.210539324014738,6.3447579112578705,0.5587445090266542,0.2793722545133271,0.0,0.7776182581786031,0.819864242558208,0,False,121500,,,,,conformal,unseen_heading,5.058662539241705
dlinear_gaussian_conformal,gaussian,480,roll,100,10.0,542880,9,0.1,0.7907511788977306,4.754292167857311,13.627488149856566,1.2215738407945924,0.6107869203972958,0.0,0.7701096466990863,0.8113934479074566,0,False,121500,,,,,conformal,unseen_heading,5.062292920246066
dlinear_gaussian_conformal,gaussian,480,roll,150,15.0,542880,9,0.1,0.7939305187150014,6.975279706309467,19.95003586250818,1.7746335966235403,0.8873167983117699,0.0,0.7732449620542293,0.814943127394636,0,False,121500,,,,,conformal,unseen_heading,5.065170959625261
dlinear_gaussian_conformal,gaussian,480,pitch,10,1.0,542880,9,0.1,1.0,0.11680196545116886,0.11680196545116886,0.008303087164741499,0.004151543582370748,0.0,1.0,1.0,0,False,121500,,,,,conformal,unseen_heading,0.0933180002382203
dlinear_gaussian_conformal,gaussian,480,pitch,20,2.0,542880,9,0.1,1.0,0.7323652773228723,0.7323652773228723,0.05203701863267165,0.02601850931633582,0.0,1.0,1.0,0,False,121500,,,,,conformal,unseen_heading,0.0933131178480162
dlinear_gaussian_conformal,gaussian,480,pitch,30,3.0,542880,9,0.1,1.0,1.635790634107758,1.635790634107758,0.11636053516152989,0.058180267580764965,0.0,1.0,1.0,0,False,121500,,,,,conformal,unseen_heading,0.0933093260053012
dlinear_gaussian_conformal,gaussian,480,pitch,50,5.0,542880,9,0.1,1.0,1.977796110158315,1.977796110158315,0.1407703884129581,0.07038519420647897,0.0,1.0,1.0,0,False,121500,,,,,conformal,unseen_heading,0.0932992276360064
dlinear_gaussian_conformal,gaussian,480,pitch,100,10.0,542880,9,0.1,1.0,4.149350158589367,4.149350158589367,0.2961658630082974,0.14808293150414878,0.0,1.0,1.0,0,False,121500,,,,,conformal,unseen_heading,0.0932719667301497
dlinear_gaussian_conformal,gaussian,480,pitch,150,15.0,542880,9,0.1,1.0,4.769794381736151,4.769794381736151,0.34092416877837206,0.17046208438918584,0.0,1.0,1.0,0,False,121500,,,,,conformal,unseen_heading,0.0932877611037256
dlinear_gaussian_conformal,gaussian,480,heave,10,1.0,542880,9,0.1,0.9097645888594165,0.042238164320183895,0.060631844234601925,0.006333207412857521,0.0031666037064287584,0.0,0.8981285459033305,0.9219042421898026,0,False,121500,,,,,conformal,unseen_heading,0.7794698459399999
dlinear_gaussian_conformal,gaussian,480,heave,20,2.0,542880,9,0.1,0.9113542587680519,0.28365603451248617,0.40516598978982205,0.04227845811628544,0.021139229058142715,0.0,0.8997937849985265,0.9234816626142057,0,False,121500,,,,,conformal,unseen_heading,0.7795381170816457
dlinear_gaussian_conformal,gaussian,480,heave,30,3.0,542880,9,0.1,0.9094901267315061,0.7037619923000102,1.0193377763560678,0.10574619261463522,0.052873096307317624,0.0,0.8975372089596227,0.921932563365753,0,False,121500,,,,,conformal,unseen_heading,0.7795925331975873
dlinear_gaussian_conformal,gaussian,480,heave,50,5.0,542880,9,0.1,0.9095914382552314,0.870986839343137,1.2469507131959814,0.13097925306090347,0.06548962653045173,0.0,0.8981979442970822,0.9212642757147067,0,False,121500,,,,,conformal,unseen_heading,0.7797418971482062
dlinear_gaussian_conformal,gaussian,480,heave,100,10.0,542880,9,0.1,0.9145335985853227,1.8324448675040244,2.4518490797837966,0.2714398412928831,0.13571992064644148,0.0,0.904773798997937,0.9243289493073975,0,False,121500,,,,,conformal,unseen_heading,0.7798418820620302
dlinear_gaussian_conformal,gaussian,480,heave,150,15.0,542880,9,0.1,0.9049661066902446,2.415952830059058,3.367257884262534,0.37134377635497917,0.1856718881774895,0.0,0.894695374668435,0.9154363763631005,0,False,121500,,,,,conformal,unseen_heading,0.7799149016983908
dlinear_gaussian_conformal,gaussian,480,roll_rate,10,1.0,542880,9,0.1,0.7944481284998527,0.06309690112026035,0.1760333067952593,0.015983955002303044,0.007991977501151527,0.0,0.7739995487032125,0.8148787024756853,0,False,121500,,,,,conformal,unseen_heading,2.7332887334068814
dlinear_gaussian_conformal,gaussian,480,roll_rate,20,2.0,542880,9,0.1,0.789861479516652,0.39600909935506745,1.1083746430596895,0.10154466518425362,0.05077233259212682,0.0,0.7695092838196286,0.8103147564839375,0,False,121500,,,,,conformal,unseen_heading,2.733256744126837
dlinear_gaussian_conformal,gaussian,480,roll_rate,30,3.0,542880,9,0.1,0.7866103006189213,0.9731483081801426,2.8013746435992926,0.2536677854074395,0.12683389270371973,0.0,0.7660643696581196,0.8074005305039789,0,False,121500,,,,,conformal,unseen_heading,2.733638938173776
dlinear_gaussian_conformal,gaussian,480,roll_rate,50,5.0,542880,9,0.1,0.7844459180666077,1.2255157509657717,3.4796666003892844,0.3180623928259087,0.15903119641295438,0.0,0.7642605179781904,0.8048548942676098,0,False,121500,,,,,conformal,unseen_heading,2.7350087097464617
dlinear_gaussian_conformal,gaussian,480,roll_rate,100,10.0,542880,9,0.1,0.7711685823754789,2.6677787071775163,7.753450828236105,0.7158493453124234,0.3579246726562116,0.0,0.7512316257736517,0.7916380691865607,0,False,121500,,,,,conformal,unseen_heading,2.736128999843485
dlinear_gaussian_conformal,gaussian,480,roll_rate,150,15.0,542880,9,0.1,0.7744271293840259,3.825686887605379,11.254824573019505,1.0217301005273447,0.5108650502636723,0.0,0.754002265694076,0.7952199381078692,0,False,121500,,,,,conformal,unseen_heading,2.7370865408303726
dlinear_gaussian_conformal,gaussian,480,pitch_rate,10,1.0,542880,9,0.1,1.0,0.14612188593745026,0.14612188593745026,0.010322472652023483,0.0051612363260117484,0.0,1.0,1.0,0,False,121500,,,,,conformal,unseen_heading,0.0657651229329025
dlinear_gaussian_conformal,gaussian,480,pitch_rate,20,2.0,542880,9,0.1,1.0,0.833234920363938,0.833234920363938,0.058921028185980995,0.02946051409299048,0.0,1.0,1.0,0,False,121500,,,,,conformal,unseen_heading,0.0657610588014722
dlinear_gaussian_conformal,gaussian,480,pitch_rate,30,3.0,542880,9,0.1,1.0,1.6357704241739426,1.6357704241739426,0.11593967703051226,0.05796983851525609,0.0,1.0,1.0,0,False,121500,,,,,conformal,unseen_heading,0.0657544115007394
dlinear_gaussian_conformal,gaussian,480,pitch_rate,50,5.0,542880,9,0.1,1.0,1.9289148567446655,1.9289148567446655,0.1368283162525555,0.06841415812627771,0.0,1.0,1.0,0,False,121500,,,,,conformal,unseen_heading,0.0657418823373477
dlinear_gaussian_conformal,gaussian,480,pitch_rate,100,10.0,542880,9,0.1,1.0,3.512954463817686,3.512954463817686,0.2504075757939709,0.1252037878969853,0.0,1.0,1.0,0,False,121500,,,,,conformal,unseen_heading,0.065725077235494
dlinear_gaussian_conformal,gaussian,480,pitch_rate,150,15.0,542880,9,0.1,1.0,3.6043589191183543,3.6043589191183543,0.25750947411808456,0.12875473705904242,0.0,1.0,1.0,0,False,121500,,,,,conformal,unseen_heading,0.0657301350648849
dlinear_gaussian_conformal,gaussian,480,heave_rate,10,1.0,542880,9,0.1,0.9372163277335691,0.026150451627292987,0.03147551480500937,0.003533910389728586,0.0017669551948642944,0.0,0.9300663590480401,0.9444814231506042,0,False,121500,,,,,conformal,unseen_heading,0.449017891316346
dlinear_gaussian_conformal,gaussian,480,heave_rate,20,2.0,542880,9,0.1,0.9367281903919835,0.17304695472261142,0.20863839740348303,0.023530113754714924,0.01176505687735747,0.0,0.9296212791040377,0.9442348216917182,0,False,121500,,,,,conformal,unseen_heading,0.4490640117514402
dlinear_gaussian_conformal,gaussian,480,heave_rate,30,3.0,542880,9,0.1,0.9302258325965223,0.41505624111022793,0.5150253922370673,0.058021872264526056,0.029010936132263028,0.0,0.922409418287651,0.9383781867079282,0,False,121500,,,,,conformal,unseen_heading,0.4491073198442661
dlinear_gaussian_conformal,gaussian,480,heave_rate,50,5.0,542880,9,0.1,0.9313273651635721,0.5275511754792019,0.6471171939422707,0.07311569491936315,0.03655784745968156,0.0,0.9238390620394931,0.9389212625257884,0,False,121500,,,,,conformal,unseen_heading,0.4491329486705899
dlinear_gaussian_conformal,gaussian,480,heave_rate,100,10.0,542880,9,0.1,0.9286380047155909,1.152480442361883,1.4119852180449168,0.16420725499690733,0.08210362749845364,0.0,0.9217573865310934,0.9360902961980547,0,False,121500,,,,,conformal,unseen_heading,0.4491261128521456
dlinear_gaussian_conformal,gaussian,480,heave_rate,150,15.0,542880,9,0.1,0.9118350279988211,1.471205172341861,1.9253317571211601,0.22260734871348753,0.11130367435674386,0.0,0.9035508768051872,0.9206990955643972,0,False,121500,,,,,conformal,unseen_heading,0.4491083042103025
dlinear_gaussian_conformal,gaussian,480,roll,10,1.0,542880,9,0.1,0.8144083407014442,0.11103460497095549,0.3234575084735454,0.027644903156984656,0.013822451578492332,0.0,0.7930757257589154,0.8365349156351312,1,False,121500,,,,,conformal,unseen_heading,5.0567053318459285
dlinear_gaussian_conformal,gaussian,480,roll,20,2.0,542880,9,0.1,0.8012120542292956,0.7243942860023215,2.1112080839168472,0.1841951212732935,0.09209756063664665,0.0,0.7797168342911878,0.8225481229737694,1,False,121500,,,,,conformal,unseen_heading,5.058101722258217
dlinear_gaussian_conformal,gaussian,480,roll,30,3.0,542880,9,0.1,0.8030946065428824,1.7739226960338037,5.155216580966041,0.4487446215746611,0.22437231078733055,0.0,0.7816235171676983,0.8244721209106984,1,False,121500,,,,,conformal,unseen_heading,5.058718148754806
dlinear_gaussian_conformal,gaussian,480,roll,50,5.0,542880,9,0.1,0.7988708370173887,2.205517979154105,6.357685011246844,0.558486503295776,0.279243251647888,0.0,0.777796290156204,0.8201346522251695,1,False,121500,,,,,conformal,unseen_heading,5.058662539241705
dlinear_gaussian_conformal,gaussian,480,roll,100,10.0,542880,9,0.1,0.7908193339227823,4.7557789023904276,13.6332732163824,1.2217877722990351,0.6108938861495173,0.0,0.7701226790450928,0.8115007460212202,1,False,121500,,,,,conformal,unseen_heading,5.062292920246066
dlinear_gaussian_conformal,gaussian,480,roll,150,15.0,542880,9,0.1,0.7940889330975538,6.979979257354874,19.94440295544809,1.7745361636634287,0.8872680818317144,0.0,0.7734254347185382,0.8151123636899499,1,False,121500,,,,,conformal,unseen_heading,5.065170959625261
dlinear_gaussian_conformal,gaussian,480,pitch,10,1.0,542880,9,0.1,1.0,0.11914315032850867,0.11914315032850867,0.008549464735162313,0.004274732367581156,0.0,1.0,1.0,1,False,121500,,,,,conformal,unseen_heading,0.0933180002382203
dlinear_gaussian_conformal,gaussian,480,pitch,20,2.0,542880,9,0.1,1.0,0.7330859508168189,0.7330859508168189,0.05208384429876921,0.026041922149384607,0.0,1.0,1.0,1,False,121500,,,,,conformal,unseen_heading,0.0933131178480162
dlinear_gaussian_conformal,gaussian,480,pitch,30,3.0,542880,9,0.1,1.0,1.6362374705436997,1.6362374705436997,0.11640223916008559,0.05820111958004281,0.0,1.0,1.0,1,False,121500,,,,,conformal,unseen_heading,0.0933093260053012
dlinear_gaussian_conformal,gaussian,480,pitch,50,5.0,542880,9,0.1,1.0,1.976550110480159,1.976550110480159,0.14067346826198274,0.0703367341309914,0.0,1.0,1.0,1,False,121500,,,,,conformal,unseen_heading,0.0932992276360064
dlinear_gaussian_conformal,gaussian,480,pitch,100,10.0,542880,9,0.1,1.0,4.156033277397734,4.156033277397734,0.29663178985030103,0.14831589492515054,0.0,1.0,1.0,1,False,121500,,,,,conformal,unseen_heading,0.0932719667301497
dlinear_gaussian_conformal,gaussian,480,pitch,150,15.0,542880,9,0.1,1.0,4.768043940704149,4.768043940704149,0.34080204462975144,0.17040102231487575,0.0,1.0,1.0,1,False,121500,,,,,conformal,unseen_heading,0.0932877611037256
dlinear_gaussian_conformal,gaussian,480,heave,10,1.0,542880,9,0.1,0.9091788240495137,0.04103162815051882,0.06111149058302387,0.006130991210827986,0.0030654956054139925,0.0,0.8965848345859121,0.9227421345417035,1,False,121500,,,,,conformal,unseen_heading,0.7794698459399999
dlinear_gaussian_conformal,gaussian,480,heave,20,2.0,542880,9,0.1,0.9108642793987621,0.2858798531853373,0.40775839372183736,0.04272742640398324,0.02136371320199162,0.0,0.8994195770704392,0.9229292385057472,1,False,121500,,,,,conformal,unseen_heading,0.7795381170816457
dlinear_gaussian_conformal,gaussian,480,heave,30,3.0,542880,9,0.1,0.9098087975243148,0.7052517834335313,1.0209321426512994,0.10578780132370062,0.05289390066185029,0.0,0.8979433300176836,0.9222475040524609,1,False,121500,,,,,conformal,unseen_heading,0.7795925331975873
dlinear_gaussian_conformal,gaussian,480,heave,50,5.0,542880,9,0.1,0.9097516946654878,0.8699451331376905,1.2474068823288025,0.1307316658802849,0.06536583294014241,0.0,0.8982408174918951,0.9215540266725611,1,False,121500,,,,,conformal,unseen_heading,0.7797418971482062
dlinear_gaussian_conformal,gaussian,480,heave,100,10.0,542880,9,0.1,0.9147067491895078,1.8331775073891408,2.45169314245339,0.27133078473479416,0.13566539236739716,0.0,0.9049622844827586,0.9244949620542293,1,False,121500,,,,,conformal,unseen_heading,0.7798418820620302
dlinear_gaussian_conformal,gaussian,480,heave,150,15.0,542880,9,0.1,0.9050858384910109,2.4171222383556703,3.3672550457274175,0.37135899606049405,0.18567949803024716,0.0,0.8947933705422929,0.9155416942970823,1,False,121500,,,,,conformal,unseen_heading,0.7799149016983908
dlinear_gaussian_conformal,gaussian,480,roll_rate,10,1.0,542880,9,0.1,0.8081030798703213,0.06243881115686551,0.17134819898362058,0.015424502013542316,0.007712251006771163,0.0,0.7878211575302092,0.8287856432360743,1,False,121500,,,,,conformal,unseen_heading,2.7332887334068814
dlinear_gaussian_conformal,gaussian,480,roll_rate,20,2.0,542880,9,0.1,0.7887433687002653,0.4066865280278714,1.1520685005692903,0.1049481770214788,0.05247408851073939,0.0,0.7682376860447981,0.8093024701591511,1,False,121500,,,,,conformal,unseen_heading,2.733256744126837
dlinear_gaussian_conformal,gaussian,480,roll_rate,30,3.0,542880,9,0.1,0.7873821102269378,0.9769265730743752,2.811523061929615,0.2543175522527443,0.12715877612637216,0.0,0.7667942270851753,0.8082930850279989,1,False,121500,,,,,conformal,unseen_heading,2.733638938173776
dlinear_gaussian_conformal,gaussian,480,roll_rate,50,5.0,542880,9,0.1,0.7852766725611553,1.2252997245746624,3.475652578434277,0.3174023215784917,0.1587011607892457,0.0,0.7651288498379015,0.8055902317270851,1,False,121500,,,,,conformal,unseen_heading,2.7350087097464617
dlinear_gaussian_conformal,gaussian,480,roll_rate,100,10.0,542880,9,0.1,0.7716364574123195,2.671577777875084,7.749087804099485,0.7156994818216761,0.3578497409108379,0.0,0.7516554763483643,0.7920910698496905,1,False,121500,,,,,conformal,unseen_heading,2.736128999843485
dlinear_gaussian_conformal,gaussian,480,roll_rate,150,15.0,542880,9,0.1,0.7742705570291777,3.8234613934593003,11.256785530301629,1.02170380056507,0.5108519002825349,0.0,0.7538368976569408,0.7950686615826702,1,False,121500,,,,,conformal,unseen_heading,2.7370865408303726
dlinear_gaussian_conformal,gaussian,480,pitch_rate,10,1.0,542880,9,0.1,1.0,0.1471676698947622,0.1471676698947622,0.010456131880820486,0.00522806594041024,0.0,1.0,1.0,1,False,121500,,,,,conformal,unseen_heading,0.0657651229329025
dlinear_gaussian_conformal,gaussian,480,pitch_rate,20,2.0,542880,9,0.1,1.0,0.8310381490514203,0.8310381490514203,0.05876200088465077,0.029381000442325386,0.0,1.0,1.0,1,False,121500,,,,,conformal,unseen_heading,0.0657610588014722
dlinear_gaussian_conformal,gaussian,480,pitch_rate,30,3.0,542880,9,0.1,1.0,1.635907160211375,1.635907160211375,0.11595797613469193,0.05797898806734601,0.0,1.0,1.0,1,False,121500,,,,,conformal,unseen_heading,0.0657544115007394
dlinear_gaussian_conformal,gaussian,480,pitch_rate,50,5.0,542880,9,0.1,1.0,1.9267928827176053,1.9267928827176053,0.13667401023552583,0.06833700511776293,0.0,1.0,1.0,1,False,121500,,,,,conformal,unseen_heading,0.0657418823373477
dlinear_gaussian_conformal,gaussian,480,pitch_rate,100,10.0,542880,9,0.1,1.0,3.51199729250181,3.51199729250181,0.25034237764902867,0.12517118882451436,0.0,1.0,1.0,1,False,121500,,,,,conformal,unseen_heading,0.065725077235494
dlinear_gaussian_conformal,gaussian,480,pitch_rate,150,15.0,542880,9,0.1,1.0,3.604361446009654,3.604361446009654,0.2575098568596132,0.12875492842980654,0.0,1.0,1.0,1,False,121500,,,,,conformal,unseen_heading,0.0657301350648849
dlinear_gaussian_conformal,gaussian,480,heave_rate,10,1.0,542880,9,0.1,0.9441405098732685,0.025805563571507498,0.030732246882734852,0.0033503057791439196,0.0016751528895719613,0.0,0.9367943191865606,0.9515678879310344,1,False,121500,,,,,conformal,unseen_heading,0.449017891316346
dlinear_gaussian_conformal,gaussian,480,heave_rate,20,2.0,542880,9,0.1,0.9347774830533451,0.17418154230357316,0.21126115098406587,0.023878507231932515,0.011939253615966254,0.0,0.9275289658856469,0.9423317768199233,1,False,121500,,,,,conformal,unseen_heading,0.4490640117514402
dlinear_gaussian_conformal,gaussian,480,heave_rate,30,3.0,542880,9,0.1,0.9302092543471854,0.4149073096971951,0.5150612689445847,0.05796693681668536,0.02898346840834268,0.0,0.9223324215296198,0.9384344146035957,1,False,121500,,,,,conformal,unseen_heading,0.4491073198442661
dlinear_gaussian_conformal,gaussian,480,heave_rate,50,5.0,542880,9,0.1,0.9312849985263778,0.5250423752108944,0.6449919197135667,0.07278839548669193,0.03639419774334598,0.0,0.9237012783672267,0.93898269414972,1,False,121500,,,,,conformal,unseen_heading,0.4491329486705899
dlinear_gaussian_conformal,gaussian,480,heave_rate,100,10.0,542880,9,0.1,0.9286582670203359,1.151849159723451,1.411241002374877,0.1640786477347002,0.08203932386735016,0.0,0.921791602195697,0.9361368994989685,1,False,121500,,,,,conformal,unseen_heading,0.4491261128521456
dlinear_gaussian_conformal,gaussian,480,heave_rate,150,15.0,542880,9,0.1,0.9119566018272914,1.4719693590981013,1.925382826217053,0.22261925521710277,0.11130962760855137,0.0,0.9037258694370763,0.9207768751842027,1,False,121500,,,,,conformal,unseen_heading,0.4491083042103025
dlinear_gaussian_conformal,gaussian,480,roll,10,1.0,542880,9,0.1,0.7990237253168287,0.10286560899883261,0.2939918768676676,0.026071690321422848,0.013035845160711424,0.0,0.7779038645741232,0.8199396275419982,2,False,121500,,,,,conformal,unseen_heading,5.0567053318459285
dlinear_gaussian_conformal,gaussian,480,roll,20,2.0,542880,9,0.1,0.8026543619216033,0.7250043666446583,2.1049132912884208,0.1835478259609664,0.09177391298048321,0.0,0.7811993442381373,0.8240793085028,2,False,121500,,,,,conformal,unseen_heading,5.058101722258217
dlinear_gaussian_conformal,gaussian,480,roll,30,3.0,542880,9,0.1,0.8023485853227232,1.788998546125692,5.2197972423013255,0.4540077751523583,0.22700388757617918,0.0,0.7806850040524609,0.8237441055113469,2,False,121500,,,,,conformal,unseen_heading,5.058718148754806
dlinear_gaussian_conformal,gaussian,480,roll,50,5.0,542880,9,0.1,0.798627689360448,2.1896714451951094,6.288638224783631,0.5538669127847499,0.2769334563923746,0.0,0.7775703194076039,0.8198105474506336,2,False,121500,,,,,conformal,unseen_heading,5.058662539241705
dlinear_gaussian_conformal,gaussian,480,roll,100,10.0,542880,9,0.1,0.7915377247273799,4.793481805172901,13.741853912476122,1.2298995592700173,0.6149497796350086,0.0,0.7706529067197171,0.8123638281019747,2,False,121500,,,,,conformal,unseen_heading,5.062292920246066
dlinear_gaussian_conformal,gaussian,480,roll,150,15.0,542880,9,0.1,0.7940944591806661,6.975685754041639,19.939555053527826,1.7739442874947213,0.886972143747361,0.0,0.773430316091954,0.8150770428087238,2,False,121500,,,,,conformal,unseen_heading,5.065170959625261
dlinear_gaussian_conformal,gaussian,480,pitch,10,1.0,542880,9,0.1,1.0,0.12094495283688943,0.12094495283688943,0.008616976925639215,0.004308488462819607,0.0,1.0,1.0,2,False,121500,,,,,conformal,unseen_heading,0.0933180002382203
dlinear_gaussian_conformal,gaussian,480,pitch,20,2.0,542880,9,0.1,1.0,0.7335319974637559,0.7335319974637559,0.05210300409925909,0.026051502049629544,0.0,1.0,1.0,2,False,121500,,,,,conformal,unseen_heading,0.0933131178480162
dlinear_gaussian_conformal,gaussian,480,pitch,30,3.0,542880,9,0.1,1.0,1.6300206839937093,1.6300206839937093,0.1159553839397312,0.057977691969865644,0.0,1.0,1.0,2,False,121500,,,,,conformal,unseen_heading,0.0933093260053012
dlinear_gaussian_conformal,gaussian,480,pitch,50,5.0,542880,9,0.1,1.0,1.980467166587488,1.980467166587488,0.14096065478906264,0.07048032739453132,0.0,1.0,1.0,2,False,121500,,,,,conformal,unseen_heading,0.0932992276360064
dlinear_gaussian_conformal,gaussian,480,pitch,100,10.0,542880,9,0.1,1.0,4.148530447077787,4.148530447077787,0.2960932284314316,0.14804661421571572,0.0,1.0,1.0,2,False,121500,,,,,conformal,unseen_heading,0.0932719667301497
dlinear_gaussian_conformal,gaussian,480,pitch,150,15.0,542880,9,0.1,1.0,4.764969440586265,4.764969440586265,0.3405869702230208,0.1702934851115104,0.0,1.0,1.0,2,False,121500,,,,,conformal,unseen_heading,0.0932877611037256
dlinear_gaussian_conformal,gaussian,480,heave,10,1.0,542880,9,0.1,0.9146662245800177,0.04267510555579979,0.05926016923702712,0.006284319356376725,0.0031421596781883603,0.0,0.9037721043324491,0.9259458351753611,2,False,121500,,,,,conformal,unseen_heading,0.7794698459399999
dlinear_gaussian_conformal,gaussian,480,heave,20,2.0,542880,9,0.1,0.9105216622458002,0.28476714415074467,0.40827657680730844,0.0426223414811714,0.021311170740585687,0.0,0.8990002394636015,0.9227619823902151,2,False,121500,,,,,conformal,unseen_heading,0.7795381170816457
dlinear_gaussian_conformal,gaussian,480,heave,30,3.0,542880,9,0.1,0.9096043324491601,0.7067700551222486,1.0226745101041796,0.10619469620794918,0.053097348103974644,0.0,0.8977412135278514,0.9219751602564102,2,False,121500,,,,,conformal,unseen_heading,0.7795925331975873
dlinear_gaussian_conformal,gaussian,480,heave,50,5.0,542880,9,0.1,0.9095564397288535,0.8683160414443429,1.2452433382490873,0.13064058490604769,0.06532029245302388,0.0,0.8980527004126142,0.9213190760389036,2,False,121500,,,,,conformal,unseen_heading,0.7797418971482062
dlinear_gaussian_conformal,gaussian,480,heave,100,10.0,542880,9,0.1,0.9144120247568523,1.8311079815080207,2.452873927920181,0.27124602526291236,0.13562301263145612,0.0,0.9046490937223696,0.9242688071028589,2,False,121500,,,,,conformal,unseen_heading,0.7798418820620302
dlinear_gaussian_conformal,gaussian,480,heave,150,15.0,542880,9,0.1,0.9048924255820807,2.414399160271394,3.366957458994089,0.3712530216577215,0.18562651082886075,0.0,0.8945884449602122,0.9153449196875921,2,False,121500,,,,,conformal,unseen_heading,0.7799149016983908
dlinear_gaussian_conformal,gaussian,480,roll_rate,10,1.0,542880,9,0.1,0.7902851458885941,0.05957503128116752,0.16142826532598037,0.015068066544027791,0.007534033272013897,0.0,0.7707026875184203,0.8102401083112291,2,False,121500,,,,,conformal,unseen_heading,2.7332887334068814
dlinear_gaussian_conformal,gaussian,480,roll_rate,20,2.0,542880,9,0.1,0.7898983200707339,0.40561675684874826,1.1471848845009076,0.1044016789041502,0.0522008394520751,0.0,0.7692761752136752,0.8104639607279693,2,False,121500,,,,,conformal,unseen_heading,2.733256744126837
dlinear_gaussian_conformal,gaussian,480,roll_rate,30,3.0,542880,9,0.1,0.7863247863247863,0.9838320299550362,2.850867952406518,0.2572849735042139,0.12864248675210693,0.0,0.7655882515473033,0.8071975390509872,2,False,121500,,,,,conformal,unseen_heading,2.733638938173776
dlinear_gaussian_conformal,gaussian,480,roll_rate,50,5.0,542880,9,0.1,0.7847830091364574,1.2176133097264097,3.445377049547128,0.31545788319051,0.15772894159525513,0.0,0.7646712441055113,0.8051236461096375,2,False,121500,,,,,conformal,unseen_heading,2.7350087097464617
dlinear_gaussian_conformal,gaussian,480,roll_rate,100,10.0,542880,9,0.1,0.772179855585028,2.687845657083362,7.801140183452788,0.7193708827027653,0.3596854413513826,0.0,0.7521717046124374,0.7927688899941054,2,False,121500,,,,,conformal,unseen_heading,2.736128999843485
dlinear_gaussian_conformal,gaussian,480,roll_rate,150,15.0,542880,9,0.1,0.7742410845859121,3.821783231885913,11.253150500821329,1.0213573366618545,0.5106786683309269,0.0,0.7536966732979664,0.7949894083407014,2,False,121500,,,,,conformal,unseen_heading,2.7370865408303726
dlinear_gaussian_conformal,gaussian,480,pitch_rate,10,1.0,542880,9,0.1,1.0,0.14933723439038424,0.14933723439038424,0.01056624246307881,0.005283121231539399,0.0,1.0,1.0,2,False,121500,,,,,conformal,unseen_heading,0.0657651229329025
dlinear_gaussian_conformal,gaussian,480,pitch_rate,20,2.0,542880,9,0.1,1.0,0.831889585428191,0.831889585428191,0.05881246644841247,0.02940623322420622,0.0,1.0,1.0,2,False,121500,,,,,conformal,unseen_heading,0.0657610588014722
dlinear_gaussian_conformal,gaussian,480,pitch_rate,30,3.0,542880,9,0.1,1.0,1.6329143802024377,1.6329143802024377,0.11573208193487816,0.05786604096743906,0.0,1.0,1.0,2,False,121500,,,,,conformal,unseen_heading,0.0657544115007394
dlinear_gaussian_conformal,gaussian,480,pitch_rate,50,5.0,542880,9,0.1,1.0,1.9309739999910456,1.9309739999910456,0.13697689797813617,0.0684884489890681,0.0,1.0,1.0,2,False,121500,,,,,conformal,unseen_heading,0.0657418823373477
dlinear_gaussian_conformal,gaussian,480,pitch_rate,100,10.0,542880,9,0.1,1.0,3.508445204934856,3.508445204934856,0.25008399088571437,0.12504199544285716,0.0,1.0,1.0,2,False,121500,,,,,conformal,unseen_heading,0.065725077235494
dlinear_gaussian_conformal,gaussian,480,pitch_rate,150,15.0,542880,9,0.1,1.0,3.6044803465482196,3.6044803465482196,0.2575185561095689,0.12875927805478452,0.0,1.0,1.0,2,False,121500,,,,,conformal,unseen_heading,0.0657301350648849
dlinear_gaussian_conformal,gaussian,480,heave_rate,10,1.0,542880,9,0.1,0.9424918950781019,0.026828691730241803,0.031496682088211776,0.0035717138499150184,0.001785856924957509,0.0,0.9363039253610375,0.9491312536840554,2,False,121500,,,,,conformal,unseen_heading,0.449017891316346
dlinear_gaussian_conformal,gaussian,480,heave_rate,20,2.0,542880,9,0.1,0.9348585322723254,0.17318818395887042,0.2103902876515404,0.02373075996201315,0.01186537998100657,0.0,0.9275601422045388,0.9424393972885352,2,False,121500,,,,,conformal,unseen_heading,0.4490640117514402
dlinear_gaussian_conformal,gaussian,480,heave_rate,30,3.0,542880,9,0.1,0.9293858679634541,0.41562875955630796,0.517408644625985,0.058303806111462395,0.029151903055731204,0.0,0.9214482021809608,0.9376179818744474,2,False,121500,,,,,conformal,unseen_heading,0.4491073198442661
dlinear_gaussian_conformal,gaussian,480,heave_rate,50,5.0,542880,9,0.1,0.931688402593575,0.5262598502050683,0.6450533153370146,0.0728799005844859,0.036439950292242965,0.0,0.9242447686413203,0.9393239758325965,2,False,121500,,,,,conformal,unseen_heading,0.4491329486705899
dlinear_gaussian_conformal,gaussian,480,heave_rate,100,10.0,542880,9,0.1,0.9283930150309461,1.1498163764265408,1.4106696874647418,0.16390512685354452,0.08195256342677226,0.0,0.9214625239463602,0.9358953175655762,2,False,121500,,,,,conformal,unseen_heading,0.4491261128521456
dlinear_gaussian_conformal,gaussian,480,heave_rate,150,15.0,542880,9,0.1,0.9120247568523431,1.471943908004912,1.9250435227641745,0.22257265330165005,0.11128632665082495,0.0,0.9037744529177719,0.9207930850279988,2,False,121500,,,,,conformal,unseen_heading,0.4491083042103025
tcn_quantile_conformal,quantile,480,roll,10,1.0,542880,9,0.1,0.10069260241674034,0.08250157683343672,4.177067468493494,0.2314493858526011,0.11572469292630053,0.0,0.09947667992926613,0.10198777814618333,0,False,665704,,,,,conformal,unseen_heading,5.0567053318459285
tcn_quantile_conformal,quantile,480,roll,20,2.0,542880,9,0.1,0.05492742410845859,0.12875679050124406,11.805147394658905,0.6262429184374756,0.31312145921873763,0.0,0.05419793508694371,0.055602020704391394,0,False,665704,,,,,conformal,unseen_heading,5.058101722258217
tcn_quantile_conformal,quantile,480,roll,30,3.0,542880,9,0.1,0.04459180666077218,0.1906118866615914,20.516867134639796,1.0804338911599025,0.5402169455799513,0.0,0.04398762157382847,0.04519603779840849,0,False,665704,,,,,conformal,unseen_heading,5.058718148754806
tcn_quantile_conformal,quantile,480,roll,50,5.0,542880,9,0.1,0.05227858826996758,0.3199131438238322,30.754856772490676,1.6280810117419,0.8140405058709497,0.0,0.05167988321544356,0.05294374447391689,0,False,665704,,,,,conformal,unseen_heading,5.058662539241705
tcn_quantile_conformal,quantile,480,roll,100,10.0,542880,9,0.1,0.11089743589743589,0.899804916602238,34.35386650073893,1.9525645463004722,0.976282273150236,0.0,0.10844486811081638,0.11303326702033599,0,False,665704,,,,,conformal,unseen_heading,5.062292920246066
tcn_quantile_conformal,quantile,480,roll,150,15.0,542880,9,0.1,0.12717359269083406,2.0597378093643557,56.7028071725015,3.3833828077134385,1.69169140385672,0.0,0.12322935086943708,0.13105156756557618,0,False,665704,,,,,conformal,unseen_heading,5.065170959625261
tcn_quantile_conformal,quantile,480,pitch,10,1.0,542880,9,0.1,0.3177608311229001,0.06722244627141113,0.7400378693126669,0.0534483793802661,0.026724189690133033,0.0,0.3152758436486885,0.3204303897730622,0,False,665704,,,,,conformal,unseen_heading,0.0933180002382203
tcn_quantile_conformal,quantile,480,pitch,20,2.0,542880,9,0.1,0.18137709991158266,0.13198396120260503,3.305331316829113,0.19983113204854488,0.09991556602427243,0.0,0.17979664014146773,0.18303524720011788,0,False,665704,,,,,conformal,unseen_heading,0.0933131178480162
tcn_quantile_conformal,quantile,480,pitch,30,3.0,542880,9,0.1,0.16500699970527558,0.22244629885683087,7.0097667411543725,0.40894141593687194,0.20447070796843592,0.0,0.16262134357500735,0.16758293729737694,0,False,665704,,,,,conformal,unseen_heading,0.0933093260053012
tcn_quantile_conformal,quantile,480,pitch,50,5.0,542880,9,0.1,0.2111755820807545,0.4438559195950032,10.54534429504242,0.6390958331523752,0.31954791657618775,0.0,0.20808079133510168,0.21430956196581197,0,False,665704,,,,,conformal,unseen_heading,0.0932992276360064
tcn_quantile_conformal,quantile,480,pitch,100,10.0,542880,9,0.1,0.433460433244916,1.2462832541188331,9.486163426906373,0.7381178337508577,0.3690589168754289,0.0,0.42894364316239314,0.4387139423076923,0,False,665704,,,,,conformal,unseen_heading,0.0932719667301497
tcn_quantile_conformal,quantile,480,pitch,150,15.0,542880,9,0.1,0.47138041556145005,2.0220578141793704,12.090520321060934,1.004036093165742,0.5020180465828707,0.0,0.46703382883878575,0.4755252081491306,0,False,665704,,,,,conformal,unseen_heading,0.0932877611037256
tcn_quantile_conformal,quantile,480,heave,10,1.0,542880,9,0.1,0.2464135720601238,0.028018998867186482,0.4059976997280646,0.026860745072364165,0.013430372536182093,0.0,0.2441613247863248,0.24863339964633066,0,False,665704,,,,,conformal,unseen_heading,0.7794698459399999
tcn_quantile_conformal,quantile,480,heave,20,2.0,542880,9,0.1,0.14632515473032714,0.05125116905577251,1.5250641923232986,0.08916094100271346,0.04458047050135672,0.0,0.14393968280282937,0.14852458185971115,0,False,665704,,,,,conformal,unseen_heading,0.7795381170816457
tcn_quantile_conformal,quantile,480,heave,30,3.0,542880,9,0.1,0.10984011199528441,0.08923916152574454,3.6198874067669435,0.20397009475338154,0.10198504737669084,0.0,0.1079975777335691,0.11158294650751546,0,False,665704,,,,,conformal,unseen_heading,0.7795925331975873
tcn_quantile_conformal,quantile,480,heave,50,5.0,542880,9,0.1,0.11763557323902152,0.2292308532933328,7.395272415265408,0.4282179449124663,0.21410897245623312,0.0,0.11457168250810493,0.12057954796640141,0,False,665704,,,,,conformal,unseen_heading,0.7797418971482062
tcn_quantile_conformal,quantile,480,heave,100,10.0,542880,9,0.1,0.19288056292366637,0.5909523032331844,11.288547082174338,0.7123784888007002,0.35618924440035,0.0,0.18854175876805188,0.19692574786324787,0,False,665704,,,,,conformal,unseen_heading,0.7798418820620302
tcn_quantile_conformal,quantile,480,heave,150,15.0,542880,9,0.1,0.3540893015030946,1.1718417711714157,10.647487784307552,0.7828448533685584,0.3914224266842791,0.0,0.3483787853669319,0.35981183687002655,0,False,665704,,,,,conformal,unseen_heading,0.7799149016983908
tcn_quantile_conformal,quantile,480,roll_rate,10,1.0,542880,9,0.1,0.05949012673150604,0.07113541469231584,5.652211843850746,0.30273001229790336,0.15136500614895174,0.0,0.058539318081343945,0.06049301871500147,0,False,665704,,,,,conformal,unseen_heading,2.7332887334068814
tcn_quantile_conformal,quantile,480,roll_rate,20,2.0,542880,9,0.1,0.05356432360742706,0.11385016939674036,9.42250794075804,0.502785634923016,0.2513928174615081,0.0,0.05261167292956086,0.05453525641025641,0,False,665704,,,,,conformal,unseen_heading,2.733256744126837
tcn_quantile_conformal,quantile,480,roll_rate,30,3.0,542880,9,0.1,0.05909961685823755,0.13910006712415846,11.375731647207349,0.6065592307908273,0.3032796153954138,0.0,0.05813614426760978,0.060018834733274386,0,False,665704,,,,,conformal,unseen_heading,2.733638938173776
tcn_quantile_conformal,quantile,480,roll_rate,50,5.0,542880,9,0.1,0.06641246684350133,0.2173893990873075,15.416921957938388,0.8298209061061835,0.41491045305309193,0.0,0.06562523025346301,0.0671476201002063,0,False,665704,,,,,conformal,unseen_heading,2.7350087097464617
tcn_quantile_conformal,quantile,480,roll_rate,100,10.0,542880,9,0.1,0.11074823165340407,0.5710663960291738,21.921496679667225,1.245356421818703,0.6226782109093518,0.0,0.10807890325670498,0.11326830975537873,0,False,665704,,,,,conformal,unseen_heading,2.736128999843485
tcn_quantile_conformal,quantile,480,roll_rate,150,15.0,542880,9,0.1,0.19390473032714411,1.230694714620836,27.174111618883583,1.6581843502279747,0.829092175113987,0.0,0.19051166924550544,0.19740403035661658,0,False,665704,,,,,conformal,unseen_heading,2.7370865408303726
tcn_quantile_conformal,quantile,480,pitch_rate,10,1.0,542880,9,0.1,0.15235226937813146,0.06221278576514329,1.6846163925615694,0.10050726981075442,0.050253634905377195,0.0,0.15061841475095786,0.15400470638078398,0,False,665704,,,,,conformal,unseen_heading,0.0657651229329025
tcn_quantile_conformal,quantile,480,pitch_rate,20,2.0,542880,9,0.1,0.2119492337164751,0.1341380891993563,3.1956418865392546,0.19313580883169162,0.09656790441584573,0.0,0.20898536508989096,0.2152019783377542,0,False,665704,,,,,conformal,unseen_heading,0.0657610588014722
tcn_quantile_conformal,quantile,480,pitch_rate,30,3.0,542880,9,0.1,0.23791814028882993,0.18817657570620103,3.818743109931507,0.2370487099770382,0.11852435498851907,0.0,0.2343486129531388,0.24166104848216916,0,False,665704,,,,,conformal,unseen_heading,0.0657544115007394
tcn_quantile_conformal,quantile,480,pitch_rate,50,5.0,542880,9,0.1,0.4502265694076039,0.3637189503304849,2.503915011139598,0.20064619563387132,0.10032309781693567,0.0,0.4466241618773946,0.4540525069997053,0,False,665704,,,,,conformal,unseen_heading,0.0657418823373477
tcn_quantile_conformal,quantile,480,pitch_rate,100,10.0,542880,9,0.1,0.640338564692013,0.9182042128164224,2.6431930766149776,0.29468301224238125,0.1473415061211906,0.0,0.6330205109784852,0.6479627634099617,0,False,665704,,,,,conformal,unseen_heading,0.065725077235494
tcn_quantile_conformal,quantile,480,pitch_rate,150,15.0,542880,9,0.1,0.6893530798703212,1.4484004743806744,2.843525241676821,0.37858823802632713,0.18929411901316356,0.0,0.6793237916298261,0.6985686523725316,0,False,665704,,,,,conformal,unseen_heading,0.0657301350648849
tcn_quantile_conformal,quantile,480,heave_rate,10,1.0,542880,9,0.1,0.14969053934571175,0.02538135873637057,0.6913703042620178,0.04120445832384699,0.0206022291619235,0.0,0.147953461170056,0.15131175397877986,0,False,665704,,,,,conformal,unseen_heading,0.449017891316346
tcn_quantile_conformal,quantile,480,heave_rate,20,2.0,542880,9,0.1,0.1145501768346596,0.047563139924065176,1.7944739345898386,0.10212714765938788,0.051063573829693926,0.0,0.11279454022988505,0.1160994602858827,0,False,665704,,,,,conformal,unseen_heading,0.4490640117514402
tcn_quantile_conformal,quantile,480,heave_rate,30,3.0,542880,9,0.1,0.11005010315355143,0.07259230602317093,2.6506291785011467,0.15174919076589305,0.07587459538294654,0.0,0.10796635536398468,0.11202572391688771,0,False,665704,,,,,conformal,unseen_heading,0.4491073198442661
tcn_quantile_conformal,quantile,480,heave_rate,50,5.0,542880,9,0.1,0.17725095785440614,0.11770449440430328,2.3299423638155377,0.14595814141037303,0.07297907070518657,0.0,0.17362345269672858,0.18079151930445034,0,False,665704,,,,,conformal,unseen_heading,0.4491329486705899
tcn_quantile_conformal,quantile,480,heave_rate,100,10.0,542880,9,0.1,0.2329022988505747,0.3403526793300895,4.907595886322368,0.3246689424099916,0.16233447120499583,0.0,0.22511268604479812,0.2403581822870616,0,False,665704,,,,,conformal,unseen_heading,0.4491261128521456
tcn_quantile_conformal,quantile,480,heave_rate,150,15.0,542880,9,0.1,0.3523614795166519,0.6305317198542058,5.135640744754467,0.39434638095853564,0.19717319047926782,0.0,0.34384233163866784,0.36094182876510467,0,False,665704,,,,,conformal,unseen_heading,0.4491083042103025
tcn_quantile_conformal,quantile,480,roll,10,1.0,542880,9,0.1,0.09825928381962865,0.08332658513581054,4.198883859433272,0.23233971883047105,0.11616985941523551,0.0,0.09679943081343943,0.09974405025051576,1,False,665704,,,,,conformal,unseen_heading,5.0567053318459285
tcn_quantile_conformal,quantile,480,roll,20,2.0,542880,9,0.1,0.06327180960801651,0.14535870896211323,11.60196206686481,0.6213263957489175,0.31066319787445856,0.0,0.06252933429118775,0.06404734932213381,1,False,665704,,,,,conformal,unseen_heading,5.058101722258217
tcn_quantile_conformal,quantile,480,roll,30,3.0,542880,9,0.1,0.050068155025051575,0.20192355944396043,19.846377051430075,1.0509864020044437,0.5254932010022219,0.0,0.04942155725022104,0.05071664087827881,1,False,665704,,,,,conformal,unseen_heading,5.058718148754806
tcn_quantile_conformal,quantile,480,roll,50,5.0,542880,9,0.1,0.057662835249042144,0.33881760796828,29.97304162354515,1.5936620798121823,0.7968310399060907,0.0,0.05689047303271441,0.05854521256999705,1,False,665704,,,,,conformal,unseen_heading,5.058662539241705
tcn_quantile_conformal,quantile,480,roll,100,10.0,542880,9,0.1,0.12368110816386678,0.9317212609954281,31.908227266274604,1.8380968076259065,0.9190484038129536,0.0,0.12197341033009136,0.1253981542882405,1,False,665704,,,,,conformal,unseen_heading,5.062292920246066
tcn_quantile_conformal,quantile,480,roll,150,15.0,542880,9,0.1,0.1757736516357206,2.120382515033051,46.3450602087542,2.8504004809636054,1.4252002404818027,0.0,0.1730504439286767,0.17849147141173002,1,False,665704,,,,,conformal,unseen_heading,5.065170959625261
tcn_quantile_conformal,quantile,480,pitch,10,1.0,542880,9,0.1,0.2940907751252579,0.055709679941317765,0.675728156350806,0.046710259411060745,0.023355129705530366,0.0,0.291474819481285,0.29684138299440027,1,False,665704,,,,,conformal,unseen_heading,0.0933180002382203
tcn_quantile_conformal,quantile,480,pitch,20,2.0,542880,9,0.1,0.19379605069260242,0.12761005860678756,2.9067327873449544,0.17741282595374,0.08870641297687001,0.0,0.19150249594753904,0.19598847811671086,1,False,665704,,,,,conformal,unseen_heading,0.0933131178480162
tcn_quantile_conformal,quantile,480,pitch,30,3.0,542880,9,0.1,0.15187150014736223,0.22707720347133215,6.276466553448852,0.37328965263090114,0.18664482631545037,0.0,0.14955791335101679,0.15416114058355437,1,False,665704,,,,,conformal,unseen_heading,0.0933093260053012
tcn_quantile_conformal,quantile,480,pitch,50,5.0,542880,9,0.1,0.17855142941349839,0.422748883830058,9.316559042892612,0.5759894047362591,0.28799470236812985,0.0,0.17649195033893308,0.18076292182434422,1,False,665704,,,,,conformal,unseen_heading,0.0932992276360064
tcn_quantile_conformal,quantile,480,pitch,100,10.0,542880,9,0.1,0.37504605069260244,1.2085147706310995,9.248747325173388,0.7356846511586881,0.3678423255793442,0.0,0.37254397841143533,0.37751653219864423,1,False,665704,,,,,conformal,unseen_heading,0.0932719667301497
tcn_quantile_conformal,quantile,480,pitch,150,15.0,542880,9,0.1,0.6735558502799882,2.1268173034849576,7.269947942089857,0.6994131427851216,0.34970657139256084,0.0,0.6700495044945476,0.6772714964633069,1,False,665704,,,,,conformal,unseen_heading,0.0932877611037256
tcn_quantile_conformal,quantile,480,heave,10,1.0,542880,9,0.1,0.25837569997052756,0.023449100904084225,0.3237220409971576,0.021588299608315063,0.010794149804157547,0.0,0.25477623968464486,0.2617968519746537,1,False,665704,,,,,conformal,unseen_heading,0.7794698459399999
tcn_quantile_conformal,quantile,480,heave,20,2.0,542880,9,0.1,0.14204244031830238,0.04756594712016575,1.4342061430063988,0.08383567067608759,0.041917835338043816,0.0,0.1386945089154141,0.1450801282051282,1,False,665704,,,,,conformal,unseen_heading,0.7795381170816457
tcn_quantile_conformal,quantile,480,heave,30,3.0,542880,9,0.1,0.10633657530209255,0.08523547056385224,3.4227209385968558,0.19349943787365043,0.09674971893682516,0.0,0.10366333259652226,0.10876469017094018,1,False,665704,,,,,conformal,unseen_heading,0.7795925331975873
tcn_quantile_conformal,quantile,480,heave,50,5.0,542880,9,0.1,0.13687555260831122,0.2249845473469315,6.291159808880617,0.37186281567441054,0.18593140783720533,0.0,0.1334678934571176,0.1403754052460949,1,False,665704,,,,,conformal,unseen_heading,0.7797418971482062
tcn_quantile_conformal,quantile,480,heave,100,10.0,542880,9,0.1,0.1886586354258768,0.5729733487128483,11.167692981609019,0.6982523779766137,0.349126188988307,0.0,0.18409284740642498,0.19300595895962275,1,False,665704,,,,,conformal,unseen_heading,0.7798418820620302
tcn_quantile_conformal,quantile,480,heave,150,15.0,542880,9,0.1,0.36291261420571763,1.1529065305554111,8.757724585973868,0.6863930742710574,0.34319653713552856,0.0,0.35715986958443857,0.3685536858974359,1,False,665704,,,,,conformal,unseen_heading,0.7799149016983908
tcn_quantile_conformal,quantile,480,roll_rate,10,1.0,542880,9,0.1,0.0806439728853522,0.08533390451938193,4.715461578866219,0.258489993768604,0.1292449968843021,0.0,0.0796742374005305,0.08161495173887416,1,False,665704,,,,,conformal,unseen_heading,2.7332887334068814
tcn_quantile_conformal,quantile,480,roll_rate,20,2.0,542880,9,0.1,0.06608458591217212,0.12625519260933488,8.411494961034771,0.45608379443664865,0.2280418972183243,0.0,0.06527206749189507,0.06692091254052461,1,False,665704,,,,,conformal,unseen_heading,2.733256744126837
tcn_quantile_conformal,quantile,480,roll_rate,30,3.0,542880,9,0.1,0.06993810786914235,0.16458326680468466,10.942332976481186,0.5936436146008301,0.2968218073004151,0.0,0.06916243000294724,0.07065106469201296,1,False,665704,,,,,conformal,unseen_heading,2.733638938173776
tcn_quantile_conformal,quantile,480,roll_rate,50,5.0,542880,9,0.1,0.0726274683171235,0.22634926080494888,14.84306449787409,0.8051395248318058,0.4025697624159029,0.0,0.07193468169761273,0.07332030098732685,1,False,665704,,,,,conformal,unseen_heading,2.7350087097464617
tcn_quantile_conformal,quantile,480,roll_rate,100,10.0,542880,9,0.1,0.12747936928971412,0.5887949822968925,19.84500419823127,1.145414230582962,0.5727071152914807,0.0,0.12573128499852637,0.1291078138815208,1,False,665704,,,,,conformal,unseen_heading,2.736128999843485
tcn_quantile_conformal,quantile,480,roll_rate,150,15.0,542880,9,0.1,0.20150862068965517,1.3016439882200843,26.200457392388824,1.6392199784742378,0.8196099892371185,0.0,0.19907152593575006,0.2038263059976422,1,False,665704,,,,,conformal,unseen_heading,2.7370865408303726
tcn_quantile_conformal,quantile,480,pitch_rate,10,1.0,542880,9,0.1,0.21505857648099028,0.06671166142010179,1.3834291426278054,0.08568890261091532,0.042844451305457644,0.0,0.21322520630710287,0.21683295571765399,1,False,665704,,,,,conformal,unseen_heading,0.0657651229329025
tcn_quantile_conformal,quantile,480,pitch_rate,20,2.0,542880,9,0.1,0.17526525198938991,0.13377042349897258,3.029315619802016,0.18569940259963724,0.09284970129981857,0.0,0.1732813881520778,0.17729705459770115,1,False,665704,,,,,conformal,unseen_heading,0.0657610588014722
tcn_quantile_conformal,quantile,480,pitch_rate,30,3.0,542880,9,0.1,0.19164272030651341,0.17753657548105184,3.580437313801346,0.2245989719270102,0.11229948596350516,0.0,0.19017577549366343,0.1932865458296493,1,False,665704,,,,,conformal,unseen_heading,0.0657544115007394
tcn_quantile_conformal,quantile,480,pitch_rate,50,5.0,542880,9,0.1,0.30992484526967284,0.3359852389628871,3.3570523648608193,0.2454756334462891,0.12273781672314452,0.0,0.30636544908635427,0.31320747679045097,1,False,665704,,,,,conformal,unseen_heading,0.0657418823373477
tcn_quantile_conformal,quantile,480,pitch_rate,100,10.0,542880,9,0.1,0.5750092101385205,0.9203543040153931,2.83701209473149,0.31001659391389663,0.15500829695694834,0.0,0.5716654232979664,0.5785077733569113,1,False,665704,,,,,conformal,unseen_heading,0.065725077235494
tcn_quantile_conformal,quantile,480,pitch_rate,150,15.0,542880,9,0.1,0.6972295903330387,1.4691784071033207,3.4544457135828504,0.4171321833963159,0.20856609169815787,0.0,0.6917881483937519,0.7022553787208959,1,False,665704,,,,,conformal,unseen_heading,0.0657301350648849
tcn_quantile_conformal,quantile,480,heave_rate,10,1.0,542880,9,0.1,0.15190281461833186,0.02680550521446414,0.7221337380777106,0.042928052438918014,0.021464026219459004,0.0,0.14901442307692306,0.15460884541703507,1,False,665704,,,,,conformal,unseen_heading,0.449017891316346
tcn_quantile_conformal,quantile,480,heave_rate,20,2.0,542880,9,0.1,0.1016062481579723,0.04315812996153191,1.7846726815380196,0.10068304183228714,0.05034152091614359,0.0,0.09927866195107575,0.10378416961391099,1,False,665704,,,,,conformal,unseen_heading,0.4490640117514402
tcn_quantile_conformal,quantile,480,heave_rate,30,3.0,542880,9,0.1,0.11742926613616268,0.0699122055254861,2.3823915027234066,0.13726856367160967,0.06863428183580488,0.0,0.11491471411730032,0.11978715369879163,1,False,665704,,,,,conformal,unseen_heading,0.4491073198442661
tcn_quantile_conformal,quantile,480,heave_rate,50,5.0,542880,9,0.1,0.19183429118773945,0.11233056985006562,2.046975506643808,0.1296800136978775,0.06484000684893873,0.0,0.1863054910845859,0.19695890436192162,1,False,665704,,,,,conformal,unseen_heading,0.4491329486705899
tcn_quantile_conformal,quantile,480,heave_rate,100,10.0,542880,9,0.1,0.2573036398467433,0.3425235314200062,4.390761079066769,0.2979583154875975,0.14897915774379872,0.0,0.25042329796640145,0.2635837109490127,1,False,665704,,,,,conformal,unseen_heading,0.4491261128521456
tcn_quantile_conformal,quantile,480,heave_rate,150,15.0,542880,9,0.1,0.3825891541408783,0.6462689071974576,5.042094398064758,0.3901944902142398,0.19509724510711982,0.0,0.3772580496610669,0.38812384873268496,1,False,665704,,,,,conformal,unseen_heading,0.4491083042103025
tcn_quantile_conformal,quantile,480,roll,10,1.0,542880,9,0.1,0.1034261715296198,0.08221230895495162,3.704401652233885,0.20804498248499056,0.10402249124249523,0.0,0.10087307508104922,0.10611949233716475,2,False,665704,,,,,conformal,unseen_heading,5.0567053318459285
tcn_quantile_conformal,quantile,480,roll,20,2.0,542880,9,0.1,0.05484084880636605,0.1254392133364038,11.261662137528635,0.6008350814024925,0.3004175407012464,0.0,0.053866324049513706,0.05593317123489537,2,False,665704,,,,,conformal,unseen_heading,5.058101722258217
tcn_quantile_conformal,quantile,480,roll,30,3.0,542880,9,0.1,0.04966106690244621,0.1854089516088702,19.474428160328138,1.027937886841597,0.5139689434207985,0.0,0.048913019451812555,0.05042735042735043,2,False,665704,,,,,conformal,unseen_heading,5.058718148754806
tcn_quantile_conformal,quantile,480,roll,50,5.0,542880,9,0.1,0.06175029472443266,0.29205286965994864,26.95501909935346,1.4340172830489843,0.7170086415244916,0.0,0.06040856174476864,0.06323865310934276,2,False,665704,,,,,conformal,unseen_heading,5.058662539241705
tcn_quantile_conformal,quantile,480,roll,100,10.0,542880,9,0.1,0.15681366047745357,0.8656567668239016,26.1728876391375,1.528950315509385,0.7644751577546921,0.0,0.15505806992337165,0.15843865126731504,2,False,665704,,,,,conformal,unseen_heading,5.062292920246066
tcn_quantile_conformal,quantile,480,roll,150,15.0,542880,9,0.1,0.20917145593869732,1.706792303500962,38.95951882987759,2.360536978741092,1.1802684893705466,0.0,0.2064765694076039,0.21199247531682877,2,False,665704,,,,,conformal,unseen_heading,5.065170959625261
tcn_quantile_conformal,quantile,480,pitch,10,1.0,542880,9,0.1,0.36647509578544063,0.05890507487512151,0.7139107253383856,0.04901581761371104,0.024507908806855515,0.0,0.3596773227969349,0.37382077991452994,2,False,665704,,,,,conformal,unseen_heading,0.0933180002382203
tcn_quantile_conformal,quantile,480,pitch,20,2.0,542880,9,0.1,0.22091438255231358,0.13681235566037386,2.9898821849531014,0.18474251855329227,0.09237125927664618,0.0,0.21704750589448865,0.22514464522546418,2,False,665704,,,,,conformal,unseen_heading,0.0933131178480162
tcn_quantile_conformal,quantile,480,pitch,30,3.0,542880,9,0.1,0.1914916740347775,0.2293687950011556,6.120559616361157,0.36469348252115785,0.18234674126057898,0.0,0.18798256520778073,0.19516509173297966,2,False,665704,,,,,conformal,unseen_heading,0.0933093260053012
tcn_quantile_conformal,quantile,480,pitch,50,5.0,542880,9,0.1,0.31020667550839964,0.465618777103475,7.100606468162647,0.46463290890790165,0.23231645445395094,0.0,0.3033191957707044,0.31734089485705863,2,False,665704,,,,,conformal,unseen_heading,0.0932992276360064
tcn_quantile_conformal,quantile,480,pitch,100,10.0,542880,9,0.1,0.6554616121426466,1.403579318572018,5.602506684841359,0.4901596057672468,0.24507980288362333,0.0,0.6468533101237842,0.6641727914087828,2,False,665704,,,,,conformal,unseen_heading,0.0932719667301497
tcn_quantile_conformal,quantile,480,pitch,150,15.0,542880,9,0.1,0.7979756115531977,2.20869146392458,5.312313135210638,0.498081252418936,0.24904062620946796,0.0,0.7919022159593281,0.8036830422929561,2,False,665704,,,,,conformal,unseen_heading,0.0932877611037256
tcn_quantile_conformal,quantile,480,heave,10,1.0,542880,9,0.1,0.2876197318007663,0.02621163759473361,0.3042817404383099,0.021160316271703665,0.010580158135851827,0.0,0.28491964154140875,0.2904290082522841,2,False,665704,,,,,conformal,unseen_heading,0.7794698459399999
tcn_quantile_conformal,quantile,480,heave,20,2.0,542880,9,0.1,0.14466180371352785,0.04126054629238478,1.2452889484808394,0.07294522924832555,0.03647261462416275,0.0,0.14271643825523136,0.1465057194960212,2,False,665704,,,,,conformal,unseen_heading,0.7795381170816457
tcn_quantile_conformal,quantile,480,heave,30,3.0,542880,9,0.1,0.12756041850869437,0.07612473786572785,2.7136512995814144,0.15578953905671072,0.07789476952835539,0.0,0.12535716917182435,0.1295443744473917,2,False,665704,,,,,conformal,unseen_heading,0.7795925331975873
tcn_quantile_conformal,quantile,480,heave,50,5.0,542880,9,0.1,0.22196986442676098,0.2333163723826527,4.249840148593973,0.2686790404639616,0.13433952023198073,0.0,0.21833135315355143,0.2255789953580902,2,False,665704,,,,,conformal,unseen_heading,0.7797418971482062
tcn_quantile_conformal,quantile,480,heave,100,10.0,542880,9,0.1,0.3622421161214265,0.662260286876971,6.804342928968944,0.48062260730866063,0.24031130365433057,0.0,0.359603871942234,0.3647329980842912,2,False,665704,,,,,conformal,unseen_heading,0.7798418820620302
tcn_quantile_conformal,quantile,480,heave,150,15.0,542880,9,0.1,0.5471282788093133,1.252189751612658,5.91317394844089,0.5186689604721205,0.25933448023606026,0.0,0.5444867650309461,0.5497048611111112,2,False,665704,,,,,conformal,unseen_heading,0.7799149016983908
tcn_quantile_conformal,quantile,480,roll_rate,10,1.0,542880,9,0.1,0.059882478632478635,0.06982853066067626,5.178737052362187,0.27922466186932754,0.1396123309346637,0.0,0.05871274498968465,0.061111249263188915,2,False,665704,,,,,conformal,unseen_heading,2.7332887334068814
tcn_quantile_conformal,quantile,480,roll_rate,20,2.0,542880,9,0.1,0.06475648393751841,0.11888565752049615,8.919964834050765,0.48128516495573337,0.24064258247786668,0.0,0.06373024425287356,0.06564438734158562,2,False,665704,,,,,conformal,unseen_heading,2.733256744126837
tcn_quantile_conformal,quantile,480,roll_rate,30,3.0,542880,9,0.1,0.07582522841143531,0.1662926295215794,10.347423447526275,0.5656819820245361,0.28284099101226806,0.0,0.07474916187739464,0.07694002357795461,2,False,665704,,,,,conformal,unseen_heading,2.733638938173776
tcn_quantile_conformal,quantile,480,roll_rate,50,5.0,542880,9,0.1,0.10195807544945476,0.2649862456928764,12.822937188814015,0.7109870542845818,0.35549352714229127,0.0,0.10086575302092543,0.10301010352195698,2,False,665704,,,,,conformal,unseen_heading,2.7350087097464617
tcn_quantile_conformal,quantile,480,roll_rate,100,10.0,542880,9,0.1,0.18091475095785442,0.6234097392614006,16.224736317461815,0.9662683983277697,0.4831341991638847,0.0,0.17920498084291187,0.18259297634836427,2,False,665704,,,,,conformal,unseen_heading,2.736128999843485
tcn_quantile_conformal,quantile,480,roll_rate,150,15.0,542880,9,0.1,0.2504052460949013,1.1409778118509433,21.036727685097063,1.323098771938099,0.6615493859690494,0.0,0.24769548519009726,0.2531907143383436,2,False,665704,,,,,conformal,unseen_heading,2.7370865408303726
tcn_quantile_conformal,quantile,480,pitch_rate,10,1.0,542880,9,0.1,0.2420405982905983,0.07618287087819844,1.4165381311299408,0.08982715009077914,0.0449135750453896,0.0,0.23812803934571175,0.24588329833480696,2,False,665704,,,,,conformal,unseen_heading,0.0657651229329025
tcn_quantile_conformal,quantile,480,pitch_rate,20,2.0,542880,9,0.1,0.2663129973474801,0.14910553597356094,2.5691225094233836,0.16514626044929612,0.08257313022464811,0.0,0.26163203654582967,0.2711710691128794,2,False,665704,,,,,conformal,unseen_heading,0.0657610588014722
tcn_quantile_conformal,quantile,480,pitch_rate,30,3.0,542880,9,0.1,0.3183650162098438,0.19628036413289876,2.6685886997499066,0.17950896124054824,0.08975448062027414,0.0,0.3121565539345712,0.32482132331270264,2,False,665704,,,,,conformal,unseen_heading,0.0657544115007394
tcn_quantile_conformal,quantile,480,pitch_rate,50,5.0,542880,9,0.1,0.46214817270851755,0.4285338014962012,3.1968854018525787,0.24850529087941858,0.12425264543970922,0.0,0.45459737879457707,0.4701218961833186,2,False,665704,,,,,conformal,unseen_heading,0.0657418823373477
tcn_quantile_conformal,quantile,480,pitch_rate,100,10.0,542880,9,0.1,0.7349524756852343,1.1493122879471254,2.9726579924767718,0.30703708025071036,0.15351854012535507,0.0,0.7277040045682287,0.742006106321839,2,False,665704,,,,,conformal,unseen_heading,0.065725077235494
tcn_quantile_conformal,quantile,480,pitch_rate,150,15.0,542880,9,0.1,0.8463656793398173,1.659044815731342,2.754036464068494,0.2991673181791977,0.1495836590895989,0.0,0.843173767683466,0.8495838859416445,2,False,665704,,,,,conformal,unseen_heading,0.0657301350648849
tcn_quantile_conformal,quantile,480,heave_rate,10,1.0,542880,9,0.1,0.17066018272914824,0.02226585538420837,0.5752312245756815,0.03467699295197666,0.01733849647598833,0.0,0.169249097406425,0.17204764404656644,2,False,665704,,,,,conformal,unseen_heading,0.449017891316346
tcn_quantile_conformal,quantile,480,heave_rate,20,2.0,542880,9,0.1,0.13520667550839965,0.0375061935328471,1.289273224656657,0.0744024712258431,0.037201235612921546,0.0,0.13337012783672267,0.13695614132036546,2,False,665704,,,,,conformal,unseen_heading,0.4490640117514402
tcn_quantile_conformal,quantile,480,heave_rate,30,3.0,542880,9,0.1,0.18018346595932802,0.0703687543274227,1.6229802072042456,0.09908008124801951,0.04954004062400975,0.0,0.17766711796345416,0.18265348695844386,2,False,665704,,,,,conformal,unseen_heading,0.4491073198442661
tcn_quantile_conformal,quantile,480,heave_rate,50,5.0,542880,9,0.1,0.2512691570881226,0.12371816003229719,1.7837730763448552,0.11832223605633163,0.0591611180281658,0.0,0.24738505747126438,0.25493110816386677,2,False,665704,,,,,conformal,unseen_heading,0.4491329486705899
tcn_quantile_conformal,quantile,480,heave_rate,100,10.0,542880,9,0.1,0.4475814176245211,0.41747135890449655,2.8701229830731583,0.2222037217644757,0.1111018608822378,0.0,0.4425762599469496,0.4523526838343649,2,False,665704,,,,,conformal,unseen_heading,0.4491261128521456
tcn_quantile_conformal,quantile,480,heave_rate,150,15.0,542880,9,0.1,0.5947723253757736,0.7420620128283847,3.1020735115608375,0.2740926099376849,0.13704630496884235,0.0,0.5924291740347775,0.5973333425434718,2,False,665704,,,,,conformal,unseen_heading,0.4491083042103025
tcn_gaussian_conformal,gaussian,480,roll,10,1.0,542880,9,0.1,0.06981653404067197,0.05940038547821329,4.501965247692987,0.24088257154836776,0.12044128577418395,0.0,0.06822649572649572,0.07141555223990569,0,False,256204,,,,,conformal,unseen_heading,5.0567053318459285
tcn_gaussian_conformal,gaussian,480,roll,20,2.0,542880,9,0.1,0.061079796640141466,0.12303727211281393,11.922871591261115,0.6295800278259804,0.3147900139129902,0.0,0.0597903311965812,0.06237115016209844,0,False,256204,,,,,conformal,unseen_heading,5.058101722258217
tcn_gaussian_conformal,gaussian,480,roll,30,3.0,542880,9,0.1,0.06426097848511642,0.20939447448389994,19.235959555165557,1.0189214764584624,0.5094607382292308,0.0,0.06285357721780137,0.06578299992631889,0,False,256204,,,,,conformal,unseen_heading,5.058718148754806
tcn_gaussian_conformal,gaussian,480,roll,50,5.0,542880,9,0.1,0.11268788682581786,0.4403778432130764,25.389095329659522,1.386519170317025,0.6932595851585124,0.0,0.10947746279104037,0.11609411840554082,0,False,256204,,,,,conformal,unseen_heading,5.058662539241705
tcn_gaussian_conformal,gaussian,480,roll,100,10.0,542880,9,0.1,0.332964927792514,1.622659083721173,19.25964207947181,1.3288914612551688,0.6644457306275843,0.0,0.32931826554671384,0.336562039493074,0,False,256204,,,,,conformal,unseen_heading,5.062292920246066
tcn_gaussian_conformal,gaussian,480,roll,150,15.0,542880,9,0.1,0.4441976127320955,3.5600955222681168,27.86494319360554,2.1136976058746773,1.0568488029373386,0.0,0.43734144746536985,0.45122223143236073,0,False,256204,,,,,conformal,unseen_heading,5.065170959625261
tcn_gaussian_conformal,gaussian,480,pitch,10,1.0,542880,9,0.1,0.2570162835249042,0.047021692164582914,0.7491623797837182,0.048755508497281816,0.024377754248640884,0.0,0.2549489297819039,0.2591110374300029,0,False,256204,,,,,conformal,unseen_heading,0.0933180002382203
tcn_gaussian_conformal,gaussian,480,pitch,20,2.0,542880,9,0.1,0.28851311523725315,0.15764898699732685,2.4218963422452386,0.1585772486420196,0.07928862432100989,0.0,0.28365812886825814,0.2935477914087828,0,False,256204,,,,,conformal,unseen_heading,0.0933131178480162
tcn_gaussian_conformal,gaussian,480,pitch,30,3.0,542880,9,0.1,0.27335506926024167,0.29429262201380685,5.328049734625863,0.3372490476363524,0.1686245238181762,0.0,0.2679251399941055,0.2791115900383142,0,False,256204,,,,,conformal,unseen_heading,0.0933093260053012
tcn_gaussian_conformal,gaussian,480,pitch,50,5.0,542880,9,0.1,0.37796198054818747,0.6485088478023809,6.828960253065651,0.48453246421441565,0.2422662321072077,0.0,0.37095453875626294,0.3855661472148541,0,False,256204,,,,,conformal,unseen_heading,0.0932992276360064
tcn_gaussian_conformal,gaussian,480,pitch,100,10.0,542880,9,0.1,0.8176042587680519,2.176878154326946,4.759460391517294,0.5067516537651438,0.2533758268825721,0.0,0.8062069426024168,0.829592865826702,0,False,256204,,,,,conformal,unseen_heading,0.0932719667301497
tcn_gaussian_conformal,gaussian,480,pitch,150,15.0,542880,9,0.1,0.9080293987621574,3.628210078179644,5.017908993444981,0.5703046528086492,0.28515232640432453,0.0,0.9039673592690833,0.9122446489095196,0,False,256204,,,,,conformal,unseen_heading,0.0932877611037256
tcn_gaussian_conformal,gaussian,480,heave,10,1.0,542880,9,0.1,0.18359121721190685,0.013379279237934442,0.2782869015760349,0.01732735238954587,0.008663676194772938,0.0,0.18148762157382847,0.18572069333922783,0,False,256204,,,,,conformal,unseen_heading,0.7794698459399999
tcn_gaussian_conformal,gaussian,480,heave,20,2.0,542880,9,0.1,0.13011162687886826,0.03231012297748023,1.138188198600494,0.06537806647295848,0.03268903323647924,0.0,0.12820411508989094,0.13194301687297377,0,False,256204,,,,,conformal,unseen_heading,0.7795381170816457
tcn_gaussian_conformal,gaussian,480,heave,30,3.0,542880,9,0.1,0.15601237842617152,0.08720176116912595,2.5448101971818873,0.1496764104378885,0.07483820521894427,0.0,0.1535003131447097,0.15834093169761274,0,False,256204,,,,,conformal,unseen_heading,0.7795925331975873
tcn_gaussian_conformal,gaussian,480,heave,50,5.0,542880,9,0.1,0.30545240200412616,0.3193255540754001,3.847461575851919,0.2655446529420729,0.13277232647103648,0.0,0.300530596080165,0.3101588288387857,0,False,256204,,,,,conformal,unseen_heading,0.7797418971482062
tcn_gaussian_conformal,gaussian,480,heave,100,10.0,542880,9,0.1,0.5317933981727085,1.0273470723289246,5.441542124068304,0.4645430671853435,0.23227153359267175,0.0,0.5283928308281757,0.5352836262157383,0,False,256204,,,,,conformal,unseen_heading,0.7798418820620302
tcn_gaussian_conformal,gaussian,480,heave,150,15.0,542880,9,0.1,0.773305334512231,2.0461721909636887,4.140512509340493,0.48369920181069365,0.2418496009053468,0.0,0.7694647067491895,0.7771909077512525,0,False,256204,,,,,conformal,unseen_heading,0.7799149016983908
tcn_gaussian_conformal,gaussian,480,roll_rate,10,1.0,542880,9,0.1,0.04992631889183613,0.04818691740753177,5.183311801703179,0.27238216507477414,0.13619108253738704,0.0,0.04914336501620984,0.05068348437960507,0,False,256204,,,,,conformal,unseen_heading,2.7332887334068814
tcn_gaussian_conformal,gaussian,480,roll_rate,20,2.0,542880,9,0.1,0.06718059239610964,0.10377158584100786,8.263315136477067,0.4413998775490181,0.22069993877450908,0.0,0.0661660956380784,0.06814959106984969,0,False,256204,,,,,conformal,unseen_heading,2.733256744126837
tcn_gaussian_conformal,gaussian,480,roll_rate,30,3.0,542880,9,0.1,0.09414972001178898,0.16593931104085577,9.775546751602402,0.533205612607928,0.26660280630396405,0.0,0.09253730106100795,0.09583890546713823,0,False,256204,,,,,conformal,unseen_heading,2.733638938173776
tcn_gaussian_conformal,gaussian,480,roll_rate,50,5.0,542880,9,0.1,0.152724358974359,0.3493131079366986,13.159172394096862,0.7476951826680724,0.3738475913340364,0.0,0.1491672653256705,0.15638281019746536,0,False,256204,,,,,conformal,unseen_heading,2.7350087097464617
tcn_gaussian_conformal,gaussian,480,roll_rate,100,10.0,542880,9,0.1,0.3663056292366637,1.1651784672812557,13.351900829054532,0.9237463296678252,0.4618731648339128,0.0,0.36026548224285293,0.3726851698349543,0,False,256204,,,,,conformal,unseen_heading,2.736128999843485
tcn_gaussian_conformal,gaussian,480,roll_rate,150,15.0,542880,9,0.1,0.4991213527851459,2.245027456800739,16.198081461367398,1.2544059450526446,0.6272029725263226,0.0,0.4887705846595933,0.5105234582228116,0,False,256204,,,,,conformal,unseen_heading,2.7370865408303726
tcn_gaussian_conformal,gaussian,480,pitch_rate,10,1.0,542880,9,0.1,0.2728890362511052,0.07533488400995984,1.1377008897713285,0.07483291401759012,0.037416457008795055,0.0,0.2692767278219865,0.27649452917771883,0,False,256204,,,,,conformal,unseen_heading,0.0657651229329025
tcn_gaussian_conformal,gaussian,480,pitch_rate,20,2.0,542880,9,0.1,0.29765325670498083,0.1723846483370544,2.504756776994182,0.16577164945266898,0.08288582472633449,0.0,0.2924749944739169,0.3029459088564692,0,False,256204,,,,,conformal,unseen_heading,0.0657610588014722
tcn_gaussian_conformal,gaussian,480,pitch_rate,30,3.0,542880,9,0.1,0.3456215001473622,0.258596226328303,2.9940740541705972,0.2083472063326436,0.10417360316632174,0.0,0.3391410164308871,0.35250709180666073,0,False,256204,,,,,conformal,unseen_heading,0.0657544115007394
tcn_gaussian_conformal,gaussian,480,pitch_rate,50,5.0,542880,9,0.1,0.5552553050397878,0.5823142537569704,2.709806227766744,0.2448014947712047,0.12240074738560232,0.0,0.5463949675803124,0.5649059644857058,0,False,256204,,,,,conformal,unseen_heading,0.0657418823373477
tcn_gaussian_conformal,gaussian,480,pitch_rate,100,10.0,542880,9,0.1,0.8755968169761273,1.7230699793841011,2.7104709331337733,0.3077628065466809,0.1538814032733406,0.0,0.8673958333333334,0.8837368295019157,0,False,256204,,,,,conformal,unseen_heading,0.065725077235494
tcn_gaussian_conformal,gaussian,480,pitch_rate,150,15.0,542880,9,0.1,0.9104627173592691,2.675736744456875,3.647302974814684,0.37928563907362506,0.18964281953681247,0.0,0.9081706822870617,0.9130159059092249,0,False,256204,,,,,conformal,unseen_heading,0.0657301350648849
tcn_gaussian_conformal,gaussian,480,heave_rate,10,1.0,542880,9,0.1,0.13071581196581197,0.013886448303257111,0.49658041421782484,0.028458793100318725,0.014229396550159357,0.0,0.1294594569702328,0.13195365458296493,0,False,256204,,,,,conformal,unseen_heading,0.449017891316346
tcn_gaussian_conformal,gaussian,480,heave_rate,20,2.0,542880,9,0.1,0.14623305334512232,0.03988608485776022,1.2620529338776023,0.07342629825355755,0.03671314912677882,0.0,0.14445729258768053,0.14803649056881815,0,False,256204,,,,,conformal,unseen_heading,0.4490640117514402
tcn_gaussian_conformal,gaussian,480,heave_rate,30,3.0,542880,9,0.1,0.2294245505452402,0.08578712396048088,1.6134107003856133,0.10161482316251873,0.05080741158125935,0.0,0.22610867042440316,0.23248530982905982,0,False,256204,,,,,conformal,unseen_heading,0.4491073198442661
tcn_gaussian_conformal,gaussian,480,heave_rate,50,5.0,542880,9,0.1,0.4104535072207486,0.17780988177365234,1.2613963740848184,0.09982031327087626,0.049910156635438144,0.0,0.4045943394488653,0.4159410459033304,0,False,256204,,,,,conformal,unseen_heading,0.4491329486705899
tcn_gaussian_conformal,gaussian,480,heave_rate,100,10.0,542880,9,0.1,0.6063089448865311,0.5931659567706572,2.3231825349232675,0.21145859271582348,0.10572929635791167,0.0,0.6041592525051577,0.6084885241674035,0,False,256204,,,,,conformal,unseen_heading,0.4491261128521456
tcn_gaussian_conformal,gaussian,480,heave_rate,150,15.0,542880,9,0.1,0.7577438844680224,1.1588591790876073,2.6450459527854586,0.28703908273633016,0.14351954136816517,0.0,0.753964043619216,0.7616896920129679,0,False,256204,,,,,conformal,unseen_heading,0.4491083042103025
tcn_gaussian_conformal,gaussian,480,roll,10,1.0,542880,9,0.1,0.06485226937813145,0.05432191376606486,4.628088679239258,0.2457709585009798,0.12288547925048988,0.0,0.06334498415856174,0.06634744326554672,1,False,256204,,,,,conformal,unseen_heading,5.0567053318459285
tcn_gaussian_conformal,gaussian,480,roll,20,2.0,542880,9,0.1,0.06370284409077513,0.12362068933445147,11.369821080285396,0.6020680475350366,0.30103402376751814,0.0,0.06243000294724433,0.06502753831417624,1,False,256204,,,,,conformal,unseen_heading,5.058101722258217
tcn_gaussian_conformal,gaussian,480,roll,30,3.0,542880,9,0.1,0.08699896846448571,0.27408747367573555,17.407007715308694,0.9441467924616597,0.47207339623083006,0.0,0.08535026156793399,0.08875667735042735,1,False,256204,,,,,conformal,unseen_heading,5.058718148754806
tcn_gaussian_conformal,gaussian,480,roll,50,5.0,542880,9,0.1,0.15560713233127027,0.5727005870955648,22.31688106931566,1.2655494467555735,0.6327747233777865,0.0,0.15074353448275862,0.16089973843206604,1,False,256204,,,,,conformal,unseen_heading,5.058662539241705
tcn_gaussian_conformal,gaussian,480,roll,100,10.0,542880,9,0.1,0.5132128647214854,2.0780342455691634,12.639415991602295,1.0495871904630967,0.5247935952315488,0.0,0.5043740329354554,0.5228067436634247,1,False,256204,,,,,conformal,unseen_heading,5.062292920246066
tcn_gaussian_conformal,gaussian,480,roll,150,15.0,542880,9,0.1,0.6412411582670203,3.9098575693985866,16.64374451165147,1.5252874092553035,0.7626437046276517,0.0,0.6278174274241084,0.6558400106837607,1,False,256204,,,,,conformal,unseen_heading,5.065170959625261
tcn_gaussian_conformal,gaussian,480,pitch,10,1.0,542880,9,0.1,0.26641062481579725,0.05156635389718716,0.844404445268534,0.05490939832041646,0.027454699160208235,0.0,0.2610464098880047,0.272351394414972,1,False,256204,,,,,conformal,unseen_heading,0.0933180002382203
tcn_gaussian_conformal,gaussian,480,pitch,20,2.0,542880,9,0.1,0.2572133804892426,0.20270961279971583,3.3484550489440146,0.2170784976070922,0.10853924880354605,0.0,0.25349405025051575,0.26120353485116415,1,False,256204,,,,,conformal,unseen_heading,0.0933131178480162
tcn_gaussian_conformal,gaussian,480,pitch,30,3.0,542880,9,0.1,0.2357334954317713,0.3734450441889117,6.831929216003475,0.4338362813913312,0.21691814069566565,0.0,0.23292219274977896,0.23881014220453878,1,False,256204,,,,,conformal,unseen_heading,0.0933093260053012
tcn_gaussian_conformal,gaussian,480,pitch,50,5.0,542880,9,0.1,0.49619805481874446,0.8763218461258523,5.910537352577154,0.47554253622311254,0.2377712681115562,0.0,0.4853200983642794,0.5083746868552903,1,False,256204,,,,,conformal,unseen_heading,0.0932992276360064
tcn_gaussian_conformal,gaussian,480,pitch,100,10.0,542880,9,0.1,0.9277980400825229,2.8194419835879363,3.807130325060707,0.46998429698824923,0.23499214849412473,0.0,0.9205290764073092,0.935412798408488,1,False,256204,,,,,conformal,unseen_heading,0.0932719667301497
tcn_gaussian_conformal,gaussian,480,pitch,150,15.0,542880,9,0.1,0.9881005010315355,4.075853828774273,4.21966388299158,0.4160055886034457,0.2080027943017228,0.0,0.9865602435160624,0.9896997034335396,1,False,256204,,,,,conformal,unseen_heading,0.0932877611037256
tcn_gaussian_conformal,gaussian,480,heave,10,1.0,542880,9,0.1,0.20684865900383143,0.01715225977507264,0.28894329608168523,0.018777598980549464,0.009388799490274735,0.0,0.2051374152667256,0.20861765030946067,1,False,256204,,,,,conformal,unseen_heading,0.7794698459399999
tcn_gaussian_conformal,gaussian,480,heave,20,2.0,542880,9,0.1,0.12879089301503094,0.04101706422061154,1.3395400631665235,0.07779840158950177,0.03889920079475089,0.0,0.1277424108458591,0.1299846651193634,1,False,256204,,,,,conformal,unseen_heading,0.7795381170816457
tcn_gaussian_conformal,gaussian,480,heave,30,3.0,542880,9,0.1,0.1848419540229885,0.1132526478153126,2.657042840007503,0.16179101024143025,0.08089550512071508,0.0,0.18281890104627174,0.18697248931623933,1,False,256204,,,,,conformal,unseen_heading,0.7795925331975873
tcn_gaussian_conformal,gaussian,480,heave,50,5.0,542880,9,0.1,0.5701038903625111,0.42008379802496465,2.148325761526993,0.1861961555772968,0.09309807778864834,0.0,0.5634106984969054,0.5773596374889479,1,False,256204,,,,,conformal,unseen_heading,0.7797418971482062
tcn_gaussian_conformal,gaussian,480,heave,100,10.0,542880,9,0.1,0.823056660772178,1.3338384190138577,2.980264465698878,0.31717762573541297,0.15858881286770657,0.0,0.8130368129236664,0.833547192749779,1,False,256204,,,,,conformal,unseen_heading,0.7798418820620302
tcn_gaussian_conformal,gaussian,480,heave,150,15.0,542880,9,0.1,0.9237013704686119,2.353774592112983,2.979988828446286,0.3729628929594975,0.18648144647974874,0.0,0.9195713141025641,0.928145262304745,1,False,256204,,,,,conformal,unseen_heading,0.7799149016983908
tcn_gaussian_conformal,gaussian,480,roll_rate,10,1.0,542880,9,0.1,0.06149977895667551,0.06275236787796501,5.082753321927338,0.2711727127962402,0.13558635639812003,0.0,0.06051590590922488,0.062457679413498376,1,False,256204,,,,,conformal,unseen_heading,2.7332887334068814
tcn_gaussian_conformal,gaussian,480,roll_rate,20,2.0,542880,9,0.1,0.09272399056881815,0.15559221356918587,8.050509706510544,0.44445192857686094,0.22222596428843056,0.0,0.09134518678160919,0.09419411287945771,1,False,256204,,,,,conformal,unseen_heading,2.733256744126837
tcn_gaussian_conformal,gaussian,480,roll_rate,30,3.0,542880,9,0.1,0.11593722369584439,0.21901462551618828,9.769925746056368,0.5467796592840333,0.2733898296420166,0.0,0.1134851624668435,0.11856768530798703,1,False,256204,,,,,conformal,unseen_heading,2.733638938173776
tcn_gaussian_conformal,gaussian,480,roll_rate,50,5.0,542880,9,0.1,0.2724027409372237,0.5232259375626442,9.706392527344692,0.6105574371693384,0.3052787185846691,0.0,0.26607869142351903,0.27926590590922484,1,False,256204,,,,,conformal,unseen_heading,2.7350087097464617
tcn_gaussian_conformal,gaussian,480,roll_rate,100,10.0,542880,9,0.1,0.599408709106985,1.5520599461235631,7.557622860900237,0.6602730535987614,0.33013652679938066,0.0,0.5883186892130857,0.6118841640878279,1,False,256204,,,,,conformal,unseen_heading,2.736128999843485
tcn_gaussian_conformal,gaussian,480,roll_rate,150,15.0,542880,9,0.1,0.6941165635131152,2.5769790473698744,9.718588519575098,0.9127312222070375,0.4563656111035187,0.0,0.6790662301061008,0.7103381502357795,1,False,256204,,,,,conformal,unseen_heading,2.7370865408303726
tcn_gaussian_conformal,gaussian,480,pitch_rate,10,1.0,542880,9,0.1,0.29155430297671675,0.09594133914129716,1.3079905168727983,0.08833018419761685,0.04416509209880839,0.0,0.28740002394636016,0.29594988763631,1,False,256204,,,,,conformal,unseen_heading,0.0657651229329025
tcn_gaussian_conformal,gaussian,480,pitch_rate,20,2.0,542880,9,0.1,0.29837533156498675,0.22751858023070531,2.8416145097880587,0.19599044392424855,0.09799522196212432,0.0,0.2951982482316534,0.3015688549955791,1,False,256204,,,,,conformal,unseen_heading,0.0657610588014722
tcn_gaussian_conformal,gaussian,480,pitch_rate,30,3.0,542880,9,0.1,0.4673758473327439,0.3413247486945625,2.3643491002750765,0.19006487835793473,0.09503243917896731,0.0,0.45814913056292367,0.4768627044650751,1,False,256204,,,,,conformal,unseen_heading,0.0657544115007394
tcn_gaussian_conformal,gaussian,480,pitch_rate,50,5.0,542880,9,0.1,0.529610595343354,0.8649286232478033,4.105204324740048,0.37922822065926104,0.18961411032963052,0.0,0.522219459180666,0.5374033856469201,1,False,256204,,,,,conformal,unseen_heading,0.0657418823373477
tcn_gaussian_conformal,gaussian,480,pitch_rate,100,10.0,542880,9,0.1,0.9212938402593575,2.2953874513829957,3.255573873880164,0.3781147181216575,0.1890573590608287,0.0,0.9113716659298556,0.9312559405393457,1,False,256204,,,,,conformal,unseen_heading,0.065725077235494
tcn_gaussian_conformal,gaussian,480,pitch_rate,150,15.0,542880,9,0.1,0.9897877984084881,3.29880700653794,3.396200267241548,0.32227947397310697,0.16113973698655362,0.0,0.9881997402740937,0.9913389699381079,1,False,256204,,,,,conformal,unseen_heading,0.0657301350648849
tcn_gaussian_conformal,gaussian,480,heave_rate,10,1.0,542880,9,0.1,0.12245063365753021,0.01657369833624566,0.6156615074433376,0.03516686420546421,0.017583432102732114,0.0,0.12135075891541408,0.12364072170645446,1,False,256204,,,,,conformal,unseen_heading,0.449017891316346
tcn_gaussian_conformal,gaussian,480,heave_rate,20,2.0,542880,9,0.1,0.18089080459770115,0.05108802197361624,1.3074573529681448,0.07845821036862045,0.03922910518431021,0.0,0.17849234637488948,0.18350901672561154,1,False,256204,,,,,conformal,unseen_heading,0.4490640117514402
tcn_gaussian_conformal,gaussian,480,heave_rate,30,3.0,542880,9,0.1,0.3875994694960212,0.1145691807779347,1.1605204138385603,0.08353746957012882,0.041768734785064425,0.0,0.3815785256410256,0.39433212680518714,1,False,256204,,,,,conformal,unseen_heading,0.4491073198442661
tcn_gaussian_conformal,gaussian,480,heave_rate,50,5.0,542880,9,0.1,0.4522896404361922,0.23434980233987637,1.275542448248492,0.11242874091427475,0.05621437045713739,0.0,0.44955473585322725,0.45488349174771586,1,False,256204,,,,,conformal,unseen_heading,0.4491329486705899
tcn_gaussian_conformal,gaussian,480,heave_rate,100,10.0,542880,9,0.1,0.8290985116416151,0.8324312513160921,1.4233113586073136,0.1785437479034959,0.08927187395174797,0.0,0.8233512470527558,0.8351679929266137,1,False,256204,,,,,conformal,unseen_heading,0.4491261128521456
tcn_gaussian_conformal,gaussian,480,heave_rate,150,15.0,542880,9,0.1,0.9364297819039198,1.4798186185159121,1.7435241621677178,0.21749919908389642,0.10874959954194817,0.0,0.9336548132183907,0.9394231229737695,1,False,256204,,,,,conformal,unseen_heading,0.4491083042103025
tcn_gaussian_conformal,gaussian,480,roll,10,1.0,542880,9,0.1,0.09118405540819334,0.07168088889908683,4.316212042139542,0.23453583691459234,0.11726791845729616,0.0,0.08862888667845564,0.09370473216917183,2,False,256204,,,,,conformal,unseen_heading,5.0567053318459285
tcn_gaussian_conformal,gaussian,480,roll,20,2.0,542880,9,0.1,0.07320402298850574,0.13619626071569757,11.28601367518222,0.6011224077991851,0.30056120389959234,0.0,0.07147376031535514,0.07504623489537283,2,False,256204,,,,,conformal,unseen_heading,5.058101722258217
tcn_gaussian_conformal,gaussian,480,roll,30,3.0,542880,9,0.1,0.08166998231653404,0.26176333517217315,18.408151564027367,0.9909447503184976,0.4954723751592487,0.0,0.07999686855290304,0.08352729885057471,2,False,256204,,,,,conformal,unseen_heading,5.058718148754806
tcn_gaussian_conformal,gaussian,480,roll,50,5.0,542880,9,0.1,0.13635057471264367,0.5868054970263369,24.882873854411773,1.3980094946671837,0.6990047473335916,0.0,0.13285790598290598,0.14017094017094017,2,False,256204,,,,,conformal,unseen_heading,5.058662539241705
tcn_gaussian_conformal,gaussian,480,roll,100,10.0,542880,9,0.1,0.3414345711759505,2.09372501517389,22.356016590165982,1.5843178446791293,0.7921589223395639,0.0,0.3377573773209549,0.34523849653698796,2,False,256204,,,,,conformal,unseen_heading,5.062292920246066
tcn_gaussian_conformal,gaussian,480,roll,150,15.0,542880,9,0.1,0.5133639109932213,4.733249578640981,28.61427315788552,2.3015823428774063,1.1507911714387036,0.0,0.5009266780872385,0.5268708093869732,2,False,256204,,,,,conformal,unseen_heading,5.065170959625261
tcn_gaussian_conformal,gaussian,480,pitch,10,1.0,542880,9,0.1,0.27458922782198647,0.04379196108809761,1.3999981060179503,0.08075848441396308,0.04037924220698157,0.0,0.26170327696728557,0.2887694794429708,2,False,256204,,,,,conformal,unseen_heading,0.0933180002382203
tcn_gaussian_conformal,gaussian,480,pitch,20,2.0,542880,9,0.1,0.27011310050103154,0.17057381357663803,3.5643434942363372,0.21981324540103492,0.1099066227005174,0.0,0.26078921676982025,0.2800781940760389,2,False,256204,,,,,conformal,unseen_heading,0.0933131178480162
tcn_gaussian_conformal,gaussian,480,pitch,30,3.0,542880,9,0.1,0.2667937665782493,0.3621766760130744,6.247433527507514,0.39855944298357077,0.19927972149178538,0.0,0.2617380452402004,0.27211073349543174,2,False,256204,,,,,conformal,unseen_heading,0.0933093260053012
tcn_gaussian_conformal,gaussian,480,pitch,50,5.0,542880,9,0.1,0.34791666666666665,0.73259295097978,8.435674564825478,0.5871629862827279,0.29358149314136406,0.0,0.34095895962275274,0.35546944076038905,2,False,256204,,,,,conformal,unseen_heading,0.0932992276360064
tcn_gaussian_conformal,gaussian,480,pitch,100,10.0,542880,9,0.1,0.7101329944002358,2.361642074208629,7.928047152373246,0.7417337483101059,0.37086687415505337,0.0,0.6974326738874153,0.7244615753020925,2,False,256204,,,,,conformal,unseen_heading,0.0932719667301497
tcn_gaussian_conformal,gaussian,480,pitch,150,15.0,542880,9,0.1,0.8148559534335397,3.8872756387408938,8.019525429968251,0.859741288216907,0.42987064410845344,0.0,0.8044603779840849,0.8263017609784851,2,False,256204,,,,,conformal,unseen_heading,0.0932877611037256
tcn_gaussian_conformal,gaussian,480,heave,10,1.0,542880,9,0.1,0.22518788682581786,0.017140755059076286,0.2919339428542802,0.018793272234826443,0.009396636117413221,0.0,0.22191787319481285,0.22812674992631887,2,False,256204,,,,,conformal,unseen_heading,0.7794698459399999
tcn_gaussian_conformal,gaussian,480,heave,20,2.0,542880,9,0.1,0.12651783082817566,0.036592122069405486,1.3706677424940965,0.07806137558916798,0.039030687794584004,0.0,0.12541035772178014,0.12764920424403184,2,False,256204,,,,,conformal,unseen_heading,0.7795381170816457
tcn_gaussian_conformal,gaussian,480,heave,30,3.0,542880,9,0.1,0.14535993221338048,0.10254040533409035,3.203442378397172,0.18649066218257354,0.09324533109128683,0.0,0.1438895335985853,0.14671815134099617,2,False,256204,,,,,conformal,unseen_heading,0.7795925331975873
tcn_gaussian_conformal,gaussian,480,heave,50,5.0,542880,9,0.1,0.2826996758031241,0.4353612703952687,5.055883529236126,0.3535287011304719,0.17676435056523596,0.0,0.2803047634836428,0.28499138852048334,2,False,256204,,,,,conformal,unseen_heading,0.7797418971482062
tcn_gaussian_conformal,gaussian,480,heave,100,10.0,542880,9,0.1,0.4708057029177719,1.2481076845120302,8.089021763299248,0.6509505393658949,0.3254752696829473,0.0,0.46691561671087534,0.4749177995137047,2,False,256204,,,,,conformal,unseen_heading,0.7798418820620302
tcn_gaussian_conformal,gaussian,480,heave,150,15.0,542880,9,0.1,0.7385960064839375,2.5283575986201074,5.47095799267211,0.6361359690559332,0.31806798452796664,0.0,0.7313377726201002,0.7462696175950487,2,False,256204,,,,,conformal,unseen_heading,0.7799149016983908
tcn_gaussian_conformal,gaussian,480,roll_rate,10,1.0,542880,9,0.1,0.07045387562628942,0.06928212209252473,5.152139742294704,0.2762747331322909,0.13813736656614548,0.0,0.06935722443265546,0.0715263502063071,2,False,256204,,,,,conformal,unseen_heading,2.7332887334068814
tcn_gaussian_conformal,gaussian,480,roll_rate,20,2.0,542880,9,0.1,0.07612363689949897,0.13578599741242214,8.896865275040868,0.4815944722722768,0.24079723613613857,0.0,0.07502003205128205,0.07725487216327734,2,False,256204,,,,,conformal,unseen_heading,2.733256744126837
tcn_gaussian_conformal,gaussian,480,roll_rate,30,3.0,542880,9,0.1,0.10513004715590922,0.2260062774088673,10.387401692432883,0.5795951296675128,0.28979756483375674,0.0,0.10373369805481875,0.10671294761273209,2,False,256204,,,,,conformal,unseen_heading,2.733638938173776
tcn_gaussian_conformal,gaussian,480,roll_rate,50,5.0,542880,9,0.1,0.17014994105511347,0.3945409414251519,12.428039718573817,0.7210465959461357,0.3605232979730679,0.0,0.16692593206601827,0.17349142536103743,2,False,256204,,,,,conformal,unseen_heading,2.7350087097464617
tcn_gaussian_conformal,gaussian,480,roll_rate,100,10.0,542880,9,0.1,0.35612105806071326,1.2947364429753292,14.067429113293842,0.9875159275672094,0.4937579637836047,0.0,0.35156452623047446,0.3608229719274978,2,False,256204,,,,,conformal,unseen_heading,2.736128999843485
tcn_gaussian_conformal,gaussian,480,roll_rate,150,15.0,542880,9,0.1,0.4955330828175656,2.6617344356506534,17.682406476530232,1.4061926246996432,0.7030963123498214,0.0,0.4851776175213675,0.5066225040524609,2,False,256204,,,,,conformal,unseen_heading,2.7370865408303726
tcn_gaussian_conformal,gaussian,480,pitch_rate,10,1.0,542880,9,0.1,0.2440907751252579,0.07098860017558024,1.7155201511097848,0.10325085345823637,0.05162542672911819,0.0,0.2367394728116711,0.2520633933834365,2,False,256204,,,,,conformal,unseen_heading,0.0657651229329025
tcn_gaussian_conformal,gaussian,480,pitch_rate,20,2.0,542880,9,0.1,0.27076149425287355,0.18900637657532332,3.035463199110478,0.19681847214323356,0.09840923607161682,0.0,0.2661784372236959,0.27544277740937223,2,False,256204,,,,,conformal,unseen_heading,0.0657610588014722
tcn_gaussian_conformal,gaussian,480,pitch_rate,30,3.0,542880,9,0.1,0.3015859858532272,0.2819851085394248,4.03685294613964,0.2681486750567482,0.13407433752837422,0.0,0.2968751842027704,0.3065310473769525,2,False,256204,,,,,conformal,unseen_heading,0.0657544115007394
tcn_gaussian_conformal,gaussian,480,pitch_rate,50,5.0,542880,9,0.1,0.5797340111995284,0.6135811709581691,2.835148177329549,0.254772463169886,0.127386231584943,0.0,0.5686265841438255,0.5916400033156498,2,False,256204,,,,,conformal,unseen_heading,0.0657418823373477
tcn_gaussian_conformal,gaussian,480,pitch_rate,100,10.0,542880,9,0.1,0.8726532567049808,1.7661828480482549,2.77130482194367,0.3146036837151262,0.1573018418575632,0.0,0.8649621002799882,0.8804979921898026,2,False,256204,,,,,conformal,unseen_heading,0.065725077235494
tcn_gaussian_conformal,gaussian,480,pitch_rate,150,15.0,542880,9,0.1,0.8745265988800471,2.6595777232861852,3.764377065514087,0.44184622834110326,0.22092311417055172,0.0,0.8711163148393752,0.8779346264367817,2,False,256204,,,,,conformal,unseen_heading,0.0657301350648849
tcn_gaussian_conformal,gaussian,480,heave_rate,10,1.0,542880,9,0.1,0.10933355437665783,0.01288680757234756,0.5994168277605116,0.03337566069293498,0.0166878303464675,0.0,0.10845301908340702,0.11025645630710286,2,False,256204,,,,,conformal,unseen_heading,0.449017891316346
tcn_gaussian_conformal,gaussian,480,heave_rate,20,2.0,542880,9,0.1,0.13083001768346597,0.044291663418514676,1.5823965247361391,0.09062323555900854,0.04531161777950424,0.0,0.12973391909814322,0.13194297082228118,2,False,256204,,,,,conformal,unseen_heading,0.4490640117514402
tcn_gaussian_conformal,gaussian,480,heave_rate,30,3.0,542880,9,0.1,0.20136310050103154,0.10647385884223519,2.1374257466313993,0.13333858589451633,0.06666929294725818,0.0,0.20009200928381962,0.2026638023135868,2,False,256204,,,,,conformal,unseen_heading,0.4491073198442661
tcn_gaussian_conformal,gaussian,480,heave_rate,50,5.0,542880,9,0.1,0.46005194518125553,0.24303855060435609,1.318556118752842,0.11598564594332628,0.05799282297166318,0.0,0.4577972572207486,0.46217221117005597,2,False,256204,,,,,conformal,unseen_heading,0.4491329486705899
tcn_gaussian_conformal,gaussian,480,heave_rate,100,10.0,542880,9,0.1,0.6127063071028588,0.7167777820171978,2.6916389244161216,0.25329540533519523,0.12664770266759762,0.0,0.6075349064249926,0.6178791814028883,2,False,256204,,,,,conformal,unseen_heading,0.4491261128521456
tcn_gaussian_conformal,gaussian,480,heave_rate,150,15.0,542880,9,0.1,0.7306918656056587,1.3652671957097104,3.347039973059316,0.3521647856859061,0.17608239284295293,0.0,0.7244613450486296,0.7369828507220749,2,False,256204,,,,,conformal,unseen_heading,0.4491083042103025
lstm_quantile_conformal,quantile,480,roll,10,1.0,542880,9,0.1,0.0777648835838491,0.19432633464443705,11.960186985203672,0.6495632833265346,0.3247816416632673,0.0,0.0758269322870616,0.07952286877394636,0,False,1247528,,,,,conformal,unseen_heading,5.0567053318459285
lstm_quantile_conformal,quantile,480,roll,20,2.0,542880,9,0.1,0.05316091954022988,0.19129307001876858,17.80596818320725,0.9422139091236038,0.4711069545618018,0.0,0.0519302147804303,0.05431232500736811,0,False,1247528,,,,,conformal,unseen_heading,5.058101722258217
lstm_quantile_conformal,quantile,480,roll,30,3.0,542880,9,0.1,0.04791482463896257,0.20855797759361794,22.3841168875615,1.1759470230914113,0.5879735115457063,0.0,0.04708402409372237,0.048684884320660184,0,False,1247528,,,,,conformal,unseen_heading,5.058718148754806
lstm_quantile_conformal,quantile,480,roll,50,5.0,542880,9,0.1,0.06826738874152667,0.29822096882675597,26.88911022985545,1.4262823097489246,0.7131411548744621,0.0,0.0666330036103743,0.06994556808134393,0,False,1247528,,,,,conformal,unseen_heading,5.058662539241705
lstm_quantile_conformal,quantile,480,roll,100,10.0,542880,9,0.1,0.2799237400530504,1.392884326163282,25.04451064064939,1.5829711997564797,0.7914855998782395,0.0,0.2740657695991748,0.28596752505157674,0,False,1247528,,,,,conformal,unseen_heading,5.062292920246066
lstm_quantile_conformal,quantile,480,roll,150,15.0,542880,9,0.1,0.4684792219274978,2.8275005539400415,27.01776200179071,1.9494248854567913,0.9747124427283956,0.0,0.45511139662540523,0.4831338877836723,0,False,1247528,,,,,conformal,unseen_heading,5.065170959625261
lstm_quantile_conformal,quantile,480,pitch,10,1.0,542880,9,0.1,0.06450781019746538,0.061942705313785144,5.1908961461481535,0.2767166998925042,0.13835834994625199,0.0,0.06300268936044798,0.06606998784261715,0,False,1247528,,,,,conformal,unseen_heading,0.0933180002382203
lstm_quantile_conformal,quantile,480,pitch,20,2.0,542880,9,0.1,0.0669853374594754,0.09670845120213982,8.77078198701011,0.4650690663228402,0.23253453316142014,0.0,0.06540515399351607,0.06848290598290599,0,False,1247528,,,,,conformal,unseen_heading,0.0933131178480162
lstm_quantile_conformal,quantile,480,pitch,30,3.0,542880,9,0.1,0.09843427645151782,0.20403554257158796,12.672023996444583,0.68787010402724,0.34393505201362007,0.0,0.09584424734748011,0.10115637894193928,0,False,1247528,,,,,conformal,unseen_heading,0.0933093260053012
lstm_quantile_conformal,quantile,480,pitch,50,5.0,542880,9,0.1,0.26954944002357795,0.5327959637312085,12.399651299840645,0.7452995804606668,0.3726497902303335,0.0,0.2609105603448276,0.2784453286177424,0,False,1247528,,,,,conformal,unseen_heading,0.0932992276360064
lstm_quantile_conformal,quantile,480,pitch,100,10.0,542880,9,0.1,0.6054174034777483,2.4441280119531235,11.843490233201347,1.0004349438991522,0.5002174719495763,0.0,0.5941228724580018,0.6168997292219275,0,False,1247528,,,,,conformal,unseen_heading,0.0932719667301497
lstm_quantile_conformal,quantile,480,pitch,150,15.0,542880,9,0.1,0.8412190539345712,3.902186294518308,8.62646103242313,0.8714801024097006,0.4357400512048506,0.0,0.829989684644857,0.8528917992926613,0,False,1247528,,,,,conformal,unseen_heading,0.0932877611037256
lstm_quantile_conformal,quantile,480,heave,10,1.0,542880,9,0.1,0.06695033893309756,0.034000579770962255,2.6534421653994333,0.14199504255457285,0.07099752127728642,0.0,0.06534201849395814,0.06849976053639846,0,False,1247528,,,,,conformal,unseen_heading,0.7794698459399999
lstm_quantile_conformal,quantile,480,heave,20,2.0,542880,9,0.1,0.04246058060713233,0.03607162412407967,4.683047877493436,0.24394219871936657,0.12197109935968327,0.0,0.04157088122605364,0.043368838417329796,0,False,1247528,,,,,conformal,unseen_heading,0.7795381170816457
lstm_quantile_conformal,quantile,480,heave,30,3.0,542880,9,0.1,0.04412393162393163,0.051422175574762544,6.907833887959162,0.3595437874975106,0.17977189374875524,0.0,0.043110632183908044,0.04516099322133805,0,False,1247528,,,,,conformal,unseen_heading,0.7795925331975873
lstm_quantile_conformal,quantile,480,heave,50,5.0,542880,9,0.1,0.17868037135278514,0.23430309631182322,6.699520095077665,0.39373466038570576,0.1968673301928528,0.0,0.17518194628647216,0.18233863837312114,0,False,1247528,,,,,conformal,unseen_heading,0.7797418971482062
lstm_quantile_conformal,quantile,480,heave,100,10.0,542880,9,0.1,0.4737953138815208,1.0035113742338055,7.882017490205221,0.5923413333160753,0.2961706666580376,0.0,0.46484094090775124,0.4829136273209549,0,False,1247528,,,,,conformal,unseen_heading,0.7798418820620302
lstm_quantile_conformal,quantile,480,heave,150,15.0,542880,9,0.1,0.7291648246389626,1.9768448522703865,6.63986260526084,0.6261079530685695,0.31305397653428463,0.0,0.7151342838196286,0.7430197281167108,0,False,1247528,,,,,conformal,unseen_heading,0.7799149016983908
lstm_quantile_conformal,quantile,480,roll_rate,10,1.0,542880,9,0.1,0.06385941644562335,0.10280182178695389,7.8450015264227755,0.4199832763838307,0.20999163819191535,0.0,0.062190447244326555,0.06549882110226937,0,False,1247528,,,,,conformal,unseen_heading,2.7332887334068814
lstm_quantile_conformal,quantile,480,roll_rate,20,2.0,542880,9,0.1,0.05316460359563808,0.11180361928021168,10.648500238323464,0.5627286373560684,0.2813643186780341,0.0,0.05211432544945476,0.05417776488358385,0,False,1247528,,,,,conformal,unseen_heading,2.733256744126837
lstm_quantile_conformal,quantile,480,roll_rate,30,3.0,542880,9,0.1,0.058541482463896254,0.14497021465271567,13.142527527065475,0.6967445140302236,0.3483722570151119,0.0,0.05776944260241674,0.0592359729590333,0,False,1247528,,,,,conformal,unseen_heading,2.733638938173776
lstm_quantile_conformal,quantile,480,roll_rate,50,5.0,542880,9,0.1,0.1396606984969054,0.3199115520267693,14.325590893087973,0.798895939828703,0.3994479699143513,0.0,0.13573400198938992,0.14358661214264662,0,False,1247528,,,,,conformal,unseen_heading,2.7350087097464617
lstm_quantile_conformal,quantile,480,roll_rate,100,10.0,542880,9,0.1,0.4413093132920719,1.1958256117961892,12.868411343787516,0.8951666037379068,0.4475833018689532,0.0,0.42860553897730624,0.45532115753020924,0,False,1247528,,,,,conformal,unseen_heading,2.736128999843485
lstm_quantile_conformal,quantile,480,roll_rate,150,15.0,542880,9,0.1,0.5712072649572649,2.1032451975532105,13.857723518881329,1.094422597595985,0.5472112987979922,0.0,0.5564712735779547,0.5865221595932802,0,False,1247528,,,,,conformal,unseen_heading,2.7370865408303726
lstm_quantile_conformal,quantile,480,pitch_rate,10,1.0,542880,9,0.1,0.09946212791040378,0.06937708841007897,3.9836611616932642,0.2178792485028079,0.10893962425140394,0.0,0.09737842617152961,0.10167910035366932,0,False,1247528,,,,,conformal,unseen_heading,0.0657651229329025
lstm_quantile_conformal,quantile,480,pitch_rate,20,2.0,542880,9,0.1,0.1127799882110227,0.12131472454363446,6.155577167103309,0.3398215740533649,0.16991078702668247,0.0,0.1103945162835249,0.11519677460949013,0,False,1247528,,,,,conformal,unseen_heading,0.0657610588014722
lstm_quantile_conformal,quantile,480,pitch_rate,30,3.0,542880,9,0.1,0.14781535514294136,0.1729027468915583,6.957652615752446,0.3928353003525023,0.1964176501762512,0.0,0.1442286969496021,0.15154048776893603,0,False,1247528,,,,,conformal,unseen_heading,0.0657544115007394
lstm_quantile_conformal,quantile,480,pitch_rate,50,5.0,542880,9,0.1,0.3093482905982906,0.6629744753599418,9.958832247513724,0.6457472696964264,0.3228736348482132,0.0,0.29975316828765103,0.31898057581786027,0,False,1247528,,,,,conformal,unseen_heading,0.0657418823373477
lstm_quantile_conformal,quantile,480,pitch_rate,100,10.0,542880,9,0.1,0.6475556292366638,2.246072428202333,9.049904112143816,0.8133381206551257,0.4066690603275628,0.0,0.6323333885941644,0.6638377726201001,0,False,1247528,,,,,conformal,unseen_heading,0.065725077235494
lstm_quantile_conformal,quantile,480,pitch_rate,150,15.0,542880,9,0.1,0.883213601532567,3.253385267062357,5.118614875944954,0.5665363920399196,0.2832681960199596,0.0,0.8735991839817271,0.8928812536840555,0,False,1247528,,,,,conformal,unseen_heading,0.0657301350648849
lstm_quantile_conformal,quantile,480,heave_rate,10,1.0,542880,9,0.1,0.06319997052755673,0.024686547854569953,2.193201465229776,0.11635234305656278,0.0581761715282814,0.0,0.06197460764809903,0.0645560252726201,0,False,1247528,,,,,conformal,unseen_heading,0.449017891316346
lstm_quantile_conformal,quantile,480,heave_rate,20,2.0,542880,9,0.1,0.04732537577365164,0.02746248180001256,3.348398584300548,0.17502066852714482,0.08751033426357242,0.0,0.04638216548776893,0.04835893751842028,0,False,1247528,,,,,conformal,unseen_heading,0.4490640117514402
lstm_quantile_conformal,quantile,480,heave_rate,30,3.0,542880,9,0.1,0.08457854406130268,0.052379538933822294,3.5866253274433078,0.1934633023216299,0.0967316511608149,0.0,0.08272905614500442,0.08651142978190392,0,False,1247528,,,,,conformal,unseen_heading,0.4491073198442661
lstm_quantile_conformal,quantile,480,heave_rate,50,5.0,542880,9,0.1,0.1622310639552019,0.14971809801497893,4.9061390450417734,0.2836939016429688,0.14184695082148444,0.0,0.1589884504862953,0.16556112768936046,0,False,1247528,,,,,conformal,unseen_heading,0.4491329486705899
lstm_quantile_conformal,quantile,480,heave_rate,100,10.0,542880,9,0.1,0.4654380341880342,0.7138348372738632,5.608074995685544,0.4268753376558344,0.21343766882791734,0.0,0.45341479700854703,0.4782796382257589,0,False,1247528,,,,,conformal,unseen_heading,0.4491261128521456
lstm_quantile_conformal,quantile,480,heave_rate,150,15.0,542880,9,0.1,0.702687518420277,1.3072063934258888,4.2590935860476735,0.4168670586426055,0.20843352932130277,0.0,0.688869777851459,0.7167323349543178,0,False,1247528,,,,,conformal,unseen_heading,0.4491083042103025
lstm_quantile_conformal,quantile,480,roll,10,1.0,542880,9,0.1,0.2025991010904804,0.44710574746759796,10.119248721805967,0.6201570972522505,0.31007854862612494,0.0,0.1996517186118479,0.2057545866489832,1,False,1247528,,,,,conformal,unseen_heading,5.0567053318459285
lstm_quantile_conformal,quantile,480,roll,20,2.0,542880,9,0.1,0.11076112584733275,0.3726586846243363,16.396548964739292,0.9200915668340819,0.46004578341704067,0.0,0.10910288645741233,0.11240444481284999,1,False,1247528,,,,,conformal,unseen_heading,5.058101722258217
lstm_quantile_conformal,quantile,480,roll,30,3.0,542880,9,0.1,0.08516799292661362,0.3523128982494093,21.843891271940777,1.1872763908522534,0.5936381954261267,0.0,0.0838453709843796,0.08650723916887709,1,False,1247528,,,,,conformal,unseen_heading,5.058718148754806
lstm_quantile_conformal,quantile,480,roll,50,5.0,542880,9,0.1,0.11528330386089007,0.46029084556307265,26.10738219377035,1.4285850470166794,0.7142925235083406,0.0,0.11081196581196581,0.11998641504568228,1,False,1247528,,,,,conformal,unseen_heading,5.058662539241705
lstm_quantile_conformal,quantile,480,roll,100,10.0,542880,9,0.1,0.4385002210433245,1.7177173175765725,22.29615477496115,1.4819424706390234,0.7409712353195116,0.0,0.42144783377542,0.45663332596522255,1,False,1247528,,,,,conformal,unseen_heading,5.062292920246066
lstm_quantile_conformal,quantile,480,roll,150,15.0,542880,9,0.1,0.5569978632478633,3.0113933160875197,26.228109813246196,1.8961275119437666,0.9480637559718839,0.0,0.5373924716327734,0.5781454465075154,1,False,1247528,,,,,conformal,unseen_heading,5.065170959625261
lstm_quantile_conformal,quantile,480,pitch,10,1.0,542880,9,0.1,0.22253536693191867,0.24671219018470814,4.62120138245339,0.2886803997195826,0.14434019985979119,0.0,0.21944163535219569,0.22569679302976717,1,False,1247528,,,,,conformal,unseen_heading,0.0933180002382203
lstm_quantile_conformal,quantile,480,pitch,20,2.0,542880,9,0.1,0.11301760978485116,0.20423732600901012,9.990646527567911,0.5498916299893262,0.2749458149946631,0.0,0.11055841069849691,0.11570015473032713,1,False,1247528,,,,,conformal,unseen_heading,0.0933131178480162
lstm_quantile_conformal,quantile,480,pitch,30,3.0,542880,9,0.1,0.12929376657824934,0.3048940951697887,14.103436642871273,0.7862816060374934,0.3931408030187464,0.0,0.12595702549366344,0.13258823312702622,1,False,1247528,,,,,conformal,unseen_heading,0.0933093260053012
lstm_quantile_conformal,quantile,480,pitch,50,5.0,542880,9,0.1,0.40075154730327145,0.806105662209769,10.043412537456978,0.673967810044782,0.3369839050223908,0.0,0.38873365200412613,0.41344638778367226,1,False,1247528,,,,,conformal,unseen_heading,0.0932992276360064
lstm_quantile_conformal,quantile,480,pitch,100,10.0,542880,9,0.1,0.7108071765399352,2.912137676589369,10.669173702423784,0.9301106220765666,0.46505531103828346,0.0,0.7000359655909225,0.7224513244179193,1,False,1247528,,,,,conformal,unseen_heading,0.0932719667301497
lstm_quantile_conformal,quantile,480,pitch,150,15.0,542880,9,0.1,0.8837754199823166,4.171254459863864,8.32861231915945,0.7613832783503344,0.38069163917516746,0.0,0.8781540119363395,0.8902906719717064,1,False,1247528,,,,,conformal,unseen_heading,0.0932877611037256
lstm_quantile_conformal,quantile,480,heave,10,1.0,542880,9,0.1,0.2632018125552608,0.10304411490431507,1.6153470931034075,0.10455546928732495,0.052277734643662484,0.0,0.256562269746537,0.2699183981727085,1,False,1247528,,,,,conformal,unseen_heading,0.7794698459399999
lstm_quantile_conformal,quantile,480,heave,20,2.0,542880,9,0.1,0.0910348511641615,0.07329365352062515,4.2137414187678734,0.22953895894501664,0.11476947947250832,0.0,0.08848166261420572,0.09354442970822281,1,False,1247528,,,,,conformal,unseen_heading,0.7795381170816457
lstm_quantile_conformal,quantile,480,heave,30,3.0,542880,9,0.1,0.0892701886236369,0.09962723814421169,6.496471364922883,0.35254842980342366,0.17627421490171177,0.0,0.08680500294724433,0.09190986037430003,1,False,1247528,,,,,conformal,unseen_heading,0.7795925331975873
lstm_quantile_conformal,quantile,480,heave,50,5.0,542880,9,0.1,0.37149646330680813,0.3157072826578322,4.308282752588375,0.2875706076373805,0.14378530381869017,0.0,0.3593579151930445,0.3840334880636605,1,False,1247528,,,,,conformal,unseen_heading,0.7797418971482062
lstm_quantile_conformal,quantile,480,heave,100,10.0,542880,9,0.1,0.683325965222517,1.1716963603128163,5.249522762558375,0.43719866952254577,0.2185993347612729,0.0,0.6733360042735043,0.6944841401414678,1,False,1247528,,,,,conformal,unseen_heading,0.7798418820620302
lstm_quantile_conformal,quantile,480,heave,150,15.0,542880,9,0.1,0.8229185086943708,2.187137686171681,6.37431434233828,0.5549686561613651,0.27748432808068246,0.0,0.8133069923371647,0.8336607077070439,1,False,1247528,,,,,conformal,unseen_heading,0.7799149016983908
lstm_quantile_conformal,quantile,480,roll_rate,10,1.0,542880,9,0.1,0.09907714412024757,0.15379824933273825,8.080156938677542,0.4451949252504314,0.2225974626252158,0.0,0.09689756483937519,0.10133399646330682,1,False,1247528,,,,,conformal,unseen_heading,2.7332887334068814
lstm_quantile_conformal,quantile,480,roll_rate,20,2.0,542880,9,0.1,0.09096301208370174,0.18817014688622644,11.1357969401522,0.608828027096566,0.30441401354828307,0.0,0.08918517904509284,0.09264077696728558,1,False,1247528,,,,,conformal,unseen_heading,2.733256744126837
lstm_quantile_conformal,quantile,480,roll_rate,30,3.0,542880,9,0.1,0.0887728411435308,0.21446846343057974,13.347589918020036,0.7270556723607132,0.36352783618035656,0.0,0.08714029804008253,0.09043467248747421,1,False,1247528,,,,,conformal,unseen_heading,2.733638938173776
lstm_quantile_conformal,quantile,480,roll_rate,50,5.0,542880,9,0.1,0.16522435897435897,0.34193575130522064,12.42953944918643,0.7105109434070807,0.35525547170354027,0.0,0.1606664916740348,0.17000303934571176,1,False,1247528,,,,,conformal,unseen_heading,2.7350087097464617
lstm_quantile_conformal,quantile,480,roll_rate,100,10.0,542880,9,0.1,0.6211391099322133,1.6228954418610546,9.049133016533922,0.7321556542224174,0.3660778271112086,0.0,0.6100017038756262,0.6331644654435603,1,False,1247528,,,,,conformal,unseen_heading,2.736128999843485
lstm_quantile_conformal,quantile,480,roll_rate,150,15.0,542880,9,0.1,0.7038516799292661,2.52643719413399,11.305843169486138,0.9533716026589892,0.4766858013294945,0.0,0.6897383399646331,0.7188877836722664,1,False,1247528,,,,,conformal,unseen_heading,2.7370865408303726
lstm_quantile_conformal,quantile,480,pitch_rate,10,1.0,542880,9,0.1,0.19323791629826112,0.14849069202889648,3.6980615407509805,0.22316941927868555,0.11158470963934283,0.0,0.18939042698202183,0.1971741452991453,1,False,1247528,,,,,conformal,unseen_heading,0.0657651229329025
lstm_quantile_conformal,quantile,480,pitch_rate,20,2.0,542880,9,0.1,0.17066202475685235,0.19478600595111928,6.049486117000987,0.3518798912116879,0.17593994560584392,0.0,0.166882183908046,0.1745063826259947,1,False,1247528,,,,,conformal,unseen_heading,0.0657610588014722
lstm_quantile_conformal,quantile,480,pitch_rate,30,3.0,542880,9,0.1,0.22170461243737105,0.2764170237127602,6.239588284536312,0.3803443384291644,0.19017216921458205,0.0,0.21704363763631004,0.22659201849395816,1,False,1247528,,,,,conformal,unseen_heading,0.0657544115007394
lstm_quantile_conformal,quantile,480,pitch_rate,50,5.0,542880,9,0.1,0.3422155909224875,0.8634694892351892,10.926574660003995,0.7400267096967955,0.37001335484839737,0.0,0.33406167108753315,0.35057752173592693,1,False,1247528,,,,,conformal,unseen_heading,0.0657418823373477
lstm_quantile_conformal,quantile,480,pitch_rate,100,10.0,542880,9,0.1,0.7743018715001474,2.4782229021602387,6.941318180156964,0.6371020934253613,0.3185510467126806,0.0,0.7605116692455055,0.7889721485411141,1,False,1247528,,,,,conformal,unseen_heading,0.065725077235494
lstm_quantile_conformal,quantile,480,pitch_rate,150,15.0,542880,9,0.1,0.914025198938992,3.3753029401156134,5.173011560399358,0.46556974642439947,0.23278487321219984,0.0,0.9102876326259948,0.9179218703949308,1,False,1247528,,,,,conformal,unseen_heading,0.0657301350648849
lstm_quantile_conformal,quantile,480,heave_rate,10,1.0,542880,9,0.1,0.11159372236958444,0.05082700415455963,2.33246472446358,0.1308267493023083,0.06541337465115411,0.0,0.1095656038166814,0.11374921713822576,1,False,1247528,,,,,conformal,unseen_heading,0.449017891316346
lstm_quantile_conformal,quantile,480,heave_rate,20,2.0,542880,9,0.1,0.13326333628057765,0.07961903055799392,3.0164911583842007,0.17251352090360203,0.08625676045180103,0.0,0.13115214227821986,0.13537190539345711,1,False,1247528,,,,,conformal,unseen_heading,0.4490640117514402
lstm_quantile_conformal,quantile,480,heave_rate,30,3.0,542880,9,0.1,0.23101053639846744,0.1159983224439863,2.440079698199909,0.15139915608106355,0.07569957804053176,0.0,0.22564931476569408,0.23633804892425583,1,False,1247528,,,,,conformal,unseen_heading,0.4491073198442661
lstm_quantile_conformal,quantile,480,heave_rate,50,5.0,542880,9,0.1,0.2510536398467433,0.2384946577703472,4.314754879455292,0.27293423974427033,0.13646711987213517,0.0,0.246379494547598,0.2555257607574418,1,False,1247528,,,,,conformal,unseen_heading,0.4491329486705899
lstm_quantile_conformal,quantile,480,heave_rate,100,10.0,542880,9,0.1,0.6164327291482464,0.8055526693071396,4.52593613316894,0.36846685856391226,0.18423342928195624,0.0,0.5973671437518421,0.637054874005305,1,False,1247528,,,,,conformal,unseen_heading,0.4491261128521456
lstm_quantile_conformal,quantile,480,heave_rate,150,15.0,542880,9,0.1,0.8036951075744179,1.4135013040606113,3.3951508570951328,0.3399957555254512,0.1699978777627257,0.0,0.7924841585617447,0.8161963509431183,1,False,1247528,,,,,conformal,unseen_heading,0.4491083042103025
lstm_quantile_conformal,quantile,480,roll,10,1.0,542880,9,0.1,0.06683797524314766,0.1909136621945183,16.336937988580182,0.8701884777920231,0.4350942388960113,0.0,0.0656478411435308,0.06796396072796936,2,False,1247528,,,,,conformal,unseen_heading,5.0567053318459285
lstm_quantile_conformal,quantile,480,roll,20,2.0,542880,9,0.1,0.04677092543471854,0.18382766926437552,21.515049213825115,1.127693173058592,0.5638465865292961,0.0,0.04582016283524905,0.0476239224137931,2,False,1247528,,,,,conformal,unseen_heading,5.058101722258217
lstm_quantile_conformal,quantile,480,roll,30,3.0,542880,9,0.1,0.04666224580017683,0.21424005498015952,25.560321063726306,1.3386268702778155,0.669313435138908,0.0,0.04582016283524905,0.04740278698791629,2,False,1247528,,,,,conformal,unseen_heading,5.058718148754806
lstm_quantile_conformal,quantile,480,roll,50,5.0,542880,9,0.1,0.07025309460654289,0.29516006364122166,29.280245133209306,1.5443674784364418,0.772183739218221,0.0,0.06823133104921898,0.07243783156498673,2,False,1247528,,,,,conformal,unseen_heading,5.058662539241705
lstm_quantile_conformal,quantile,480,roll,100,10.0,542880,9,0.1,0.26912945770704394,1.2377438791249202,32.9723921411947,1.9352600307754177,0.9676300153877084,0.0,0.26179722038019454,0.27671267130857646,2,False,1247528,,,,,conformal,unseen_heading,5.062292920246066
lstm_quantile_conformal,quantile,480,roll,150,15.0,542880,9,0.1,0.4044908635425877,2.3469268777503456,42.926300558858735,2.629797902053581,1.31489895102679,0.0,0.3931293287651046,0.41666514699381074,2,False,1247528,,,,,conformal,unseen_heading,5.065170959625261
lstm_quantile_conformal,quantile,480,pitch,10,1.0,542880,9,0.1,0.05890988800471559,0.0703910179961429,6.7537640350182615,0.35679185641741645,0.17839592820870842,0.0,0.05781005931329208,0.060086989758325965,2,False,1247528,,,,,conformal,unseen_heading,0.0933180002382203
lstm_quantile_conformal,quantile,480,pitch,20,2.0,542880,9,0.1,0.0572465369879163,0.09973141967217128,10.6829141960202,0.5617119085485625,0.280855954274281,0.0,0.05568256336575302,0.05897440502505157,2,False,1247528,,,,,conformal,unseen_heading,0.0933131178480162
lstm_quantile_conformal,quantile,480,pitch,30,3.0,542880,9,0.1,0.08888888888888889,0.19647433305902243,14.665261557162907,0.7861780668646581,0.3930890334323287,0.0,0.08628891283524905,0.09180491084585912,2,False,1247528,,,,,conformal,unseen_heading,0.0933093260053012
lstm_quantile_conformal,quantile,480,pitch,50,5.0,542880,9,0.1,0.2625515767757147,0.5365980504256657,14.326094267745878,0.8398784030873674,0.4199392015436836,0.0,0.2537712754199823,0.27155573054818744,2,False,1247528,,,,,conformal,unseen_heading,0.0932992276360064
lstm_quantile_conformal,quantile,480,pitch,100,10.0,542880,9,0.1,0.46667403477748304,2.1183362144769675,21.44045651984391,1.4499609768812733,0.7249804884406362,0.0,0.4549283451223106,0.4785081878131447,2,False,1247528,,,,,conformal,unseen_heading,0.0932719667301497
lstm_quantile_conformal,quantile,480,pitch,150,15.0,542880,9,0.1,0.6701425729442971,3.480077067310109,17.62630349739841,1.324521703897027,0.6622608519485134,0.0,0.6577222866931918,0.6831010536398467,2,False,1247528,,,,,conformal,unseen_heading,0.0932877611037256
lstm_quantile_conformal,quantile,480,heave,10,1.0,542880,9,0.1,0.08089817270851754,0.038174624588010374,2.5733633923108665,0.13890704831185022,0.06945352415592512,0.0,0.079195586501621,0.08266117742410846,2,False,1247528,,,,,conformal,unseen_heading,0.7794698459399999
lstm_quantile_conformal,quantile,480,heave,20,2.0,542880,9,0.1,0.046899867374005304,0.03947804425457576,4.583898759341725,0.2397836685461856,0.11989183427309281,0.0,0.04600454980842912,0.04779140878278809,2,False,1247528,,,,,conformal,unseen_heading,0.7795381170816457
lstm_quantile_conformal,quantile,480,heave,30,3.0,542880,9,0.1,0.051777556734453285,0.05395666491860474,6.777445877486226,0.3533538385111547,0.17667691925557744,0.0,0.0503295848069555,0.05328240126731506,2,False,1247528,,,,,conformal,unseen_heading,0.7795925331975873
lstm_quantile_conformal,quantile,480,heave,50,5.0,542880,9,0.1,0.18740237253168288,0.2298301549482449,6.817413084889739,0.39776797831163846,0.19888398915581917,0.0,0.18399273320070736,0.19085230621868554,2,False,1247528,,,,,conformal,unseen_heading,0.7797418971482062
lstm_quantile_conformal,quantile,480,heave,100,10.0,542880,9,0.1,0.39948607427055705,0.9115752987770865,10.757467648719617,0.7201621942544807,0.3600810971272403,0.0,0.39046207264957267,0.4087039953580902,2,False,1247528,,,,,conformal,unseen_heading,0.7798418820620302
lstm_quantile_conformal,quantile,480,heave,150,15.0,542880,9,0.1,0.5936910551134689,1.7696791712847741,11.776104906809948,0.8593989878949906,0.4296994939474952,0.0,0.5802267075596816,0.6080580422929561,2,False,1247528,,,,,conformal,unseen_heading,0.7799149016983908
lstm_quantile_conformal,quantile,480,roll_rate,10,1.0,542880,9,0.1,0.05731284998526378,0.10803716489295069,10.713026299979319,0.5654626625233183,0.28273133126165934,0.0,0.05632736516357206,0.0583003149867374,2,False,1247528,,,,,conformal,unseen_heading,2.7332887334068814
lstm_quantile_conformal,quantile,480,roll_rate,20,2.0,542880,9,0.1,0.05138888888888889,0.11637599174188597,13.228401077019544,0.6933633936839609,0.34668169684198064,0.0,0.050567160330091364,0.052192151119952845,2,False,1247528,,,,,conformal,unseen_heading,2.733256744126837
lstm_quantile_conformal,quantile,480,roll_rate,30,3.0,542880,9,0.1,0.05214780430297672,0.1373226435145822,15.707712648183264,0.8227745235217959,0.4113872617608979,0.0,0.05135200228411436,0.0528736092690834,2,False,1247528,,,,,conformal,unseen_heading,2.733638938173776
lstm_quantile_conformal,quantile,480,roll_rate,50,5.0,542880,9,0.1,0.13660109048040084,0.32083072804270074,16.451786479873586,0.906366967002368,0.4531834835011839,0.0,0.1328044871794872,0.14067395188623635,2,False,1247528,,,,,conformal,unseen_heading,2.7350087097464617
lstm_quantile_conformal,quantile,480,roll_rate,100,10.0,542880,9,0.1,0.3782530209254347,1.0575972615955056,18.875701095534307,1.1641217064893477,0.5820608532446737,0.0,0.3670211648983201,0.3909695973327439,2,False,1247528,,,,,conformal,unseen_heading,2.736128999843485
lstm_quantile_conformal,quantile,480,roll_rate,150,15.0,542880,9,0.1,0.47232353374594754,1.7114537980162126,24.150904924848493,1.526484439352837,0.7632422196764186,0.0,0.4570086391099322,0.4886265380931329,2,False,1247528,,,,,conformal,unseen_heading,2.7370865408303726
lstm_quantile_conformal,quantile,480,pitch_rate,10,1.0,542880,9,0.1,0.07584180666077218,0.07119012160034449,5.634604725436355,0.3010586457506928,0.15052932287534632,0.0,0.07344519046566461,0.07851297708517536,2,False,1247528,,,,,conformal,unseen_heading,0.0657651229329025
lstm_quantile_conformal,quantile,480,pitch_rate,20,2.0,542880,9,0.1,0.10291224580017684,0.12423201856043399,7.477845783400657,0.4070671683409136,0.20353358417045664,0.0,0.1001867355585028,0.10565479479811377,2,False,1247528,,,,,conformal,unseen_heading,0.0657610588014722
lstm_quantile_conformal,quantile,480,pitch_rate,30,3.0,542880,9,0.1,0.1386549513704686,0.16013747566982786,7.4278437063924425,0.4123865206977774,0.20619326034888852,0.0,0.1349376013115237,0.14252763041556146,2,False,1247528,,,,,conformal,unseen_heading,0.0657544115007394
lstm_quantile_conformal,quantile,480,pitch_rate,50,5.0,542880,9,0.1,0.252973032714412,0.6062266191688778,12.24886226821579,0.7502660985019146,0.37513304925095753,0.0,0.2454822889036251,0.2614045000736811,2,False,1247528,,,,,conformal,unseen_heading,0.0657418823373477
lstm_quantile_conformal,quantile,480,pitch_rate,100,10.0,542880,9,0.1,0.5843040819333922,2.0501554182474346,11.639973206361699,0.8734464380549293,0.4367232190274649,0.0,0.5695499465811965,0.5995807544945475,2,False,1247528,,,,,conformal,unseen_heading,0.065725077235494
lstm_quantile_conformal,quantile,480,pitch_rate,150,15.0,542880,9,0.1,0.7231487621573829,2.8888222172293667,9.296286445242611,0.7298088877905956,0.36490444389529786,0.0,0.7153941939286766,0.7316038074712644,2,False,1247528,,,,,conformal,unseen_heading,0.0657301350648849
lstm_quantile_conformal,quantile,480,heave_rate,10,1.0,542880,9,0.1,0.05573607427055703,0.0243208232852691,2.6273217522700616,0.13792927426602392,0.06896463713301199,0.0,0.05432130489242558,0.057206242631889184,2,False,1247528,,,,,conformal,unseen_heading,0.449017891316346
lstm_quantile_conformal,quantile,480,heave_rate,20,2.0,542880,9,0.1,0.04894451812555261,0.02719285729500713,3.4429733196537273,0.1795281531475922,0.0897640765737961,0.0,0.04791666666666667,0.04998899388446802,2,False,1247528,,,,,conformal,unseen_heading,0.4490640117514402
lstm_quantile_conformal,quantile,480,heave_rate,30,3.0,542880,9,0.1,0.09708038608900678,0.05312624884860449,3.3588496997506496,0.18214298070608403,0.09107149035304203,0.0,0.09458218206601827,0.09976099690539346,2,False,1247528,,,,,conformal,unseen_heading,0.4491073198442661
lstm_quantile_conformal,quantile,480,heave_rate,50,5.0,542880,9,0.1,0.1424218980253463,0.13588531960981431,5.513397219545219,0.3104406631641222,0.15522033158206106,0.0,0.1387174882110227,0.14624599358974358,2,False,1247528,,,,,conformal,unseen_heading,0.4491329486705899
lstm_quantile_conformal,quantile,480,heave_rate,100,10.0,542880,9,0.1,0.44389552018862366,0.6564830255295427,6.834003057767244,0.4677352181099378,0.23386760905496887,0.0,0.42926949786324786,0.459424918950781,2,False,1247528,,,,,conformal,unseen_heading,0.4491261128521456
lstm_quantile_conformal,quantile,480,heave_rate,150,15.0,542880,9,0.1,0.6189655172413793,1.184021232607882,5.703725217069125,0.4554610711393881,0.22773053556969405,0.0,0.6074265491452991,0.6310426337312114,2,False,1247528,,,,,conformal,unseen_heading,0.4491083042103025
lstm_gaussian_conformal,gaussian,480,roll,10,1.0,542880,9,0.1,0.056340259357500734,0.22629113325876088,14.481315002352762,0.778669140139718,0.389334570069859,0.0,0.0539272030651341,0.05877486737400531,0,False,434828,,,,,conformal,unseen_heading,5.0567053318459285
lstm_gaussian_conformal,gaussian,480,roll,20,2.0,542880,9,0.1,0.05897988505747127,0.2880687930556682,18.095677345519633,0.9725747217887502,0.4862873608943752,0.0,0.0561319260241674,0.06179657567049809,0,False,434828,,,,,conformal,unseen_heading,5.058101722258217
lstm_gaussian_conformal,gaussian,480,roll,30,3.0,542880,9,0.1,0.07374926318891836,0.4075018184977738,21.637391215190306,1.1813276553134533,0.5906638276567264,0.0,0.0713146551724138,0.07615320144414972,0,False,434828,,,,,conformal,unseen_heading,5.058718148754806
lstm_gaussian_conformal,gaussian,480,roll,50,5.0,542880,9,0.1,0.10140178308281757,0.4992251347037349,26.904547403164578,1.4760719052531268,0.7380359526265627,0.0,0.0999903754052461,0.10272108937518419,0,False,434828,,,,,conformal,unseen_heading,5.058662539241705
lstm_gaussian_conformal,gaussian,480,roll,100,10.0,542880,9,0.1,0.3447189065723548,1.9288764563180782,28.120742860786017,1.8309244207132869,0.9154622103566431,0.0,0.34077917771883287,0.3488986976864132,0,False,434828,,,,,conformal,unseen_heading,5.062292920246066
lstm_gaussian_conformal,gaussian,480,roll,150,15.0,542880,9,0.1,0.47182802829354553,3.71058569098156,31.48345253264667,2.3143577670054705,1.157178883502735,0.0,0.46547142094017097,0.4782772435897436,0,False,434828,,,,,conformal,unseen_heading,5.065170959625261
lstm_gaussian_conformal,gaussian,480,pitch,10,1.0,542880,9,0.1,0.040047524314765694,0.0934912051772943,8.877435691786367,0.4675890084579239,0.23379450422896186,0.0,0.03880949749484232,0.04127251878868258,0,False,434828,,,,,conformal,unseen_heading,0.0933180002382203
lstm_gaussian_conformal,gaussian,480,pitch,20,2.0,542880,9,0.1,0.049791850869437076,0.147529007094164,13.798714141250818,0.7294002705423348,0.36470013527116757,0.0,0.04896072796934866,0.05065028183023872,0,False,434828,,,,,conformal,unseen_heading,0.0933131178480162
lstm_gaussian_conformal,gaussian,480,pitch,30,3.0,542880,9,0.1,0.08379568228706159,0.2948492236361163,16.862187735243328,0.9219656983789255,0.460982849189463,0.0,0.08268645925434719,0.0849580478190392,0,False,434828,,,,,conformal,unseen_heading,0.0933093260053012
lstm_gaussian_conformal,gaussian,480,pitch,50,5.0,542880,9,0.1,0.2558521220159151,0.7471635546258476,13.611932690097385,0.8544014735139894,0.4272007367569948,0.0,0.24987557102858826,0.2618700265251989,0,False,434828,,,,,conformal,unseen_heading,0.0932992276360064
lstm_gaussian_conformal,gaussian,480,pitch,100,10.0,542880,9,0.1,0.5823865310934276,2.46966477315716,11.336057136152013,0.9590342365117271,0.47951711825586363,0.0,0.5712709070144415,0.5929732169171825,0,False,434828,,,,,conformal,unseen_heading,0.0932719667301497
lstm_gaussian_conformal,gaussian,480,pitch,150,15.0,542880,9,0.1,0.7508307544945476,3.668911286324377,10.682990043076495,0.9036931238735705,0.45184656193678524,0.0,0.7364217690834071,0.7646603761420572,0,False,434828,,,,,conformal,unseen_heading,0.0932877611037256
lstm_gaussian_conformal,gaussian,480,heave,10,1.0,542880,9,0.1,0.08199970527556734,0.06060780381981219,2.7093538513761395,0.149648068195051,0.07482403409752554,0.0,0.0788660016946655,0.08517094017094017,0,False,434828,,,,,conformal,unseen_heading,0.7794698459399999
lstm_gaussian_conformal,gaussian,480,heave,20,2.0,542880,9,0.1,0.0477877247273799,0.06131386178424592,5.082463955214855,0.26974066454259016,0.1348703322712951,0.0,0.046207172855879754,0.04939443339227822,0,False,434828,,,,,conformal,unseen_heading,0.7795381170816457
lstm_gaussian_conformal,gaussian,480,heave,30,3.0,542880,9,0.1,0.06596669613910994,0.1027760134173038,6.873491459235069,0.3705165302200949,0.1852582651100475,0.0,0.06469523651635721,0.06724368184497495,0,False,434828,,,,,conformal,unseen_heading,0.7795925331975873
lstm_gaussian_conformal,gaussian,480,heave,50,5.0,542880,9,0.1,0.3753076186265841,0.3387681822246188,4.434950392162157,0.2944127291475651,0.14720636457378258,0.0,0.3657463435750074,0.3847445107574418,0,False,434828,,,,,conformal,unseen_heading,0.7797418971482062
lstm_gaussian_conformal,gaussian,480,heave,100,10.0,542880,9,0.1,0.6363542587680519,1.2460773864452066,5.780585756673501,0.459989272985409,0.2299946364927045,0.0,0.6238407198644268,0.648858311229001,0,False,434828,,,,,conformal,unseen_heading,0.7798418820620302
lstm_gaussian_conformal,gaussian,480,heave,150,15.0,542880,9,0.1,0.7414124668435014,2.2354788958899667,6.839042137205716,0.5887751923474656,0.294387596173733,0.0,0.7305759560123785,0.7525168545534925,0,False,434828,,,,,conformal,unseen_heading,0.7799149016983908
lstm_gaussian_conformal,gaussian,480,roll_rate,10,1.0,542880,9,0.1,0.06874263188918361,0.21325944172417777,9.345706546690316,0.5149081391278924,0.25745406956394595,0.0,0.06553837864721486,0.0718731119216033,0,False,434828,,,,,conformal,unseen_heading,2.7332887334068814
lstm_gaussian_conformal,gaussian,480,roll_rate,20,2.0,542880,9,0.1,0.06405282935455349,0.22390558769396862,12.857147831023548,0.6980864390069,0.34904321950345013,0.0,0.061813890730916594,0.06618792366637194,0,False,434828,,,,,conformal,unseen_heading,2.733256744126837
lstm_gaussian_conformal,gaussian,480,roll_rate,30,3.0,542880,9,0.1,0.061068744473916886,0.22247802331876956,14.891391957536941,0.8009522544775535,0.40047612723877657,0.0,0.05914364132036545,0.06280444112879457,0,False,434828,,,,,conformal,unseen_heading,2.733638938173776
lstm_gaussian_conformal,gaussian,480,roll_rate,50,5.0,542880,9,0.1,0.20336170055997643,0.47968772420751743,12.396300527976964,0.7326450543677795,0.36632252718388986,0.0,0.20028726422045387,0.2062116858237548,0,False,434828,,,,,conformal,unseen_heading,2.7350087097464617
lstm_gaussian_conformal,gaussian,480,roll_rate,100,10.0,542880,9,0.1,0.4526009431181845,1.3257386862261482,13.35356814625633,0.9181069951567427,0.45905349757837144,0.0,0.4459332633362806,0.45953926282051283,0,False,434828,,,,,conformal,unseen_heading,2.736128999843485
lstm_gaussian_conformal,gaussian,480,roll_rate,150,15.0,542880,9,0.1,0.5503739316239317,2.373112451377644,15.666928883904621,1.1988281234012506,0.599414061700625,0.0,0.5430742521367521,0.5577494566018273,0,False,434828,,,,,conformal,unseen_heading,2.7370865408303726
lstm_gaussian_conformal,gaussian,480,pitch_rate,10,1.0,542880,9,0.1,0.04787614205717654,0.0938783910303849,7.992178874125219,0.42328238067665963,0.21164119033832982,0.0,0.04655536214264663,0.04924311081638668,0,False,434828,,,,,conformal,unseen_heading,0.0657651229329025
lstm_gaussian_conformal,gaussian,480,pitch_rate,20,2.0,542880,9,0.1,0.08253389330975539,0.1779892380363945,9.211663305811348,0.5079097846642795,0.2539548923321398,0.0,0.08131074086354258,0.08363920203359858,0,False,434828,,,,,conformal,unseen_heading,0.0657610588014722
lstm_gaussian_conformal,gaussian,480,pitch_rate,30,3.0,542880,9,0.1,0.12180039787798408,0.23351020134356143,9.736762567281955,0.5477163229760627,0.27385816148803144,0.0,0.12019405761862659,0.12336842396109637,0,False,434828,,,,,conformal,unseen_heading,0.0657544115007394
lstm_gaussian_conformal,gaussian,480,pitch_rate,50,5.0,542880,9,0.1,0.2226329944002358,0.7322995245230387,11.796706698535042,0.7634912838254192,0.38174564191270977,0.0,0.2187057452844091,0.22628416961391098,0,False,434828,,,,,conformal,unseen_heading,0.0657418823373477
lstm_gaussian_conformal,gaussian,480,pitch_rate,100,10.0,542880,9,0.1,0.6209254347185381,2.4902764537514064,7.776940631379465,0.7399566517769672,0.36997832588848373,0.0,0.6082647178013558,0.6341059258031241,0,False,434828,,,,,conformal,unseen_heading,0.065725077235494
lstm_gaussian_conformal,gaussian,480,pitch_rate,150,15.0,542880,9,0.1,0.815758547008547,3.8518094839678074,6.294619301906747,0.612134424832588,0.3060672124162938,0.0,0.8012177184644858,0.8298060805334512,0,False,434828,,,,,conformal,unseen_heading,0.0657301350648849
lstm_gaussian_conformal,gaussian,480,heave_rate,10,1.0,542880,9,0.1,0.041878499852637786,0.036292552969130545,3.2314576704011033,0.17059936241823456,0.08529968120911731,0.0,0.040559331712348955,0.043166445623342174,0,False,434828,,,,,conformal,unseen_heading,0.449017891316346
lstm_gaussian_conformal,gaussian,480,heave_rate,20,2.0,542880,9,0.1,0.046966180371352785,0.04338264118530883,3.9284724401752675,0.2076275507098336,0.10381377535491679,0.0,0.04581297892720306,0.048128545903330384,0,False,434828,,,,,conformal,unseen_heading,0.4490640117514402
lstm_gaussian_conformal,gaussian,480,heave_rate,30,3.0,542880,9,0.1,0.12059755378720896,0.07708461328179225,3.3943884818085763,0.1898047119640752,0.09490235598203758,0.0,0.11910578765104628,0.12210437849985264,0,False,434828,,,,,conformal,unseen_heading,0.4491073198442661
lstm_gaussian_conformal,gaussian,480,heave_rate,50,5.0,542880,9,0.1,0.19029619805481873,0.2154389813945865,4.647226250456821,0.28544374828581887,0.14272187414290946,0.0,0.18753301834659594,0.19290846964338343,0,False,434828,,,,,conformal,unseen_heading,0.4491329486705899
lstm_gaussian_conformal,gaussian,480,heave_rate,100,10.0,542880,9,0.1,0.5167642941349838,0.892212122038198,4.845458606911605,0.3865433376715899,0.19327166883579486,0.0,0.5087048703212496,0.5251358955938698,0,False,434828,,,,,conformal,unseen_heading,0.4491261128521456
lstm_gaussian_conformal,gaussian,480,heave_rate,150,15.0,542880,9,0.1,0.7613524167403478,1.7560522792165476,3.6712358304031834,0.35787975888668033,0.17893987944334003,0.0,0.7480083075449455,0.7738672450633657,0,False,434828,,,,,conformal,unseen_heading,0.4491083042103025
lstm_gaussian_conformal,gaussian,480,roll,10,1.0,542880,9,0.1,0.03766946654877689,0.18385652913256376,16.849554901961856,0.8882997103316291,0.44414985516581434,0.0,0.0355049458443855,0.03981386310050103,1,False,434828,,,,,conformal,unseen_heading,5.0567053318459285
lstm_gaussian_conformal,gaussian,480,roll,20,2.0,542880,9,0.1,0.038747052755673445,0.22785191475175917,20.682480904891335,1.0899027721410348,0.5449513860705173,0.0,0.036449399498968464,0.040943348437960506,1,False,434828,,,,,conformal,unseen_heading,5.058101722258217
lstm_gaussian_conformal,gaussian,480,roll,30,3.0,542880,9,0.1,0.07053124078986148,0.4313294904887948,21.494058658552593,1.1779483017227965,0.5889741508613984,0.0,0.06754139957264957,0.07342594127615679,1,False,434828,,,,,conformal,unseen_heading,5.058718148754806
lstm_gaussian_conformal,gaussian,480,roll,50,5.0,542880,9,0.1,0.14401893604479812,0.6643606967405523,21.957442274794026,1.263095525195207,0.6315477625976038,0.0,0.13972668913940467,0.14854318633952254,1,False,434828,,,,,conformal,unseen_heading,5.058662539241705
lstm_gaussian_conformal,gaussian,480,roll,100,10.0,542880,9,0.1,0.6065520925434719,2.53687976157149,12.578811393433165,1.093761799494196,0.5468808997470982,0.0,0.5938529232979664,0.6205554174034777,1,False,434828,,,,,conformal,unseen_heading,5.062292920246066
lstm_gaussian_conformal,gaussian,480,roll,150,15.0,542880,9,0.1,0.6946175950486295,3.7293838981908043,16.170270205434058,1.3997143846052669,0.6998571923026337,0.0,0.6784153956675508,0.7120368681844975,1,False,434828,,,,,conformal,unseen_heading,5.065170959625261
lstm_gaussian_conformal,gaussian,480,pitch,10,1.0,542880,9,0.1,0.04610411140583554,0.06660522646285597,7.440669728651999,0.38991193262678536,0.1949559663133926,0.0,0.04530830938697318,0.046855842911877395,1,False,434828,,,,,conformal,unseen_heading,0.0933180002382203
lstm_gaussian_conformal,gaussian,480,pitch,20,2.0,542880,9,0.1,0.0897730621868553,0.18196085003318463,11.107151862142784,0.6025854521720648,0.3012927260860324,0.0,0.08872467211906868,0.09081951812555261,1,False,434828,,,,,conformal,unseen_heading,0.0933131178480162
lstm_gaussian_conformal,gaussian,480,pitch,30,3.0,542880,9,0.1,0.1597830091364574,0.40530497322932596,13.671632520502126,0.7863956434443499,0.393197821722175,0.0,0.1567781553934571,0.16308571875921013,1,False,434828,,,,,conformal,unseen_heading,0.0933093260053012
lstm_gaussian_conformal,gaussian,480,pitch,50,5.0,542880,9,0.1,0.5436505305039788,1.0142149463765757,7.284646970377582,0.5537623187827281,0.27688115939136415,0.0,0.5307323441644562,0.5574965461980548,1,False,434828,,,,,conformal,unseen_heading,0.0932992276360064
lstm_gaussian_conformal,gaussian,480,pitch,100,10.0,542880,9,0.1,0.8429505599764221,3.300135221667048,6.485805702087598,0.6541027556445234,0.32705137782226174,0.0,0.834844440760389,0.851936615826702,1,False,434828,,,,,conformal,unseen_heading,0.0932719667301497
lstm_gaussian_conformal,gaussian,480,pitch,150,15.0,542880,9,0.1,0.8980308723843207,4.223138011461252,6.948111441768745,0.7500268390261737,0.375013419513087,0.0,0.8894458259652226,0.9075177755673445,1,False,434828,,,,,conformal,unseen_heading,0.0932877611037256
lstm_gaussian_conformal,gaussian,480,heave,10,1.0,542880,9,0.1,0.060097995873857946,0.0306879941036079,2.128982402997845,0.11417640933378483,0.05708820466689245,0.0,0.05789852269378131,0.062185519820218096,1,False,434828,,,,,conformal,unseen_heading,0.7794698459399999
lstm_gaussian_conformal,gaussian,480,heave,20,2.0,542880,9,0.1,0.043140288829944,0.04034917522174986,3.9948455742655598,0.21038307655385138,0.10519153827692579,0.0,0.04206081454465076,0.04419945475979959,1,False,434828,,,,,conformal,unseen_heading,0.7795381170816457
lstm_gaussian_conformal,gaussian,480,heave,30,3.0,542880,9,0.1,0.07360374300029472,0.08733496188366101,5.645770175708125,0.30521904758139184,0.1526095237906959,0.0,0.07247794171824344,0.07476988468906572,1,False,434828,,,,,conformal,unseen_heading,0.7795925331975873
lstm_gaussian_conformal,gaussian,480,heave,50,5.0,542880,9,0.1,0.5532898614795166,0.467814664267592,2.44429435966893,0.20780327367057513,0.10390163683528754,0.0,0.5467004678750368,0.5604590793545535,1,False,434828,,,,,conformal,unseen_heading,0.7797418971482062
lstm_gaussian_conformal,gaussian,480,heave,100,10.0,542880,9,0.1,0.877228853521957,1.4635731643250411,3.0882948833251795,0.28787555769075673,0.14393777884537826,0.0,0.8687369676539936,0.8860910330091364,1,False,434828,,,,,conformal,unseen_heading,0.7798418820620302
lstm_gaussian_conformal,gaussian,480,heave,150,15.0,542880,9,0.1,0.9110392720306514,2.4980910987050917,4.4358595740936755,0.4130525823700126,0.20652629118500615,0.0,0.9044364316239316,0.9179931108163867,1,False,434828,,,,,conformal,unseen_heading,0.7799149016983908
lstm_gaussian_conformal,gaussian,480,roll_rate,10,1.0,542880,9,0.1,0.038907309165929854,0.1399175184543233,10.846790100904547,0.5751169210902096,0.28755846054510453,0.0,0.03633302939876216,0.04132124042145594,1,False,434828,,,,,conformal,unseen_heading,2.7332887334068814
lstm_gaussian_conformal,gaussian,480,roll_rate,20,2.0,542880,9,0.1,0.06588380489242558,0.22418892203807378,12.216569291605907,0.6647324255004566,0.3323662127502285,0.0,0.06288120763336282,0.06860636788977306,1,False,434828,,,,,conformal,unseen_heading,2.733256744126837
lstm_gaussian_conformal,gaussian,480,roll_rate,30,3.0,542880,9,0.1,0.09214006778661951,0.30204908570036726,13.221414140184354,0.7358165240257541,0.3679082620128768,0.0,0.08939447944297083,0.09467677018862364,1,False,434828,,,,,conformal,unseen_heading,2.733638938173776
lstm_gaussian_conformal,gaussian,480,roll_rate,50,5.0,542880,9,0.1,0.38789972001178896,0.9518705397176349,8.34993662641667,0.6115029467958427,0.3057514733979211,0.0,0.38087178566165636,0.3951048574270557,1,False,434828,,,,,conformal,unseen_heading,2.7350087097464617
lstm_gaussian_conformal,gaussian,480,roll_rate,100,10.0,542880,9,0.1,0.745254936634247,1.9127687688106378,6.63874765069174,0.6041802914737313,0.3020901457368658,0.0,0.7322284851164163,0.7592037835249043,1,False,434828,,,,,conformal,unseen_heading,2.736128999843485
lstm_gaussian_conformal,gaussian,480,roll_rate,150,15.0,542880,9,0.1,0.747122752726201,2.5598505907100026,9.818718605744689,0.855422237375933,0.4277111186879667,0.0,0.731477720674919,0.7637946691718244,1,False,434828,,,,,conformal,unseen_heading,2.7370865408303726
lstm_gaussian_conformal,gaussian,480,pitch_rate,10,1.0,542880,9,0.1,0.06240789861479517,0.0929341889516168,6.996112910907675,0.37449159955915323,0.1872457997795766,0.0,0.061497752726201,0.06326089559386973,1,False,434828,,,,,conformal,unseen_heading,0.0657651229329025
lstm_gaussian_conformal,gaussian,480,pitch_rate,20,2.0,542880,9,0.1,0.13143420277040968,0.2348680927277445,8.248211472124378,0.47345554922792854,0.23672777461396433,0.0,0.12999470417035072,0.13289686486884764,1,False,434828,,,,,conformal,unseen_heading,0.0657610588014722
lstm_gaussian_conformal,gaussian,480,pitch_rate,30,3.0,542880,9,0.1,0.1971761715296198,0.281260260297989,7.195402128056429,0.4299323010916461,0.2149661505458231,0.0,0.19303506299734746,0.20168398172708518,1,False,434828,,,,,conformal,unseen_heading,0.0657544115007394
lstm_gaussian_conformal,gaussian,480,pitch_rate,50,5.0,542880,9,0.1,0.5301189949896846,1.302550451987427,7.446739967075421,0.6026111908000358,0.30130559540001817,0.0,0.5217410385352196,0.5386605695549661,1,False,434828,,,,,conformal,unseen_heading,0.0657418823373477
lstm_gaussian_conformal,gaussian,480,pitch_rate,100,10.0,542880,9,0.1,0.8446415414087828,3.158060265710528,5.749281750450657,0.6056517240640095,0.30282586203200457,0.0,0.8308407014441497,0.8594422340111996,1,False,434828,,,,,conformal,unseen_heading,0.065725077235494
lstm_gaussian_conformal,gaussian,480,pitch_rate,150,15.0,542880,9,0.1,0.9323828470380194,3.7567319600465194,5.119618483264717,0.4881231833000033,0.24406159165000144,0.0,0.9274324436339523,0.9376956693928676,1,False,434828,,,,,conformal,unseen_heading,0.0657301350648849
lstm_gaussian_conformal,gaussian,480,heave_rate,10,1.0,542880,9,0.1,0.046535145888594164,0.02529237535162099,2.550288537443011,0.1341623186785923,0.06708115933929618,0.0,0.045291454833480696,0.047778744842322425,1,False,434828,,,,,conformal,unseen_heading,0.449017891316346
lstm_gaussian_conformal,gaussian,480,heave_rate,20,2.0,542880,9,0.1,0.06093980253463012,0.03912926072670709,3.1321101306357018,0.16685978750771394,0.08342989375385698,0.0,0.05962777225169466,0.06227909482758621,1,False,434828,,,,,conformal,unseen_heading,0.4490640117514402
lstm_gaussian_conformal,gaussian,480,heave_rate,30,3.0,542880,9,0.1,0.23753499852637783,0.11255227659602834,2.1304103748135828,0.13314701201321483,0.0665735060066074,0.0,0.23393793287651046,0.2413585875331565,1,False,434828,,,,,conformal,unseen_heading,0.4491073198442661
lstm_gaussian_conformal,gaussian,480,heave_rate,50,5.0,542880,9,0.1,0.33514036251105217,0.2574226319954751,3.154806688022703,0.21608470356665965,0.10804235178332977,0.0,0.32872817197170645,0.3416517922929561,1,False,434828,,,,,conformal,unseen_heading,0.4491329486705899
lstm_gaussian_conformal,gaussian,480,heave_rate,100,10.0,542880,9,0.1,0.8147012231063955,1.1535734455769453,2.644661549165077,0.2742941640770015,0.13714708203850073,0.0,0.8006850961538462,0.8296390546713822,1,False,434828,,,,,conformal,unseen_heading,0.4491261128521456
lstm_gaussian_conformal,gaussian,480,heave_rate,150,15.0,542880,9,0.1,0.8877228853521957,1.7367233070414327,2.8976496044372277,0.30512891862684655,0.15256445931342322,0.0,0.8780701996758031,0.8981782346006485,1,False,434828,,,,,conformal,unseen_heading,0.4491083042103025
lstm_gaussian_conformal,gaussian,480,roll,10,1.0,542880,9,0.1,0.036249263188918364,0.22123452101711905,20.706069247206624,1.0914369865824771,0.5457184932912389,0.0,0.03486760425876805,0.037673150604185086,2,False,434828,,,,,conformal,unseen_heading,5.0567053318459285
lstm_gaussian_conformal,gaussian,480,roll,20,2.0,542880,9,0.1,0.03798445328617742,0.2390460048417638,25.471416338700894,1.33510042768475,0.6675502138423752,0.0,0.036692915561450046,0.03929233900677866,2,False,434828,,,,,conformal,unseen_heading,5.058101722258217
lstm_gaussian_conformal,gaussian,480,roll,30,3.0,542880,9,0.1,0.04720195991747716,0.3136406715980425,29.098399133974713,1.5352308296686892,0.7676154148343445,0.0,0.045539714117300324,0.04891721006483937,2,False,434828,,,,,conformal,unseen_heading,5.058718148754806
lstm_gaussian_conformal,gaussian,480,roll,50,5.0,542880,9,0.1,0.06811450044208665,0.4648352153446793,34.64505457185474,1.8527520577207335,0.9263760288603669,0.0,0.0667606100795756,0.06940281461833185,2,False,434828,,,,,conformal,unseen_heading,5.058662539241705
lstm_gaussian_conformal,gaussian,480,roll,100,10.0,542880,9,0.1,0.13414382552313586,1.0742498057475578,50.28680496697913,2.777991692009925,1.3889958460049618,0.0,0.1305011236368995,0.13756308944886533,2,False,434828,,,,,conformal,unseen_heading,5.062292920246066
lstm_gaussian_conformal,gaussian,480,roll,150,15.0,542880,9,0.1,0.19188955201886237,2.3643724908135617,70.75759272551858,4.094296040125124,2.0471480200625605,0.0,0.1864253149867374,0.1969630489242558,2,False,434828,,,,,conformal,unseen_heading,5.065170959625261
lstm_gaussian_conformal,gaussian,480,pitch,10,1.0,542880,9,0.1,0.03583480695549661,0.10612154602858868,10.427051988398143,0.5466873268533303,0.27334366342666555,0.0,0.03464444260241674,0.03696396993810787,2,False,434828,,,,,conformal,unseen_heading,0.0933180002382203
lstm_gaussian_conformal,gaussian,480,pitch,20,2.0,542880,9,0.1,0.04513888888888889,0.17635579136019053,14.348992543925549,0.7617219298281617,0.3808609649140808,0.0,0.04370385720601238,0.046536389257294426,2,False,434828,,,,,conformal,unseen_heading,0.0933131178480162
lstm_gaussian_conformal,gaussian,480,pitch,30,3.0,542880,9,0.1,0.059245137046861185,0.260981927892696,17.329879454404725,0.9342083431741682,0.46710417158708417,0.0,0.05743437776304156,0.06095292698202181,2,False,434828,,,,,conformal,unseen_heading,0.0933093260053012
lstm_gaussian_conformal,gaussian,480,pitch,50,5.0,542880,9,0.1,0.14177903035661657,0.4549332285197635,16.68365923837573,0.9424007312128477,0.471200365606424,0.0,0.1397084530651341,0.14389192823460065,2,False,434828,,,,,conformal,unseen_heading,0.0932992276360064
lstm_gaussian_conformal,gaussian,480,pitch,100,10.0,542880,9,0.1,0.2427995137046861,1.4558422569886817,20.874348367689212,1.2929043481738973,0.6464521740869488,0.0,0.23228167366637195,0.2529788351016799,2,False,434828,,,,,conformal,unseen_heading,0.0932719667301497
lstm_gaussian_conformal,gaussian,480,pitch,150,15.0,542880,9,0.1,0.3234711170055998,2.1022847238680185,27.00050848806951,1.6686431077482604,0.8343215538741307,0.0,0.3118580072944297,0.3346014312555261,2,False,434828,,,,,conformal,unseen_heading,0.0932877611037256
lstm_gaussian_conformal,gaussian,480,heave,10,1.0,542880,9,0.1,0.04514441497200118,0.05082656808347783,4.240422462269743,0.22406698229845828,0.11203349114922911,0.0,0.04322262746831712,0.04715590922487474,2,False,434828,,,,,conformal,unseen_heading,0.7794698459399999
lstm_gaussian_conformal,gaussian,480,heave,20,2.0,542880,9,0.1,0.03670977011494253,0.06303903065212538,5.851545808694182,0.3082144631772655,0.15410723158863265,0.0,0.03548472959033304,0.0379439286766873,2,False,434828,,,,,conformal,unseen_heading,0.7795381170816457
lstm_gaussian_conformal,gaussian,480,heave,30,3.0,542880,9,0.1,0.06329575596816976,0.0994537601885894,7.179979652444735,0.38455701032370526,0.1922785051618526,0.0,0.061608090185676395,0.06500902593575007,2,False,434828,,,,,conformal,unseen_heading,0.7795925331975873
lstm_gaussian_conformal,gaussian,480,heave,50,5.0,542880,9,0.1,0.20312039493073974,0.27958597854422573,8.48325511941274,0.48220413981616894,0.24110206990808447,0.0,0.1960995063365753,0.20971324233716476,2,False,434828,,,,,conformal,unseen_heading,0.7797418971482062
lstm_gaussian_conformal,gaussian,480,heave,100,10.0,542880,9,0.1,0.34250294724432656,0.9998439446691186,12.683017235271782,0.7765942306528258,0.3882971153264133,0.0,0.3325702733569113,0.35222834696433836,2,False,434828,,,,,conformal,unseen_heading,0.7798418820620302
lstm_gaussian_conformal,gaussian,480,heave,150,15.0,542880,9,0.1,0.3073054818744474,1.446804101749789,20.04179922001865,1.2385907436338777,0.6192953718169389,0.0,0.29567183355437665,0.31773135867963453,2,False,434828,,,,,conformal,unseen_heading,0.7799149016983908
lstm_gaussian_conformal,gaussian,480,roll_rate,10,1.0,542880,9,0.1,0.044252873563218394,0.16745098276903045,13.152290969272947,0.6951789980576945,0.347589499028847,0.0,0.042110088785735335,0.046417578470380194,2,False,434828,,,,,conformal,unseen_heading,2.7332887334068814
lstm_gaussian_conformal,gaussian,480,roll_rate,20,2.0,542880,9,0.1,0.04545571765399352,0.19148455494124414,16.136296411202462,0.8541658572795697,0.42708292863978503,0.0,0.04327973032714412,0.047674025567344534,2,False,434828,,,,,conformal,unseen_heading,2.733256744126837
lstm_gaussian_conformal,gaussian,480,roll_rate,30,3.0,542880,9,0.1,0.05033524904214559,0.22784377085751795,18.71665544306749,0.9942380760465052,0.49711903802325275,0.0,0.04829386788977306,0.052354249557913346,2,False,434828,,,,,conformal,unseen_heading,2.733638938173776
lstm_gaussian_conformal,gaussian,480,roll_rate,50,5.0,542880,9,0.1,0.11677903035661656,0.37728050966646587,19.335694600239993,1.0583111257794406,0.5291555628897202,0.0,0.11455878831417625,0.11883869363395225,2,False,434828,,,,,conformal,unseen_heading,2.7350087097464617
lstm_gaussian_conformal,gaussian,480,roll_rate,100,10.0,542880,9,0.1,0.21168029767167698,0.8947371166878247,26.39056900985826,1.505744294959375,0.7528721474796874,0.0,0.20716977048334806,0.2158806734453286,2,False,434828,,,,,conformal,unseen_heading,2.736128999843485
lstm_gaussian_conformal,gaussian,480,roll_rate,150,15.0,542880,9,0.1,0.2063034188034188,1.4634435820732106,38.040426019882354,2.224027678226967,1.1120138391134833,0.0,0.20128518272914825,0.21074252136752136,2,False,434828,,,,,conformal,unseen_heading,2.7370865408303726
lstm_gaussian_conformal,gaussian,480,pitch_rate,10,1.0,542880,9,0.1,0.04482574417919245,0.12326596034476496,8.216429660941552,0.4389001940206511,0.2194500970103255,0.0,0.04297151304155615,0.046605833701738875,2,False,434828,,,,,conformal,unseen_heading,0.0657651229329025
lstm_gaussian_conformal,gaussian,480,pitch_rate,20,2.0,542880,9,0.1,0.0657567049808429,0.1670021286574087,9.371633527665054,0.5105990154176762,0.25529950770883797,0.0,0.06349216217211906,0.06795622421161214,2,False,434828,,,,,conformal,unseen_heading,0.0657610588014722
lstm_gaussian_conformal,gaussian,480,pitch_rate,30,3.0,542880,9,0.1,0.10291408782788093,0.22369109110755062,9.675119754661214,0.5375424952101877,0.2687712476050939,0.0,0.100705266357206,0.10501989389920424,2,False,434828,,,,,conformal,unseen_heading,0.0657544115007394
lstm_gaussian_conformal,gaussian,480,pitch_rate,50,5.0,542880,9,0.1,0.14847111700559976,0.5502468323406149,10.39712642423329,0.6339506451088469,0.3169753225544235,0.0,0.14190216990863544,0.1546664087827881,2,False,434828,,,,,conformal,unseen_heading,0.0657418823373477
lstm_gaussian_conformal,gaussian,480,pitch_rate,100,10.0,542880,9,0.1,0.2836980548187445,1.12614696902242,10.020261936378736,0.6824650454865213,0.3412325227432608,0.0,0.27608467801355735,0.29084539861479514,2,False,434828,,,,,conformal,unseen_heading,0.065725077235494
lstm_gaussian_conformal,gaussian,480,pitch_rate,150,15.0,542880,9,0.1,0.38795313881520777,1.667341190340393,12.375950140934217,0.808156392902519,0.40407819645125914,0.0,0.3741187739463602,0.400948966622458,2,False,434828,,,,,conformal,unseen_heading,0.0657301350648849
lstm_gaussian_conformal,gaussian,480,heave_rate,10,1.0,542880,9,0.1,0.030778440907751253,0.040794204132111815,4.113717971866403,0.2150134454589023,0.10750672272945114,0.0,0.02905352011494253,0.03244773246389626,2,False,434828,,,,,conformal,unseen_heading,0.449017891316346
lstm_gaussian_conformal,gaussian,480,heave_rate,20,2.0,542880,9,0.1,0.0450799440023578,0.052138375966419855,4.519250919741283,0.23850973339518816,0.11925486669759407,0.0,0.043350279988211025,0.04687615126731506,2,False,434828,,,,,conformal,unseen_heading,0.4490640117514402
lstm_gaussian_conformal,gaussian,480,heave_rate,30,3.0,542880,9,0.1,0.10508399646330681,0.08012959870936001,4.591638519725628,0.24893352949365521,0.12446676474682758,0.0,0.10198008768051872,0.10805164124668434,2,False,434828,,,,,conformal,unseen_heading,0.4491073198442661
lstm_gaussian_conformal,gaussian,480,heave_rate,50,5.0,542880,9,0.1,0.15008473327438845,0.1888374760509375,5.820231309493989,0.3325544090264523,0.16627720451322625,0.0,0.14537070807544947,0.1545029288240495,2,False,434828,,,,,conformal,unseen_heading,0.4491329486705899
lstm_gaussian_conformal,gaussian,480,heave_rate,100,10.0,542880,9,0.1,0.21926760978485116,0.4085457857197802,8.339949692150922,0.4895066873999794,0.2447533436999897,0.0,0.21184036987916297,0.22599893162393161,2,False,434828,,,,,conformal,unseen_heading,0.4491261128521456
lstm_gaussian_conformal,gaussian,480,heave_rate,150,15.0,542880,9,0.1,0.38188734158561743,0.9017505622841401,7.218276748768294,0.485894656601026,0.24294732830051294,0.0,0.3730340959328028,0.3908399646330681,2,False,434828,,,,,conformal,unseen_heading,0.4491083042103025
dlinear_quantile_conformal,quantile,384,roll,10,1.0,434304,9,0.1,0.9068256336575302,0.08030179495575701,0.17565030929736378,0.011740702144438394,0.005870351072219198,0.0,0.8871462731174478,0.9264624548703213,0,False,543600,,,,,conformal,unseen_vessel,2.1637411794341554
dlinear_quantile_conformal,quantile,384,roll,20,2.0,434304,9,0.1,0.8995219938107869,0.5634043014591152,1.358593286737986,0.0903121566417634,0.04515607832088172,0.0,0.8786666712717359,0.920292698202181,0,False,543600,,,,,conformal,unseen_vessel,2.16324713835809
dlinear_quantile_conformal,quantile,384,roll,30,3.0,434304,9,0.1,0.899178916150899,1.6982603686290996,4.10906427672407,0.2848127798087351,0.14240638990436752,0.0,0.8781973571507516,0.9199353448275862,0,False,543600,,,,,conformal,unseen_vessel,2.162494943561516
dlinear_quantile_conformal,quantile,384,roll,50,5.0,434304,9,0.1,0.9080851201002063,2.225424165397094,4.914170688954562,0.37187829220116353,0.18593914610058182,0.0,0.8885528915229884,0.9272990232648098,0,False,543600,,,,,conformal,unseen_vessel,2.162524144828776
dlinear_quantile_conformal,quantile,384,roll,100,10.0,434304,9,0.1,0.9282783488063661,5.163787735877626,8.517361556380331,0.64309566795157,0.32154783397578507,0.0,0.9124845730179783,0.943982613561008,0,False,543600,,,,,conformal,unseen_vessel,2.163218272680421
dlinear_quantile_conformal,quantile,384,roll,150,15.0,434304,9,0.1,0.9312094753905099,7.789142174998925,12.15985453982408,0.9188793438076951,0.4594396719038475,0.0,0.9155351435860595,0.9461117673334807,0,False,543600,,,,,conformal,unseen_vessel,2.164599840366654
dlinear_quantile_conformal,quantile,384,pitch,10,1.0,434304,9,0.1,0.9698598216917182,0.08985588136069124,0.09922185685419094,0.006852209120454959,0.0034261045602274796,0.0,0.9625377040045683,0.9768043812628942,0,False,543600,,,,,conformal,unseen_vessel,1.054918979036852
dlinear_quantile_conformal,quantile,384,pitch,20,2.0,434304,9,0.1,0.9626275604185087,0.6178559898481623,0.7061959984166235,0.04820671865177667,0.024103359325888318,0.0,0.9545644870873858,0.9708752970269673,0,False,543600,,,,,conformal,unseen_vessel,1.0551327883415698
dlinear_quantile_conformal,quantile,384,pitch,30,3.0,434304,9,0.1,0.954230216622458,1.3912772337485486,1.6760138583313398,0.12579042769679943,0.06289521384839974,0.0,0.9446696323312702,0.9637910887304745,0,False,543600,,,,,conformal,unseen_vessel,1.0554849077799051
dlinear_quantile_conformal,quantile,384,pitch,50,5.0,434304,9,0.1,0.9546907235484822,1.7470794784750419,2.0761427659640246,0.16869994479030825,0.08434997239515413,0.0,0.9457952263852049,0.964152471540672,0,False,543600,,,,,conformal,unseen_vessel,1.0556697846975005
dlinear_quantile_conformal,quantile,384,pitch,100,10.0,434304,9,0.1,0.9479120615974064,3.6810736018799415,4.387889937571883,0.3972851201965836,0.19864256009829181,0.0,0.9394709120800177,0.9569549785403773,0,False,543600,,,,,conformal,unseen_vessel,1.0562287908366403
dlinear_quantile_conformal,quantile,384,pitch,150,15.0,434304,9,0.1,0.9333162945770704,4.249888154241932,5.430669641444021,0.512258792918402,0.2561293964592009,0.0,0.9234145322170645,0.9446592133620689,0,False,543600,,,,,conformal,unseen_vessel,1.056673569331931
dlinear_quantile_conformal,quantile,384,heave,10,1.0,434304,9,0.1,0.9196783819628647,0.03206569930471829,0.05311196803246869,0.0038764043749760077,0.0019382021874880036,0.0,0.9043204759799588,0.9348683180445033,0,False,543600,,,,,conformal,unseen_vessel,0.6538497228934008
dlinear_quantile_conformal,quantile,384,heave,20,2.0,434304,9,0.1,0.9190820254936635,0.24897191073476385,0.4132478595214408,0.02972986285523371,0.014864931427616858,0.0,0.9036107772435897,0.9342580312407899,0,False,543600,,,,,conformal,unseen_vessel,0.6539339478701262
dlinear_quantile_conformal,quantile,384,heave,30,3.0,434304,9,0.1,0.9159367631889184,0.6790007133766992,1.1674273419999066,0.08946515058634709,0.044732575293173545,0.0,0.8999130217543472,0.9316433304781904,0,False,543600,,,,,conformal,unseen_vessel,0.6541326237646001
dlinear_quantile_conformal,quantile,384,heave,50,5.0,434304,9,0.1,0.91882644414972,0.8687839698849742,1.4473151264986726,0.12526919721556956,0.06263459860778481,0.0,0.9033259537098438,0.9340934000147363,0,False,543600,,,,,conformal,unseen_vessel,0.6542583886872622
dlinear_quantile_conformal,quantile,384,heave,100,10.0,434304,9,0.1,0.9282737437371058,1.8059504956325925,2.5441700818290958,0.23395974492649124,0.1169798724632456,0.0,0.9149812113174183,0.9413900746942234,0,False,543600,,,,,conformal,unseen_vessel,0.6543754769960836
dlinear_quantile_conformal,quantile,384,heave,150,15.0,434304,9,0.1,0.9258307544945475,2.417957645121777,3.34334745956278,0.31541565585536174,0.15770782792768076,0.0,0.9127970845306513,0.9389777091622458,0,False,543600,,,,,conformal,unseen_vessel,0.6543828266952652
dlinear_quantile_conformal,quantile,384,roll_rate,10,1.0,434304,9,0.1,0.9369612068965517,0.04937527352590902,0.07656298438383247,0.005297673283360675,0.002648836641680337,0.0,0.9221281636825818,0.951219652593575,0,False,543600,,,,,conformal,unseen_vessel,1.0024554842926892
dlinear_quantile_conformal,quantile,384,roll_rate,20,2.0,434304,9,0.1,0.9292269930739758,0.3447959146597552,0.5784669042775827,0.03994214530277888,0.019971072651389442,0.0,0.9130676899130563,0.9446981837606838,0,False,543600,,,,,conformal,unseen_vessel,1.002804304884665
dlinear_quantile_conformal,quantile,384,roll_rate,30,3.0,434304,9,0.1,0.9230124521072797,0.9638940390076187,1.7230855925535165,0.12394736479716582,0.06197368239858294,0.0,0.9056210051024167,0.9395124728300913,0,False,543600,,,,,conformal,unseen_vessel,1.0032425289065006
dlinear_quantile_conformal,quantile,384,roll_rate,50,5.0,434304,9,0.1,0.9313199970527557,1.250494299973135,2.0726574171525725,0.16196596493619395,0.08098298246809693,0.0,0.9156933277151489,0.9467773149683171,0,False,543600,,,,,conformal,unseen_vessel,1.0033121804656835
dlinear_quantile_conformal,quantile,384,roll_rate,100,10.0,434304,9,0.1,0.9523352306218685,3.0044843262063528,3.939879837628432,0.3009228072630348,0.15046140363151736,0.0,0.9408048279546124,0.963938508510168,0,False,543600,,,,,conformal,unseen_vessel,1.0033808376976885
dlinear_quantile_conformal,quantile,384,roll_rate,150,15.0,434304,9,0.1,0.9525769967580312,4.420114751034503,5.69567059569191,0.4336472182105424,0.2168236091052711,0.0,0.941168283045977,0.9641843616452992,0,False,543600,,,,,conformal,unseen_vessel,1.003279779544346
dlinear_quantile_conformal,quantile,384,pitch_rate,10,1.0,434304,9,0.1,0.9847226827291482,0.09559573612765204,0.09946966630218779,0.006329212775581533,0.003164606387790764,0.0,0.9806345900567345,0.9884758717396109,0,False,543600,,,,,conformal,unseen_vessel,0.7030690217475473
dlinear_quantile_conformal,quantile,384,pitch_rate,20,2.0,434304,9,0.1,0.9816764294134984,0.6609214656360488,0.6933187166278919,0.0421252814486069,0.021062640724303458,0.0,0.977096688034188,0.9859016955865016,0,False,543600,,,,,conformal,unseen_vessel,0.703086203551836
dlinear_quantile_conformal,quantile,384,pitch_rate,30,3.0,434304,9,0.1,0.9785726127320955,1.4131295659661225,1.497661688531388,0.0995423525482281,0.04977117627411406,0.0,0.9735191824160035,0.9832560832964927,0,False,543600,,,,,conformal,unseen_vessel,0.7030053176354107
dlinear_quantile_conformal,quantile,384,pitch_rate,50,5.0,434304,9,0.1,0.9772187223695844,1.6550678418493203,1.765193679007089,0.1262730000469837,0.06313650002349187,0.0,0.9718093777630415,0.9821110903882994,0,False,543600,,,,,conformal,unseen_vessel,0.7031631741182381
dlinear_quantile_conformal,quantile,384,pitch_rate,100,10.0,434304,9,0.1,0.9641380231358679,3.06240001090796,3.421902880799991,0.29535778542733715,0.14767889271366857,0.0,0.9570980810676392,0.9709561735558503,0,False,543600,,,,,conformal,unseen_vessel,0.7033991527997708
dlinear_quantile_conformal,quantile,384,pitch_rate,150,15.0,434304,9,0.1,0.9469841401414677,3.156925453192559,3.775336940547735,0.35197895497773907,0.17598947748886942,0.0,0.9381778661951076,0.9558658220969644,0,False,543600,,,,,conformal,unseen_vessel,0.7036809279539469
dlinear_quantile_conformal,quantile,384,heave_rate,10,1.0,434304,9,0.1,0.9494156167108754,0.020465773694696668,0.025485769547936403,0.0019316029072634895,0.0009658014536317447,0.0,0.9392814710433245,0.9599000930223991,0,False,543600,,,,,conformal,unseen_vessel,0.366916177705551
dlinear_quantile_conformal,quantile,384,heave_rate,20,2.0,434304,9,0.1,0.9450615237253168,0.15265539728454547,0.1947710944229837,0.014547243661424064,0.007273621830712035,0.0,0.9344294549440024,0.9560658547929561,0,False,543600,,,,,conformal,unseen_vessel,0.3669535008792491
dlinear_quantile_conformal,quantile,384,heave_rate,30,3.0,434304,9,0.1,0.9385016025641025,0.39434877907854204,0.5276641120782701,0.04215068689461112,0.02107534344730556,0.0,0.926580690023578,0.9505601491121426,0,False,543600,,,,,conformal,unseen_vessel,0.3668990248574837
dlinear_quantile_conformal,quantile,384,heave_rate,50,5.0,434304,9,0.1,0.9387019230769231,0.5002304494502973,0.6638472326282898,0.05871493641143861,0.029357468205719293,0.0,0.9272593621058062,0.9505633150972591,0,False,543600,,,,,conformal,unseen_vessel,0.3669440869125789
dlinear_quantile_conformal,quantile,384,heave_rate,100,10.0,434304,9,0.1,0.945749981579723,1.1097476327262898,1.3453601250302978,0.12595967154718735,0.06297983577359365,0.0,0.9365599902372532,0.95555590093575,0,False,543600,,,,,conformal,unseen_vessel,0.3670072514707468
dlinear_quantile_conformal,quantile,384,heave_rate,150,15.0,434304,9,0.1,0.9407350611553198,1.4535493238251904,1.7980945666496808,0.1739445605584396,0.0869722802792198,0.0,0.9309964909372237,0.9507773932544945,0,False,543600,,,,,conformal,unseen_vessel,0.3670157241047937
dlinear_quantile_conformal,quantile,384,roll,10,1.0,434304,9,0.1,0.9131253684055408,0.08299446650207741,0.16962491636468988,0.011003080498920225,0.005501540249460115,0.0,0.8943648343096081,0.9316082168250811,1,False,543600,,,,,conformal,unseen_vessel,2.1637411794341554
dlinear_quantile_conformal,quantile,384,roll,20,2.0,434304,9,0.1,0.9046313181550251,0.6006587262037938,1.3623327689174558,0.09009607213942693,0.04504803606971349,0.0,0.8843802958296493,0.9245928543140288,1,False,543600,,,,,conformal,unseen_vessel,2.16324713835809
dlinear_quantile_conformal,quantile,384,roll,30,3.0,434304,9,0.1,0.8987943928676687,1.679321489437775,4.0818850549926164,0.2842821081506238,0.14214105407531197,0.0,0.8777941257736517,0.9196911034666961,1,False,543600,,,,,conformal,unseen_vessel,2.162494943561516
dlinear_quantile_conformal,quantile,384,roll,50,5.0,434304,9,0.1,0.9084765509873268,2.2276023681617567,4.90100210923091,0.37153305432747885,0.18576652716373926,0.0,0.888991409243295,0.9275988132736517,1,False,543600,,,,,conformal,unseen_vessel,2.162524144828776
dlinear_quantile_conformal,quantile,384,roll,100,10.0,434304,9,0.1,0.9282668361332155,5.174361399783174,8.53331094734814,0.6445866374050226,0.32229331870251143,0.0,0.9124880843832892,0.9439818652372531,1,False,543600,,,,,conformal,unseen_vessel,2.163218272680421
dlinear_quantile_conformal,quantile,384,roll,150,15.0,434304,9,0.1,0.9310920461243737,7.778997505875382,12.15642075160477,0.9189811269899029,0.4594905634949515,0.0,0.9153862847222223,0.9460077503315649,1,False,543600,,,,,conformal,unseen_vessel,2.164599840366654
dlinear_quantile_conformal,quantile,384,pitch,10,1.0,434304,9,0.1,0.9745777151488358,0.08982941720138772,0.09817722570116912,0.0066527471552290975,0.0033263735776145505,0.0,0.9680907843353964,0.980782470343354,1,False,543600,,,,,conformal,unseen_vessel,1.054918979036852
dlinear_quantile_conformal,quantile,384,pitch,20,2.0,434304,9,0.1,0.962100279988211,0.6221701872395382,0.7111146228272176,0.047405151393212115,0.02370257569660605,0.0,0.9539716419834955,0.9703380005710286,1,False,543600,,,,,conformal,unseen_vessel,1.0551327883415698
dlinear_quantile_conformal,quantile,384,pitch,30,3.0,434304,9,0.1,0.9541243000294725,1.4040108365889068,1.6869105591821125,0.1264036217186509,0.06320181085932547,0.0,0.9448380627394636,0.9638163590480401,1,False,543600,,,,,conformal,unseen_vessel,1.0554849077799051
dlinear_quantile_conformal,quantile,384,pitch,50,5.0,434304,9,0.1,0.9545778993516062,1.7473473264902057,2.0767197816675678,0.16869503563123484,0.08434751781561736,0.0,0.9456244934423813,0.9640371721190687,1,False,543600,,,,,conformal,unseen_vessel,1.0556697846975005
dlinear_quantile_conformal,quantile,384,pitch,100,10.0,434304,9,0.1,0.9475597737989979,3.6827287546179988,4.394229190861579,0.39744280955721484,0.19872140477860745,0.0,0.9391311155319776,0.9566150668656056,1,False,543600,,,,,conformal,unseen_vessel,1.0562287908366403
dlinear_quantile_conformal,quantile,384,pitch,150,15.0,434304,9,0.1,0.9329985447981137,4.238361612430447,5.424749595675491,0.5121600074566551,0.25608000372832773,0.0,0.9231250460506926,0.9443678276046271,1,False,543600,,,,,conformal,unseen_vessel,1.056673569331931
dlinear_quantile_conformal,quantile,384,heave,10,1.0,434304,9,0.1,0.9201964522546419,0.03172882650649072,0.05266502871971868,0.003831199883293544,0.0019155999416467725,0.0,0.9050765707891247,0.9353157580865017,1,False,543600,,,,,conformal,unseen_vessel,0.6538497228934008
dlinear_quantile_conformal,quantile,384,heave,20,2.0,434304,9,0.1,0.9191280761862658,0.24890605325916088,0.4136864223444447,0.02963996546020287,0.014819982730101438,0.0,0.9036040998931624,0.9343064995947539,1,False,543600,,,,,conformal,unseen_vessel,0.6539339478701262
dlinear_quantile_conformal,quantile,384,heave,30,3.0,434304,9,0.1,0.9164110853227233,0.6807542544847777,1.1625785803354844,0.08950013769976614,0.04475006884988308,0.0,0.9004441589301503,0.9319940065023578,1,False,543600,,,,,conformal,unseen_vessel,0.6541326237646001
dlinear_quantile_conformal,quantile,384,heave,50,5.0,434304,9,0.1,0.9188149314765695,0.8679323238574218,1.4453873654323741,0.12526823918234078,0.06263411959117036,0.0,0.9032917610705865,0.9340283534114353,1,False,543600,,,,,conformal,unseen_vessel,0.6542583886872622
dlinear_quantile_conformal,quantile,384,heave,100,10.0,434304,9,0.1,0.928506299734748,1.8101987390821201,2.545028301089686,0.23395950323031214,0.11697975161515609,0.0,0.9152507229958738,0.9415591958628058,1,False,543600,,,,,conformal,unseen_vessel,0.6543754769960836
dlinear_quantile_conformal,quantile,384,heave,150,15.0,434304,9,0.1,0.9259228558797524,2.418710622804302,3.3415905661789544,0.3153638641275869,0.15768193206379333,0.0,0.9128673118368701,0.9390178883915413,1,False,543600,,,,,conformal,unseen_vessel,0.6543828266952652
dlinear_quantile_conformal,quantile,384,roll_rate,10,1.0,434304,9,0.1,0.9420774388446802,0.05086530665772063,0.07529034321167745,0.004976116362648425,0.0024880581813242126,0.0,0.9283092603337754,0.9555529076407309,1,False,543600,,,,,conformal,unseen_vessel,1.0024554842926892
dlinear_quantile_conformal,quantile,384,roll_rate,20,2.0,434304,9,0.1,0.9315433429118773,0.35510257131717543,0.5831184521014579,0.03983462035960535,0.01991731017980268,0.0,0.9159072907456528,0.9465767066386678,1,False,543600,,,,,conformal,unseen_vessel,1.002804304884665
dlinear_quantile_conformal,quantile,384,roll_rate,30,3.0,434304,9,0.1,0.9234982869142352,0.9622275480357835,1.7111735520660423,0.12379953703324288,0.06189976851662143,0.0,0.9061944513520483,0.9398561836870027,1,False,543600,,,,,conformal,unseen_vessel,1.0032425289065006
dlinear_quantile_conformal,quantile,384,roll_rate,50,5.0,434304,9,0.1,0.9321304892425583,1.256879881887688,2.0682174771891506,0.1618078187238011,0.08090390936190059,0.0,0.9166093335543767,0.947491446083849,1,False,543600,,,,,conformal,unseen_vessel,1.0033121804656835
dlinear_quantile_conformal,quantile,384,roll_rate,100,10.0,434304,9,0.1,0.952153330386089,3.003701615563499,3.943386242008328,0.3014007884750338,0.15070039423751694,0.0,0.9406214886346891,0.9637631704980844,1,False,543600,,,,,conformal,unseen_vessel,1.0033808376976885
dlinear_quantile_conformal,quantile,384,roll_rate,150,15.0,434304,9,0.1,0.9527773172708518,4.431655938305568,5.700939313309417,0.4339487602068582,0.21697438010342893,0.0,0.9414105096890657,0.9643411066902446,1,False,543600,,,,,conformal,unseen_vessel,1.003279779544346
dlinear_quantile_conformal,quantile,384,pitch_rate,10,1.0,434304,9,0.1,0.9878909703801945,0.09747963788415617,0.10066104805532651,0.006086590054931652,0.003043295027465826,0.0,0.9841042794908635,0.9914055592396109,1,False,543600,,,,,conformal,unseen_vessel,0.7030690217475473
dlinear_quantile_conformal,quantile,384,pitch_rate,20,2.0,434304,9,0.1,0.9805205570291777,0.6651247763669754,0.6991243383214637,0.041562552811799644,0.020781276405899805,0.0,0.9757126344680225,0.984841838896257,1,False,543600,,,,,conformal,unseen_vessel,0.703086203551836
dlinear_quantile_conformal,quantile,384,pitch_rate,30,3.0,434304,9,0.1,0.9782088122605364,1.4093057827419613,1.4958990237426018,0.09973064042099258,0.04986532021049629,0.0,0.9731012148172709,0.9829621071875921,1,False,543600,,,,,conformal,unseen_vessel,0.7030053176354107
dlinear_quantile_conformal,quantile,384,pitch_rate,50,5.0,434304,9,0.1,0.9771058981727085,1.6570237262219314,1.7680166394310062,0.12632765997650733,0.06316382998825369,0.0,0.9717127288719423,0.9820188163129974,1,False,543600,,,,,conformal,unseen_vessel,0.7031631741182381
dlinear_quantile_conformal,quantile,384,pitch_rate,100,10.0,434304,9,0.1,0.9638617189802534,3.060670809531005,3.4230533468938673,0.2953743107129064,0.14768715535645313,0.0,0.9568035868884468,0.970707557379163,1,False,543600,,,,,conformal,unseen_vessel,0.7033991527997708
dlinear_quantile_conformal,quantile,384,pitch_rate,150,15.0,434304,9,0.1,0.9469680223990569,3.155428707379861,3.7739906070683014,0.3519737535368799,0.17598687676843996,0.0,0.9381166763373121,0.9557757929929267,1,False,543600,,,,,conformal,unseen_vessel,0.7036809279539469
dlinear_quantile_conformal,quantile,384,heave_rate,10,1.0,434304,9,0.1,0.9499682250221043,0.02008446165473552,0.02503271289073526,0.0019146427762901136,0.0009573213881450567,0.0,0.9399473640583554,0.9603634781167109,1,False,543600,,,,,conformal,unseen_vessel,0.366916177705551
dlinear_quantile_conformal,quantile,384,heave_rate,20,2.0,434304,9,0.1,0.945901948865311,0.15398319362874835,0.19555567109078523,0.01440931279518353,0.007204656397591768,0.0,0.9353698676503094,0.9568765196728558,1,False,543600,,,,,conformal,unseen_vessel,0.3669535008792491
dlinear_quantile_conformal,quantile,384,heave_rate,30,3.0,434304,9,0.1,0.9392591364574123,0.3979142251859954,0.5289303999133037,0.042293401815002046,0.021146700907501037,0.0,0.927533709106985,0.9511597866931919,1,False,543600,,,,,conformal,unseen_vessel,0.3668990248574837
dlinear_quantile_conformal,quantile,384,heave_rate,50,5.0,434304,9,0.1,0.9388930334512231,0.5012090977995726,0.6637882149358222,0.05870151668170861,0.029350758340854294,0.0,0.9275133892388742,0.9507722125515767,1,False,543600,,,,,conformal,unseen_vessel,0.3669440869125789
dlinear_quantile_conformal,quantile,384,heave_rate,100,10.0,434304,9,0.1,0.9455473585322723,1.1104668487128933,1.3465864346268523,0.12597110366468348,0.06298555183234175,0.0,0.936341652390952,0.9553311159924845,1,False,543600,,,,,conformal,unseen_vessel,0.3670072514707468
dlinear_quantile_conformal,quantile,384,heave_rate,150,15.0,434304,9,0.1,0.9406567749778957,1.451777773826071,1.7963667792704767,0.17390417373546932,0.08695208686773465,0.0,0.9309119879162983,0.9507813075633658,1,False,543600,,,,,conformal,unseen_vessel,0.3670157241047937
dlinear_quantile_conformal,quantile,384,roll,10,1.0,434304,9,0.1,0.9024093722369585,0.07211521734244142,0.1671313962024761,0.011152774221422407,0.005576387110711203,0.0,0.8819063950596817,0.9226776060086944,2,False,543600,,,,,conformal,unseen_vessel,2.1637411794341554
dlinear_quantile_conformal,quantile,384,roll,20,2.0,434304,9,0.1,0.9020018236074271,0.5875110264581442,1.3699838989830029,0.0901586170050395,0.0450793085025197,0.0,0.8813748549403183,0.9224236364389921,2,False,543600,,,,,conformal,unseen_vessel,2.16324713835809
dlinear_quantile_conformal,quantile,384,roll,30,3.0,434304,9,0.1,0.8996624484232243,1.7066586776637327,4.101227854401202,0.28543472139524984,0.14271736069762486,0.0,0.8788065502505158,0.9203417421898025,2,False,543600,,,,,conformal,unseen_vessel,2.162494943561516
dlinear_quantile_conformal,quantile,384,roll,50,5.0,434304,9,0.1,0.9076844790745653,2.2303741521949947,4.94173690459851,0.3723606489245936,0.18618032446229682,0.0,0.8880569831270262,0.926904426392573,2,False,543600,,,,,conformal,unseen_vessel,2.162524144828776
dlinear_quantile_conformal,quantile,384,roll,100,10.0,434304,9,0.1,0.9280734232242853,5.172062657046162,8.546640879930633,0.6442454549630292,0.32212272748151494,0.0,0.9122155218464485,0.9438099234637489,2,False,543600,,,,,conformal,unseen_vessel,2.163218272680421
dlinear_quantile_conformal,quantile,384,roll,150,15.0,434304,9,0.1,0.9311196765399352,7.780653876321641,12.155633687594621,0.9186912958774666,0.4593456479387336,0.0,0.9154159874189508,0.946026861368995,2,False,543600,,,,,conformal,unseen_vessel,2.164599840366654
dlinear_quantile_conformal,quantile,384,pitch,10,1.0,434304,9,0.1,0.9696871315944592,0.08985804655707173,0.09924446904604485,0.007027547169397207,0.003513773584698602,0.0,0.9626227250957854,0.9764594040119363,2,False,543600,,,,,conformal,unseen_vessel,1.054918979036852
dlinear_quantile_conformal,quantile,384,pitch,20,2.0,434304,9,0.1,0.9644465627763041,0.6126326798053633,0.6976432144327702,0.04752089095769301,0.02376044547884648,0.0,0.9564286766872974,0.9723610074970528,2,False,543600,,,,,conformal,unseen_vessel,1.0551327883415698
dlinear_quantile_conformal,quantile,384,pitch,30,3.0,434304,9,0.1,0.9542624521072797,1.3911934793084968,1.6743836979107467,0.12594472094259232,0.06297236047129616,0.0,0.944841689231506,0.9639209516836132,2,False,543600,,,,,conformal,unseen_vessel,1.0554849077799051
dlinear_quantile_conformal,quantile,384,pitch,50,5.0,434304,9,0.1,0.9554390473032714,1.7563155656755927,2.079582083725192,0.16867721195842408,0.08433860597921208,0.0,0.9466296649351607,0.9647692054413499,2,False,543600,,,,,conformal,unseen_vessel,1.0556697846975005
dlinear_quantile_conformal,quantile,384,pitch,100,10.0,434304,9,0.1,0.9478406830238727,3.686439756081909,4.393274316435826,0.3975647425045456,0.19878237125227277,0.0,0.9394313084843796,0.9568186109269083,2,False,543600,,,,,conformal,unseen_vessel,1.0562287908366403
dlinear_quantile_conformal,quantile,384,pitch,150,15.0,434304,9,0.1,0.9332287982611258,4.24581316322799,5.4279857301956245,0.5122005506904544,0.2561002753452272,0.0,0.9233405632920719,0.9445880074786325,2,False,543600,,,,,conformal,unseen_vessel,1.056673569331931
dlinear_quantile_conformal,quantile,384,heave,10,1.0,434304,9,0.1,0.9233117816091954,0.03266885492928923,0.052149162880447394,0.0038973432520574905,0.0019486716260287452,0.0,0.9089062039493073,0.9379868709475391,2,False,543600,,,,,conformal,unseen_vessel,0.6538497228934008
dlinear_quantile_conformal,quantile,384,heave,20,2.0,434304,9,0.1,0.9174011752136753,0.24566010813373304,0.4152503446215983,0.02962398120088644,0.014811990600443222,0.0,0.901703530246095,0.933021800397878,2,False,543600,,,,,conformal,unseen_vessel,0.6539339478701262
dlinear_quantile_conformal,quantile,384,heave,30,3.0,434304,9,0.1,0.9160196544356027,0.6800545812311689,1.1662199905190958,0.08952866256218556,0.04476433128109278,0.0,0.9000940585396405,0.931707053124079,2,False,543600,,,,,conformal,unseen_vessel,0.6541326237646001
dlinear_quantile_conformal,quantile,384,heave,50,5.0,434304,9,0.1,0.918616913498379,0.8630298213670813,1.4475576077357384,0.12521106933125337,0.06260553466562667,0.0,0.9030838421934866,0.9340721591327733,2,False,543600,,,,,conformal,unseen_vessel,0.6542583886872622
dlinear_quantile_conformal,quantile,384,heave,100,10.0,434304,9,0.1,0.9285523504273504,1.808537647714738,2.5445572243357164,0.233998804337278,0.11699940216863897,0.0,0.9152656319076038,0.9416017351900973,2,False,543600,,,,,conformal,unseen_vessel,0.6543754769960836
dlinear_quantile_conformal,quantile,384,heave,150,15.0,434304,9,0.1,0.9259366710875332,2.4187730173947966,3.341913977835877,0.3153233766456124,0.15766168832280614,0.0,0.9129127293324492,0.9390140892094017,2,False,543600,,,,,conformal,unseen_vessel,0.6543828266952652
dlinear_quantile_conformal,quantile,384,roll_rate,10,1.0,434304,9,0.1,0.9364316239316239,0.04659042052797383,0.07282177544154166,0.005057276879142752,0.0025286384395713773,0.0,0.9216448041003537,0.9506959986553197,2,False,543600,,,,,conformal,unseen_vessel,1.0024554842926892
dlinear_quantile_conformal,quantile,384,roll_rate,20,2.0,434304,9,0.1,0.9300858384910109,0.3537947179976578,0.5865253874352658,0.03987679802672567,0.01993839901336282,0.0,0.9142120496242263,0.9453685091548777,2,False,543600,,,,,conformal,unseen_vessel,1.002804304884665
dlinear_quantile_conformal,quantile,384,roll_rate,30,3.0,434304,9,0.1,0.9229594938107869,0.9632879000989761,1.7206555874871534,0.1241889406713581,0.062094470335679046,0.0,0.905597634375921,0.9394788558244915,2,False,543600,,,,,conformal,unseen_vessel,1.0032425289065006
dlinear_quantile_conformal,quantile,384,roll_rate,50,5.0,434304,9,0.1,0.9306522620100206,1.2500019279455428,2.0837199283564276,0.16205310090273184,0.08102655045136588,0.0,0.9149795419798114,0.9462875658524904,2,False,543600,,,,,conformal,unseen_vessel,1.0033121804656835
dlinear_quantile_conformal,quantile,384,roll_rate,100,10.0,434304,9,0.1,0.9517711096374889,2.9972679615828777,3.9457066504040315,0.3012086678850062,0.15060433394250297,0.0,0.9401553980621868,0.9634297059202771,2,False,543600,,,,,conformal,unseen_vessel,1.0033808376976885
dlinear_quantile_conformal,quantile,384,roll_rate,150,15.0,434304,9,0.1,0.9527082412319481,4.427190010044288,5.698350007735803,0.43371250782139076,0.21685625391069535,0.0,0.9413543854074565,0.9642764630305041,2,False,543600,,,,,conformal,unseen_vessel,1.003279779544346
dlinear_quantile_conformal,quantile,384,pitch_rate,10,1.0,434304,9,0.1,0.9847065649867374,0.09318827685358362,0.09708062613114336,0.006342301786269124,0.0031711508931345595,0.0,0.9805158368331859,0.9885276212054229,2,False,543600,,,,,conformal,unseen_vessel,0.7030690217475473
dlinear_quantile_conformal,quantile,384,pitch_rate,20,2.0,434304,9,0.1,0.9827609232242853,0.6529157755829541,0.6833791383223928,0.04139835498978733,0.02069917749489366,0.0,0.9783488063660477,0.9869160772178014,2,False,543600,,,,,conformal,unseen_vessel,0.703086203551836
dlinear_quantile_conformal,quantile,384,pitch_rate,30,3.0,434304,9,0.1,0.9785726127320955,1.4003587778334308,1.4842305979341055,0.0992486253768204,0.0496243126884102,0.0,0.9735068638557324,0.9832588463380489,2,False,543600,,,,,conformal,unseen_vessel,0.7030053176354107
dlinear_quantile_conformal,quantile,384,pitch_rate,50,5.0,434304,9,0.1,0.9772647730621868,1.6616787350101734,1.7714976583350184,0.12634522979151155,0.06317261489575579,0.0,0.971859630581344,0.9821033768972885,2,False,543600,,,,,conformal,unseen_vessel,0.7031631741182381
dlinear_quantile_conformal,quantile,384,pitch_rate,100,10.0,434304,9,0.1,0.9641817712938403,3.0692988795692853,3.4285613743691634,0.2956016204672204,0.14780081023361022,0.0,0.9571235240753021,0.9710249042145593,2,False,543600,,,,,conformal,unseen_vessel,0.7033991527997708
dlinear_quantile_conformal,quantile,384,pitch_rate,150,15.0,434304,9,0.1,0.946988745210728,3.156990722186965,3.7750115385895286,0.35197687033840075,0.17598843516920043,0.0,0.9381445370063366,0.9558282907824934,2,False,543600,,,,,conformal,unseen_vessel,0.7036809279539469
dlinear_quantile_conformal,quantile,384,heave_rate,10,1.0,434304,9,0.1,0.9516421676982022,0.021111628560756546,0.025834279886791597,0.001999404535855495,0.0009997022679277471,0.0,0.9420099745800177,0.9614158515694076,2,False,543600,,,,,conformal,unseen_vessel,0.366916177705551
dlinear_quantile_conformal,quantile,384,heave_rate,20,2.0,434304,9,0.1,0.9442303087238432,0.1503813325773999,0.19334027040834717,0.014423133470181858,0.007211566735090929,0.0,0.9333179639146773,0.9555357537577365,2,False,543600,,,,,conformal,unseen_vessel,0.3669535008792491
dlinear_quantile_conformal,quantile,384,heave_rate,30,3.0,434304,9,0.1,0.9379858348069555,0.39377458778143726,0.5275477873996269,0.04220441586641477,0.021102207933207384,0.0,0.9260326867816092,0.9500800706417624,2,False,543600,,,,,conformal,unseen_vessel,0.3668990248574837
dlinear_quantile_conformal,quantile,384,heave_rate,50,5.0,434304,9,0.1,0.9391716401414677,0.4991520208627659,0.6620003718284422,0.05863096198086742,0.029315480990433723,0.0,0.9277472691939287,0.951049725537872,2,False,543600,,,,,conformal,unseen_vessel,0.3669440869125789
dlinear_quantile_conformal,quantile,384,heave_rate,100,10.0,434304,9,0.1,0.9457660993221338,1.109902182474801,1.3449907902089375,0.12599865905016674,0.06299932952508339,0.0,0.9365739205717654,0.9555688526930446,2,False,543600,,,,,conformal,unseen_vessel,0.3670072514707468
dlinear_quantile_conformal,quantile,384,heave_rate,150,15.0,434304,9,0.1,0.9406705901856764,1.4522210377270013,1.7967802330358063,0.17388766534335556,0.08694383267167781,0.0,0.9309058861995284,0.9507496477122016,2,False,543600,,,,,conformal,unseen_vessel,0.3670157241047937
dlinear_gaussian_conformal,gaussian,384,roll,10,1.0,434304,9,0.1,0.9198234416445623,0.11302955955451553,0.21529528444865229,0.017256461436027628,0.008628230718013814,0.0,0.9020231220527557,0.937066029785588,0,False,121500,,,,,conformal,unseen_vessel,2.1637411794341554
dlinear_gaussian_conformal,gaussian,384,roll,20,2.0,434304,9,0.1,0.9140740126731506,0.7818654280352447,1.569170026719385,0.12345993702143684,0.06172996851071841,0.0,0.8953561905946066,0.9323268378831417,0,False,121500,,,,,conformal,unseen_vessel,2.16324713835809
dlinear_gaussian_conformal,gaussian,384,roll,30,3.0,434304,9,0.1,0.9137263299440024,1.9780807764602908,3.9971786873161426,0.31362437777000973,0.15681218888500495,0.0,0.8950196751584143,0.9319709811560566,0,False,121500,,,,,conformal,unseen_vessel,2.162494943561516
dlinear_gaussian_conformal,gaussian,384,roll,50,5.0,434304,9,0.1,0.925324196875921,2.4852565086051324,4.430817842176284,0.357661673231144,0.17883083661557206,0.0,0.9086307632441792,0.9414918467248747,0,False,121500,,,,,conformal,unseen_vessel,2.162524144828776
dlinear_gaussian_conformal,gaussian,384,roll,100,10.0,434304,9,0.1,0.9324137010020631,5.383466776453592,8.404822872126967,0.7114620509549455,0.3557310254774726,0.0,0.9175042712017388,0.9473648642425582,0,False,121500,,,,,conformal,unseen_vessel,2.163218272680421
dlinear_gaussian_conformal,gaussian,384,roll,150,15.0,434304,9,0.1,0.9331113689949897,7.878891234887638,12.040686257875281,1.0272091342690368,0.5136045671345183,0.0,0.9178186823054819,0.9475656452623047,0,False,121500,,,,,conformal,unseen_vessel,2.164599840366654
dlinear_gaussian_conformal,gaussian,384,pitch,10,1.0,434304,9,0.1,0.9666155503978779,0.09553140838737005,0.10772465587268693,0.010614904329590764,0.005307452164795386,0.0,0.9588840420534924,0.9742057406793397,0,False,121500,,,,,conformal,unseen_vessel,1.054918979036852
dlinear_gaussian_conformal,gaussian,384,pitch,20,2.0,434304,9,0.1,0.9633367410845859,0.5939523447354769,0.6873121424760211,0.0675991304366475,0.03379956521832375,0.0,0.9551961874631594,0.9717182549550546,0,False,121500,,,,,conformal,unseen_vessel,1.0551327883415698
dlinear_gaussian_conformal,gaussian,384,pitch,30,3.0,434304,9,0.1,0.9567422819039199,1.3608086778116972,1.6367373866457868,0.1617350132795016,0.08086750663975081,0.0,0.9476611428860889,0.9659763092211907,0,False,121500,,,,,conformal,unseen_vessel,1.0554849077799051
dlinear_gaussian_conformal,gaussian,384,pitch,50,5.0,434304,9,0.1,0.9565281461833186,1.702015916506614,2.0317072558978615,0.20187110545245132,0.10093555272622569,0.0,0.9477919844164456,0.9657569352343058,0,False,121500,,,,,conformal,unseen_vessel,1.0556697846975005
dlinear_gaussian_conformal,gaussian,384,pitch,100,10.0,434304,9,0.1,0.9489159666961391,3.639398489818719,4.32944352775297,0.4463601222301196,0.22318006111505978,0.0,0.940488632386531,0.9576887963269968,0,False,121500,,,,,conformal,unseen_vessel,1.0562287908366403
dlinear_gaussian_conformal,gaussian,384,pitch,150,15.0,434304,9,0.1,0.9338735079575596,4.239123189604004,5.409570196664048,0.5580124175358044,0.27900620876790216,0.0,0.9239375529582965,0.9449960166150898,0,False,121500,,,,,conformal,unseen_vessel,1.056673569331931
dlinear_gaussian_conformal,gaussian,384,heave,10,1.0,434304,9,0.1,0.9218842101385205,0.041460051097682325,0.06621983133538667,0.0061013899111593784,0.0030506949555796875,0.0,0.9068537245800177,0.9366450688918361,0,False,121500,,,,,conformal,unseen_vessel,0.6538497228934008
dlinear_gaussian_conformal,gaussian,384,heave,20,2.0,434304,9,0.1,0.9173850574712644,0.2720569161337641,0.4595449674816902,0.04123993487492876,0.020619967437464356,0.0,0.9018649954870321,0.9329124300029472,0,False,121500,,,,,conformal,unseen_vessel,0.6539339478701262
dlinear_gaussian_conformal,gaussian,384,heave,30,3.0,434304,9,0.1,0.9157686781609196,0.6857338452461926,1.1810943785916084,0.1051439522472678,0.05257197612363391,0.0,0.8998833766209844,0.9317007787172119,0,False,121500,,,,,conformal,unseen_vessel,0.6541326237646001
dlinear_gaussian_conformal,gaussian,384,heave,50,5.0,434304,9,0.1,0.9187412503684056,0.863193433445568,1.445654990225847,0.12989530157819654,0.06494765078909825,0.0,0.9032539995026525,0.934237481119216,0,False,121500,,,,,conformal,unseen_vessel,0.6542583886872622
dlinear_gaussian_conformal,gaussian,384,heave,100,10.0,434304,9,0.1,0.927610613763631,1.794980933569003,2.552430898275779,0.24952786916542083,0.12476393458271039,0.0,0.9140691197870616,0.9407523301650457,0,False,121500,,,,,conformal,unseen_vessel,0.6543754769960836
dlinear_gaussian_conformal,gaussian,384,heave,150,15.0,434304,9,0.1,0.9254669540229885,2.4163249556907815,3.358075684742987,0.33480910956994825,0.1674045547849741,0.0,0.9124583241231948,0.9386355525162098,0,False,121500,,,,,conformal,unseen_vessel,0.6543828266952652
dlinear_gaussian_conformal,gaussian,384,roll_rate,10,1.0,434304,9,0.1,0.9451259946949602,0.06606604523282072,0.09550637592126748,0.008214170327684895,0.004107085163842444,0.0,0.9319522730621869,0.9583069693118184,0,False,121500,,,,,conformal,unseen_vessel,1.0024554842926892
dlinear_gaussian_conformal,gaussian,384,roll_rate,20,2.0,434304,9,0.1,0.9379582043913941,0.44579410333224473,0.6834893393976382,0.057713084964379005,0.028856542482189506,0.0,0.9232632556918656,0.9519105856727086,0,False,121500,,,,,conformal,unseen_vessel,1.002804304884665
dlinear_gaussian_conformal,gaussian,384,roll_rate,30,3.0,434304,9,0.1,0.9363464301503095,1.1113069824560973,1.7314561657914007,0.14553179308626982,0.07276589654313494,0.0,0.9214991112216327,0.9506180578580902,0,False,121500,,,,,conformal,unseen_vessel,1.0032425289065006
dlinear_gaussian_conformal,gaussian,384,roll_rate,50,5.0,434304,9,0.1,0.9452825670498084,1.3738814410771023,1.9609376921271138,0.16809073767264593,0.08404536883632295,0.0,0.9318949975132627,0.9582544139588859,0,False,121500,,,,,conformal,unseen_vessel,1.0033121804656835
dlinear_gaussian_conformal,gaussian,384,roll_rate,100,10.0,434304,9,0.1,0.9547367742410846,3.106226517913898,3.961681108182534,0.3519991437422975,0.17599957187114884,0.0,0.9439073206786031,0.9657365578028293,0,False,121500,,,,,conformal,unseen_vessel,1.0033808376976885
dlinear_gaussian_conformal,gaussian,384,roll_rate,150,15.0,434304,9,0.1,0.9539861479516651,4.485591087860889,5.700635596826887,0.506887827391391,0.2534439136956956,0.0,0.9430398983200707,0.9653800103153551,0,False,121500,,,,,conformal,unseen_vessel,1.003279779544346
dlinear_gaussian_conformal,gaussian,384,pitch_rate,10,1.0,434304,9,0.1,0.9917177829354553,0.10939335547939621,0.11160364064430524,0.009869381941540625,0.004934690970770314,0.0,0.9887274236479517,0.9944004660330091,0,False,121500,,,,,conformal,unseen_vessel,0.7030690217475473
dlinear_gaussian_conformal,gaussian,384,pitch_rate,20,2.0,434304,9,0.1,0.9897721411730033,0.6609843791797665,0.6782074424209321,0.06087907431408693,0.030439537157043478,0.0,0.9863560432323902,0.992864560307987,0,False,121500,,,,,conformal,unseen_vessel,0.703086203551836
dlinear_gaussian_conformal,gaussian,384,pitch_rate,30,3.0,434304,9,0.1,0.9846167661361627,1.3788598212952352,1.436006709494872,0.13399090368897432,0.06699545184448714,0.0,0.9806119676539935,0.9885623894783377,0,False,121500,,,,,conformal,unseen_vessel,0.7030053176354107
dlinear_gaussian_conformal,gaussian,384,pitch_rate,50,5.0,434304,9,0.1,0.9806494989684645,1.6105231222340326,1.6987731826291366,0.16186751880169314,0.08093375940084657,0.0,0.9757676074823165,0.9852684409998527,0,False,121500,,,,,conformal,unseen_vessel,0.7031631741182381
dlinear_gaussian_conformal,gaussian,384,pitch_rate,100,10.0,434304,9,0.1,0.9674030172413793,3.0853642570916846,3.404322130036599,0.34170698403590655,0.1708534920179535,0.0,0.960752433779104,0.9736229691644562,0,False,121500,,,,,conformal,unseen_vessel,0.7033991527997708
dlinear_gaussian_conformal,gaussian,384,pitch_rate,150,15.0,434304,9,0.1,0.9474008989095196,3.1467597770884406,3.7542306786570996,0.38852860897002045,0.1942643044850102,0.0,0.9387268480142941,0.9562451646772767,0,False,121500,,,,,conformal,unseen_vessel,0.7036809279539469
dlinear_gaussian_conformal,gaussian,384,heave_rate,10,1.0,434304,9,0.1,0.9452641467727675,0.025105500393673857,0.03171991700021263,0.0031969760662399443,0.0015984880331199713,0.0,0.9349722774830533,0.9560194011567934,0,False,121500,,,,,conformal,unseen_vessel,0.366916177705551
dlinear_gaussian_conformal,gaussian,384,heave_rate,20,2.0,434304,9,0.1,0.9425287356321839,0.16323572319627389,0.2120035756561924,0.02102169247189359,0.010510846235946796,0.0,0.9313053759578543,0.9538677401083113,0,False,121500,,,,,conformal,unseen_vessel,0.3669535008792491
dlinear_gaussian_conformal,gaussian,384,heave_rate,30,3.0,434304,9,0.1,0.9379328765104628,0.3976911454830257,0.5334732917738475,0.052584448527140795,0.026292224263570373,0.0,0.9260688941386678,0.9500164055592396,0,False,121500,,,,,conformal,unseen_vessel,0.3668990248574837
dlinear_gaussian_conformal,gaussian,384,heave_rate,50,5.0,434304,9,0.1,0.9384670645446508,0.49639358635590325,0.6592117694433529,0.06538187368024492,0.03269093684012246,0.0,0.927086211501621,0.9502940336722664,0,False,121500,,,,,conformal,unseen_vessel,0.3669440869125789
dlinear_gaussian_conformal,gaussian,384,heave_rate,100,10.0,434304,9,0.1,0.9451674403183024,1.0966597686453636,1.3353529431423719,0.13899988849744999,0.06949994424872499,0.0,0.9357849570807545,0.9551857109305925,0,False,121500,,,,,conformal,unseen_vessel,0.3670072514707468
dlinear_gaussian_conformal,gaussian,384,heave_rate,150,15.0,434304,9,0.1,0.9405048076923077,1.4488517547347954,1.7945757496822552,0.18762096413534188,0.0938104820676709,0.0,0.930804862492632,0.9505837500921014,0,False,121500,,,,,conformal,unseen_vessel,0.3670157241047937
dlinear_gaussian_conformal,gaussian,384,roll,10,1.0,434304,9,0.1,0.9170534924845269,0.11037636326527513,0.21667978700683146,0.01732698897207461,0.008663494486037298,0.0,0.8988496536987917,0.9347867507552314,1,False,121500,,,,,conformal,unseen_vessel,2.1637411794341554
dlinear_gaussian_conformal,gaussian,384,roll,20,2.0,434304,9,0.1,0.9154555334512231,0.7998930785413958,1.5786798460778568,0.124667019973589,0.06233350998679454,0.0,0.896988514957265,0.9334451789529914,1,False,121500,,,,,conformal,unseen_vessel,2.16324713835809
dlinear_gaussian_conformal,gaussian,384,roll,30,3.0,434304,9,0.1,0.9134085801650457,1.9739731451324112,4.00537769255263,0.31406211599388506,0.1570310579969426,0.0,0.8946639335580607,0.9317765321065429,1,False,121500,,,,,conformal,unseen_vessel,2.162494943561516
dlinear_gaussian_conformal,gaussian,384,roll,50,5.0,434304,9,0.1,0.9262129752431476,2.477840543343303,4.389668075705785,0.35485172549290833,0.17742586274645428,0.0,0.9097290722627468,0.9422600298408489,1,False,121500,,,,,conformal,unseen_vessel,2.162524144828776
dlinear_gaussian_conformal,gaussian,384,roll,100,10.0,434304,9,0.1,0.9326807950191571,5.371708973629263,8.375092908225238,0.7091461360635175,0.3545730680317593,0.0,0.9178247840222518,0.9476048459143825,1,False,121500,,,,,conformal,unseen_vessel,2.163218272680421
dlinear_gaussian_conformal,gaussian,384,roll,150,15.0,434304,9,0.1,0.9331136715296198,7.879092107103076,12.042062674674511,1.027291153875352,0.5136455769376762,0.0,0.9178049822244326,0.9475834323423225,1,False,121500,,,,,conformal,unseen_vessel,2.164599840366654
dlinear_gaussian_conformal,gaussian,384,pitch,10,1.0,434304,9,0.1,0.9663001031535514,0.09586709899633587,0.1082485151701952,0.010673206299622713,0.005336603149811358,0.0,0.9586011181108164,0.9738851702954612,1,False,121500,,,,,conformal,unseen_vessel,1.054918979036852
dlinear_gaussian_conformal,gaussian,384,pitch,20,2.0,434304,9,0.1,0.9625976274683171,0.5920238496455459,0.6875759953301231,0.06769448136240758,0.03384724068120379,0.0,0.9542926153109342,0.9709889271109637,1,False,121500,,,,,conformal,unseen_vessel,1.0551327883415698
dlinear_gaussian_conformal,gaussian,384,pitch,30,3.0,434304,9,0.1,0.9566455754494547,1.3597537060091835,1.6368457275086545,0.1616962413719834,0.08084812068599169,0.0,0.9475716894157089,0.9659690562371058,1,False,121500,,,,,conformal,unseen_vessel,1.0554849077799051
dlinear_gaussian_conformal,gaussian,384,pitch,50,5.0,434304,9,0.1,0.9560008657530209,1.702906858101968,2.0364042400791442,0.20261210886173353,0.10130605443086683,0.0,0.9470812495394931,0.9653016665745653,1,False,121500,,,,,conformal,unseen_vessel,1.0556697846975005
dlinear_gaussian_conformal,gaussian,384,pitch,100,10.0,434304,9,0.1,0.9488468906572355,3.6426991048263893,4.335689615723193,0.44701453521098994,0.22350726760549505,0.0,0.9403842700044208,0.9575855276488359,1,False,121500,,,,,conformal,unseen_vessel,1.0562287908366403
dlinear_gaussian_conformal,gaussian,384,pitch,150,15.0,434304,9,0.1,0.9340346853816681,4.243144075442616,5.410212671358507,0.5580893262942861,0.279044663147143,0.0,0.9241144451812555,0.9451291606800767,1,False,121500,,,,,conformal,unseen_vessel,1.056673569331931
dlinear_gaussian_conformal,gaussian,384,heave,10,1.0,434304,9,0.1,0.9218243442381373,0.04183991989046668,0.06652043194821607,0.006154284578553914,0.003077142289276957,0.0,0.9068411757662834,0.9366779375736811,1,False,121500,,,,,conformal,unseen_vessel,0.6538497228934008
dlinear_gaussian_conformal,gaussian,384,heave,20,2.0,434304,9,0.1,0.9168808023872679,0.27494541830310665,0.46369912897433335,0.04171312465992862,0.02085656232996432,0.0,0.9012400875884173,0.9324465121205423,1,False,121500,,,,,conformal,unseen_vessel,0.6539339478701262
dlinear_gaussian_conformal,gaussian,384,heave,30,3.0,434304,9,0.1,0.915814728853522,0.6877575974790325,1.1839461115722678,0.10541351298388474,0.0527067564919424,0.0,0.8999605115310935,0.931738022214854,1,False,121500,,,,,conformal,unseen_vessel,0.6541326237646001
dlinear_gaussian_conformal,gaussian,384,heave,50,5.0,434304,9,0.1,0.9187734858532273,0.8651485668781899,1.4445445165286876,0.13019741757439118,0.06509870878719563,0.0,0.9032993018715002,0.9341371481727085,1,False,121500,,,,,conformal,unseen_vessel,0.6542583886872622
dlinear_gaussian_conformal,gaussian,384,heave,100,10.0,434304,9,0.1,0.9276635720601237,1.796175976085038,2.552757848117007,0.24971566959708494,0.1248578347985425,0.0,0.9141143070291777,0.9408001077586207,1,False,121500,,,,,conformal,unseen_vessel,0.6543754769960836
dlinear_gaussian_conformal,gaussian,384,heave,150,15.0,434304,9,0.1,0.9253932729148246,2.4139680710919595,3.3568491572428445,0.334658970288586,0.16732948514429297,0.0,0.9123590848806367,0.9385484591438256,1,False,121500,,,,,conformal,unseen_vessel,0.6543828266952652
dlinear_gaussian_conformal,gaussian,384,roll_rate,10,1.0,434304,9,0.1,0.9426599801061007,0.06463921690486771,0.09551454774503533,0.008225462606349732,0.004112731303174869,0.0,0.9291895193228706,0.9561644608384909,1,False,121500,,,,,conformal,unseen_vessel,1.0024554842926892
dlinear_gaussian_conformal,gaussian,384,roll_rate,20,2.0,434304,9,0.1,0.938814747273799,0.4533745608446371,0.6890518214923793,0.05828402148337159,0.029142010741685796,0.0,0.9242188651267316,0.952692641559829,1,False,121500,,,,,conformal,unseen_vessel,1.002804304884665
dlinear_gaussian_conformal,gaussian,384,roll_rate,30,3.0,434304,9,0.1,0.9363349174771588,1.1123192953512357,1.7345738496380063,0.1457894276678917,0.07289471383394584,0.0,0.9214778127763041,0.9506205330828176,1,False,121500,,,,,conformal,unseen_vessel,1.0032425289065006
dlinear_gaussian_conformal,gaussian,384,roll_rate,50,5.0,434304,9,0.1,0.9464476495726496,1.3781877687155457,1.9486260968245042,0.16731342707196042,0.0836567135359802,0.0,0.9333294765878278,0.9591721466990863,1,False,121500,,,,,conformal,unseen_vessel,1.0033121804656835
dlinear_gaussian_conformal,gaussian,384,roll_rate,100,10.0,434304,9,0.1,0.9551051797819039,3.104335527791718,3.9516370409141457,0.35119336527740014,0.17559668263869996,0.0,0.9443495224543177,0.9660178124078986,1,False,121500,,,,,conformal,unseen_vessel,1.0033808376976885
dlinear_gaussian_conformal,gaussian,384,roll_rate,150,15.0,434304,9,0.1,0.9540414087827881,4.488377348467946,5.702589640172085,0.507044002020269,0.25352200101013433,0.0,0.9431107588233127,0.9654125911803713,1,False,121500,,,,,conformal,unseen_vessel,1.003279779544346
dlinear_gaussian_conformal,gaussian,384,pitch_rate,10,1.0,434304,9,0.1,0.9915612105806071,0.10944216177405572,0.11168873566892387,0.009889826944896934,0.004944913472448468,0.0,0.9885174900530505,0.9943066953101976,1,False,121500,,,,,conformal,unseen_vessel,0.7030690217475473
dlinear_gaussian_conformal,gaussian,384,pitch_rate,20,2.0,434304,9,0.1,0.9897905614500442,0.6585387567806731,0.6755930664704599,0.0606819978450433,0.030340998922521647,0.0,0.9863706067639257,0.9928623729000884,1,False,121500,,,,,conformal,unseen_vessel,0.703086203551836
dlinear_gaussian_conformal,gaussian,384,pitch_rate,30,3.0,434304,9,0.1,0.9847065649867374,1.3788107585051768,1.4356602809639094,0.13390448055962234,0.06695224027981117,0.0,0.9807114947133805,0.9886544333001769,1,False,121500,,,,,conformal,unseen_vessel,0.7030053176354107
dlinear_gaussian_conformal,gaussian,384,pitch_rate,50,5.0,434304,9,0.1,0.9807139699381079,1.614127813296868,1.702347900451182,0.16232290190361212,0.08116145095180605,0.0,0.9758967796750663,0.9853121315944592,1,False,121500,,,,,conformal,unseen_vessel,0.7031631741182381
dlinear_gaussian_conformal,gaussian,384,pitch_rate,100,10.0,434304,9,0.1,0.9671013852048335,3.078560483869641,3.4009188886952755,0.34165434996993665,0.17082717498496844,0.0,0.960418220877542,0.9733362460396405,1,False,121500,,,,,conformal,unseen_vessel,0.7033991527997708
dlinear_gaussian_conformal,gaussian,384,pitch_rate,150,15.0,434304,9,0.1,0.9472903772472738,3.144395935027305,3.753056473826938,0.38844303550522674,0.19422151775261323,0.0,0.9386093611847922,0.9561394207743885,1,False,121500,,,,,conformal,unseen_vessel,0.7036809279539469
dlinear_gaussian_conformal,gaussian,384,heave_rate,10,1.0,434304,9,0.1,0.944817455054524,0.02523625782164757,0.031963858627221675,0.0032282168513923033,0.0016141084256961523,0.0,0.9343610696654878,0.9557182296271736,1,False,121500,,,,,conformal,unseen_vessel,0.366916177705551
dlinear_gaussian_conformal,gaussian,384,heave_rate,20,2.0,434304,9,0.1,0.9414787798408488,0.16438114604542525,0.21416635407991647,0.02126627244027828,0.010633136220139143,0.0,0.9301563536140584,0.9530075707338638,1,False,121500,,,,,conformal,unseen_vessel,0.3669535008792491
dlinear_gaussian_conformal,gaussian,384,heave_rate,30,3.0,434304,9,0.1,0.937539143088712,0.39704816611232946,0.5341651612962003,0.05264458116958926,0.02632229058479462,0.0,0.9256144313660478,0.9497629540598291,1,False,121500,,,,,conformal,unseen_vessel,0.3668990248574837
dlinear_gaussian_conformal,gaussian,384,heave_rate,50,5.0,434304,9,0.1,0.9386696875921013,0.4997733463964708,0.6619532728428744,0.06579360668036337,0.032896803340181704,0.0,0.927268687371058,0.9505271077402004,1,False,121500,,,,,conformal,unseen_vessel,0.3669440869125789
dlinear_gaussian_conformal,gaussian,384,heave_rate,100,10.0,434304,9,0.1,0.9453861811081639,1.0998529159116308,1.3379966271925643,0.1392888676542181,0.06964443382710905,0.0,0.9360596494621279,0.9553411895814914,1,False,121500,,,,,conformal,unseen_vessel,0.3670072514707468
dlinear_gaussian_conformal,gaussian,384,heave_rate,150,15.0,434304,9,0.1,0.940566976127321,1.448752982081637,1.794068877025718,0.1875671189051928,0.09378355945259644,0.0,0.9308899411472149,0.950633715093575,1,False,121500,,,,,conformal,unseen_vessel,0.3670157241047937
dlinear_gaussian_conformal,gaussian,384,roll,10,1.0,434304,9,0.1,0.9244400235779546,0.11757022110856212,0.21322908317971184,0.017268017668215306,0.008634008834107665,0.0,0.90740696608827,0.9406717414529914,2,False,121500,,,,,conformal,unseen_vessel,2.1637411794341554
dlinear_gaussian_conformal,gaussian,384,roll,20,2.0,434304,9,0.1,0.9146174108458591,0.7819962831687108,1.5625880700495292,0.12292873481630767,0.061464367408153794,0.0,0.8959596849211612,0.9328263152077807,2,False,121500,,,,,conformal,unseen_vessel,2.16324713835809
dlinear_gaussian_conformal,gaussian,384,roll,30,3.0,434304,9,0.1,0.9116770741231948,1.9388007647298275,4.005310954260618,0.31284769172514865,0.15642384586257435,0.0,0.8927020589264663,0.9302619248268493,2,False,121500,,,,,conformal,unseen_vessel,2.162494943561516
dlinear_gaussian_conformal,gaussian,384,roll,50,5.0,434304,9,0.1,0.9259573938992043,2.4939988630664987,4.418615845280669,0.3571731972741377,0.1785865986370688,0.0,0.9094832191276156,0.9420857855327144,2,False,121500,,,,,conformal,unseen_vessel,2.162524144828776
dlinear_gaussian_conformal,gaussian,384,roll,100,10.0,434304,9,0.1,0.9326830975537872,5.3767532689697415,8.380927287380084,0.7097118275182739,0.3548559137591366,0.0,0.9178269714301504,0.947584928989832,2,False,121500,,,,,conformal,unseen_vessel,2.163218272680421
dlinear_gaussian_conformal,gaussian,384,roll,150,15.0,434304,9,0.1,0.9331459070144414,7.88470922501243,12.045516805332465,1.0276332630262608,0.5138166315131305,0.0,0.9178713527851459,0.9475932181145005,2,False,121500,,,,,conformal,unseen_vessel,2.164599840366654
dlinear_gaussian_conformal,gaussian,384,pitch,10,1.0,434304,9,0.1,0.9653376436781609,0.09604619747304959,0.1086997537844504,0.010739883397803908,0.005369941698901954,0.0,0.9575409160403773,0.9732823091659298,2,False,121500,,,,,conformal,unseen_vessel,1.054918979036852
dlinear_gaussian_conformal,gaussian,384,pitch,20,2.0,434304,9,0.1,0.9639031646035956,0.5946025884330569,0.6867716982469038,0.06743842164081076,0.03371921082040541,0.0,0.9558797524314766,0.9722014994105511,2,False,121500,,,,,conformal,unseen_vessel,1.0551327883415698
dlinear_gaussian_conformal,gaussian,384,pitch,30,3.0,434304,9,0.1,0.9568366858237548,1.367979732235738,1.6432875412566368,0.1624073922308254,0.08120369611541269,0.0,0.9476523356911288,0.9660966166556145,2,False,121500,,,,,conformal,unseen_vessel,1.0554849077799051
dlinear_gaussian_conformal,gaussian,384,pitch,50,5.0,434304,9,0.1,0.9563508510167993,1.6988713478908162,2.0298518881482495,0.201761434681805,0.10088071734090251,0.0,0.9475207458370174,0.9655802157014441,2,False,121500,,,,,conformal,unseen_vessel,1.0556697846975005
dlinear_gaussian_conformal,gaussian,384,pitch,100,10.0,434304,9,0.1,0.9489251768346596,3.64362088927842,4.334985912668671,0.4469050422466881,0.22345252112334388,0.0,0.9404696940391983,0.9576059050803124,2,False,121500,,,,,conformal,unseen_vessel,1.0562287908366403
dlinear_gaussian_conformal,gaussian,384,pitch,150,15.0,434304,9,0.1,0.9339679118773946,4.2414401582926935,5.410182015813291,0.5580672748416781,0.2790336374208392,0.0,0.9240433544245505,0.9450732666519304,2,False,121500,,,,,conformal,unseen_vessel,1.056673569331931
dlinear_gaussian_conformal,gaussian,384,heave,10,1.0,434304,9,0.1,0.9226947023283231,0.04284408870036309,0.06708301570178851,0.006246664856252619,0.0031233324281263078,0.0,0.9082518236074271,0.9373232229037725,2,False,121500,,,,,conformal,unseen_vessel,0.6538497228934008
dlinear_gaussian_conformal,gaussian,384,heave,20,2.0,434304,9,0.1,0.9168531719717065,0.27067953295952374,0.45894604487963914,0.04112068991984121,0.020560344959920616,0.0,0.9011970301908341,0.9325143793287651,2,False,121500,,,,,conformal,unseen_vessel,0.6539339478701262
dlinear_gaussian_conformal,gaussian,384,heave,30,3.0,434304,9,0.1,0.9161693191865605,0.6853230077936564,1.178914586246603,0.1049894152583895,0.05249470762919478,0.0,0.9003591954022988,0.9319991296419098,2,False,121500,,,,,conformal,unseen_vessel,0.6541326237646001
dlinear_gaussian_conformal,gaussian,384,heave,50,5.0,434304,9,0.1,0.9183590296198055,0.8614857713220687,1.4451376322092553,0.1299578281392065,0.06497891406960324,0.0,0.902837183171235,0.9339388423776894,2,False,121500,,,,,conformal,unseen_vessel,0.6542583886872622
dlinear_gaussian_conformal,gaussian,384,heave,100,10.0,434304,9,0.1,0.9278063292071913,1.7997982400799017,2.55446259495786,0.24989164361027302,0.12494582180513651,0.0,0.9142911992521368,0.9409327337533157,2,False,121500,,,,,conformal,unseen_vessel,0.6543754769960836
dlinear_gaussian_conformal,gaussian,384,heave,150,15.0,434304,9,0.1,0.9254232058650163,2.4155104837483536,3.357681376666668,0.33475606909109984,0.1673780345455498,0.0,0.9123920111258473,0.9385966396809609,2,False,121500,,,,,conformal,unseen_vessel,0.6543828266952652
dlinear_gaussian_conformal,gaussian,384,roll_rate,10,1.0,434304,9,0.1,0.9487916298261125,0.06825213851600988,0.09555942942105436,0.008261287229334514,0.004130643614667258,0.0,0.9363090139625699,0.9613209871426466,2,False,121500,,,,,conformal,unseen_vessel,1.0024554842926892
dlinear_gaussian_conformal,gaussian,384,roll_rate,20,2.0,434304,9,0.1,0.9383450302092543,0.44515282929187466,0.6807528675058802,0.05744667696190573,0.028723338480952876,0.0,0.9236978591033009,0.9523472613653109,2,False,121500,,,,,conformal,unseen_vessel,1.002804304884665
dlinear_gaussian_conformal,gaussian,384,roll_rate,30,3.0,434304,9,0.1,0.9343040819333923,1.0870537195756325,1.727093888536304,0.14475319651630184,0.0723765982581509,0.0,0.9190816801134689,0.9489460147730622,2,False,121500,,,,,conformal,unseen_vessel,1.0032425289065006
dlinear_gaussian_conformal,gaussian,384,roll_rate,50,5.0,434304,9,0.1,0.9462289087827881,1.385823758187326,1.961500168417643,0.1683311527920277,0.0841655763960139,0.0,0.933031586170056,0.9590706624852637,2,False,121500,,,,,conformal,unseen_vessel,1.0033121804656835
dlinear_gaussian_conformal,gaussian,384,roll_rate,100,10.0,434304,9,0.1,0.9551074823165341,3.1075374770314297,3.9549725145749766,0.3514998137199871,0.1757499068599936,0.0,0.9443381824712643,0.9660066451149425,2,False,121500,,,,,conformal,unseen_vessel,1.0033808376976885
dlinear_gaussian_conformal,gaussian,384,roll_rate,150,15.0,434304,9,0.1,0.9539354921898026,4.483481941722022,5.700457262022104,0.5068498401504657,0.2534249200752331,0.0,0.9429663323386384,0.9653249221743295,2,False,121500,,,,,conformal,unseen_vessel,1.003279779544346
dlinear_gaussian_conformal,gaussian,384,pitch_rate,10,1.0,434304,9,0.1,0.9918996831712349,0.11094053305222462,0.1131486669959772,0.009993146021088332,0.004996573010544167,0.0,0.9888555021367522,0.9945938213785736,2,False,121500,,,,,conformal,unseen_vessel,0.7030690217475473
dlinear_gaussian_conformal,gaussian,384,pitch_rate,20,2.0,434304,9,0.1,0.9898941755083996,0.6643485565803807,0.6813827881627498,0.06102097508125195,0.030510487540625998,0.0,0.9864331781424992,0.9929338666003537,2,False,121500,,,,,conformal,unseen_vessel,0.703086203551836
dlinear_gaussian_conformal,gaussian,384,pitch_rate,30,3.0,434304,9,0.1,0.9844601937813144,1.3850678967392054,1.443014608305841,0.13469922900523834,0.06734961450261914,0.0,0.9804190728153552,0.988405011236369,2,False,121500,,,,,conformal,unseen_vessel,0.7030053176354107
dlinear_gaussian_conformal,gaussian,384,pitch_rate,50,5.0,434304,9,0.1,0.9807830459770115,1.6108750579490159,1.698613844986215,0.16181121974687349,0.08090560987343674,0.0,0.9759862907088123,0.9853515049366341,2,False,121500,,,,,conformal,unseen_vessel,0.7031631741182381
dlinear_gaussian_conformal,gaussian,384,pitch_rate,100,10.0,434304,9,0.1,0.9672510499557914,3.081520854078572,3.402291357446957,0.3416693370189209,0.1708346685094605,0.0,0.9605770382036546,0.973484817086649,2,False,121500,,,,,conformal,unseen_vessel,0.7033991527997708
dlinear_gaussian_conformal,gaussian,384,pitch_rate,150,15.0,434304,9,0.1,0.9474561597406425,3.147777616198458,3.7546646319584673,0.38856104161763255,0.19428052080881614,0.0,0.9387985144046567,0.9562843077659887,2,False,121500,,,,,conformal,unseen_vessel,0.7036809279539469
dlinear_gaussian_conformal,gaussian,384,heave_rate,10,1.0,434304,9,0.1,0.9438388778367227,0.025665636107354013,0.03248959885425606,0.0032901248171642,0.0016450624085820999,0.0,0.9335101679929266,0.954831523541114,2,False,121500,,,,,conformal,unseen_vessel,0.366916177705551
dlinear_gaussian_conformal,gaussian,384,heave_rate,20,2.0,434304,9,0.1,0.9420060602711465,0.16218138616154817,0.2112680433986497,0.020926006251178755,0.01046300312558938,0.0,0.9307358440170941,0.9534372236958444,2,False,121500,,,,,conformal,unseen_vessel,0.3669535008792491
dlinear_gaussian_conformal,gaussian,384,heave_rate,30,3.0,434304,9,0.1,0.9386535698496905,0.3989564000548167,0.5331843576098918,0.0525869118188255,0.026293455909412726,0.0,0.9268023089817271,0.9505976228632478,2,False,121500,,,,,conformal,unseen_vessel,0.3668990248574837
dlinear_gaussian_conformal,gaussian,384,heave_rate,50,5.0,434304,9,0.1,0.9380549108458591,0.495774544405166,0.6596696601766915,0.06547315398183605,0.03273657699091804,0.0,0.9265767757147068,0.9499248222443265,2,False,121500,,,,,conformal,unseen_vessel,0.3669440869125789
dlinear_gaussian_conformal,gaussian,384,heave_rate,100,10.0,434304,9,0.1,0.945215793545535,1.0989093862410277,1.3377520060375734,0.1392704839256506,0.06963524196282532,0.0,0.9358470103890363,0.9551850201702033,2,False,121500,,,,,conformal,unseen_vessel,0.3670072514707468
dlinear_gaussian_conformal,gaussian,384,heave_rate,150,15.0,434304,9,0.1,0.9405508583849101,1.448948715683536,1.794472403340271,0.18760540118841665,0.09380270059420835,0.0,0.9308804431918656,0.9506293978411435,2,False,121500,,,,,conformal,unseen_vessel,0.3670157241047937
tcn_quantile_conformal,quantile,384,roll,10,1.0,434304,9,0.1,0.32551162319481286,0.04636982332099685,1.8500004686583407,0.10357553761405099,0.05178776880702547,0.0,0.2992249668435013,0.3541767402556734,0,False,665704,,,,,conformal,unseen_vessel,2.1637411794341554
tcn_quantile_conformal,quantile,384,roll,20,2.0,434304,9,0.1,0.2682429818744474,0.09991138952461426,5.291703996592364,0.28983399287206923,0.14491699643603473,0.0,0.24409313522325377,0.2946614007699676,0,False,665704,,,,,conformal,unseen_vessel,2.16324713835809
tcn_quantile_conformal,quantile,384,roll,30,3.0,434304,9,0.1,0.2296363837312113,0.15610011048468092,9.516602810455016,0.5154527562736613,0.2577263781368306,0.0,0.20881197271956972,0.25281456076849396,0,False,665704,,,,,conformal,unseen_vessel,2.162494943561516
tcn_quantile_conformal,quantile,384,roll,50,5.0,434304,9,0.1,0.2585677313586796,0.23055844336191839,14.917675679407223,0.8058663767952292,0.40293318839761433,0.0,0.23337195835175362,0.28574241775346304,0,False,665704,,,,,conformal,unseen_vessel,2.162524144828776
tcn_quantile_conformal,quantile,384,roll,100,10.0,434304,9,0.1,0.4144401156793398,0.7968909791046048,18.812718776748163,1.132455228892031,0.5662276144460152,0.0,0.388595661103743,0.4427577802645152,0,False,665704,,,,,conformal,unseen_vessel,2.163218272680421
tcn_quantile_conformal,quantile,384,roll,150,15.0,434304,9,0.1,0.5770911619510758,1.727394230624858,16.507816535022663,1.1952200163496651,0.5976100081748326,0.0,0.5509140486847923,0.6046630931329207,0,False,665704,,,,,conformal,unseen_vessel,2.164599840366654
tcn_quantile_conformal,quantile,384,pitch,10,1.0,434304,9,0.1,0.6721835396404362,0.034930623036313245,0.10798802863385623,0.01102109432885149,0.005510547164425747,0.0,0.6578346043324491,0.6863426309681698,0,False,665704,,,,,conformal,unseen_vessel,1.054918979036852
tcn_quantile_conformal,quantile,384,pitch,20,2.0,434304,9,0.1,0.5042527814618332,0.0833134424848738,0.38801987652235176,0.0348352179263874,0.01741760896319371,0.0,0.4891849372789567,0.5200477085175361,0,False,665704,,,,,conformal,unseen_vessel,1.0551327883415698
tcn_quantile_conformal,quantile,384,pitch,30,3.0,434304,9,0.1,0.46901939655172414,0.1465914434972185,0.8015379399817244,0.06868958220425274,0.03434479110212639,0.0,0.4546042633731211,0.4837793918545535,0,False,665704,,,,,conformal,unseen_vessel,1.0554849077799051
tcn_quantile_conformal,quantile,384,pitch,50,5.0,434304,9,0.1,0.6317533340701444,0.27349353263230347,0.9629572610219516,0.09225882390852988,0.04612941195426495,0.0,0.6143183691607722,0.6496369478521957,0,False,665704,,,,,conformal,unseen_vessel,1.0556697846975005
tcn_quantile_conformal,quantile,384,pitch,100,10.0,434304,9,0.1,0.8077636862658414,1.099185483580158,1.6130695542944227,0.20243090899186056,0.10121545449593024,0.0,0.7954613013004715,0.8198389837533157,0,False,665704,,,,,conformal,unseen_vessel,1.0562287908366403
tcn_quantile_conformal,quantile,384,pitch,150,15.0,434304,9,0.1,0.8768719606542882,1.900816128885012,2.666914443705324,0.3293517544527372,0.1646758772263686,0.0,0.8622992765436193,0.8909559317897141,0,False,665704,,,,,conformal,unseen_vessel,1.056673569331931
tcn_quantile_conformal,quantile,384,heave,10,1.0,434304,9,0.1,0.47561385573239023,0.016121705530883358,0.1144170941604483,0.008986841929179456,0.00449342096458973,0.0,0.4606881930629237,0.4918504089301503,0,False,665704,,,,,conformal,unseen_vessel,0.6538497228934008
tcn_quantile_conformal,quantile,384,heave,20,2.0,434304,9,0.1,0.3015951959917477,0.030607019431095544,0.44762322594939224,0.029493611523800083,0.014746805761900045,0.0,0.28977968197391685,0.3145670429008252,0,False,665704,,,,,conformal,unseen_vessel,0.6539339478701262
tcn_quantile_conformal,quantile,384,heave,30,3.0,434304,9,0.1,0.3001860447981138,0.05457762208018617,0.8017917540068145,0.05287105144837439,0.026435525724187198,0.0,0.2860305223990569,0.3149800024867374,0,False,665704,,,,,conformal,unseen_vessel,0.6541326237646001
tcn_quantile_conformal,quantile,384,heave,50,5.0,434304,9,0.1,0.5682125884173298,0.15480817564628468,0.6752549631301978,0.0619177141513191,0.030958857075659554,0.0,0.5509029389552019,0.5866878960359563,0,False,665704,,,,,conformal,unseen_vessel,0.6542583886872622
tcn_quantile_conformal,quantile,384,heave,100,10.0,434304,9,0.1,0.7413816128794577,0.4792954730586687,1.0197096111715005,0.11866560957220011,0.05933280478610003,0.0,0.7254473824786324,0.7572853922597996,0,False,665704,,,,,conformal,unseen_vessel,0.6543754769960836
tcn_quantile_conformal,quantile,384,heave,150,15.0,434304,9,0.1,0.8640307250221043,0.9639901504421633,1.3609689265051708,0.17235661569298869,0.0861783078464944,0.0,0.8530595504531387,0.8747869004199823,0,False,665704,,,,,conformal,unseen_vessel,0.6543828266952652
tcn_quantile_conformal,quantile,384,roll_rate,10,1.0,434304,9,0.1,0.331917274535809,0.059652665952443854,1.5771834937161688,0.09316147497540972,0.04658073748770486,0.0,0.30854626022325377,0.3600456707743884,0,False,665704,,,,,conformal,unseen_vessel,1.0024554842926892
tcn_quantile_conformal,quantile,384,roll_rate,20,2.0,434304,9,0.1,0.2783326886236369,0.09183154674677456,2.8494994871868045,0.1651241609919164,0.08256208049595816,0.0,0.2584823648872679,0.29996114472811675,0,False,665704,,,,,conformal,unseen_vessel,1.002804304884665
tcn_quantile_conformal,quantile,384,roll_rate,30,3.0,434304,9,0.1,0.3391840738284704,0.11661787598925062,3.291490959229407,0.1928595372606181,0.09642976863030911,0.0,0.313509431181845,0.3669479212717359,0,False,665704,,,,,conformal,unseen_vessel,1.0032425289065006
tcn_quantile_conformal,quantile,384,roll_rate,50,5.0,434304,9,0.1,0.34785541924550545,0.20235941696776158,5.1392848065594,0.3062203160118849,0.15311015800594246,0.0,0.32399678566165635,0.37518011577144117,0,False,665704,,,,,conformal,unseen_vessel,1.0033121804656835
tcn_quantile_conformal,quantile,384,roll_rate,100,10.0,434304,9,0.1,0.5278836943707633,0.6424763624798361,7.312659129225531,0.5061058701176644,0.25305293505883214,0.0,0.5027968888152078,0.5558141877578838,0,False,665704,,,,,conformal,unseen_vessel,1.0033808376976885
tcn_quantile_conformal,quantile,384,roll_rate,150,15.0,434304,9,0.1,0.6649927239905689,1.214884037716759,7.026472852215465,0.5815293570730738,0.29076467853653687,0.0,0.6399463279177718,0.6918494879162982,0,False,665704,,,,,conformal,unseen_vessel,1.003279779544346
tcn_quantile_conformal,quantile,384,pitch_rate,10,1.0,434304,9,0.1,0.570197373268494,0.04436205933041392,0.16200192687934536,0.01552249540520478,0.007761247702602381,0.0,0.5520319292477158,0.5890736097295903,0,False,665704,,,,,conformal,unseen_vessel,0.7030690217475473
tcn_quantile_conformal,quantile,384,pitch_rate,20,2.0,434304,9,0.1,0.5885324565281462,0.09368175597541782,0.3469527821182526,0.03353860162952449,0.01676930081476224,0.0,0.5746737884062776,0.6031776129162982,0,False,665704,,,,,conformal,unseen_vessel,0.703086203551836
tcn_quantile_conformal,quantile,384,pitch_rate,30,3.0,434304,9,0.1,0.6758537798408488,0.12062408697566303,0.40633137653493095,0.03954662419495677,0.019773312097478388,0.0,0.6561292320586501,0.6959889271109637,0,False,665704,,,,,conformal,unseen_vessel,0.7030053176354107
tcn_quantile_conformal,quantile,384,pitch_rate,50,5.0,434304,9,0.1,0.6400631815502505,0.30058407220761213,0.6547384027377073,0.07449273905824526,0.03724636952912263,0.0,0.6199604424550546,0.661203212496316,0,False,665704,,,,,conformal,unseen_vessel,0.7031631741182381
tcn_quantile_conformal,quantile,384,pitch_rate,100,10.0,434304,9,0.1,0.8278072502210433,0.9263473918674286,1.311082787070438,0.16461905509072675,0.08230952754536337,0.0,0.8149627334770115,0.8405389427681993,0,False,665704,,,,,conformal,unseen_vessel,0.7033991527997708
tcn_quantile_conformal,quantile,384,pitch_rate,150,15.0,434304,9,0.1,0.9152897509578544,1.4842236033396654,1.828851480224128,0.23480728706519424,0.11740364353259714,0.0,0.9076517255194518,0.9236805900935751,0,False,665704,,,,,conformal,unseen_vessel,0.7036809279539469
tcn_quantile_conformal,quantile,384,heave_rate,10,1.0,434304,9,0.1,0.36170055997642203,0.019231081736556407,0.2081014265408357,0.014671651523033753,0.007335825761516876,0.0,0.3475451527040967,0.37752611074270553,0,False,665704,,,,,conformal,unseen_vessel,0.366916177705551
tcn_quantile_conformal,quantile,384,heave_rate,20,2.0,434304,9,0.1,0.3628403146183319,0.0299600797093837,0.3524973441774043,0.024352653304875245,0.012176326652437624,0.0,0.34716678870100204,0.37980262673150605,0,False,665704,,,,,conformal,unseen_vessel,0.3669535008792491
tcn_quantile_conformal,quantile,384,heave_rate,30,3.0,434304,9,0.1,0.5536582670203359,0.04877557272318925,0.2518886775026623,0.021704325961322667,0.010852162980661328,0.0,0.5349761917919245,0.5717961381889184,0,False,665704,,,,,conformal,unseen_vessel,0.3668990248574837
tcn_quantile_conformal,quantile,384,heave_rate,50,5.0,434304,9,0.1,0.46372817197170646,0.08295115082784965,0.5269012492317385,0.042294293442217426,0.02114714672110873,0.0,0.445751363100501,0.4827201683613322,0,False,665704,,,,,conformal,unseen_vessel,0.3669440869125789
tcn_quantile_conformal,quantile,384,heave_rate,100,10.0,434304,9,0.1,0.7084139220453876,0.31395497109483955,0.7117647573245709,0.08072906921733994,0.040364534608669934,0.0,0.6922686643457118,0.7255597461685824,0,False,665704,,,,,conformal,unseen_vessel,0.3670072514707468
tcn_quantile_conformal,quantile,384,heave_rate,150,15.0,434304,9,0.1,0.86775852858827,0.6128749084495854,0.835919513706279,0.10892481552776974,0.05446240776388487,0.0,0.856938745671235,0.8787009790377247,0,False,665704,,,,,conformal,unseen_vessel,0.3670157241047937
tcn_quantile_conformal,quantile,384,roll,10,1.0,434304,9,0.1,0.3647928639846743,0.05599548523680778,1.9698362700134049,0.11218478947463865,0.05609239473731932,0.0,0.3363811984232243,0.3963840996168582,1,False,665704,,,,,conformal,unseen_vessel,2.1637411794341554
tcn_quantile_conformal,quantile,384,roll,20,2.0,434304,9,0.1,0.2657470343353964,0.09405091806277402,5.50641853471182,0.29980743202918264,0.14990371601459132,0.0,0.2416390362511052,0.2931828857206012,1,False,665704,,,,,conformal,unseen_vessel,2.16324713835809
tcn_quantile_conformal,quantile,384,roll,30,3.0,434304,9,0.1,0.1897196433834365,0.14418539221875637,9.708260909899918,0.5232680970516502,0.2616340485258251,0.0,0.17456459070144414,0.20802087938402591,1,False,665704,,,,,conformal,unseen_vessel,2.162494943561516
tcn_quantile_conformal,quantile,384,roll,50,5.0,434304,9,0.1,0.21172726937813144,0.2292228721714522,15.041156205411568,0.8123304003196825,0.40616520015984137,0.0,0.1920696102269378,0.2341509058171235,1,False,665704,,,,,conformal,unseen_vessel,2.162524144828776
tcn_quantile_conformal,quantile,384,roll,100,10.0,434304,9,0.1,0.4024254899793693,0.7899730863517553,18.34301824757373,1.106658252736813,0.5533291263684067,0.0,0.37688566073533747,0.42926642397951664,1,False,665704,,,,,conformal,unseen_vessel,2.163218272680421
tcn_quantile_conformal,quantile,384,roll,150,15.0,434304,9,0.1,0.5713463380489242,1.728924626686869,16.813629765058067,1.2067577587193428,0.6033788793596714,0.0,0.5453366190502505,0.598188135499558,1,False,665704,,,,,conformal,unseen_vessel,2.164599840366654
tcn_quantile_conformal,quantile,384,pitch,10,1.0,434304,9,0.1,0.654133970674919,0.03393966952613692,0.1113346433209443,0.010832949328736723,0.005416474664368364,0.0,0.6363611088085765,0.6721628743921308,1,False,665704,,,,,conformal,unseen_vessel,1.054918979036852
tcn_quantile_conformal,quantile,384,pitch,20,2.0,434304,9,0.1,0.5365711575302092,0.07856740940234537,0.31340805656316817,0.029474853379554158,0.014737426689777082,0.0,0.5185141628905099,0.5553764759246979,1,False,665704,,,,,conformal,unseen_vessel,1.0551327883415698
tcn_quantile_conformal,quantile,384,pitch,30,3.0,434304,9,0.1,0.48851035219569705,0.13686736912740016,0.6567734852607441,0.05862127191621317,0.029310635958106575,0.0,0.4726905002026231,0.5041743225943117,1,False,665704,,,,,conformal,unseen_vessel,1.0554849077799051
tcn_quantile_conformal,quantile,384,pitch,50,5.0,434304,9,0.1,0.6618198312702623,0.26901579674430603,0.8296408563532127,0.08303947169812641,0.04151973584906318,0.0,0.647560464559387,0.6767301820844386,1,False,665704,,,,,conformal,unseen_vessel,1.0556697846975005
tcn_quantile_conformal,quantile,384,pitch,100,10.0,434304,9,0.1,0.8198312702623047,1.045076046963144,1.5357964448257604,0.19438473762986094,0.0971923688149305,0.0,0.8107392517683466,0.829158204851901,1,False,665704,,,,,conformal,unseen_vessel,1.0562287908366403
tcn_quantile_conformal,quantile,384,pitch,150,15.0,434304,9,0.1,0.8785965590922488,1.8502129035897839,2.540994916017456,0.3186140136175497,0.15930700680877485,0.0,0.8661096835396405,0.8908138078396699,1,False,665704,,,,,conformal,unseen_vessel,1.056673569331931
tcn_quantile_conformal,quantile,384,heave,10,1.0,434304,9,0.1,0.43037595785440613,0.013130869377436225,0.13353312774389622,0.00957298559459267,0.0047864927972963356,0.0,0.41195441441939284,0.44915721476201004,1,False,665704,,,,,conformal,unseen_vessel,0.6538497228934008
tcn_quantile_conformal,quantile,384,heave,20,2.0,434304,9,0.1,0.3005636604774536,0.025357574918228813,0.41731504157731386,0.026757945976607935,0.013378972988303964,0.0,0.2876778132368111,0.3148010379826113,1,False,665704,,,,,conformal,unseen_vessel,0.6539339478701262
tcn_quantile_conformal,quantile,384,heave,30,3.0,434304,9,0.1,0.31459530651340994,0.04958781264925108,0.7066154514487306,0.04682079411968381,0.0234103970598419,0.0,0.301586043416593,0.3279375161177424,1,False,665704,,,,,conformal,unseen_vessel,0.6541326237646001
tcn_quantile_conformal,quantile,384,heave,50,5.0,434304,9,0.1,0.5286089927792514,0.14813632697974385,0.7775517331389704,0.0668037707836752,0.03340188539183758,0.0,0.5105028965885647,0.547842697741674,1,False,665704,,,,,conformal,unseen_vessel,0.6542583886872622
tcn_quantile_conformal,quantile,384,heave,100,10.0,434304,9,0.1,0.7411674771588564,0.46872729602055335,0.9867505185581232,0.11467891436971991,0.05733945718485997,0.0,0.7257680104258768,0.7566216866526673,1,False,665704,,,,,conformal,unseen_vessel,0.6543754769960836
tcn_quantile_conformal,quantile,384,heave,150,15.0,434304,9,0.1,0.8616015509873268,0.9300309852529767,1.3184798383075498,0.16837319699502842,0.08418659849751425,0.0,0.8512229912687888,0.8720432577180961,1,False,665704,,,,,conformal,unseen_vessel,0.6543828266952652
tcn_quantile_conformal,quantile,384,roll_rate,10,1.0,434304,9,0.1,0.3500151967285588,0.0584746421415918,1.5854717545317796,0.09337293329766176,0.04668646664883084,0.0,0.32310967663203655,0.3792989472811671,1,False,665704,,,,,conformal,unseen_vessel,1.0024554842926892
tcn_quantile_conformal,quantile,384,roll_rate,20,2.0,434304,9,0.1,0.2791408782788093,0.08540042752017157,2.8983765407884574,0.16664695152609754,0.08332347576304874,0.0,0.25857176079428235,0.3027549251215738,1,False,665704,,,,,conformal,unseen_vessel,1.002804304884665
tcn_quantile_conformal,quantile,384,roll_rate,30,3.0,434304,9,0.1,0.3145032051282051,0.10971899894335489,3.269562551264518,0.19047403960699638,0.09523701980349816,0.0,0.29056783957780724,0.34203035201149423,1,False,665704,,,,,conformal,unseen_vessel,1.0032425289065006
tcn_quantile_conformal,quantile,384,roll_rate,50,5.0,434304,9,0.1,0.3260319960212202,0.193251318499319,4.778370922518329,0.28628378137006466,0.14314189068503227,0.0,0.3054696134504863,0.3509567031388152,1,False,665704,,,,,conformal,unseen_vessel,1.0033121804656835
tcn_quantile_conformal,quantile,384,roll_rate,100,10.0,434304,9,0.1,0.49641265104627175,0.640869957007541,7.144133747299363,0.4985184187869807,0.24925920939349042,0.0,0.4732094339448865,0.5221105492926613,1,False,665704,,,,,conformal,unseen_vessel,1.0033808376976885
tcn_quantile_conformal,quantile,384,roll_rate,150,15.0,434304,9,0.1,0.6509357500736811,1.2072443813902443,6.948137022116898,0.5782342151069955,0.28911710755349773,0.0,0.6266788931255526,0.6769024116747716,1,False,665704,,,,,conformal,unseen_vessel,1.003279779544346
tcn_quantile_conformal,quantile,384,pitch_rate,10,1.0,434304,9,0.1,0.6595518346595933,0.046015137518185444,0.12054596942332113,0.012983259726413834,0.006491629863206918,0.0,0.644663185234306,0.6749571728558798,1,False,665704,,,,,conformal,unseen_vessel,0.7030690217475473
tcn_quantile_conformal,quantile,384,pitch_rate,20,2.0,434304,9,0.1,0.6121035035366932,0.09085537113209671,0.3242404164479385,0.031633112921233886,0.015816556460616946,0.0,0.5993497066570881,0.6254465765915119,1,False,665704,,,,,conformal,unseen_vessel,0.703086203551836
tcn_quantile_conformal,quantile,384,pitch_rate,30,3.0,434304,9,0.1,0.6792845564397288,0.11774289377749471,0.39906184095227565,0.03843799386895983,0.019218996934479916,0.0,0.6622532834143826,0.6969718791445624,1,False,665704,,,,,conformal,unseen_vessel,0.7030053176354107
tcn_quantile_conformal,quantile,384,pitch_rate,50,5.0,434304,9,0.1,0.6444310897435898,0.2849941951071717,0.600603881363907,0.06869388480471718,0.034346942402358624,0.0,0.624238321544356,0.6642650079207191,1,False,665704,,,,,conformal,unseen_vessel,0.7031631741182381
tcn_quantile_conformal,quantile,384,pitch_rate,100,10.0,434304,9,0.1,0.8274181218685529,0.8967222929610327,1.308287246088089,0.16281361759059,0.08140680879529505,0.0,0.8171801894525493,0.8382522380636604,1,False,665704,,,,,conformal,unseen_vessel,0.7033991527997708
tcn_quantile_conformal,quantile,384,pitch_rate,150,15.0,434304,9,0.1,0.9116839817270852,1.4565812687975839,1.8258153609883758,0.233525123569513,0.1167625617847564,0.0,0.9035528109342765,0.9204547390767758,1,False,665704,,,,,conformal,unseen_vessel,0.7036809279539469
tcn_quantile_conformal,quantile,384,heave_rate,10,1.0,434304,9,0.1,0.3505194518125553,0.013183401451878672,0.17027727919992064,0.011488216035194903,0.0057441080175974525,0.0,0.3369894129457707,0.3653349957633363,1,False,665704,,,,,conformal,unseen_vessel,0.366916177705551
tcn_quantile_conformal,quantile,384,heave_rate,20,2.0,434304,9,0.1,0.3920456638667846,0.027363944980086798,0.27559694940379487,0.019729578780973946,0.009864789390486968,0.0,0.3781701872421161,0.40681515712496313,1,False,665704,,,,,conformal,unseen_vessel,0.3669535008792491
tcn_quantile_conformal,quantile,384,heave_rate,30,3.0,434304,9,0.1,0.5486180187150015,0.047319605484387045,0.22446373079387894,0.020026850430892532,0.010013425215446263,0.0,0.5318820457559682,0.5659185156019746,1,False,665704,,,,,conformal,unseen_vessel,0.3668990248574837
tcn_quantile_conformal,quantile,384,heave_rate,50,5.0,434304,9,0.1,0.4753582743884468,0.08066331032310968,0.4988375449094351,0.04052976332404934,0.020264881662024652,0.0,0.4561428745763336,0.49462720813071026,1,False,665704,,,,,conformal,unseen_vessel,0.3669440869125789
tcn_quantile_conformal,quantile,384,heave_rate,100,10.0,434304,9,0.1,0.6984923003241968,0.3062743983190393,0.7380504297874831,0.08164859561109072,0.04082429780554537,0.0,0.6802243935123784,0.7173245583738579,1,False,665704,,,,,conformal,unseen_vessel,0.3670072514707468
tcn_quantile_conformal,quantile,384,heave_rate,150,15.0,434304,9,0.1,0.8746845527556735,0.6056820067110358,0.829352336687637,0.10755011098614888,0.05377505549307443,0.0,0.8650920783598586,0.8847099036619511,1,False,665704,,,,,conformal,unseen_vessel,0.3670157241047937
tcn_quantile_conformal,quantile,384,roll,10,1.0,434304,9,0.1,0.38530614500442084,0.053426613379627716,1.6606441675688701,0.09494560431232915,0.047472802156164555,0.0,0.35541492825302096,0.4183406093427645,2,False,665704,,,,,conformal,unseen_vessel,2.1637411794341554
tcn_quantile_conformal,quantile,384,roll,20,2.0,434304,9,0.1,0.2866655614500442,0.10097698171544532,4.829817032324774,0.2655575851381408,0.1327787925690704,0.0,0.26080763704686116,0.31393770262304743,2,False,665704,,,,,conformal,unseen_vessel,2.16324713835809
tcn_quantile_conformal,quantile,384,roll,30,3.0,434304,9,0.1,0.2588946912761568,0.1594015654482127,8.872626737644918,0.4840807425214837,0.24204037126074188,0.0,0.23410733034924847,0.2840482127726201,2,False,665704,,,,,conformal,unseen_vessel,2.162494943561516
tcn_quantile_conformal,quantile,384,roll,50,5.0,434304,9,0.1,0.24273780577659887,0.23473028202991802,14.323030640566488,0.7767421896646722,0.388371094832336,0.0,0.22105535523504272,0.2677203640767757,2,False,665704,,,,,conformal,unseen_vessel,2.162524144828776
tcn_quantile_conformal,quantile,384,roll,100,10.0,434304,9,0.1,0.42380222148541113,0.7994973713145915,18.47978509023069,1.115881804115442,0.5579409020577214,0.0,0.3964158170313882,0.4522599953028294,2,False,665704,,,,,conformal,unseen_vessel,2.163218272680421
tcn_quantile_conformal,quantile,384,roll,150,15.0,434304,9,0.1,0.5678626031535514,1.7216754362969424,16.607486797308216,1.1978078379877648,0.5989039189938821,0.0,0.5419193698423224,0.594924235097996,2,False,665704,,,,,conformal,unseen_vessel,2.164599840366654
tcn_quantile_conformal,quantile,384,pitch,10,1.0,434304,9,0.1,0.7357933613321544,0.03408021331162839,0.11908774495456013,0.010893887491176115,0.005446943745588059,0.0,0.7154654919134984,0.7554016886788977,2,False,665704,,,,,conformal,unseen_vessel,1.054918979036852
tcn_quantile_conformal,quantile,384,pitch,20,2.0,434304,9,0.1,0.5918757368110816,0.0781450476032996,0.3651466838921907,0.03161448570397802,0.01580724285198901,0.0,0.573546352324639,0.6099818330017683,2,False,665704,,,,,conformal,unseen_vessel,1.0551327883415698
tcn_quantile_conformal,quantile,384,pitch,30,3.0,434304,9,0.1,0.5001726900972591,0.13633590780459529,0.7185245726332242,0.061417499490601664,0.030708749745300842,0.0,0.4851837077254642,0.5142658138078398,2,False,665704,,,,,conformal,unseen_vessel,1.0554849077799051
tcn_quantile_conformal,quantile,384,pitch,50,5.0,434304,9,0.1,0.6437863800471559,0.2720871652411481,0.9388458196301804,0.08989674757741413,0.04494837378870706,0.0,0.6267898177313588,0.6618044042882405,2,False,665704,,,,,conformal,unseen_vessel,1.0556697846975005
tcn_quantile_conformal,quantile,384,pitch,100,10.0,434304,9,0.1,0.8185809939581491,1.075490808726034,1.7621212867417306,0.20945536144827254,0.1047276807241363,0.0,0.8030403242889773,0.8342683926466254,2,False,665704,,,,,conformal,unseen_vessel,1.0562287908366403
tcn_quantile_conformal,quantile,384,pitch,150,15.0,434304,9,0.1,0.8544729037724728,1.860052840873238,2.9428549070106502,0.3471897114177614,0.17359485570888072,0.0,0.8364144124852637,0.8718557738358385,2,False,665704,,,,,conformal,unseen_vessel,1.056673569331931
tcn_quantile_conformal,quantile,384,heave,10,1.0,434304,9,0.1,0.4720955828175656,0.014199739957391749,0.13198574491375406,0.009551355404694314,0.004775677702347154,0.0,0.4536168213969938,0.4917947451554672,2,False,665704,,,,,conformal,unseen_vessel,0.6538497228934008
tcn_quantile_conformal,quantile,384,heave,20,2.0,434304,9,0.1,0.30759560123784263,0.02595320239840755,0.42575434715212584,0.027395735829238762,0.013697867914619383,0.0,0.2946417716622458,0.3209216930997642,2,False,665704,,,,,conformal,unseen_vessel,0.6539339478701262
tcn_quantile_conformal,quantile,384,heave,30,3.0,434304,9,0.1,0.3015445402298851,0.05055869122570168,0.7541617942358243,0.04947123921189627,0.024735619605948122,0.0,0.2887579322318008,0.3146745712680519,2,False,665704,,,,,conformal,unseen_vessel,0.6541326237646001
tcn_quantile_conformal,quantile,384,heave,50,5.0,434304,9,0.1,0.5250262488947833,0.15439883494017007,0.8481185792777222,0.07164253309534314,0.03582126654767158,0.0,0.5051802424108458,0.5453167596890657,2,False,665704,,,,,conformal,unseen_vessel,0.6542583886872622
tcn_quantile_conformal,quantile,384,heave,100,10.0,434304,9,0.1,0.7352729885057471,0.489162198501495,1.0134401330304599,0.11846445027066128,0.059232225135330635,0.0,0.7185309713933098,0.7515536352416741,2,False,665704,,,,,conformal,unseen_vessel,0.6543754769960836
tcn_quantile_conformal,quantile,384,heave,150,15.0,434304,9,0.1,0.8358200707338639,0.9534824898095882,1.5288273039882114,0.18372675464636126,0.09186337732318069,0.0,0.8196993350279987,0.8510890988800471,2,False,665704,,,,,conformal,unseen_vessel,0.6543828266952652
tcn_quantile_conformal,quantile,384,roll_rate,10,1.0,434304,9,0.1,0.3520805702917772,0.0606104667868619,1.3957326085810893,0.08347350693123184,0.041736753465615936,0.0,0.3256798233495432,0.3793699804745063,2,False,665704,,,,,conformal,unseen_vessel,1.0024554842926892
tcn_quantile_conformal,quantile,384,roll_rate,20,2.0,434304,9,0.1,0.32714872531682876,0.0996437956848364,2.71400696448484,0.15985037311677644,0.07992518655838822,0.0,0.3017118769341291,0.3549667398872679,2,False,665704,,,,,conformal,unseen_vessel,1.002804304884665
tcn_quantile_conformal,quantile,384,roll_rate,30,3.0,434304,9,0.1,0.3269299845269673,0.12382764787745894,3.248744146562331,0.19243628614180242,0.09621814307090122,0.0,0.30247649112142644,0.35264336731874446,2,False,665704,,,,,conformal,unseen_vessel,1.0032425289065006
tcn_quantile_conformal,quantile,384,roll_rate,50,5.0,434304,9,0.1,0.37473751105216624,0.21323923710874143,4.001634365755992,0.24997001599381627,0.12498500799690813,0.0,0.34951779168508695,0.4008386406756558,2,False,665704,,,,,conformal,unseen_vessel,1.0033121804656835
tcn_quantile_conformal,quantile,384,roll_rate,100,10.0,434304,9,0.1,0.5069628647214854,0.6362852785540405,6.955270050112297,0.48654596954356416,0.2432729847717821,0.0,0.48255363754420866,0.5329458743184498,2,False,665704,,,,,conformal,unseen_vessel,1.0033808376976885
tcn_quantile_conformal,quantile,384,roll_rate,150,15.0,434304,9,0.1,0.65301033377542,1.224671724159024,7.093528734097465,0.5881104895645296,0.29405524478226486,0.0,0.6280527004126142,0.6786925172229591,2,False,665704,,,,,conformal,unseen_vessel,1.003279779544346
tcn_quantile_conformal,quantile,384,pitch_rate,10,1.0,434304,9,0.1,0.6169319186560566,0.04214798240387093,0.17279343101367536,0.015333375775823506,0.007666687887911751,0.0,0.5975908004531388,0.6369975869437077,2,False,665704,,,,,conformal,unseen_vessel,0.7030690217475473
tcn_quantile_conformal,quantile,384,pitch_rate,20,2.0,434304,9,0.1,0.5938006557618627,0.0896914779716006,0.3225785613016639,0.031307259161612845,0.015653629580806433,0.0,0.5783644060381667,0.6083415073312703,2,False,665704,,,,,conformal,unseen_vessel,0.703086203551836
tcn_quantile_conformal,quantile,384,pitch_rate,30,3.0,434304,9,0.1,0.6570052313586796,0.11730312402456536,0.41377125395053893,0.04003535438837776,0.020017677194188895,0.0,0.6404752776856764,0.6765151829133511,2,False,665704,,,,,conformal,unseen_vessel,0.7030053176354107
tcn_quantile_conformal,quantile,384,pitch_rate,50,5.0,434304,9,0.1,0.6398191128794577,0.2856555790224855,0.6782798102968701,0.07403938543725509,0.03701969271862753,0.0,0.6206737676834659,0.6586708849101091,2,False,665704,,,,,conformal,unseen_vessel,0.7031631741182381
tcn_quantile_conformal,quantile,384,pitch_rate,100,10.0,434304,9,0.1,0.8050397877984085,0.9070656786024001,1.3691802000045272,0.1677213630862694,0.08386068154313467,0.0,0.7895759076591512,0.8205227789750957,2,False,665704,,,,,conformal,unseen_vessel,0.7033991527997708
tcn_quantile_conformal,quantile,384,pitch_rate,150,15.0,434304,9,0.1,0.9021768162393162,1.4760754820083788,1.879578835470627,0.23818671679705009,0.11909335839852513,0.0,0.8901174638041557,0.9131831620247569,2,False,665704,,,,,conformal,unseen_vessel,0.7036809279539469
tcn_quantile_conformal,quantile,384,heave_rate,10,1.0,434304,9,0.1,0.3528081712348954,0.01218349738983455,0.14444559503871504,0.009886308571924806,0.004943154285962402,0.0,0.33921705763704685,0.3673964550176835,2,False,665704,,,,,conformal,unseen_vessel,0.366916177705551
tcn_quantile_conformal,quantile,384,heave_rate,20,2.0,434304,9,0.1,0.3894000515767757,0.027629133610459482,0.2659867721238084,0.019297495431893987,0.009648747715946992,0.0,0.37474850565502504,0.4042824841585617,2,False,665704,,,,,conformal,unseen_vessel,0.3669535008792491
tcn_quantile_conformal,quantile,384,heave_rate,30,3.0,434304,9,0.1,0.5207596522251695,0.047980203509272554,0.2413393061117012,0.02111366150250789,0.010556830751253948,0.0,0.503281860171677,0.5368905766467728,2,False,665704,,,,,conformal,unseen_vessel,0.3668990248574837
tcn_quantile_conformal,quantile,384,heave_rate,50,5.0,434304,9,0.1,0.5161223474801061,0.08265352698433379,0.46740518570559086,0.03884581507533892,0.019422907537669464,0.0,0.49697872918508695,0.5347819729958738,2,False,665704,,,,,conformal,unseen_vessel,0.3669440869125789
tcn_quantile_conformal,quantile,384,heave_rate,100,10.0,434304,9,0.1,0.7140067786619511,0.31753762649519907,0.7718310163447148,0.08507110446318467,0.042535552231592305,0.0,0.6961390523688477,0.7312804510204833,2,False,665704,,,,,conformal,unseen_vessel,0.3670072514707468
tcn_quantile_conformal,quantile,384,heave_rate,150,15.0,434304,9,0.1,0.8700979037724728,0.6221502217085737,0.8690133664986176,0.11288966051772674,0.05644483025886337,0.0,0.8591441133399647,0.8799878656424993,2,False,665704,,,,,conformal,unseen_vessel,0.3670157241047937
tcn_gaussian_conformal,gaussian,384,roll,10,1.0,434304,9,0.1,0.19987842617152962,0.021651111556343514,1.9164507828961082,0.10157405877919441,0.05078702938959721,0.0,0.1761157507183908,0.22724013594164455,0,False,256204,,,,,conformal,unseen_vessel,2.1637411794341554
tcn_gaussian_conformal,gaussian,384,roll,20,2.0,434304,9,0.1,0.1365011604774536,0.05009329776049253,5.236435834516377,0.27543789409272523,0.13771894704636264,0.0,0.12080794788903626,0.15442708333333333,0,False,256204,,,,,conformal,unseen_vessel,2.16324713835809
tcn_gaussian_conformal,gaussian,384,roll,30,3.0,434304,9,0.1,0.12699399498968464,0.10878977416971551,9.310071437238014,0.49494326391250293,0.24747163195625146,0.0,0.1156199919871795,0.13998742816091955,0,False,256204,,,,,conformal,unseen_vessel,2.162494943561516
tcn_gaussian_conformal,gaussian,384,roll,50,5.0,434304,9,0.1,0.16602656203949306,0.2080504511485647,14.924455397168481,0.8015336308148127,0.4007668154074064,0.0,0.14855458388594164,0.18451131005010313,0,False,256204,,,,,conformal,unseen_vessel,2.162524144828776
tcn_gaussian_conformal,gaussian,384,roll,100,10.0,434304,9,0.1,0.387804395078102,0.8953001298147003,19.340207623686915,1.1781050724825404,0.5890525362412701,0.0,0.36356693698423226,0.41289459687223695,0,False,256204,,,,,conformal,unseen_vessel,2.163218272680421
tcn_gaussian_conformal,gaussian,384,roll,150,15.0,434304,9,0.1,0.5842290193044504,2.035805129506188,15.910556152886537,1.2080361741944772,0.6040180870972385,0.0,0.5588329257847038,0.6102107625073682,0,False,256204,,,,,conformal,unseen_vessel,2.164599840366654
tcn_gaussian_conformal,gaussian,384,pitch,10,1.0,434304,9,0.1,0.5248397435897436,0.022779913010949296,0.11526390723606605,0.009747736812235336,0.004873868406117669,0.0,0.4997080961722664,0.5517591940207781,0,False,256204,,,,,conformal,unseen_vessel,1.054918979036852
tcn_gaussian_conformal,gaussian,384,pitch,20,2.0,434304,9,0.1,0.4147624705275567,0.08151493559024643,0.5163752583670602,0.04103068076088734,0.02051534038044368,0.0,0.3917752887378426,0.4391049817639257,0,False,256204,,,,,conformal,unseen_vessel,1.0551327883415698
tcn_gaussian_conformal,gaussian,384,pitch,30,3.0,434304,9,0.1,0.3732546787503684,0.15400018369965265,1.1077040972725283,0.08542485284021104,0.042712426420105525,0.0,0.35070895041261424,0.39668302617521367,0,False,256204,,,,,conformal,unseen_vessel,1.0554849077799051
tcn_gaussian_conformal,gaussian,384,pitch,50,5.0,434304,9,0.1,0.5533082817565577,0.3377898967563477,1.28416230269745,0.11511653471374951,0.057558267356874755,0.0,0.5303761305445034,0.5775268015030947,0,False,256204,,,,,conformal,unseen_vessel,1.0556697846975005
tcn_gaussian_conformal,gaussian,384,pitch,100,10.0,434304,9,0.1,0.8118552903035662,1.2852047245128986,1.6929636687594538,0.21832440904908793,0.1091622045245439,0.0,0.7981469201296787,0.824675572870616,0,False,256204,,,,,conformal,unseen_vessel,1.0562287908366403
tcn_gaussian_conformal,gaussian,384,pitch,150,15.0,434304,9,0.1,0.8807862695254937,2.1405181428226094,2.7414535438965397,0.35552706887281227,0.1777635344364061,0.0,0.8729294457338639,0.8893663770078102,0,False,256204,,,,,conformal,unseen_vessel,1.056673569331931
tcn_gaussian_conformal,gaussian,384,heave,10,1.0,434304,9,0.1,0.2544116563513115,0.005829276419031804,0.13357163246588127,0.008075006016795724,0.004037503008397863,0.0,0.24223337800250516,0.2681672284851164,0,False,256204,,,,,conformal,unseen_vessel,0.6538497228934008
tcn_gaussian_conformal,gaussian,384,heave,20,2.0,434304,9,0.1,0.21970324933687002,0.017810277110229835,0.44552756784215775,0.02663305346828257,0.013316526734141272,0.0,0.20880909455128208,0.2320316529435603,0,False,256204,,,,,conformal,unseen_vessel,0.6539339478701262
tcn_gaussian_conformal,gaussian,384,heave,30,3.0,434304,9,0.1,0.2992074675803124,0.048824771527308554,0.7535338807768716,0.0488491819554383,0.024424590977719155,0.0,0.28424415846964335,0.31539802764883584,0,False,256204,,,,,conformal,unseen_vessel,0.6541326237646001
tcn_gaussian_conformal,gaussian,384,heave,50,5.0,434304,9,0.1,0.49102241747715886,0.1727335888320197,1.019948049612065,0.08402364955567045,0.0420118247778352,0.0,0.46979592635573236,0.5134746629089302,0,False,256204,,,,,conformal,unseen_vessel,0.6542583886872622
tcn_gaussian_conformal,gaussian,384,heave,100,10.0,434304,9,0.1,0.7546234895372826,0.5744560148247561,1.0601714962734503,0.13118289590348875,0.06559144795174439,0.0,0.7402458301097848,0.7684714508731212,0,False,256204,,,,,conformal,unseen_vessel,0.6543754769960836
tcn_gaussian_conformal,gaussian,384,heave,150,15.0,434304,9,0.1,0.8850068155025052,1.1135220011617897,1.4632856043216544,0.1936193450673989,0.09680967253369943,0.0,0.8783132897693781,0.8916209613542587,0,False,256204,,,,,conformal,unseen_vessel,0.6543828266952652
tcn_gaussian_conformal,gaussian,384,roll_rate,10,1.0,434304,9,0.1,0.18319426024167404,0.025482101786354325,1.3562011772291056,0.07456702362330797,0.03728351181165399,0.0,0.16693727204907163,0.20258879724801063,0,False,256204,,,,,conformal,unseen_vessel,1.0024554842926892
tcn_gaussian_conformal,gaussian,384,roll_rate,20,2.0,434304,9,0.1,0.15441948496905394,0.05575128728671678,2.8350924111766447,0.15653510547723024,0.0782675527386151,0.0,0.1434746744216033,0.16679819895741232,0,False,256204,,,,,conformal,unseen_vessel,1.002804304884665
tcn_gaussian_conformal,gaussian,384,roll_rate,30,3.0,434304,9,0.1,0.17602186486884763,0.08336520757301454,3.5401113780232403,0.1987492952923142,0.09937464764615708,0.0,0.16317556366047747,0.19013260296934864,0,False,256204,,,,,conformal,unseen_vessel,1.0032425289065006
tcn_gaussian_conformal,gaussian,384,roll_rate,50,5.0,434304,9,0.1,0.26862520262304745,0.19262096214850744,5.1095870231513825,0.3033832766016955,0.15169163830084764,0.0,0.2502556389073092,0.2881774056881815,0,False,256204,,,,,conformal,unseen_vessel,1.0033121804656835
tcn_gaussian_conformal,gaussian,384,roll_rate,100,10.0,434304,9,0.1,0.5120837017388742,0.7394186630467487,7.166974944752314,0.5164221686162223,0.2582110843081111,0.0,0.4883544706012379,0.5374565396588564,0,False,256204,,,,,conformal,unseen_vessel,1.0033808376976885
tcn_gaussian_conformal,gaussian,384,roll_rate,150,15.0,434304,9,0.1,0.688414106248158,1.4208607423175441,7.325206499540472,0.6299638970139518,0.3149819485069762,0.0,0.6627691662982611,0.7140761425176835,0,False,256204,,,,,conformal,unseen_vessel,1.003279779544346
tcn_gaussian_conformal,gaussian,384,pitch_rate,10,1.0,434304,9,0.1,0.4368253573533746,0.03620299843544346,0.2171477844297073,0.017414936861058744,0.008707468430529374,0.0,0.41422039631226054,0.46049938522325373,0,False,256204,,,,,conformal,unseen_vessel,0.7030690217475473
tcn_gaussian_conformal,gaussian,384,pitch_rate,20,2.0,434304,9,0.1,0.42913028661951075,0.09087046419766723,0.48389163370550475,0.040648032638151775,0.020324016319075894,0.0,0.40604916141688774,0.4527887723806366,0,False,256204,,,,,conformal,unseen_vessel,0.703086203551836
tcn_gaussian_conformal,gaussian,384,pitch_rate,30,3.0,434304,9,0.1,0.5233523062186856,0.1304270328102789,0.5011604868978681,0.0452235198245009,0.02261175991225045,0.0,0.5011484467101386,0.5475650120652815,0,False,256204,,,,,conformal,unseen_vessel,0.7030053176354107
tcn_gaussian_conformal,gaussian,384,pitch_rate,50,5.0,434304,9,0.1,0.6187716438255232,0.36220892184864695,0.7898301289166217,0.08621302397247248,0.04310651198623624,0.0,0.5921864638594164,0.6457015132257589,0,False,256204,,,,,conformal,unseen_vessel,0.7031631741182381
tcn_gaussian_conformal,gaussian,384,pitch_rate,100,10.0,434304,9,0.1,0.8201282972295904,1.0638581550199337,1.4601748023600503,0.18349796996795467,0.09174898498397735,0.0,0.8100216092875037,0.8302774669356028,0,False,256204,,,,,conformal,unseen_vessel,0.7033991527997708
tcn_gaussian_conformal,gaussian,384,pitch_rate,150,15.0,434304,9,0.1,0.9346379494547598,1.7287671544277072,1.989036682078517,0.2559906261423469,0.12799531307117348,0.0,0.9298000363800472,0.9402963131815503,0,False,256204,,,,,conformal,unseen_vessel,0.7036809279539469
tcn_gaussian_conformal,gaussian,384,heave_rate,10,1.0,434304,9,0.1,0.2101293103448276,0.007501642215329193,0.20101759457541005,0.011896853326158387,0.0059484266630791885,0.0,0.20012543057397583,0.2215522422082228,0,False,256204,,,,,conformal,unseen_vessel,0.366916177705551
tcn_gaussian_conformal,gaussian,384,heave_rate,20,2.0,434304,9,0.1,0.2997508657530209,0.021712481132022163,0.33141963090681625,0.021516256222652807,0.010758128111326409,0.0,0.285599545479664,0.31536567703728263,0,False,256204,,,,,conformal,unseen_vessel,0.3669535008792491
tcn_gaussian_conformal,gaussian,384,heave_rate,30,3.0,434304,9,0.1,0.43920387562628943,0.047125975546184404,0.35151354640756577,0.02690113077632644,0.013450565388163213,0.0,0.4192915561450044,0.46114541887709987,0,False,256204,,,,,conformal,unseen_vessel,0.3668990248574837
tcn_gaussian_conformal,gaussian,384,heave_rate,50,5.0,434304,9,0.1,0.45018236074270557,0.09437455209660627,0.7313857821202109,0.05439757408146847,0.02719878704073424,0.0,0.42622978374594755,0.47598157051282053,0,False,256204,,,,,conformal,unseen_vessel,0.3669440869125789
tcn_gaussian_conformal,gaussian,384,heave_rate,100,10.0,434304,9,0.1,0.7241655614500442,0.3588071987414642,0.8442044361792592,0.09237757580799792,0.04618878790399895,0.0,0.7071843109895374,0.7420891242079282,0,False,256204,,,,,conformal,unseen_vessel,0.3670072514707468
tcn_gaussian_conformal,gaussian,384,heave_rate,150,15.0,434304,9,0.1,0.8793978411435308,0.7044903216243189,0.9662879830332516,0.1229848000800514,0.061492400040025694,0.0,0.8662040874594754,0.8911926323496905,0,False,256204,,,,,conformal,unseen_vessel,0.3670157241047937
tcn_gaussian_conformal,gaussian,384,roll,10,1.0,434304,9,0.1,0.25505636604774534,0.025548820341259035,1.770403819081846,0.09512716247152778,0.04756358123576388,0.0,0.22987504144562335,0.28519930739758326,1,False,256204,,,,,conformal,unseen_vessel,2.1637411794341554
tcn_gaussian_conformal,gaussian,384,roll,20,2.0,434304,9,0.1,0.17541629826112584,0.061289788404046856,5.169955103615698,0.2749825061579646,0.13749125307898225,0.0,0.15813496997494844,0.19637172349322132,1,False,256204,,,,,conformal,unseen_vessel,2.16324713835809
tcn_gaussian_conformal,gaussian,384,roll,30,3.0,434304,9,0.1,0.1340927092543472,0.11815201320132153,9.578138593965926,0.5108072558775559,0.255403627938778,0.0,0.12407104240347774,0.14568787070807546,1,False,256204,,,,,conformal,unseen_vessel,2.162494943561516
tcn_gaussian_conformal,gaussian,384,roll,50,5.0,434304,9,0.1,0.15907060492189803,0.20931152049539092,15.238318474813513,0.8175393262578777,0.40876966312893875,0.0,0.14489810132994402,0.17403627413056294,1,False,256204,,,,,conformal,unseen_vessel,2.162524144828776
tcn_gaussian_conformal,gaussian,384,roll,100,10.0,434304,9,0.1,0.4110530872384321,0.9286317455623462,18.92643107751176,1.1620212811724637,0.5810106405862319,0.0,0.3862386139662541,0.436699869216033,1,False,256204,,,,,conformal,unseen_vessel,2.163218272680421
tcn_gaussian_conformal,gaussian,384,roll,150,15.0,434304,9,0.1,0.6116406940760389,2.1102558894586814,15.848946592071897,1.2154229267147465,0.6077114633573731,0.0,0.585932376860448,0.6378302410293251,1,False,256204,,,,,conformal,unseen_vessel,2.164599840366654
tcn_gaussian_conformal,gaussian,384,pitch,10,1.0,434304,9,0.1,0.5432508104921898,0.023317809765214838,0.13131128815396317,0.010512362559925891,0.005256181279962946,0.0,0.5163776985705866,0.5708493935123784,1,False,256204,,,,,conformal,unseen_vessel,1.054918979036852
tcn_gaussian_conformal,gaussian,384,pitch,20,2.0,434304,9,0.1,0.4489942528735632,0.08284886995044459,0.4853968387617626,0.039058470986052904,0.019529235493026462,0.0,0.4227475454980843,0.47594496021220156,1,False,256204,,,,,conformal,unseen_vessel,1.0551327883415698
tcn_gaussian_conformal,gaussian,384,pitch,30,3.0,434304,9,0.1,0.39712735779546127,0.15725149470205554,1.0068153899699916,0.0799725259527231,0.03998626297636154,0.0,0.37353777538314176,0.4205629582043914,1,False,256204,,,,,conformal,unseen_vessel,1.0554849077799051
tcn_gaussian_conformal,gaussian,384,pitch,50,5.0,434304,9,0.1,0.5906899314765695,0.32984565548313277,1.1271857915553687,0.10378453453747855,0.05189226726873928,0.0,0.5690857671124374,0.6134194596411731,1,False,256204,,,,,conformal,unseen_vessel,1.0556697846975005
tcn_gaussian_conformal,gaussian,384,pitch,100,10.0,434304,9,0.1,0.8080538056292367,1.2995606843739962,1.7003748790811202,0.2157322634671751,0.10786613173358753,0.0,0.7919266803897731,0.8243152837643678,1,False,256204,,,,,conformal,unseen_vessel,1.0562287908366403
tcn_gaussian_conformal,gaussian,384,pitch,150,15.0,434304,9,0.1,0.8951310602711465,2.2319512010315083,2.756642931915164,0.35362237206602487,0.1768111860330124,0.0,0.8834407465738284,0.9058006028035661,1,False,256204,,,,,conformal,unseen_vessel,1.056673569331931
tcn_gaussian_conformal,gaussian,384,heave,10,1.0,434304,9,0.1,0.31822179855585025,0.006907503365967487,0.13953059730238898,0.008557467864828349,0.004278733932414175,0.0,0.300332831380784,0.3372455123600059,1,False,256204,,,,,conformal,unseen_vessel,0.6538497228934008
tcn_gaussian_conformal,gaussian,384,heave,20,2.0,434304,9,0.1,0.24305325302092542,0.018777810829052163,0.45985035077238434,0.027487676593749767,0.013743838296874885,0.0,0.23093443762894195,0.25578678759578544,1,False,256204,,,,,conformal,unseen_vessel,0.6539339478701262
tcn_gaussian_conformal,gaussian,384,heave,30,3.0,434304,9,0.1,0.3059884320660183,0.0495469546698727,0.805795954997821,0.05151953426801232,0.025759767134006163,0.0,0.29091523449012674,0.32184454897951664,1,False,256204,,,,,conformal,unseen_vessel,0.6541326237646001
tcn_gaussian_conformal,gaussian,384,heave,50,5.0,434304,9,0.1,0.5075177755673446,0.17353165717827174,1.0486828317410526,0.08457743671554156,0.04228871835777075,0.0,0.4860889492152962,0.5308560363247864,1,False,256204,,,,,conformal,unseen_vessel,0.6542583886872622
tcn_gaussian_conformal,gaussian,384,heave,100,10.0,434304,9,0.1,0.7507644414972001,0.5643761248558564,1.1433879177227864,0.13324187357623066,0.06662093678811534,0.0,0.7358331951812556,0.7653051203765104,1,False,256204,,,,,conformal,unseen_vessel,0.6543754769960836
tcn_gaussian_conformal,gaussian,384,heave,150,15.0,434304,9,0.1,0.87938172340112,1.1143723262258416,1.4556230623352449,0.19090745079513657,0.09545372539756834,0.0,0.8704084005673446,0.8877263967175066,1,False,256204,,,,,conformal,unseen_vessel,0.6543828266952652
tcn_gaussian_conformal,gaussian,384,roll_rate,10,1.0,434304,9,0.1,0.2036637931034483,0.03267710601053927,1.4918075511416096,0.083195671105479,0.041597835552739486,0.0,0.18754507211538463,0.22322768153183023,1,False,256204,,,,,conformal,unseen_vessel,1.0024554842926892
tcn_gaussian_conformal,gaussian,384,roll_rate,20,2.0,434304,9,0.1,0.15928013557323903,0.06480167285898485,3.0778723614920462,0.17103899765829028,0.08551949882914514,0.0,0.14982374097406426,0.17029736083480695,1,False,256204,,,,,conformal,unseen_vessel,1.002804304884665
tcn_gaussian_conformal,gaussian,384,roll_rate,30,3.0,434304,9,0.1,0.16616010904804007,0.08424226508818664,3.70482133280633,0.20730408213299878,0.10365204106649945,0.0,0.1557344049329502,0.17752553510904806,1,False,256204,,,,,conformal,unseen_vessel,1.0032425289065006
tcn_gaussian_conformal,gaussian,384,roll_rate,50,5.0,434304,9,0.1,0.26984324344238136,0.19676328768448706,5.102807536824427,0.30404252353432576,0.152021261767163,0.0,0.2521666850869437,0.2885135757441792,1,False,256204,,,,,conformal,unseen_vessel,1.0033121804656835
tcn_gaussian_conformal,gaussian,384,roll_rate,100,10.0,434304,9,0.1,0.5161914235190097,0.7626035687602407,7.1370235127100266,0.5184885411004396,0.2592442705502196,0.0,0.4934254001805187,0.5410704253241969,1,False,256204,,,,,conformal,unseen_vessel,1.0033808376976885
tcn_gaussian_conformal,gaussian,384,roll_rate,150,15.0,434304,9,0.1,0.7065419613910994,1.4838653554914172,6.654029860438974,0.5961797727823377,0.29808988639116896,0.0,0.6817694518125553,0.7308967336243738,1,False,256204,,,,,conformal,unseen_vessel,1.003279779544346
tcn_gaussian_conformal,gaussian,384,pitch_rate,10,1.0,434304,9,0.1,0.47121140951959917,0.040331091924321466,0.22104695587140236,0.01807585216318945,0.009037926081594726,0.0,0.4444429477969349,0.4977223903072502,1,False,256204,,,,,conformal,unseen_vessel,0.7030690217475473
tcn_gaussian_conformal,gaussian,384,pitch_rate,20,2.0,434304,9,0.1,0.41516080901856767,0.09018713428605626,0.5158808462951023,0.042298262312963575,0.021149131156481798,0.0,0.39225398568744474,0.4392315060418509,1,False,256204,,,,,conformal,unseen_vessel,0.703086203551836
tcn_gaussian_conformal,gaussian,384,pitch_rate,30,3.0,434304,9,0.1,0.519111037430003,0.1266396447107996,0.5326953504335,0.04681329135427807,0.023406645677139033,0.0,0.4975754885978485,0.5420087657493369,1,False,256204,,,,,conformal,unseen_vessel,0.7030053176354107
tcn_gaussian_conformal,gaussian,384,pitch_rate,50,5.0,434304,9,0.1,0.6443435934276451,0.36298091078753775,0.7350094589289372,0.08171268164204824,0.040856340821024136,0.0,0.616558447539051,0.6714502974874742,1,False,256204,,,,,conformal,unseen_vessel,0.7031631741182381
tcn_gaussian_conformal,gaussian,384,pitch_rate,100,10.0,434304,9,0.1,0.8022422082228117,1.0711891666365878,1.50190752625084,0.18857529428114408,0.09428764714057208,0.0,0.7892119920608607,0.8153059838269968,1,False,256204,,,,,conformal,unseen_vessel,0.7033991527997708
tcn_gaussian_conformal,gaussian,384,pitch_rate,150,15.0,434304,9,0.1,0.9448381778661951,1.7247572760828798,1.9418282668458289,0.25041769723052515,0.12520884861526257,0.0,0.9411420917145594,0.9487671078323019,1,False,256204,,,,,conformal,unseen_vessel,0.7036809279539469
tcn_gaussian_conformal,gaussian,384,heave_rate,10,1.0,434304,9,0.1,0.2670042182434424,0.008603074985817735,0.1824087888189688,0.01114944928363809,0.0055747246418190455,0.0,0.254140475335249,0.2804280527004126,1,False,256204,,,,,conformal,unseen_vessel,0.366916177705551
tcn_gaussian_conformal,gaussian,384,heave_rate,20,2.0,434304,9,0.1,0.3151755452402004,0.02228263122146984,0.3390427310234057,0.021955393887053462,0.01097769694352673,0.0,0.30067395188623636,0.33000052958296494,1,False,256204,,,,,conformal,unseen_vessel,0.3669535008792491
tcn_gaussian_conformal,gaussian,384,heave_rate,30,3.0,434304,9,0.1,0.4635969274977896,0.046777569844320736,0.3379228774181302,0.025919865157569624,0.012959932578784812,0.0,0.4435305684497495,0.48490147454317717,1,False,256204,,,,,conformal,unseen_vessel,0.3668990248574837
tcn_gaussian_conformal,gaussian,384,heave_rate,50,5.0,434304,9,0.1,0.4782295350722075,0.09321152966471374,0.6799192134161343,0.05132485679199672,0.02566242839599837,0.0,0.4535733610558503,0.5026739910293251,1,False,256204,,,,,conformal,unseen_vessel,0.3669440869125789
tcn_gaussian_conformal,gaussian,384,heave_rate,100,10.0,434304,9,0.1,0.7136936339522546,0.35855721222314046,0.872033635948889,0.0961691792843337,0.04808458964216683,0.0,0.6953030596080165,0.7319350616158267,1,False,256204,,,,,conformal,unseen_vessel,0.3670072514707468
tcn_gaussian_conformal,gaussian,384,heave_rate,150,15.0,434304,9,0.1,0.8917969901267315,0.7084685059479785,0.9130790349733793,0.12197962086112361,0.06098981043056182,0.0,0.8821237543287651,0.9007170668471853,1,False,256204,,,,,conformal,unseen_vessel,0.3670157241047937
tcn_gaussian_conformal,gaussian,384,roll,10,1.0,434304,9,0.1,0.23482399425287356,0.029143117338233066,1.7808210409663094,0.0966930502374978,0.04834652511874886,0.0,0.21133296032272325,0.2627223672819039,2,False,256204,,,,,conformal,unseen_vessel,2.1637411794341554
tcn_gaussian_conformal,gaussian,384,roll,20,2.0,434304,9,0.1,0.15954953212496317,0.06262339474182947,5.046557658650465,0.2691924049671982,0.13459620248359913,0.0,0.14330296290156205,0.17822170645446508,2,False,256204,,,,,conformal,unseen_vessel,2.16324713835809
tcn_gaussian_conformal,gaussian,384,roll,30,3.0,434304,9,0.1,0.13263980990274093,0.11192253953733873,9.206288728762761,0.4905440921287122,0.2452720460643562,0.0,0.12021441202475686,0.14754705229516651,2,False,256204,,,,,conformal,unseen_vessel,2.162494943561516
tcn_gaussian_conformal,gaussian,384,roll,50,5.0,434304,9,0.1,0.17463573902151489,0.21101836987577757,14.114927530562593,0.7616569117336098,0.38082845586680514,0.0,0.15740857786251103,0.19337629862953137,2,False,256204,,,,,conformal,unseen_vessel,2.162524144828776
tcn_gaussian_conformal,gaussian,384,roll,100,10.0,434304,9,0.1,0.42134771956970235,0.9330695807247925,18.741634886001126,1.1532722825043253,0.5766361412521622,0.0,0.3963370127836723,0.44702144120247567,2,False,256204,,,,,conformal,unseen_vessel,2.163218272680421
tcn_gaussian_conformal,gaussian,384,roll,150,15.0,434304,9,0.1,0.6162803013557324,2.123337286794233,16.093952883624688,1.229506546207631,0.6147532731038151,0.0,0.5894876054560861,0.6429991434571176,2,False,256204,,,,,conformal,unseen_vessel,2.164599840366654
tcn_gaussian_conformal,gaussian,384,pitch,10,1.0,434304,9,0.1,0.6280807913351016,0.02807390707276457,0.10716642368149318,0.009993828746318179,0.004996914373159085,0.0,0.6102727582522841,0.6454575596816977,2,False,256204,,,,,conformal,unseen_vessel,1.054918979036852
tcn_gaussian_conformal,gaussian,384,pitch,20,2.0,434304,9,0.1,0.44326324417919244,0.09194652869166459,0.48544795697417403,0.041151947757883105,0.02057597387894154,0.0,0.42320500156572355,0.4648452466475096,2,False,256204,,,,,conformal,unseen_vessel,1.0551327883415698
tcn_gaussian_conformal,gaussian,384,pitch,30,3.0,434304,9,0.1,0.37801401783082816,0.1644163377472601,1.1417452261715522,0.089594695616959,0.044797347808479514,0.0,0.3582789359526967,0.3998114799771589,2,False,256204,,,,,conformal,unseen_vessel,1.0554849077799051
tcn_gaussian_conformal,gaussian,384,pitch,50,5.0,434304,9,0.1,0.6283778183023873,0.33223011121180535,1.246212723608767,0.11271708816934699,0.05635854408467348,0.0,0.6085009002910403,0.6485456040008841,2,False,256204,,,,,conformal,unseen_vessel,1.0556697846975005
tcn_gaussian_conformal,gaussian,384,pitch,100,10.0,434304,9,0.1,0.8345214412024757,1.3156713563115656,1.8547765417134712,0.2328709413691372,0.11643547068456858,0.0,0.8235460645078102,0.8455791910735337,2,False,256204,,,,,conformal,unseen_vessel,1.0562287908366403
tcn_gaussian_conformal,gaussian,384,pitch,150,15.0,434304,9,0.1,0.9124714485705865,2.264203859116028,2.823442184716051,0.36952067907024977,0.18476033953512497,0.0,0.9060058737658414,0.9191898416777189,2,False,256204,,,,,conformal,unseen_vessel,1.056673569331931
tcn_gaussian_conformal,gaussian,384,heave,10,1.0,434304,9,0.1,0.338700541556145,0.007603675482846349,0.12144235219478272,0.007799758610839946,0.003899879305419971,0.0,0.32148379936634247,0.3575877150567345,2,False,256204,,,,,conformal,unseen_vessel,0.6538497228934008
tcn_gaussian_conformal,gaussian,384,heave,20,2.0,434304,9,0.1,0.2379991895078102,0.018533913836654158,0.43585770779377486,0.02628503787029628,0.013142518935148142,0.0,0.22510654979000883,0.252862798868995,2,False,256204,,,,,conformal,unseen_vessel,0.6539339478701262
tcn_gaussian_conformal,gaussian,384,heave,30,3.0,434304,9,0.1,0.3157626915708812,0.049299277969145835,0.7421591823979103,0.04829860969200128,0.02414930484600064,0.0,0.29849241545092836,0.33399030402667257,2,False,256204,,,,,conformal,unseen_vessel,0.6541326237646001
tcn_gaussian_conformal,gaussian,384,heave,50,5.0,434304,9,0.1,0.5581436044798114,0.1730159554324107,0.8024826978364966,0.07106043735967364,0.03553021867983682,0.0,0.5378505033340701,0.578910912632626,2,False,256204,,,,,conformal,unseen_vessel,0.6542583886872622
tcn_gaussian_conformal,gaussian,384,heave,100,10.0,434304,9,0.1,0.7880355695549661,0.5566024699819996,0.9812014916064873,0.12154418394460043,0.060772091972300185,0.0,0.7758387558023873,0.7995069697723254,2,False,256204,,,,,conformal,unseen_vessel,0.6543754769960836
tcn_gaussian_conformal,gaussian,384,heave,150,15.0,434304,9,0.1,0.9031277630415562,1.1323884766356578,1.4071353492444734,0.1850794841893237,0.09253974209466183,0.0,0.8967793296861184,0.9090270870173887,2,False,256204,,,,,conformal,unseen_vessel,0.6543828266952652
tcn_gaussian_conformal,gaussian,384,roll_rate,10,1.0,434304,9,0.1,0.1990126731506042,0.0291205140305462,1.482226335654657,0.08179154555664037,0.04089577277832017,0.0,0.1809305808834365,0.2207278772472738,2,False,256204,,,,,conformal,unseen_vessel,1.0024554842926892
tcn_gaussian_conformal,gaussian,384,roll_rate,20,2.0,434304,9,0.1,0.1698971227527262,0.060642341800624874,2.9301243500832133,0.16252689881521137,0.08126344940760569,0.0,0.1577142393346596,0.18421152004126143,2,False,256204,,,,,conformal,unseen_vessel,1.002804304884665
tcn_gaussian_conformal,gaussian,384,roll_rate,30,3.0,434304,9,0.1,0.18843252652519893,0.08575077336897363,3.4436281001576408,0.19453610369393132,0.09726805184696562,0.0,0.17510695273356913,0.20290338104185085,2,False,256204,,,,,conformal,unseen_vessel,1.0032425289065006
tcn_gaussian_conformal,gaussian,384,roll_rate,50,5.0,434304,9,0.1,0.2735802571470675,0.19431998767832503,4.765675040801862,0.2861727427781901,0.14308637138909502,0.0,0.2557536886604775,0.291464043619216,2,False,256204,,,,,conformal,unseen_vessel,1.0033121804656835
tcn_gaussian_conformal,gaussian,384,roll_rate,100,10.0,434304,9,0.1,0.5210589817270852,0.7443991489260602,6.539698812026841,0.48191661903362254,0.24095830951681108,0.0,0.49756553013557325,0.5457235599948423,2,False,256204,,,,,conformal,unseen_vessel,1.0033808376976885
tcn_gaussian_conformal,gaussian,384,roll_rate,150,15.0,434304,9,0.1,0.7147458922782198,1.5116249974421812,6.1159872899649,0.5718537850969572,0.28592689254847836,0.0,0.6909243870652815,0.7381333697133805,2,False,256204,,,,,conformal,unseen_vessel,1.003279779544346
tcn_gaussian_conformal,gaussian,384,pitch_rate,10,1.0,434304,9,0.1,0.46981837606837606,0.04484103094364724,0.2292771962496259,0.019732375936424792,0.0098661879682124,0.0,0.45142555675287355,0.48928653661951077,2,False,256204,,,,,conformal,unseen_vessel,0.7030690217475473
tcn_gaussian_conformal,gaussian,384,pitch_rate,20,2.0,434304,9,0.1,0.4239610963748895,0.09778582846803534,0.5770550509590092,0.047385183048668206,0.0236925915243341,0.0,0.4035195393088712,0.4462026598880047,2,False,256204,,,,,conformal,unseen_vessel,0.703086203551836
tcn_gaussian_conformal,gaussian,384,pitch_rate,30,3.0,434304,9,0.1,0.5190580791335102,0.13164060354161145,0.6386472872734525,0.053700540565236064,0.02685027028261801,0.0,0.4985993106211317,0.5409922542735042,2,False,256204,,,,,conformal,unseen_vessel,0.7030053176354107
tcn_gaussian_conformal,gaussian,384,pitch_rate,50,5.0,434304,9,0.1,0.616063863100501,0.3607732125945887,0.814338836433007,0.08872380908944016,0.044361904544720096,0.0,0.591812014165193,0.6404653192234011,2,False,256204,,,,,conformal,unseen_vessel,0.7031631741182381
tcn_gaussian_conformal,gaussian,384,pitch_rate,100,10.0,434304,9,0.1,0.8242106911287945,1.050257873529152,1.493655603119531,0.18811251218692174,0.0940562560934609,0.0,0.8136966272472738,0.8350960962827881,2,False,256204,,,,,conformal,unseen_vessel,0.7033991527997708
tcn_gaussian_conformal,gaussian,384,pitch_rate,150,15.0,434304,9,0.1,0.9459341843501327,1.7356573893193918,1.954340915154173,0.2517730491130066,0.12588652455650323,0.0,0.9423280121758031,0.9500564120984379,2,False,256204,,,,,conformal,unseen_vessel,0.7036809279539469
tcn_gaussian_conformal,gaussian,384,heave_rate,10,1.0,434304,9,0.1,0.2593828286177424,0.008495306806338615,0.18154906267593027,0.011111298220499327,0.005555649110249664,0.0,0.24563140104627174,0.2747236958443855,2,False,256204,,,,,conformal,unseen_vessel,0.366916177705551
tcn_gaussian_conformal,gaussian,384,heave_rate,20,2.0,434304,9,0.1,0.326485595343354,0.022209839110453,0.31443571748217247,0.020744501725095406,0.010372250862547705,0.0,0.30946980686339526,0.34469622660624816,2,False,256204,,,,,conformal,unseen_vessel,0.3669535008792491
tcn_gaussian_conformal,gaussian,384,heave_rate,30,3.0,434304,9,0.1,0.5162052387267905,0.04722063003797721,0.2638152249595766,0.021948067862133994,0.010974033931066985,0.0,0.49739704216401415,0.5365186021772768,2,False,256204,,,,,conformal,unseen_vessel,0.3668990248574837
tcn_gaussian_conformal,gaussian,384,heave_rate,50,5.0,434304,9,0.1,0.4723857021809608,0.09194944037672566,0.5844124838758852,0.04633624971629427,0.023168124858147142,0.0,0.4504872163277336,0.49586746840922485,2,False,256204,,,,,conformal,unseen_vessel,0.3669440869125789
tcn_gaussian_conformal,gaussian,384,heave_rate,100,10.0,434304,9,0.1,0.720596632773357,0.3506294466925461,0.8315054419688652,0.09152202941176935,0.04576101470588471,0.0,0.7040189015067787,0.7379256235263778,2,False,256204,,,,,conformal,unseen_vessel,0.3670072514707468
tcn_gaussian_conformal,gaussian,384,heave_rate,150,15.0,434304,9,0.1,0.8917233090185677,0.7033345398329095,0.9315220540431988,0.12196475155476828,0.06098237577738412,0.0,0.8807577756594459,0.9015270409666962,2,False,256204,,,,,conformal,unseen_vessel,0.3670157241047937
lstm_quantile_conformal,quantile,384,roll,10,1.0,434304,9,0.1,0.21984830901856764,0.09239567684113352,4.474585398275277,0.24787447144499014,0.1239372357224951,0.0,0.202996345877542,0.23818264395446506,0,False,1247528,,,,,conformal,unseen_vessel,2.1637411794341554
lstm_quantile_conformal,quantile,384,roll,20,2.0,434304,9,0.1,0.14810363247863248,0.09192940749933567,7.528382505212163,0.4006914295330812,0.2003457147665407,0.0,0.13492375156572356,0.16280318624742116,0,False,1247528,,,,,conformal,unseen_vessel,2.16324713835809
lstm_quantile_conformal,quantile,384,roll,30,3.0,434304,9,0.1,0.12999880268199235,0.09886364879355054,10.697656314114303,0.5616747139085967,0.2808373569542983,0.0,0.11661347811671087,0.14531814120984377,0,False,1247528,,,,,conformal,unseen_vessel,2.162494943561516
lstm_quantile_conformal,quantile,384,roll,50,5.0,434304,9,0.1,0.10727278588269967,0.1295020513854479,15.69775287681413,0.8200485022667998,0.4100242511334003,0.0,0.09875588297597997,0.11714697539050987,0,False,1247528,,,,,conformal,unseen_vessel,2.162524144828776
lstm_quantile_conformal,quantile,384,roll,100,10.0,434304,9,0.1,0.2919544834954318,0.576588213643431,19.88224725875306,1.1378309090290715,0.5689154545145358,0.0,0.2718022399056882,0.3147864744510757,0,False,1247528,,,,,conformal,unseen_vessel,2.163218272680421
lstm_quantile_conformal,quantile,384,roll,150,15.0,434304,9,0.1,0.467377689360448,1.4927886651939646,19.374145824770146,1.295473398648805,0.6477366993244024,0.0,0.44377003205128207,0.49381090204096667,0,False,1247528,,,,,conformal,unseen_vessel,2.164599840366654
lstm_quantile_conformal,quantile,384,pitch,10,1.0,434304,9,0.1,0.20394009725906279,0.03222140787393221,0.8932843524035491,0.05282843738181215,0.026414218690906086,0.0,0.193268712698939,0.2155421663166814,0,False,1247528,,,,,conformal,unseen_vessel,1.054918979036852
lstm_quantile_conformal,quantile,384,pitch,20,2.0,434304,9,0.1,0.17295488874152667,0.04168671921782001,1.3729460832445959,0.07941168863566074,0.039705844317830405,0.0,0.1645245611368995,0.18309582688623638,0,False,1247528,,,,,conformal,unseen_vessel,1.0551327883415698
lstm_quantile_conformal,quantile,384,pitch,30,3.0,434304,9,0.1,0.20260232463896258,0.066189124939224,1.7146917849241958,0.10191323466745376,0.05095661733372689,0.0,0.1945075914566755,0.2118225367484527,0,False,1247528,,,,,conformal,unseen_vessel,1.0554849077799051
lstm_quantile_conformal,quantile,384,pitch,50,5.0,434304,9,0.1,0.294874097406425,0.14251458937620207,1.8656960005887215,0.12358767836891363,0.0617938391844568,0.0,0.2769656162503684,0.3135947976532567,0,False,1247528,,,,,conformal,unseen_vessel,1.0556697846975005
lstm_quantile_conformal,quantile,384,pitch,100,10.0,434304,9,0.1,0.643940649867374,0.8450855569266338,2.5565750000626615,0.2444351726416211,0.12221758632081062,0.0,0.6222804187849985,0.6674679487179487,0,False,1247528,,,,,conformal,unseen_vessel,1.0562287908366403
lstm_quantile_conformal,quantile,384,pitch,150,15.0,434304,9,0.1,0.8148508878573534,1.7922212367776527,3.5496854043451194,0.3723023262292085,0.18615116311460425,0.0,0.7905305385167993,0.8376050531424992,0,False,1247528,,,,,conformal,unseen_vessel,1.056673569331931
lstm_quantile_conformal,quantile,384,heave,10,1.0,434304,9,0.1,0.26449215296198053,0.018646080519570677,0.3955345195981655,0.024284238262694387,0.012142119131347193,0.0,0.24966849257662835,0.28084112741305634,0,False,1247528,,,,,conformal,unseen_vessel,0.6538497228934008
lstm_quantile_conformal,quantile,384,heave,20,2.0,434304,9,0.1,0.1492318744473917,0.019343215180222275,0.7770350390788441,0.04381422984982328,0.021907114924911625,0.0,0.14067410155098733,0.15875239463601531,0,False,1247528,,,,,conformal,unseen_vessel,0.6539339478701262
lstm_quantile_conformal,quantile,384,heave,30,3.0,434304,9,0.1,0.12193302387267904,0.0244203350704076,1.2376170752488227,0.06837282081604534,0.03418641040802267,0.0,0.11514365513557324,0.12918393567639258,0,False,1247528,,,,,conformal,unseen_vessel,0.6541326237646001
lstm_quantile_conformal,quantile,384,heave,50,5.0,434304,9,0.1,0.2492470711759505,0.07959663258699873,1.557242741383378,0.09655939181891918,0.048279695909459575,0.0,0.23828435842175066,0.2610089361368995,0,False,1247528,,,,,conformal,unseen_vessel,0.6542583886872622
lstm_quantile_conformal,quantile,384,heave,100,10.0,434304,9,0.1,0.5412222774830533,0.34822400414109095,1.9962055579945097,0.16021202759833097,0.08010601379916546,0.0,0.5198733490826701,0.5649905941460359,0,False,1247528,,,,,conformal,unseen_vessel,0.6543754769960836
lstm_quantile_conformal,quantile,384,heave,150,15.0,434304,9,0.1,0.7506562223695844,0.8380016403312283,2.14160152646492,0.21662988162581417,0.10831494081290707,0.0,0.7278882994400236,0.77251406848659,0,False,1247528,,,,,conformal,unseen_vessel,0.6543828266952652
lstm_quantile_conformal,quantile,384,roll_rate,10,1.0,434304,9,0.1,0.20232141541408782,0.05314078924588846,1.8807385071016727,0.10762195226873247,0.05381097613436624,0.0,0.18826916169319186,0.2176859411840554,0,False,1247528,,,,,conformal,unseen_vessel,1.0024554842926892
lstm_quantile_conformal,quantile,384,roll_rate,20,2.0,434304,9,0.1,0.1580943302387268,0.055709701644117565,2.7348083397448546,0.15129038673818837,0.07564519336909413,0.0,0.14795678833259654,0.17023864620173887,0,False,1247528,,,,,conformal,unseen_vessel,1.002804304884665
lstm_quantile_conformal,quantile,384,roll_rate,30,3.0,434304,9,0.1,0.1412558944886531,0.06484879922068383,3.771954822253142,0.20589564614105776,0.10294782307052885,0.0,0.13199711492410846,0.1519167449528441,0,False,1247528,,,,,conformal,unseen_vessel,1.0032425289065006
lstm_quantile_conformal,quantile,384,roll_rate,50,5.0,434304,9,0.1,0.16401875184202772,0.08803038984662705,6.555478910982646,0.3510255014859344,0.17551275074296735,0.0,0.1500063895335986,0.18093783386752135,0,False,1247528,,,,,conformal,unseen_vessel,1.0033121804656835
lstm_quantile_conformal,quantile,384,roll_rate,100,10.0,434304,9,0.1,0.3863975464190981,0.4511694171554558,8.673806393900795,0.5358391117377205,0.2679195558688604,0.0,0.36393085258252283,0.4106619441681403,0,False,1247528,,,,,conformal,unseen_vessel,1.0033808376976885
lstm_quantile_conformal,quantile,384,roll_rate,150,15.0,434304,9,0.1,0.5682448239021515,1.0480074186725106,8.237451342723705,0.6178138256207124,0.3089069128103562,0.0,0.5413401096927497,0.5945492673334807,0,False,1247528,,,,,conformal,unseen_vessel,1.003279779544346
lstm_quantile_conformal,quantile,384,pitch_rate,10,1.0,434304,9,0.1,0.24740734600648392,0.03069682559612072,0.6626567225828852,0.04055772162556943,0.020278860812784717,0.0,0.23360814084143824,0.2625250976274683,0,False,1247528,,,,,conformal,unseen_vessel,0.7030690217475473
lstm_quantile_conformal,quantile,384,pitch_rate,20,2.0,434304,9,0.1,0.23269184718538166,0.043125570817428446,0.8613874563262383,0.05343568781935597,0.026717843909677998,0.0,0.22187183401488358,0.24432016513778365,0,False,1247528,,,,,conformal,unseen_vessel,0.703086203551836
lstm_quantile_conformal,quantile,384,pitch_rate,30,3.0,434304,9,0.1,0.22826177055702918,0.05784950483909782,1.0251205430259376,0.06489276986495221,0.03244638493247612,0.0,0.2169605852122016,0.2408812145409667,0,False,1247528,,,,,conformal,unseen_vessel,0.7030053176354107
lstm_quantile_conformal,quantile,384,pitch_rate,50,5.0,434304,9,0.1,0.36544678381962864,0.1704743445452726,1.3156453323780175,0.09647107380155927,0.04823553690077965,0.0,0.3466852135831123,0.38495126685455344,0,False,1247528,,,,,conformal,unseen_vessel,0.7031631741182381
lstm_quantile_conformal,quantile,384,pitch_rate,100,10.0,434304,9,0.1,0.6780826333628058,0.8007588299666755,1.7856265556380924,0.18399277991649793,0.09199638995824894,0.0,0.6551567565576186,0.7015287678676687,0,False,1247528,,,,,conformal,unseen_vessel,0.7033991527997708
lstm_quantile_conformal,quantile,384,pitch_rate,150,15.0,434304,9,0.1,0.8249843427645152,1.4409016367707843,2.346137948195446,0.2621118027427057,0.1310559013713528,0.0,0.8012190193965517,0.847427838564692,0,False,1247528,,,,,conformal,unseen_vessel,0.7036809279539469
lstm_quantile_conformal,quantile,384,heave_rate,10,1.0,434304,9,0.1,0.21595242042440319,0.01169021368900686,0.354816731869538,0.02066897330132663,0.01033448665066331,0.0,0.20078125,0.23225206307102858,0,False,1247528,,,,,conformal,unseen_vessel,0.366916177705551
lstm_quantile_conformal,quantile,384,heave_rate,20,2.0,434304,9,0.1,0.1542260720601238,0.012517269446866002,0.5022727002901253,0.02839421633029146,0.014197108165145722,0.0,0.14469058539640436,0.1655086068744474,0,False,1247528,,,,,conformal,unseen_vessel,0.3669535008792491
lstm_quantile_conformal,quantile,384,heave_rate,30,3.0,434304,9,0.1,0.18313899941055115,0.019356954152146808,0.5571791381558653,0.03278932007464173,0.016394660037320867,0.0,0.17491601504936635,0.19225910882699676,0,False,1247528,,,,,conformal,unseen_vessel,0.3668990248574837
lstm_quantile_conformal,quantile,384,heave_rate,50,5.0,434304,9,0.1,0.24326278367226642,0.05088928573246834,0.7826271795493764,0.05080729558899673,0.025403647794498354,0.0,0.2320046557250221,0.25398908368331863,0,False,1247528,,,,,conformal,unseen_vessel,0.3669440869125789
lstm_quantile_conformal,quantile,384,heave_rate,100,10.0,434304,9,0.1,0.5475657603890363,0.25153352525703043,1.095411781851329,0.09604994915966074,0.04802497457983033,0.0,0.5252844781535514,0.5699833526746242,0,False,1247528,,,,,conformal,unseen_vessel,0.3670072514707468
lstm_quantile_conformal,quantile,384,heave_rate,150,15.0,434304,9,0.1,0.7688508510167993,0.5536625588318116,1.1367228838712014,0.1231224375175915,0.061561218758795805,0.0,0.7456028496168582,0.7916274660145888,0,False,1247528,,,,,conformal,unseen_vessel,0.3670157241047937
lstm_quantile_conformal,quantile,384,roll,10,1.0,434304,9,0.1,0.16247835617447687,0.08498437588146285,5.6318838095913675,0.30417887515323516,0.15208943757661755,0.0,0.14834885241674034,0.18024338942307694,1,False,1247528,,,,,conformal,unseen_vessel,2.1637411794341554
lstm_quantile_conformal,quantile,384,roll,20,2.0,434304,9,0.1,0.136337680518715,0.08523070649433878,8.644281587499103,0.455217380054534,0.22760869002726716,0.0,0.12307295120468613,0.15159916786398467,1,False,1247528,,,,,conformal,unseen_vessel,2.16324713835809
lstm_quantile_conformal,quantile,384,roll,30,3.0,434304,9,0.1,0.12729102195697023,0.09076782142975842,11.355448851465566,0.5922603050270989,0.29613015251354974,0.0,0.11522965480400826,0.14205637065281462,1,False,1247528,,,,,conformal,unseen_vessel,2.162494943561516
lstm_quantile_conformal,quantile,384,roll,50,5.0,434304,9,0.1,0.13492162172119068,0.12377347254854235,15.13057354475983,0.7899802190606708,0.3949901095303357,0.0,0.12161803713527851,0.1492557632441792,1,False,1247528,,,,,conformal,unseen_vessel,2.162524144828776
lstm_quantile_conformal,quantile,384,roll,100,10.0,434304,9,0.1,0.31624161877394635,0.5620177523499862,18.43020660677843,1.0573192053525904,0.5286596026762955,0.0,0.2937437831564987,0.33902214808060716,1,False,1247528,,,,,conformal,unseen_vessel,2.163218272680421
lstm_quantile_conformal,quantile,384,roll,150,15.0,434304,9,0.1,0.46101808871205424,1.4710788420180592,18.28115594664567,1.2278570722435598,0.6139285361217797,0.0,0.43526176364942526,0.48675812334217505,1,False,1247528,,,,,conformal,unseen_vessel,2.164599840366654
lstm_quantile_conformal,quantile,384,pitch,10,1.0,434304,9,0.1,0.2045295461243737,0.029803707924568587,0.9221232699845061,0.053698724545358886,0.026849362272679443,0.0,0.19333508325965224,0.21767350749705275,1,False,1247528,,,,,conformal,unseen_vessel,1.054918979036852
lstm_quantile_conformal,quantile,384,pitch,20,2.0,434304,9,0.1,0.17115200412614207,0.03699917498655436,1.4206671931879256,0.08064490639777919,0.040322453198889587,0.0,0.16214143779472442,0.1818416938365753,1,False,1247528,,,,,conformal,unseen_vessel,1.0551327883415698
lstm_quantile_conformal,quantile,384,pitch,30,3.0,434304,9,0.1,0.1856211317418214,0.0682141860527999,1.8122226736384466,0.10740058990809717,0.05370029495404858,0.0,0.17724859775641025,0.19452739325449453,1,False,1247528,,,,,conformal,unseen_vessel,1.0554849077799051
lstm_quantile_conformal,quantile,384,pitch,50,5.0,434304,9,0.1,0.2943767499263189,0.16017152790672615,1.8408305778990868,0.12522959834909986,0.06261479917454989,0.0,0.27668597341954027,0.3124129641909814,1,False,1247528,,,,,conformal,unseen_vessel,1.0556697846975005
lstm_quantile_conformal,quantile,384,pitch,100,10.0,434304,9,0.1,0.6209037908930151,0.8901496438654689,2.2195150727642177,0.2336836477893722,0.1168418238946861,0.0,0.6019097222222222,0.6396423933465959,1,False,1247528,,,,,conformal,unseen_vessel,1.0562287908366403
lstm_quantile_conformal,quantile,384,pitch,150,15.0,434304,9,0.1,0.7973769525493664,1.8170835347737497,2.859887431413981,0.3333825456319493,0.1666912728159747,0.0,0.7772088214706749,0.8162870362695255,1,False,1247528,,,,,conformal,unseen_vessel,1.056673569331931
lstm_quantile_conformal,quantile,384,heave,10,1.0,434304,9,0.1,0.21510969274977895,0.017009160416069306,0.4201648092855398,0.02525522866197957,0.012627614330989785,0.0,0.20557909897214854,0.22617262332375476,1,False,1247528,,,,,conformal,unseen_vessel,0.6538497228934008
lstm_quantile_conformal,quantile,384,heave,20,2.0,434304,9,0.1,0.14297128278809312,0.017245981593000035,0.7410168864158176,0.04153604635323224,0.020768023176616125,0.0,0.13536693191865606,0.15138969477600944,1,False,1247528,,,,,conformal,unseen_vessel,0.6539339478701262
lstm_quantile_conformal,quantile,384,heave,30,3.0,434304,9,0.1,0.12882681255526082,0.022953414217473697,1.0979132931794933,0.06093411814284966,0.03046705907142483,0.0,0.12142537255010315,0.13698935538240495,1,False,1247528,,,,,conformal,unseen_vessel,0.6541326237646001
lstm_quantile_conformal,quantile,384,heave,50,5.0,434304,9,0.1,0.26748314544650753,0.0786575700951381,1.1903541300237535,0.07732436364547281,0.03866218182273639,0.0,0.25674003693265546,0.2793383206233422,1,False,1247528,,,,,conformal,unseen_vessel,0.6542583886872622
lstm_quantile_conformal,quantile,384,heave,100,10.0,434304,9,0.1,0.5371698165340407,0.3522224057837064,1.603201015763339,0.13894937915768704,0.06947468957884352,0.0,0.5173369344974948,0.557553579980843,1,False,1247528,,,,,conformal,unseen_vessel,0.6543754769960836
lstm_quantile_conformal,quantile,384,heave,150,15.0,434304,9,0.1,0.7459682618626584,0.836279092127935,1.7076807459108772,0.1892654164415563,0.09463270822077813,0.0,0.723794795811229,0.765762288627321,1,False,1247528,,,,,conformal,unseen_vessel,0.6543828266952652
lstm_quantile_conformal,quantile,384,roll_rate,10,1.0,434304,9,0.1,0.1713362068965517,0.04969220572031494,2.3843464916162103,0.13193205260695914,0.0659660263034796,0.0,0.15758293729737693,0.18628201674403183,1,False,1247528,,,,,conformal,unseen_vessel,1.0024554842926892
lstm_quantile_conformal,quantile,384,roll_rate,20,2.0,434304,9,0.1,0.1452438844680224,0.04993167757241702,3.239512459371643,0.17512948443533646,0.08756474221766827,0.0,0.13293574316607723,0.16010829971632773,1,False,1247528,,,,,conformal,unseen_vessel,1.002804304884665
lstm_quantile_conformal,quantile,384,roll_rate,30,3.0,434304,9,0.1,0.13666003536693191,0.06072259680000924,4.25927634623264,0.22922808263279576,0.11461404131639791,0.0,0.1250569877320955,0.14962917679781904,1,False,1247528,,,,,conformal,unseen_vessel,1.0032425289065006
lstm_quantile_conformal,quantile,384,roll_rate,50,5.0,434304,9,0.1,0.1688932176539935,0.08882068305117301,6.838788360032992,0.3652048366508135,0.18260241832540688,0.0,0.153244098603743,0.18543076969127614,1,False,1247528,,,,,conformal,unseen_vessel,1.0033121804656835
lstm_quantile_conformal,quantile,384,roll_rate,100,10.0,434304,9,0.1,0.4235466401414677,0.46332936497166094,8.136133461052278,0.5059398132783332,0.2529699066391664,0.0,0.40079316561671086,0.44715683023872677,1,False,1247528,,,,,conformal,unseen_vessel,1.0033808376976885
lstm_quantile_conformal,quantile,384,roll_rate,150,15.0,434304,9,0.1,0.5617355585027999,1.0131783312843103,8.213165370880644,0.6048864800260605,0.3024432400130305,0.0,0.5364383012820513,0.5867114970159152,1,False,1247528,,,,,conformal,unseen_vessel,1.003279779544346
lstm_quantile_conformal,quantile,384,pitch_rate,10,1.0,434304,9,0.1,0.229401525198939,0.02832041762586424,0.6786893138594322,0.04092821485358225,0.020464107426791125,0.0,0.2186473069554966,0.24111457642572942,1,False,1247528,,,,,conformal,unseen_vessel,0.7030690217475473
lstm_quantile_conformal,quantile,384,pitch_rate,20,2.0,434304,9,0.1,0.21232362584733275,0.04323779965904986,0.9252679490187837,0.05680787942162247,0.028403939710811257,0.0,0.20428403836943707,0.22140234720380195,1,False,1247528,,,,,conformal,unseen_vessel,0.703086203551836
lstm_quantile_conformal,quantile,384,pitch_rate,30,3.0,434304,9,0.1,0.23856561302681992,0.060954062692366,1.026221193961578,0.06542983648292318,0.03271491824146158,0.0,0.22800538332596523,0.24962520492558207,1,False,1247528,,,,,conformal,unseen_vessel,0.7030053176354107
lstm_quantile_conformal,quantile,384,pitch_rate,50,5.0,434304,9,0.1,0.34059552755673445,0.18447938958720286,1.367311708999204,0.10319769277629369,0.05159884638814684,0.0,0.3223364279398762,0.35808448690318306,1,False,1247528,,,,,conformal,unseen_vessel,0.7031631741182381
lstm_quantile_conformal,quantile,384,pitch_rate,100,10.0,434304,9,0.1,0.6682208775419982,0.8517814306447503,1.6456876651724468,0.18116347955165474,0.09058173977582736,0.0,0.6460323298887415,0.6911974676724137,1,False,1247528,,,,,conformal,unseen_vessel,0.7033991527997708
lstm_quantile_conformal,quantile,384,pitch_rate,150,15.0,434304,9,0.1,0.8382008915414088,1.4715901903277464,2.073813591866232,0.2489796344319976,0.12448981721599886,0.0,0.8208614242558209,0.8540178078028293,1,False,1247528,,,,,conformal,unseen_vessel,0.7036809279539469
lstm_quantile_conformal,quantile,384,heave_rate,10,1.0,434304,9,0.1,0.22151073902151489,0.011219472903445592,0.3622822195731546,0.020898489342769524,0.01044924467138476,0.0,0.2039519553124079,0.24059702420424403,1,False,1247528,,,,,conformal,unseen_vessel,0.366916177705551
lstm_quantile_conformal,quantile,384,heave_rate,20,2.0,434304,9,0.1,0.15994787061597407,0.012396109931661074,0.49178435740107856,0.027735474295928906,0.013867737147964456,0.0,0.1500279182323902,0.17086263308650163,1,False,1247528,,,,,conformal,unseen_vessel,0.3669535008792491
lstm_quantile_conformal,quantile,384,heave_rate,30,3.0,434304,9,0.1,0.20717285587975243,0.019228656857618383,0.48128665265870585,0.028758176022333656,0.014379088011166824,0.0,0.1968929022067492,0.2185615375405246,1,False,1247528,,,,,conformal,unseen_vessel,0.3668990248574837
lstm_quantile_conformal,quantile,384,heave_rate,50,5.0,434304,9,0.1,0.25048122973769527,0.05128635448795992,0.6795741884622809,0.04555241508118057,0.022776207540590298,0.0,0.23898093271072796,0.2626990541187739,1,False,1247528,,,,,conformal,unseen_vessel,0.3669440869125789
lstm_quantile_conformal,quantile,384,heave_rate,100,10.0,434304,9,0.1,0.5487768936044798,0.2592028319444058,0.9120320647625918,0.08534592325958928,0.042672961629794656,0.0,0.5273879011015327,0.5714802304376658,1,False,1247528,,,,,conformal,unseen_vessel,0.3670072514707468
lstm_quantile_conformal,quantile,384,heave_rate,150,15.0,434304,9,0.1,0.7771699086354259,0.5620543181956172,0.9785486775522237,0.11283998897878796,0.05641999448939395,0.0,0.757340307710728,0.7958204967027704,1,False,1247528,,,,,conformal,unseen_vessel,0.3670157241047937
lstm_quantile_conformal,quantile,384,roll,10,1.0,434304,9,0.1,0.20380194518125552,0.08824862347038483,4.897802580456764,0.26788684839805965,0.13394342419902988,0.0,0.18723814424918953,0.22196082697833774,2,False,1247528,,,,,conformal,unseen_vessel,2.1637411794341554
lstm_quantile_conformal,quantile,384,roll,20,2.0,434304,9,0.1,0.1400263409961686,0.08595986830119356,8.074877118863032,0.4268863036406899,0.21344315182034504,0.0,0.12708195181255527,0.15409528809313291,2,False,1247528,,,,,conformal,unseen_vessel,2.16324713835809
lstm_quantile_conformal,quantile,384,roll,30,3.0,434304,9,0.1,0.11368764736221633,0.08986715781853057,11.303857739779044,0.5895898262846069,0.2947949131423036,0.0,0.1032506032640731,0.1256981860632184,2,False,1247528,,,,,conformal,unseen_vessel,2.162494943561516
lstm_quantile_conformal,quantile,384,roll,50,5.0,434304,9,0.1,0.12356552092543471,0.12994680303952483,16.032385512035255,0.836378057354447,0.41818902867722363,0.0,0.11096207955717653,0.13765881732611257,2,False,1247528,,,,,conformal,unseen_vessel,2.162524144828776
lstm_quantile_conformal,quantile,384,roll,100,10.0,434304,9,0.1,0.3004876768346596,0.5572934343032812,19.939597691971347,1.136526841572969,0.5682634207864851,0.0,0.2785704253241969,0.32467378840627764,2,False,1247528,,,,,conformal,unseen_vessel,2.163218272680421
lstm_quantile_conformal,quantile,384,roll,150,15.0,434304,9,0.1,0.4665027262010021,1.4274872837919874,19.81695430111063,1.3061279209170669,0.6530639604585335,0.0,0.4423444752984085,0.4927862165671972,2,False,1247528,,,,,conformal,unseen_vessel,2.164599840366654
lstm_quantile_conformal,quantile,384,pitch,10,1.0,434304,9,0.1,0.20988524167403477,0.028906170797237035,0.8820380432590701,0.05138528022815852,0.025692640114079277,0.0,0.19488773992410846,0.22662668315281462,2,False,1247528,,,,,conformal,unseen_vessel,1.054918979036852
lstm_quantile_conformal,quantile,384,pitch,20,2.0,434304,9,0.1,0.15739435971117005,0.03466794033606232,1.343361870644747,0.07616734656792909,0.03808367328396456,0.0,0.15000189959106985,0.16585018788682582,2,False,1247528,,,,,conformal,unseen_vessel,1.0551327883415698
lstm_quantile_conformal,quantile,384,pitch,30,3.0,434304,9,0.1,0.1842165856174477,0.06216369295891721,1.715191092942112,0.10111911594594333,0.05055955797297168,0.0,0.1764092087569997,0.19248084291187742,2,False,1247528,,,,,conformal,unseen_vessel,1.0554849077799051
lstm_quantile_conformal,quantile,384,pitch,50,5.0,434304,9,0.1,0.3034418287651046,0.13197368218422728,1.8316320651670182,0.12021211712863007,0.06010605856431502,0.0,0.2870557835064839,0.3201542007441792,2,False,1247528,,,,,conformal,unseen_vessel,1.0556697846975005
lstm_quantile_conformal,quantile,384,pitch,100,10.0,434304,9,0.1,0.6404799403183024,0.7989736755361281,2.4356139949499207,0.2340850610855409,0.11704253054277045,0.0,0.6202169448128501,0.6609244331159742,2,False,1247528,,,,,conformal,unseen_vessel,1.0562287908366403
lstm_quantile_conformal,quantile,384,pitch,150,15.0,434304,9,0.1,0.8067160330091364,1.6985239360023001,3.251301741243679,0.35326432521366224,0.17663216260683112,0.0,0.7845870058760684,0.8280094703249337,2,False,1247528,,,,,conformal,unseen_vessel,1.056673569331931
lstm_quantile_conformal,quantile,384,heave,10,1.0,434304,9,0.1,0.2807112068965517,0.01688084010889713,0.3654882388632375,0.022340742712593488,0.011170371356296744,0.0,0.2640682563365753,0.2995591221816976,2,False,1247528,,,,,conformal,unseen_vessel,0.6538497228934008
lstm_quantile_conformal,quantile,384,heave,20,2.0,434304,9,0.1,0.14751418361332155,0.017243820159430587,0.7497227783077997,0.041943521616525356,0.02097176080826267,0.0,0.1373561491489832,0.1588959001068376,2,False,1247528,,,,,conformal,unseen_vessel,0.6539339478701262
lstm_quantile_conformal,quantile,384,heave,30,3.0,434304,9,0.1,0.11564710433244917,0.02234280393887208,1.2244088602506988,0.06710694991351433,0.03355347495675715,0.0,0.10787075412614205,0.12399920332301798,2,False,1247528,,,,,conformal,unseen_vessel,0.6541326237646001
lstm_quantile_conformal,quantile,384,heave,50,5.0,434304,9,0.1,0.2307945586501621,0.07561502637978723,1.569293673832157,0.09666130788831133,0.04833065394415571,0.0,0.2204914069407604,0.2418660661656351,2,False,1247528,,,,,conformal,unseen_vessel,0.6542583886872622
lstm_quantile_conformal,quantile,384,heave,100,10.0,434304,9,0.1,0.5268429487179487,0.3206092874071526,1.9234611335421463,0.1536697445919426,0.0768348722959713,0.0,0.5068537245800177,0.5481360406535515,2,False,1247528,,,,,conformal,unseen_vessel,0.6543754769960836
lstm_quantile_conformal,quantile,384,heave,150,15.0,434304,9,0.1,0.7381465517241379,0.7770462414553085,1.9509506791729174,0.20203563845895592,0.10101781922947795,0.0,0.7175795065207781,0.7585715305408193,2,False,1247528,,,,,conformal,unseen_vessel,0.6543828266952652
lstm_quantile_conformal,quantile,384,roll_rate,10,1.0,434304,9,0.1,0.18793517904509283,0.050750096938975614,2.10052943069231,0.11823624868062771,0.05911812434031388,0.0,0.17547299817639256,0.20198996555408194,2,False,1247528,,,,,conformal,unseen_vessel,1.0024554842926892
lstm_quantile_conformal,quantile,384,roll_rate,20,2.0,434304,9,0.1,0.1620846227527262,0.052300759899573085,2.9563211559824265,0.16149814535044382,0.08074907267522194,0.0,0.14967804809534335,0.17589804606911288,2,False,1247528,,,,,conformal,unseen_vessel,1.002804304884665
lstm_quantile_conformal,quantile,384,roll_rate,30,3.0,434304,9,0.1,0.15433659372236957,0.061539461351068234,3.983223304644806,0.21541873408029782,0.1077093670401489,0.0,0.14294963896257,0.16813602914087827,2,False,1247528,,,,,conformal,unseen_vessel,1.0032425289065006
lstm_quantile_conformal,quantile,384,roll_rate,50,5.0,434304,9,0.1,0.17762442897141173,0.0902369144210138,6.941912068751495,0.37094509245121293,0.18547254622560647,0.0,0.1620092723069555,0.19645732021809606,2,False,1247528,,,,,conformal,unseen_vessel,1.0033121804656835
lstm_quantile_conformal,quantile,384,roll_rate,100,10.0,434304,9,0.1,0.3896947760094312,0.43140649609751625,9.017716167084476,0.5489729891976828,0.27448649459884117,0.0,0.36587695485190097,0.4156992567418214,2,False,1247528,,,,,conformal,unseen_vessel,1.0033808376976885
lstm_quantile_conformal,quantile,384,roll_rate,150,15.0,434304,9,0.1,0.5442017572944297,0.9928875965713425,8.766245659106726,0.636533300399086,0.31826665019954287,0.0,0.517797671676982,0.5730977610153257,2,False,1247528,,,,,conformal,unseen_vessel,1.003279779544346
lstm_quantile_conformal,quantile,384,pitch_rate,10,1.0,434304,9,0.1,0.2349713564692013,0.02746439998552638,0.6432627861873476,0.03884936993027304,0.01942468496513652,0.0,0.22209926687297377,0.24802747614574122,2,False,1247528,,,,,conformal,unseen_vessel,0.7030690217475473
lstm_quantile_conformal,quantile,384,pitch_rate,20,2.0,434304,9,0.1,0.21746288314176246,0.03861236234384886,0.86247772531961,0.05248993330727265,0.026244966653636306,0.0,0.2067616807581786,0.22924489528072503,2,False,1247528,,,,,conformal,unseen_vessel,0.703086203551836
lstm_quantile_conformal,quantile,384,pitch_rate,30,3.0,434304,9,0.1,0.22510499557913352,0.0523063962103184,0.992743158710906,0.06200994525923682,0.031004972629618432,0.0,0.21387121693560274,0.23691377468317124,2,False,1247528,,,,,conformal,unseen_vessel,0.7030053176354107
lstm_quantile_conformal,quantile,384,pitch_rate,50,5.0,434304,9,0.1,0.3466005378720896,0.1517789221720981,1.2669371077613274,0.09128734298900928,0.04564367149450465,0.0,0.32990704667698206,0.3647420355327144,2,False,1247528,,,,,conformal,unseen_vessel,0.7031631741182381
lstm_quantile_conformal,quantile,384,pitch_rate,100,10.0,434304,9,0.1,0.67435252726201,0.7517161792957611,1.7412093677068412,0.17899796153924696,0.08949898076962351,0.0,0.6540076766504568,0.6962376584143826,2,False,1247528,,,,,conformal,unseen_vessel,0.7033991527997708
lstm_quantile_conformal,quantile,384,pitch_rate,150,15.0,434304,9,0.1,0.8292762673150604,1.3672203825935465,2.261550516284562,0.2575375638082806,0.1287687819041403,0.0,0.807183908045977,0.8493754950449455,2,False,1247528,,,,,conformal,unseen_vessel,0.7036809279539469
lstm_quantile_conformal,quantile,384,heave_rate,10,1.0,434304,9,0.1,0.23837910772178014,0.011041002092327157,0.33921589154047505,0.019647722009299855,0.009823861004649931,0.0,0.21765998010610083,0.261714087367374,2,False,1247528,,,,,conformal,unseen_vessel,0.366916177705551
lstm_quantile_conformal,quantile,384,heave_rate,20,2.0,434304,9,0.1,0.16887709991158267,0.012224772369635423,0.500219781505583,0.028146833993077075,0.014073416996538538,0.0,0.1537412158303861,0.18590221365679338,2,False,1247528,,,,,conformal,unseen_vessel,0.3669535008792491
lstm_quantile_conformal,quantile,384,heave_rate,30,3.0,434304,9,0.1,0.1992475316828765,0.01828311461227227,0.5330579917045037,0.03123958864427694,0.015619794322138471,0.0,0.18560109969053937,0.21419000285514295,2,False,1247528,,,,,conformal,unseen_vessel,0.3668990248574837
lstm_quantile_conformal,quantile,384,heave_rate,50,5.0,434304,9,0.1,0.23106625773651635,0.04744822741172857,0.7691121558546615,0.049416009604456884,0.02470800480222844,0.0,0.22096653496168583,0.24089623857942824,2,False,1247528,,,,,conformal,unseen_vessel,0.3669440869125789
lstm_quantile_conformal,quantile,384,heave_rate,100,10.0,434304,9,0.1,0.541655153993516,0.2365508731297839,1.0539588324809865,0.09201390210768547,0.04600695105384276,0.0,0.5217235507847038,0.5634053566165635,2,False,1247528,,,,,conformal,unseen_vessel,0.3670072514707468
lstm_quantile_conformal,quantile,384,heave_rate,150,15.0,434304,9,0.1,0.7681923261125847,0.5237800284970465,1.1080804156084552,0.11931190989198728,0.05965595494599362,0.0,0.7462644253794577,0.789522143475538,2,False,1247528,,,,,conformal,unseen_vessel,0.3670157241047937
lstm_gaussian_conformal,gaussian,384,roll,10,1.0,434304,9,0.1,0.16385757441791923,0.06863640244296473,4.681302875769816,0.25247027882338563,0.12623513941169287,0.0,0.14586833185971118,0.18493583987253168,0,False,434828,,,,,conformal,unseen_vessel,2.1637411794341554
lstm_gaussian_conformal,gaussian,384,roll,20,2.0,434304,9,0.1,0.13425158414382551,0.07187637173233448,7.818303317204812,0.41050134534485627,0.20525067267242805,0.0,0.11709338389699381,0.15481667219274978,0,False,434828,,,,,conformal,unseen_vessel,2.16324713835809
lstm_gaussian_conformal,gaussian,384,roll,30,3.0,434304,9,0.1,0.13272730621868553,0.10626728789892896,10.935405777225466,0.5757375891223456,0.28786879456117287,0.0,0.11743461952917772,0.1509514648725317,0,False,434828,,,,,conformal,unseen_vessel,2.162494943561516
lstm_gaussian_conformal,gaussian,384,roll,50,5.0,434304,9,0.1,0.1432752173592691,0.16406184926305986,15.767001626962974,0.8328650621543823,0.4164325310771913,0.0,0.12487169125773652,0.16420951683613322,0,False,434828,,,,,conformal,unseen_vessel,2.162524144828776
lstm_gaussian_conformal,gaussian,384,roll,100,10.0,434304,9,0.1,0.3381364205717654,0.7717901896522664,18.28011590477288,1.1011318315859653,0.5505659157929829,0.0,0.3160706555776599,0.36217194637857353,0,False,434828,,,,,conformal,unseen_vessel,2.163218272680421
lstm_gaussian_conformal,gaussian,384,roll,150,15.0,434304,9,0.1,0.5370777151488358,1.8412929853923345,16.905916340796544,1.2341362098546402,0.6170681049273202,0.0,0.5118875833517536,0.5635270455717655,0,False,434828,,,,,conformal,unseen_vessel,2.164599840366654
lstm_gaussian_conformal,gaussian,384,pitch,10,1.0,434304,9,0.1,0.3209341843501326,0.03813369274611284,0.5787386294102366,0.037465539499154404,0.0187327697495772,0.0,0.3033885826517831,0.3395620348880047,0,False,434828,,,,,conformal,unseen_vessel,1.054918979036852
lstm_gaussian_conformal,gaussian,384,pitch,20,2.0,434304,9,0.1,0.25309690907751253,0.05400329096254343,1.0228721175336712,0.06380687798900905,0.031903438994504534,0.0,0.23948248231653405,0.26790071010167993,0,False,434828,,,,,conformal,unseen_vessel,1.0551327883415698
lstm_gaussian_conformal,gaussian,384,pitch,30,3.0,434304,9,0.1,0.34077282272325377,0.1066524277183548,1.1971073051509395,0.08262945229780044,0.04131472614890022,0.0,0.3255522053676687,0.35827456113689954,0,False,434828,,,,,conformal,unseen_vessel,1.0554849077799051
lstm_gaussian_conformal,gaussian,384,pitch,50,5.0,434304,9,0.1,0.4613910993221338,0.21935970584449316,1.1855982637104407,0.0956568710930781,0.04782843554653906,0.0,0.4393001215738285,0.4849601316128795,0,False,434828,,,,,conformal,unseen_vessel,1.0556697846975005
lstm_gaussian_conformal,gaussian,384,pitch,100,10.0,434304,9,0.1,0.771111940023578,1.032819693032418,1.7102025833524814,0.20281345917017204,0.101406729585086,0.0,0.756556237105806,0.7869688628241969,0,False,434828,,,,,conformal,unseen_vessel,1.0562287908366403
lstm_gaussian_conformal,gaussian,384,pitch,150,15.0,434304,9,0.1,0.8612055150309461,2.0095664583314123,2.900560034470805,0.3365677577409947,0.16828387887049728,0.0,0.8424594869031831,0.8798516131557619,0,False,434828,,,,,conformal,unseen_vessel,1.056673569331931
lstm_gaussian_conformal,gaussian,384,heave,10,1.0,434304,9,0.1,0.3661720822281167,0.019664724121156718,0.2337866877921621,0.01608915343402526,0.008044576717012633,0.0,0.34969497172487474,0.38510593961833184,0,False,434828,,,,,conformal,unseen_vessel,0.6538497228934008
lstm_gaussian_conformal,gaussian,384,heave,20,2.0,434304,9,0.1,0.2130374115826702,0.023021936336549857,0.5133789495213267,0.031382858123134856,0.015691429061567428,0.0,0.2037888782972296,0.22227892213748895,0,False,434828,,,,,conformal,unseen_vessel,0.6539339478701262
lstm_gaussian_conformal,gaussian,384,heave,30,3.0,434304,9,0.1,0.21868092396109637,0.038284377198576316,0.8272831763149902,0.050866157015872646,0.025433078507936323,0.0,0.2088625709180666,0.2284728554192455,0,False,434828,,,,,conformal,unseen_vessel,0.6541326237646001
lstm_gaussian_conformal,gaussian,384,heave,50,5.0,434304,9,0.1,0.4258722001178898,0.12625993898221172,0.8671192368513101,0.06846831884487313,0.034234159422436544,0.0,0.40779638225758913,0.4453823819260242,0,False,434828,,,,,conformal,unseen_vessel,0.6542583886872622
lstm_gaussian_conformal,gaussian,384,heave,100,10.0,434304,9,0.1,0.6560036287945771,0.43740152564849427,1.2503034253254168,0.12734994602002261,0.0636749730100113,0.0,0.6365860664419393,0.6766703161840554,0,False,434828,,,,,conformal,unseen_vessel,0.6543754769960836
lstm_gaussian_conformal,gaussian,384,heave,150,15.0,434304,9,0.1,0.8220785440613027,0.9677040432998046,1.431593892359948,0.17743174436057943,0.0887158721802897,0.0,0.8074433461354258,0.8374304058908046,0,False,434828,,,,,conformal,unseen_vessel,0.6543828266952652
lstm_gaussian_conformal,gaussian,384,roll_rate,10,1.0,434304,9,0.1,0.15552930666077217,0.04133510497923236,2.1674702144944606,0.11935328732028021,0.059676643660140104,0.0,0.14165538424697907,0.1719189784114353,0,False,434828,,,,,conformal,unseen_vessel,1.0024554842926892
lstm_gaussian_conformal,gaussian,384,roll_rate,20,2.0,434304,9,0.1,0.19219486811081637,0.08530907188671774,2.924741993430895,0.1683825446133829,0.08419127230669149,0.0,0.1804812412503684,0.20570061523725316,0,False,434828,,,,,conformal,unseen_vessel,1.002804304884665
lstm_gaussian_conformal,gaussian,384,roll_rate,30,3.0,434304,9,0.1,0.15688549955791334,0.08114886611820997,4.068589440135715,0.22486635151986567,0.11243317575993288,0.0,0.1432775198938992,0.17348527759357502,0,False,434828,,,,,conformal,unseen_vessel,1.0032425289065006
lstm_gaussian_conformal,gaussian,384,roll_rate,50,5.0,434304,9,0.1,0.18107592838196288,0.1188802496393734,6.521816409652002,0.3573253477524792,0.17866267387623955,0.0,0.16390120744916004,0.20137777915929855,0,False,434828,,,,,conformal,unseen_vessel,1.0033121804656835
lstm_gaussian_conformal,gaussian,384,roll_rate,100,10.0,434304,9,0.1,0.4327268457117595,0.5606192294312523,7.849066367698819,0.5151831029589423,0.2575915514794711,0.0,0.4088377035440613,0.45764873222443264,0,False,434828,,,,,conformal,unseen_vessel,1.0033808376976885
lstm_gaussian_conformal,gaussian,384,roll_rate,150,15.0,434304,9,0.1,0.61566322207486,1.221974281158242,7.202080727175071,0.5897939455312253,0.2948969727656128,0.0,0.5904474170166519,0.6419305946986442,0,False,434828,,,,,conformal,unseen_vessel,1.003279779544346
lstm_gaussian_conformal,gaussian,384,pitch_rate,10,1.0,434304,9,0.1,0.28548666371942233,0.04047301832786994,0.5924192891288058,0.038877413904926876,0.019438706952463438,0.0,0.2702098069554966,0.3030637525788388,0,False,434828,,,,,conformal,unseen_vessel,0.7030690217475473
lstm_gaussian_conformal,gaussian,384,pitch_rate,20,2.0,434304,9,0.1,0.3422372347480106,0.06513725387186121,0.6793337958219628,0.04764354768178477,0.023821773840892384,0.0,0.3231853724580018,0.3625394884689066,0,False,434828,,,,,conformal,unseen_vessel,0.703086203551836
lstm_gaussian_conformal,gaussian,384,pitch_rate,30,3.0,434304,9,0.1,0.38254080091364573,0.08797981419077688,0.719675393519529,0.053167563273091335,0.026583781636545647,0.0,0.3615530250699971,0.4051378757736516,0,False,434828,,,,,conformal,unseen_vessel,0.7030053176354107
lstm_gaussian_conformal,gaussian,384,pitch_rate,50,5.0,434304,9,0.1,0.5164838454170351,0.2381533264336644,0.8773085319412053,0.07993523578307885,0.0399676178915394,0.0,0.4955605981063955,0.5385048836759505,0,False,434828,,,,,conformal,unseen_vessel,0.7031631741182381
lstm_gaussian_conformal,gaussian,384,pitch_rate,100,10.0,434304,9,0.1,0.7623116526672561,0.9279304752589378,1.3963237862437823,0.16720182898321906,0.08360091449160949,0.0,0.7458669503389331,0.780138278717212,0,False,434828,,,,,conformal,unseen_vessel,0.7033991527997708
lstm_gaussian_conformal,gaussian,384,pitch_rate,150,15.0,434304,9,0.1,0.8946705533451224,1.5911338719693047,1.9206313703474205,0.23499308386884465,0.11749654193442238,0.0,0.8813294374447392,0.9077183838969938,0,False,434828,,,,,conformal,unseen_vessel,0.7036809279539469
lstm_gaussian_conformal,gaussian,384,heave_rate,10,1.0,434304,9,0.1,0.24098787945770705,0.014840360908467446,0.32343987883068437,0.019836738629347078,0.009918369314673542,0.0,0.2303387719201297,0.2523168103448276,0,False,434828,,,,,conformal,unseen_vessel,0.366916177705551
lstm_gaussian_conformal,gaussian,384,heave_rate,20,2.0,434304,9,0.1,0.2498342175066313,0.021679375407298578,0.43158542528411487,0.026892295195560058,0.013446147597780027,0.0,0.2392804924661067,0.2608506368810787,0,False,434828,,,,,conformal,unseen_vessel,0.3669535008792491
lstm_gaussian_conformal,gaussian,384,heave_rate,30,3.0,434304,9,0.1,0.33292578470380196,0.033475031317404196,0.39627046109990705,0.027294364561694623,0.013647182280847313,0.0,0.31892867668729735,0.34796536527409366,0,False,434828,,,,,conformal,unseen_vessel,0.3668990248574837
lstm_gaussian_conformal,gaussian,384,heave_rate,50,5.0,434304,9,0.1,0.4287273430592396,0.07414616370602678,0.4614104472466035,0.03731867924411032,0.01865933962205517,0.0,0.41178661720822285,0.44634875571028587,0,False,434828,,,,,conformal,unseen_vessel,0.3669440869125789
lstm_gaussian_conformal,gaussian,384,heave_rate,100,10.0,434304,9,0.1,0.6514538203654583,0.3077567173015424,0.7180780624367705,0.07790059217586288,0.03895029608793144,0.0,0.6318965517241378,0.6726393263704686,0,False,434828,,,,,conformal,unseen_vessel,0.3670072514707468
lstm_gaussian_conformal,gaussian,384,heave_rate,150,15.0,434304,9,0.1,0.8258178603006189,0.6383038649361076,0.913808204739171,0.11232551484725126,0.056162757423625614,0.0,0.8076479839006779,0.8440472572207486,0,False,434828,,,,,conformal,unseen_vessel,0.3670157241047937
lstm_gaussian_conformal,gaussian,384,roll,10,1.0,434304,9,0.1,0.1540418692897141,0.07511315752621868,4.577715765286922,0.24901849304890633,0.12450924652445315,0.0,0.14099334797745358,0.16821989896478043,1,False,434828,,,,,conformal,unseen_vessel,2.1637411794341554
lstm_gaussian_conformal,gaussian,384,roll,20,2.0,434304,9,0.1,0.12651046271735927,0.07656048472527088,7.914199928455798,0.41660611248731044,0.20830305624365528,0.0,0.11164863782051283,0.14445417265325672,1,False,434828,,,,,conformal,unseen_vessel,2.16324713835809
lstm_gaussian_conformal,gaussian,384,roll,30,3.0,434304,9,0.1,0.10894672855879753,0.09136384531104678,11.174744237167156,0.5838044706388493,0.2919022353194245,0.0,0.0960641048666372,0.12442488441276156,1,False,434828,,,,,conformal,unseen_vessel,2.162494943561516
lstm_gaussian_conformal,gaussian,384,roll,50,5.0,434304,9,0.1,0.14422846669613912,0.1800154305670282,15.338567883555552,0.8155705088417703,0.4077852544208853,0.0,0.12845552884615385,0.16144584208296492,1,False,434828,,,,,conformal,unseen_vessel,2.162524144828776
lstm_gaussian_conformal,gaussian,384,roll,100,10.0,434304,9,0.1,0.3293223180076628,0.690113049177175,18.9795506561261,1.1163327927853215,0.5581663963926609,0.0,0.3067597811671088,0.35340021045166514,1,False,434828,,,,,conformal,unseen_vessel,2.163218272680421
lstm_gaussian_conformal,gaussian,384,roll,150,15.0,434304,9,0.1,0.5202231616563513,1.7296546244957174,18.08902333493189,1.2703585968046414,0.6351792984023207,0.0,0.49455162743147657,0.5463136996205422,1,False,434828,,,,,conformal,unseen_vessel,2.164599840366654
lstm_gaussian_conformal,gaussian,384,pitch,10,1.0,434304,9,0.1,0.26427801724137934,0.04137196217594025,0.6529960317003506,0.042275705873079134,0.021137852936539563,0.0,0.25298396975390514,0.2767519410366932,1,False,434828,,,,,conformal,unseen_vessel,1.054918979036852
lstm_gaussian_conformal,gaussian,384,pitch,20,2.0,434304,9,0.1,0.23435197465369878,0.05596720507174738,1.1405206982850888,0.07043805391815594,0.035219026959077984,0.0,0.22397819269451813,0.24600585074049514,1,False,434828,,,,,conformal,unseen_vessel,1.0551327883415698
lstm_gaussian_conformal,gaussian,384,pitch,30,3.0,434304,9,0.1,0.2932300876805187,0.10703839205628882,1.4099313542090888,0.09417832857502481,0.04708916428751242,0.0,0.27924201711243735,0.3083300522214854,1,False,434828,,,,,conformal,unseen_vessel,1.0554849077799051
lstm_gaussian_conformal,gaussian,384,pitch,50,5.0,434304,9,0.1,0.43019405761862656,0.2123742202196227,1.3972513813513552,0.10658654220718893,0.05329327110359447,0.0,0.40788474202402003,0.45383895842543476,1,False,434828,,,,,conformal,unseen_vessel,1.0556697846975005
lstm_gaussian_conformal,gaussian,384,pitch,100,10.0,434304,9,0.1,0.7533801208370174,0.974460257826923,1.8814059932354736,0.2120052924334212,0.10600264621671064,0.0,0.7368425687997348,0.7697474580017684,1,False,434828,,,,,conformal,unseen_vessel,1.0562287908366403
lstm_gaussian_conformal,gaussian,384,pitch,150,15.0,434304,9,0.1,0.8391794687592101,1.9466023555890288,3.02981480875931,0.35730176935554336,0.17865088467777163,0.0,0.8204984872347479,0.8571264598069555,1,False,434828,,,,,conformal,unseen_vessel,1.056673569331931
lstm_gaussian_conformal,gaussian,384,heave,10,1.0,434304,9,0.1,0.22796013852048336,0.01606152884472694,0.3413690044558007,0.020993447584706247,0.010496723792353129,0.0,0.21565383924624226,0.24054210875331564,1,False,434828,,,,,conformal,unseen_vessel,0.6538497228934008
lstm_gaussian_conformal,gaussian,384,heave,20,2.0,434304,9,0.1,0.18666187739463602,0.026026595466345198,0.6647708651645963,0.03984507502612811,0.019922537513064054,0.0,0.17798143696581195,0.1956136715296198,1,False,434828,,,,,conformal,unseen_vessel,0.6539339478701262
lstm_gaussian_conformal,gaussian,384,heave,30,3.0,434304,9,0.1,0.202648375331565,0.04089865992492102,0.9918311157684074,0.05989742396970723,0.029948711984853615,0.0,0.19332385840333038,0.212342679321397,1,False,434828,,,,,conformal,unseen_vessel,0.6541326237646001
lstm_gaussian_conformal,gaussian,384,heave,50,5.0,434304,9,0.1,0.3657530209254347,0.10820579473003576,1.0798004373463304,0.07687822489967745,0.03843911244983873,0.0,0.34892103227232535,0.3839197889036251,1,False,434828,,,,,conformal,unseen_vessel,0.6542583886872622
lstm_gaussian_conformal,gaussian,384,heave,100,10.0,434304,9,0.1,0.6314447944297082,0.4076383302474278,1.4938163796806039,0.13844165773113287,0.06922082886556638,0.0,0.61026020943855,0.6541093335543766,1,False,434828,,,,,conformal,unseen_vessel,0.6543754769960836
lstm_gaussian_conformal,gaussian,384,heave,150,15.0,434304,9,0.1,0.8089955422929561,0.9003011542055505,1.5496882183804817,0.18388718829919828,0.09194359414959911,0.0,0.7918490849727381,0.8258796833554377,1,False,434828,,,,,conformal,unseen_vessel,0.6543828266952652
lstm_gaussian_conformal,gaussian,384,roll_rate,10,1.0,434304,9,0.1,0.17149508178603007,0.050821707600717345,2.444896347300547,0.1357079971872956,0.06785399859364778,0.0,0.15844822981137638,0.18710609388815208,1,False,434828,,,,,conformal,unseen_vessel,1.0024554842926892
lstm_gaussian_conformal,gaussian,384,roll_rate,20,2.0,434304,9,0.1,0.1265588159445918,0.04818691084547431,3.3158897190887906,0.17878300177764594,0.08939150088882293,0.0,0.11583349451075745,0.1401576430334512,1,False,434828,,,,,conformal,unseen_vessel,1.002804304884665
lstm_gaussian_conformal,gaussian,384,roll_rate,30,3.0,434304,9,0.1,0.14410182729148246,0.0737656768957296,3.9966988191296013,0.21945916961883974,0.10972958480941984,0.0,0.1337830759099617,0.15636011871868552,1,False,434828,,,,,conformal,unseen_vessel,1.0032425289065006
lstm_gaussian_conformal,gaussian,384,roll_rate,50,5.0,434304,9,0.1,0.1957085359563808,0.1269658554822837,6.45522276315422,0.3558340883825913,0.1779170441912957,0.0,0.1771398605585028,0.21522562536840553,1,False,434828,,,,,conformal,unseen_vessel,1.0033121804656835
lstm_gaussian_conformal,gaussian,384,roll_rate,100,10.0,434304,9,0.1,0.4297358532272325,0.5481702223155162,8.020075968680917,0.5207199732283097,0.26035998661415505,0.0,0.4052265809202771,0.45508388133657535,1,False,434828,,,,,conformal,unseen_vessel,1.0033808376976885
lstm_gaussian_conformal,gaussian,384,roll_rate,150,15.0,434304,9,0.1,0.6146109637488948,1.18825108696791,7.416017961515341,0.5909180081270435,0.29545900406352166,0.0,0.588057040690392,0.6414845937407898,1,False,434828,,,,,conformal,unseen_vessel,1.003279779544346
lstm_gaussian_conformal,gaussian,384,pitch_rate,10,1.0,434304,9,0.1,0.26199620542292956,0.043774724805401545,0.6830629445897356,0.044206695155730745,0.022103347577865372,0.0,0.24959009127247275,0.2751326835580607,1,False,434828,,,,,conformal,unseen_vessel,0.7030690217475473
lstm_gaussian_conformal,gaussian,384,pitch_rate,20,2.0,434304,9,0.1,0.3082080754494548,0.07403176748365395,0.8512994024789641,0.0586003451830945,0.029300172591547245,0.0,0.2929106685639552,0.3247525350906278,1,False,434828,,,,,conformal,unseen_vessel,0.703086203551836
lstm_gaussian_conformal,gaussian,384,pitch_rate,30,3.0,434304,9,0.1,0.3628771551724138,0.10386049697495865,0.8699103123531666,0.06413205591617774,0.032066027958088876,0.0,0.34298457992558207,0.38314630995800175,1,False,434828,,,,,conformal,unseen_vessel,0.7030053176354107
lstm_gaussian_conformal,gaussian,384,pitch_rate,50,5.0,434304,9,0.1,0.4994911398467433,0.22913071191964207,0.9800924704464793,0.08416804772342047,0.04208402386171022,0.0,0.47673916196949606,0.5224027985005895,1,False,434828,,,,,conformal,unseen_vessel,0.7031631741182381
lstm_gaussian_conformal,gaussian,384,pitch_rate,100,10.0,434304,9,0.1,0.7649733826996759,0.8958883981299757,1.4378286688527302,0.16847193927366633,0.08423596963683318,0.0,0.7495217059939581,0.7807472415635132,1,False,434828,,,,,conformal,unseen_vessel,0.7033991527997708
lstm_gaussian_conformal,gaussian,384,pitch_rate,150,15.0,434304,9,0.1,0.8909013041556145,1.5528456785418523,1.9513653725376212,0.2418209873185091,0.1209104936592546,0.0,0.8769143848548482,0.904201089559387,1,False,434828,,,,,conformal,unseen_vessel,0.7036809279539469
lstm_gaussian_conformal,gaussian,384,heave_rate,10,1.0,434304,9,0.1,0.2862902483053345,0.02131896456203259,0.31491269717530107,0.020822296254355832,0.010411148127177921,0.0,0.275794777390952,0.29693227554892426,1,False,434828,,,,,conformal,unseen_vessel,0.366916177705551
lstm_gaussian_conformal,gaussian,384,heave_rate,20,2.0,434304,9,0.1,0.2490582633362806,0.023172982025190022,0.4312756526987251,0.027215726069452873,0.013607863034726435,0.0,0.23903734480916594,0.26013690870910694,1,False,434828,,,,,conformal,unseen_vessel,0.3669535008792491
lstm_gaussian_conformal,gaussian,384,heave_rate,30,3.0,434304,9,0.1,0.28602775935750074,0.02879915637194981,0.4257360182760481,0.02795844784335968,0.013979223921679836,0.0,0.2726997103411435,0.3005588251547303,1,False,434828,,,,,conformal,unseen_vessel,0.3668990248574837
lstm_gaussian_conformal,gaussian,384,heave_rate,50,5.0,434304,9,0.1,0.36589808060713236,0.07283718239468695,0.5694026852079278,0.04337278890464643,0.021686394452323225,0.0,0.35045273587164755,0.38202773863468903,1,False,434828,,,,,conformal,unseen_vessel,0.3669440869125789
lstm_gaussian_conformal,gaussian,384,heave_rate,100,10.0,434304,9,0.1,0.6597337348953728,0.2915664537734895,0.73775131854142,0.0775586236444802,0.0387793118222401,0.0,0.6403082287982611,0.6814745546898024,1,False,434828,,,,,conformal,unseen_vessel,0.3670072514707468
lstm_gaussian_conformal,gaussian,384,heave_rate,150,15.0,434304,9,0.1,0.8236534777483053,0.5965940774699281,0.9212811245679752,0.11121019140484792,0.055605095702423966,0.0,0.8053141923629532,0.8412173270335985,1,False,434828,,,,,conformal,unseen_vessel,0.3670157241047937
lstm_gaussian_conformal,gaussian,384,roll,10,1.0,434304,9,0.1,0.26396256999705275,0.10091066734758526,3.810619944023606,0.2162361139462376,0.1081180569731188,0.0,0.24321863257073387,0.28788832246536983,2,False,434828,,,,,conformal,unseen_vessel,2.1637411794341554
lstm_gaussian_conformal,gaussian,384,roll,20,2.0,434304,9,0.1,0.213642978190392,0.10717892004054225,7.085751263033255,0.3825773441213304,0.19128867206066533,0.0,0.1909269198533746,0.24103162761567934,2,False,434828,,,,,conformal,unseen_vessel,2.16324713835809
lstm_gaussian_conformal,gaussian,384,roll,30,3.0,434304,9,0.1,0.1906705901856764,0.14518773945582747,10.470882538413708,0.5623532516780244,0.28117662583901243,0.0,0.1698088781130268,0.21546808226495726,2,False,434828,,,,,conformal,unseen_vessel,2.162494943561516
lstm_gaussian_conformal,gaussian,384,roll,50,5.0,434304,9,0.1,0.22041473253757737,0.2710881987004949,15.051877928121874,0.8243473928013014,0.41217369640065066,0.0,0.19711987455791335,0.24638289078617742,2,False,434828,,,,,conformal,unseen_vessel,2.162524144828776
lstm_gaussian_conformal,gaussian,384,roll,100,10.0,434304,9,0.1,0.3761282419687592,0.886742750558023,18.325398674330426,1.1295639313862273,0.5647819656931133,0.0,0.3526350781940761,0.40192791224580016,2,False,434828,,,,,conformal,unseen_vessel,2.163218272680421
lstm_gaussian_conformal,gaussian,384,roll,150,15.0,434304,9,0.1,0.5474414235190097,1.904305862213617,16.446017843233967,1.2273443365375811,0.6136721682687898,0.0,0.5225946571986443,0.5743174136089007,2,False,434828,,,,,conformal,unseen_vessel,2.164599840366654
lstm_gaussian_conformal,gaussian,384,pitch,10,1.0,434304,9,0.1,0.38804616121426466,0.0498370575286031,0.5128324125943412,0.036456444381129806,0.018228222190564893,0.0,0.36999123885573243,0.4074329271662246,2,False,434828,,,,,conformal,unseen_vessel,1.054918979036852
lstm_gaussian_conformal,gaussian,384,pitch,20,2.0,434304,9,0.1,0.39039935160624817,0.09125377382417334,0.7999801407869239,0.05927690079402557,0.029638450397012784,0.0,0.37549544788903627,0.40666261420571764,2,False,434828,,,,,conformal,unseen_vessel,1.0551327883415698
lstm_gaussian_conformal,gaussian,384,pitch,30,3.0,434304,9,0.1,0.4221559092248747,0.13718614637085189,1.0157120689508368,0.07823146814782458,0.03911573407391229,0.0,0.4062682475869437,0.4392730667919245,2,False,434828,,,,,conformal,unseen_vessel,1.0554849077799051
lstm_gaussian_conformal,gaussian,384,pitch,50,5.0,434304,9,0.1,0.5695964117300324,0.276868673935264,1.0511373795656447,0.09465517361693303,0.047327586808466514,0.0,0.5485991954944003,0.5916072037098438,2,False,434828,,,,,conformal,unseen_vessel,1.0556697846975005
lstm_gaussian_conformal,gaussian,384,pitch,100,10.0,434304,9,0.1,0.8067574786324786,1.1934282030106624,1.7591913753658734,0.21336455645962477,0.10668227822981241,0.0,0.7928996163977305,0.8211621352785146,2,False,434828,,,,,conformal,unseen_vessel,1.0562287908366403
lstm_gaussian_conformal,gaussian,384,pitch,150,15.0,434304,9,0.1,0.8628932729148246,2.115814674048415,2.847369004828051,0.3430138900924943,0.1715069450462472,0.0,0.8485420350722075,0.8787545705312408,2,False,434828,,,,,conformal,unseen_vessel,1.056673569331931
lstm_gaussian_conformal,gaussian,384,heave,10,1.0,434304,9,0.1,0.48160735337459476,0.026174455940050474,0.19716627593011962,0.015244139486973268,0.007622069743486635,0.0,0.46176531876289423,0.5015243354885057,2,False,434828,,,,,conformal,unseen_vessel,0.6538497228934008
lstm_gaussian_conformal,gaussian,384,heave,20,2.0,434304,9,0.1,0.3084314213085765,0.03337796795929095,0.4176504022717588,0.028592906087150875,0.01429645304357544,0.0,0.2952083678713528,0.32056174937371057,2,False,434828,,,,,conformal,unseen_vessel,0.6539339478701262
lstm_gaussian_conformal,gaussian,384,heave,30,3.0,434304,9,0.1,0.2984844717064545,0.053495944804541624,0.6958785906331449,0.04733570507000812,0.02366785253500408,0.0,0.28623913203654583,0.3105837731174477,2,False,434828,,,,,conformal,unseen_vessel,0.6541326237646001
lstm_gaussian_conformal,gaussian,384,heave,50,5.0,434304,9,0.1,0.4958001768346596,0.15306234830209844,0.7186439074234788,0.06455398251287912,0.03227699125643955,0.0,0.479796122071176,0.5122672713122606,2,False,434828,,,,,conformal,unseen_vessel,0.6542583886872622
lstm_gaussian_conformal,gaussian,384,heave,100,10.0,434304,9,0.1,0.7206795240200412,0.5124261196269921,1.0657614430634088,0.12478458052176535,0.06239229026088263,0.0,0.7036944743773946,0.7364251192712938,2,False,434828,,,,,conformal,unseen_vessel,0.6543754769960836
lstm_gaussian_conformal,gaussian,384,heave,150,15.0,434304,9,0.1,0.8610926908340701,1.0383238686794674,1.3540927589314238,0.1739823885637402,0.0869911942818701,0.0,0.8500171538829944,0.8716871707375479,2,False,434828,,,,,conformal,unseen_vessel,0.6543828266952652
lstm_gaussian_conformal,gaussian,384,roll_rate,10,1.0,434304,9,0.1,0.3387465922487474,0.11117253363035837,1.4544849682136318,0.09848901179700154,0.04924450589850076,0.0,0.3222305689102564,0.35798973760315356,2,False,434828,,,,,conformal,unseen_vessel,1.0024554842926892
lstm_gaussian_conformal,gaussian,384,roll_rate,20,2.0,434304,9,0.1,0.27768567639257297,0.13248198104048722,2.3112039324806215,0.14759596941061806,0.07379798470530906,0.0,0.2647283354516652,0.2922724059644857,2,False,434828,,,,,conformal,unseen_vessel,1.002804304884665
lstm_gaussian_conformal,gaussian,384,roll_rate,30,3.0,434304,9,0.1,0.2326181660772178,0.1142377617420765,3.380399417540408,0.19816918360159094,0.09908459180079543,0.0,0.21569942943191867,0.25125983182287065,2,False,434828,,,,,conformal,unseen_vessel,1.0032425289065006
lstm_gaussian_conformal,gaussian,384,roll_rate,50,5.0,434304,9,0.1,0.2515588159445918,0.1714416632445491,5.759070580013514,0.3316174350086265,0.16580871750431322,0.0,0.23139269958370173,0.2751254305739758,2,False,434828,,,,,conformal,unseen_vessel,1.0033121804656835
lstm_gaussian_conformal,gaussian,384,roll_rate,100,10.0,434304,9,0.1,0.47737529472443263,0.6803876276158415,7.602081162214947,0.5238842525643815,0.2619421262821907,0.0,0.45190465664603596,0.5029337744989685,2,False,434828,,,,,conformal,unseen_vessel,1.0033808376976885
lstm_gaussian_conformal,gaussian,384,roll_rate,150,15.0,434304,9,0.1,0.645941552460949,1.3674418749691024,6.992661426108265,0.5931729068547963,0.29658645342739826,0.0,0.6205091940207781,0.6716796299366342,2,False,434828,,,,,conformal,unseen_vessel,1.003279779544346
lstm_gaussian_conformal,gaussian,384,pitch_rate,10,1.0,434304,9,0.1,0.42681393678160917,0.0648042962321678,0.4337470284441651,0.03457600032682511,0.01728800016341256,0.0,0.4103049937371058,0.4443305265436192,2,False,434828,,,,,conformal,unseen_vessel,0.7030690217475473
lstm_gaussian_conformal,gaussian,384,pitch_rate,20,2.0,434304,9,0.1,0.45084549071618035,0.09423848587557751,0.5711728792136176,0.04679678752820856,0.023398393764104287,0.0,0.43339417781093426,0.46991185897435894,2,False,434828,,,,,conformal,unseen_vessel,0.703086203551836
lstm_gaussian_conformal,gaussian,384,pitch_rate,30,3.0,434304,9,0.1,0.4726274683171235,0.11589372014262797,0.6564348064521384,0.05434744460474848,0.027173722302374227,0.0,0.4519035053787209,0.4955347521551724,2,False,434828,,,,,conformal,unseen_vessel,0.7030053176354107
lstm_gaussian_conformal,gaussian,384,pitch_rate,50,5.0,434304,9,0.1,0.6377007810197466,0.30646802637784687,0.7374029321724277,0.07735237851340276,0.03867618925670138,0.0,0.6166662061597407,0.6592060515215149,2,False,434828,,,,,conformal,unseen_vessel,0.7031631741182381
lstm_gaussian_conformal,gaussian,384,pitch_rate,100,10.0,434304,9,0.1,0.8035155098732685,1.0031014153268436,1.3568972808953998,0.163869169949427,0.08193458497471343,0.0,0.7896907465738284,0.8182989334659594,2,False,434828,,,,,conformal,unseen_vessel,0.7033991527997708
lstm_gaussian_conformal,gaussian,384,pitch_rate,150,15.0,434304,9,0.1,0.906362824196876,1.6440411007745168,1.9416413695537578,0.2384081656535588,0.11920408282677933,0.0,0.893950896146478,0.9188932176539936,2,False,434828,,,,,conformal,unseen_vessel,0.7036809279539469
lstm_gaussian_conformal,gaussian,384,heave_rate,10,1.0,434304,9,0.1,0.3815944591806661,0.02198192744156619,0.23396755757490753,0.016629620030808735,0.008314810015404368,0.0,0.36470502228853524,0.3985578074344238,2,False,434828,,,,,conformal,unseen_vessel,0.366916177705551
lstm_gaussian_conformal,gaussian,384,heave_rate,20,2.0,434304,9,0.1,0.3493014109932213,0.028523765860579878,0.3618042178876463,0.02466995211382993,0.012334976056914967,0.0,0.3332569467469791,0.3658512240274093,2,False,434828,,,,,conformal,unseen_vessel,0.3669535008792491
lstm_gaussian_conformal,gaussian,384,heave_rate,30,3.0,434304,9,0.1,0.44321719348659006,0.043418579613823574,0.3254926227865923,0.025303930930571525,0.012651965465285764,0.0,0.4268837035809019,0.45988708370173886,2,False,434828,,,,,conformal,unseen_vessel,0.3668990248574837
lstm_gaussian_conformal,gaussian,384,heave_rate,50,5.0,434304,9,0.1,0.5227743700265252,0.09378463851168084,0.3980440221653975,0.03631053609718393,0.01815526804859196,0.0,0.5050054800324197,0.5418517328875627,2,False,434828,,,,,conformal,unseen_vessel,0.3669440869125789
lstm_gaussian_conformal,gaussian,384,heave_rate,100,10.0,434304,9,0.1,0.7233688844680224,0.34262164608992984,0.6530500270392455,0.0778831341139609,0.038941567056980445,0.0,0.706384007515473,0.7405072253536694,2,False,434828,,,,,conformal,unseen_vessel,0.3670072514707468
lstm_gaussian_conformal,gaussian,384,heave_rate,150,15.0,434304,9,0.1,0.8694946396993811,0.6526901562162162,0.8819372571298488,0.11221346696419086,0.056106733482095425,0.0,0.853837979848217,0.8834150733127026,2,False,434828,,,,,conformal,unseen_vessel,0.3670157241047937
