experiment,arm,control,regime,subject_model,null_model,dof,horizon_samples,horizon_s,skill_subject,skill_null,excess,tol,asserted,enforced,passed
e02_deep,reference,shuffle,id,shuffled,window_mean,roll,10,1.0,-3.484067071219213,-3.4779985814083254,-0.0013551790382611,0.02,True,True,True
e02_deep,reference,shuffle,id,shuffled,window_mean,roll,20,2.0,-0.2643644321207532,-0.2629363724068709,-0.0011307455744271,0.02,True,True,True
e02_deep,reference,shuffle,id,shuffled,window_mean,roll,30,3.0,0.3707078140484301,0.3701142215586412,0.0009423811587835,0.02,True,True,True
e02_deep,reference,shuffle,id,shuffled,window_mean,roll,50,5.0,0.7110109826159248,0.7098497805055688,0.0040020721417316,0.02,True,True,True
e02_deep,reference,shuffle,id,shuffled,window_mean,roll,100,10.0,0.1874284503135129,0.1846481223847302,0.0034099730498132,0.02,True,True,True
e02_deep,reference,shuffle,id,shuffled,window_mean,roll,150,15.0,0.3887056940813285,0.3881613535715862,0.0008896798411147,0.02,True,True,True
e02_deep,reference,shuffle,id,shuffled,window_mean,pitch,10,1.0,-1.1224283632106211,-1.1240807878543508,0.0007779481143929,0.02,True,True,True
e02_deep,reference,shuffle,id,shuffled,window_mean,pitch,20,2.0,0.3387627930178696,0.3372148016015029,0.0023355853753328,0.02,True,True,True
e02_deep,reference,shuffle,id,shuffled,window_mean,pitch,30,3.0,0.6106072471330868,0.6097808731771663,0.0021177177106842,0.02,True,True,True
e02_deep,reference,shuffle,id,shuffled,window_mean,pitch,50,5.0,0.6904269993458245,0.690130713374352,0.0009561643707868,0.02,True,True,True
e02_deep,reference,shuffle,id,shuffled,window_mean,pitch,100,10.0,0.366048676502494,0.3656282835586719,0.0006626918144782,0.02,True,True,True
e02_deep,reference,shuffle,id,shuffled,window_mean,pitch,150,15.0,0.5022712894370285,0.5023978991733826,-0.0002544397142694,0.02,True,True,True
e02_deep,reference,shuffle,id,shuffled,window_mean,heave,10,1.0,-2.3384748627984684,-2.33522351662287,-0.0009748510585254,0.02,True,True,True
e02_deep,reference,shuffle,id,shuffled,window_mean,heave,20,2.0,0.0203215430698279,0.0193220978401484,0.001019137096368,0.02,True,True,True
e02_deep,reference,shuffle,id,shuffled,window_mean,heave,30,3.0,0.4765858793673693,0.4746404006192308,0.0037031373376094,0.02,True,True,True
e02_deep,reference,shuffle,id,shuffled,window_mean,heave,50,5.0,0.6982543687788598,0.6978686931954982,0.0012765164505484,0.02,True,True,True
e02_deep,reference,shuffle,id,shuffled,window_mean,heave,100,10.0,0.2309137608501631,0.2303164136874663,0.0007760944540321,0.02,True,True,True
e02_deep,reference,shuffle,id,shuffled,window_mean,heave,150,15.0,0.4911097587652088,0.4906893436825678,0.0008254590345326,0.02,True,True,True
e02_deep,reference,shuffle,id,shuffled,window_mean,roll_rate,10,1.0,-3.2017034041808667,-3.215360217229549,0.0032397736717405,0.02,True,True,True
e02_deep,reference,shuffle,id,shuffled,window_mean,roll_rate,20,2.0,-0.1878511396501554,-0.19162139589236,0.0031639715896349,0.02,True,True,True
e02_deep,reference,shuffle,id,shuffled,window_mean,roll_rate,30,3.0,0.4021945637648084,0.4014788502334642,0.00119580324208,0.02,True,True,True
e02_deep,reference,shuffle,id,shuffled,window_mean,roll_rate,50,5.0,0.7156748771288894,0.7163354349090508,-0.0023286580752501,0.02,True,True,True
e02_deep,reference,shuffle,id,shuffled,window_mean,roll_rate,100,10.0,0.1022785959362669,0.103789370927999,-0.0016857365252367,0.02,True,True,True
e02_deep,reference,shuffle,id,shuffled,window_mean,roll_rate,150,15.0,0.4359848997656312,0.4356708636958027,0.0005564767962985,0.02,True,True,True
e02_deep,reference,shuffle,id,shuffled,window_mean,pitch_rate,10,1.0,-0.6447875856137006,-0.6502407129142918,0.003304443562637,0.02,True,True,True
e02_deep,reference,shuffle,id,shuffled,window_mean,pitch_rate,20,2.0,0.4635904866212006,0.4631892445469123,0.0007474553559374,0.02,True,True,True
e02_deep,reference,shuffle,id,shuffled,window_mean,pitch_rate,30,3.0,0.6618856907197683,0.6615522671408269,0.0009851553033748,0.02,True,True,True
e02_deep,reference,shuffle,id,shuffled,window_mean,pitch_rate,50,5.0,0.6568906429439406,0.656371558512514,0.0015105979853692,0.02,True,True,True
e02_deep,reference,shuffle,id,shuffled,window_mean,pitch_rate,100,10.0,0.4617117391697024,0.4610023124102339,0.0013161962950913,0.02,True,True,True
e02_deep,reference,shuffle,id,shuffled,window_mean,pitch_rate,150,15.0,0.4958995500326829,0.4956836925321177,0.0004280200686925,0.02,True,True,True
e02_deep,reference,shuffle,id,shuffled,window_mean,heave_rate,10,1.0,-1.7611731135474922,-1.7722261641405654,0.0039870666888752,0.02,True,True,True
e02_deep,reference,shuffle,id,shuffled,window_mean,heave_rate,20,2.0,0.174519710313862,0.1726417723806483,0.0022698002757732,0.02,True,True,True
e02_deep,reference,shuffle,id,shuffled,window_mean,heave_rate,30,3.0,0.5442349827667915,0.5446845844030395,-0.0009874509424603,0.02,True,True,True
e02_deep,reference,shuffle,id,shuffled,window_mean,heave_rate,50,5.0,0.710728644673627,0.7102517252385939,0.0016459785150602,0.02,True,True,True
e02_deep,reference,shuffle,id,shuffled,window_mean,heave_rate,100,10.0,0.1477511509779782,0.1455613816849178,0.0025628163874176,0.02,True,True,True
e02_deep,reference,shuffle,id,shuffled,window_mean,heave_rate,150,15.0,0.5414120703473648,0.5411814761079022,0.0005025826714808,0.02,True,True,True
e02_deep,reference,untrained,id,untrained,persistence,roll,10,1.0,-3.7909559218786057,0.0,-3.7909559218786057,0.0,True,False,True
e02_deep,reference,untrained,id,untrained,persistence,roll,20,2.0,-0.1118088000120691,0.0,-0.1118088000120691,0.0,True,False,True
e02_deep,reference,untrained,id,untrained,persistence,roll,30,3.0,-0.9872102270330928,0.0,-0.9872102270330928,0.0,True,False,True
e02_deep,reference,untrained,id,untrained,persistence,roll,50,5.0,0.6558440998177902,0.0,0.6558440998177902,0.0,True,False,False
e02_deep,reference,untrained,id,untrained,persistence,roll,100,10.0,-0.0521676835871056,0.0,-0.0521676835871056,0.0,True,False,True
e02_deep,reference,untrained,id,untrained,persistence,roll,150,15.0,0.570888340846704,0.0,0.570888340846704,0.0,True,False,False
e02_deep,reference,untrained,id,untrained,persistence,pitch,10,1.0,-0.8774446071293136,0.0,-0.8774446071293136,0.0,True,False,True
e02_deep,reference,untrained,id,untrained,persistence,pitch,20,2.0,0.3030320887276553,0.0,0.3030320887276553,0.0,True,False,False
e02_deep,reference,untrained,id,untrained,persistence,pitch,30,3.0,0.3014759554418394,0.0,0.3014759554418394,0.0,True,False,False
e02_deep,reference,untrained,id,untrained,persistence,pitch,50,5.0,0.6927815851598688,0.0,0.6927815851598688,0.0,True,False,False
e02_deep,reference,untrained,id,untrained,persistence,pitch,100,10.0,0.2055129233369955,0.0,0.2055129233369955,0.0,True,False,False
e02_deep,reference,untrained,id,untrained,persistence,pitch,150,15.0,0.4258933562468575,0.0,0.4258933562468575,0.0,True,False,False
e02_deep,reference,untrained,id,untrained,persistence,heave,10,1.0,-2.2449398110057786,0.0,-2.2449398110057786,0.0,True,False,True
e02_deep,reference,untrained,id,untrained,persistence,heave,20,2.0,0.002686867364723,0.0,0.002686867364723,0.0,True,False,False
e02_deep,reference,untrained,id,untrained,persistence,heave,30,3.0,-0.1911248710345221,0.0,-0.1911248710345221,0.0,True,False,True
e02_deep,reference,untrained,id,untrained,persistence,heave,50,5.0,0.6796531282314552,0.0,0.6796531282314552,0.0,True,False,False
e02_deep,reference,untrained,id,untrained,persistence,heave,100,10.0,-0.0370160938033166,0.0,-0.0370160938033166,0.0,True,False,True
e02_deep,reference,untrained,id,untrained,persistence,heave,150,15.0,0.4699028833832105,0.0,0.4699028833832105,0.0,True,False,False
e02_deep,reference,untrained,id,untrained,persistence,roll_rate,10,1.0,-3.566517421913905,0.0,-3.566517421913905,0.0,True,False,True
e02_deep,reference,untrained,id,untrained,persistence,roll_rate,20,2.0,-0.1368555081909055,0.0,-0.1368555081909055,0.0,True,False,True
e02_deep,reference,untrained,id,untrained,persistence,roll_rate,30,3.0,-0.8420001554054082,0.0,-0.8420001554054082,0.0,True,False,True
e02_deep,reference,untrained,id,untrained,persistence,roll_rate,50,5.0,0.6633266323304643,0.0,0.6633266323304643,0.0,True,False,False
e02_deep,reference,untrained,id,untrained,persistence,roll_rate,100,10.0,-0.2171768868674319,0.0,-0.2171768868674319,0.0,True,False,True
e02_deep,reference,untrained,id,untrained,persistence,roll_rate,150,15.0,0.6086862503948354,0.0,0.6086862503948354,0.0,True,False,False
e02_deep,reference,untrained,id,untrained,persistence,pitch_rate,10,1.0,-0.4703032203718433,0.0,-0.4703032203718433,0.0,True,False,True
e02_deep,reference,untrained,id,untrained,persistence,pitch_rate,20,2.0,0.4263247641547375,0.0,0.4263247641547375,0.0,True,False,False
e02_deep,reference,untrained,id,untrained,persistence,pitch_rate,30,3.0,0.4630028783635371,0.0,0.4630028783635371,0.0,True,False,False
e02_deep,reference,untrained,id,untrained,persistence,pitch_rate,50,5.0,0.6634033473931464,0.0,0.6634033473931464,0.0,True,False,False
e02_deep,reference,untrained,id,untrained,persistence,pitch_rate,100,10.0,0.3550637115010512,0.0,0.3550637115010512,0.0,True,False,False
e02_deep,reference,untrained,id,untrained,persistence,pitch_rate,150,15.0,0.3809315600685444,0.0,0.3809315600685444,0.0,True,False,False
e02_deep,reference,untrained,id,untrained,persistence,heave_rate,10,1.0,-1.6357802988626449,0.0,-1.6357802988626449,0.0,True,False,True
e02_deep,reference,untrained,id,untrained,persistence,heave_rate,20,2.0,0.0790233617662639,0.0,0.0790233617662639,0.0,True,False,False
e02_deep,reference,untrained,id,untrained,persistence,heave_rate,30,3.0,0.0936150511864113,0.0,0.0936150511864113,0.0,True,False,False
e02_deep,reference,untrained,id,untrained,persistence,heave_rate,50,5.0,0.7031624238109013,0.0,0.7031624238109013,0.0,True,False,False
e02_deep,reference,untrained,id,untrained,persistence,heave_rate,100,10.0,-0.1729410479243167,0.0,-0.1729410479243167,0.0,True,False,True
e02_deep,reference,untrained,id,untrained,persistence,heave_rate,150,15.0,0.5121397462559312,0.0,0.5121397462559312,0.0,True,False,False
e02_deep,reference,shuffle,unseen_seastate,shuffled,window_mean,roll,10,1.0,-3.661780118500381,-3.63615857215768,-0.0055264603106051,0.02,True,True,True
e02_deep,reference,shuffle,unseen_seastate,shuffled,window_mean,roll,20,2.0,-0.309877825645471,-0.304777021787743,-0.003909329925767,0.02,True,True,True
e02_deep,reference,shuffle,unseen_seastate,shuffled,window_mean,roll,30,3.0,0.3526161116809887,0.3527240953526349,-0.0001668278872593,0.02,True,True,True
e02_deep,reference,shuffle,unseen_seastate,shuffled,window_mean,roll,50,5.0,0.7081800251248935,0.7076553205777212,0.0017948147652601,0.02,True,True,True
e02_deep,reference,shuffle,unseen_seastate,shuffled,window_mean,roll,100,10.0,0.2263846378382555,0.2234118694669118,0.0038279858453451,0.02,True,True,True
e02_deep,reference,shuffle,unseen_seastate,shuffled,window_mean,roll,150,15.0,0.3613597106306955,0.3598155413360776,0.0024120693242704,0.02,True,True,True
e02_deep,reference,shuffle,unseen_seastate,shuffled,window_mean,pitch,10,1.0,-1.402347771542476,-1.4106808001695277,0.0034567117415402,0.02,True,True,True
e02_deep,reference,shuffle,unseen_seastate,shuffled,window_mean,pitch,20,2.0,0.2619165179114345,0.2590736834967171,0.0038368652204633,0.02,True,True,True
e02_deep,reference,shuffle,unseen_seastate,shuffled,window_mean,pitch,30,3.0,0.5754564066069887,0.5745014612642354,0.0022442975846418,0.02,True,True,True
e02_deep,reference,shuffle,unseen_seastate,shuffled,window_mean,pitch,50,5.0,0.6963191292900262,0.6952712209283369,0.0034388230900986,0.02,True,True,True
e02_deep,reference,shuffle,unseen_seastate,shuffled,window_mean,pitch,100,10.0,0.3094143510469082,0.308150815659111,0.0018263162209273,0.02,True,True,True
e02_deep,reference,shuffle,unseen_seastate,shuffled,window_mean,pitch,150,15.0,0.5110601193915537,0.5108980121482962,0.0003314385287401,0.02,True,True,True
e02_deep,reference,shuffle,unseen_seastate,shuffled,window_mean,heave,10,1.0,-2.702652445481613,-2.720246036516437,0.004729147175249,0.02,True,True,True
e02_deep,reference,shuffle,unseen_seastate,shuffled,window_mean,heave,20,2.0,-0.0760788292718415,-0.0830184125925275,0.0064076318924939,0.02,True,True,True
e02_deep,reference,shuffle,unseen_seastate,shuffled,window_mean,heave,30,3.0,0.4320307742915696,0.4297969449014116,0.0039176033347836,0.02,True,True,True
e02_deep,reference,shuffle,unseen_seastate,shuffled,window_mean,heave,50,5.0,0.6909139716257264,0.6909915525766708,-0.0002510641750776,0.02,True,True,True
e02_deep,reference,shuffle,unseen_seastate,shuffled,window_mean,heave,100,10.0,0.2854674785809136,0.2867089129907052,-0.0017404316868681,0.02,True,True,True
e02_deep,reference,shuffle,unseen_seastate,shuffled,window_mean,heave,150,15.0,0.4530396423674548,0.4541478933096211,-0.002030313575019,0.02,True,True,True
e02_deep,reference,shuffle,unseen_seastate,shuffled,window_mean,roll_rate,10,1.0,-3.446812449884576,-3.450161018503483,0.0007524601031251,0.02,True,True,True
e02_deep,reference,shuffle,unseen_seastate,shuffled,window_mean,roll_rate,20,2.0,-0.25152040803299,-0.2515318501844503,9.142517194971056e-06,0.02,True,True,True
e02_deep,reference,shuffle,unseen_seastate,shuffled,window_mean,roll_rate,30,3.0,0.3755699982089964,0.3775269471043667,-0.003143829096323,0.02,True,True,True
e02_deep,reference,shuffle,unseen_seastate,shuffled,window_mean,roll_rate,50,5.0,0.7138980937621802,0.7143720025464866,-0.0016591818327738,0.02,True,True,True
e02_deep,reference,shuffle,unseen_seastate,shuffled,window_mean,roll_rate,100,10.0,0.1469456210416342,0.1483350769801881,-0.0016314584539036,0.02,True,True,True
e02_deep,reference,shuffle,unseen_seastate,shuffled,window_mean,roll_rate,150,15.0,0.4035319058307367,0.405022994037119,-0.0025061274493611,0.02,True,True,True
e02_deep,reference,shuffle,unseen_seastate,shuffled,window_mean,pitch_rate,10,1.0,-0.8253702822154563,-0.8263659642029386,0.0005451711250635,0.02,True,True,True
e02_deep,reference,shuffle,unseen_seastate,shuffled,window_mean,pitch_rate,20,2.0,0.4133713856334403,0.4132918092711489,0.0001356319266525,0.02,True,True,True
e02_deep,reference,shuffle,unseen_seastate,shuffled,window_mean,pitch_rate,30,3.0,0.6393673826002906,0.638584000199518,0.0021675365816816,0.02,True,True,True
e02_deep,reference,shuffle,unseen_seastate,shuffled,window_mean,pitch_rate,50,5.0,0.6746722623253931,0.6732579845081277,0.004328423496857,0.02,True,True,True
e02_deep,reference,shuffle,unseen_seastate,shuffled,window_mean,pitch_rate,100,10.0,0.3949367420183712,0.3973356541846095,-0.0039805111798882,0.02,True,True,True
e02_deep,reference,shuffle,unseen_seastate,shuffled,window_mean,pitch_rate,150,15.0,0.5156891731104438,0.5157135601653577,-5.035667511621433e-05,0.02,True,True,True
e02_deep,reference,shuffle,unseen_seastate,shuffled,window_mean,heave_rate,10,1.0,-2.159642370489562,-2.156658936021811,-0.0009451241100855,0.02,True,True,True
e02_deep,reference,shuffle,unseen_seastate,shuffled,window_mean,heave_rate,20,2.0,0.0704583022955079,0.0715940133949282,-0.0012232914434053,0.02,True,True,True
e02_deep,reference,shuffle,unseen_seastate,shuffled,window_mean,heave_rate,30,3.0,0.502367942524317,0.5010106912815555,0.0027200006474034,0.02,True,True,True
e02_deep,reference,shuffle,unseen_seastate,shuffled,window_mean,heave_rate,50,5.0,0.7104833548191272,0.7077185611258547,0.0094593543261668,0.02,True,True,True
e02_deep,reference,shuffle,unseen_seastate,shuffled,window_mean,heave_rate,100,10.0,0.1386361594132973,0.1375917767565697,0.0012110073032464,0.02,True,True,True
e02_deep,reference,shuffle,unseen_seastate,shuffled,window_mean,heave_rate,150,15.0,0.5247363668723669,0.52510063525281,-0.000767043309559,0.02,True,True,True
e02_deep,reference,untrained,unseen_seastate,untrained,persistence,roll,10,1.0,-3.932322358921266,0.0,-3.932322358921266,0.0,True,False,True
e02_deep,reference,untrained,unseen_seastate,untrained,persistence,roll,20,2.0,-0.1000739719551133,0.0,-0.1000739719551133,0.0,True,False,True
e02_deep,reference,untrained,unseen_seastate,untrained,persistence,roll,30,3.0,-1.0859009229232743,0.0,-1.0859009229232743,0.0,True,False,True
e02_deep,reference,untrained,unseen_seastate,untrained,persistence,roll,50,5.0,0.6522647817451516,0.0,0.6522647817451516,0.0,True,False,False
e02_deep,reference,untrained,unseen_seastate,untrained,persistence,roll,100,10.0,0.030427192833647,0.0,0.030427192833647,0.0,True,False,False
e02_deep,reference,untrained,unseen_seastate,untrained,persistence,roll,150,15.0,0.5565954803181707,0.0,0.5565954803181707,0.0,True,False,False
e02_deep,reference,untrained,unseen_seastate,untrained,persistence,pitch,10,1.0,-1.2170606045294128,0.0,-1.2170606045294128,0.0,True,False,True
e02_deep,reference,untrained,unseen_seastate,untrained,persistence,pitch,20,2.0,0.2130357408262118,0.0,0.2130357408262118,0.0,True,False,False
e02_deep,reference,untrained,unseen_seastate,untrained,persistence,pitch,30,3.0,0.1751704522658097,0.0,0.1751704522658097,0.0,True,False,False
e02_deep,reference,untrained,unseen_seastate,untrained,persistence,pitch,50,5.0,0.6908567355756509,0.0,0.6908567355756509,0.0,True,False,False
e02_deep,reference,untrained,unseen_seastate,untrained,persistence,pitch,100,10.0,0.1034595042907543,0.0,0.1034595042907543,0.0,True,False,False
e02_deep,reference,untrained,unseen_seastate,untrained,persistence,pitch,150,15.0,0.4574044036568619,0.0,0.4574044036568619,0.0,True,False,False
e02_deep,reference,untrained,unseen_seastate,untrained,persistence,heave,10,1.0,-2.674433292765979,0.0,-2.674433292765979,0.0,True,False,True
e02_deep,reference,untrained,unseen_seastate,untrained,persistence,heave,20,2.0,-0.0437586173431938,0.0,-0.0437586173431938,0.0,True,False,True
e02_deep,reference,untrained,unseen_seastate,untrained,persistence,heave,30,3.0,-0.4010322836456228,0.0,-0.4010322836456228,0.0,True,False,True
e02_deep,reference,untrained,unseen_seastate,untrained,persistence,heave,50,5.0,0.6647673399267401,0.0,0.6647673399267401,0.0,True,False,False
e02_deep,reference,untrained,unseen_seastate,untrained,persistence,heave,100,10.0,0.0538553408220356,0.0,0.0538553408220356,0.0,True,False,False
e02_deep,reference,untrained,unseen_seastate,untrained,persistence,heave,150,15.0,0.4478067084106215,0.0,0.4478067084106215,0.0,True,False,False
e02_deep,reference,untrained,unseen_seastate,untrained,persistence,roll_rate,10,1.0,-3.813783483479257,0.0,-3.813783483479257,0.0,True,False,True
e02_deep,reference,untrained,unseen_seastate,untrained,persistence,roll_rate,20,2.0,-0.13690184530243,0.0,-0.13690184530243,0.0,True,False,True
e02_deep,reference,untrained,unseen_seastate,untrained,persistence,roll_rate,30,3.0,-0.986527702772234,0.0,-0.986527702772234,0.0,True,False,True
e02_deep,reference,untrained,unseen_seastate,untrained,persistence,roll_rate,50,5.0,0.6580286593864437,0.0,0.6580286593864437,0.0,True,False,False
e02_deep,reference,untrained,unseen_seastate,untrained,persistence,roll_rate,100,10.0,-0.1217030310081521,0.0,-0.1217030310081521,0.0,True,False,True
e02_deep,reference,untrained,unseen_seastate,untrained,persistence,roll_rate,150,15.0,0.6008890356817431,0.0,0.6008890356817431,0.0,True,False,False
e02_deep,reference,untrained,unseen_seastate,untrained,persistence,pitch_rate,10,1.0,-0.660915840988805,0.0,-0.660915840988805,0.0,True,False,True
e02_deep,reference,untrained,unseen_seastate,untrained,persistence,pitch_rate,20,2.0,0.3595854561614833,0.0,0.3595854561614833,0.0,True,False,False
e02_deep,reference,untrained,unseen_seastate,untrained,persistence,pitch_rate,30,3.0,0.3948760637017418,0.0,0.3948760637017418,0.0,True,False,False
e02_deep,reference,untrained,unseen_seastate,untrained,persistence,pitch_rate,50,5.0,0.6765664589109892,0.0,0.6765664589109892,0.0,True,False,False
e02_deep,reference,untrained,unseen_seastate,untrained,persistence,pitch_rate,100,10.0,0.2517312558846486,0.0,0.2517312558846486,0.0,True,False,False
e02_deep,reference,untrained,unseen_seastate,untrained,persistence,pitch_rate,150,15.0,0.4266379386674411,0.0,0.4266379386674411,0.0,True,False,False
e02_deep,reference,untrained,unseen_seastate,untrained,persistence,heave_rate,10,1.0,-2.1298388666084205,0.0,-2.1298388666084205,0.0,True,False,True
e02_deep,reference,untrained,unseen_seastate,untrained,persistence,heave_rate,20,2.0,-0.0074652359100475,0.0,-0.0074652359100475,0.0,True,False,True
e02_deep,reference,untrained,unseen_seastate,untrained,persistence,heave_rate,30,3.0,-0.1142340297932469,0.0,-0.1142340297932469,0.0,True,False,True
e02_deep,reference,untrained,unseen_seastate,untrained,persistence,heave_rate,50,5.0,0.6909211613614207,0.0,0.6909211613614207,0.0,True,False,False
e02_deep,reference,untrained,unseen_seastate,untrained,persistence,heave_rate,100,10.0,-0.1961385392258601,0.0,-0.1961385392258601,0.0,True,False,True
e02_deep,reference,untrained,unseen_seastate,untrained,persistence,heave_rate,150,15.0,0.525494575734866,0.0,0.525494575734866,0.0,True,False,False
e02_deep,reference,shuffle,unseen_heading,shuffled,window_mean,roll,10,1.0,-3.399985535098184,-3.3914080297037987,-0.0019532471900507,0.02,True,True,True
e02_deep,reference,shuffle,unseen_heading,shuffled,window_mean,roll,20,2.0,-0.2383267830448179,-0.236239641064424,-0.0016882988629913,0.02,True,True,True
e02_deep,reference,shuffle,unseen_heading,shuffled,window_mean,roll,30,3.0,0.383841075014975,0.3841767306616883,-0.0005450519060021,0.02,True,True,True
e02_deep,reference,shuffle,unseen_heading,shuffled,window_mean,roll,50,5.0,0.7157547072206739,0.715972521215032,-0.0007668764842396,0.02,True,True,True
e02_deep,reference,shuffle,unseen_heading,shuffled,window_mean,roll,100,10.0,0.11773394781477,0.1168940779134524,0.00095104095705,0.02,True,True,True
e02_deep,reference,shuffle,unseen_heading,shuffled,window_mean,roll,150,15.0,0.4162680824161695,0.4158288541685238,0.000751882818554,0.02,True,True,True
e02_deep,reference,shuffle,unseen_heading,shuffled,window_mean,pitch,10,1.0,-1.590736146945129,-1.3382493183345203,-0.1079811406896718,0.02,True,True,True
e02_deep,reference,shuffle,unseen_heading,shuffled,window_mean,pitch,20,2.0,0.1911389148324609,0.2908894046908976,-0.1406698623857896,0.02,True,True,True
e02_deep,reference,shuffle,unseen_heading,shuffled,window_mean,pitch,30,3.0,0.542508809497505,0.5997991964814176,-0.1431541028409064,0.02,True,True,True
e02_deep,reference,shuffle,unseen_heading,shuffled,window_mean,pitch,50,5.0,0.6689360712329451,0.7144225746413116,-0.1592790583892793,0.02,True,True,True
e02_deep,reference,shuffle,unseen_heading,shuffled,window_mean,pitch,100,10.0,0.1448043564305711,0.2246151920429719,-0.1029306156032192,0.02,True,True,True
e02_deep,reference,shuffle,unseen_heading,shuffled,window_mean,pitch,150,15.0,0.5241356725966029,0.5364592149871525,-0.0265856701049684,0.02,True,True,True
e02_deep,reference,shuffle,unseen_heading,shuffled,window_mean,heave,10,1.0,-2.597426125186106,-2.592337729181344,-0.0014164581362792,0.02,True,True,True
e02_deep,reference,shuffle,unseen_heading,shuffled,window_mean,heave,20,2.0,-0.0445788685299695,-0.044397840695372,-0.0001733322566781,0.02,True,True,True
e02_deep,reference,shuffle,unseen_heading,shuffled,window_mean,heave,30,3.0,0.4499536222259019,0.4512070618491698,-0.0022839937180885,0.02,True,True,True
e02_deep,reference,shuffle,unseen_heading,shuffled,window_mean,heave,50,5.0,0.7007096903801069,0.7029743955457782,-0.007624612598071,0.02,True,True,True
e02_deep,reference,shuffle,unseen_heading,shuffled,window_mean,heave,100,10.0,0.1556617746550823,0.1603568776394638,-0.0055917840084032,0.02,True,True,True
e02_deep,reference,shuffle,unseen_heading,shuffled,window_mean,heave,150,15.0,0.4814835983296404,0.4811962282931431,0.0005539089192659,0.02,True,True,True
e02_deep,reference,shuffle,unseen_heading,shuffled,window_mean,roll_rate,10,1.0,-3.127779848405181,-3.1239710122341275,-0.0009235846129262,0.02,True,True,True
e02_deep,reference,shuffle,unseen_heading,shuffled,window_mean,roll_rate,20,2.0,-0.1650552817599826,-0.1640227780163345,-0.0008870133498655,0.02,True,True,True
e02_deep,reference,shuffle,unseen_heading,shuffled,window_mean,roll_rate,30,3.0,0.413927481974508,0.4152625854125328,-0.0022832529691412,0.02,True,True,True
e02_deep,reference,shuffle,unseen_heading,shuffled,window_mean,roll_rate,50,5.0,0.7203522985722673,0.7209781818615215,-0.0022431338646913,0.02,True,True,True
e02_deep,reference,shuffle,unseen_heading,shuffled,window_mean,roll_rate,100,10.0,0.0396331010171797,0.0422423066274409,-0.002724285723118,0.02,True,True,True
e02_deep,reference,shuffle,unseen_heading,shuffled,window_mean,roll_rate,150,15.0,0.4560616814262618,0.4578222671046894,-0.0032472482206633,0.02,True,True,True
e02_deep,reference,shuffle,unseen_heading,shuffled,window_mean,pitch_rate,10,1.0,-1.385617215939102,-0.9966952022422622,-0.1947828658375527,0.02,True,True,True
e02_deep,reference,shuffle,unseen_heading,shuffled,window_mean,pitch_rate,20,2.0,0.2940479572758404,0.3829941615966961,-0.144157800112608,0.02,True,True,True
e02_deep,reference,shuffle,unseen_heading,shuffled,window_mean,pitch_rate,30,3.0,0.5841482950793606,0.6406527609863917,-0.1572419647974288,0.02,True,True,True
e02_deep,reference,shuffle,unseen_heading,shuffled,window_mean,pitch_rate,50,5.0,0.671276285656573,0.704100621980726,-0.1109307378199857,0.02,True,True,True
e02_deep,reference,shuffle,unseen_heading,shuffled,window_mean,pitch_rate,100,10.0,0.363439525838414,0.3652919511314012,-0.0029185470332213,0.02,True,True,True
e02_deep,reference,shuffle,unseen_heading,shuffled,window_mean,pitch_rate,150,15.0,0.5152644195696494,0.5150416048700197,0.0004594511650221,0.02,True,True,True
e02_deep,reference,shuffle,unseen_heading,shuffled,window_mean,heave_rate,10,1.0,-2.157233412570284,-2.121636360614806,-0.0114033307673502,0.02,True,True,True
e02_deep,reference,shuffle,unseen_heading,shuffled,window_mean,heave_rate,20,2.0,0.0738517466213847,0.0843951990855974,-0.0115152874402615,0.02,True,True,True
e02_deep,reference,shuffle,unseen_heading,shuffled,window_mean,heave_rate,30,3.0,0.505909594493678,0.5101420803729321,-0.0086402316052709,0.02,True,True,True
e02_deep,reference,shuffle,unseen_heading,shuffled,window_mean,heave_rate,50,5.0,0.7146180277279978,0.7152645178893378,-0.0022704938511624,0.02,True,True,True
e02_deep,reference,shuffle,unseen_heading,shuffled,window_mean,heave_rate,100,10.0,0.0181744642677211,0.0187039537824474,-0.0005395818283047,0.02,True,True,True
e02_deep,reference,shuffle,unseen_heading,shuffled,window_mean,heave_rate,150,15.0,0.5388806413939218,0.5393706296169118,-0.0010637363887209,0.02,True,True,True
e02_deep,reference,untrained,unseen_heading,untrained,persistence,roll,10,1.0,-3.761499200799717,0.0,-3.761499200799717,0.0,True,False,True
e02_deep,reference,untrained,unseen_heading,untrained,persistence,roll,20,2.0,-0.1416135268004803,0.0,-0.1416135268004803,0.0,True,False,True
e02_deep,reference,untrained,unseen_heading,untrained,persistence,roll,30,3.0,-0.9419801915149262,0.0,-0.9419801915149262,0.0,True,False,True
e02_deep,reference,untrained,unseen_heading,untrained,persistence,roll,50,5.0,0.6615734787551196,0.0,0.6615734787551196,0.0,True,False,False
e02_deep,reference,untrained,unseen_heading,untrained,persistence,roll,100,10.0,-0.1712406497431398,0.0,-0.1712406497431398,0.0,True,False,True
e02_deep,reference,untrained,unseen_heading,untrained,persistence,roll,150,15.0,0.6047841744483448,0.0,0.6047841744483448,0.0,True,False,False
e02_deep,reference,untrained,unseen_heading,untrained,persistence,pitch,10,1.0,-2.231078121528044,0.0,-2.231078121528044,0.0,True,False,True
e02_deep,reference,untrained,unseen_heading,untrained,persistence,pitch,20,2.0,0.2177755107079204,0.0,0.2177755107079204,0.0,True,False,False
e02_deep,reference,untrained,unseen_heading,untrained,persistence,pitch,30,3.0,0.0359334626676103,0.0,0.0359334626676103,0.0,True,False,False
e02_deep,reference,untrained,unseen_heading,untrained,persistence,pitch,50,5.0,0.3411281250127808,0.0,0.3411281250127808,0.0,True,False,False
e02_deep,reference,untrained,unseen_heading,untrained,persistence,pitch,100,10.0,-1.4684103477861603,0.0,-1.4684103477861603,0.0,True,False,True
e02_deep,reference,untrained,unseen_heading,untrained,persistence,pitch,150,15.0,0.3798966496211934,0.0,0.3798966496211934,0.0,True,False,False
e02_deep,reference,untrained,unseen_heading,untrained,persistence,heave,10,1.0,-2.605866563833847,0.0,-2.605866563833847,0.0,True,False,True
e02_deep,reference,untrained,unseen_heading,untrained,persistence,heave,20,2.0,-0.0381767811299011,0.0,-0.0381767811299011,0.0,True,False,True
e02_deep,reference,untrained,unseen_heading,untrained,persistence,heave,30,3.0,-0.34134379701968,0.0,-0.34134379701968,0.0,True,False,True
e02_deep,reference,untrained,unseen_heading,untrained,persistence,heave,50,5.0,0.6811967852898241,0.0,0.6811967852898241,0.0,True,False,False
e02_deep,reference,untrained,unseen_heading,untrained,persistence,heave,100,10.0,-0.1208759310898193,0.0,-0.1208759310898193,0.0,True,False,True
e02_deep,reference,untrained,unseen_heading,untrained,persistence,heave,150,15.0,0.5021865260212408,0.0,0.5021865260212408,0.0,True,False,False
e02_deep,reference,untrained,unseen_heading,untrained,persistence,roll_rate,10,1.0,-3.5008839558857545,0.0,-3.5008839558857545,0.0,True,False,True
e02_deep,reference,untrained,unseen_heading,untrained,persistence,roll_rate,20,2.0,-0.1547579461608741,0.0,-0.1547579461608741,0.0,True,False,True
e02_deep,reference,untrained,unseen_heading,untrained,persistence,roll_rate,30,3.0,-0.7827610106888301,0.0,-0.7827610106888301,0.0,True,False,True
e02_deep,reference,untrained,unseen_heading,untrained,persistence,roll_rate,50,5.0,0.6691897658405828,0.0,0.6691897658405828,0.0,True,False,False
e02_deep,reference,untrained,unseen_heading,untrained,persistence,roll_rate,100,10.0,-0.326166957780839,0.0,-0.326166957780839,0.0,True,False,True
e02_deep,reference,untrained,unseen_heading,untrained,persistence,roll_rate,150,15.0,0.6295266363844985,0.0,0.6295266363844985,0.0,True,False,False
e02_deep,reference,untrained,unseen_heading,untrained,persistence,pitch_rate,10,1.0,-1.7855997951477225,0.0,-1.7855997951477225,0.0,True,False,True
e02_deep,reference,untrained,unseen_heading,untrained,persistence,pitch_rate,20,2.0,0.335110100029085,0.0,0.335110100029085,0.0,True,False,False
e02_deep,reference,untrained,unseen_heading,untrained,persistence,pitch_rate,30,3.0,0.161397361489443,0.0,0.161397361489443,0.0,True,False,False
e02_deep,reference,untrained,unseen_heading,untrained,persistence,pitch_rate,50,5.0,0.2663474679985984,0.0,0.2663474679985984,0.0,True,False,False
e02_deep,reference,untrained,unseen_heading,untrained,persistence,pitch_rate,100,10.0,-1.088914587722738,0.0,-1.088914587722738,0.0,True,False,True
e02_deep,reference,untrained,unseen_heading,untrained,persistence,pitch_rate,150,15.0,0.3039579121181871,0.0,0.3039579121181871,0.0,True,False,False
e02_deep,reference,untrained,unseen_heading,untrained,persistence,heave_rate,10,1.0,-2.0846613767151494,0.0,-2.0846613767151494,0.0,True,False,True
e02_deep,reference,untrained,unseen_heading,untrained,persistence,heave_rate,20,2.0,-0.0083247359744969,0.0,-0.0083247359744969,0.0,True,False,True
e02_deep,reference,untrained,unseen_heading,untrained,persistence,heave_rate,30,3.0,-0.0571549307415195,0.0,-0.0571549307415195,0.0,True,False,True
e02_deep,reference,untrained,unseen_heading,untrained,persistence,heave_rate,50,5.0,0.7033099776798636,0.0,0.7033099776798636,0.0,True,False,False
e02_deep,reference,untrained,unseen_heading,untrained,persistence,heave_rate,100,10.0,-0.35669004181784,0.0,-0.35669004181784,0.0,True,False,True
e02_deep,reference,untrained,unseen_heading,untrained,persistence,heave_rate,150,15.0,0.5401472554874158,0.0,0.5401472554874158,0.0,True,False,False
e02_deep,reference,shuffle,unseen_vessel,shuffled,window_mean,roll,10,1.0,-4.303879168940758,-4.311336029464496,0.001403951940222,0.02,True,True,True
e02_deep,reference,shuffle,unseen_vessel,shuffled,window_mean,roll,20,2.0,-0.5874378159982889,-0.5878104909106063,0.000234709944575,0.02,True,True,True
e02_deep,reference,shuffle,unseen_vessel,shuffled,window_mean,roll,30,3.0,0.1628699001252033,0.1634400080652639,-0.000681490802282,0.02,True,True,True
e02_deep,reference,shuffle,unseen_vessel,shuffled,window_mean,roll,50,5.0,0.5880279144921822,0.5883049075167901,-0.0006728110916678,0.02,True,True,True
e02_deep,reference,shuffle,unseen_vessel,shuffled,window_mean,roll,100,10.0,0.665363898196798,0.6650294318625622,0.0009984946919231,0.02,True,True,True
e02_deep,reference,shuffle,unseen_vessel,shuffled,window_mean,roll,150,15.0,-0.8034300123380731,-0.8063221027799121,0.0016010934248039,0.02,True,True,True
e02_deep,reference,shuffle,unseen_vessel,shuffled,window_mean,pitch,10,1.0,-1.6086348407996458,-1.605843017682727,-0.0010713704156291,0.02,True,True,True
e02_deep,reference,shuffle,unseen_vessel,shuffled,window_mean,pitch,20,2.0,0.2144574076180725,0.2168847691985719,-0.003099622488526,0.02,True,True,True
e02_deep,reference,shuffle,unseen_vessel,shuffled,window_mean,pitch,30,3.0,0.5621071254793202,0.5639977753238108,-0.0043363307283461,0.02,True,True,True
e02_deep,reference,shuffle,unseen_vessel,shuffled,window_mean,pitch,50,5.0,0.7104748565783445,0.7099599794099374,0.0017751935314294,0.02,True,True,True
e02_deep,reference,shuffle,unseen_vessel,shuffled,window_mean,pitch,100,10.0,0.1743538688694522,0.1723586366192353,0.0024107449657503,0.02,True,True,True
e02_deep,reference,shuffle,unseen_vessel,shuffled,window_mean,pitch,150,15.0,0.5447094871479536,0.5440356379924596,0.001477854875603,0.02,True,True,True
e02_deep,reference,shuffle,unseen_vessel,shuffled,window_mean,heave,10,1.0,-2.732909985909012,-2.7245527495777933,-0.0022438227870893,0.02,True,True,True
e02_deep,reference,shuffle,unseen_vessel,shuffled,window_mean,heave,20,2.0,-0.0833801957633844,-0.0791038596563729,-0.0039628586894067,0.02,True,True,True
e02_deep,reference,shuffle,unseen_vessel,shuffled,window_mean,heave,30,3.0,0.430939153548219,0.4338973520110866,-0.0052255513613592,0.02,True,True,True
e02_deep,reference,shuffle,unseen_vessel,shuffled,window_mean,heave,50,5.0,0.6937721205094811,0.6942582772696753,-0.0015900896869838,0.02,True,True,True
e02_deep,reference,shuffle,unseen_vessel,shuffled,window_mean,heave,100,10.0,0.2417771922857335,0.2409090087894692,0.0011437146617692,0.02,True,True,True
e02_deep,reference,shuffle,unseen_vessel,shuffled,window_mean,heave,150,15.0,0.4793877629684668,0.4789627188651604,0.0008157652411756,0.02,True,True,True
e02_deep,reference,shuffle,unseen_vessel,shuffled,window_mean,roll_rate,10,1.0,-3.977917873553535,-3.982807410873789,0.0009812816183872,0.02,True,True,True
e02_deep,reference,shuffle,unseen_vessel,shuffled,window_mean,roll_rate,20,2.0,-0.4879396023043396,-0.489540770501061,0.0010749408330614,0.02,True,True,True
e02_deep,reference,shuffle,unseen_vessel,shuffled,window_mean,roll_rate,30,3.0,0.2129548679099857,0.2120397321300985,0.0011613983816228,0.02,True,True,True
e02_deep,reference,shuffle,unseen_vessel,shuffled,window_mean,roll_rate,50,5.0,0.6058447677764418,0.6054190023709238,0.0010790317021759,0.02,True,True,True
e02_deep,reference,shuffle,unseen_vessel,shuffled,window_mean,roll_rate,100,10.0,0.6340794820168665,0.6325101333739264,0.0042704541960525,0.02,True,True,True
e02_deep,reference,shuffle,unseen_vessel,shuffled,window_mean,roll_rate,150,15.0,-0.3777066636247663,-0.3846129881875177,0.0049879097059402,0.02,True,True,True
e02_deep,reference,shuffle,unseen_vessel,shuffled,window_mean,pitch_rate,10,1.0,-1.1610018914337197,-1.1533498762144312,-0.0035535401393944,0.02,True,True,True
e02_deep,reference,shuffle,unseen_vessel,shuffled,window_mean,pitch_rate,20,2.0,0.3367231369147873,0.3373383846910552,-0.0009284493956709,0.02,True,True,True
e02_deep,reference,shuffle,unseen_vessel,shuffled,window_mean,pitch_rate,30,3.0,0.6177347152383308,0.6171211622043005,0.0016024730893006,0.02,True,True,True
e02_deep,reference,shuffle,unseen_vessel,shuffled,window_mean,pitch_rate,50,5.0,0.705533726802462,0.7061656784073048,-0.0021507072469186,0.02,True,True,True
e02_deep,reference,shuffle,unseen_vessel,shuffled,window_mean,pitch_rate,100,10.0,0.2658157641775704,0.2660891264941885,-0.0003724734521401,0.02,True,True,True
e02_deep,reference,shuffle,unseen_vessel,shuffled,window_mean,pitch_rate,150,15.0,0.5442470574024842,0.5442489031786351,-4.049965351082818e-06,0.02,True,True,True
e02_deep,reference,shuffle,unseen_vessel,shuffled,window_mean,heave_rate,10,1.0,-2.2496149750352683,-2.2354826670538235,-0.0043679133643184,0.02,True,True,True
e02_deep,reference,shuffle,unseen_vessel,shuffled,window_mean,heave_rate,20,2.0,0.0537661706921559,0.0567443791209015,-0.0031573715150194,0.02,True,True,True
e02_deep,reference,shuffle,unseen_vessel,shuffled,window_mean,heave_rate,30,3.0,0.4974374513834992,0.4981387615197815,-0.0013974184147116,0.02,True,True,True
e02_deep,reference,shuffle,unseen_vessel,shuffled,window_mean,heave_rate,50,5.0,0.7103234886158298,0.711422875612522,-0.0038096817238224,0.02,True,True,True
e02_deep,reference,shuffle,unseen_vessel,shuffled,window_mean,heave_rate,100,10.0,0.0502301362312459,0.0499118328703562,0.0003350250765161,0.02,True,True,True
e02_deep,reference,shuffle,unseen_vessel,shuffled,window_mean,heave_rate,150,15.0,0.5485911130379825,0.5480766811825034,0.0011383166879397,0.02,True,True,True
e02_deep,reference,untrained,unseen_vessel,untrained,persistence,roll,10,1.0,-2.912451974241824,0.0,-2.912451974241824,0.0,True,False,True
e02_deep,reference,untrained,unseen_vessel,untrained,persistence,roll,20,2.0,0.573972616757795,0.0,0.573972616757795,0.0,True,False,False
e02_deep,reference,untrained,unseen_vessel,untrained,persistence,roll,30,3.0,-1.1638925834573954,0.0,-1.1638925834573954,0.0,True,False,True
e02_deep,reference,untrained,unseen_vessel,untrained,persistence,roll,50,5.0,0.5855539336767106,0.0,0.5855539336767106,0.0,True,False,False
e02_deep,reference,untrained,unseen_vessel,untrained,persistence,roll,100,10.0,0.7865808736182895,0.0,0.7865808736182895,0.0,True,False,False
e02_deep,reference,untrained,unseen_vessel,untrained,persistence,roll,150,15.0,-1.5457986057289168,0.0,-1.5457986057289168,0.0,True,False,True
e02_deep,reference,untrained,unseen_vessel,untrained,persistence,pitch,10,1.0,-1.4057188830456302,0.0,-1.4057188830456302,0.0,True,False,True
e02_deep,reference,untrained,unseen_vessel,untrained,persistence,pitch,20,2.0,0.1259984744352482,0.0,0.1259984744352482,0.0,True,False,False
e02_deep,reference,untrained,unseen_vessel,untrained,persistence,pitch,30,3.0,0.1868197484529981,0.0,0.1868197484529981,0.0,True,False,False
e02_deep,reference,untrained,unseen_vessel,untrained,persistence,pitch,50,5.0,0.7070777802769947,0.0,0.7070777802769947,0.0,True,False,False
e02_deep,reference,untrained,unseen_vessel,untrained,persistence,pitch,100,10.0,-0.1243369170218153,0.0,-0.1243369170218153,0.0,True,False,True
e02_deep,reference,untrained,unseen_vessel,untrained,persistence,pitch,150,15.0,0.4969450286081616,0.0,0.4969450286081616,0.0,True,False,False
e02_deep,reference,untrained,unseen_vessel,untrained,persistence,heave,10,1.0,-2.7690335150687018,0.0,-2.7690335150687018,0.0,True,False,True
e02_deep,reference,untrained,unseen_vessel,untrained,persistence,heave,20,2.0,-0.0900476497407516,0.0,-0.0900476497407516,0.0,True,False,True
e02_deep,reference,untrained,unseen_vessel,untrained,persistence,heave,30,3.0,-0.382465655109554,0.0,-0.382465655109554,0.0,True,False,True
e02_deep,reference,untrained,unseen_vessel,untrained,persistence,heave,50,5.0,0.6657288486874773,0.0,0.6657288486874773,0.0,True,False,False
e02_deep,reference,untrained,unseen_vessel,untrained,persistence,heave,100,10.0,-0.0523216469386667,0.0,-0.0523216469386667,0.0,True,False,True
e02_deep,reference,untrained,unseen_vessel,untrained,persistence,heave,150,15.0,0.481324832002614,0.0,0.481324832002614,0.0,True,False,False
e02_deep,reference,untrained,unseen_vessel,untrained,persistence,roll_rate,10,1.0,-2.874116380570744,0.0,-2.874116380570744,0.0,True,False,True
e02_deep,reference,untrained,unseen_vessel,untrained,persistence,roll_rate,20,2.0,0.4845114249307181,0.0,0.4845114249307181,0.0,True,False,False
e02_deep,reference,untrained,unseen_vessel,untrained,persistence,roll_rate,30,3.0,-1.0588612991656174,0.0,-1.0588612991656174,0.0,True,False,True
e02_deep,reference,untrained,unseen_vessel,untrained,persistence,roll_rate,50,5.0,0.5986788724552132,0.0,0.5986788724552132,0.0,True,False,False
e02_deep,reference,untrained,unseen_vessel,untrained,persistence,roll_rate,100,10.0,0.7343054740922655,0.0,0.7343054740922655,0.0,True,False,False
e02_deep,reference,untrained,unseen_vessel,untrained,persistence,roll_rate,150,15.0,-0.8282399622585939,0.0,-0.8282399622585939,0.0,True,False,True
e02_deep,reference,untrained,unseen_vessel,untrained,persistence,pitch_rate,10,1.0,-0.8808719506747495,0.0,-0.8808719506747495,0.0,True,False,True
e02_deep,reference,untrained,unseen_vessel,untrained,persistence,pitch_rate,20,2.0,0.2555034883849548,0.0,0.2555034883849548,0.0,True,False,False
e02_deep,reference,untrained,unseen_vessel,untrained,persistence,pitch_rate,30,3.0,0.3773849833469406,0.0,0.3773849833469406,0.0,True,False,False
e02_deep,reference,untrained,unseen_vessel,untrained,persistence,pitch_rate,50,5.0,0.7131867328720352,0.0,0.7131867328720352,0.0,True,False,False
e02_deep,reference,untrained,unseen_vessel,untrained,persistence,pitch_rate,100,10.0,0.0393671425777969,0.0,0.0393671425777969,0.0,True,False,False
e02_deep,reference,untrained,unseen_vessel,untrained,persistence,pitch_rate,150,15.0,0.4680987028135809,0.0,0.4680987028135809,0.0,True,False,False
e02_deep,reference,untrained,unseen_vessel,untrained,persistence,heave_rate,10,1.0,-2.311205083207884,0.0,-2.311205083207884,0.0,True,False,True
e02_deep,reference,untrained,unseen_vessel,untrained,persistence,heave_rate,20,2.0,-0.0774271090455704,0.0,-0.0774271090455704,0.0,True,False,True
e02_deep,reference,untrained,unseen_vessel,untrained,persistence,heave_rate,30,3.0,-0.1178548162814077,0.0,-0.1178548162814077,0.0,True,False,True
e02_deep,reference,untrained,unseen_vessel,untrained,persistence,heave_rate,50,5.0,0.6915845701535385,0.0,0.6915845701535385,0.0,True,False,False
e02_deep,reference,untrained,unseen_vessel,untrained,persistence,heave_rate,100,10.0,-0.3870395008599194,0.0,-0.3870395008599194,0.0,True,False,True
e02_deep,reference,untrained,unseen_vessel,untrained,persistence,heave_rate,150,15.0,0.557097904386562,0.0,0.557097904386562,0.0,True,False,False
e03_probabilistic,not_an_arm,shuffle,id,shuffled,window_mean,roll,10,1.0,-3.484067071219213,-3.4779985814083254,-0.0013551790382611,0.02,True,True,True
e03_probabilistic,not_an_arm,shuffle,id,shuffled,window_mean,roll,20,2.0,-0.2643644321207532,-0.2629363724068709,-0.0011307455744271,0.02,True,True,True
e03_probabilistic,not_an_arm,shuffle,id,shuffled,window_mean,roll,30,3.0,0.3707078140484301,0.3701142215586412,0.0009423811587835,0.02,True,True,True
e03_probabilistic,not_an_arm,shuffle,id,shuffled,window_mean,roll,50,5.0,0.7110109826159248,0.7098497805055688,0.0040020721417316,0.02,True,True,True
e03_probabilistic,not_an_arm,shuffle,id,shuffled,window_mean,roll,100,10.0,0.1874284503135129,0.1846481223847302,0.0034099730498132,0.02,True,True,True
e03_probabilistic,not_an_arm,shuffle,id,shuffled,window_mean,roll,150,15.0,0.3887056940813285,0.3881613535715862,0.0008896798411147,0.02,True,True,True
e03_probabilistic,not_an_arm,shuffle,id,shuffled,window_mean,pitch,10,1.0,-1.1224283632106211,-1.1240807878543508,0.0007779481143929,0.02,True,True,True
e03_probabilistic,not_an_arm,shuffle,id,shuffled,window_mean,pitch,20,2.0,0.3387627930178696,0.3372148016015029,0.0023355853753328,0.02,True,True,True
e03_probabilistic,not_an_arm,shuffle,id,shuffled,window_mean,pitch,30,3.0,0.6106072471330868,0.6097808731771663,0.0021177177106842,0.02,True,True,True
e03_probabilistic,not_an_arm,shuffle,id,shuffled,window_mean,pitch,50,5.0,0.6904269993458245,0.690130713374352,0.0009561643707868,0.02,True,True,True
e03_probabilistic,not_an_arm,shuffle,id,shuffled,window_mean,pitch,100,10.0,0.366048676502494,0.3656282835586719,0.0006626918144782,0.02,True,True,True
e03_probabilistic,not_an_arm,shuffle,id,shuffled,window_mean,pitch,150,15.0,0.5022712894370285,0.5023978991733826,-0.0002544397142694,0.02,True,True,True
e03_probabilistic,not_an_arm,shuffle,id,shuffled,window_mean,heave,10,1.0,-2.3384748627984684,-2.33522351662287,-0.0009748510585254,0.02,True,True,True
e03_probabilistic,not_an_arm,shuffle,id,shuffled,window_mean,heave,20,2.0,0.0203215430698279,0.0193220978401484,0.001019137096368,0.02,True,True,True
e03_probabilistic,not_an_arm,shuffle,id,shuffled,window_mean,heave,30,3.0,0.4765858793673693,0.4746404006192308,0.0037031373376094,0.02,True,True,True
e03_probabilistic,not_an_arm,shuffle,id,shuffled,window_mean,heave,50,5.0,0.6982543687788598,0.6978686931954982,0.0012765164505484,0.02,True,True,True
e03_probabilistic,not_an_arm,shuffle,id,shuffled,window_mean,heave,100,10.0,0.2309137608501631,0.2303164136874663,0.0007760944540321,0.02,True,True,True
e03_probabilistic,not_an_arm,shuffle,id,shuffled,window_mean,heave,150,15.0,0.4911097587652088,0.4906893436825678,0.0008254590345326,0.02,True,True,True
e03_probabilistic,not_an_arm,shuffle,id,shuffled,window_mean,roll_rate,10,1.0,-3.2017034041808667,-3.215360217229549,0.0032397736717405,0.02,True,True,True
e03_probabilistic,not_an_arm,shuffle,id,shuffled,window_mean,roll_rate,20,2.0,-0.1878511396501554,-0.19162139589236,0.0031639715896349,0.02,True,True,True
e03_probabilistic,not_an_arm,shuffle,id,shuffled,window_mean,roll_rate,30,3.0,0.4021945637648084,0.4014788502334642,0.00119580324208,0.02,True,True,True
e03_probabilistic,not_an_arm,shuffle,id,shuffled,window_mean,roll_rate,50,5.0,0.7156748771288894,0.7163354349090508,-0.0023286580752501,0.02,True,True,True
e03_probabilistic,not_an_arm,shuffle,id,shuffled,window_mean,roll_rate,100,10.0,0.1022785959362669,0.103789370927999,-0.0016857365252367,0.02,True,True,True
e03_probabilistic,not_an_arm,shuffle,id,shuffled,window_mean,roll_rate,150,15.0,0.4359848997656312,0.4356708636958027,0.0005564767962985,0.02,True,True,True
e03_probabilistic,not_an_arm,shuffle,id,shuffled,window_mean,pitch_rate,10,1.0,-0.6447875856137006,-0.6502407129142918,0.003304443562637,0.02,True,True,True
e03_probabilistic,not_an_arm,shuffle,id,shuffled,window_mean,pitch_rate,20,2.0,0.4635904866212006,0.4631892445469123,0.0007474553559374,0.02,True,True,True
e03_probabilistic,not_an_arm,shuffle,id,shuffled,window_mean,pitch_rate,30,3.0,0.6618856907197683,0.6615522671408269,0.0009851553033748,0.02,True,True,True
e03_probabilistic,not_an_arm,shuffle,id,shuffled,window_mean,pitch_rate,50,5.0,0.6568906429439406,0.656371558512514,0.0015105979853692,0.02,True,True,True
e03_probabilistic,not_an_arm,shuffle,id,shuffled,window_mean,pitch_rate,100,10.0,0.4617117391697024,0.4610023124102339,0.0013161962950913,0.02,True,True,True
e03_probabilistic,not_an_arm,shuffle,id,shuffled,window_mean,pitch_rate,150,15.0,0.4958995500326829,0.4956836925321177,0.0004280200686925,0.02,True,True,True
e03_probabilistic,not_an_arm,shuffle,id,shuffled,window_mean,heave_rate,10,1.0,-1.7611731135474922,-1.7722261641405654,0.0039870666888752,0.02,True,True,True
e03_probabilistic,not_an_arm,shuffle,id,shuffled,window_mean,heave_rate,20,2.0,0.174519710313862,0.1726417723806483,0.0022698002757732,0.02,True,True,True
e03_probabilistic,not_an_arm,shuffle,id,shuffled,window_mean,heave_rate,30,3.0,0.5442349827667915,0.5446845844030395,-0.0009874509424603,0.02,True,True,True
e03_probabilistic,not_an_arm,shuffle,id,shuffled,window_mean,heave_rate,50,5.0,0.710728644673627,0.7102517252385939,0.0016459785150602,0.02,True,True,True
e03_probabilistic,not_an_arm,shuffle,id,shuffled,window_mean,heave_rate,100,10.0,0.1477511509779782,0.1455613816849178,0.0025628163874176,0.02,True,True,True
e03_probabilistic,not_an_arm,shuffle,id,shuffled,window_mean,heave_rate,150,15.0,0.5414120703473648,0.5411814761079022,0.0005025826714808,0.02,True,True,True
e03_probabilistic,not_an_arm,untrained,id,untrained,persistence,roll,10,1.0,-4.446131773793905,0.0,-4.446131773793905,0.0,True,False,True
e03_probabilistic,not_an_arm,untrained,id,untrained,persistence,roll,20,2.0,-0.0901346945646164,0.0,-0.0901346945646164,0.0,True,False,True
e03_probabilistic,not_an_arm,untrained,id,untrained,persistence,roll,30,3.0,0.342184377732979,0.0,0.342184377732979,0.0,True,False,False
e03_probabilistic,not_an_arm,untrained,id,untrained,persistence,roll,50,5.0,0.8084751755937353,0.0,0.8084751755937353,0.0,True,False,False
e03_probabilistic,not_an_arm,untrained,id,untrained,persistence,roll,100,10.0,0.3152403376475081,0.0,0.3152403376475081,0.0,True,False,False
e03_probabilistic,not_an_arm,untrained,id,untrained,persistence,roll,150,15.0,0.4611327535887516,0.0,0.4611327535887516,0.0,True,False,False
e03_probabilistic,not_an_arm,untrained,id,untrained,persistence,pitch,10,1.0,-1.035753300950355,0.0,-1.035753300950355,0.0,True,False,True
e03_probabilistic,not_an_arm,untrained,id,untrained,persistence,pitch,20,2.0,0.3273994623676695,0.0,0.3273994623676695,0.0,True,False,False
e03_probabilistic,not_an_arm,untrained,id,untrained,persistence,pitch,30,3.0,0.5938901229648785,0.0,0.5938901229648785,0.0,True,False,False
e03_probabilistic,not_an_arm,untrained,id,untrained,persistence,pitch,50,5.0,0.6958919010775289,0.0,0.6958919010775289,0.0,True,False,False
e03_probabilistic,not_an_arm,untrained,id,untrained,persistence,pitch,100,10.0,0.327350282878934,0.0,0.327350282878934,0.0,True,False,False
e03_probabilistic,not_an_arm,untrained,id,untrained,persistence,pitch,150,15.0,0.4843031919301555,0.0,0.4843031919301555,0.0,True,False,False
e03_probabilistic,not_an_arm,untrained,id,untrained,persistence,heave,10,1.0,-2.590323776376186,0.0,-2.590323776376186,0.0,True,False,True
e03_probabilistic,not_an_arm,untrained,id,untrained,persistence,heave,20,2.0,0.0572223462411245,0.0,0.0572223462411245,0.0,True,False,False
e03_probabilistic,not_an_arm,untrained,id,untrained,persistence,heave,30,3.0,0.4618465403079277,0.0,0.4618465403079277,0.0,True,False,False
e03_probabilistic,not_an_arm,untrained,id,untrained,persistence,heave,50,5.0,0.7398618346254362,0.0,0.7398618346254362,0.0,True,False,False
e03_probabilistic,not_an_arm,untrained,id,untrained,persistence,heave,100,10.0,0.2200026468197174,0.0,0.2200026468197174,0.0,True,False,False
e03_probabilistic,not_an_arm,untrained,id,untrained,persistence,heave,150,15.0,0.5041590536929057,0.0,0.5041590536929057,0.0,True,False,False
e03_probabilistic,not_an_arm,untrained,id,untrained,persistence,roll_rate,10,1.0,-4.079091466498511,0.0,-4.079091466498511,0.0,True,False,True
e03_probabilistic,not_an_arm,untrained,id,untrained,persistence,roll_rate,20,2.0,-0.0466128275310457,0.0,-0.0466128275310457,0.0,True,False,True
e03_probabilistic,not_an_arm,untrained,id,untrained,persistence,roll_rate,30,3.0,0.3761043006639545,0.0,0.3761043006639545,0.0,True,False,False
e03_probabilistic,not_an_arm,untrained,id,untrained,persistence,roll_rate,50,5.0,0.8064515154373537,0.0,0.8064515154373537,0.0,True,False,False
e03_probabilistic,not_an_arm,untrained,id,untrained,persistence,roll_rate,100,10.0,0.237015245633529,0.0,0.237015245633529,0.0,True,False,False
e03_probabilistic,not_an_arm,untrained,id,untrained,persistence,roll_rate,150,15.0,0.4922609871761249,0.0,0.4922609871761249,0.0,True,False,False
e03_probabilistic,not_an_arm,untrained,id,untrained,persistence,pitch_rate,10,1.0,-0.4964470855707803,0.0,-0.4964470855707803,0.0,True,False,True
e03_probabilistic,not_an_arm,untrained,id,untrained,persistence,pitch_rate,20,2.0,0.4406314351038841,0.0,0.4406314351038841,0.0,True,False,False
e03_probabilistic,not_an_arm,untrained,id,untrained,persistence,pitch_rate,30,3.0,0.6477763581658011,0.0,0.6477763581658011,0.0,True,False,False
e03_probabilistic,not_an_arm,untrained,id,untrained,persistence,pitch_rate,50,5.0,0.6409170628324703,0.0,0.6409170628324703,0.0,True,False,False
e03_probabilistic,not_an_arm,untrained,id,untrained,persistence,pitch_rate,100,10.0,0.4254129369613688,0.0,0.4254129369613688,0.0,True,False,False
e03_probabilistic,not_an_arm,untrained,id,untrained,persistence,pitch_rate,150,15.0,0.4623222941545278,0.0,0.4623222941545278,0.0,True,False,False
e03_probabilistic,not_an_arm,untrained,id,untrained,persistence,heave_rate,10,1.0,-1.848839568117294,0.0,-1.848839568117294,0.0,True,False,True
e03_probabilistic,not_an_arm,untrained,id,untrained,persistence,heave_rate,20,2.0,0.1801136309055722,0.0,0.1801136309055722,0.0,True,False,False
e03_probabilistic,not_an_arm,untrained,id,untrained,persistence,heave_rate,30,3.0,0.5294857069081076,0.0,0.5294857069081076,0.0,True,False,False
e03_probabilistic,not_an_arm,untrained,id,untrained,persistence,heave_rate,50,5.0,0.7331541818122724,0.0,0.7331541818122724,0.0,True,False,False
e03_probabilistic,not_an_arm,untrained,id,untrained,persistence,heave_rate,100,10.0,0.1105294717952237,0.0,0.1105294717952237,0.0,True,False,False
e03_probabilistic,not_an_arm,untrained,id,untrained,persistence,heave_rate,150,15.0,0.5391416219941616,0.0,0.5391416219941616,0.0,True,False,False
e03_probabilistic,not_an_arm,shuffle,unseen_seastate,shuffled,window_mean,roll,10,1.0,-3.661780118500381,-3.63615857215768,-0.0055264603106051,0.02,True,True,True
e03_probabilistic,not_an_arm,shuffle,unseen_seastate,shuffled,window_mean,roll,20,2.0,-0.309877825645471,-0.304777021787743,-0.003909329925767,0.02,True,True,True
e03_probabilistic,not_an_arm,shuffle,unseen_seastate,shuffled,window_mean,roll,30,3.0,0.3526161116809887,0.3527240953526349,-0.0001668278872593,0.02,True,True,True
e03_probabilistic,not_an_arm,shuffle,unseen_seastate,shuffled,window_mean,roll,50,5.0,0.7081800251248935,0.7076553205777212,0.0017948147652601,0.02,True,True,True
e03_probabilistic,not_an_arm,shuffle,unseen_seastate,shuffled,window_mean,roll,100,10.0,0.2263846378382555,0.2234118694669118,0.0038279858453451,0.02,True,True,True
e03_probabilistic,not_an_arm,shuffle,unseen_seastate,shuffled,window_mean,roll,150,15.0,0.3613597106306955,0.3598155413360776,0.0024120693242704,0.02,True,True,True
e03_probabilistic,not_an_arm,shuffle,unseen_seastate,shuffled,window_mean,pitch,10,1.0,-1.402347771542476,-1.4106808001695277,0.0034567117415402,0.02,True,True,True
e03_probabilistic,not_an_arm,shuffle,unseen_seastate,shuffled,window_mean,pitch,20,2.0,0.2619165179114345,0.2590736834967171,0.0038368652204633,0.02,True,True,True
e03_probabilistic,not_an_arm,shuffle,unseen_seastate,shuffled,window_mean,pitch,30,3.0,0.5754564066069887,0.5745014612642354,0.0022442975846418,0.02,True,True,True
e03_probabilistic,not_an_arm,shuffle,unseen_seastate,shuffled,window_mean,pitch,50,5.0,0.6963191292900262,0.6952712209283369,0.0034388230900986,0.02,True,True,True
e03_probabilistic,not_an_arm,shuffle,unseen_seastate,shuffled,window_mean,pitch,100,10.0,0.3094143510469082,0.308150815659111,0.0018263162209273,0.02,True,True,True
e03_probabilistic,not_an_arm,shuffle,unseen_seastate,shuffled,window_mean,pitch,150,15.0,0.5110601193915537,0.5108980121482962,0.0003314385287401,0.02,True,True,True
e03_probabilistic,not_an_arm,shuffle,unseen_seastate,shuffled,window_mean,heave,10,1.0,-2.702652445481613,-2.720246036516437,0.004729147175249,0.02,True,True,True
e03_probabilistic,not_an_arm,shuffle,unseen_seastate,shuffled,window_mean,heave,20,2.0,-0.0760788292718415,-0.0830184125925275,0.0064076318924939,0.02,True,True,True
e03_probabilistic,not_an_arm,shuffle,unseen_seastate,shuffled,window_mean,heave,30,3.0,0.4320307742915696,0.4297969449014116,0.0039176033347836,0.02,True,True,True
e03_probabilistic,not_an_arm,shuffle,unseen_seastate,shuffled,window_mean,heave,50,5.0,0.6909139716257264,0.6909915525766708,-0.0002510641750776,0.02,True,True,True
e03_probabilistic,not_an_arm,shuffle,unseen_seastate,shuffled,window_mean,heave,100,10.0,0.2854674785809136,0.2867089129907052,-0.0017404316868681,0.02,True,True,True
e03_probabilistic,not_an_arm,shuffle,unseen_seastate,shuffled,window_mean,heave,150,15.0,0.4530396423674548,0.4541478933096211,-0.002030313575019,0.02,True,True,True
e03_probabilistic,not_an_arm,shuffle,unseen_seastate,shuffled,window_mean,roll_rate,10,1.0,-3.446812449884576,-3.450161018503483,0.0007524601031251,0.02,True,True,True
e03_probabilistic,not_an_arm,shuffle,unseen_seastate,shuffled,window_mean,roll_rate,20,2.0,-0.25152040803299,-0.2515318501844503,9.142517194971056e-06,0.02,True,True,True
e03_probabilistic,not_an_arm,shuffle,unseen_seastate,shuffled,window_mean,roll_rate,30,3.0,0.3755699982089964,0.3775269471043667,-0.003143829096323,0.02,True,True,True
e03_probabilistic,not_an_arm,shuffle,unseen_seastate,shuffled,window_mean,roll_rate,50,5.0,0.7138980937621802,0.7143720025464866,-0.0016591818327738,0.02,True,True,True
e03_probabilistic,not_an_arm,shuffle,unseen_seastate,shuffled,window_mean,roll_rate,100,10.0,0.1469456210416342,0.1483350769801881,-0.0016314584539036,0.02,True,True,True
e03_probabilistic,not_an_arm,shuffle,unseen_seastate,shuffled,window_mean,roll_rate,150,15.0,0.4035319058307367,0.405022994037119,-0.0025061274493611,0.02,True,True,True
e03_probabilistic,not_an_arm,shuffle,unseen_seastate,shuffled,window_mean,pitch_rate,10,1.0,-0.8253702822154563,-0.8263659642029386,0.0005451711250635,0.02,True,True,True
e03_probabilistic,not_an_arm,shuffle,unseen_seastate,shuffled,window_mean,pitch_rate,20,2.0,0.4133713856334403,0.4132918092711489,0.0001356319266525,0.02,True,True,True
e03_probabilistic,not_an_arm,shuffle,unseen_seastate,shuffled,window_mean,pitch_rate,30,3.0,0.6393673826002906,0.638584000199518,0.0021675365816816,0.02,True,True,True
e03_probabilistic,not_an_arm,shuffle,unseen_seastate,shuffled,window_mean,pitch_rate,50,5.0,0.6746722623253931,0.6732579845081277,0.004328423496857,0.02,True,True,True
e03_probabilistic,not_an_arm,shuffle,unseen_seastate,shuffled,window_mean,pitch_rate,100,10.0,0.3949367420183712,0.3973356541846095,-0.0039805111798882,0.02,True,True,True
e03_probabilistic,not_an_arm,shuffle,unseen_seastate,shuffled,window_mean,pitch_rate,150,15.0,0.5156891731104438,0.5157135601653577,-5.035667511621433e-05,0.02,True,True,True
e03_probabilistic,not_an_arm,shuffle,unseen_seastate,shuffled,window_mean,heave_rate,10,1.0,-2.159642370489562,-2.156658936021811,-0.0009451241100855,0.02,True,True,True
e03_probabilistic,not_an_arm,shuffle,unseen_seastate,shuffled,window_mean,heave_rate,20,2.0,0.0704583022955079,0.0715940133949282,-0.0012232914434053,0.02,True,True,True
e03_probabilistic,not_an_arm,shuffle,unseen_seastate,shuffled,window_mean,heave_rate,30,3.0,0.502367942524317,0.5010106912815555,0.0027200006474034,0.02,True,True,True
e03_probabilistic,not_an_arm,shuffle,unseen_seastate,shuffled,window_mean,heave_rate,50,5.0,0.7104833548191272,0.7077185611258547,0.0094593543261668,0.02,True,True,True
e03_probabilistic,not_an_arm,shuffle,unseen_seastate,shuffled,window_mean,heave_rate,100,10.0,0.1386361594132973,0.1375917767565697,0.0012110073032464,0.02,True,True,True
e03_probabilistic,not_an_arm,shuffle,unseen_seastate,shuffled,window_mean,heave_rate,150,15.0,0.5247363668723669,0.52510063525281,-0.000767043309559,0.02,True,True,True
e03_probabilistic,not_an_arm,untrained,unseen_seastate,untrained,persistence,roll,10,1.0,-4.666956679695503,0.0,-4.666956679695503,0.0,True,False,True
e03_probabilistic,not_an_arm,untrained,unseen_seastate,untrained,persistence,roll,20,2.0,-0.1186266819270616,0.0,-0.1186266819270616,0.0,True,False,True
e03_probabilistic,not_an_arm,untrained,unseen_seastate,untrained,persistence,roll,30,3.0,0.3235440295549627,0.0,0.3235440295549627,0.0,True,False,False
e03_probabilistic,not_an_arm,untrained,unseen_seastate,untrained,persistence,roll,50,5.0,0.8137339153752506,0.0,0.8137339153752506,0.0,True,False,False
e03_probabilistic,not_an_arm,untrained,unseen_seastate,untrained,persistence,roll,100,10.0,0.3546564568479726,0.0,0.3546564568479726,0.0,True,False,False
e03_probabilistic,not_an_arm,untrained,unseen_seastate,untrained,persistence,roll,150,15.0,0.4432064890583445,0.0,0.4432064890583445,0.0,True,False,False
e03_probabilistic,not_an_arm,untrained,unseen_seastate,untrained,persistence,pitch,10,1.0,-1.420873046562936,0.0,-1.420873046562936,0.0,True,False,True
e03_probabilistic,not_an_arm,untrained,unseen_seastate,untrained,persistence,pitch,20,2.0,0.2589455012081978,0.0,0.2589455012081978,0.0,True,False,False
e03_probabilistic,not_an_arm,untrained,unseen_seastate,untrained,persistence,pitch,30,3.0,0.5584775012162673,0.0,0.5584775012162673,0.0,True,False,False
e03_probabilistic,not_an_arm,untrained,unseen_seastate,untrained,persistence,pitch,50,5.0,0.7130915418895931,0.0,0.7130915418895931,0.0,True,False,False
e03_probabilistic,not_an_arm,untrained,unseen_seastate,untrained,persistence,pitch,100,10.0,0.2717034557746396,0.0,0.2717034557746396,0.0,True,False,False
e03_probabilistic,not_an_arm,untrained,unseen_seastate,untrained,persistence,pitch,150,15.0,0.5040100144807633,0.0,0.5040100144807633,0.0,True,False,False
e03_probabilistic,not_an_arm,untrained,unseen_seastate,untrained,persistence,heave,10,1.0,-3.112815262005846,0.0,-3.112815262005846,0.0,True,False,True
e03_probabilistic,not_an_arm,untrained,unseen_seastate,untrained,persistence,heave,20,2.0,-0.023604870610796,0.0,-0.023604870610796,0.0,True,False,True
e03_probabilistic,not_an_arm,untrained,unseen_seastate,untrained,persistence,heave,30,3.0,0.4193957672385293,0.0,0.4193957672385293,0.0,True,False,False
e03_probabilistic,not_an_arm,untrained,unseen_seastate,untrained,persistence,heave,50,5.0,0.747606266006198,0.0,0.747606266006198,0.0,True,False,False
e03_probabilistic,not_an_arm,untrained,unseen_seastate,untrained,persistence,heave,100,10.0,0.2920739990442474,0.0,0.2920739990442474,0.0,True,False,False
e03_probabilistic,not_an_arm,untrained,unseen_seastate,untrained,persistence,heave,150,15.0,0.4775878538280675,0.0,0.4775878538280675,0.0,True,False,False
e03_probabilistic,not_an_arm,untrained,unseen_seastate,untrained,persistence,roll_rate,10,1.0,-4.416173980942545,0.0,-4.416173980942545,0.0,True,False,True
e03_probabilistic,not_an_arm,untrained,unseen_seastate,untrained,persistence,roll_rate,20,2.0,-0.0871911716883013,0.0,-0.0871911716883013,0.0,True,False,True
e03_probabilistic,not_an_arm,untrained,unseen_seastate,untrained,persistence,roll_rate,30,3.0,0.3514135682473717,0.0,0.3514135682473717,0.0,True,False,False
e03_probabilistic,not_an_arm,untrained,unseen_seastate,untrained,persistence,roll_rate,50,5.0,0.8145523136302844,0.0,0.8145523136302844,0.0,True,False,False
e03_probabilistic,not_an_arm,untrained,unseen_seastate,untrained,persistence,roll_rate,100,10.0,0.2911128161770502,0.0,0.2911128161770502,0.0,True,False,False
e03_probabilistic,not_an_arm,untrained,unseen_seastate,untrained,persistence,roll_rate,150,15.0,0.4733365539174892,0.0,0.4733365539174892,0.0,True,False,False
e03_probabilistic,not_an_arm,untrained,unseen_seastate,untrained,persistence,pitch_rate,10,1.0,-0.7334269132123341,0.0,-0.7334269132123341,0.0,True,False,True
e03_probabilistic,not_an_arm,untrained,unseen_seastate,untrained,persistence,pitch_rate,20,2.0,0.3954403538217977,0.0,0.3954403538217977,0.0,True,False,False
e03_probabilistic,not_an_arm,untrained,unseen_seastate,untrained,persistence,pitch_rate,30,3.0,0.6226405315844943,0.0,0.6226405315844943,0.0,True,False,False
e03_probabilistic,not_an_arm,untrained,unseen_seastate,untrained,persistence,pitch_rate,50,5.0,0.667915679816355,0.0,0.667915679816355,0.0,True,False,False
e03_probabilistic,not_an_arm,untrained,unseen_seastate,untrained,persistence,pitch_rate,100,10.0,0.3570166400331903,0.0,0.3570166400331903,0.0,True,False,False
e03_probabilistic,not_an_arm,untrained,unseen_seastate,untrained,persistence,pitch_rate,150,15.0,0.491331897561684,0.0,0.491331897561684,0.0,True,False,False
e03_probabilistic,not_an_arm,untrained,unseen_seastate,untrained,persistence,heave_rate,10,1.0,-2.3885074171973373,0.0,-2.3885074171973373,0.0,True,False,True
e03_probabilistic,not_an_arm,untrained,unseen_seastate,untrained,persistence,heave_rate,20,2.0,0.1004531123763546,0.0,0.1004531123763546,0.0,True,False,False
e03_probabilistic,not_an_arm,untrained,unseen_seastate,untrained,persistence,heave_rate,30,3.0,0.4869473242636578,0.0,0.4869473242636578,0.0,True,False,False
e03_probabilistic,not_an_arm,untrained,unseen_seastate,untrained,persistence,heave_rate,50,5.0,0.7468553951113064,0.0,0.7468553951113064,0.0,True,False,False
e03_probabilistic,not_an_arm,untrained,unseen_seastate,untrained,persistence,heave_rate,100,10.0,0.1280032191042853,0.0,0.1280032191042853,0.0,True,False,False
e03_probabilistic,not_an_arm,untrained,unseen_seastate,untrained,persistence,heave_rate,150,15.0,0.5354051925487257,0.0,0.5354051925487257,0.0,True,False,False
e03_probabilistic,not_an_arm,shuffle,unseen_heading,shuffled,window_mean,roll,10,1.0,-3.399985535098184,-3.3914080297037987,-0.0019532471900507,0.02,True,True,True
e03_probabilistic,not_an_arm,shuffle,unseen_heading,shuffled,window_mean,roll,20,2.0,-0.2383267830448179,-0.236239641064424,-0.0016882988629913,0.02,True,True,True
e03_probabilistic,not_an_arm,shuffle,unseen_heading,shuffled,window_mean,roll,30,3.0,0.383841075014975,0.3841767306616883,-0.0005450519060021,0.02,True,True,True
e03_probabilistic,not_an_arm,shuffle,unseen_heading,shuffled,window_mean,roll,50,5.0,0.7157547072206739,0.715972521215032,-0.0007668764842396,0.02,True,True,True
e03_probabilistic,not_an_arm,shuffle,unseen_heading,shuffled,window_mean,roll,100,10.0,0.11773394781477,0.1168940779134524,0.00095104095705,0.02,True,True,True
e03_probabilistic,not_an_arm,shuffle,unseen_heading,shuffled,window_mean,roll,150,15.0,0.4162680824161695,0.4158288541685238,0.000751882818554,0.02,True,True,True
e03_probabilistic,not_an_arm,shuffle,unseen_heading,shuffled,window_mean,pitch,10,1.0,-1.590736146945129,-1.3382493183345203,-0.1079811406896718,0.02,True,True,True
e03_probabilistic,not_an_arm,shuffle,unseen_heading,shuffled,window_mean,pitch,20,2.0,0.1911389148324609,0.2908894046908976,-0.1406698623857896,0.02,True,True,True
e03_probabilistic,not_an_arm,shuffle,unseen_heading,shuffled,window_mean,pitch,30,3.0,0.542508809497505,0.5997991964814176,-0.1431541028409064,0.02,True,True,True
e03_probabilistic,not_an_arm,shuffle,unseen_heading,shuffled,window_mean,pitch,50,5.0,0.6689360712329451,0.7144225746413116,-0.1592790583892793,0.02,True,True,True
e03_probabilistic,not_an_arm,shuffle,unseen_heading,shuffled,window_mean,pitch,100,10.0,0.1448043564305711,0.2246151920429719,-0.1029306156032192,0.02,True,True,True
e03_probabilistic,not_an_arm,shuffle,unseen_heading,shuffled,window_mean,pitch,150,15.0,0.5241356725966029,0.5364592149871525,-0.0265856701049684,0.02,True,True,True
e03_probabilistic,not_an_arm,shuffle,unseen_heading,shuffled,window_mean,heave,10,1.0,-2.597426125186106,-2.592337729181344,-0.0014164581362792,0.02,True,True,True
e03_probabilistic,not_an_arm,shuffle,unseen_heading,shuffled,window_mean,heave,20,2.0,-0.0445788685299695,-0.044397840695372,-0.0001733322566781,0.02,True,True,True
e03_probabilistic,not_an_arm,shuffle,unseen_heading,shuffled,window_mean,heave,30,3.0,0.4499536222259019,0.4512070618491698,-0.0022839937180885,0.02,True,True,True
e03_probabilistic,not_an_arm,shuffle,unseen_heading,shuffled,window_mean,heave,50,5.0,0.7007096903801069,0.7029743955457782,-0.007624612598071,0.02,True,True,True
e03_probabilistic,not_an_arm,shuffle,unseen_heading,shuffled,window_mean,heave,100,10.0,0.1556617746550823,0.1603568776394638,-0.0055917840084032,0.02,True,True,True
e03_probabilistic,not_an_arm,shuffle,unseen_heading,shuffled,window_mean,heave,150,15.0,0.4814835983296404,0.4811962282931431,0.0005539089192659,0.02,True,True,True
e03_probabilistic,not_an_arm,shuffle,unseen_heading,shuffled,window_mean,roll_rate,10,1.0,-3.127779848405181,-3.1239710122341275,-0.0009235846129262,0.02,True,True,True
e03_probabilistic,not_an_arm,shuffle,unseen_heading,shuffled,window_mean,roll_rate,20,2.0,-0.1650552817599826,-0.1640227780163345,-0.0008870133498655,0.02,True,True,True
e03_probabilistic,not_an_arm,shuffle,unseen_heading,shuffled,window_mean,roll_rate,30,3.0,0.413927481974508,0.4152625854125328,-0.0022832529691412,0.02,True,True,True
e03_probabilistic,not_an_arm,shuffle,unseen_heading,shuffled,window_mean,roll_rate,50,5.0,0.7203522985722673,0.7209781818615215,-0.0022431338646913,0.02,True,True,True
e03_probabilistic,not_an_arm,shuffle,unseen_heading,shuffled,window_mean,roll_rate,100,10.0,0.0396331010171797,0.0422423066274409,-0.002724285723118,0.02,True,True,True
e03_probabilistic,not_an_arm,shuffle,unseen_heading,shuffled,window_mean,roll_rate,150,15.0,0.4560616814262618,0.4578222671046894,-0.0032472482206633,0.02,True,True,True
e03_probabilistic,not_an_arm,shuffle,unseen_heading,shuffled,window_mean,pitch_rate,10,1.0,-1.385617215939102,-0.9966952022422622,-0.1947828658375527,0.02,True,True,True
e03_probabilistic,not_an_arm,shuffle,unseen_heading,shuffled,window_mean,pitch_rate,20,2.0,0.2940479572758404,0.3829941615966961,-0.144157800112608,0.02,True,True,True
e03_probabilistic,not_an_arm,shuffle,unseen_heading,shuffled,window_mean,pitch_rate,30,3.0,0.5841482950793606,0.6406527609863917,-0.1572419647974288,0.02,True,True,True
e03_probabilistic,not_an_arm,shuffle,unseen_heading,shuffled,window_mean,pitch_rate,50,5.0,0.671276285656573,0.704100621980726,-0.1109307378199857,0.02,True,True,True
e03_probabilistic,not_an_arm,shuffle,unseen_heading,shuffled,window_mean,pitch_rate,100,10.0,0.363439525838414,0.3652919511314012,-0.0029185470332213,0.02,True,True,True
e03_probabilistic,not_an_arm,shuffle,unseen_heading,shuffled,window_mean,pitch_rate,150,15.0,0.5152644195696494,0.5150416048700197,0.0004594511650221,0.02,True,True,True
e03_probabilistic,not_an_arm,shuffle,unseen_heading,shuffled,window_mean,heave_rate,10,1.0,-2.157233412570284,-2.121636360614806,-0.0114033307673502,0.02,True,True,True
e03_probabilistic,not_an_arm,shuffle,unseen_heading,shuffled,window_mean,heave_rate,20,2.0,0.0738517466213847,0.0843951990855974,-0.0115152874402615,0.02,True,True,True
e03_probabilistic,not_an_arm,shuffle,unseen_heading,shuffled,window_mean,heave_rate,30,3.0,0.505909594493678,0.5101420803729321,-0.0086402316052709,0.02,True,True,True
e03_probabilistic,not_an_arm,shuffle,unseen_heading,shuffled,window_mean,heave_rate,50,5.0,0.7146180277279978,0.7152645178893378,-0.0022704938511624,0.02,True,True,True
e03_probabilistic,not_an_arm,shuffle,unseen_heading,shuffled,window_mean,heave_rate,100,10.0,0.0181744642677211,0.0187039537824474,-0.0005395818283047,0.02,True,True,True
e03_probabilistic,not_an_arm,shuffle,unseen_heading,shuffled,window_mean,heave_rate,150,15.0,0.5388806413939218,0.5393706296169118,-0.0010637363887209,0.02,True,True,True
e03_probabilistic,not_an_arm,untrained,unseen_heading,untrained,persistence,roll,10,1.0,-4.340709774135674,0.0,-4.340709774135674,0.0,True,False,True
e03_probabilistic,not_an_arm,untrained,unseen_heading,untrained,persistence,roll,20,2.0,-0.0727109435835806,0.0,-0.0727109435835806,0.0,True,False,True
e03_probabilistic,not_an_arm,untrained,unseen_heading,untrained,persistence,roll,30,3.0,0.3543446141608731,0.0,0.3543446141608731,0.0,True,False,False
e03_probabilistic,not_an_arm,untrained,unseen_heading,untrained,persistence,roll,50,5.0,0.8136360978872004,0.0,0.8136360978872004,0.0,True,False,False
e03_probabilistic,not_an_arm,untrained,unseen_heading,untrained,persistence,roll,100,10.0,0.260138546070631,0.0,0.260138546070631,0.0,True,False,False
e03_probabilistic,not_an_arm,untrained,unseen_heading,untrained,persistence,roll,150,15.0,0.4829951877539278,0.0,0.4829951877539278,0.0,True,False,False
e03_probabilistic,not_an_arm,untrained,unseen_heading,untrained,persistence,pitch,10,1.0,-2.080329004457227,0.0,-2.080329004457227,0.0,True,False,True
e03_probabilistic,not_an_arm,untrained,unseen_heading,untrained,persistence,pitch,20,2.0,0.1468337974522193,0.0,0.1468337974522193,0.0,True,False,False
e03_probabilistic,not_an_arm,untrained,unseen_heading,untrained,persistence,pitch,30,3.0,0.504485820929657,0.0,0.504485820929657,0.0,True,False,False
e03_probabilistic,not_an_arm,untrained,unseen_heading,untrained,persistence,pitch,50,5.0,0.6588676013933895,0.0,0.6588676013933895,0.0,True,False,False
e03_probabilistic,not_an_arm,untrained,unseen_heading,untrained,persistence,pitch,100,10.0,0.153282303572367,0.0,0.153282303572367,0.0,True,False,False
e03_probabilistic,not_an_arm,untrained,unseen_heading,untrained,persistence,pitch,150,15.0,0.4901621980566303,0.0,0.4901621980566303,0.0,True,False,False
e03_probabilistic,not_an_arm,untrained,unseen_heading,untrained,persistence,heave,10,1.0,-2.9873266845536115,0.0,-2.9873266845536115,0.0,True,False,True
e03_probabilistic,not_an_arm,untrained,unseen_heading,untrained,persistence,heave,20,2.0,0.0176129700506451,0.0,0.0176129700506451,0.0,True,False,False
e03_probabilistic,not_an_arm,untrained,unseen_heading,untrained,persistence,heave,30,3.0,0.4368800494692512,0.0,0.4368800494692512,0.0,True,False,False
e03_probabilistic,not_an_arm,untrained,unseen_heading,untrained,persistence,heave,50,5.0,0.7569205698649301,0.0,0.7569205698649301,0.0,True,False,False
e03_probabilistic,not_an_arm,untrained,unseen_heading,untrained,persistence,heave,100,10.0,0.1768397609653065,0.0,0.1768397609653065,0.0,True,False,False
e03_probabilistic,not_an_arm,untrained,unseen_heading,untrained,persistence,heave,150,15.0,0.5146714293956914,0.0,0.5146714293956914,0.0,True,False,False
e03_probabilistic,not_an_arm,untrained,unseen_heading,untrained,persistence,roll_rate,10,1.0,-3.947489761764011,0.0,-3.947489761764011,0.0,True,False,True
e03_probabilistic,not_an_arm,untrained,unseen_heading,untrained,persistence,roll_rate,20,2.0,-0.0303288494775419,0.0,-0.0303288494775419,0.0,True,False,True
e03_probabilistic,not_an_arm,untrained,unseen_heading,untrained,persistence,roll_rate,30,3.0,0.3897592976155093,0.0,0.3897592976155093,0.0,True,False,False
e03_probabilistic,not_an_arm,untrained,unseen_heading,untrained,persistence,roll_rate,50,5.0,0.8087484437184134,0.0,0.8087484437184134,0.0,True,False,False
e03_probabilistic,not_an_arm,untrained,unseen_heading,untrained,persistence,roll_rate,100,10.0,0.1803959026349209,0.0,0.1803959026349209,0.0,True,False,False
e03_probabilistic,not_an_arm,untrained,unseen_heading,untrained,persistence,roll_rate,150,15.0,0.5102084373846826,0.0,0.5102084373846826,0.0,True,False,False
e03_probabilistic,not_an_arm,untrained,unseen_heading,untrained,persistence,pitch_rate,10,1.0,-1.531774542173301,0.0,-1.531774542173301,0.0,True,False,True
e03_probabilistic,not_an_arm,untrained,unseen_heading,untrained,persistence,pitch_rate,20,2.0,0.2352936945717538,0.0,0.2352936945717538,0.0,True,False,False
e03_probabilistic,not_an_arm,untrained,unseen_heading,untrained,persistence,pitch_rate,30,3.0,0.5430627948710889,0.0,0.5430627948710889,0.0,True,False,False
e03_probabilistic,not_an_arm,untrained,unseen_heading,untrained,persistence,pitch_rate,50,5.0,0.6172173610073072,0.0,0.6172173610073072,0.0,True,False,False
e03_probabilistic,not_an_arm,untrained,unseen_heading,untrained,persistence,pitch_rate,100,10.0,0.312307942662221,0.0,0.312307942662221,0.0,True,False,False
e03_probabilistic,not_an_arm,untrained,unseen_heading,untrained,persistence,pitch_rate,150,15.0,0.4439233734025842,0.0,0.4439233734025842,0.0,True,False,False
e03_probabilistic,not_an_arm,untrained,unseen_heading,untrained,persistence,heave_rate,10,1.0,-2.3218812545928658,0.0,-2.3218812545928658,0.0,True,False,True
e03_probabilistic,not_an_arm,untrained,unseen_heading,untrained,persistence,heave_rate,20,2.0,0.1102427260775276,0.0,0.1102427260775276,0.0,True,False,False
e03_probabilistic,not_an_arm,untrained,unseen_heading,untrained,persistence,heave_rate,30,3.0,0.4950391183995816,0.0,0.4950391183995816,0.0,True,False,False
e03_probabilistic,not_an_arm,untrained,unseen_heading,untrained,persistence,heave_rate,50,5.0,0.7501478845873701,0.0,0.7501478845873701,0.0,True,False,False
e03_probabilistic,not_an_arm,untrained,unseen_heading,untrained,persistence,heave_rate,100,10.0,-0.0020734153730748,0.0,-0.0020734153730748,0.0,True,False,True
e03_probabilistic,not_an_arm,untrained,unseen_heading,untrained,persistence,heave_rate,150,15.0,0.5559140441899177,0.0,0.5559140441899177,0.0,True,False,False
e03_probabilistic,not_an_arm,shuffle,unseen_vessel,shuffled,window_mean,roll,10,1.0,-4.303879168940758,-4.311336029464496,0.001403951940222,0.02,True,True,True
e03_probabilistic,not_an_arm,shuffle,unseen_vessel,shuffled,window_mean,roll,20,2.0,-0.5874378159982889,-0.5878104909106063,0.000234709944575,0.02,True,True,True
e03_probabilistic,not_an_arm,shuffle,unseen_vessel,shuffled,window_mean,roll,30,3.0,0.1628699001252033,0.1634400080652639,-0.000681490802282,0.02,True,True,True
e03_probabilistic,not_an_arm,shuffle,unseen_vessel,shuffled,window_mean,roll,50,5.0,0.5880279144921822,0.5883049075167901,-0.0006728110916678,0.02,True,True,True
e03_probabilistic,not_an_arm,shuffle,unseen_vessel,shuffled,window_mean,roll,100,10.0,0.665363898196798,0.6650294318625622,0.0009984946919231,0.02,True,True,True
e03_probabilistic,not_an_arm,shuffle,unseen_vessel,shuffled,window_mean,roll,150,15.0,-0.8034300123380731,-0.8063221027799121,0.0016010934248039,0.02,True,True,True
e03_probabilistic,not_an_arm,shuffle,unseen_vessel,shuffled,window_mean,pitch,10,1.0,-1.6086348407996458,-1.605843017682727,-0.0010713704156291,0.02,True,True,True
e03_probabilistic,not_an_arm,shuffle,unseen_vessel,shuffled,window_mean,pitch,20,2.0,0.2144574076180725,0.2168847691985719,-0.003099622488526,0.02,True,True,True
e03_probabilistic,not_an_arm,shuffle,unseen_vessel,shuffled,window_mean,pitch,30,3.0,0.5621071254793202,0.5639977753238108,-0.0043363307283461,0.02,True,True,True
e03_probabilistic,not_an_arm,shuffle,unseen_vessel,shuffled,window_mean,pitch,50,5.0,0.7104748565783445,0.7099599794099374,0.0017751935314294,0.02,True,True,True
e03_probabilistic,not_an_arm,shuffle,unseen_vessel,shuffled,window_mean,pitch,100,10.0,0.1743538688694522,0.1723586366192353,0.0024107449657503,0.02,True,True,True
e03_probabilistic,not_an_arm,shuffle,unseen_vessel,shuffled,window_mean,pitch,150,15.0,0.5447094871479536,0.5440356379924596,0.001477854875603,0.02,True,True,True
e03_probabilistic,not_an_arm,shuffle,unseen_vessel,shuffled,window_mean,heave,10,1.0,-2.732909985909012,-2.7245527495777933,-0.0022438227870893,0.02,True,True,True
e03_probabilistic,not_an_arm,shuffle,unseen_vessel,shuffled,window_mean,heave,20,2.0,-0.0833801957633844,-0.0791038596563729,-0.0039628586894067,0.02,True,True,True
e03_probabilistic,not_an_arm,shuffle,unseen_vessel,shuffled,window_mean,heave,30,3.0,0.430939153548219,0.4338973520110866,-0.0052255513613592,0.02,True,True,True
e03_probabilistic,not_an_arm,shuffle,unseen_vessel,shuffled,window_mean,heave,50,5.0,0.6937721205094811,0.6942582772696753,-0.0015900896869838,0.02,True,True,True
e03_probabilistic,not_an_arm,shuffle,unseen_vessel,shuffled,window_mean,heave,100,10.0,0.2417771922857335,0.2409090087894692,0.0011437146617692,0.02,True,True,True
e03_probabilistic,not_an_arm,shuffle,unseen_vessel,shuffled,window_mean,heave,150,15.0,0.4793877629684668,0.4789627188651604,0.0008157652411756,0.02,True,True,True
e03_probabilistic,not_an_arm,shuffle,unseen_vessel,shuffled,window_mean,roll_rate,10,1.0,-3.977917873553535,-3.982807410873789,0.0009812816183872,0.02,True,True,True
e03_probabilistic,not_an_arm,shuffle,unseen_vessel,shuffled,window_mean,roll_rate,20,2.0,-0.4879396023043396,-0.489540770501061,0.0010749408330614,0.02,True,True,True
e03_probabilistic,not_an_arm,shuffle,unseen_vessel,shuffled,window_mean,roll_rate,30,3.0,0.2129548679099857,0.2120397321300985,0.0011613983816228,0.02,True,True,True
e03_probabilistic,not_an_arm,shuffle,unseen_vessel,shuffled,window_mean,roll_rate,50,5.0,0.6058447677764418,0.6054190023709238,0.0010790317021759,0.02,True,True,True
e03_probabilistic,not_an_arm,shuffle,unseen_vessel,shuffled,window_mean,roll_rate,100,10.0,0.6340794820168665,0.6325101333739264,0.0042704541960525,0.02,True,True,True
e03_probabilistic,not_an_arm,shuffle,unseen_vessel,shuffled,window_mean,roll_rate,150,15.0,-0.3777066636247663,-0.3846129881875177,0.0049879097059402,0.02,True,True,True
e03_probabilistic,not_an_arm,shuffle,unseen_vessel,shuffled,window_mean,pitch_rate,10,1.0,-1.1610018914337197,-1.1533498762144312,-0.0035535401393944,0.02,True,True,True
e03_probabilistic,not_an_arm,shuffle,unseen_vessel,shuffled,window_mean,pitch_rate,20,2.0,0.3367231369147873,0.3373383846910552,-0.0009284493956709,0.02,True,True,True
e03_probabilistic,not_an_arm,shuffle,unseen_vessel,shuffled,window_mean,pitch_rate,30,3.0,0.6177347152383308,0.6171211622043005,0.0016024730893006,0.02,True,True,True
e03_probabilistic,not_an_arm,shuffle,unseen_vessel,shuffled,window_mean,pitch_rate,50,5.0,0.705533726802462,0.7061656784073048,-0.0021507072469186,0.02,True,True,True
e03_probabilistic,not_an_arm,shuffle,unseen_vessel,shuffled,window_mean,pitch_rate,100,10.0,0.2658157641775704,0.2660891264941885,-0.0003724734521401,0.02,True,True,True
e03_probabilistic,not_an_arm,shuffle,unseen_vessel,shuffled,window_mean,pitch_rate,150,15.0,0.5442470574024842,0.5442489031786351,-4.049965351082818e-06,0.02,True,True,True
e03_probabilistic,not_an_arm,shuffle,unseen_vessel,shuffled,window_mean,heave_rate,10,1.0,-2.2496149750352683,-2.2354826670538235,-0.0043679133643184,0.02,True,True,True
e03_probabilistic,not_an_arm,shuffle,unseen_vessel,shuffled,window_mean,heave_rate,20,2.0,0.0537661706921559,0.0567443791209015,-0.0031573715150194,0.02,True,True,True
e03_probabilistic,not_an_arm,shuffle,unseen_vessel,shuffled,window_mean,heave_rate,30,3.0,0.4974374513834992,0.4981387615197815,-0.0013974184147116,0.02,True,True,True
e03_probabilistic,not_an_arm,shuffle,unseen_vessel,shuffled,window_mean,heave_rate,50,5.0,0.7103234886158298,0.711422875612522,-0.0038096817238224,0.02,True,True,True
e03_probabilistic,not_an_arm,shuffle,unseen_vessel,shuffled,window_mean,heave_rate,100,10.0,0.0502301362312459,0.0499118328703562,0.0003350250765161,0.02,True,True,True
e03_probabilistic,not_an_arm,shuffle,unseen_vessel,shuffled,window_mean,heave_rate,150,15.0,0.5485911130379825,0.5480766811825034,0.0011383166879397,0.02,True,True,True
e03_probabilistic,not_an_arm,untrained,unseen_vessel,untrained,persistence,roll,10,1.0,-4.8468983985327805,0.0,-4.8468983985327805,0.0,True,False,True
e03_probabilistic,not_an_arm,untrained,unseen_vessel,untrained,persistence,roll,20,2.0,-0.4277204929971732,0.0,-0.4277204929971732,0.0,True,False,True
e03_probabilistic,not_an_arm,untrained,unseen_vessel,untrained,persistence,roll,30,3.0,0.1467208059260782,0.0,0.1467208059260782,0.0,True,False,False
e03_probabilistic,not_an_arm,untrained,unseen_vessel,untrained,persistence,roll,50,5.0,0.6601992971124937,0.0,0.6601992971124937,0.0,True,False,False
e03_probabilistic,not_an_arm,untrained,unseen_vessel,untrained,persistence,roll,100,10.0,0.6589614767870076,0.0,0.6589614767870076,0.0,True,False,False
e03_probabilistic,not_an_arm,untrained,unseen_vessel,untrained,persistence,roll,150,15.0,-0.5388915147207154,0.0,-0.5388915147207154,0.0,True,False,True
e03_probabilistic,not_an_arm,untrained,unseen_vessel,untrained,persistence,pitch,10,1.0,-1.6094583985140494,0.0,-1.6094583985140494,0.0,True,False,True
e03_probabilistic,not_an_arm,untrained,unseen_vessel,untrained,persistence,pitch,20,2.0,0.214529740561605,0.0,0.214529740561605,0.0,True,False,False
e03_probabilistic,not_an_arm,untrained,unseen_vessel,untrained,persistence,pitch,30,3.0,0.5488093989595901,0.0,0.5488093989595901,0.0,True,False,False
e03_probabilistic,not_an_arm,untrained,unseen_vessel,untrained,persistence,pitch,50,5.0,0.7253218832340882,0.0,0.7253218832340882,0.0,True,False,False
e03_probabilistic,not_an_arm,untrained,unseen_vessel,untrained,persistence,pitch,100,10.0,0.1236745852448414,0.0,0.1236745852448414,0.0,True,False,False
e03_probabilistic,not_an_arm,untrained,unseen_vessel,untrained,persistence,pitch,150,15.0,0.5341006493457325,0.0,0.5341006493457325,0.0,True,False,False
e03_probabilistic,not_an_arm,untrained,unseen_vessel,untrained,persistence,heave,10,1.0,-3.1525520699111302,0.0,-3.1525520699111302,0.0,True,False,True
e03_probabilistic,not_an_arm,untrained,unseen_vessel,untrained,persistence,heave,20,2.0,-0.0161503157273668,0.0,-0.0161503157273668,0.0,True,False,True
e03_probabilistic,not_an_arm,untrained,unseen_vessel,untrained,persistence,heave,30,3.0,0.4218944772409532,0.0,0.4218944772409532,0.0,True,False,False
e03_probabilistic,not_an_arm,untrained,unseen_vessel,untrained,persistence,heave,50,5.0,0.7478524840794254,0.0,0.7478524840794254,0.0,True,False,False
e03_probabilistic,not_an_arm,untrained,unseen_vessel,untrained,persistence,heave,100,10.0,0.252854724566923,0.0,0.252854724566923,0.0,True,False,False
e03_probabilistic,not_an_arm,untrained,unseen_vessel,untrained,persistence,heave,150,15.0,0.4944168079148723,0.0,0.4944168079148723,0.0,True,False,False
e03_probabilistic,not_an_arm,untrained,unseen_vessel,untrained,persistence,roll_rate,10,1.0,-4.539892422924799,0.0,-4.539892422924799,0.0,True,False,True
e03_probabilistic,not_an_arm,untrained,unseen_vessel,untrained,persistence,roll_rate,20,2.0,-0.3378506025946299,0.0,-0.3378506025946299,0.0,True,False,True
e03_probabilistic,not_an_arm,untrained,unseen_vessel,untrained,persistence,roll_rate,30,3.0,0.1955841375491344,0.0,0.1955841375491344,0.0,True,False,False
e03_probabilistic,not_an_arm,untrained,unseen_vessel,untrained,persistence,roll_rate,50,5.0,0.6773724487343555,0.0,0.6773724487343555,0.0,True,False,False
e03_probabilistic,not_an_arm,untrained,unseen_vessel,untrained,persistence,roll_rate,100,10.0,0.6351475181193285,0.0,0.6351475181193285,0.0,True,False,False
e03_probabilistic,not_an_arm,untrained,unseen_vessel,untrained,persistence,roll_rate,150,15.0,-0.1829527297098065,0.0,-0.1829527297098065,0.0,True,False,True
e03_probabilistic,not_an_arm,untrained,unseen_vessel,untrained,persistence,pitch_rate,10,1.0,-1.0296759227171175,0.0,-1.0296759227171175,0.0,True,False,True
e03_probabilistic,not_an_arm,untrained,unseen_vessel,untrained,persistence,pitch_rate,20,2.0,0.3169589124884762,0.0,0.3169589124884762,0.0,True,False,False
e03_probabilistic,not_an_arm,untrained,unseen_vessel,untrained,persistence,pitch_rate,30,3.0,0.6005856144005023,0.0,0.6005856144005023,0.0,True,False,False
e03_probabilistic,not_an_arm,untrained,unseen_vessel,untrained,persistence,pitch_rate,50,5.0,0.7036434100974862,0.0,0.7036434100974862,0.0,True,False,False
e03_probabilistic,not_an_arm,untrained,unseen_vessel,untrained,persistence,pitch_rate,100,10.0,0.2076819333632346,0.0,0.2076819333632346,0.0,True,False,False
e03_probabilistic,not_an_arm,untrained,unseen_vessel,untrained,persistence,pitch_rate,150,15.0,0.5187901293002531,0.0,0.5187901293002531,0.0,True,False,False
e03_probabilistic,not_an_arm,untrained,unseen_vessel,untrained,persistence,heave_rate,10,1.0,-2.5118541053758507,0.0,-2.5118541053758507,0.0,True,False,True
e03_probabilistic,not_an_arm,untrained,unseen_vessel,untrained,persistence,heave_rate,20,2.0,0.090183444601092,0.0,0.090183444601092,0.0,True,False,False
e03_probabilistic,not_an_arm,untrained,unseen_vessel,untrained,persistence,heave_rate,30,3.0,0.4829987235755637,0.0,0.4829987235755637,0.0,True,False,False
e03_probabilistic,not_an_arm,untrained,unseen_vessel,untrained,persistence,heave_rate,50,5.0,0.7479744454603985,0.0,0.7479744454603985,0.0,True,False,False
e03_probabilistic,not_an_arm,untrained,unseen_vessel,untrained,persistence,heave_rate,100,10.0,0.0489310433901567,0.0,0.0489310433901567,0.0,True,False,False
e03_probabilistic,not_an_arm,untrained,unseen_vessel,untrained,persistence,heave_rate,150,15.0,0.5512761145890006,0.0,0.5512761145890006,0.0,True,False,False
e04a_obs_mode,imu,shuffle,id,shuffled,window_mean,roll_imu,10,1.0,-3.483473550449191,-3.477173562787496,-0.0014071350090285,0.02,True,True,True
e04a_obs_mode,imu,shuffle,id,shuffled,window_mean,roll_imu,20,2.0,-0.2643855767726966,-0.2628996773238181,-0.0011765775821774,0.02,True,True,True
e04a_obs_mode,imu,shuffle,id,shuffled,window_mean,roll_imu,30,3.0,0.3707406834499928,0.3701136093429417,0.0009955352526301,0.02,True,True,True
e04a_obs_mode,imu,shuffle,id,shuffled,window_mean,roll_imu,50,5.0,0.711093858559629,0.709845057022098,0.0043039126775316,0.02,True,True,True
e04a_obs_mode,imu,shuffle,id,shuffled,window_mean,roll_imu,100,10.0,0.1877440239569868,0.1846704759403497,0.0037697003799561,0.02,True,True,True
e04a_obs_mode,imu,shuffle,id,shuffled,window_mean,roll_imu,150,15.0,0.3887657962005337,0.388159454568711,0.0009910125053829,0.02,True,True,True
e04a_obs_mode,imu,shuffle,id,shuffled,window_mean,pitch_imu,10,1.0,-1.1211413910043566,-1.122456796373806,0.0006197560165638,0.02,True,True,True
e04a_obs_mode,imu,shuffle,id,shuffled,window_mean,pitch_imu,20,2.0,0.3388444670662839,0.3372619520833131,0.0023878438667365,0.02,True,True,True
e04a_obs_mode,imu,shuffle,id,shuffled,window_mean,pitch_imu,30,3.0,0.6109024721588763,0.6097555026369217,0.0029391049193641,0.02,True,True,True
e04a_obs_mode,imu,shuffle,id,shuffled,window_mean,pitch_imu,50,5.0,0.6904363974967971,0.6900921544037586,0.0011107917980462,0.02,True,True,True
e04a_obs_mode,imu,shuffle,id,shuffled,window_mean,pitch_imu,100,10.0,0.3661569866008315,0.3656381214950572,0.000817932355893,0.02,True,True,True
e04a_obs_mode,imu,shuffle,id,shuffled,window_mean,pitch_imu,150,15.0,0.5024520450549343,0.5024008300847815,0.0001029241470831,0.02,True,True,True
e04a_obs_mode,imu,shuffle,id,shuffled,window_mean,heave_imu,10,1.0,-2.2977157780220585,-2.3075812417468398,0.0029826822090606,0.02,True,True,True
e04a_obs_mode,imu,shuffle,id,shuffled,window_mean,heave_imu,20,2.0,0.0309679349296374,0.027600802416374,0.0034627059767537,0.02,True,True,True
e04a_obs_mode,imu,shuffle,id,shuffled,window_mean,heave_imu,30,3.0,0.4797319900580714,0.4788421663998081,0.0017073976459613,0.02,True,True,True
e04a_obs_mode,imu,shuffle,id,shuffled,window_mean,heave_imu,50,5.0,0.698890888954026,0.6993947600783856,-0.0016761887600198,0.02,True,True,True
e04a_obs_mode,imu,shuffle,id,shuffled,window_mean,heave_imu,100,10.0,0.2153236350044465,0.2153401411239512,-2.1036018751363628e-05,0.02,True,True,True
e04a_obs_mode,imu,shuffle,id,shuffled,window_mean,heave_imu,150,15.0,0.4959626690860123,0.4959722920711881,-1.9092174942780812e-05,0.02,True,True,True
e04a_obs_mode,imu,shuffle,id,shuffled,window_mean,roll_rate_imu,10,1.0,-3.1987552794871066,-3.212701033257781,0.0033104067107012,0.02,True,True,True
e04a_obs_mode,imu,shuffle,id,shuffled,window_mean,roll_rate_imu,20,2.0,-0.1874101431445214,-0.1914745490635714,0.003411240233578,0.02,True,True,True
e04a_obs_mode,imu,shuffle,id,shuffled,window_mean,roll_rate_imu,30,3.0,0.4023521846195239,0.4014964508595313,0.001429788948155,0.02,True,True,True
e04a_obs_mode,imu,shuffle,id,shuffled,window_mean,roll_rate_imu,50,5.0,0.7156210710174553,0.7163260527636297,-0.0024851832642458,0.02,True,True,True
e04a_obs_mode,imu,shuffle,id,shuffled,window_mean,roll_rate_imu,100,10.0,0.1021426285714341,0.103844068978511,-0.0018985986123392,0.02,True,True,True
e04a_obs_mode,imu,shuffle,id,shuffled,window_mean,roll_rate_imu,150,15.0,0.4359300904434394,0.4356945072688687,0.0004174745374717,0.02,True,True,True
e04a_obs_mode,imu,shuffle,id,shuffled,window_mean,pitch_rate_imu,10,1.0,-0.6427165044301251,-0.6485335080844565,0.0035285929135226,0.02,True,True,True
e04a_obs_mode,imu,shuffle,id,shuffled,window_mean,pitch_rate_imu,20,2.0,0.4639369326250675,0.4632207172817286,0.0013342827608993,0.02,True,True,True
e04a_obs_mode,imu,shuffle,id,shuffled,window_mean,pitch_rate_imu,30,3.0,0.6618560629316473,0.6615107269840316,0.0010202271538438,0.02,True,True,True
e04a_obs_mode,imu,shuffle,id,shuffled,window_mean,pitch_rate_imu,50,5.0,0.6572328959949613,0.6563173156906499,0.0026640280296672,0.02,True,True,True
e04a_obs_mode,imu,shuffle,id,shuffled,window_mean,pitch_rate_imu,100,10.0,0.4618053414585071,0.4610794272052481,0.0013469781817654,0.02,True,True,True
e04a_obs_mode,imu,shuffle,id,shuffled,window_mean,pitch_rate_imu,150,15.0,0.4958222768499191,0.4956721808316504,0.000297615980249,0.02,True,True,True
e04a_obs_mode,imu,shuffle,id,shuffled,window_mean,heave_rate_imu,10,1.0,-1.7559831455037638,-1.7627193429496515,0.0024382489169876,0.02,True,True,True
e04a_obs_mode,imu,shuffle,id,shuffled,window_mean,heave_rate_imu,20,2.0,0.1751652583069161,0.1752862646100624,-0.0001467252186471,0.02,True,True,True
e04a_obs_mode,imu,shuffle,id,shuffled,window_mean,heave_rate_imu,30,3.0,0.5452638832037184,0.5460050101123619,-0.0016324561397185,0.02,True,True,True
e04a_obs_mode,imu,shuffle,id,shuffled,window_mean,heave_rate_imu,50,5.0,0.7117582887237334,0.7106310316978829,0.0038955698410396,0.02,True,True,True
e04a_obs_mode,imu,shuffle,id,shuffled,window_mean,heave_rate_imu,100,10.0,0.1440782831645211,0.1414190007670049,0.0030972993810621,0.02,True,True,True
e04a_obs_mode,imu,shuffle,id,shuffled,window_mean,heave_rate_imu,150,15.0,0.5427163706998173,0.5425479608715331,0.0003681475081082,0.02,True,True,True
e04a_obs_mode,imu,untrained,id,untrained,persistence,roll_imu,10,1.0,-4.507227810533485,0.0,-4.507227810533485,0.0,True,False,True
e04a_obs_mode,imu,untrained,id,untrained,persistence,roll_imu,20,2.0,-0.2132444405208065,0.0,-0.2132444405208065,0.0,True,False,True
e04a_obs_mode,imu,untrained,id,untrained,persistence,roll_imu,30,3.0,0.3182565348110474,0.0,0.3182565348110474,0.0,True,False,False
e04a_obs_mode,imu,untrained,id,untrained,persistence,roll_imu,50,5.0,0.7388991872050823,0.0,0.7388991872050823,0.0,True,False,False
e04a_obs_mode,imu,untrained,id,untrained,persistence,roll_imu,100,10.0,0.0668060022773813,0.0,0.0668060022773813,0.0,True,False,False
e04a_obs_mode,imu,untrained,id,untrained,persistence,roll_imu,150,15.0,0.404268174478302,0.0,0.404268174478302,0.0,True,False,False
e04a_obs_mode,imu,untrained,id,untrained,persistence,pitch_imu,10,1.0,-1.057688162084888,0.0,-1.057688162084888,0.0,True,False,True
e04a_obs_mode,imu,untrained,id,untrained,persistence,pitch_imu,20,2.0,0.137997711506731,0.0,0.137997711506731,0.0,True,False,False
e04a_obs_mode,imu,untrained,id,untrained,persistence,pitch_imu,30,3.0,0.4407800301114594,0.0,0.4407800301114594,0.0,True,False,False
e04a_obs_mode,imu,untrained,id,untrained,persistence,pitch_imu,50,5.0,0.6843735972308145,0.0,0.6843735972308145,0.0,True,False,False
e04a_obs_mode,imu,untrained,id,untrained,persistence,pitch_imu,100,10.0,0.307551203034052,0.0,0.307551203034052,0.0,True,False,False
e04a_obs_mode,imu,untrained,id,untrained,persistence,pitch_imu,150,15.0,0.3188676262048832,0.0,0.3188676262048832,0.0,True,False,False
e04a_obs_mode,imu,untrained,id,untrained,persistence,heave_imu,10,1.0,-2.394631170983395,0.0,-2.394631170983395,0.0,True,False,True
e04a_obs_mode,imu,untrained,id,untrained,persistence,heave_imu,20,2.0,0.181797160845185,0.0,0.181797160845185,0.0,True,False,False
e04a_obs_mode,imu,untrained,id,untrained,persistence,heave_imu,30,3.0,0.5966220151981345,0.0,0.5966220151981345,0.0,True,False,False
e04a_obs_mode,imu,untrained,id,untrained,persistence,heave_imu,50,5.0,0.5342558420110239,0.0,0.5342558420110239,0.0,True,False,False
e04a_obs_mode,imu,untrained,id,untrained,persistence,heave_imu,100,10.0,0.0298396835444071,0.0,0.0298396835444071,0.0,True,False,False
e04a_obs_mode,imu,untrained,id,untrained,persistence,heave_imu,150,15.0,0.4813278421680769,0.0,0.4813278421680769,0.0,True,False,False
e04a_obs_mode,imu,untrained,id,untrained,persistence,roll_rate_imu,10,1.0,-2.326855440541397,0.0,-2.326855440541397,0.0,True,False,True
e04a_obs_mode,imu,untrained,id,untrained,persistence,roll_rate_imu,20,2.0,-0.1228827965899119,0.0,-0.1228827965899119,0.0,True,False,True
e04a_obs_mode,imu,untrained,id,untrained,persistence,roll_rate_imu,30,3.0,0.2221183496696179,0.0,0.2221183496696179,0.0,True,False,False
e04a_obs_mode,imu,untrained,id,untrained,persistence,roll_rate_imu,50,5.0,0.7088045866515758,0.0,0.7088045866515758,0.0,True,False,False
e04a_obs_mode,imu,untrained,id,untrained,persistence,roll_rate_imu,100,10.0,-0.0791789841972863,0.0,-0.0791789841972863,0.0,True,False,True
e04a_obs_mode,imu,untrained,id,untrained,persistence,roll_rate_imu,150,15.0,0.3448857569862704,0.0,0.3448857569862704,0.0,True,False,False
e04a_obs_mode,imu,untrained,id,untrained,persistence,pitch_rate_imu,10,1.0,-1.238933752363184,0.0,-1.238933752363184,0.0,True,False,True
e04a_obs_mode,imu,untrained,id,untrained,persistence,pitch_rate_imu,20,2.0,0.507663246161173,0.0,0.507663246161173,0.0,True,False,False
e04a_obs_mode,imu,untrained,id,untrained,persistence,pitch_rate_imu,30,3.0,0.3499134840333961,0.0,0.3499134840333961,0.0,True,False,False
e04a_obs_mode,imu,untrained,id,untrained,persistence,pitch_rate_imu,50,5.0,0.5980427854772568,0.0,0.5980427854772568,0.0,True,False,False
e04a_obs_mode,imu,untrained,id,untrained,persistence,pitch_rate_imu,100,10.0,0.420276510165491,0.0,0.420276510165491,0.0,True,False,False
e04a_obs_mode,imu,untrained,id,untrained,persistence,pitch_rate_imu,150,15.0,0.4584704772016157,0.0,0.4584704772016157,0.0,True,False,False
e04a_obs_mode,imu,untrained,id,untrained,persistence,heave_rate_imu,10,1.0,-1.1705513155840357,0.0,-1.1705513155840357,0.0,True,False,True
e04a_obs_mode,imu,untrained,id,untrained,persistence,heave_rate_imu,20,2.0,0.3363913324073833,0.0,0.3363913324073833,0.0,True,False,False
e04a_obs_mode,imu,untrained,id,untrained,persistence,heave_rate_imu,30,3.0,0.3420833733443498,0.0,0.3420833733443498,0.0,True,False,False
e04a_obs_mode,imu,untrained,id,untrained,persistence,heave_rate_imu,50,5.0,0.6225114780007452,0.0,0.6225114780007452,0.0,True,False,False
e04a_obs_mode,imu,untrained,id,untrained,persistence,heave_rate_imu,100,10.0,-0.2428473019027355,0.0,-0.2428473019027355,0.0,True,False,True
e04a_obs_mode,imu,untrained,id,untrained,persistence,heave_rate_imu,150,15.0,0.0896493824627753,0.0,0.0896493824627753,0.0,True,False,False
e04a_obs_mode,imu,shuffle,unseen_seastate,shuffled,window_mean,roll_imu,10,1.0,-3.662354731869617,-3.635860608014085,-0.0057150389314404,0.02,True,True,True
e04a_obs_mode,imu,shuffle,unseen_seastate,shuffled,window_mean,roll_imu,20,2.0,-0.3100798812843917,-0.3047645337067541,-0.0040737983293712,0.02,True,True,True
e04a_obs_mode,imu,shuffle,unseen_seastate,shuffled,window_mean,roll_imu,30,3.0,0.3521578991404804,0.3527236172874246,-0.000873997819252,0.02,True,True,True
e04a_obs_mode,imu,shuffle,unseen_seastate,shuffled,window_mean,roll_imu,50,5.0,0.707559826430284,0.7076533464551229,-0.0003198942888686,0.02,True,True,True
e04a_obs_mode,imu,shuffle,unseen_seastate,shuffled,window_mean,roll_imu,100,10.0,0.2245735437265004,0.2234227621029031,0.0014818637058091,0.02,True,True,True
e04a_obs_mode,imu,shuffle,unseen_seastate,shuffled,window_mean,roll_imu,150,15.0,0.3601799986222385,0.3598141599762219,0.0005714569475685,0.02,True,True,True
e04a_obs_mode,imu,shuffle,unseen_seastate,shuffled,window_mean,pitch_imu,10,1.0,-1.3989251845300066,-1.4097028676829026,0.0044726191338517,0.02,True,True,True
e04a_obs_mode,imu,shuffle,unseen_seastate,shuffled,window_mean,pitch_imu,20,2.0,0.2617905988406389,0.2591036894099643,0.0036265660825531,0.02,True,True,True
e04a_obs_mode,imu,shuffle,unseen_seastate,shuffled,window_mean,pitch_imu,30,3.0,0.5746545149643945,0.5744913462812614,0.0003834673671311,0.02,True,True,True
e04a_obs_mode,imu,shuffle,unseen_seastate,shuffled,window_mean,pitch_imu,50,5.0,0.6951315104453685,0.6952536946445143,-0.0004009374256506,0.02,True,True,True
e04a_obs_mode,imu,shuffle,unseen_seastate,shuffled,window_mean,pitch_imu,100,10.0,0.308972010964723,0.3081858054631968,0.001136440257709,0.02,True,True,True
e04a_obs_mode,imu,shuffle,unseen_seastate,shuffled,window_mean,pitch_imu,150,15.0,0.5111740229381898,0.5108892099974174,0.0005823076214919,0.02,True,True,True
e04a_obs_mode,imu,shuffle,unseen_seastate,shuffled,window_mean,heave_imu,10,1.0,-2.679323351851373,-2.6904715674609,0.0030208105944564,0.02,True,True,True
e04a_obs_mode,imu,shuffle,unseen_seastate,shuffled,window_mean,heave_imu,20,2.0,-0.0753000490317625,-0.0741214782147239,-0.0010972416443972,0.02,True,True,True
e04a_obs_mode,imu,shuffle,unseen_seastate,shuffled,window_mean,heave_imu,30,3.0,0.4330160786180905,0.4343393629689704,-0.0023393608539308,0.02,True,True,True
e04a_obs_mode,imu,shuffle,unseen_seastate,shuffled,window_mean,heave_imu,50,5.0,0.6946785551683896,0.6928298244302113,0.0060185880180226,0.02,True,True,True
e04a_obs_mode,imu,shuffle,unseen_seastate,shuffled,window_mean,heave_imu,100,10.0,0.2727326662143234,0.2706886022783787,0.0028027313741844,0.02,True,True,True
e04a_obs_mode,imu,shuffle,unseen_seastate,shuffled,window_mean,heave_imu,150,15.0,0.4605742747666722,0.4606359635612949,-0.0001143732070643,0.02,True,True,True
e04a_obs_mode,imu,shuffle,unseen_seastate,shuffled,window_mean,roll_rate_imu,10,1.0,-3.450270604295131,-3.449113929516302,-0.0002599786827564,0.02,True,True,True
e04a_obs_mode,imu,shuffle,unseen_seastate,shuffled,window_mean,roll_rate_imu,20,2.0,-0.2529320254027081,-0.2514769324641912,-0.001162700566643,0.02,True,True,True
e04a_obs_mode,imu,shuffle,unseen_seastate,shuffled,window_mean,roll_rate_imu,30,3.0,0.3750030378766851,0.3775324355012276,-0.0040635010863245,0.02,True,True,True
e04a_obs_mode,imu,shuffle,unseen_seastate,shuffled,window_mean,roll_rate_imu,50,5.0,0.7138147421283875,0.7143689635938032,-0.0019403404909668,0.02,True,True,True
e04a_obs_mode,imu,shuffle,unseen_seastate,shuffled,window_mean,roll_rate_imu,100,10.0,0.1466153064858865,0.1483484575212138,-0.0020350471394472,0.02,True,True,True
e04a_obs_mode,imu,shuffle,unseen_seastate,shuffled,window_mean,roll_rate_imu,150,15.0,0.4033216807525124,0.4050338318235115,-0.0028777284534458,0.02,True,True,True
e04a_obs_mode,imu,shuffle,unseen_seastate,shuffled,window_mean,pitch_rate_imu,10,1.0,-0.8249118573468297,-0.825213912971597,0.0001654905338056,0.02,True,True,True
e04a_obs_mode,imu,shuffle,unseen_seastate,shuffled,window_mean,pitch_rate_imu,20,2.0,0.4132732499951057,0.4133196619613177,-7.910946251787898e-05,0.02,True,True,True
e04a_obs_mode,imu,shuffle,unseen_seastate,shuffled,window_mean,pitch_rate_imu,30,3.0,0.6390256902524496,0.6385615095791666,0.0012842591079399,0.02,True,True,True
e04a_obs_mode,imu,shuffle,unseen_seastate,shuffled,window_mean,pitch_rate_imu,50,5.0,0.6737060118995758,0.6732249794019856,0.001472060185965,0.02,True,True,True
e04a_obs_mode,imu,shuffle,unseen_seastate,shuffled,window_mean,pitch_rate_imu,100,10.0,0.395437431522717,0.3973688978629618,-0.0032050558515739,0.02,True,True,True
e04a_obs_mode,imu,shuffle,unseen_seastate,shuffled,window_mean,pitch_rate_imu,150,15.0,0.5155912848655112,0.5157231800396587,-0.0002723549191518,0.02,True,True,True
e04a_obs_mode,imu,shuffle,unseen_seastate,shuffled,window_mean,heave_rate_imu,10,1.0,-2.151456485875326,-2.1452696299718017,-0.001967035145276,0.02,True,True,True
e04a_obs_mode,imu,shuffle,unseen_seastate,shuffled,window_mean,heave_rate_imu,20,2.0,0.0761614634479759,0.0747993959006466,0.0014721861845898,0.02,True,True,True
e04a_obs_mode,imu,shuffle,unseen_seastate,shuffled,window_mean,heave_rate_imu,30,3.0,0.505804346164707,0.5026257070646052,0.0063908391431777,0.02,True,True,True
e04a_obs_mode,imu,shuffle,unseen_seastate,shuffled,window_mean,heave_rate_imu,50,5.0,0.7092162371397703,0.7082673808951635,0.0032524859493543,0.02,True,True,True
e04a_obs_mode,imu,shuffle,unseen_seastate,shuffled,window_mean,heave_rate_imu,100,10.0,0.1304462766509929,0.1311709334590439,-0.0008340614235387,0.02,True,True,True
e04a_obs_mode,imu,shuffle,unseen_seastate,shuffled,window_mean,heave_rate_imu,150,15.0,0.5270765876433403,0.5270212749777701,0.0001169453564061,0.02,True,True,True
e04a_obs_mode,imu,untrained,unseen_seastate,untrained,persistence,roll_imu,10,1.0,-4.479831909841379,0.0,-4.479831909841379,0.0,True,False,True
e04a_obs_mode,imu,untrained,unseen_seastate,untrained,persistence,roll_imu,20,2.0,-0.2871724418711203,0.0,-0.2871724418711203,0.0,True,False,True
e04a_obs_mode,imu,untrained,unseen_seastate,untrained,persistence,roll_imu,30,3.0,0.3434363085256149,0.0,0.3434363085256149,0.0,True,False,False
e04a_obs_mode,imu,untrained,unseen_seastate,untrained,persistence,roll_imu,50,5.0,0.7640856154959377,0.0,0.7640856154959377,0.0,True,False,False
e04a_obs_mode,imu,untrained,unseen_seastate,untrained,persistence,roll_imu,100,10.0,0.2496979583925856,0.0,0.2496979583925856,0.0,True,False,False
e04a_obs_mode,imu,untrained,unseen_seastate,untrained,persistence,roll_imu,150,15.0,0.4216393324595386,0.0,0.4216393324595386,0.0,True,False,False
e04a_obs_mode,imu,untrained,unseen_seastate,untrained,persistence,pitch_imu,10,1.0,-1.5552642700063917,0.0,-1.5552642700063917,0.0,True,False,True
e04a_obs_mode,imu,untrained,unseen_seastate,untrained,persistence,pitch_imu,20,2.0,-0.0295818130698577,0.0,-0.0295818130698577,0.0,True,False,True
e04a_obs_mode,imu,untrained,unseen_seastate,untrained,persistence,pitch_imu,30,3.0,0.2859863799414732,0.0,0.2859863799414732,0.0,True,False,False
e04a_obs_mode,imu,untrained,unseen_seastate,untrained,persistence,pitch_imu,50,5.0,0.6634553713427762,0.0,0.6634553713427762,0.0,True,False,False
e04a_obs_mode,imu,untrained,unseen_seastate,untrained,persistence,pitch_imu,100,10.0,0.1895636532703151,0.0,0.1895636532703151,0.0,True,False,False
e04a_obs_mode,imu,untrained,unseen_seastate,untrained,persistence,pitch_imu,150,15.0,0.3127790291949434,0.0,0.3127790291949434,0.0,True,False,False
e04a_obs_mode,imu,untrained,unseen_seastate,untrained,persistence,heave_imu,10,1.0,-2.9720905885459787,0.0,-2.9720905885459787,0.0,True,False,True
e04a_obs_mode,imu,untrained,unseen_seastate,untrained,persistence,heave_imu,20,2.0,0.1634500447004067,0.0,0.1634500447004067,0.0,True,False,False
e04a_obs_mode,imu,untrained,unseen_seastate,untrained,persistence,heave_imu,30,3.0,0.5440308254912266,0.0,0.5440308254912266,0.0,True,False,False
e04a_obs_mode,imu,untrained,unseen_seastate,untrained,persistence,heave_imu,50,5.0,0.5654812762134411,0.0,0.5654812762134411,0.0,True,False,False
e04a_obs_mode,imu,untrained,unseen_seastate,untrained,persistence,heave_imu,100,10.0,0.1975714728087061,0.0,0.1975714728087061,0.0,True,False,False
e04a_obs_mode,imu,untrained,unseen_seastate,untrained,persistence,heave_imu,150,15.0,0.4798272763751922,0.0,0.4798272763751922,0.0,True,False,False
e04a_obs_mode,imu,untrained,unseen_seastate,untrained,persistence,roll_rate_imu,10,1.0,-2.450702559796754,0.0,-2.450702559796754,0.0,True,False,True
e04a_obs_mode,imu,untrained,unseen_seastate,untrained,persistence,roll_rate_imu,20,2.0,-0.147386649817389,0.0,-0.147386649817389,0.0,True,False,True
e04a_obs_mode,imu,untrained,unseen_seastate,untrained,persistence,roll_rate_imu,30,3.0,0.1908493360694911,0.0,0.1908493360694911,0.0,True,False,False
e04a_obs_mode,imu,untrained,unseen_seastate,untrained,persistence,roll_rate_imu,50,5.0,0.7447555327686082,0.0,0.7447555327686082,0.0,True,False,False
e04a_obs_mode,imu,untrained,unseen_seastate,untrained,persistence,roll_rate_imu,100,10.0,0.0028322509395406,0.0,0.0028322509395406,0.0,True,False,False
e04a_obs_mode,imu,untrained,unseen_seastate,untrained,persistence,roll_rate_imu,150,15.0,0.3453948570806094,0.0,0.3453948570806094,0.0,True,False,False
e04a_obs_mode,imu,untrained,unseen_seastate,untrained,persistence,pitch_rate_imu,10,1.0,-1.8102741867057464,0.0,-1.8102741867057464,0.0,True,False,True
e04a_obs_mode,imu,untrained,unseen_seastate,untrained,persistence,pitch_rate_imu,20,2.0,0.4633109328773097,0.0,0.4633109328773097,0.0,True,False,False
e04a_obs_mode,imu,untrained,unseen_seastate,untrained,persistence,pitch_rate_imu,30,3.0,0.0668032178851044,0.0,0.0668032178851044,0.0,True,False,False
e04a_obs_mode,imu,untrained,unseen_seastate,untrained,persistence,pitch_rate_imu,50,5.0,0.5809887751305853,0.0,0.5809887751305853,0.0,True,False,False
e04a_obs_mode,imu,untrained,unseen_seastate,untrained,persistence,pitch_rate_imu,100,10.0,0.2528314843874185,0.0,0.2528314843874185,0.0,True,False,False
e04a_obs_mode,imu,untrained,unseen_seastate,untrained,persistence,pitch_rate_imu,150,15.0,0.4616550712864838,0.0,0.4616550712864838,0.0,True,False,False
e04a_obs_mode,imu,untrained,unseen_seastate,untrained,persistence,heave_rate_imu,10,1.0,-1.424416034086227,0.0,-1.424416034086227,0.0,True,False,True
e04a_obs_mode,imu,untrained,unseen_seastate,untrained,persistence,heave_rate_imu,20,2.0,0.2591893070777823,0.0,0.2591893070777823,0.0,True,False,False
e04a_obs_mode,imu,untrained,unseen_seastate,untrained,persistence,heave_rate_imu,30,3.0,0.2998477369199249,0.0,0.2998477369199249,0.0,True,False,False
e04a_obs_mode,imu,untrained,unseen_seastate,untrained,persistence,heave_rate_imu,50,5.0,0.6202180584794469,0.0,0.6202180584794469,0.0,True,False,False
e04a_obs_mode,imu,untrained,unseen_seastate,untrained,persistence,heave_rate_imu,100,10.0,-0.209785651765636,0.0,-0.209785651765636,0.0,True,False,True
e04a_obs_mode,imu,untrained,unseen_seastate,untrained,persistence,heave_rate_imu,150,15.0,0.0780017492193136,0.0,0.0780017492193136,0.0,True,False,False
e04a_obs_mode_ood,imu,shuffle,unseen_heading,shuffled,window_mean,roll_imu,10,1.0,-3.4046441464744515,-3.3909687090519265,-0.0031144465671852,0.02,True,True,True
e04a_obs_mode_ood,imu,shuffle,unseen_heading,shuffled,window_mean,roll_imu,20,2.0,-0.2393769530459766,-0.2362162271216075,-0.0025567743369041,0.02,True,True,True
e04a_obs_mode_ood,imu,shuffle,unseen_heading,shuffled,window_mean,roll_imu,30,3.0,0.3835231084790944,0.3841776653699855,-0.0010628989143182,0.02,True,True,True
e04a_obs_mode_ood,imu,shuffle,unseen_heading,shuffled,window_mean,roll_imu,50,5.0,0.7155760716310118,0.715969229914818,-0.0013842101814827,0.02,True,True,True
e04a_obs_mode_ood,imu,shuffle,unseen_heading,shuffled,window_mean,roll_imu,100,10.0,0.1171564326565607,0.1169168685620439,0.0002712814750822,0.02,True,True,True
e04a_obs_mode_ood,imu,shuffle,unseen_heading,shuffled,window_mean,roll_imu,150,15.0,0.4158621199473009,0.4158265973753157,6.08082665620735e-05,0.02,True,True,True
e04a_obs_mode_ood,imu,shuffle,unseen_heading,shuffled,window_mean,pitch_imu,10,1.0,-1.2763719760387162,-1.0445120303522757,-0.113406007029702,0.02,True,True,True
e04a_obs_mode_ood,imu,shuffle,unseen_heading,shuffled,window_mean,pitch_imu,20,2.0,0.19694431712681,0.3001700134646032,-0.1475011050166998,0.02,True,True,True
e04a_obs_mode_ood,imu,shuffle,unseen_heading,shuffled,window_mean,pitch_imu,30,3.0,0.52539905275348,0.5954007191260076,-0.173014806702854,0.02,True,True,True
e04a_obs_mode_ood,imu,shuffle,unseen_heading,shuffled,window_mean,pitch_imu,50,5.0,0.6695587127306873,0.7075677684594363,-0.1299756033338501,0.02,True,True,True
e04a_obs_mode_ood,imu,shuffle,unseen_heading,shuffled,window_mean,pitch_imu,100,10.0,0.1856798900948302,0.2399734473286595,-0.0714363952719787,0.02,True,True,True
e04a_obs_mode_ood,imu,shuffle,unseen_heading,shuffled,window_mean,pitch_imu,150,15.0,0.5158422787810437,0.5320524524052312,-0.0346410056159225,0.02,True,True,True
e04a_obs_mode_ood,imu,shuffle,unseen_heading,shuffled,window_mean,heave_imu,10,1.0,-2.592291492708532,-2.568583181372056,-0.0066436202076591,0.02,True,True,True
e04a_obs_mode_ood,imu,shuffle,unseen_heading,shuffled,window_mean,heave_imu,20,2.0,-0.0480596373377482,-0.0373140868396368,-0.0103590133735189,0.02,True,True,True
e04a_obs_mode_ood,imu,shuffle,unseen_heading,shuffled,window_mean,heave_imu,30,3.0,0.4487627244583507,0.4547134195719611,-0.0109129682027735,0.02,True,True,True
e04a_obs_mode_ood,imu,shuffle,unseen_heading,shuffled,window_mean,heave_imu,50,5.0,0.7032373507308997,0.7041420913649692,-0.0030580241651934,0.02,True,True,True
e04a_obs_mode_ood,imu,shuffle,unseen_heading,shuffled,window_mean,heave_imu,100,10.0,0.1442406280509376,0.1464104809646469,-0.0025420332200909,0.02,True,True,True
e04a_obs_mode_ood,imu,shuffle,unseen_heading,shuffled,window_mean,heave_imu,150,15.0,0.4844048179179782,0.4861602580009974,-0.0034163182399826,0.02,True,True,True
e04a_obs_mode_ood,imu,shuffle,unseen_heading,shuffled,window_mean,roll_rate_imu,10,1.0,-3.127485840307382,-3.122613085571693,-0.0011819578103855,0.02,True,True,True
e04a_obs_mode_ood,imu,shuffle,unseen_heading,shuffled,window_mean,roll_rate_imu,20,2.0,-0.1657585578491944,-0.1639416122488193,-0.0015610281316986,0.02,True,True,True
e04a_obs_mode_ood,imu,shuffle,unseen_heading,shuffled,window_mean,roll_rate_imu,30,3.0,0.4133635188990012,0.4152750722040957,-0.0032691496705981,0.02,True,True,True
e04a_obs_mode_ood,imu,shuffle,unseen_heading,shuffled,window_mean,roll_rate_imu,50,5.0,0.7201986483616144,0.7209743629223209,-0.0027800834677083,0.02,True,True,True
e04a_obs_mode_ood,imu,shuffle,unseen_heading,shuffled,window_mean,roll_rate_imu,100,10.0,0.0395507111355569,0.0422665599238311,-0.0028357042519662,0.02,True,True,True
e04a_obs_mode_ood,imu,shuffle,unseen_heading,shuffled,window_mean,roll_rate_imu,150,15.0,0.4561191380220917,0.4578382401485269,-0.0031708288074507,0.02,True,True,True
e04a_obs_mode_ood,imu,shuffle,unseen_heading,shuffled,window_mean,pitch_rate_imu,10,1.0,-0.967843255764424,-0.6197758393064923,-0.2148861638823782,0.02,True,True,True
e04a_obs_mode_ood,imu,shuffle,unseen_heading,shuffled,window_mean,pitch_rate_imu,20,2.0,0.2960838492958721,0.393541644930659,-0.160699897726108,0.02,True,True,True
e04a_obs_mode_ood,imu,shuffle,unseen_heading,shuffled,window_mean,pitch_rate_imu,30,3.0,0.585097208576707,0.6326445534962037,-0.1294314413247861,0.02,True,True,True
e04a_obs_mode_ood,imu,shuffle,unseen_heading,shuffled,window_mean,pitch_rate_imu,50,5.0,0.6592656629896263,0.6930760445735087,-0.1101588226859013,0.02,True,True,True
e04a_obs_mode_ood,imu,shuffle,unseen_heading,shuffled,window_mean,pitch_rate_imu,100,10.0,0.38079716726518,0.3792762858443795,0.0024501745077829,0.02,True,True,True
e04a_obs_mode_ood,imu,shuffle,unseen_heading,shuffled,window_mean,pitch_rate_imu,150,15.0,0.5039133814172724,0.5135687576332775,-0.0198494162690434,0.02,True,True,True
e04a_obs_mode_ood,imu,shuffle,unseen_heading,shuffled,window_mean,heave_rate_imu,10,1.0,-2.1543797204216903,-2.112402573765817,-0.0134870556301731,0.02,True,True,True
e04a_obs_mode_ood,imu,shuffle,unseen_heading,shuffled,window_mean,heave_rate_imu,20,2.0,0.077490497793905,0.0869556809206748,-0.0103666195922604,0.02,True,True,True
e04a_obs_mode_ood,imu,shuffle,unseen_heading,shuffled,window_mean,heave_rate_imu,30,3.0,0.5083571768609135,0.5113895064626708,-0.0062060263581416,0.02,True,True,True
e04a_obs_mode_ood,imu,shuffle,unseen_heading,shuffled,window_mean,heave_rate_imu,50,5.0,0.7139148711149663,0.7156132810717701,-0.0059721845070845,0.02,True,True,True
e04a_obs_mode_ood,imu,shuffle,unseen_heading,shuffled,window_mean,heave_rate_imu,100,10.0,0.0136732250952188,0.013405284761908,0.000271580953326,0.02,True,True,True
e04a_obs_mode_ood,imu,shuffle,unseen_heading,shuffled,window_mean,heave_rate_imu,150,15.0,0.54179743754831,0.5408722537189374,0.0020150902158855,0.02,True,True,True
e04a_obs_mode_ood,imu,shuffle,unseen_vessel,shuffled,window_mean,roll_imu,10,1.0,-4.30508013736665,-4.307449137313417,0.0004463537728721,0.02,True,True,True
e04a_obs_mode_ood,imu,shuffle,unseen_vessel,shuffled,window_mean,roll_imu,20,2.0,-0.5862149324340575,-0.5875854137300733,0.0008632488584005,0.02,True,True,True
e04a_obs_mode_ood,imu,shuffle,unseen_vessel,shuffled,window_mean,roll_imu,30,3.0,0.1643741077900783,0.1634716225626976,0.0010788459205,0.02,True,True,True
e04a_obs_mode_ood,imu,shuffle,unseen_vessel,shuffled,window_mean,roll_imu,50,5.0,0.5884796729349812,0.5882970649558532,0.0004435430588036,0.02,True,True,True
e04a_obs_mode_ood,imu,shuffle,unseen_vessel,shuffled,window_mean,roll_imu,100,10.0,0.6664035609879204,0.6650167016605285,0.0041400849960778,0.02,True,True,True
e04a_obs_mode_ood,imu,shuffle,unseen_vessel,shuffled,window_mean,roll_imu,150,15.0,-0.7980185739607699,-0.8060402177975508,0.0044415643448755,0.02,True,True,True
e04a_obs_mode_ood,imu,shuffle,unseen_vessel,shuffled,window_mean,pitch_imu,10,1.0,-1.6037819146735175,-1.6023541612663497,-0.0005486391623472,0.02,True,True,True
e04a_obs_mode_ood,imu,shuffle,unseen_vessel,shuffled,window_mean,pitch_imu,20,2.0,0.2150450552187902,0.2170026411385871,-0.0025001181646939,0.02,True,True,True
e04a_obs_mode_ood,imu,shuffle,unseen_vessel,shuffled,window_mean,pitch_imu,30,3.0,0.5621318405030187,0.563972541350271,-0.0042215250685186,0.02,True,True,True
e04a_obs_mode_ood,imu,shuffle,unseen_vessel,shuffled,window_mean,pitch_imu,50,5.0,0.7103878992008277,0.7099092208750395,0.0016500983837959,0.02,True,True,True
e04a_obs_mode_ood,imu,shuffle,unseen_vessel,shuffled,window_mean,pitch_imu,100,10.0,0.1743536013357806,0.1725285157802837,0.0022056174627188,0.02,True,True,True
e04a_obs_mode_ood,imu,shuffle,unseen_vessel,shuffled,window_mean,pitch_imu,150,15.0,0.5443665738619798,0.5440030177219135,0.0007972775132196,0.02,True,True,True
e04a_obs_mode_ood,imu,shuffle,unseen_vessel,shuffled,window_mean,heave_imu,10,1.0,-2.713082663681819,-2.697246478397327,-0.0042832376410448,0.02,True,True,True
e04a_obs_mode_ood,imu,shuffle,unseen_vessel,shuffled,window_mean,heave_imu,20,2.0,-0.076356673717562,-0.0715838854973975,-0.0044539566941594,0.02,True,True,True
e04a_obs_mode_ood,imu,shuffle,unseen_vessel,shuffled,window_mean,heave_imu,30,3.0,0.4360705000788247,0.4378407337768062,-0.0031489896268623,0.02,True,True,True
e04a_obs_mode_ood,imu,shuffle,unseen_vessel,shuffled,window_mean,heave_imu,50,5.0,0.6956504465514048,0.6960549261595332,-0.0013307654669891,0.02,True,True,True
e04a_obs_mode_ood,imu,shuffle,unseen_vessel,shuffled,window_mean,heave_imu,100,10.0,0.2241081072966918,0.2229119733763063,0.0015392515125763,0.02,True,True,True
e04a_obs_mode_ood,imu,shuffle,unseen_vessel,shuffled,window_mean,heave_imu,150,15.0,0.4857491411638776,0.4849622176374202,0.0015278947553082,0.02,True,True,True
e04a_obs_mode_ood,imu,shuffle,unseen_vessel,shuffled,window_mean,roll_rate_imu,10,1.0,-3.9611829426980494,-3.967096379628539,0.0011905218821084,0.02,True,True,True
e04a_obs_mode_ood,imu,shuffle,unseen_vessel,shuffled,window_mean,roll_rate_imu,20,2.0,-0.4887369979870717,-0.4886312531871595,-7.103491861126798e-05,0.02,True,True,True
e04a_obs_mode_ood,imu,shuffle,unseen_vessel,shuffled,window_mean,roll_rate_imu,30,3.0,0.2115628844140523,0.2121640096077262,-0.0007630080384808,0.02,True,True,True
e04a_obs_mode_ood,imu,shuffle,unseen_vessel,shuffled,window_mean,roll_rate_imu,50,5.0,0.6057238061981585,0.6053873888213723,0.0008525256599917,0.02,True,True,True
e04a_obs_mode_ood,imu,shuffle,unseen_vessel,shuffled,window_mean,roll_rate_imu,100,10.0,0.6343326579905676,0.6324751220400737,0.0050541774499859,0.02,True,True,True
e04a_obs_mode_ood,imu,shuffle,unseen_vessel,shuffled,window_mean,roll_rate_imu,150,15.0,-0.3764190418821775,-0.3838001569923481,0.005333945854012,0.02,True,True,True
e04a_obs_mode_ood,imu,shuffle,unseen_vessel,shuffled,window_mean,pitch_rate_imu,10,1.0,-1.15556722855553,-1.1480098163658368,-0.0035183322404361,0.02,True,True,True
e04a_obs_mode_ood,imu,shuffle,unseen_vessel,shuffled,window_mean,pitch_rate_imu,20,2.0,0.3367981577602994,0.3375185613570773,-0.0010874321222549,0.02,True,True,True
e04a_obs_mode_ood,imu,shuffle,unseen_vessel,shuffled,window_mean,pitch_rate_imu,30,3.0,0.6177609113633552,0.6170690745878451,0.0018066881768963,0.02,True,True,True
e04a_obs_mode_ood,imu,shuffle,unseen_vessel,shuffled,window_mean,pitch_rate_imu,50,5.0,0.7054827909752269,0.7060580132181016,-0.0019569243889661,0.02,True,True,True
e04a_obs_mode_ood,imu,shuffle,unseen_vessel,shuffled,window_mean,pitch_rate_imu,100,10.0,0.2659458839184687,0.266421589383536,-0.0006484725534214,0.02,True,True,True
e04a_obs_mode_ood,imu,shuffle,unseen_vessel,shuffled,window_mean,pitch_rate_imu,150,15.0,0.5441041567750085,0.5442133386866896,-0.0002395460880022,0.02,True,True,True
e04a_obs_mode_ood,imu,shuffle,unseen_vessel,shuffled,window_mean,heave_rate_imu,10,1.0,-2.2350014584436746,-2.22544234870748,-0.0029636585319918,0.02,True,True,True
e04a_obs_mode_ood,imu,shuffle,unseen_vessel,shuffled,window_mean,heave_rate_imu,20,2.0,0.0585423006032252,0.0601201369194887,-0.0016787638274236,0.02,True,True,True
e04a_obs_mode_ood,imu,shuffle,unseen_vessel,shuffled,window_mean,heave_rate_imu,30,3.0,0.4992732086415842,0.4999080727288901,-0.0012694947722318,0.02,True,True,True
e04a_obs_mode_ood,imu,shuffle,unseen_vessel,shuffled,window_mean,heave_rate_imu,50,5.0,0.7105285631153504,0.7119485419453688,-0.0049296012580819,0.02,True,True,True
e04a_obs_mode_ood,imu,shuffle,unseen_vessel,shuffled,window_mean,heave_rate_imu,100,10.0,0.0406398665534545,0.041394525422393,-0.0007872465669687,0.02,True,True,True
e04a_obs_mode_ood,imu,shuffle,unseen_vessel,shuffled,window_mean,heave_rate_imu,150,15.0,0.5500629402146219,0.5500499532775995,2.8863064060025145e-05,0.02,True,True,True
e04b_channels,attitude_only,shuffle,id,shuffled,window_mean,roll,10,1.0,-3.484030497601765,-3.4779985814083254,-0.0013470116356184,0.02,True,True,True
e04b_channels,attitude_only,shuffle,id,shuffled,window_mean,roll,20,2.0,-0.2644281581287082,-0.2629363724068709,-0.0011812041797436,0.02,True,True,True
e04b_channels,attitude_only,shuffle,id,shuffled,window_mean,roll,30,3.0,0.3706800571463646,0.3701142215586412,0.0008983145946294,0.02,True,True,True
e04b_channels,attitude_only,shuffle,id,shuffled,window_mean,roll,50,5.0,0.7110719003639836,0.7098497805055688,0.0042120245869339,0.02,True,True,True
e04b_channels,attitude_only,shuffle,id,shuffled,window_mean,roll,100,10.0,0.1876346643305804,0.1846481223847302,0.0036628871875357,0.02,True,True,True
e04b_channels,attitude_only,shuffle,id,shuffled,window_mean,roll,150,15.0,0.3887471050392473,0.3881613535715862,0.0009573626495816,0.02,True,True,True
e04b_channels,attitude_only,shuffle,id,shuffled,window_mean,pitch,10,1.0,-1.1224723565142742,-1.1240807878543508,0.0007572364239974,0.02,True,True,True
e04b_channels,attitude_only,shuffle,id,shuffled,window_mean,pitch,20,2.0,0.3389264372970707,0.3372148016015029,0.0025824893188677,0.02,True,True,True
e04b_channels,attitude_only,shuffle,id,shuffled,window_mean,pitch,30,3.0,0.6109120365193923,0.6097808731771663,0.0028987901014383,0.02,True,True,True
e04b_channels,attitude_only,shuffle,id,shuffled,window_mean,pitch,50,5.0,0.6903990875140122,0.690130713374352,0.0008660882224978,0.02,True,True,True
e04b_channels,attitude_only,shuffle,id,shuffled,window_mean,pitch,100,10.0,0.366100609861909,0.3656282835586719,0.0007445576323716,0.02,True,True,True
e04b_channels,attitude_only,shuffle,id,shuffled,window_mean,pitch,150,15.0,0.5022950850000145,0.5023978991733826,-0.0002066192509986,0.02,True,True,True
e04b_channels,attitude_only,shuffle,id,shuffled,window_mean,heave,10,1.0,-2.338403549339626,-2.33522351662287,-0.000953469145593,0.02,True,True,True
e04b_channels,attitude_only,shuffle,id,shuffled,window_mean,heave,20,2.0,0.0203479344937469,0.0193220978401484,0.0010460485051606,0.02,True,True,True
e04b_channels,attitude_only,shuffle,id,shuffled,window_mean,heave,30,3.0,0.476600046595156,0.4746404006192308,0.0037301040625029,0.02,True,True,True
e04b_channels,attitude_only,shuffle,id,shuffled,window_mean,heave,50,5.0,0.6981632193258024,0.6978686931954982,0.0009748282408046,0.02,True,True,True
e04b_channels,attitude_only,shuffle,id,shuffled,window_mean,heave,100,10.0,0.2308232399814593,0.2303164136874663,0.000658486556042,0.02,True,True,True
e04b_channels,attitude_only,shuffle,id,shuffled,window_mean,heave,150,15.0,0.4913149126019612,0.4906893436825678,0.0012282659151815,0.02,True,True,True
e04b_channels,attitude_only,untrained,id,untrained,persistence,roll,10,1.0,-3.999500590155625,0.0,-3.999500590155625,0.0,True,False,True
e04b_channels,attitude_only,untrained,id,untrained,persistence,roll,20,2.0,-0.4222361365911229,0.0,-0.4222361365911229,0.0,True,False,True
e04b_channels,attitude_only,untrained,id,untrained,persistence,roll,30,3.0,0.4455543317736901,0.0,0.4455543317736901,0.0,True,False,False
e04b_channels,attitude_only,untrained,id,untrained,persistence,roll,50,5.0,0.6854142141678645,0.0,0.6854142141678645,0.0,True,False,False
e04b_channels,attitude_only,untrained,id,untrained,persistence,roll,100,10.0,-0.0785297779541027,0.0,-0.0785297779541027,0.0,True,False,True
e04b_channels,attitude_only,untrained,id,untrained,persistence,roll,150,15.0,0.1406641629897056,0.0,0.1406641629897056,0.0,True,False,False
e04b_channels,attitude_only,untrained,id,untrained,persistence,pitch,10,1.0,-1.474883465051832,0.0,-1.474883465051832,0.0,True,False,True
e04b_channels,attitude_only,untrained,id,untrained,persistence,pitch,20,2.0,0.1331274041681273,0.0,0.1331274041681273,0.0,True,False,False
e04b_channels,attitude_only,untrained,id,untrained,persistence,pitch,30,3.0,0.5413811844627152,0.0,0.5413811844627152,0.0,True,False,False
e04b_channels,attitude_only,untrained,id,untrained,persistence,pitch,50,5.0,0.6562464671220238,0.0,0.6562464671220238,0.0,True,False,False
e04b_channels,attitude_only,untrained,id,untrained,persistence,pitch,100,10.0,0.0222896483013146,0.0,0.0222896483013146,0.0,True,False,False
e04b_channels,attitude_only,untrained,id,untrained,persistence,pitch,150,15.0,0.4475454744337439,0.0,0.4475454744337439,0.0,True,False,False
e04b_channels,attitude_only,untrained,id,untrained,persistence,heave,10,1.0,-2.2010420537863618,0.0,-2.2010420537863618,0.0,True,False,True
e04b_channels,attitude_only,untrained,id,untrained,persistence,heave,20,2.0,-0.300142776328403,0.0,-0.300142776328403,0.0,True,False,True
e04b_channels,attitude_only,untrained,id,untrained,persistence,heave,30,3.0,0.476148462403911,0.0,0.476148462403911,0.0,True,False,False
e04b_channels,attitude_only,untrained,id,untrained,persistence,heave,50,5.0,0.5596359720485933,0.0,0.5596359720485933,0.0,True,False,False
e04b_channels,attitude_only,untrained,id,untrained,persistence,heave,100,10.0,0.080362394732849,0.0,0.080362394732849,0.0,True,False,False
e04b_channels,attitude_only,untrained,id,untrained,persistence,heave,150,15.0,0.1653996447875272,0.0,0.1653996447875272,0.0,True,False,False
e04b_channels,attitude_only,shuffle,unseen_seastate,shuffled,window_mean,roll,10,1.0,-3.659105660659448,-3.63615857215768,-0.0049495909478973,0.02,True,True,True
e04b_channels,attitude_only,shuffle,unseen_seastate,shuffled,window_mean,roll,20,2.0,-0.3089671329410894,-0.304777021787743,-0.0032113618521618,0.02,True,True,True
e04b_channels,attitude_only,shuffle,unseen_seastate,shuffled,window_mean,roll,30,3.0,0.3527587552351586,0.3527240953526349,5.354730845819056e-05,0.02,True,True,True
e04b_channels,attitude_only,shuffle,unseen_seastate,shuffled,window_mean,roll,50,5.0,0.7078429811272648,0.7076553205777212,0.0006419153921819,0.02,True,True,True
e04b_channels,attitude_only,shuffle,unseen_seastate,shuffled,window_mean,roll,100,10.0,0.2251810585376878,0.2234118694669118,0.0022781562081841,0.02,True,True,True
e04b_channels,attitude_only,shuffle,unseen_seastate,shuffled,window_mean,roll,150,15.0,0.360864605399855,0.3598155413360776,0.0016386903018026,0.02,True,True,True
e04b_channels,attitude_only,shuffle,unseen_seastate,shuffled,window_mean,pitch,10,1.0,-1.3994508159891743,-1.4106808001695277,0.0046584285151164,0.02,True,True,True
e04b_channels,attitude_only,shuffle,unseen_seastate,shuffled,window_mean,pitch,20,2.0,0.2621932111033137,0.2590736834967171,0.0042103074720288,0.02,True,True,True
e04b_channels,attitude_only,shuffle,unseen_seastate,shuffled,window_mean,pitch,30,3.0,0.5754404618288078,0.5745014612642354,0.0022068244167473,0.02,True,True,True
e04b_channels,attitude_only,shuffle,unseen_seastate,shuffled,window_mean,pitch,50,5.0,0.6963080566434667,0.6952712209283369,0.0034024870190746,0.02,True,True,True
e04b_channels,attitude_only,shuffle,unseen_seastate,shuffled,window_mean,pitch,100,10.0,0.3096990104655284,0.308150815659111,0.0022377634337926,0.02,True,True,True
e04b_channels,attitude_only,shuffle,unseen_seastate,shuffled,window_mean,pitch,150,15.0,0.5108777019489656,0.510898012148296,-4.1525489232974166e-05,0.02,True,True,True
e04b_channels,attitude_only,shuffle,unseen_seastate,shuffled,window_mean,heave,10,1.0,-2.698080861733559,-2.720246036516437,0.0059579862636269,0.02,True,True,True
e04b_channels,attitude_only,shuffle,unseen_seastate,shuffled,window_mean,heave,20,2.0,-0.0757358437035349,-0.0830184125925275,0.0067243260172831,0.02,True,True,True
e04b_channels,attitude_only,shuffle,unseen_seastate,shuffled,window_mean,heave,30,3.0,0.431787800212807,0.4297969449014116,0.0034914848203526,0.02,True,True,True
e04b_channels,attitude_only,shuffle,unseen_seastate,shuffled,window_mean,heave,50,5.0,0.6909141925509392,0.6909915525766708,-0.0002503492262966,0.02,True,True,True
e04b_channels,attitude_only,shuffle,unseen_seastate,shuffled,window_mean,heave,100,10.0,0.2856916509034405,0.2867089129907052,-0.0014261528088481,0.02,True,True,True
e04b_channels,attitude_only,shuffle,unseen_seastate,shuffled,window_mean,heave,150,15.0,0.4529908200551066,0.4541478933096211,-0.0021197559564807,0.02,True,True,True
e04b_channels,attitude_only,untrained,unseen_seastate,untrained,persistence,roll,10,1.0,-3.8287650156447857,0.0,-3.8287650156447857,0.0,True,False,True
e04b_channels,attitude_only,untrained,unseen_seastate,untrained,persistence,roll,20,2.0,-0.3972384275988632,0.0,-0.3972384275988632,0.0,True,False,True
e04b_channels,attitude_only,untrained,unseen_seastate,untrained,persistence,roll,30,3.0,0.4400402678145206,0.0,0.4400402678145206,0.0,True,False,False
e04b_channels,attitude_only,untrained,unseen_seastate,untrained,persistence,roll,50,5.0,0.6939985438776773,0.0,0.6939985438776773,0.0,True,False,False
e04b_channels,attitude_only,untrained,unseen_seastate,untrained,persistence,roll,100,10.0,-0.0221116539641459,0.0,-0.0221116539641459,0.0,True,False,True
e04b_channels,attitude_only,untrained,unseen_seastate,untrained,persistence,roll,150,15.0,0.2583556800361174,0.0,0.2583556800361174,0.0,True,False,False
e04b_channels,attitude_only,untrained,unseen_seastate,untrained,persistence,pitch,10,1.0,-2.0886030404626084,0.0,-2.0886030404626084,0.0,True,False,True
e04b_channels,attitude_only,untrained,unseen_seastate,untrained,persistence,pitch,20,2.0,0.131439093783801,0.0,0.131439093783801,0.0,True,False,False
e04b_channels,attitude_only,untrained,unseen_seastate,untrained,persistence,pitch,30,3.0,0.4648312727089003,0.0,0.4648312727089003,0.0,True,False,False
e04b_channels,attitude_only,untrained,unseen_seastate,untrained,persistence,pitch,50,5.0,0.6543041208804015,0.0,0.6543041208804015,0.0,True,False,False
e04b_channels,attitude_only,untrained,unseen_seastate,untrained,persistence,pitch,100,10.0,-0.0966085302502679,0.0,-0.0966085302502679,0.0,True,False,True
e04b_channels,attitude_only,untrained,unseen_seastate,untrained,persistence,pitch,150,15.0,0.4181468926364191,0.0,0.4181468926364191,0.0,True,False,False
e04b_channels,attitude_only,untrained,unseen_seastate,untrained,persistence,heave,10,1.0,-2.948594168385842,0.0,-2.948594168385842,0.0,True,False,True
e04b_channels,attitude_only,untrained,unseen_seastate,untrained,persistence,heave,20,2.0,-0.2030797896733542,0.0,-0.2030797896733542,0.0,True,False,True
e04b_channels,attitude_only,untrained,unseen_seastate,untrained,persistence,heave,30,3.0,0.4268206146678506,0.0,0.4268206146678506,0.0,True,False,False
e04b_channels,attitude_only,untrained,unseen_seastate,untrained,persistence,heave,50,5.0,0.6003688944481153,0.0,0.6003688944481153,0.0,True,False,False
e04b_channels,attitude_only,untrained,unseen_seastate,untrained,persistence,heave,100,10.0,0.1631151496089189,0.0,0.1631151496089189,0.0,True,False,False
e04b_channels,attitude_only,untrained,unseen_seastate,untrained,persistence,heave,150,15.0,0.2590404303178005,0.0,0.2590404303178005,0.0,True,False,False
e04b_channels_ood,attitude_only,shuffle,unseen_heading,shuffled,window_mean,roll,10,1.0,-3.400015180257705,-3.3914080297037987,-0.001959997908572,0.02,True,True,True
e04b_channels_ood,attitude_only,shuffle,unseen_heading,shuffled,window_mean,roll,20,2.0,-0.2370908526928543,-0.236239641064424,-0.0006885490483845,0.02,True,True,True
e04b_channels_ood,attitude_only,shuffle,unseen_heading,shuffled,window_mean,roll,30,3.0,0.3843972032930959,0.3841767306616883,0.0003580128299544,0.02,True,True,True
e04b_channels_ood,attitude_only,shuffle,unseen_heading,shuffled,window_mean,roll,50,5.0,0.7152954703570852,0.715972521215032,-0.0023837512512632,0.02,True,True,True
e04b_channels_ood,attitude_only,shuffle,unseen_heading,shuffled,window_mean,roll,100,10.0,0.1169208680217095,0.1168940779134524,3.033623440529265e-05,0.02,True,True,True
e04b_channels_ood,attitude_only,shuffle,unseen_heading,shuffled,window_mean,roll,150,15.0,0.4168435897688038,0.4158288541685238,0.0017370519025478,0.02,True,True,True
e04b_channels_ood,attitude_only,shuffle,unseen_heading,shuffled,window_mean,pitch,10,1.0,-1.5493946702700216,-1.3382493183345203,-0.0903006151995353,0.02,True,True,True
e04b_channels_ood,attitude_only,shuffle,unseen_heading,shuffled,window_mean,pitch,20,2.0,0.1862563341198805,0.2908894046908976,-0.1475553619748233,0.02,True,True,True
e04b_channels_ood,attitude_only,shuffle,unseen_heading,shuffled,window_mean,pitch,30,3.0,0.5343838272744693,0.5997991964814176,-0.1634563664835591,0.02,True,True,True
e04b_channels_ood,attitude_only,shuffle,unseen_heading,shuffled,window_mean,pitch,50,5.0,0.6771615340469463,0.7144225746413116,-0.130476141619265,0.02,True,True,True
e04b_channels_ood,attitude_only,shuffle,unseen_heading,shuffled,window_mean,pitch,100,10.0,0.1548080902044559,0.2246151920429719,-0.0900289780276231,0.02,True,True,True
e04b_channels_ood,attitude_only,shuffle,unseen_heading,shuffled,window_mean,pitch,150,15.0,0.516572886100976,0.5364592149871525,-0.0429009259360542,0.02,True,True,True
e04b_channels_ood,attitude_only,shuffle,unseen_heading,shuffled,window_mean,heave,10,1.0,-2.596280783105213,-2.592337729181344,-0.0010976289595041,0.02,True,True,True
e04b_channels_ood,attitude_only,shuffle,unseen_heading,shuffled,window_mean,heave,20,2.0,-0.0462375216959562,-0.044397840695372,-0.0017614753007908,0.02,True,True,True
e04b_channels_ood,attitude_only,shuffle,unseen_heading,shuffled,window_mean,heave,30,3.0,0.4487538290998911,0.4512070618491698,-0.0044702338144964,0.02,True,True,True
e04b_channels_ood,attitude_only,shuffle,unseen_heading,shuffled,window_mean,heave,50,5.0,0.7010415533150279,0.7029743955457782,-0.006507325300463,0.02,True,True,True
e04b_channels_ood,attitude_only,shuffle,unseen_heading,shuffled,window_mean,heave,100,10.0,0.1559457807778488,0.1603568776394638,-0.005253537775923,0.02,True,True,True
e04b_channels_ood,attitude_only,shuffle,unseen_heading,shuffled,window_mean,heave,150,15.0,0.4812864639245637,0.4811962282931431,0.0001739301761892,0.02,True,True,True
e04b_channels_ood,attitude_only,shuffle,unseen_vessel,shuffled,window_mean,roll,10,1.0,-4.299926557535577,-4.311336029464496,0.0021481359615781,0.02,True,True,True
e04b_channels_ood,attitude_only,shuffle,unseen_vessel,shuffled,window_mean,roll,20,2.0,-0.5849918914180181,-0.5878104909106063,0.0017751485512429,0.02,True,True,True
e04b_channels_ood,attitude_only,shuffle,unseen_vessel,shuffled,window_mean,roll,30,3.0,0.1650196468204369,0.1634400080652639,0.0018882552003469,0.02,True,True,True
e04b_channels_ood,attitude_only,shuffle,unseen_vessel,shuffled,window_mean,roll,50,5.0,0.5890997274433791,0.5883049075167901,0.0019306033545236,0.02,True,True,True
e04b_channels_ood,attitude_only,shuffle,unseen_vessel,shuffled,window_mean,roll,100,10.0,0.6659038491219367,0.6650294318625622,0.0026104301169995,0.02,True,True,True
e04b_channels_ood,attitude_only,shuffle,unseen_vessel,shuffled,window_mean,roll,150,15.0,-0.8013329873024091,-0.8063221027799121,0.0027620298006788,0.02,True,True,True
e04b_channels_ood,attitude_only,shuffle,unseen_vessel,shuffled,window_mean,pitch,10,1.0,-1.6076575097162076,-1.605843017682727,-0.0006963167087072,0.02,True,True,True
e04b_channels_ood,attitude_only,shuffle,unseen_vessel,shuffled,window_mean,pitch,20,2.0,0.2150788521522307,0.2168847691985719,-0.0023060680922946,0.02,True,True,True
e04b_channels_ood,attitude_only,shuffle,unseen_vessel,shuffled,window_mean,pitch,30,3.0,0.562373118672828,0.5639977753238108,-0.0037262577093255,0.02,True,True,True
e04b_channels_ood,attitude_only,shuffle,unseen_vessel,shuffled,window_mean,pitch,50,5.0,0.7104441948045417,0.7099599794099374,0.0016694778659138,0.02,True,True,True
e04b_channels_ood,attitude_only,shuffle,unseen_vessel,shuffled,window_mean,pitch,100,10.0,0.1742756026087878,0.1723586366192353,0.0023161795366558,0.02,True,True,True
e04b_channels_ood,attitude_only,shuffle,unseen_vessel,shuffled,window_mean,pitch,150,15.0,0.5443826358960093,0.5440356379924596,0.0007610197911563,0.02,True,True,True
e04b_channels_ood,attitude_only,shuffle,unseen_vessel,shuffled,window_mean,heave,10,1.0,-2.734385093725432,-2.7245527495777933,-0.0026398724380405,0.02,True,True,True
e04b_channels_ood,attitude_only,shuffle,unseen_vessel,shuffled,window_mean,heave,20,2.0,-0.0833521770859195,-0.0791038596563729,-0.0039368939250199,0.02,True,True,True
e04b_channels_ood,attitude_only,shuffle,unseen_vessel,shuffled,window_mean,heave,30,3.0,0.4311141984771498,0.4338973520110866,-0.0049163407799344,0.02,True,True,True
e04b_channels_ood,attitude_only,shuffle,unseen_vessel,shuffled,window_mean,heave,50,5.0,0.6939525970509586,0.6942582772696753,-0.0009997988367007,0.02,True,True,True
e04b_channels_ood,attitude_only,shuffle,unseen_vessel,shuffled,window_mean,heave,100,10.0,0.2419387831727593,0.2409090087894692,0.0013565888611691,0.02,True,True,True
e04b_channels_ood,attitude_only,shuffle,unseen_vessel,shuffled,window_mean,heave,150,15.0,0.4790896902503072,0.4789627188651604,0.0002436896355483,0.02,True,True,True
e04c_ss_conditioned,ss_conditioned,untrained,id,untrained,persistence,roll,10,1.0,-3.0001015319763704,0.0,-3.0001015319763704,0.0,True,False,True
e04c_ss_conditioned,ss_conditioned,untrained,id,untrained,persistence,roll,20,2.0,-0.5336969144532431,0.0,-0.5336969144532431,0.0,True,False,True
e04c_ss_conditioned,ss_conditioned,untrained,id,untrained,persistence,roll,30,3.0,0.3979699627708655,0.0,0.3979699627708655,0.0,True,False,False
e04c_ss_conditioned,ss_conditioned,untrained,id,untrained,persistence,roll,50,5.0,0.6835477511915555,0.0,0.6835477511915555,0.0,True,False,False
e04c_ss_conditioned,ss_conditioned,untrained,id,untrained,persistence,roll,100,10.0,0.1062357747594006,0.0,0.1062357747594006,0.0,True,False,False
e04c_ss_conditioned,ss_conditioned,untrained,id,untrained,persistence,roll,150,15.0,0.3610226850945055,0.0,0.3610226850945055,0.0,True,False,False
e04c_ss_conditioned,ss_conditioned,untrained,id,untrained,persistence,pitch,10,1.0,-1.796991872134893,0.0,-1.796991872134893,0.0,True,False,True
e04c_ss_conditioned,ss_conditioned,untrained,id,untrained,persistence,pitch,20,2.0,0.2704146993457978,0.0,0.2704146993457978,0.0,True,False,False
e04c_ss_conditioned,ss_conditioned,untrained,id,untrained,persistence,pitch,30,3.0,0.5748755185022663,0.0,0.5748755185022663,0.0,True,False,False
e04c_ss_conditioned,ss_conditioned,untrained,id,untrained,persistence,pitch,50,5.0,0.5776556015704273,0.0,0.5776556015704273,0.0,True,False,False
e04c_ss_conditioned,ss_conditioned,untrained,id,untrained,persistence,pitch,100,10.0,0.3457421118967914,0.0,0.3457421118967914,0.0,True,False,False
e04c_ss_conditioned,ss_conditioned,untrained,id,untrained,persistence,pitch,150,15.0,0.4190689533622816,0.0,0.4190689533622816,0.0,True,False,False
e04c_ss_conditioned,ss_conditioned,untrained,id,untrained,persistence,heave,10,1.0,-2.168548466019492,0.0,-2.168548466019492,0.0,True,False,True
e04c_ss_conditioned,ss_conditioned,untrained,id,untrained,persistence,heave,20,2.0,0.0107027597576683,0.0,0.0107027597576683,0.0,True,False,False
e04c_ss_conditioned,ss_conditioned,untrained,id,untrained,persistence,heave,30,3.0,0.4219917007135427,0.0,0.4219917007135427,0.0,True,False,False
e04c_ss_conditioned,ss_conditioned,untrained,id,untrained,persistence,heave,50,5.0,0.6641938923523586,0.0,0.6641938923523586,0.0,True,False,False
e04c_ss_conditioned,ss_conditioned,untrained,id,untrained,persistence,heave,100,10.0,0.1455861345266303,0.0,0.1455861345266303,0.0,True,False,False
e04c_ss_conditioned,ss_conditioned,untrained,id,untrained,persistence,heave,150,15.0,0.4398684763994221,0.0,0.4398684763994221,0.0,True,False,False
e04c_ss_conditioned,ss_conditioned,untrained,id,untrained,persistence,roll_rate,10,1.0,-2.785516650262813,0.0,-2.785516650262813,0.0,True,False,True
e04c_ss_conditioned,ss_conditioned,untrained,id,untrained,persistence,roll_rate,20,2.0,-0.4748109346399962,0.0,-0.4748109346399962,0.0,True,False,True
e04c_ss_conditioned,ss_conditioned,untrained,id,untrained,persistence,roll_rate,30,3.0,0.2141081963906189,0.0,0.2141081963906189,0.0,True,False,False
e04c_ss_conditioned,ss_conditioned,untrained,id,untrained,persistence,roll_rate,50,5.0,0.7510373380566997,0.0,0.7510373380566997,0.0,True,False,False
e04c_ss_conditioned,ss_conditioned,untrained,id,untrained,persistence,roll_rate,100,10.0,-0.0150496165690912,0.0,-0.0150496165690912,0.0,True,False,True
e04c_ss_conditioned,ss_conditioned,untrained,id,untrained,persistence,roll_rate,150,15.0,0.3382493277229929,0.0,0.3382493277229929,0.0,True,False,False
e04c_ss_conditioned,ss_conditioned,untrained,id,untrained,persistence,pitch_rate,10,1.0,-1.1614038487762302,0.0,-1.1614038487762302,0.0,True,False,True
e04c_ss_conditioned,ss_conditioned,untrained,id,untrained,persistence,pitch_rate,20,2.0,0.4579340727017553,0.0,0.4579340727017553,0.0,True,False,False
e04c_ss_conditioned,ss_conditioned,untrained,id,untrained,persistence,pitch_rate,30,3.0,0.4862222802127138,0.0,0.4862222802127138,0.0,True,False,False
e04c_ss_conditioned,ss_conditioned,untrained,id,untrained,persistence,pitch_rate,50,5.0,0.6678365333881876,0.0,0.6678365333881876,0.0,True,False,False
e04c_ss_conditioned,ss_conditioned,untrained,id,untrained,persistence,pitch_rate,100,10.0,0.3949493770977785,0.0,0.3949493770977785,0.0,True,False,False
e04c_ss_conditioned,ss_conditioned,untrained,id,untrained,persistence,pitch_rate,150,15.0,0.4306575435239801,0.0,0.4306575435239801,0.0,True,False,False
e04c_ss_conditioned,ss_conditioned,untrained,id,untrained,persistence,heave_rate,10,1.0,-1.6143351165934177,0.0,-1.6143351165934177,0.0,True,False,True
e04c_ss_conditioned,ss_conditioned,untrained,id,untrained,persistence,heave_rate,20,2.0,0.1619822708472865,0.0,0.1619822708472865,0.0,True,False,False
e04c_ss_conditioned,ss_conditioned,untrained,id,untrained,persistence,heave_rate,30,3.0,0.590976913682709,0.0,0.590976913682709,0.0,True,False,False
e04c_ss_conditioned,ss_conditioned,untrained,id,untrained,persistence,heave_rate,50,5.0,0.6266495189703334,0.0,0.6266495189703334,0.0,True,False,False
e04c_ss_conditioned,ss_conditioned,untrained,id,untrained,persistence,heave_rate,100,10.0,-0.0122768053968989,0.0,-0.0122768053968989,0.0,True,False,True
e04c_ss_conditioned,ss_conditioned,untrained,id,untrained,persistence,heave_rate,150,15.0,0.4282558764198739,0.0,0.4282558764198739,0.0,True,False,False
e04c_ss_conditioned,ss_conditioned,untrained,unseen_seastate,untrained,persistence,roll,10,1.0,-3.0675310122960067,0.0,-3.0675310122960067,0.0,True,False,True
e04c_ss_conditioned,ss_conditioned,untrained,unseen_seastate,untrained,persistence,roll,20,2.0,-0.5445336801815284,0.0,-0.5445336801815284,0.0,True,False,True
e04c_ss_conditioned,ss_conditioned,untrained,unseen_seastate,untrained,persistence,roll,30,3.0,0.3940054336793656,0.0,0.3940054336793656,0.0,True,False,False
e04c_ss_conditioned,ss_conditioned,untrained,unseen_seastate,untrained,persistence,roll,50,5.0,0.6875516905004687,0.0,0.6875516905004687,0.0,True,False,False
e04c_ss_conditioned,ss_conditioned,untrained,unseen_seastate,untrained,persistence,roll,100,10.0,0.1829408683087316,0.0,0.1829408683087316,0.0,True,False,False
e04c_ss_conditioned,ss_conditioned,untrained,unseen_seastate,untrained,persistence,roll,150,15.0,0.34452538279492,0.0,0.34452538279492,0.0,True,False,False
e04c_ss_conditioned,ss_conditioned,untrained,unseen_seastate,untrained,persistence,pitch,10,1.0,-2.600304979895848,0.0,-2.600304979895848,0.0,True,False,True
e04c_ss_conditioned,ss_conditioned,untrained,unseen_seastate,untrained,persistence,pitch,20,2.0,0.1490986813475654,0.0,0.1490986813475654,0.0,True,False,False
e04c_ss_conditioned,ss_conditioned,untrained,unseen_seastate,untrained,persistence,pitch,30,3.0,0.5093411711406495,0.0,0.5093411711406495,0.0,True,False,False
e04c_ss_conditioned,ss_conditioned,untrained,unseen_seastate,untrained,persistence,pitch,50,5.0,0.55707300611168,0.0,0.55707300611168,0.0,True,False,False
e04c_ss_conditioned,ss_conditioned,untrained,unseen_seastate,untrained,persistence,pitch,100,10.0,0.2688719327735462,0.0,0.2688719327735462,0.0,True,False,False
e04c_ss_conditioned,ss_conditioned,untrained,unseen_seastate,untrained,persistence,pitch,150,15.0,0.3874029098412036,0.0,0.3874029098412036,0.0,True,False,False
e04c_ss_conditioned,ss_conditioned,untrained,unseen_seastate,untrained,persistence,heave,10,1.0,-2.3808692750617597,0.0,-2.3808692750617597,0.0,True,False,True
e04c_ss_conditioned,ss_conditioned,untrained,unseen_seastate,untrained,persistence,heave,20,2.0,-0.0639435216951105,0.0,-0.0639435216951105,0.0,True,False,True
e04c_ss_conditioned,ss_conditioned,untrained,unseen_seastate,untrained,persistence,heave,30,3.0,0.3607205899514959,0.0,0.3607205899514959,0.0,True,False,False
e04c_ss_conditioned,ss_conditioned,untrained,unseen_seastate,untrained,persistence,heave,50,5.0,0.6722344071717241,0.0,0.6722344071717241,0.0,True,False,False
e04c_ss_conditioned,ss_conditioned,untrained,unseen_seastate,untrained,persistence,heave,100,10.0,0.2561976719981269,0.0,0.2561976719981269,0.0,True,False,False
e04c_ss_conditioned,ss_conditioned,untrained,unseen_seastate,untrained,persistence,heave,150,15.0,0.4025698818585672,0.0,0.4025698818585672,0.0,True,False,False
e04c_ss_conditioned,ss_conditioned,untrained,unseen_seastate,untrained,persistence,roll_rate,10,1.0,-2.942659582099932,0.0,-2.942659582099932,0.0,True,False,True
e04c_ss_conditioned,ss_conditioned,untrained,unseen_seastate,untrained,persistence,roll_rate,20,2.0,-0.4238526968943918,0.0,-0.4238526968943918,0.0,True,False,True
e04c_ss_conditioned,ss_conditioned,untrained,unseen_seastate,untrained,persistence,roll_rate,30,3.0,0.1914038785107443,0.0,0.1914038785107443,0.0,True,False,False
e04c_ss_conditioned,ss_conditioned,untrained,unseen_seastate,untrained,persistence,roll_rate,50,5.0,0.7653315561851353,0.0,0.7653315561851353,0.0,True,False,False
e04c_ss_conditioned,ss_conditioned,untrained,unseen_seastate,untrained,persistence,roll_rate,100,10.0,0.0362120464427938,0.0,0.0362120464427938,0.0,True,False,False
e04c_ss_conditioned,ss_conditioned,untrained,unseen_seastate,untrained,persistence,roll_rate,150,15.0,0.2827812286513551,0.0,0.2827812286513551,0.0,True,False,False
e04c_ss_conditioned,ss_conditioned,untrained,unseen_seastate,untrained,persistence,pitch_rate,10,1.0,-2.3197575098897154,0.0,-2.3197575098897154,0.0,True,False,True
e04c_ss_conditioned,ss_conditioned,untrained,unseen_seastate,untrained,persistence,pitch_rate,20,2.0,0.3642014650057182,0.0,0.3642014650057182,0.0,True,False,False
e04c_ss_conditioned,ss_conditioned,untrained,unseen_seastate,untrained,persistence,pitch_rate,30,3.0,0.2685788300876621,0.0,0.2685788300876621,0.0,True,False,False
e04c_ss_conditioned,ss_conditioned,untrained,unseen_seastate,untrained,persistence,pitch_rate,50,5.0,0.678673718605316,0.0,0.678673718605316,0.0,True,False,False
e04c_ss_conditioned,ss_conditioned,untrained,unseen_seastate,untrained,persistence,pitch_rate,100,10.0,0.2905494661444805,0.0,0.2905494661444805,0.0,True,False,False
e04c_ss_conditioned,ss_conditioned,untrained,unseen_seastate,untrained,persistence,pitch_rate,150,15.0,0.4430619636567848,0.0,0.4430619636567848,0.0,True,False,False
e04c_ss_conditioned,ss_conditioned,untrained,unseen_seastate,untrained,persistence,heave_rate,10,1.0,-1.8295132309284408,0.0,-1.8295132309284408,0.0,True,False,True
e04c_ss_conditioned,ss_conditioned,untrained,unseen_seastate,untrained,persistence,heave_rate,20,2.0,0.1334400923968655,0.0,0.1334400923968655,0.0,True,False,False
e04c_ss_conditioned,ss_conditioned,untrained,unseen_seastate,untrained,persistence,heave_rate,30,3.0,0.5267150407241559,0.0,0.5267150407241559,0.0,True,False,False
e04c_ss_conditioned,ss_conditioned,untrained,unseen_seastate,untrained,persistence,heave_rate,50,5.0,0.6403713546953227,0.0,0.6403713546953227,0.0,True,False,False
e04c_ss_conditioned,ss_conditioned,untrained,unseen_seastate,untrained,persistence,heave_rate,100,10.0,-0.071314942432572,0.0,-0.071314942432572,0.0,True,False,True
e04c_ss_conditioned,ss_conditioned,untrained,unseen_seastate,untrained,persistence,heave_rate,150,15.0,0.4882426115488538,0.0,0.4882426115488538,0.0,True,False,False
e04c_ss_conditioned_ar_id,ss_conditioned,shuffle,id,shuffled,window_mean,roll,10,1.0,-3.4840715863017424,-3.4779985814083254,-0.0013561873196277,0.02,True,True,True
e04c_ss_conditioned_ar_id,ss_conditioned,shuffle,id,shuffled,window_mean,roll,20,2.0,-0.2643653146848816,-0.2629363724068709,-0.0011314443935821,0.02,True,True,True
e04c_ss_conditioned_ar_id,ss_conditioned,shuffle,id,shuffled,window_mean,roll,30,3.0,0.3707078714187449,0.3701142215586412,0.0009424722392886,0.02,True,True,True
e04c_ss_conditioned_ar_id,ss_conditioned,shuffle,id,shuffled,window_mean,roll,50,5.0,0.7110110114519319,0.7098497805055688,0.0040021715247587,0.02,True,True,True
e04c_ss_conditioned_ar_id,ss_conditioned,shuffle,id,shuffled,window_mean,roll,100,10.0,0.187428631534655,0.1846481223847302,0.0034101953110811,0.02,True,True,True
e04c_ss_conditioned_ar_id,ss_conditioned,shuffle,id,shuffled,window_mean,roll,150,15.0,0.388705255588027,0.3881613535715862,0.0008889631598393,0.02,True,True,True
e04c_ss_conditioned_ar_id,ss_conditioned,shuffle,id,shuffled,window_mean,pitch,10,1.0,-1.122430964330376,-1.1240807878543508,0.000776723528318,0.02,True,True,True
e04c_ss_conditioned_ar_id,ss_conditioned,shuffle,id,shuffled,window_mean,pitch,20,2.0,0.3387628006722877,0.3372148016015029,0.0023355969241998,0.02,True,True,True
e04c_ss_conditioned_ar_id,ss_conditioned,shuffle,id,shuffled,window_mean,pitch,30,3.0,0.6106070604539592,0.6097808731771663,0.0021172393150475,0.02,True,True,True
e04c_ss_conditioned_ar_id,ss_conditioned,shuffle,id,shuffled,window_mean,pitch,50,5.0,0.6904267939303106,0.690130713374352,0.0009555014605766,0.02,True,True,True
e04c_ss_conditioned_ar_id,ss_conditioned,shuffle,id,shuffled,window_mean,pitch,100,10.0,0.3660478055257932,0.3656282835586719,0.000661318839173,0.02,True,True,True
e04c_ss_conditioned_ar_id,ss_conditioned,shuffle,id,shuffled,window_mean,pitch,150,15.0,0.5022708861724432,0.5023978991733826,-0.0002552501300303,0.02,True,True,True
e04c_ss_conditioned_ar_id,ss_conditioned,shuffle,id,shuffled,window_mean,heave,10,1.0,-2.338479109887236,-2.33522351662287,-0.0009761244630652,0.02,True,True,True
e04c_ss_conditioned_ar_id,ss_conditioned,shuffle,id,shuffled,window_mean,heave,20,2.0,0.020320980158532,0.0193220978401484,0.0010185630941449,0.02,True,True,True
e04c_ss_conditioned_ar_id,ss_conditioned,shuffle,id,shuffled,window_mean,heave,30,3.0,0.4765855930179574,0.4746404006192308,0.0037025922834936,0.02,True,True,True
e04c_ss_conditioned_ar_id,ss_conditioned,shuffle,id,shuffled,window_mean,heave,50,5.0,0.6982540275977871,0.6978686931954982,0.0012753872028835,0.02,True,True,True
e04c_ss_conditioned_ar_id,ss_conditioned,shuffle,id,shuffled,window_mean,heave,100,10.0,0.2309133833204326,0.2303164136874663,0.0007756039541213,0.02,True,True,True
e04c_ss_conditioned_ar_id,ss_conditioned,shuffle,id,shuffled,window_mean,heave,150,15.0,0.4911093382871559,0.4906893436825678,0.0008246334518601,0.02,True,True,True
e04c_ss_conditioned_ar_id,ss_conditioned,shuffle,id,shuffled,window_mean,roll_rate,10,1.0,-3.201702227969534,-3.215360217229549,0.0032400527015914,0.02,True,True,True
e04c_ss_conditioned_ar_id,ss_conditioned,shuffle,id,shuffled,window_mean,roll_rate,20,2.0,-0.1878510697253776,-0.19162139589236,0.0031640302699994,0.02,True,True,True
e04c_ss_conditioned_ar_id,ss_conditioned,shuffle,id,shuffled,window_mean,roll_rate,30,3.0,0.4021941426899215,0.4014788502334642,0.0011950997165869,0.02,True,True,True
e04c_ss_conditioned_ar_id,ss_conditioned,shuffle,id,shuffled,window_mean,roll_rate,50,5.0,0.7156745234912938,0.7163354349090508,-0.0023299047505109,0.02,True,True,True
e04c_ss_conditioned_ar_id,ss_conditioned,shuffle,id,shuffled,window_mean,roll_rate,100,10.0,0.1022765122601061,0.103789370927999,-0.0016880615101155,0.02,True,True,True
e04c_ss_conditioned_ar_id,ss_conditioned,shuffle,id,shuffled,window_mean,roll_rate,150,15.0,0.4359837725340226,0.4356708636958027,0.0005544793243693,0.02,True,True,True
e04c_ss_conditioned_ar_id,ss_conditioned,shuffle,id,shuffled,window_mean,pitch_rate,10,1.0,-0.6447894040871756,-0.6502407129142918,0.0033033416182596,0.02,True,True,True
e04c_ss_conditioned_ar_id,ss_conditioned,shuffle,id,shuffled,window_mean,pitch_rate,20,2.0,0.4635894358080961,0.4631892445469123,0.0007454978446658,0.02,True,True,True
e04c_ss_conditioned_ar_id,ss_conditioned,shuffle,id,shuffled,window_mean,pitch_rate,30,3.0,0.6618854834234338,0.6615522671408269,0.0009845428119487,0.02,True,True,True
e04c_ss_conditioned_ar_id,ss_conditioned,shuffle,id,shuffled,window_mean,pitch_rate,50,5.0,0.6568903185129711,0.656371558512514,0.0015096538523162,0.02,True,True,True
e04c_ss_conditioned_ar_id,ss_conditioned,shuffle,id,shuffled,window_mean,pitch_rate,100,10.0,0.4617103737762659,0.4610023124102339,0.001313663086753,0.02,True,True,True
e04c_ss_conditioned_ar_id,ss_conditioned,shuffle,id,shuffled,window_mean,pitch_rate,150,15.0,0.4958991267079292,0.4956836925321177,0.0004271806654303,0.02,True,True,True
e04c_ss_conditioned_ar_id,ss_conditioned,shuffle,id,shuffled,window_mean,heave_rate,10,1.0,-1.7611760652038235,-1.7722261641405654,0.0039860019646584,0.02,True,True,True
e04c_ss_conditioned_ar_id,ss_conditioned,shuffle,id,shuffled,window_mean,heave_rate,20,2.0,0.1745181455852805,0.1726417723806483,0.0022679090410828,0.02,True,True,True
e04c_ss_conditioned_ar_id,ss_conditioned,shuffle,id,shuffled,window_mean,heave_rate,30,3.0,0.544234233664874,0.5446845844030395,-0.0009890961797878,0.02,True,True,True
e04c_ss_conditioned_ar_id,ss_conditioned,shuffle,id,shuffled,window_mean,heave_rate,50,5.0,0.7107285605235614,0.7102517252385939,0.0016456880903262,0.02,True,True,True
e04c_ss_conditioned_ar_id,ss_conditioned,shuffle,id,shuffled,window_mean,heave_rate,100,10.0,0.1477498884120037,0.1455613816849178,0.0025613387318582,0.02,True,True,True
e04c_ss_conditioned_ar_id,ss_conditioned,shuffle,id,shuffled,window_mean,heave_rate,150,15.0,0.5414111579567025,0.5411814761079022,0.0005005941060354,0.02,True,True,True
e04c_ss_conditioned_ood,ss_conditioned,shuffle,unseen_heading,shuffled,window_mean,roll,10,1.0,-3.39998989092208,-3.3914080297037987,-0.0019542390869244,0.02,True,True,True
e04c_ss_conditioned_ood,ss_conditioned,shuffle,unseen_heading,shuffled,window_mean,roll,20,2.0,-0.2383288294965373,-0.236239641064424,-0.0016899542473127,0.02,True,True,True
e04c_ss_conditioned_ood,ss_conditioned,shuffle,unseen_heading,shuffled,window_mean,roll,30,3.0,0.383839663344812,0.3841767306616883,-0.0005473442360151,0.02,True,True,True
e04c_ss_conditioned_ood,ss_conditioned,shuffle,unseen_heading,shuffled,window_mean,roll,50,5.0,0.7157542137045098,0.715972521215032,-0.0007686140490916,0.02,True,True,True
e04c_ss_conditioned_ood,ss_conditioned,shuffle,unseen_heading,shuffled,window_mean,roll,100,10.0,0.1177323963827428,0.1168940779134524,0.0009492841666259,0.02,True,True,True
e04c_ss_conditioned_ood,ss_conditioned,shuffle,unseen_heading,shuffled,window_mean,roll,150,15.0,0.4162674192978837,0.4158288541685238,0.0007507476747001,0.02,True,True,True
e04c_ss_conditioned_ood,ss_conditioned,shuffle,unseen_heading,shuffled,window_mean,pitch,10,1.0,-1.591626816376336,-1.3382493183345203,-0.108362053633481,0.02,True,True,True
e04c_ss_conditioned_ood,ss_conditioned,shuffle,unseen_heading,shuffled,window_mean,pitch,20,2.0,0.1906666480596077,0.2908894046908976,-0.1413358611396895,0.02,True,True,True
e04c_ss_conditioned_ood,ss_conditioned,shuffle,unseen_heading,shuffled,window_mean,pitch,30,3.0,0.541986358520647,0.5997991964814176,-0.1444595749245818,0.02,True,True,True
e04c_ss_conditioned_ood,ss_conditioned,shuffle,unseen_heading,shuffled,window_mean,pitch,50,5.0,0.6687545066119571,0.7144225746413116,-0.1599148391088509,0.02,True,True,True
e04c_ss_conditioned_ood,ss_conditioned,shuffle,unseen_heading,shuffled,window_mean,pitch,100,10.0,0.1444430842803532,0.2246151920429719,-0.1033965418717126,0.02,True,True,True
e04c_ss_conditioned_ood,ss_conditioned,shuffle,unseen_heading,shuffled,window_mean,pitch,150,15.0,0.5240902932683438,0.5364592149871525,-0.0266835672689857,0.02,True,True,True
e04c_ss_conditioned_ood,ss_conditioned,shuffle,unseen_heading,shuffled,window_mean,heave,10,1.0,-2.597436302659769,-2.592337729181344,-0.0014192912423038,0.02,True,True,True
e04c_ss_conditioned_ood,ss_conditioned,shuffle,unseen_heading,shuffled,window_mean,heave,20,2.0,-0.0445826131855155,-0.044397840695372,-0.0001769177251655,0.02,True,True,True
e04c_ss_conditioned_ood,ss_conditioned,shuffle,unseen_heading,shuffled,window_mean,heave,30,3.0,0.4499506926477753,0.4512070618491698,-0.0022893319393428,0.02,True,True,True
e04c_ss_conditioned_ood,ss_conditioned,shuffle,unseen_heading,shuffled,window_mean,heave,50,5.0,0.7007083574840434,0.7029743955457782,-0.0076291000767381,0.02,True,True,True
e04c_ss_conditioned_ood,ss_conditioned,shuffle,unseen_heading,shuffled,window_mean,heave,100,10.0,0.155658517005332,0.1603568776394638,-0.0055956638112188,0.02,True,True,True
e04c_ss_conditioned_ood,ss_conditioned,shuffle,unseen_heading,shuffled,window_mean,heave,150,15.0,0.4814824574236874,0.4811962282931431,0.0005517098104407,0.02,True,True,True
e04c_ss_conditioned_ood,ss_conditioned,shuffle,unseen_heading,shuffled,window_mean,roll_rate,10,1.0,-3.127789821942508,-3.1239710122341275,-0.0009260030434383,0.02,True,True,True
e04c_ss_conditioned_ood,ss_conditioned,shuffle,unseen_heading,shuffled,window_mean,roll_rate,20,2.0,-0.1650573712429757,-0.1640227780163345,-0.0008888084032205,0.02,True,True,True
e04c_ss_conditioned_ood,ss_conditioned,shuffle,unseen_heading,shuffled,window_mean,roll_rate,30,3.0,0.413926999868758,0.4152625854125328,-0.0022840774516148,0.02,True,True,True
e04c_ss_conditioned_ood,ss_conditioned,shuffle,unseen_heading,shuffled,window_mean,roll_rate,50,5.0,0.7203519892070858,0.7209781818615215,-0.0022442426137621,0.02,True,True,True
e04c_ss_conditioned_ood,ss_conditioned,shuffle,unseen_heading,shuffled,window_mean,roll_rate,100,10.0,0.0396329967641851,0.0422423066274409,-0.0027243945742347,0.02,True,True,True
e04c_ss_conditioned_ood,ss_conditioned,shuffle,unseen_heading,shuffled,window_mean,roll_rate,150,15.0,0.4560614206088292,0.4578222671046894,-0.0032477292758907,0.02,True,True,True
e04c_ss_conditioned_ood,ss_conditioned,shuffle,unseen_heading,shuffled,window_mean,pitch_rate,10,1.0,-1.3872143287384977,-0.9966952022422622,-0.1955827439549549,0.02,True,True,True
e04c_ss_conditioned_ood,ss_conditioned,shuffle,unseen_heading,shuffled,window_mean,pitch_rate,20,2.0,0.293480560481906,0.3829941615966961,-0.1450773972357126,0.02,True,True,True
e04c_ss_conditioned_ood,ss_conditioned,shuffle,unseen_heading,shuffled,window_mean,pitch_rate,30,3.0,0.5839863537870915,0.6406527609863917,-0.1576926188575897,0.02,True,True,True
e04c_ss_conditioned_ood,ss_conditioned,shuffle,unseen_heading,shuffled,window_mean,pitch_rate,50,5.0,0.6708655124757021,0.704100621980726,-0.112318956962657,0.02,True,True,True
e04c_ss_conditioned_ood,ss_conditioned,shuffle,unseen_heading,shuffled,window_mean,pitch_rate,100,10.0,0.3630774730549128,0.3652919511314012,-0.0034889711583709,0.02,True,True,True
e04c_ss_conditioned_ood,ss_conditioned,shuffle,unseen_heading,shuffled,window_mean,pitch_rate,150,15.0,0.5149473316097173,0.5150416048700197,-0.0001943945320859,0.02,True,True,True
e04c_ss_conditioned_ood,ss_conditioned,shuffle,unseen_heading,shuffled,window_mean,heave_rate,10,1.0,-2.157247330276843,-2.121636360614806,-0.0114077892323831,0.02,True,True,True
e04c_ss_conditioned_ood,ss_conditioned,shuffle,unseen_heading,shuffled,window_mean,heave_rate,20,2.0,0.0738474978058991,0.0843951990855974,-0.0115199278871893,0.02,True,True,True
e04c_ss_conditioned_ood,ss_conditioned,shuffle,unseen_heading,shuffled,window_mean,heave_rate,30,3.0,0.5059080808409182,0.5101420803729321,-0.0086433215885071,0.02,True,True,True
e04c_ss_conditioned_ood,ss_conditioned,shuffle,unseen_heading,shuffled,window_mean,heave_rate,50,5.0,0.7146171287312574,0.7152645178893378,-0.0022736511560887,0.02,True,True,True
e04c_ss_conditioned_ood,ss_conditioned,shuffle,unseen_heading,shuffled,window_mean,heave_rate,100,10.0,0.0181736410321274,0.0187039537824474,-0.0005404207551473,0.02,True,True,True
e04c_ss_conditioned_ood,ss_conditioned,shuffle,unseen_heading,shuffled,window_mean,heave_rate,150,15.0,0.5388794386825346,0.5393706296169118,-0.0010663474063077,0.02,True,True,True
e04c_ss_conditioned_ood,ss_conditioned,shuffle,unseen_vessel,shuffled,window_mean,roll,10,1.0,-4.3038813701221965,-4.311336029464496,0.0014035375093846,0.02,True,True,True
e04c_ss_conditioned_ood,ss_conditioned,shuffle,unseen_vessel,shuffled,window_mean,roll,20,2.0,-0.5874435215048293,-0.5878104909106063,0.0002311166275055,0.02,True,True,True
e04c_ss_conditioned_ood,ss_conditioned,shuffle,unseen_vessel,shuffled,window_mean,roll,30,3.0,0.1628617161930987,0.1634400080652639,-0.0006912736417477,0.02,True,True,True
e04c_ss_conditioned_ood,ss_conditioned,shuffle,unseen_vessel,shuffled,window_mean,roll,50,5.0,0.5880237984111095,0.5883049075167901,-0.0006828089788124,0.02,True,True,True
e04c_ss_conditioned_ood,ss_conditioned,shuffle,unseen_vessel,shuffled,window_mean,roll,100,10.0,0.6653596681647189,0.6650294318625622,0.0009858666210375,0.02,True,True,True
e04c_ss_conditioned_ood,ss_conditioned,shuffle,unseen_vessel,shuffled,window_mean,roll,150,15.0,-0.8034375459638872,-0.8063221027799121,0.0015969227257893,0.02,True,True,True
e04c_ss_conditioned_ood,ss_conditioned,shuffle,unseen_vessel,shuffled,window_mean,pitch,10,1.0,-1.6086483597660948,-1.605843017682727,-0.0010765583591687,0.02,True,True,True
e04c_ss_conditioned_ood,ss_conditioned,shuffle,unseen_vessel,shuffled,window_mean,pitch,20,2.0,0.2144539987111521,0.2168847691985719,-0.0031039754965973,0.02,True,True,True
e04c_ss_conditioned_ood,ss_conditioned,shuffle,unseen_vessel,shuffled,window_mean,pitch,30,3.0,0.5621060240210243,0.5639977753238108,-0.004338856995951,0.02,True,True,True
e04c_ss_conditioned_ood,ss_conditioned,shuffle,unseen_vessel,shuffled,window_mean,pitch,50,5.0,0.7104739248927271,0.7099599794099374,0.0017719812657029,0.02,True,True,True
e04c_ss_conditioned_ood,ss_conditioned,shuffle,unseen_vessel,shuffled,window_mean,pitch,100,10.0,0.1743528138097816,0.1723586366192353,0.0024094701869423,0.02,True,True,True
e04c_ss_conditioned_ood,ss_conditioned,shuffle,unseen_vessel,shuffled,window_mean,pitch,150,15.0,0.5447091598870186,0.5440356379924596,0.0014771371420205,0.02,True,True,True
e04c_ss_conditioned_ood,ss_conditioned,shuffle,unseen_vessel,shuffled,window_mean,heave,10,1.0,-2.7329417764880195,-2.7245527495777933,-0.0022523581955382,0.02,True,True,True
e04c_ss_conditioned_ood,ss_conditioned,shuffle,unseen_vessel,shuffled,window_mean,heave,20,2.0,-0.0833896589338818,-0.0791038596563729,-0.0039716281608646,0.02,True,True,True
e04c_ss_conditioned_ood,ss_conditioned,shuffle,unseen_vessel,shuffled,window_mean,heave,30,3.0,0.4309362408543249,0.4338973520110866,-0.0052306965305339,0.02,True,True,True
e04c_ss_conditioned_ood,ss_conditioned,shuffle,unseen_vessel,shuffled,window_mean,heave,50,5.0,0.6937717723052647,0.6942582772696753,-0.0015912285705268,0.02,True,True,True
e04c_ss_conditioned_ood,ss_conditioned,shuffle,unseen_vessel,shuffled,window_mean,heave,100,10.0,0.2417763679314489,0.2409090087894692,0.0011426286861824,0.02,True,True,True
e04c_ss_conditioned_ood,ss_conditioned,shuffle,unseen_vessel,shuffled,window_mean,heave,150,15.0,0.4793876284921528,0.4789627188651604,0.0008155071477167,0.02,True,True,True
e04c_ss_conditioned_ood,ss_conditioned,shuffle,unseen_vessel,shuffled,window_mean,roll_rate,10,1.0,-3.978010524513275,-3.982807410873789,0.0009626874901981,0.02,True,True,True
e04c_ss_conditioned_ood,ss_conditioned,shuffle,unseen_vessel,shuffled,window_mean,roll_rate,20,2.0,-0.4879615757185773,-0.489540770501061,0.0010601890285637,0.02,True,True,True
e04c_ss_conditioned_ood,ss_conditioned,shuffle,unseen_vessel,shuffled,window_mean,roll_rate,30,3.0,0.2129504097018824,0.2120397321300985,0.0011557404718459,0.02,True,True,True
e04c_ss_conditioned_ood,ss_conditioned,shuffle,unseen_vessel,shuffled,window_mean,roll_rate,50,5.0,0.6058428134313918,0.6054190023709238,0.0010740787392563,0.02,True,True,True
e04c_ss_conditioned_ood,ss_conditioned,shuffle,unseen_vessel,shuffled,window_mean,roll_rate,100,10.0,0.6340787711428673,0.6325101333739264,0.0042685197916954,0.02,True,True,True
e04c_ss_conditioned_ood,ss_conditioned,shuffle,unseen_vessel,shuffled,window_mean,roll_rate,150,15.0,-0.3777234527477284,-0.3846129881875177,0.004975784207259,0.02,True,True,True
e04c_ss_conditioned_ood,ss_conditioned,shuffle,unseen_vessel,shuffled,window_mean,pitch_rate,10,1.0,-1.161007402007781,-1.1533498762144312,-0.003556099209856,0.02,True,True,True
e04c_ss_conditioned_ood,ss_conditioned,shuffle,unseen_vessel,shuffled,window_mean,pitch_rate,20,2.0,0.3367200042331219,0.3373383846910552,-0.0009331768185261,0.02,True,True,True
e04c_ss_conditioned_ood,ss_conditioned,shuffle,unseen_vessel,shuffled,window_mean,pitch_rate,30,3.0,0.6177320599638536,0.6171211622043005,0.0015955380638694,0.02,True,True,True
e04c_ss_conditioned_ood,ss_conditioned,shuffle,unseen_vessel,shuffled,window_mean,pitch_rate,50,5.0,0.7055326559214518,0.7061656784073048,-0.0021543517531301,0.02,True,True,True
e04c_ss_conditioned_ood,ss_conditioned,shuffle,unseen_vessel,shuffled,window_mean,pitch_rate,100,10.0,0.2658148108167893,0.2660891264941885,-0.000373772466524,0.02,True,True,True
e04c_ss_conditioned_ood,ss_conditioned,shuffle,unseen_vessel,shuffled,window_mean,pitch_rate,150,15.0,0.544244195462952,0.5442489031786351,-1.0329576200396318e-05,0.02,True,True,True
e04c_ss_conditioned_ood,ss_conditioned,shuffle,unseen_vessel,shuffled,window_mean,heave_rate,10,1.0,-2.2496195275807973,-2.2354826670538235,-0.0043693204327521,0.02,True,True,True
e04c_ss_conditioned_ood,ss_conditioned,shuffle,unseen_vessel,shuffled,window_mean,heave_rate,20,2.0,0.0537651913448106,0.0567443791209015,-0.0031584097779502,0.02,True,True,True
e04c_ss_conditioned_ood,ss_conditioned,shuffle,unseen_vessel,shuffled,window_mean,heave_rate,30,3.0,0.4974350570932657,0.4981387615197815,-0.0014021892359068,0.02,True,True,True
e04c_ss_conditioned_ood,ss_conditioned,shuffle,unseen_vessel,shuffled,window_mean,heave_rate,50,5.0,0.710322228934809,0.711422875612522,-0.0038140468689236,0.02,True,True,True
e04c_ss_conditioned_ood,ss_conditioned,shuffle,unseen_vessel,shuffled,window_mean,heave_rate,100,10.0,0.050228416686141,0.0499118328703562,0.0003332151970076,0.02,True,True,True
e04c_ss_conditioned_ood,ss_conditioned,shuffle,unseen_vessel,shuffled,window_mean,heave_rate,150,15.0,0.5485903157346548,0.5480766811825034,0.0011365524432227,0.02,True,True,True
e04d_lookback_10s,lookback_10s,shuffle,id,shuffled,window_mean,roll,10,1.0,-4.011141372739873,-4.014439474258743,0.000657720875045,0.02,True,True,True
e04d_lookback_10s,lookback_10s,shuffle,id,shuffled,window_mean,roll,20,2.0,-0.3322526320151426,-0.3314383539646743,-0.0006115777332413,0.02,True,True,True
e04d_lookback_10s,lookback_10s,shuffle,id,shuffled,window_mean,roll,30,3.0,0.3791975065355839,0.3794797376175816,-0.0004548297599729,0.02,True,True,True
e04d_lookback_10s,lookback_10s,shuffle,id,shuffled,window_mean,roll,50,5.0,0.7503880377388688,0.749652692626698,0.00293729986508,0.02,True,True,True
e04d_lookback_10s,lookback_10s,shuffle,id,shuffled,window_mean,roll,100,10.0,0.0882200914502708,0.0861331380106321,0.0022836515103477,0.02,True,True,True
e04d_lookback_10s,lookback_10s,shuffle,id,shuffled,window_mean,roll,150,15.0,0.3815106747023173,0.3814279168823273,0.000133788481971,0.02,True,True,True
e04d_lookback_10s,lookback_10s,shuffle,id,shuffled,window_mean,pitch,10,1.0,-1.2687539976150068,-1.2737608540449177,0.0022020154058874,0.02,True,True,True
e04d_lookback_10s,lookback_10s,shuffle,id,shuffled,window_mean,pitch,20,2.0,0.2739625757953305,0.2737878569225991,0.0002405893021715,0.02,True,True,True
e04d_lookback_10s,lookback_10s,shuffle,id,shuffled,window_mean,pitch,30,3.0,0.5772683093505884,0.5775881933129345,-0.00075727988016,0.02,True,True,True
e04d_lookback_10s,lookback_10s,shuffle,id,shuffled,window_mean,pitch,50,5.0,0.6978880403497616,0.6970367021213557,0.0028100375008027,0.02,True,True,True
e04d_lookback_10s,lookback_10s,shuffle,id,shuffled,window_mean,pitch,100,10.0,0.3461019956420851,0.3457785317204699,0.0004944257217144,0.02,True,True,True
e04d_lookback_10s,lookback_10s,shuffle,id,shuffled,window_mean,pitch,150,15.0,0.4848602343953671,0.4850253571239098,-0.0003206424448796,0.02,True,True,True
e04d_lookback_10s,lookback_10s,shuffle,id,shuffled,window_mean,heave,10,1.0,-2.8344000424707128,-2.8407705585741936,0.0016586557323137,0.02,True,True,True
e04d_lookback_10s,lookback_10s,shuffle,id,shuffled,window_mean,heave,20,2.0,-0.1026672291410537,-0.1046283400764997,0.0017753581583016,0.02,True,True,True
e04d_lookback_10s,lookback_10s,shuffle,id,shuffled,window_mean,heave,30,3.0,0.4287769002185734,0.4282888193270011,0.0008537193395408,0.02,True,True,True
e04d_lookback_10s,lookback_10s,shuffle,id,shuffled,window_mean,heave,50,5.0,0.7041935152723989,0.7037534048020628,0.0014856220374179,0.02,True,True,True
e04d_lookback_10s,lookback_10s,shuffle,id,shuffled,window_mean,heave,100,10.0,0.2376654606179001,0.236327735545594,0.0017517004801291,0.02,True,True,True
e04d_lookback_10s,lookback_10s,shuffle,id,shuffled,window_mean,heave,150,15.0,0.4494932074580374,0.4490436288418153,0.000815996764457,0.02,True,True,True
e04d_lookback_10s,lookback_10s,shuffle,id,shuffled,window_mean,roll_rate,10,1.0,-3.632073026851956,-3.637745885629177,0.001223193102235,0.02,True,True,True
e04d_lookback_10s,lookback_10s,shuffle,id,shuffled,window_mean,roll_rate,20,2.0,-0.237751041156321,-0.241137088649159,0.0027281817003175,0.02,True,True,True
e04d_lookback_10s,lookback_10s,shuffle,id,shuffled,window_mean,roll_rate,30,3.0,0.4153584074834212,0.4137708656532,0.0027080568624249,0.02,True,True,True
e04d_lookback_10s,lookback_10s,shuffle,id,shuffled,window_mean,roll_rate,50,5.0,0.75288911831656,0.7529305742664718,-0.0001677906919834,0.02,True,True,True
e04d_lookback_10s,lookback_10s,shuffle,id,shuffled,window_mean,roll_rate,100,10.0,-0.0002572349222575,-0.0002555145704459,-1.7199123489852752e-06,0.02,True,True,True
e04d_lookback_10s,lookback_10s,shuffle,id,shuffled,window_mean,roll_rate,150,15.0,0.4375443459333173,0.436028393930282,0.0026879934853456,0.02,True,True,True
e04d_lookback_10s,lookback_10s,shuffle,id,shuffled,window_mean,pitch_rate,10,1.0,-0.7504951076973438,-0.7512574838362238,0.0004353306957524,0.02,True,True,True
e04d_lookback_10s,lookback_10s,shuffle,id,shuffled,window_mean,pitch_rate,20,2.0,0.4102182986598544,0.40900618785236,0.0020509703867958,0.02,True,True,True
e04d_lookback_10s,lookback_10s,shuffle,id,shuffled,window_mean,pitch_rate,30,3.0,0.6345444846840496,0.6332779340751254,0.0034537071166684,0.02,True,True,True
e04d_lookback_10s,lookback_10s,shuffle,id,shuffled,window_mean,pitch_rate,50,5.0,0.6661685723025441,0.6665346405733676,-0.0010977700096135,0.02,True,True,True
e04d_lookback_10s,lookback_10s,shuffle,id,shuffled,window_mean,pitch_rate,100,10.0,0.4392015596598851,0.4386576573632746,0.0009689315330386,0.02,True,True,True
e04d_lookback_10s,lookback_10s,shuffle,id,shuffled,window_mean,pitch_rate,150,15.0,0.4855601040809526,0.4856771716923173,-0.0002276150404403,0.02,True,True,True
e04d_lookback_10s,lookback_10s,shuffle,id,shuffled,window_mean,heave_rate,10,1.0,-1.991711649053875,-1.992866573625533,0.0003858924356455,0.02,True,True,True
e04d_lookback_10s,lookback_10s,shuffle,id,shuffled,window_mean,heave_rate,20,2.0,0.1087535808300539,0.1082657099044344,0.0005471034713347,0.02,True,True,True
e04d_lookback_10s,lookback_10s,shuffle,id,shuffled,window_mean,heave_rate,30,3.0,0.5185106562786163,0.5173253118870937,0.0024557832028789,0.02,True,True,True
e04d_lookback_10s,lookback_10s,shuffle,id,shuffled,window_mean,heave_rate,50,5.0,0.716887571289769,0.7163123202821915,0.0020277616854905,0.02,True,True,True
e04d_lookback_10s,lookback_10s,shuffle,id,shuffled,window_mean,heave_rate,100,10.0,0.1312264755918945,0.1305799572225789,0.0007436202727166,0.02,True,True,True
e04d_lookback_10s,lookback_10s,shuffle,id,shuffled,window_mean,heave_rate,150,15.0,0.5217943215945409,0.5212964781703049,0.0010399827900432,0.02,True,True,True
e04d_lookback_10s,lookback_10s,untrained,id,untrained,persistence,roll,10,1.0,-5.269396451277338,0.0,-5.269396451277338,0.0,True,False,True
e04d_lookback_10s,lookback_10s,untrained,id,untrained,persistence,roll,20,2.0,-0.312441714824323,0.0,-0.312441714824323,0.0,True,False,True
e04d_lookback_10s,lookback_10s,untrained,id,untrained,persistence,roll,30,3.0,0.3482079543093451,0.0,0.3482079543093451,0.0,True,False,False
e04d_lookback_10s,lookback_10s,untrained,id,untrained,persistence,roll,50,5.0,0.740428975231737,0.0,0.740428975231737,0.0,True,False,False
e04d_lookback_10s,lookback_10s,untrained,id,untrained,persistence,roll,100,10.0,-0.1126532134903328,0.0,-0.1126532134903328,0.0,True,False,True
e04d_lookback_10s,lookback_10s,untrained,id,untrained,persistence,roll,150,15.0,0.3733643384023252,0.0,0.3733643384023252,0.0,True,False,False
e04d_lookback_10s,lookback_10s,untrained,id,untrained,persistence,pitch,10,1.0,-1.1169773195540893,0.0,-1.1169773195540893,0.0,True,False,True
e04d_lookback_10s,lookback_10s,untrained,id,untrained,persistence,pitch,20,2.0,-0.0101856984987964,0.0,-0.0101856984987964,0.0,True,False,True
e04d_lookback_10s,lookback_10s,untrained,id,untrained,persistence,pitch,30,3.0,0.4220489430242372,0.0,0.4220489430242372,0.0,True,False,False
e04d_lookback_10s,lookback_10s,untrained,id,untrained,persistence,pitch,50,5.0,0.694514511510939,0.0,0.694514511510939,0.0,True,False,False
e04d_lookback_10s,lookback_10s,untrained,id,untrained,persistence,pitch,100,10.0,0.2902126485780284,0.0,0.2902126485780284,0.0,True,False,False
e04d_lookback_10s,lookback_10s,untrained,id,untrained,persistence,pitch,150,15.0,0.3026729042699564,0.0,0.3026729042699564,0.0,True,False,False
e04d_lookback_10s,lookback_10s,untrained,id,untrained,persistence,heave,10,1.0,-2.942412347668523,0.0,-2.942412347668523,0.0,True,False,True
e04d_lookback_10s,lookback_10s,untrained,id,untrained,persistence,heave,20,2.0,-0.1025739458467325,0.0,-0.1025739458467325,0.0,True,False,True
e04d_lookback_10s,lookback_10s,untrained,id,untrained,persistence,heave,30,3.0,0.4648392816668392,0.0,0.4648392816668392,0.0,True,False,False
e04d_lookback_10s,lookback_10s,untrained,id,untrained,persistence,heave,50,5.0,0.5229690472264169,0.0,0.5229690472264169,0.0,True,False,False
e04d_lookback_10s,lookback_10s,untrained,id,untrained,persistence,heave,100,10.0,0.135888919526541,0.0,0.135888919526541,0.0,True,False,False
e04d_lookback_10s,lookback_10s,untrained,id,untrained,persistence,heave,150,15.0,0.4461388056112062,0.0,0.4461388056112062,0.0,True,False,False
e04d_lookback_10s,lookback_10s,untrained,id,untrained,persistence,roll_rate,10,1.0,-2.8515925852418103,0.0,-2.8515925852418103,0.0,True,False,True
e04d_lookback_10s,lookback_10s,untrained,id,untrained,persistence,roll_rate,20,2.0,-0.242288950931113,0.0,-0.242288950931113,0.0,True,False,True
e04d_lookback_10s,lookback_10s,untrained,id,untrained,persistence,roll_rate,30,3.0,0.4080060079396349,0.0,0.4080060079396349,0.0,True,False,False
e04d_lookback_10s,lookback_10s,untrained,id,untrained,persistence,roll_rate,50,5.0,0.7430062810635729,0.0,0.7430062810635729,0.0,True,False,False
e04d_lookback_10s,lookback_10s,untrained,id,untrained,persistence,roll_rate,100,10.0,-0.0321542141692454,0.0,-0.0321542141692454,0.0,True,False,True
e04d_lookback_10s,lookback_10s,untrained,id,untrained,persistence,roll_rate,150,15.0,0.3447570659646561,0.0,0.3447570659646561,0.0,True,False,False
e04d_lookback_10s,lookback_10s,untrained,id,untrained,persistence,pitch_rate,10,1.0,-1.0526828355037368,0.0,-1.0526828355037368,0.0,True,False,True
e04d_lookback_10s,lookback_10s,untrained,id,untrained,persistence,pitch_rate,20,2.0,0.4436689336155182,0.0,0.4436689336155182,0.0,True,False,False
e04d_lookback_10s,lookback_10s,untrained,id,untrained,persistence,pitch_rate,30,3.0,0.3462956404905085,0.0,0.3462956404905085,0.0,True,False,False
e04d_lookback_10s,lookback_10s,untrained,id,untrained,persistence,pitch_rate,50,5.0,0.6069667996565222,0.0,0.6069667996565222,0.0,True,False,False
e04d_lookback_10s,lookback_10s,untrained,id,untrained,persistence,pitch_rate,100,10.0,0.3832466643682324,0.0,0.3832466643682324,0.0,True,False,False
e04d_lookback_10s,lookback_10s,untrained,id,untrained,persistence,pitch_rate,150,15.0,0.4558816704674578,0.0,0.4558816704674578,0.0,True,False,False
e04d_lookback_10s,lookback_10s,untrained,id,untrained,persistence,heave_rate,10,1.0,-1.3224211860103643,0.0,-1.3224211860103643,0.0,True,False,True
e04d_lookback_10s,lookback_10s,untrained,id,untrained,persistence,heave_rate,20,2.0,0.1997409083081338,0.0,0.1997409083081338,0.0,True,False,False
e04d_lookback_10s,lookback_10s,untrained,id,untrained,persistence,heave_rate,30,3.0,0.2973876704892481,0.0,0.2973876704892481,0.0,True,False,False
e04d_lookback_10s,lookback_10s,untrained,id,untrained,persistence,heave_rate,50,5.0,0.622289387726306,0.0,0.622289387726306,0.0,True,False,False
e04d_lookback_10s,lookback_10s,untrained,id,untrained,persistence,heave_rate,100,10.0,-0.3116048759747589,0.0,-0.3116048759747589,0.0,True,False,True
e04d_lookback_10s,lookback_10s,untrained,id,untrained,persistence,heave_rate,150,15.0,0.0648021468109829,0.0,0.0648021468109829,0.0,True,False,False
e04d_lookback_10s,lookback_10s,shuffle,unseen_seastate,shuffled,window_mean,roll,10,1.0,-4.215961669720961,-4.225822289139282,0.0018869029356037,0.02,True,True,True
e04d_lookback_10s,lookback_10s,shuffle,unseen_seastate,shuffled,window_mean,roll,20,2.0,-0.379677031944742,-0.3810818158360536,0.0010171619633274,0.02,True,True,True
e04d_lookback_10s,lookback_10s,shuffle,unseen_seastate,shuffled,window_mean,roll,30,3.0,0.3615608646564229,0.3617357858400613,-0.0002740576390745,0.02,True,True,True
e04d_lookback_10s,lookback_10s,shuffle,unseen_seastate,shuffled,window_mean,roll,50,5.0,0.7492983557813198,0.749251046470711,0.0001886720161458,0.02,True,True,True
e04d_lookback_10s,lookback_10s,shuffle,unseen_seastate,shuffled,window_mean,roll,100,10.0,0.1226848198162939,0.1241923629442204,-0.0017213176320252,0.02,True,True,True
e04d_lookback_10s,lookback_10s,shuffle,unseen_seastate,shuffled,window_mean,roll,150,15.0,0.3513702477521282,0.3520160614381281,-0.0009966507617971,0.02,True,True,True
e04d_lookback_10s,lookback_10s,shuffle,unseen_seastate,shuffled,window_mean,pitch,10,1.0,-1.6218561990229312,-1.6351651021808769,0.0050505006866291,0.02,True,True,True
e04d_lookback_10s,lookback_10s,shuffle,unseen_seastate,shuffled,window_mean,pitch,20,2.0,0.1873275108731207,0.1833499688649732,0.0048705588152849,0.02,True,True,True
e04d_lookback_10s,lookback_10s,shuffle,unseen_seastate,shuffled,window_mean,pitch,30,3.0,0.5404389026983545,0.5393531701028894,0.0023569739874419,0.02,True,True,True
e04d_lookback_10s,lookback_10s,shuffle,unseen_seastate,shuffled,window_mean,pitch,50,5.0,0.7004628721618621,0.7005419881635584,-0.000264197311707,0.02,True,True,True
e04d_lookback_10s,lookback_10s,shuffle,unseen_seastate,shuffled,window_mean,pitch,100,10.0,0.2961177857874831,0.2972851406335721,-0.0016612070038499,0.02,True,True,True
e04d_lookback_10s,lookback_10s,shuffle,unseen_seastate,shuffled,window_mean,pitch,150,15.0,0.4875655451633147,0.4873771804366413,0.0003674528707751,0.02,True,True,True
e04d_lookback_10s,lookback_10s,shuffle,unseen_seastate,shuffled,window_mean,heave,10,1.0,-3.410384445979576,-3.4348030778473424,0.0055061366737437,0.02,True,True,True
e04d_lookback_10s,lookback_10s,shuffle,unseen_seastate,shuffled,window_mean,heave,20,2.0,-0.2434500613577728,-0.250026024375604,0.005260660889933,0.02,True,True,True
e04d_lookback_10s,lookback_10s,shuffle,unseen_seastate,shuffled,window_mean,heave,30,3.0,0.3727133795843779,0.37059264693342,0.0033694119406538,0.02,True,True,True
e04d_lookback_10s,lookback_10s,shuffle,unseen_seastate,shuffled,window_mean,heave,50,5.0,0.6978839562280961,0.6969801159084668,0.002982775610053,0.02,True,True,True
e04d_lookback_10s,lookback_10s,shuffle,unseen_seastate,shuffled,window_mean,heave,100,10.0,0.3024761094053079,0.3016550933878166,0.0011756597774503,0.02,True,True,True
e04d_lookback_10s,lookback_10s,shuffle,unseen_seastate,shuffled,window_mean,heave,150,15.0,0.4015992353042474,0.4017107603492638,-0.000186406569975,0.02,True,True,True
e04d_lookback_10s,lookback_10s,shuffle,unseen_seastate,shuffled,window_mean,roll_rate,10,1.0,-3.942412035393474,-3.9348308443936064,-0.0015362615738856,0.02,True,True,True
e04d_lookback_10s,lookback_10s,shuffle,unseen_seastate,shuffled,window_mean,roll_rate,20,2.0,-0.3074453310063625,-0.3077785528818249,0.0002547999236782,0.02,True,True,True
e04d_lookback_10s,lookback_10s,shuffle,unseen_seastate,shuffled,window_mean,roll_rate,30,3.0,0.3927598220126603,0.3914265819636648,0.0021907628717952,0.02,True,True,True
e04d_lookback_10s,lookback_10s,shuffle,unseen_seastate,shuffled,window_mean,roll_rate,50,5.0,0.7546703748913248,0.7540091489446612,0.0026880103216313,0.02,True,True,True
e04d_lookback_10s,lookback_10s,shuffle,unseen_seastate,shuffled,window_mean,roll_rate,100,10.0,0.0413839258125652,0.0392745576288222,0.0021955993780458,0.02,True,True,True
e04d_lookback_10s,lookback_10s,shuffle,unseen_seastate,shuffled,window_mean,roll_rate,150,15.0,0.4072547491737925,0.4055463020639029,0.0028739784373807,0.02,True,True,True
e04d_lookback_10s,lookback_10s,shuffle,unseen_seastate,shuffled,window_mean,pitch_rate,10,1.0,-0.935247726337199,-0.9402451945544236,0.0025756890063434,0.02,True,True,True
e04d_lookback_10s,lookback_10s,shuffle,unseen_seastate,shuffled,window_mean,pitch_rate,20,2.0,0.3608878426729019,0.359779703030728,0.0017308724003592,0.02,True,True,True
e04d_lookback_10s,lookback_10s,shuffle,unseen_seastate,shuffled,window_mean,pitch_rate,30,3.0,0.6124861464674368,0.6113723414820045,0.0028659951524803,0.02,True,True,True
e04d_lookback_10s,lookback_10s,shuffle,unseen_seastate,shuffled,window_mean,pitch_rate,50,5.0,0.6809830470588043,0.6808270212526522,0.0004888440329895,0.02,True,True,True
e04d_lookback_10s,lookback_10s,shuffle,unseen_seastate,shuffled,window_mean,pitch_rate,100,10.0,0.3741714075209507,0.3766244296420576,-0.0039350629664529,0.02,True,True,True
e04d_lookback_10s,lookback_10s,shuffle,unseen_seastate,shuffled,window_mean,pitch_rate,150,15.0,0.5043770154665042,0.5045046607239652,-0.0002576114190044,0.02,True,True,True
e04d_lookback_10s,lookback_10s,shuffle,unseen_seastate,shuffled,window_mean,heave_rate,10,1.0,-2.497531575798064,-2.509146117162228,0.003309791321416,0.02,True,True,True
e04d_lookback_10s,lookback_10s,shuffle,unseen_seastate,shuffled,window_mean,heave_rate,20,2.0,-0.0087947301653108,-0.0133398438292642,0.0044852807196231,0.02,True,True,True
e04d_lookback_10s,lookback_10s,shuffle,unseen_seastate,shuffled,window_mean,heave_rate,30,3.0,0.4748740207602079,0.4710942238718896,0.0071464466052697,0.02,True,True,True
e04d_lookback_10s,lookback_10s,shuffle,unseen_seastate,shuffled,window_mean,heave_rate,50,5.0,0.7176118514694272,0.7164999085490729,0.0039221959847119,0.02,True,True,True
e04d_lookback_10s,lookback_10s,shuffle,unseen_seastate,shuffled,window_mean,heave_rate,100,10.0,0.1254083336336254,0.1274211795872462,-0.0023067783752401,0.02,True,True,True
e04d_lookback_10s,lookback_10s,shuffle,unseen_seastate,shuffled,window_mean,heave_rate,150,15.0,0.4987361462917554,0.4987635368181659,-5.464591749082537e-05,0.02,True,True,True
e04d_lookback_10s,lookback_10s,untrained,unseen_seastate,untrained,persistence,roll,10,1.0,-5.30995911631726,0.0,-5.30995911631726,0.0,True,False,True
e04d_lookback_10s,lookback_10s,untrained,unseen_seastate,untrained,persistence,roll,20,2.0,-0.4092860540742458,0.0,-0.4092860540742458,0.0,True,False,True
e04d_lookback_10s,lookback_10s,untrained,unseen_seastate,untrained,persistence,roll,30,3.0,0.37244926501466,0.0,0.37244926501466,0.0,True,False,False
e04d_lookback_10s,lookback_10s,untrained,unseen_seastate,untrained,persistence,roll,50,5.0,0.7665164937627553,0.0,0.7665164937627553,0.0,True,False,False
e04d_lookback_10s,lookback_10s,untrained,unseen_seastate,untrained,persistence,roll,100,10.0,0.0668938069883673,0.0,0.0668938069883673,0.0,True,False,False
e04d_lookback_10s,lookback_10s,untrained,unseen_seastate,untrained,persistence,roll,150,15.0,0.385174302555069,0.0,0.385174302555069,0.0,True,False,False
e04d_lookback_10s,lookback_10s,untrained,unseen_seastate,untrained,persistence,pitch,10,1.0,-1.6494562078511974,0.0,-1.6494562078511974,0.0,True,False,True
e04d_lookback_10s,lookback_10s,untrained,unseen_seastate,untrained,persistence,pitch,20,2.0,-0.3070491276642744,0.0,-0.3070491276642744,0.0,True,False,True
e04d_lookback_10s,lookback_10s,untrained,unseen_seastate,untrained,persistence,pitch,30,3.0,0.2646916848533722,0.0,0.2646916848533722,0.0,True,False,False
e04d_lookback_10s,lookback_10s,untrained,unseen_seastate,untrained,persistence,pitch,50,5.0,0.6819602591496741,0.0,0.6819602591496741,0.0,True,False,False
e04d_lookback_10s,lookback_10s,untrained,unseen_seastate,untrained,persistence,pitch,100,10.0,0.1847133596141212,0.0,0.1847133596141212,0.0,True,False,False
e04d_lookback_10s,lookback_10s,untrained,unseen_seastate,untrained,persistence,pitch,150,15.0,0.2705161411979002,0.0,0.2705161411979002,0.0,True,False,False
e04d_lookback_10s,lookback_10s,untrained,unseen_seastate,untrained,persistence,heave,10,1.0,-3.657890269439833,0.0,-3.657890269439833,0.0,True,False,True
e04d_lookback_10s,lookback_10s,untrained,unseen_seastate,untrained,persistence,heave,20,2.0,-0.1656095957819365,0.0,-0.1656095957819365,0.0,True,False,True
e04d_lookback_10s,lookback_10s,untrained,unseen_seastate,untrained,persistence,heave,30,3.0,0.373683224368282,0.0,0.373683224368282,0.0,True,False,False
e04d_lookback_10s,lookback_10s,untrained,unseen_seastate,untrained,persistence,heave,50,5.0,0.5724277424094415,0.0,0.5724277424094415,0.0,True,False,False
e04d_lookback_10s,lookback_10s,untrained,unseen_seastate,untrained,persistence,heave,100,10.0,0.2810182932374562,0.0,0.2810182932374562,0.0,True,False,False
e04d_lookback_10s,lookback_10s,untrained,unseen_seastate,untrained,persistence,heave,150,15.0,0.4190783741738711,0.0,0.4190783741738711,0.0,True,False,False
e04d_lookback_10s,lookback_10s,untrained,unseen_seastate,untrained,persistence,roll_rate,10,1.0,-3.1099680345512324,0.0,-3.1099680345512324,0.0,True,False,True
e04d_lookback_10s,lookback_10s,untrained,unseen_seastate,untrained,persistence,roll_rate,20,2.0,-0.3092972904645057,0.0,-0.3092972904645057,0.0,True,False,True
e04d_lookback_10s,lookback_10s,untrained,unseen_seastate,untrained,persistence,roll_rate,30,3.0,0.4198864858932749,0.0,0.4198864858932749,0.0,True,False,False
e04d_lookback_10s,lookback_10s,untrained,unseen_seastate,untrained,persistence,roll_rate,50,5.0,0.7823567680610954,0.0,0.7823567680610954,0.0,True,False,False
e04d_lookback_10s,lookback_10s,untrained,unseen_seastate,untrained,persistence,roll_rate,100,10.0,0.0525417090098697,0.0,0.0525417090098697,0.0,True,False,False
e04d_lookback_10s,lookback_10s,untrained,unseen_seastate,untrained,persistence,roll_rate,150,15.0,0.3578623190581266,0.0,0.3578623190581266,0.0,True,False,False
e04d_lookback_10s,lookback_10s,untrained,unseen_seastate,untrained,persistence,pitch_rate,10,1.0,-1.330334781014686,0.0,-1.330334781014686,0.0,True,False,True
e04d_lookback_10s,lookback_10s,untrained,unseen_seastate,untrained,persistence,pitch_rate,20,2.0,0.3948349286764412,0.0,0.3948349286764412,0.0,True,False,False
e04d_lookback_10s,lookback_10s,untrained,unseen_seastate,untrained,persistence,pitch_rate,30,3.0,0.0736342698134867,0.0,0.0736342698134867,0.0,True,False,False
e04d_lookback_10s,lookback_10s,untrained,unseen_seastate,untrained,persistence,pitch_rate,50,5.0,0.5768710834080508,0.0,0.5768710834080508,0.0,True,False,False
e04d_lookback_10s,lookback_10s,untrained,unseen_seastate,untrained,persistence,pitch_rate,100,10.0,0.1529601126527892,0.0,0.1529601126527892,0.0,True,False,False
e04d_lookback_10s,lookback_10s,untrained,unseen_seastate,untrained,persistence,pitch_rate,150,15.0,0.4688391461867996,0.0,0.4688391461867996,0.0,True,False,False
e04d_lookback_10s,lookback_10s,untrained,unseen_seastate,untrained,persistence,heave_rate,10,1.0,-1.6305222707679867,0.0,-1.6305222707679867,0.0,True,False,True
e04d_lookback_10s,lookback_10s,untrained,unseen_seastate,untrained,persistence,heave_rate,20,2.0,0.0992071957853378,0.0,0.0992071957853378,0.0,True,False,False
e04d_lookback_10s,lookback_10s,untrained,unseen_seastate,untrained,persistence,heave_rate,30,3.0,0.243607563800937,0.0,0.243607563800937,0.0,True,False,False
e04d_lookback_10s,lookback_10s,untrained,unseen_seastate,untrained,persistence,heave_rate,50,5.0,0.6267713473993833,0.0,0.6267713473993833,0.0,True,False,False
e04d_lookback_10s,lookback_10s,untrained,unseen_seastate,untrained,persistence,heave_rate,100,10.0,-0.2937223796358534,0.0,-0.2937223796358534,0.0,True,False,True
e04d_lookback_10s,lookback_10s,untrained,unseen_seastate,untrained,persistence,heave_rate,150,15.0,0.0404787657029793,0.0,0.0404787657029793,0.0,True,False,False
e04d_lookback_10s_ood,lookback_10s,shuffle,unseen_heading,shuffled,window_mean,roll,10,1.0,-3.844619386505185,-3.831827705369241,-0.0026473794009107,0.02,True,True,True
e04d_lookback_10s_ood,lookback_10s,shuffle,unseen_heading,shuffled,window_mean,roll,20,2.0,-0.2868247701241859,-0.2821195868195658,-0.0036698474565011,0.02,True,True,True
e04d_lookback_10s_ood,lookback_10s,shuffle,unseen_heading,shuffled,window_mean,roll,30,3.0,0.4006857374799796,0.4016476833058852,-0.0016076578949677,0.02,True,True,True
e04d_lookback_10s_ood,lookback_10s,shuffle,unseen_heading,shuffled,window_mean,roll,50,5.0,0.7571146606056935,0.7556018265526472,0.0061900382957331,0.02,True,True,True
e04d_lookback_10s_ood,lookback_10s,shuffle,unseen_heading,shuffled,window_mean,roll,100,10.0,0.0045178424528179,-0.0013950307415515,0.0059046360455682,0.02,True,True,True
e04d_lookback_10s_ood,lookback_10s,shuffle,unseen_heading,shuffled,window_mean,roll,150,15.0,0.4204000452171667,0.419541200518053,0.0014795963122278,0.02,True,True,True
e04d_lookback_10s_ood,lookback_10s,shuffle,unseen_heading,shuffled,window_mean,pitch,10,1.0,-1.3603596737627237,-1.4023343245926627,0.0174724435313791,0.02,False,True,True
e04d_lookback_10s_ood,lookback_10s,shuffle,unseen_heading,shuffled,window_mean,pitch,20,2.0,0.2767694968210386,0.2509316763149612,0.0344932760992592,0.02,False,True,False
e04d_lookback_10s_ood,lookback_10s,shuffle,unseen_heading,shuffled,window_mean,pitch,30,3.0,0.5995163523542382,0.5760981420139681,0.055244415420896,0.02,False,True,False
e04d_lookback_10s_ood,lookback_10s,shuffle,unseen_heading,shuffled,window_mean,pitch,50,5.0,0.7177034085381453,0.7189674736669598,-0.0044979317707747,0.02,False,True,True
e04d_lookback_10s_ood,lookback_10s,shuffle,unseen_heading,shuffled,window_mean,pitch,100,10.0,0.1674863280710542,0.1927846787745951,-0.0313402756839853,0.02,False,True,True
e04d_lookback_10s_ood,lookback_10s,shuffle,unseen_heading,shuffled,window_mean,pitch,150,15.0,0.5161265690172476,0.5312846613004749,-0.0323396548644732,0.02,False,True,True
e04d_lookback_10s_ood,lookback_10s,shuffle,unseen_heading,shuffled,window_mean,heave,10,1.0,-3.0687969778487547,-3.0652928912021986,-0.0008619518298766,0.02,True,True,True
e04d_lookback_10s_ood,lookback_10s,shuffle,unseen_heading,shuffled,window_mean,heave,20,2.0,-0.1392191910310527,-0.1403035492883149,0.0009509382461704,0.02,True,True,True
e04d_lookback_10s_ood,lookback_10s,shuffle,unseen_heading,shuffled,window_mean,heave,30,3.0,0.4287446373068597,0.4263255494846418,0.0042168303295444,0.02,True,True,True
e04d_lookback_10s_ood,lookback_10s,shuffle,unseen_heading,shuffled,window_mean,heave,50,5.0,0.7208403991900414,0.7203563272721978,0.0017310311837979,0.02,True,True,True
e04d_lookback_10s_ood,lookback_10s,shuffle,unseen_heading,shuffled,window_mean,heave,100,10.0,0.1420821930126505,0.1400646493893454,0.0023461573266785,0.02,True,True,True
e04d_lookback_10s_ood,lookback_10s,shuffle,unseen_heading,shuffled,window_mean,heave,150,15.0,0.4482912479086511,0.4472268008701517,0.0019256487835789,0.02,True,True,True
e04d_lookback_10s_ood,lookback_10s,shuffle,unseen_heading,shuffled,window_mean,roll_rate,10,1.0,-3.463484913044873,-3.473722523197466,0.0022883873775157,0.02,True,True,True
e04d_lookback_10s_ood,lookback_10s,shuffle,unseen_heading,shuffled,window_mean,roll_rate,20,2.0,-0.1932872474590925,-0.1981672727205852,0.0040729081594859,0.02,True,True,True
e04d_lookback_10s_ood,lookback_10s,shuffle,unseen_heading,shuffled,window_mean,roll_rate,30,3.0,0.4337175688536393,0.4320040151052406,0.0030168413051654,0.02,True,True,True
e04d_lookback_10s_ood,lookback_10s,shuffle,unseen_heading,shuffled,window_mean,roll_rate,50,5.0,0.75550516517588,0.7564240162457807,-0.0037723385357562,0.02,True,True,True
e04d_lookback_10s_ood,lookback_10s,shuffle,unseen_heading,shuffled,window_mean,roll_rate,100,10.0,-0.0790669525738769,-0.0755047164486311,-0.0033121529555057,0.02,True,True,True
e04d_lookback_10s_ood,lookback_10s,shuffle,unseen_heading,shuffled,window_mean,roll_rate,150,15.0,0.4660716126342654,0.4650610085483586,0.0018891950335576,0.02,True,True,True
e04d_lookback_10s_ood,lookback_10s,shuffle,unseen_heading,shuffled,window_mean,pitch_rate,10,1.0,-0.9843613007124083,-1.042437315258514,0.0284346619170317,0.02,False,True,False
e04d_lookback_10s_ood,lookback_10s,shuffle,unseen_heading,shuffled,window_mean,pitch_rate,20,2.0,0.3641333593261819,0.3363170243193009,0.0419120815602532,0.02,False,True,False
e04d_lookback_10s_ood,lookback_10s,shuffle,unseen_heading,shuffled,window_mean,pitch_rate,30,3.0,0.6229960718744689,0.6106437860044811,0.0317248972174616,0.02,False,True,False
e04d_lookback_10s_ood,lookback_10s,shuffle,unseen_heading,shuffled,window_mean,pitch_rate,50,5.0,0.7178623968386336,0.7076718592244347,0.0348599268861452,0.02,False,True,False
e04d_lookback_10s_ood,lookback_10s,shuffle,unseen_heading,shuffled,window_mean,pitch_rate,100,10.0,0.3661606902663821,0.3346562257606031,0.0473506564960256,0.02,False,True,False
e04d_lookback_10s_ood,lookback_10s,shuffle,unseen_heading,shuffled,window_mean,pitch_rate,150,15.0,0.5171182251938318,0.5120663439428355,0.0103536232606271,0.02,False,True,True
e04d_lookback_10s_ood,lookback_10s,shuffle,unseen_heading,shuffled,window_mean,heave_rate,10,1.0,-2.346373359175401,-2.3561851237497904,0.0029234872966205,0.02,True,True,True
e04d_lookback_10s_ood,lookback_10s,shuffle,unseen_heading,shuffled,window_mean,heave_rate,20,2.0,0.0359331389488781,0.0338759449528239,0.0021293269589004,0.02,True,True,True
e04d_lookback_10s_ood,lookback_10s,shuffle,unseen_heading,shuffled,window_mean,heave_rate,30,3.0,0.4951594292979522,0.4958638503535872,-0.0013972833650772,0.02,True,True,True
e04d_lookback_10s_ood,lookback_10s,shuffle,unseen_heading,shuffled,window_mean,heave_rate,50,5.0,0.7282118265781925,0.7276649948576983,0.0020079376876596,0.02,True,True,True
e04d_lookback_10s_ood,lookback_10s,shuffle,unseen_heading,shuffled,window_mean,heave_rate,100,10.0,-0.0110169774214157,-0.0119928476949211,0.000964305504459,0.02,True,True,True
e04d_lookback_10s_ood,lookback_10s,shuffle,unseen_heading,shuffled,window_mean,heave_rate,150,15.0,0.5232914133475535,0.5228773563556022,0.0008678208789014,0.02,True,True,True
e04d_lookback_10s_ood,lookback_10s,shuffle,unseen_vessel,shuffled,window_mean,roll,10,1.0,-6.981596410429806,-6.981767271592999,2.140643260806208e-05,0.02,True,True,True
e04d_lookback_10s_ood,lookback_10s,shuffle,unseen_vessel,shuffled,window_mean,roll,20,2.0,-1.2121163426821653,-1.2131900590359566,0.0004851442149794,0.02,True,True,True
e04d_lookback_10s_ood,lookback_10s,shuffle,unseen_vessel,shuffled,window_mean,roll,30,3.0,-0.053700901454448,-0.0555051416133072,0.0017093617906033,0.02,True,True,True
e04d_lookback_10s_ood,lookback_10s,shuffle,unseen_vessel,shuffled,window_mean,roll,50,5.0,0.6009612066224175,0.5999745754867936,0.0024664210701721,0.02,True,True,True
e04d_lookback_10s_ood,lookback_10s,shuffle,unseen_vessel,shuffled,window_mean,roll,100,10.0,0.7510275420515373,0.7499500818146493,0.0043089805615907,0.02,True,True,True
e04d_lookback_10s_ood,lookback_10s,shuffle,unseen_vessel,shuffled,window_mean,roll,150,15.0,-1.5757859094688018,-1.578562814703754,0.0010769197551122,0.02,True,True,True
e04d_lookback_10s_ood,lookback_10s,shuffle,unseen_vessel,shuffled,window_mean,pitch,10,1.0,-1.7874796780475155,-1.7902383782771991,0.0009886969698219,0.02,True,True,True
e04d_lookback_10s_ood,lookback_10s,shuffle,unseen_vessel,shuffled,window_mean,pitch,20,2.0,0.1568352172756832,0.1539985408938821,0.0033530395855326,0.02,True,True,True
e04d_lookback_10s_ood,lookback_10s,shuffle,unseen_vessel,shuffled,window_mean,pitch,30,3.0,0.5346172410663266,0.533465921588107,0.0024678143173135,0.02,True,True,True
e04d_lookback_10s_ood,lookback_10s,shuffle,unseen_vessel,shuffled,window_mean,pitch,50,5.0,0.7123270037327664,0.7126877083740837,-0.0012554445174484,0.02,True,True,True
e04d_lookback_10s_ood,lookback_10s,shuffle,unseen_vessel,shuffled,window_mean,pitch,100,10.0,0.1580543054530955,0.1595828467151048,-0.0018187887479863,0.02,True,True,True
e04d_lookback_10s_ood,lookback_10s,shuffle,unseen_vessel,shuffled,window_mean,pitch,150,15.0,0.5264424512621917,0.5264591127064739,-3.518480606290453e-05,0.02,True,True,True
e04d_lookback_10s_ood,lookback_10s,shuffle,unseen_vessel,shuffled,window_mean,heave,10,1.0,-3.401735236289718,-3.4152643888050127,0.0030641772097721,0.02,True,True,True
e04d_lookback_10s_ood,lookback_10s,shuffle,unseen_vessel,shuffled,window_mean,heave,20,2.0,-0.2338688628905763,-0.2380398062732478,0.0033689897219273,0.02,True,True,True
e04d_lookback_10s_ood,lookback_10s,shuffle,unseen_vessel,shuffled,window_mean,heave,30,3.0,0.380113237075478,0.3787875871353515,0.0021339720724726,0.02,True,True,True
e04d_lookback_10s_ood,lookback_10s,shuffle,unseen_vessel,shuffled,window_mean,heave,50,5.0,0.700464214059574,0.7006558132350074,-0.0006400631243383,0.02,True,True,True
e04d_lookback_10s_ood,lookback_10s,shuffle,unseen_vessel,shuffled,window_mean,heave,100,10.0,0.2533170222456429,0.2543482703677197,-0.0013830157982539,0.02,True,True,True
e04d_lookback_10s_ood,lookback_10s,shuffle,unseen_vessel,shuffled,window_mean,heave,150,15.0,0.4320036590479493,0.4316761455523151,0.0005762796917129,0.02,True,True,True
e04d_lookback_10s_ood,lookback_10s,shuffle,unseen_vessel,shuffled,window_mean,roll_rate,10,1.0,-6.159948583553884,-6.194864931156116,0.0048529538686726,0.02,True,True,True
e04d_lookback_10s_ood,lookback_10s,shuffle,unseen_vessel,shuffled,window_mean,roll_rate,20,2.0,-0.9897007442116048,-0.9969341358271636,0.003622248468682,0.02,True,True,True
e04d_lookback_10s_ood,lookback_10s,shuffle,unseen_vessel,shuffled,window_mean,roll_rate,30,3.0,0.0425582843858713,0.0411176546919991,0.0015024050666085,0.02,True,True,True
e04d_lookback_10s_ood,lookback_10s,shuffle,unseen_vessel,shuffled,window_mean,roll_rate,50,5.0,0.6252384057805458,0.6253126741950104,-0.00019821437596,0.02,True,True,True
e04d_lookback_10s_ood,lookback_10s,shuffle,unseen_vessel,shuffled,window_mean,roll_rate,100,10.0,0.7032396798366916,0.7037753747854932,-0.0018084078878106,0.02,True,True,True
e04d_lookback_10s_ood,lookback_10s,shuffle,unseen_vessel,shuffled,window_mean,roll_rate,150,15.0,-0.8928307283293417,-0.8974556038449457,0.0024374090788908,0.02,True,True,True
e04d_lookback_10s_ood,lookback_10s,shuffle,unseen_vessel,shuffled,window_mean,pitch_rate,10,1.0,-1.2158109114937647,-1.2264817281526854,0.0047926809926144,0.02,True,True,True
e04d_lookback_10s_ood,lookback_10s,shuffle,unseen_vessel,shuffled,window_mean,pitch_rate,20,2.0,0.2920745532031635,0.2920393312288171,4.975131515083664e-05,0.02,True,True,True
e04d_lookback_10s_ood,lookback_10s,shuffle,unseen_vessel,shuffled,window_mean,pitch_rate,30,3.0,0.589802022034467,0.5898113878278075,-2.283289458215876e-05,0.02,True,True,True
e04d_lookback_10s_ood,lookback_10s,shuffle,unseen_vessel,shuffled,window_mean,pitch_rate,50,5.0,0.7081627004985237,0.7081195577083311,0.0001478098013482,0.02,True,True,True
e04d_lookback_10s_ood,lookback_10s,shuffle,unseen_vessel,shuffled,window_mean,pitch_rate,100,10.0,0.2425621171488127,0.2426780117430537,-0.0001530321264113,0.02,True,True,True
e04d_lookback_10s_ood,lookback_10s,shuffle,unseen_vessel,shuffled,window_mean,pitch_rate,150,15.0,0.5375610101581552,0.5375899644897075,-6.261614006808358e-05,0.02,True,True,True
e04d_lookback_10s_ood,lookback_10s,shuffle,unseen_vessel,shuffled,window_mean,heave_rate,10,1.0,-2.5789596713605847,-2.5868281782259865,0.0021937228309869,0.02,True,True,True
e04d_lookback_10s_ood,lookback_10s,shuffle,unseen_vessel,shuffled,window_mean,heave_rate,20,2.0,-0.0226826660967565,-0.0237297892939476,0.0010228511548084,0.02,True,True,True
e04d_lookback_10s_ood,lookback_10s,shuffle,unseen_vessel,shuffled,window_mean,heave_rate,30,3.0,0.4720622862803447,0.4712725902705557,0.0014935787236625,0.02,True,True,True
e04d_lookback_10s_ood,lookback_10s,shuffle,unseen_vessel,shuffled,window_mean,heave_rate,50,5.0,0.720922036890638,0.7202431606861159,0.0024266652646887,0.02,True,True,True
e04d_lookback_10s_ood,lookback_10s,shuffle,unseen_vessel,shuffled,window_mean,heave_rate,100,10.0,0.0402486876105308,0.0394909104986618,0.0007889327859066,0.02,True,True,True
e04d_lookback_10s_ood,lookback_10s,shuffle,unseen_vessel,shuffled,window_mean,heave_rate,150,15.0,0.5239158019591411,0.523942508636121,-5.609968851327807e-05,0.02,True,True,True
e04e_lookback_40s,lookback_40s,shuffle,id,shuffled,window_mean,roll,10,1.0,-2.682613950504035,-2.680637505160985,-0.0005369845143072,0.02,True,True,True
e04e_lookback_40s,lookback_40s,shuffle,id,shuffled,window_mean,roll,20,2.0,-0.0451143703603384,-0.0454072940350758,0.0002802005270182,0.02,True,True,True
e04e_lookback_40s,lookback_40s,shuffle,id,shuffled,window_mean,roll,30,3.0,0.4560943606640303,0.4556317066317219,0.0008498915861644,0.02,True,True,True
e04e_lookback_40s,lookback_40s,shuffle,id,shuffled,window_mean,roll,50,5.0,0.7057240925670697,0.7057797623349584,-0.0001892112124255,0.02,True,True,True
e04e_lookback_40s,lookback_40s,shuffle,id,shuffled,window_mean,roll,100,10.0,0.1453843424669061,0.1451901243626578,0.000227206200798,0.02,True,True,True
e04e_lookback_40s,lookback_40s,shuffle,id,shuffled,window_mean,roll,150,15.0,0.4588985897991129,0.4592036216892087,-0.0005640420356523,0.02,True,True,True
e04e_lookback_40s,lookback_40s,shuffle,id,shuffled,window_mean,pitch,10,1.0,-1.0044417455741763,-1.001724862227262,-0.0013572711206133,0.02,True,True,True
e04e_lookback_40s,lookback_40s,shuffle,id,shuffled,window_mean,pitch,20,2.0,0.3877747238736762,0.387746061283163,4.6814873209677366e-05,0.02,True,True,True
e04e_lookback_40s,lookback_40s,shuffle,id,shuffled,window_mean,pitch,30,3.0,0.6367681949971381,0.636842566803818,-0.0002047921917096,0.02,True,True,True
e04e_lookback_40s,lookback_40s,shuffle,id,shuffled,window_mean,pitch,50,5.0,0.6918227895498134,0.6916719368605471,0.0004892603278802,0.02,True,True,True
e04e_lookback_40s,lookback_40s,shuffle,id,shuffled,window_mean,pitch,100,10.0,0.3690832702746289,0.369515286205807,-0.0006852123798184,0.02,True,True,True
e04e_lookback_40s,lookback_40s,shuffle,id,shuffled,window_mean,pitch,150,15.0,0.5102258913179594,0.5103385900320265,-0.0002301564137441,0.02,True,True,True
e04e_lookback_40s,lookback_40s,shuffle,id,shuffled,window_mean,heave,10,1.0,-2.0840930394204427,-2.082046805056643,-0.0006639205999214,0.02,True,True,True
e04e_lookback_40s,lookback_40s,shuffle,id,shuffled,window_mean,heave,20,2.0,0.1160576451875954,0.1162269427353581,-0.0001915622414274,0.02,True,True,True
e04e_lookback_40s,lookback_40s,shuffle,id,shuffled,window_mean,heave,30,3.0,0.5273131022849908,0.5271553077079412,0.0003337133304485,0.02,True,True,True
e04e_lookback_40s,lookback_40s,shuffle,id,shuffled,window_mean,heave,50,5.0,0.7118289971721288,0.7119566116133116,-0.0004430389529077,0.02,True,True,True
e04e_lookback_40s,lookback_40s,shuffle,id,shuffled,window_mean,heave,100,10.0,0.2024276957058566,0.2029307065314222,-0.0006310754029636,0.02,True,True,True
e04e_lookback_40s,lookback_40s,shuffle,id,shuffled,window_mean,heave,150,15.0,0.513448431168412,0.5138730587022072,-0.0008734910528958,0.02,True,True,True
e04e_lookback_40s,lookback_40s,shuffle,id,shuffled,window_mean,roll_rate,10,1.0,-2.503679453749813,-2.505414423422199,0.0004949399593935,0.02,True,True,True
e04e_lookback_40s,lookback_40s,shuffle,id,shuffled,window_mean,roll_rate,20,2.0,-0.0020773415981818,-0.0017921492833334,-0.0002846821219875,0.02,True,True,True
e04e_lookback_40s,lookback_40s,shuffle,id,shuffled,window_mean,roll_rate,30,3.0,0.4734335996959244,0.4738930288395679,-0.0008732618437465,0.02,True,True,True
e04e_lookback_40s,lookback_40s,shuffle,id,shuffled,window_mean,roll_rate,50,5.0,0.7087062309723711,0.7087331413167921,-9.239068441457832e-05,0.02,True,True,True
e04e_lookback_40s,lookback_40s,shuffle,id,shuffled,window_mean,roll_rate,100,10.0,0.0772957849764828,0.0782771379540353,-0.0010646941916729,0.02,True,True,True
e04e_lookback_40s,lookback_40s,shuffle,id,shuffled,window_mean,roll_rate,150,15.0,0.4931846340276598,0.4935003465671589,-0.0006233223208729,0.02,True,True,True
e04e_lookback_40s,lookback_40s,shuffle,id,shuffled,window_mean,pitch_rate,10,1.0,-0.5683217282771731,-0.569096242167324,0.0004936050889275,0.02,True,True,True
e04e_lookback_40s,lookback_40s,shuffle,id,shuffled,window_mean,pitch_rate,20,2.0,0.496717115657164,0.4972479684968377,-0.0010558939723952,0.02,True,True,True
e04e_lookback_40s,lookback_40s,shuffle,id,shuffled,window_mean,pitch_rate,30,3.0,0.6784463526033621,0.6782651864016371,0.000563091695607,0.02,True,True,True
e04e_lookback_40s,lookback_40s,shuffle,id,shuffled,window_mean,pitch_rate,50,5.0,0.6506048848816559,0.6509586973915478,-0.0010136694633207,0.02,True,True,True
e04e_lookback_40s,lookback_40s,shuffle,id,shuffled,window_mean,pitch_rate,100,10.0,0.4691278787183113,0.4693667857702348,-0.0004502301128479,0.02,True,True,True
e04e_lookback_40s,lookback_40s,shuffle,id,shuffled,window_mean,pitch_rate,150,15.0,0.4986583367971692,0.4987281741559423,-0.0001393203351405,0.02,True,True,True
e04e_lookback_40s,lookback_40s,shuffle,id,shuffled,window_mean,heave_rate,10,1.0,-1.5912465674161052,-1.5917484737007808,0.0001936554761268,0.02,True,True,True
e04e_lookback_40s,lookback_40s,shuffle,id,shuffled,window_mean,heave_rate,20,2.0,0.2424338245595168,0.2423501361024497,0.000110457958293,0.02,True,True,True
e04e_lookback_40s,lookback_40s,shuffle,id,shuffled,window_mean,heave_rate,30,3.0,0.581751757477251,0.5818783118598577,-0.0003026735665627,0.02,True,True,True
e04e_lookback_40s,lookback_40s,shuffle,id,shuffled,window_mean,heave_rate,50,5.0,0.7165690590355946,0.7165726676762556,-1.2732154769157232e-05,0.02,True,True,True
e04e_lookback_40s,lookback_40s,shuffle,id,shuffled,window_mean,heave_rate,100,10.0,0.1343134872401843,0.1353541872807862,-0.0012036142722173,0.02,True,True,True
e04e_lookback_40s,lookback_40s,shuffle,id,shuffled,window_mean,heave_rate,150,15.0,0.5557027058927753,0.5559624451003262,-0.0005849487384228,0.02,True,True,True
e04e_lookback_40s,lookback_40s,untrained,id,untrained,persistence,roll,10,1.0,-4.740158638295638,0.0,-4.740158638295638,0.0,True,False,True
e04e_lookback_40s,lookback_40s,untrained,id,untrained,persistence,roll,20,2.0,-0.4853128331363969,0.0,-0.4853128331363969,0.0,True,False,True
e04e_lookback_40s,lookback_40s,untrained,id,untrained,persistence,roll,30,3.0,0.2943929500757821,0.0,0.2943929500757821,0.0,True,False,False
e04e_lookback_40s,lookback_40s,untrained,id,untrained,persistence,roll,50,5.0,0.6632016898910844,0.0,0.6632016898910844,0.0,True,False,False
e04e_lookback_40s,lookback_40s,untrained,id,untrained,persistence,roll,100,10.0,-0.1992342472127175,0.0,-0.1992342472127175,0.0,True,False,True
e04e_lookback_40s,lookback_40s,untrained,id,untrained,persistence,roll,150,15.0,0.3334427804099447,0.0,0.3334427804099447,0.0,True,False,False
e04e_lookback_40s,lookback_40s,untrained,id,untrained,persistence,pitch,10,1.0,-1.4930281820916007,0.0,-1.4930281820916007,0.0,True,False,True
e04e_lookback_40s,lookback_40s,untrained,id,untrained,persistence,pitch,20,2.0,-0.0866491606852271,0.0,-0.0866491606852271,0.0,True,False,True
e04e_lookback_40s,lookback_40s,untrained,id,untrained,persistence,pitch,30,3.0,0.5968258487369782,0.0,0.5968258487369782,0.0,True,False,False
e04e_lookback_40s,lookback_40s,untrained,id,untrained,persistence,pitch,50,5.0,0.6015449441148208,0.0,0.6015449441148208,0.0,True,False,False
e04e_lookback_40s,lookback_40s,untrained,id,untrained,persistence,pitch,100,10.0,0.3242130762405205,0.0,0.3242130762405205,0.0,True,False,False
e04e_lookback_40s,lookback_40s,untrained,id,untrained,persistence,pitch,150,15.0,0.4623107048069931,0.0,0.4623107048069931,0.0,True,False,False
e04e_lookback_40s,lookback_40s,untrained,id,untrained,persistence,heave,10,1.0,-1.5044495193266187,0.0,-1.5044495193266187,0.0,True,False,True
e04e_lookback_40s,lookback_40s,untrained,id,untrained,persistence,heave,20,2.0,-0.0843090085105362,0.0,-0.0843090085105362,0.0,True,False,True
e04e_lookback_40s,lookback_40s,untrained,id,untrained,persistence,heave,30,3.0,0.5338355598760804,0.0,0.5338355598760804,0.0,True,False,False
e04e_lookback_40s,lookback_40s,untrained,id,untrained,persistence,heave,50,5.0,0.7061888023464553,0.0,0.7061888023464553,0.0,True,False,False
e04e_lookback_40s,lookback_40s,untrained,id,untrained,persistence,heave,100,10.0,0.0860484849041492,0.0,0.0860484849041492,0.0,True,False,False
e04e_lookback_40s,lookback_40s,untrained,id,untrained,persistence,heave,150,15.0,0.4068741042436675,0.0,0.4068741042436675,0.0,True,False,False
e04e_lookback_40s,lookback_40s,untrained,id,untrained,persistence,roll_rate,10,1.0,-2.5604695107897366,0.0,-2.5604695107897366,0.0,True,False,True
e04e_lookback_40s,lookback_40s,untrained,id,untrained,persistence,roll_rate,20,2.0,-0.1159067506304563,0.0,-0.1159067506304563,0.0,True,False,True
e04e_lookback_40s,lookback_40s,untrained,id,untrained,persistence,roll_rate,30,3.0,0.0612942402253254,0.0,0.0612942402253254,0.0,True,False,False
e04e_lookback_40s,lookback_40s,untrained,id,untrained,persistence,roll_rate,50,5.0,0.6474395182177926,0.0,0.6474395182177926,0.0,True,False,False
e04e_lookback_40s,lookback_40s,untrained,id,untrained,persistence,roll_rate,100,10.0,-0.5629969622210973,0.0,-0.5629969622210973,0.0,True,False,True
e04e_lookback_40s,lookback_40s,untrained,id,untrained,persistence,roll_rate,150,15.0,0.4164745121203652,0.0,0.4164745121203652,0.0,True,False,False
e04e_lookback_40s,lookback_40s,untrained,id,untrained,persistence,pitch_rate,10,1.0,-0.217082364980129,0.0,-0.217082364980129,0.0,True,False,True
e04e_lookback_40s,lookback_40s,untrained,id,untrained,persistence,pitch_rate,20,2.0,0.3648720320752883,0.0,0.3648720320752883,0.0,True,False,False
e04e_lookback_40s,lookback_40s,untrained,id,untrained,persistence,pitch_rate,30,3.0,0.6318847958936686,0.0,0.6318847958936686,0.0,True,False,False
e04e_lookback_40s,lookback_40s,untrained,id,untrained,persistence,pitch_rate,50,5.0,0.3499919523219342,0.0,0.3499919523219342,0.0,True,False,False
e04e_lookback_40s,lookback_40s,untrained,id,untrained,persistence,pitch_rate,100,10.0,0.3175713223518157,0.0,0.3175713223518157,0.0,True,False,False
e04e_lookback_40s,lookback_40s,untrained,id,untrained,persistence,pitch_rate,150,15.0,0.3684214101368559,0.0,0.3684214101368559,0.0,True,False,False
e04e_lookback_40s,lookback_40s,untrained,id,untrained,persistence,heave_rate,10,1.0,-1.340522379012166,0.0,-1.340522379012166,0.0,True,False,True
e04e_lookback_40s,lookback_40s,untrained,id,untrained,persistence,heave_rate,20,2.0,0.2654958798983799,0.0,0.2654958798983799,0.0,True,False,False
e04e_lookback_40s,lookback_40s,untrained,id,untrained,persistence,heave_rate,30,3.0,0.3520702331678017,0.0,0.3520702331678017,0.0,True,False,False
e04e_lookback_40s,lookback_40s,untrained,id,untrained,persistence,heave_rate,50,5.0,0.7461758764455116,0.0,0.7461758764455116,0.0,True,False,False
e04e_lookback_40s,lookback_40s,untrained,id,untrained,persistence,heave_rate,100,10.0,0.0645093258075254,0.0,0.0645093258075254,0.0,True,False,False
e04e_lookback_40s,lookback_40s,untrained,id,untrained,persistence,heave_rate,150,15.0,0.5444304768441859,0.0,0.5444304768441859,0.0,True,False,False
e04e_lookback_40s,lookback_40s,shuffle,unseen_seastate,shuffled,window_mean,roll,10,1.0,-2.7617917398969487,-2.771720953117133,0.0026325418406094,0.02,True,True,True
e04e_lookback_40s,lookback_40s,shuffle,unseen_seastate,shuffled,window_mean,roll,20,2.0,-0.0716887277674875,-0.0701178377031643,-0.0014679598909357,0.02,True,True,True
e04e_lookback_40s,lookback_40s,shuffle,unseen_seastate,shuffled,window_mean,roll,30,3.0,0.4416226001725477,0.4443791815584678,-0.0049612636791616,0.02,True,True,True
e04e_lookback_40s,lookback_40s,shuffle,unseen_seastate,shuffled,window_mean,roll,50,5.0,0.7031260515326323,0.7033345267537039,-0.0007027282911973,0.02,True,True,True
e04e_lookback_40s,lookback_40s,shuffle,unseen_seastate,shuffled,window_mean,roll,100,10.0,0.1777918973823113,0.1808872584743085,-0.0037789194760071,0.02,True,True,True
e04e_lookback_40s,lookback_40s,shuffle,unseen_seastate,shuffled,window_mean,roll,150,15.0,0.4361978048448298,0.4390819963905973,-0.0051419129484313,0.02,True,True,True
e04e_lookback_40s,lookback_40s,shuffle,unseen_seastate,shuffled,window_mean,pitch,10,1.0,-1.2757733029329934,-1.265123413365599,-0.0047016818176677,0.02,True,True,True
e04e_lookback_40s,lookback_40s,shuffle,unseen_seastate,shuffled,window_mean,pitch,20,2.0,0.3145172749705165,0.317643566720596,-0.004581611013843,0.02,True,True,True
e04e_lookback_40s,lookback_40s,shuffle,unseen_seastate,shuffled,window_mean,pitch,30,3.0,0.6055850566015532,0.606088073808667,-0.0012769788718445,0.02,True,True,True
e04e_lookback_40s,lookback_40s,shuffle,unseen_seastate,shuffled,window_mean,pitch,50,5.0,0.6993215797728761,0.6999836958602998,-0.0022069336842287,0.02,True,True,True
e04e_lookback_40s,lookback_40s,shuffle,unseen_seastate,shuffled,window_mean,pitch,100,10.0,0.3052258406858131,0.305958481804331,-0.0010556156934566,0.02,True,True,True
e04e_lookback_40s,lookback_40s,shuffle,unseen_seastate,shuffled,window_mean,pitch,150,15.0,0.5222421409217719,0.5220176049071545,0.0004697579177026,0.02,True,True,True
e04e_lookback_40s,lookback_40s,shuffle,unseen_seastate,shuffled,window_mean,heave,10,1.0,-2.4165226591065854,-2.404669722582315,-0.0034813763125547,0.02,True,True,True
e04e_lookback_40s,lookback_40s,shuffle,unseen_seastate,shuffled,window_mean,heave,20,2.0,0.0269754009636774,0.0328085824554171,-0.0060310517503852,0.02,True,True,True
e04e_lookback_40s,lookback_40s,shuffle,unseen_seastate,shuffled,window_mean,heave,30,3.0,0.4892534891168445,0.4909022582281768,-0.0032386101450656,0.02,True,True,True
e04e_lookback_40s,lookback_40s,shuffle,unseen_seastate,shuffled,window_mean,heave,50,5.0,0.7067395620377573,0.7070663717286845,-0.0011156441575375,0.02,True,True,True
e04e_lookback_40s,lookback_40s,shuffle,unseen_seastate,shuffled,window_mean,heave,100,10.0,0.2538410599681929,0.2541331758804882,-0.0003916462066,0.02,True,True,True
e04e_lookback_40s,lookback_40s,shuffle,unseen_seastate,shuffled,window_mean,heave,150,15.0,0.4840798425329405,0.4839717891077932,0.0002093944146202,0.02,True,True,True
e04e_lookback_40s,lookback_40s,shuffle,unseen_seastate,shuffled,window_mean,roll_rate,10,1.0,-2.6609386708201126,-2.6465451553441075,-0.0039471650186233,0.02,True,True,True
e04e_lookback_40s,lookback_40s,shuffle,unseen_seastate,shuffled,window_mean,roll_rate,20,2.0,-0.0388795532673906,-0.0387609112518898,-0.0001142149403348,0.02,True,True,True
e04e_lookback_40s,lookback_40s,shuffle,unseen_seastate,shuffled,window_mean,roll_rate,30,3.0,0.4595299352317208,0.4577374035785901,0.0033056523997049,0.02,True,True,True
e04e_lookback_40s,lookback_40s,shuffle,unseen_seastate,shuffled,window_mean,roll_rate,50,5.0,0.7055692193160698,0.7061096351813037,-0.001838834919162,0.02,True,True,True
e04e_lookback_40s,lookback_40s,shuffle,unseen_seastate,shuffled,window_mean,roll_rate,100,10.0,0.1183701822018431,0.1176576152229024,0.0008075855713547,0.02,True,True,True
e04e_lookback_40s,lookback_40s,shuffle,unseen_seastate,shuffled,window_mean,roll_rate,150,15.0,0.4725967684016939,0.4719495750502716,0.0012256279340822,0.02,True,True,True
e04e_lookback_40s,lookback_40s,shuffle,unseen_seastate,shuffled,window_mean,pitch_rate,10,1.0,-0.7356837272548955,-0.7339273841916951,-0.001012927691905,0.02,True,True,True
e04e_lookback_40s,lookback_40s,shuffle,unseen_seastate,shuffled,window_mean,pitch_rate,20,2.0,0.4514281669317014,0.4516195815578463,-0.0003490544514492,0.02,True,True,True
e04e_lookback_40s,lookback_40s,shuffle,unseen_seastate,shuffled,window_mean,pitch_rate,30,3.0,0.6573019088762331,0.658205290167222,-0.0026430522913325,0.02,True,True,True
e04e_lookback_40s,lookback_40s,shuffle,unseen_seastate,shuffled,window_mean,pitch_rate,50,5.0,0.6705419917688233,0.6707676181071134,-0.0006853102875021,0.02,True,True,True
e04e_lookback_40s,lookback_40s,shuffle,unseen_seastate,shuffled,window_mean,pitch_rate,100,10.0,0.4045495397578594,0.4030351658340095,0.0025367891660914,0.02,True,True,True
e04e_lookback_40s,lookback_40s,shuffle,unseen_seastate,shuffled,window_mean,pitch_rate,150,15.0,0.5221430126041262,0.521377656295484,0.0015990818621595,0.02,True,True,True
e04e_lookback_40s,lookback_40s,shuffle,unseen_seastate,shuffled,window_mean,heave_rate,10,1.0,-1.9072084976156587,-1.9119946888929211,0.0016436126396516,0.02,True,True,True
e04e_lookback_40s,lookback_40s,shuffle,unseen_seastate,shuffled,window_mean,heave_rate,20,2.0,0.1611263770519568,0.1592473912467877,0.0022348854890328,0.02,True,True,True
e04e_lookback_40s,lookback_40s,shuffle,unseen_seastate,shuffled,window_mean,heave_rate,30,3.0,0.544629764408049,0.5461115391463327,-0.0032646230650956,0.02,True,True,True
e04e_lookback_40s,lookback_40s,shuffle,unseen_seastate,shuffled,window_mean,heave_rate,50,5.0,0.7139160991090243,0.7159490586310008,-0.0071570244132215,0.02,True,True,True
e04e_lookback_40s,lookback_40s,shuffle,unseen_seastate,shuffled,window_mean,heave_rate,100,10.0,0.1148907100015366,0.1161976743838085,-0.0014787971748781,0.02,True,True,True
e04e_lookback_40s,lookback_40s,shuffle,unseen_seastate,shuffled,window_mean,heave_rate,150,15.0,0.546298951579754,0.5461852280881079,0.0002505945127503,0.02,True,True,True
e04e_lookback_40s,lookback_40s,untrained,unseen_seastate,untrained,persistence,roll,10,1.0,-3.568484617871192,0.0,-3.568484617871192,0.0,True,False,True
e04e_lookback_40s,lookback_40s,untrained,unseen_seastate,untrained,persistence,roll,20,2.0,-0.3461518937206833,0.0,-0.3461518937206833,0.0,True,False,True
e04e_lookback_40s,lookback_40s,untrained,unseen_seastate,untrained,persistence,roll,30,3.0,0.3260636222558452,0.0,0.3260636222558452,0.0,True,False,False
e04e_lookback_40s,lookback_40s,untrained,unseen_seastate,untrained,persistence,roll,50,5.0,0.6627963564328265,0.0,0.6627963564328265,0.0,True,False,False
e04e_lookback_40s,lookback_40s,untrained,unseen_seastate,untrained,persistence,roll,100,10.0,-0.054411286744213,0.0,-0.054411286744213,0.0,True,False,True
e04e_lookback_40s,lookback_40s,untrained,unseen_seastate,untrained,persistence,roll,150,15.0,0.3087764983937259,0.0,0.3087764983937259,0.0,True,False,False
e04e_lookback_40s,lookback_40s,untrained,unseen_seastate,untrained,persistence,pitch,10,1.0,-2.0606060727469013,0.0,-2.0606060727469013,0.0,True,False,True
e04e_lookback_40s,lookback_40s,untrained,unseen_seastate,untrained,persistence,pitch,20,2.0,-0.4764393540815563,0.0,-0.4764393540815563,0.0,True,False,True
e04e_lookback_40s,lookback_40s,untrained,unseen_seastate,untrained,persistence,pitch,30,3.0,0.5134947879960806,0.0,0.5134947879960806,0.0,True,False,False
e04e_lookback_40s,lookback_40s,untrained,unseen_seastate,untrained,persistence,pitch,50,5.0,0.5670344262813982,0.0,0.5670344262813982,0.0,True,False,False
e04e_lookback_40s,lookback_40s,untrained,unseen_seastate,untrained,persistence,pitch,100,10.0,0.1410508212260466,0.0,0.1410508212260466,0.0,True,False,False
e04e_lookback_40s,lookback_40s,untrained,unseen_seastate,untrained,persistence,pitch,150,15.0,0.4474256873444163,0.0,0.4474256873444163,0.0,True,False,False
e04e_lookback_40s,lookback_40s,untrained,unseen_seastate,untrained,persistence,heave,10,1.0,-1.7967467975040663,0.0,-1.7967467975040663,0.0,True,False,True
e04e_lookback_40s,lookback_40s,untrained,unseen_seastate,untrained,persistence,heave,20,2.0,-0.0850018514642465,0.0,-0.0850018514642465,0.0,True,False,True
e04e_lookback_40s,lookback_40s,untrained,unseen_seastate,untrained,persistence,heave,30,3.0,0.5242464373376657,0.0,0.5242464373376657,0.0,True,False,False
e04e_lookback_40s,lookback_40s,untrained,unseen_seastate,untrained,persistence,heave,50,5.0,0.6985457499822663,0.0,0.6985457499822663,0.0,True,False,False
e04e_lookback_40s,lookback_40s,untrained,unseen_seastate,untrained,persistence,heave,100,10.0,0.1615273618954323,0.0,0.1615273618954323,0.0,True,False,False
e04e_lookback_40s,lookback_40s,untrained,unseen_seastate,untrained,persistence,heave,150,15.0,0.3942692640401136,0.0,0.3942692640401136,0.0,True,False,False
e04e_lookback_40s,lookback_40s,untrained,unseen_seastate,untrained,persistence,roll_rate,10,1.0,-2.49375625072686,0.0,-2.49375625072686,0.0,True,False,True
e04e_lookback_40s,lookback_40s,untrained,unseen_seastate,untrained,persistence,roll_rate,20,2.0,-0.1257084407371689,0.0,-0.1257084407371689,0.0,True,False,True
e04e_lookback_40s,lookback_40s,untrained,unseen_seastate,untrained,persistence,roll_rate,30,3.0,0.0904835473540315,0.0,0.0904835473540315,0.0,True,False,False
e04e_lookback_40s,lookback_40s,untrained,unseen_seastate,untrained,persistence,roll_rate,50,5.0,0.6628846883088643,0.0,0.6628846883088643,0.0,True,False,False
e04e_lookback_40s,lookback_40s,untrained,unseen_seastate,untrained,persistence,roll_rate,100,10.0,-0.1943358401780079,0.0,-0.1943358401780079,0.0,True,False,True
e04e_lookback_40s,lookback_40s,untrained,unseen_seastate,untrained,persistence,roll_rate,150,15.0,0.4492852572949286,0.0,0.4492852572949286,0.0,True,False,False
e04e_lookback_40s,lookback_40s,untrained,unseen_seastate,untrained,persistence,pitch_rate,10,1.0,-0.2747566433886195,0.0,-0.2747566433886195,0.0,True,False,True
e04e_lookback_40s,lookback_40s,untrained,unseen_seastate,untrained,persistence,pitch_rate,20,2.0,0.1963940642668834,0.0,0.1963940642668834,0.0,True,False,False
e04e_lookback_40s,lookback_40s,untrained,unseen_seastate,untrained,persistence,pitch_rate,30,3.0,0.5797789653682822,0.0,0.5797789653682822,0.0,True,False,False
e04e_lookback_40s,lookback_40s,untrained,unseen_seastate,untrained,persistence,pitch_rate,50,5.0,0.0832728408261916,0.0,0.0832728408261916,0.0,True,False,False
e04e_lookback_40s,lookback_40s,untrained,unseen_seastate,untrained,persistence,pitch_rate,100,10.0,0.1153389880640156,0.0,0.1153389880640156,0.0,True,False,False
e04e_lookback_40s,lookback_40s,untrained,unseen_seastate,untrained,persistence,pitch_rate,150,15.0,0.2455686405570991,0.0,0.2455686405570991,0.0,True,False,False
e04e_lookback_40s,lookback_40s,untrained,unseen_seastate,untrained,persistence,heave_rate,10,1.0,-1.6368069322469192,0.0,-1.6368069322469192,0.0,True,False,True
e04e_lookback_40s,lookback_40s,untrained,unseen_seastate,untrained,persistence,heave_rate,20,2.0,0.229773020950595,0.0,0.229773020950595,0.0,True,False,False
e04e_lookback_40s,lookback_40s,untrained,unseen_seastate,untrained,persistence,heave_rate,30,3.0,0.3688138809881509,0.0,0.3688138809881509,0.0,True,False,False
e04e_lookback_40s,lookback_40s,untrained,unseen_seastate,untrained,persistence,heave_rate,50,5.0,0.7489379423875308,0.0,0.7489379423875308,0.0,True,False,False
e04e_lookback_40s,lookback_40s,untrained,unseen_seastate,untrained,persistence,heave_rate,100,10.0,0.1090643857882098,0.0,0.1090643857882098,0.0,True,False,False
e04e_lookback_40s,lookback_40s,untrained,unseen_seastate,untrained,persistence,heave_rate,150,15.0,0.5517405890277708,0.0,0.5517405890277708,0.0,True,False,False
e04e_lookback_40s_ood,lookback_40s,shuffle,unseen_heading,shuffled,window_mean,roll,10,1.0,-2.5795010523537347,-2.594145953469478,0.0040746539804836,0.02,True,True,True
e04e_lookback_40s_ood,lookback_40s,shuffle,unseen_heading,shuffled,window_mean,roll,20,2.0,-0.0196830568104242,-0.0244772795781909,0.0046796770053705,0.02,True,True,True
e04e_lookback_40s_ood,lookback_40s,shuffle,unseen_heading,shuffled,window_mean,roll,30,3.0,0.4674416878139553,0.4643096413417462,0.0058467478863236,0.02,True,True,True
e04e_lookback_40s_ood,lookback_40s,shuffle,unseen_heading,shuffled,window_mean,roll,50,5.0,0.708714149149055,0.7074422135027993,0.0043476390134219,0.02,True,True,True
e04e_lookback_40s_ood,lookback_40s,shuffle,unseen_heading,shuffled,window_mean,roll,100,10.0,0.0835320994036532,0.0813500244671058,0.0023753061499638,0.02,True,True,True
e04e_lookback_40s_ood,lookback_40s,shuffle,unseen_heading,shuffled,window_mean,roll,150,15.0,0.4864573710511397,0.4847892477337887,0.003237749425868,0.02,True,True,True
e04e_lookback_40s_ood,lookback_40s,shuffle,unseen_heading,shuffled,window_mean,pitch,10,1.0,-1.0476786765567478,-1.2010306303682017,0.0696727940518483,0.02,False,True,False
e04e_lookback_40s_ood,lookback_40s,shuffle,unseen_heading,shuffled,window_mean,pitch,20,2.0,0.3749639014007863,0.3450953107886417,0.0456075381718712,0.02,False,True,False
e04e_lookback_40s_ood,lookback_40s,shuffle,unseen_heading,shuffled,window_mean,pitch,30,3.0,0.6420645963256305,0.6276706480872167,0.0386591821581273,0.02,False,True,False
e04e_lookback_40s_ood,lookback_40s,shuffle,unseen_heading,shuffled,window_mean,pitch,50,5.0,0.7444964776648763,0.7142100925404664,0.1059742990703694,0.02,False,True,False
e04e_lookback_40s_ood,lookback_40s,shuffle,unseen_heading,shuffled,window_mean,pitch,100,10.0,0.2692591059630826,0.2271187241278052,0.0545237453032124,0.02,False,True,False
e04e_lookback_40s_ood,lookback_40s,shuffle,unseen_heading,shuffled,window_mean,pitch,150,15.0,0.5520055478881893,0.5474451471149051,0.0100770121990982,0.02,False,True,True
e04e_lookback_40s_ood,lookback_40s,shuffle,unseen_heading,shuffled,window_mean,heave,10,1.0,-2.1864735081770394,-2.224361276282935,0.0117504723755932,0.02,True,True,True
e04e_lookback_40s_ood,lookback_40s,shuffle,unseen_heading,shuffled,window_mean,heave,20,2.0,0.0850060366962779,0.0814427658700908,0.0038792039230548,0.02,True,True,True
e04e_lookback_40s_ood,lookback_40s,shuffle,unseen_heading,shuffled,window_mean,heave,30,3.0,0.5132892517507336,0.5141666199319781,-0.0018059034583455,0.02,True,True,True
e04e_lookback_40s_ood,lookback_40s,shuffle,unseen_heading,shuffled,window_mean,heave,50,5.0,0.7172002083536455,0.7149938008154075,0.007741612444047,0.02,True,True,True
e04e_lookback_40s_ood,lookback_40s,shuffle,unseen_heading,shuffled,window_mean,heave,100,10.0,0.1150015833724003,0.1123366624860566,0.003002175232118,0.02,True,True,True
e04e_lookback_40s_ood,lookback_40s,shuffle,unseen_heading,shuffled,window_mean,heave,150,15.0,0.5203970012007484,0.5201283071099208,0.000559929028548,0.02,True,True,True
e04e_lookback_40s_ood,lookback_40s,shuffle,unseen_heading,shuffled,window_mean,roll_rate,10,1.0,-2.4029107262667377,-2.428796326807271,0.007549471614325,0.02,True,True,True
e04e_lookback_40s_ood,lookback_40s,shuffle,unseen_heading,shuffled,window_mean,roll_rate,20,2.0,0.0238503798887798,0.0179905701455412,0.0059671623969099,0.02,True,True,True
e04e_lookback_40s_ood,lookback_40s,shuffle,unseen_heading,shuffled,window_mean,roll_rate,30,3.0,0.4845365503646587,0.482593155379142,0.0037560287532352,0.02,True,True,True
e04e_lookback_40s_ood,lookback_40s,shuffle,unseen_heading,shuffled,window_mean,roll_rate,50,5.0,0.7118890369971783,0.7103134128536273,0.0054390648841291,0.02,True,True,True
e04e_lookback_40s_ood,lookback_40s,shuffle,unseen_heading,shuffled,window_mean,roll_rate,100,10.0,0.0263775766296742,0.0205829660492271,0.0059163873810451,0.02,True,True,True
e04e_lookback_40s_ood,lookback_40s,shuffle,unseen_heading,shuffled,window_mean,roll_rate,150,15.0,0.5149757684684071,0.5132334893929784,0.00357929117444,0.02,True,True,True
e04e_lookback_40s_ood,lookback_40s,shuffle,unseen_heading,shuffled,window_mean,pitch_rate,10,1.0,-0.6889696276067687,-0.9020681620908272,0.1120351724145428,0.02,False,True,False
e04e_lookback_40s_ood,lookback_40s,shuffle,unseen_heading,shuffled,window_mean,pitch_rate,20,2.0,0.4739502221714545,0.4233064722073925,0.0878174411943023,0.02,False,True,False
e04e_lookback_40s_ood,lookback_40s,shuffle,unseen_heading,shuffled,window_mean,pitch_rate,30,3.0,0.6855844637155775,0.6610963858958856,0.0722567621015953,0.02,False,True,False
e04e_lookback_40s_ood,lookback_40s,shuffle,unseen_heading,shuffled,window_mean,pitch_rate,50,5.0,0.7044380423072213,0.7001954329965561,0.014151249772711,0.02,False,True,True
e04e_lookback_40s_ood,lookback_40s,shuffle,unseen_heading,shuffled,window_mean,pitch_rate,100,10.0,0.3159391486622515,0.3755079573379295,-0.0953876184262485,0.02,False,True,True
e04e_lookback_40s_ood,lookback_40s,shuffle,unseen_heading,shuffled,window_mean,pitch_rate,150,15.0,0.5160965418046681,0.5196007949939785,-0.0072944608417211,0.02,False,True,True
e04e_lookback_40s_ood,lookback_40s,shuffle,unseen_heading,shuffled,window_mean,heave_rate,10,1.0,-1.852364853648917,-1.858840680248902,0.0022651932458933,0.02,True,True,True
e04e_lookback_40s_ood,lookback_40s,shuffle,unseen_heading,shuffled,window_mean,heave_rate,20,2.0,0.1832863704396958,0.1761829078155283,0.0086226210788266,0.02,True,True,True
e04e_lookback_40s_ood,lookback_40s,shuffle,unseen_heading,shuffled,window_mean,heave_rate,30,3.0,0.5620360545077433,0.5563388453761184,0.0128413521721429,0.02,True,True,True
e04e_lookback_40s_ood,lookback_40s,shuffle,unseen_heading,shuffled,window_mean,heave_rate,50,5.0,0.7218790112196991,0.7215485068797678,0.001186936856498,0.02,True,True,True
e04e_lookback_40s_ood,lookback_40s,shuffle,unseen_heading,shuffled,window_mean,heave_rate,100,10.0,-0.0133393807093393,-0.0112505984803421,-0.002065543627006,0.02,True,True,True
e04e_lookback_40s_ood,lookback_40s,shuffle,unseen_heading,shuffled,window_mean,heave_rate,150,15.0,0.5652602028413142,0.5651369411751119,0.0002834493841241,0.02,True,True,True
e04e_lookback_40s_ood,lookback_40s,shuffle,unseen_vessel,shuffled,window_mean,roll,10,1.0,-4.149483344869731,-4.139007763790214,-0.0020384442991756,0.02,True,True,True
e04e_lookback_40s_ood,lookback_40s,shuffle,unseen_vessel,shuffled,window_mean,roll,20,2.0,-0.3916524303235831,-0.3898597448878267,-0.0012898319001972,0.02,True,True,True
e04e_lookback_40s_ood,lookback_40s,shuffle,unseen_vessel,shuffled,window_mean,roll,30,3.0,0.3182530299984595,0.317247831332591,0.0014722745851256,0.02,True,True,True
e04e_lookback_40s_ood,lookback_40s,shuffle,unseen_vessel,shuffled,window_mean,roll,50,5.0,0.6784652021271558,0.6772415460784278,0.0037912439902358,0.02,True,True,True
e04e_lookback_40s_ood,lookback_40s,shuffle,unseen_vessel,shuffled,window_mean,roll,100,10.0,0.6037192451328071,0.602571064304412,0.0028890217225514,0.02,True,True,True
e04e_lookback_40s_ood,lookback_40s,shuffle,unseen_vessel,shuffled,window_mean,roll,150,15.0,-0.7782005305369324,-0.775799796975565,-0.0013519167900886,0.02,True,True,True
e04e_lookback_40s_ood,lookback_40s,shuffle,unseen_vessel,shuffled,window_mean,pitch,10,1.0,-1.4611712139651676,-1.4638056452018997,0.0010692528616704,0.02,True,True,True
e04e_lookback_40s_ood,lookback_40s,shuffle,unseen_vessel,shuffled,window_mean,pitch,20,2.0,0.2764455613413348,0.2754407970552569,0.0013867248970054,0.02,True,True,True
e04e_lookback_40s_ood,lookback_40s,shuffle,unseen_vessel,shuffled,window_mean,pitch,30,3.0,0.5966439717549041,0.5961322245521994,0.001267115709188,0.02,True,True,True
e04e_lookback_40s_ood,lookback_40s,shuffle,unseen_vessel,shuffled,window_mean,pitch,50,5.0,0.7152039583914664,0.7156108501117477,-0.0014307568359805,0.02,True,True,True
e04e_lookback_40s_ood,lookback_40s,shuffle,unseen_vessel,shuffled,window_mean,pitch,100,10.0,0.1670166584521883,0.1665356566050935,0.0005771114876199,0.02,True,True,True
e04e_lookback_40s_ood,lookback_40s,shuffle,unseen_vessel,shuffled,window_mean,pitch,150,15.0,0.5560594790496953,0.5560427247832804,3.773846572674433e-05,0.02,True,True,True
e04e_lookback_40s_ood,lookback_40s,shuffle,unseen_vessel,shuffled,window_mean,heave,10,1.0,-2.409825687570482,-2.4232806570361407,0.0039304313065899,0.02,True,True,True
e04e_lookback_40s_ood,lookback_40s,shuffle,unseen_vessel,shuffled,window_mean,heave,20,2.0,0.0354855182869863,0.0313461688581909,0.0042733010449316,0.02,True,True,True
e04e_lookback_40s_ood,lookback_40s,shuffle,unseen_vessel,shuffled,window_mean,heave,30,3.0,0.4935321373669421,0.4923807239602491,0.0022682617879996,0.02,True,True,True
e04e_lookback_40s_ood,lookback_40s,shuffle,unseen_vessel,shuffled,window_mean,heave,50,5.0,0.70955348357259,0.7100980406775756,-0.0018784181599131,0.02,True,True,True
e04e_lookback_40s_ood,lookback_40s,shuffle,unseen_vessel,shuffled,window_mean,heave,100,10.0,0.2056318858252068,0.2058554044110535,-0.0002814582975043,0.02,True,True,True
e04e_lookback_40s_ood,lookback_40s,shuffle,unseen_vessel,shuffled,window_mean,heave,150,15.0,0.5086464222904911,0.5084653719566989,0.0003683368850589,0.02,True,True,True
e04e_lookback_40s_ood,lookback_40s,shuffle,unseen_vessel,shuffled,window_mean,roll_rate,10,1.0,-3.7104363137711873,-3.733101670256336,0.0047886899678454,0.02,True,True,True
e04e_lookback_40s_ood,lookback_40s,shuffle,unseen_vessel,shuffled,window_mean,roll_rate,20,2.0,-0.2856496122088434,-0.290013961920869,0.0033831802142102,0.02,True,True,True
e04e_lookback_40s_ood,lookback_40s,shuffle,unseen_vessel,shuffled,window_mean,roll_rate,30,3.0,0.357932909928498,0.3580255077524334,-0.0001442391014809,0.02,True,True,True
e04e_lookback_40s_ood,lookback_40s,shuffle,unseen_vessel,shuffled,window_mean,roll_rate,50,5.0,0.6840438770299936,0.6851018514973309,-0.0033597354330852,0.02,True,True,True
e04e_lookback_40s_ood,lookback_40s,shuffle,unseen_vessel,shuffled,window_mean,roll_rate,100,10.0,0.5631421964174075,0.5644095815036269,-0.0029095798080092,0.02,True,True,True
e04e_lookback_40s_ood,lookback_40s,shuffle,unseen_vessel,shuffled,window_mean,roll_rate,150,15.0,-0.332715947428079,-0.3333568047348183,0.0004806345191802,0.02,True,True,True
e04e_lookback_40s_ood,lookback_40s,shuffle,unseen_vessel,shuffled,window_mean,pitch_rate,10,1.0,-1.0519254517275405,-1.053923911688353,0.0009729961024552,0.02,True,True,True
e04e_lookback_40s_ood,lookback_40s,shuffle,unseen_vessel,shuffled,window_mean,pitch_rate,20,2.0,0.379733335218604,0.3803594588521916,-0.001010462666674,0.02,True,True,True
e04e_lookback_40s_ood,lookback_40s,shuffle,unseen_vessel,shuffled,window_mean,pitch_rate,30,3.0,0.6391902439883064,0.6399287684604007,-0.0020510510349203,0.02,True,True,True
e04e_lookback_40s_ood,lookback_40s,shuffle,unseen_vessel,shuffled,window_mean,pitch_rate,50,5.0,0.7065342987265328,0.7061205316483897,0.0014079482328723,0.02,True,True,True
e04e_lookback_40s_ood,lookback_40s,shuffle,unseen_vessel,shuffled,window_mean,pitch_rate,100,10.0,0.2752560663381826,0.2731071535368947,0.0029562992836482,0.02,True,True,True
e04e_lookback_40s_ood,lookback_40s,shuffle,unseen_vessel,shuffled,window_mean,pitch_rate,150,15.0,0.550794435682596,0.550694127522933,0.0002232513879909,0.02,True,True,True
e04e_lookback_40s_ood,lookback_40s,shuffle,unseen_vessel,shuffled,window_mean,heave_rate,10,1.0,-1.9985740413953963,-1.9991444629624888,0.0001901947619183,0.02,True,True,True
e04e_lookback_40s_ood,lookback_40s,shuffle,unseen_vessel,shuffled,window_mean,heave_rate,20,2.0,0.139952973768497,0.1408697596182315,-0.0010671092770837,0.02,True,True,True
e04e_lookback_40s_ood,lookback_40s,shuffle,unseen_vessel,shuffled,window_mean,heave_rate,30,3.0,0.5410761933166219,0.5412075900354245,-0.0002863968887643,0.02,True,True,True
e04e_lookback_40s_ood,lookback_40s,shuffle,unseen_vessel,shuffled,window_mean,heave_rate,50,5.0,0.7208156401329493,0.7198461781242559,0.0034604632633689,0.02,True,True,True
e04e_lookback_40s_ood,lookback_40s,shuffle,unseen_vessel,shuffled,window_mean,heave_rate,100,10.0,0.0292980846770485,0.0250313676149321,0.0043762608563915,0.02,True,True,True
e04e_lookback_40s_ood,lookback_40s,shuffle,unseen_vessel,shuffled,window_mean,heave_rate,150,15.0,0.569393959780198,0.5688954948690679,0.0011562507586849,0.02,True,True,True
e04f_revin,revin,shuffle,id,shuffled,window_mean,roll,10,1.0,-3.484067071219213,-3.4779985814083254,-0.0013551790382611,0.02,True,True,True
e04f_revin,revin,shuffle,id,shuffled,window_mean,roll,20,2.0,-0.2643644321207532,-0.2629363724068709,-0.0011307455744271,0.02,True,True,True
e04f_revin,revin,shuffle,id,shuffled,window_mean,roll,30,3.0,0.3707078140484301,0.3701142215586412,0.0009423811587835,0.02,True,True,True
e04f_revin,revin,shuffle,id,shuffled,window_mean,roll,50,5.0,0.7110109826159248,0.7098497805055688,0.0040020721417316,0.02,True,True,True
e04f_revin,revin,shuffle,id,shuffled,window_mean,roll,100,10.0,0.1874284503135129,0.1846481223847302,0.0034099730498132,0.02,True,True,True
e04f_revin,revin,shuffle,id,shuffled,window_mean,roll,150,15.0,0.3887056940813285,0.3881613535715862,0.0008896798411147,0.02,True,True,True
e04f_revin,revin,shuffle,id,shuffled,window_mean,pitch,10,1.0,-1.1224283632106211,-1.1240807878543508,0.0007779481143929,0.02,True,True,True
e04f_revin,revin,shuffle,id,shuffled,window_mean,pitch,20,2.0,0.3387627930178696,0.3372148016015029,0.0023355853753328,0.02,True,True,True
e04f_revin,revin,shuffle,id,shuffled,window_mean,pitch,30,3.0,0.6106072471330868,0.6097808731771663,0.0021177177106842,0.02,True,True,True
e04f_revin,revin,shuffle,id,shuffled,window_mean,pitch,50,5.0,0.6904269993458245,0.690130713374352,0.0009561643707868,0.02,True,True,True
e04f_revin,revin,shuffle,id,shuffled,window_mean,pitch,100,10.0,0.366048676502494,0.3656282835586719,0.0006626918144782,0.02,True,True,True
e04f_revin,revin,shuffle,id,shuffled,window_mean,pitch,150,15.0,0.5022712894370285,0.5023978991733826,-0.0002544397142694,0.02,True,True,True
e04f_revin,revin,shuffle,id,shuffled,window_mean,heave,10,1.0,-2.3384748627984684,-2.33522351662287,-0.0009748510585254,0.02,True,True,True
e04f_revin,revin,shuffle,id,shuffled,window_mean,heave,20,2.0,0.0203215430698279,0.0193220978401484,0.001019137096368,0.02,True,True,True
e04f_revin,revin,shuffle,id,shuffled,window_mean,heave,30,3.0,0.4765858793673693,0.4746404006192308,0.0037031373376094,0.02,True,True,True
e04f_revin,revin,shuffle,id,shuffled,window_mean,heave,50,5.0,0.6982543687788598,0.6978686931954982,0.0012765164505484,0.02,True,True,True
e04f_revin,revin,shuffle,id,shuffled,window_mean,heave,100,10.0,0.2309137608501631,0.2303164136874663,0.0007760944540321,0.02,True,True,True
e04f_revin,revin,shuffle,id,shuffled,window_mean,heave,150,15.0,0.4911097587652088,0.4906893436825678,0.0008254590345326,0.02,True,True,True
e04f_revin,revin,shuffle,id,shuffled,window_mean,roll_rate,10,1.0,-3.2017034041808667,-3.215360217229549,0.0032397736717405,0.02,True,True,True
e04f_revin,revin,shuffle,id,shuffled,window_mean,roll_rate,20,2.0,-0.1878511396501554,-0.19162139589236,0.0031639715896349,0.02,True,True,True
e04f_revin,revin,shuffle,id,shuffled,window_mean,roll_rate,30,3.0,0.4021945637648084,0.4014788502334642,0.00119580324208,0.02,True,True,True
e04f_revin,revin,shuffle,id,shuffled,window_mean,roll_rate,50,5.0,0.7156748771288894,0.7163354349090508,-0.0023286580752501,0.02,True,True,True
e04f_revin,revin,shuffle,id,shuffled,window_mean,roll_rate,100,10.0,0.1022785959362669,0.103789370927999,-0.0016857365252367,0.02,True,True,True
e04f_revin,revin,shuffle,id,shuffled,window_mean,roll_rate,150,15.0,0.4359848997656312,0.4356708636958027,0.0005564767962985,0.02,True,True,True
e04f_revin,revin,shuffle,id,shuffled,window_mean,pitch_rate,10,1.0,-0.6447875856137006,-0.6502407129142918,0.003304443562637,0.02,True,True,True
e04f_revin,revin,shuffle,id,shuffled,window_mean,pitch_rate,20,2.0,0.4635904866212006,0.4631892445469123,0.0007474553559374,0.02,True,True,True
e04f_revin,revin,shuffle,id,shuffled,window_mean,pitch_rate,30,3.0,0.6618856907197683,0.6615522671408269,0.0009851553033748,0.02,True,True,True
e04f_revin,revin,shuffle,id,shuffled,window_mean,pitch_rate,50,5.0,0.6568906429439406,0.656371558512514,0.0015105979853692,0.02,True,True,True
e04f_revin,revin,shuffle,id,shuffled,window_mean,pitch_rate,100,10.0,0.4617117391697024,0.4610023124102339,0.0013161962950913,0.02,True,True,True
e04f_revin,revin,shuffle,id,shuffled,window_mean,pitch_rate,150,15.0,0.4958995500326829,0.4956836925321177,0.0004280200686925,0.02,True,True,True
e04f_revin,revin,shuffle,id,shuffled,window_mean,heave_rate,10,1.0,-1.7611731135474922,-1.7722261641405654,0.0039870666888752,0.02,True,True,True
e04f_revin,revin,shuffle,id,shuffled,window_mean,heave_rate,20,2.0,0.174519710313862,0.1726417723806483,0.0022698002757732,0.02,True,True,True
e04f_revin,revin,shuffle,id,shuffled,window_mean,heave_rate,30,3.0,0.5442349827667915,0.5446845844030395,-0.0009874509424603,0.02,True,True,True
e04f_revin,revin,shuffle,id,shuffled,window_mean,heave_rate,50,5.0,0.710728644673627,0.7102517252385939,0.0016459785150602,0.02,True,True,True
e04f_revin,revin,shuffle,id,shuffled,window_mean,heave_rate,100,10.0,0.1477511509779782,0.1455613816849178,0.0025628163874176,0.02,True,True,True
e04f_revin,revin,shuffle,id,shuffled,window_mean,heave_rate,150,15.0,0.5414120703473648,0.5411814761079022,0.0005025826714808,0.02,True,True,True
e04f_revin,revin,untrained,id,untrained,persistence,roll,10,1.0,-4.664686470858581,0.0,-4.664686470858581,0.0,True,False,True
e04f_revin,revin,untrained,id,untrained,persistence,roll,20,2.0,-0.2541002186303356,0.0,-0.2541002186303356,0.0,True,False,True
e04f_revin,revin,untrained,id,untrained,persistence,roll,30,3.0,0.335208682544944,0.0,0.335208682544944,0.0,True,False,False
e04f_revin,revin,untrained,id,untrained,persistence,roll,50,5.0,0.7084955609491257,0.0,0.7084955609491257,0.0,True,False,False
e04f_revin,revin,untrained,id,untrained,persistence,roll,100,10.0,0.005223286880817,0.0,0.005223286880817,0.0,True,False,False
e04f_revin,revin,untrained,id,untrained,persistence,roll,150,15.0,0.3710449082325089,0.0,0.3710449082325089,0.0,True,False,False
e04f_revin,revin,untrained,id,untrained,persistence,pitch,10,1.0,-1.0261298270759904,0.0,-1.0261298270759904,0.0,True,False,True
e04f_revin,revin,untrained,id,untrained,persistence,pitch,20,2.0,0.0793078320708354,0.0,0.0793078320708354,0.0,True,False,False
e04f_revin,revin,untrained,id,untrained,persistence,pitch,30,3.0,0.466794071269078,0.0,0.466794071269078,0.0,True,False,False
e04f_revin,revin,untrained,id,untrained,persistence,pitch,50,5.0,0.693927549062873,0.0,0.693927549062873,0.0,True,False,False
e04f_revin,revin,untrained,id,untrained,persistence,pitch,100,10.0,0.3182533414680826,0.0,0.3182533414680826,0.0,True,False,False
e04f_revin,revin,untrained,id,untrained,persistence,pitch,150,15.0,0.3106312300084277,0.0,0.3106312300084277,0.0,True,False,False
e04f_revin,revin,untrained,id,untrained,persistence,heave,10,1.0,-2.4323253864351475,0.0,-2.4323253864351475,0.0,True,False,True
e04f_revin,revin,untrained,id,untrained,persistence,heave,20,2.0,0.0439339564057846,0.0,0.0439339564057846,0.0,True,False,False
e04f_revin,revin,untrained,id,untrained,persistence,heave,30,3.0,0.5409967096625836,0.0,0.5409967096625836,0.0,True,False,False
e04f_revin,revin,untrained,id,untrained,persistence,heave,50,5.0,0.5336635473935069,0.0,0.5336635473935069,0.0,True,False,False
e04f_revin,revin,untrained,id,untrained,persistence,heave,100,10.0,0.1348756150422594,0.0,0.1348756150422594,0.0,True,False,False
e04f_revin,revin,untrained,id,untrained,persistence,heave,150,15.0,0.4876734102789355,0.0,0.4876734102789355,0.0,True,False,False
e04f_revin,revin,untrained,id,untrained,persistence,roll_rate,10,1.0,-2.533726865061032,0.0,-2.533726865061032,0.0,True,False,True
e04f_revin,revin,untrained,id,untrained,persistence,roll_rate,20,2.0,-0.1709431884420749,0.0,-0.1709431884420749,0.0,True,False,True
e04f_revin,revin,untrained,id,untrained,persistence,roll_rate,30,3.0,0.3834332112479277,0.0,0.3834332112479277,0.0,True,False,False
e04f_revin,revin,untrained,id,untrained,persistence,roll_rate,50,5.0,0.7119510237022231,0.0,0.7119510237022231,0.0,True,False,False
e04f_revin,revin,untrained,id,untrained,persistence,roll_rate,100,10.0,0.0683818733520638,0.0,0.0683818733520638,0.0,True,False,False
e04f_revin,revin,untrained,id,untrained,persistence,roll_rate,150,15.0,0.3462444526362183,0.0,0.3462444526362183,0.0,True,False,False
e04f_revin,revin,untrained,id,untrained,persistence,pitch_rate,10,1.0,-0.9342864457106042,0.0,-0.9342864457106042,0.0,True,False,True
e04f_revin,revin,untrained,id,untrained,persistence,pitch_rate,20,2.0,0.496803310809537,0.0,0.496803310809537,0.0,True,False,False
e04f_revin,revin,untrained,id,untrained,persistence,pitch_rate,30,3.0,0.3884419351065714,0.0,0.3884419351065714,0.0,True,False,False
e04f_revin,revin,untrained,id,untrained,persistence,pitch_rate,50,5.0,0.6004174565453693,0.0,0.6004174565453693,0.0,True,False,False
e04f_revin,revin,untrained,id,untrained,persistence,pitch_rate,100,10.0,0.4189218828497809,0.0,0.4189218828497809,0.0,True,False,False
e04f_revin,revin,untrained,id,untrained,persistence,pitch_rate,150,15.0,0.4705414249522394,0.0,0.4705414249522394,0.0,True,False,False
e04f_revin,revin,untrained,id,untrained,persistence,heave_rate,10,1.0,-1.1817382660721014,0.0,-1.1817382660721014,0.0,True,False,True
e04f_revin,revin,untrained,id,untrained,persistence,heave_rate,20,2.0,0.2721702546308314,0.0,0.2721702546308314,0.0,True,False,False
e04f_revin,revin,untrained,id,untrained,persistence,heave_rate,30,3.0,0.3452519532741026,0.0,0.3452519532741026,0.0,True,False,False
e04f_revin,revin,untrained,id,untrained,persistence,heave_rate,50,5.0,0.6201254215849527,0.0,0.6201254215849527,0.0,True,False,False
e04f_revin,revin,untrained,id,untrained,persistence,heave_rate,100,10.0,-0.2577274928543374,0.0,-0.2577274928543374,0.0,True,False,True
e04f_revin,revin,untrained,id,untrained,persistence,heave_rate,150,15.0,0.1128369329824807,0.0,0.1128369329824807,0.0,True,False,False
e04f_revin,revin,shuffle,unseen_seastate,shuffled,window_mean,roll,10,1.0,-3.661780118500381,-3.63615857215768,-0.0055264603106051,0.02,True,True,True
e04f_revin,revin,shuffle,unseen_seastate,shuffled,window_mean,roll,20,2.0,-0.309877825645471,-0.304777021787743,-0.003909329925767,0.02,True,True,True
e04f_revin,revin,shuffle,unseen_seastate,shuffled,window_mean,roll,30,3.0,0.3526161116809887,0.3527240953526349,-0.0001668278872593,0.02,True,True,True
e04f_revin,revin,shuffle,unseen_seastate,shuffled,window_mean,roll,50,5.0,0.7081800251248935,0.7076553205777212,0.0017948147652601,0.02,True,True,True
e04f_revin,revin,shuffle,unseen_seastate,shuffled,window_mean,roll,100,10.0,0.2263846378382555,0.2234118694669118,0.0038279858453451,0.02,True,True,True
e04f_revin,revin,shuffle,unseen_seastate,shuffled,window_mean,roll,150,15.0,0.3613597106306955,0.3598155413360776,0.0024120693242704,0.02,True,True,True
e04f_revin,revin,shuffle,unseen_seastate,shuffled,window_mean,pitch,10,1.0,-1.402347771542476,-1.4106808001695277,0.0034567117415402,0.02,True,True,True
e04f_revin,revin,shuffle,unseen_seastate,shuffled,window_mean,pitch,20,2.0,0.2619165179114345,0.2590736834967171,0.0038368652204633,0.02,True,True,True
e04f_revin,revin,shuffle,unseen_seastate,shuffled,window_mean,pitch,30,3.0,0.5754564066069887,0.5745014612642354,0.0022442975846418,0.02,True,True,True
e04f_revin,revin,shuffle,unseen_seastate,shuffled,window_mean,pitch,50,5.0,0.6963191292900262,0.6952712209283369,0.0034388230900986,0.02,True,True,True
e04f_revin,revin,shuffle,unseen_seastate,shuffled,window_mean,pitch,100,10.0,0.3094143510469082,0.308150815659111,0.0018263162209273,0.02,True,True,True
e04f_revin,revin,shuffle,unseen_seastate,shuffled,window_mean,pitch,150,15.0,0.5110601193915537,0.5108980121482962,0.0003314385287401,0.02,True,True,True
e04f_revin,revin,shuffle,unseen_seastate,shuffled,window_mean,heave,10,1.0,-2.702652445481613,-2.720246036516437,0.004729147175249,0.02,True,True,True
e04f_revin,revin,shuffle,unseen_seastate,shuffled,window_mean,heave,20,2.0,-0.0760788292718415,-0.0830184125925275,0.0064076318924939,0.02,True,True,True
e04f_revin,revin,shuffle,unseen_seastate,shuffled,window_mean,heave,30,3.0,0.4320307742915696,0.4297969449014116,0.0039176033347836,0.02,True,True,True
e04f_revin,revin,shuffle,unseen_seastate,shuffled,window_mean,heave,50,5.0,0.6909139716257264,0.6909915525766708,-0.0002510641750776,0.02,True,True,True
e04f_revin,revin,shuffle,unseen_seastate,shuffled,window_mean,heave,100,10.0,0.2854674785809136,0.2867089129907052,-0.0017404316868681,0.02,True,True,True
e04f_revin,revin,shuffle,unseen_seastate,shuffled,window_mean,heave,150,15.0,0.4530396423674548,0.4541478933096211,-0.002030313575019,0.02,True,True,True
e04f_revin,revin,shuffle,unseen_seastate,shuffled,window_mean,roll_rate,10,1.0,-3.446812449884576,-3.450161018503483,0.0007524601031251,0.02,True,True,True
e04f_revin,revin,shuffle,unseen_seastate,shuffled,window_mean,roll_rate,20,2.0,-0.25152040803299,-0.2515318501844503,9.142517194971056e-06,0.02,True,True,True
e04f_revin,revin,shuffle,unseen_seastate,shuffled,window_mean,roll_rate,30,3.0,0.3755699982089964,0.3775269471043667,-0.003143829096323,0.02,True,True,True
e04f_revin,revin,shuffle,unseen_seastate,shuffled,window_mean,roll_rate,50,5.0,0.7138980937621802,0.7143720025464866,-0.0016591818327738,0.02,True,True,True
e04f_revin,revin,shuffle,unseen_seastate,shuffled,window_mean,roll_rate,100,10.0,0.1469456210416342,0.1483350769801881,-0.0016314584539036,0.02,True,True,True
e04f_revin,revin,shuffle,unseen_seastate,shuffled,window_mean,roll_rate,150,15.0,0.4035319058307367,0.405022994037119,-0.0025061274493611,0.02,True,True,True
e04f_revin,revin,shuffle,unseen_seastate,shuffled,window_mean,pitch_rate,10,1.0,-0.8253702822154563,-0.8263659642029386,0.0005451711250635,0.02,True,True,True
e04f_revin,revin,shuffle,unseen_seastate,shuffled,window_mean,pitch_rate,20,2.0,0.4133713856334403,0.4132918092711489,0.0001356319266525,0.02,True,True,True
e04f_revin,revin,shuffle,unseen_seastate,shuffled,window_mean,pitch_rate,30,3.0,0.6393673826002906,0.638584000199518,0.0021675365816816,0.02,True,True,True
e04f_revin,revin,shuffle,unseen_seastate,shuffled,window_mean,pitch_rate,50,5.0,0.6746722623253931,0.6732579845081277,0.004328423496857,0.02,True,True,True
e04f_revin,revin,shuffle,unseen_seastate,shuffled,window_mean,pitch_rate,100,10.0,0.3949367420183712,0.3973356541846095,-0.0039805111798882,0.02,True,True,True
e04f_revin,revin,shuffle,unseen_seastate,shuffled,window_mean,pitch_rate,150,15.0,0.5156891731104438,0.5157135601653577,-5.035667511621433e-05,0.02,True,True,True
e04f_revin,revin,shuffle,unseen_seastate,shuffled,window_mean,heave_rate,10,1.0,-2.159642370489562,-2.156658936021811,-0.0009451241100855,0.02,True,True,True
e04f_revin,revin,shuffle,unseen_seastate,shuffled,window_mean,heave_rate,20,2.0,0.0704583022955079,0.0715940133949282,-0.0012232914434053,0.02,True,True,True
e04f_revin,revin,shuffle,unseen_seastate,shuffled,window_mean,heave_rate,30,3.0,0.502367942524317,0.5010106912815555,0.0027200006474034,0.02,True,True,True
e04f_revin,revin,shuffle,unseen_seastate,shuffled,window_mean,heave_rate,50,5.0,0.7104833548191272,0.7077185611258547,0.0094593543261668,0.02,True,True,True
e04f_revin,revin,shuffle,unseen_seastate,shuffled,window_mean,heave_rate,100,10.0,0.1386361594132973,0.1375917767565697,0.0012110073032464,0.02,True,True,True
e04f_revin,revin,shuffle,unseen_seastate,shuffled,window_mean,heave_rate,150,15.0,0.5247363668723669,0.52510063525281,-0.000767043309559,0.02,True,True,True
e04f_revin,revin,untrained,unseen_seastate,untrained,persistence,roll,10,1.0,-4.617186572924787,0.0,-4.617186572924787,0.0,True,False,True
e04f_revin,revin,untrained,unseen_seastate,untrained,persistence,roll,20,2.0,-0.334941640040888,0.0,-0.334941640040888,0.0,True,False,True
e04f_revin,revin,untrained,unseen_seastate,untrained,persistence,roll,30,3.0,0.3627575753644885,0.0,0.3627575753644885,0.0,True,False,False
e04f_revin,revin,untrained,unseen_seastate,untrained,persistence,roll,50,5.0,0.730798655816717,0.0,0.730798655816717,0.0,True,False,False
e04f_revin,revin,untrained,unseen_seastate,untrained,persistence,roll,100,10.0,0.1863681261888985,0.0,0.1863681261888985,0.0,True,False,False
e04f_revin,revin,untrained,unseen_seastate,untrained,persistence,roll,150,15.0,0.3823112220071722,0.0,0.3823112220071722,0.0,True,False,False
e04f_revin,revin,untrained,unseen_seastate,untrained,persistence,pitch,10,1.0,-1.5303582395314557,0.0,-1.5303582395314557,0.0,True,False,True
e04f_revin,revin,untrained,unseen_seastate,untrained,persistence,pitch,20,2.0,-0.1482115982967957,0.0,-0.1482115982967957,0.0,True,False,True
e04f_revin,revin,untrained,unseen_seastate,untrained,persistence,pitch,30,3.0,0.3311592280305646,0.0,0.3311592280305646,0.0,True,False,False
e04f_revin,revin,untrained,unseen_seastate,untrained,persistence,pitch,50,5.0,0.6879143578303761,0.0,0.6879143578303761,0.0,True,False,False
e04f_revin,revin,untrained,unseen_seastate,untrained,persistence,pitch,100,10.0,0.2104137974724856,0.0,0.2104137974724856,0.0,True,False,False
e04f_revin,revin,untrained,unseen_seastate,untrained,persistence,pitch,150,15.0,0.2881789989320871,0.0,0.2881789989320871,0.0,True,False,False
e04f_revin,revin,untrained,unseen_seastate,untrained,persistence,heave,10,1.0,-2.9275007863010942,0.0,-2.9275007863010942,0.0,True,False,True
e04f_revin,revin,untrained,unseen_seastate,untrained,persistence,heave,20,2.0,0.0215148412139264,0.0,0.0215148412139264,0.0,True,False,False
e04f_revin,revin,untrained,unseen_seastate,untrained,persistence,heave,30,3.0,0.4710180393706541,0.0,0.4710180393706541,0.0,True,False,False
e04f_revin,revin,untrained,unseen_seastate,untrained,persistence,heave,50,5.0,0.5775061594636088,0.0,0.5775061594636088,0.0,True,False,False
e04f_revin,revin,untrained,unseen_seastate,untrained,persistence,heave,100,10.0,0.2645688812471676,0.0,0.2645688812471676,0.0,True,False,False
e04f_revin,revin,untrained,unseen_seastate,untrained,persistence,heave,150,15.0,0.4771130147071715,0.0,0.4771130147071715,0.0,True,False,False
e04f_revin,revin,untrained,unseen_seastate,untrained,persistence,roll_rate,10,1.0,-2.735792989717124,0.0,-2.735792989717124,0.0,True,False,True
e04f_revin,revin,untrained,unseen_seastate,untrained,persistence,roll_rate,20,2.0,-0.2237742578806214,0.0,-0.2237742578806214,0.0,True,False,True
e04f_revin,revin,untrained,unseen_seastate,untrained,persistence,roll_rate,30,3.0,0.3933083542045752,0.0,0.3933083542045752,0.0,True,False,False
e04f_revin,revin,untrained,unseen_seastate,untrained,persistence,roll_rate,50,5.0,0.7476553333248094,0.0,0.7476553333248094,0.0,True,False,False
e04f_revin,revin,untrained,unseen_seastate,untrained,persistence,roll_rate,100,10.0,0.1559727053610056,0.0,0.1559727053610056,0.0,True,False,False
e04f_revin,revin,untrained,unseen_seastate,untrained,persistence,roll_rate,150,15.0,0.3532913163111607,0.0,0.3532913163111607,0.0,True,False,False
e04f_revin,revin,untrained,unseen_seastate,untrained,persistence,pitch_rate,10,1.0,-1.1608144135209173,0.0,-1.1608144135209173,0.0,True,False,True
e04f_revin,revin,untrained,unseen_seastate,untrained,persistence,pitch_rate,20,2.0,0.4530323036360146,0.0,0.4530323036360146,0.0,True,False,False
e04f_revin,revin,untrained,unseen_seastate,untrained,persistence,pitch_rate,30,3.0,0.1443923127868375,0.0,0.1443923127868375,0.0,True,False,False
e04f_revin,revin,untrained,unseen_seastate,untrained,persistence,pitch_rate,50,5.0,0.5797810532607564,0.0,0.5797810532607564,0.0,True,False,False
e04f_revin,revin,untrained,unseen_seastate,untrained,persistence,pitch_rate,100,10.0,0.2241477355503988,0.0,0.2241477355503988,0.0,True,False,False
e04f_revin,revin,untrained,unseen_seastate,untrained,persistence,pitch_rate,150,15.0,0.4848028477187934,0.0,0.4848028477187934,0.0,True,False,False
e04f_revin,revin,untrained,unseen_seastate,untrained,persistence,heave_rate,10,1.0,-1.4099983031176646,0.0,-1.4099983031176646,0.0,True,False,True
e04f_revin,revin,untrained,unseen_seastate,untrained,persistence,heave_rate,20,2.0,0.1918336645525659,0.0,0.1918336645525659,0.0,True,False,False
e04f_revin,revin,untrained,unseen_seastate,untrained,persistence,heave_rate,30,3.0,0.3020865959359788,0.0,0.3020865959359788,0.0,True,False,False
e04f_revin,revin,untrained,unseen_seastate,untrained,persistence,heave_rate,50,5.0,0.6217109971541823,0.0,0.6217109971541823,0.0,True,False,False
e04f_revin,revin,untrained,unseen_seastate,untrained,persistence,heave_rate,100,10.0,-0.2359841579701187,0.0,-0.2359841579701187,0.0,True,False,True
e04f_revin,revin,untrained,unseen_seastate,untrained,persistence,heave_rate,150,15.0,0.1109630926859726,0.0,0.1109630926859726,0.0,True,False,False
e04f_revin_ood,revin,shuffle,unseen_heading,shuffled,window_mean,roll,10,1.0,-3.399985535098184,-3.3914080297037987,-0.0019532471900507,0.02,True,True,True
e04f_revin_ood,revin,shuffle,unseen_heading,shuffled,window_mean,roll,20,2.0,-0.2383267830448179,-0.236239641064424,-0.0016882988629913,0.02,True,True,True
e04f_revin_ood,revin,shuffle,unseen_heading,shuffled,window_mean,roll,30,3.0,0.383841075014975,0.3841767306616883,-0.0005450519060021,0.02,True,True,True
e04f_revin_ood,revin,shuffle,unseen_heading,shuffled,window_mean,roll,50,5.0,0.7157547072206739,0.715972521215032,-0.0007668764842396,0.02,True,True,True
e04f_revin_ood,revin,shuffle,unseen_heading,shuffled,window_mean,roll,100,10.0,0.11773394781477,0.1168940779134524,0.00095104095705,0.02,True,True,True
e04f_revin_ood,revin,shuffle,unseen_heading,shuffled,window_mean,roll,150,15.0,0.4162680824161695,0.4158288541685238,0.000751882818554,0.02,True,True,True
e04f_revin_ood,revin,shuffle,unseen_heading,shuffled,window_mean,pitch,10,1.0,-1.590736146945129,-1.3382493183345203,-0.1079811406896718,0.02,False,True,True
e04f_revin_ood,revin,shuffle,unseen_heading,shuffled,window_mean,pitch,20,2.0,0.1911389148324609,0.2908894046908976,-0.1406698623857896,0.02,False,True,True
e04f_revin_ood,revin,shuffle,unseen_heading,shuffled,window_mean,pitch,30,3.0,0.542508809497505,0.5997991964814176,-0.1431541028409064,0.02,False,True,True
e04f_revin_ood,revin,shuffle,unseen_heading,shuffled,window_mean,pitch,50,5.0,0.6689360712329451,0.7144225746413116,-0.1592790583892793,0.02,False,True,True
e04f_revin_ood,revin,shuffle,unseen_heading,shuffled,window_mean,pitch,100,10.0,0.1448043564305711,0.2246151920429719,-0.1029306156032192,0.02,False,True,True
e04f_revin_ood,revin,shuffle,unseen_heading,shuffled,window_mean,pitch,150,15.0,0.5241356725966029,0.5364592149871525,-0.0265856701049684,0.02,False,True,True
e04f_revin_ood,revin,shuffle,unseen_heading,shuffled,window_mean,heave,10,1.0,-2.597426125186106,-2.592337729181344,-0.0014164581362792,0.02,True,True,True
e04f_revin_ood,revin,shuffle,unseen_heading,shuffled,window_mean,heave,20,2.0,-0.0445788685299695,-0.044397840695372,-0.0001733322566781,0.02,True,True,True
e04f_revin_ood,revin,shuffle,unseen_heading,shuffled,window_mean,heave,30,3.0,0.4499536222259019,0.4512070618491698,-0.0022839937180885,0.02,True,True,True
e04f_revin_ood,revin,shuffle,unseen_heading,shuffled,window_mean,heave,50,5.0,0.7007096903801069,0.7029743955457782,-0.007624612598071,0.02,True,True,True
e04f_revin_ood,revin,shuffle,unseen_heading,shuffled,window_mean,heave,100,10.0,0.1556617746550823,0.1603568776394638,-0.0055917840084032,0.02,True,True,True
e04f_revin_ood,revin,shuffle,unseen_heading,shuffled,window_mean,heave,150,15.0,0.4814835983296404,0.4811962282931431,0.0005539089192659,0.02,True,True,True
e04f_revin_ood,revin,shuffle,unseen_heading,shuffled,window_mean,roll_rate,10,1.0,-3.127779848405181,-3.1239710122341275,-0.0009235846129262,0.02,True,True,True
e04f_revin_ood,revin,shuffle,unseen_heading,shuffled,window_mean,roll_rate,20,2.0,-0.1650552817599826,-0.1640227780163345,-0.0008870133498655,0.02,True,True,True
e04f_revin_ood,revin,shuffle,unseen_heading,shuffled,window_mean,roll_rate,30,3.0,0.413927481974508,0.4152625854125328,-0.0022832529691412,0.02,True,True,True
e04f_revin_ood,revin,shuffle,unseen_heading,shuffled,window_mean,roll_rate,50,5.0,0.7203522985722673,0.7209781818615215,-0.0022431338646913,0.02,True,True,True
e04f_revin_ood,revin,shuffle,unseen_heading,shuffled,window_mean,roll_rate,100,10.0,0.0396331010171797,0.0422423066274409,-0.002724285723118,0.02,True,True,True
e04f_revin_ood,revin,shuffle,unseen_heading,shuffled,window_mean,roll_rate,150,15.0,0.4560616814262618,0.4578222671046894,-0.0032472482206633,0.02,True,True,True
e04f_revin_ood,revin,shuffle,unseen_heading,shuffled,window_mean,pitch_rate,10,1.0,-1.385617215939102,-0.9966952022422622,-0.1947828658375527,0.02,False,True,True
e04f_revin_ood,revin,shuffle,unseen_heading,shuffled,window_mean,pitch_rate,20,2.0,0.2940479572758404,0.3829941615966961,-0.144157800112608,0.02,False,True,True
e04f_revin_ood,revin,shuffle,unseen_heading,shuffled,window_mean,pitch_rate,30,3.0,0.5841482950793606,0.6406527609863917,-0.1572419647974288,0.02,False,True,True
e04f_revin_ood,revin,shuffle,unseen_heading,shuffled,window_mean,pitch_rate,50,5.0,0.671276285656573,0.704100621980726,-0.1109307378199857,0.02,False,True,True
e04f_revin_ood,revin,shuffle,unseen_heading,shuffled,window_mean,pitch_rate,100,10.0,0.363439525838414,0.3652919511314012,-0.0029185470332213,0.02,False,True,True
e04f_revin_ood,revin,shuffle,unseen_heading,shuffled,window_mean,pitch_rate,150,15.0,0.5152644195696494,0.5150416048700197,0.0004594511650221,0.02,False,True,True
e04f_revin_ood,revin,shuffle,unseen_heading,shuffled,window_mean,heave_rate,10,1.0,-2.157233412570284,-2.121636360614806,-0.0114033307673502,0.02,True,True,True
e04f_revin_ood,revin,shuffle,unseen_heading,shuffled,window_mean,heave_rate,20,2.0,0.0738517466213847,0.0843951990855974,-0.0115152874402615,0.02,True,True,True
e04f_revin_ood,revin,shuffle,unseen_heading,shuffled,window_mean,heave_rate,30,3.0,0.505909594493678,0.5101420803729321,-0.0086402316052709,0.02,True,True,True
e04f_revin_ood,revin,shuffle,unseen_heading,shuffled,window_mean,heave_rate,50,5.0,0.7146180277279978,0.7152645178893378,-0.0022704938511624,0.02,True,True,True
e04f_revin_ood,revin,shuffle,unseen_heading,shuffled,window_mean,heave_rate,100,10.0,0.0181744642677211,0.0187039537824474,-0.0005395818283047,0.02,True,True,True
e04f_revin_ood,revin,shuffle,unseen_heading,shuffled,window_mean,heave_rate,150,15.0,0.5388806413939218,0.5393706296169118,-0.0010637363887209,0.02,True,True,True
e04f_revin_ood,revin,shuffle,unseen_vessel,shuffled,window_mean,roll,10,1.0,-4.303879168940758,-4.311336029464496,0.001403951940222,0.02,True,True,True
e04f_revin_ood,revin,shuffle,unseen_vessel,shuffled,window_mean,roll,20,2.0,-0.5874378159982889,-0.5878104909106063,0.000234709944575,0.02,True,True,True
e04f_revin_ood,revin,shuffle,unseen_vessel,shuffled,window_mean,roll,30,3.0,0.1628699001252033,0.1634400080652639,-0.000681490802282,0.02,True,True,True
e04f_revin_ood,revin,shuffle,unseen_vessel,shuffled,window_mean,roll,50,5.0,0.5880279144921822,0.5883049075167901,-0.0006728110916678,0.02,True,True,True
e04f_revin_ood,revin,shuffle,unseen_vessel,shuffled,window_mean,roll,100,10.0,0.665363898196798,0.6650294318625622,0.0009984946919231,0.02,True,True,True
e04f_revin_ood,revin,shuffle,unseen_vessel,shuffled,window_mean,roll,150,15.0,-0.8034300123380731,-0.8063221027799121,0.0016010934248039,0.02,True,True,True
e04f_revin_ood,revin,shuffle,unseen_vessel,shuffled,window_mean,pitch,10,1.0,-1.6086348407996458,-1.605843017682727,-0.0010713704156291,0.02,True,True,True
e04f_revin_ood,revin,shuffle,unseen_vessel,shuffled,window_mean,pitch,20,2.0,0.2144574076180725,0.2168847691985719,-0.003099622488526,0.02,True,True,True
e04f_revin_ood,revin,shuffle,unseen_vessel,shuffled,window_mean,pitch,30,3.0,0.5621071254793202,0.5639977753238108,-0.0043363307283461,0.02,True,True,True
e04f_revin_ood,revin,shuffle,unseen_vessel,shuffled,window_mean,pitch,50,5.0,0.7104748565783445,0.7099599794099374,0.0017751935314294,0.02,True,True,True
e04f_revin_ood,revin,shuffle,unseen_vessel,shuffled,window_mean,pitch,100,10.0,0.1743538688694522,0.1723586366192353,0.0024107449657503,0.02,True,True,True
e04f_revin_ood,revin,shuffle,unseen_vessel,shuffled,window_mean,pitch,150,15.0,0.5447094871479536,0.5440356379924596,0.001477854875603,0.02,True,True,True
e04f_revin_ood,revin,shuffle,unseen_vessel,shuffled,window_mean,heave,10,1.0,-2.732909985909012,-2.7245527495777933,-0.0022438227870893,0.02,True,True,True
e04f_revin_ood,revin,shuffle,unseen_vessel,shuffled,window_mean,heave,20,2.0,-0.0833801957633844,-0.0791038596563729,-0.0039628586894067,0.02,True,True,True
e04f_revin_ood,revin,shuffle,unseen_vessel,shuffled,window_mean,heave,30,3.0,0.430939153548219,0.4338973520110866,-0.0052255513613592,0.02,True,True,True
e04f_revin_ood,revin,shuffle,unseen_vessel,shuffled,window_mean,heave,50,5.0,0.6937721205094811,0.6942582772696753,-0.0015900896869838,0.02,True,True,True
e04f_revin_ood,revin,shuffle,unseen_vessel,shuffled,window_mean,heave,100,10.0,0.2417771922857335,0.2409090087894692,0.0011437146617692,0.02,True,True,True
e04f_revin_ood,revin,shuffle,unseen_vessel,shuffled,window_mean,heave,150,15.0,0.4793877629684668,0.4789627188651604,0.0008157652411756,0.02,True,True,True
e04f_revin_ood,revin,shuffle,unseen_vessel,shuffled,window_mean,roll_rate,10,1.0,-3.977917873553535,-3.982807410873789,0.0009812816183872,0.02,True,True,True
e04f_revin_ood,revin,shuffle,unseen_vessel,shuffled,window_mean,roll_rate,20,2.0,-0.4879396023043396,-0.489540770501061,0.0010749408330614,0.02,True,True,True
e04f_revin_ood,revin,shuffle,unseen_vessel,shuffled,window_mean,roll_rate,30,3.0,0.2129548679099857,0.2120397321300985,0.0011613983816228,0.02,True,True,True
e04f_revin_ood,revin,shuffle,unseen_vessel,shuffled,window_mean,roll_rate,50,5.0,0.6058447677764418,0.6054190023709238,0.0010790317021759,0.02,True,True,True
e04f_revin_ood,revin,shuffle,unseen_vessel,shuffled,window_mean,roll_rate,100,10.0,0.6340794820168665,0.6325101333739264,0.0042704541960525,0.02,True,True,True
e04f_revin_ood,revin,shuffle,unseen_vessel,shuffled,window_mean,roll_rate,150,15.0,-0.3777066636247663,-0.3846129881875177,0.0049879097059402,0.02,True,True,True
e04f_revin_ood,revin,shuffle,unseen_vessel,shuffled,window_mean,pitch_rate,10,1.0,-1.1610018914337197,-1.1533498762144312,-0.0035535401393944,0.02,True,True,True
e04f_revin_ood,revin,shuffle,unseen_vessel,shuffled,window_mean,pitch_rate,20,2.0,0.3367231369147873,0.3373383846910552,-0.0009284493956709,0.02,True,True,True
e04f_revin_ood,revin,shuffle,unseen_vessel,shuffled,window_mean,pitch_rate,30,3.0,0.6177347152383308,0.6171211622043005,0.0016024730893006,0.02,True,True,True
e04f_revin_ood,revin,shuffle,unseen_vessel,shuffled,window_mean,pitch_rate,50,5.0,0.705533726802462,0.7061656784073048,-0.0021507072469186,0.02,True,True,True
e04f_revin_ood,revin,shuffle,unseen_vessel,shuffled,window_mean,pitch_rate,100,10.0,0.2658157641775704,0.2660891264941885,-0.0003724734521401,0.02,True,True,True
e04f_revin_ood,revin,shuffle,unseen_vessel,shuffled,window_mean,pitch_rate,150,15.0,0.5442470574024842,0.5442489031786351,-4.049965351082818e-06,0.02,True,True,True
e04f_revin_ood,revin,shuffle,unseen_vessel,shuffled,window_mean,heave_rate,10,1.0,-2.2496149750352683,-2.2354826670538235,-0.0043679133643184,0.02,True,True,True
e04f_revin_ood,revin,shuffle,unseen_vessel,shuffled,window_mean,heave_rate,20,2.0,0.0537661706921559,0.0567443791209015,-0.0031573715150194,0.02,True,True,True
e04f_revin_ood,revin,shuffle,unseen_vessel,shuffled,window_mean,heave_rate,30,3.0,0.4974374513834992,0.4981387615197815,-0.0013974184147116,0.02,True,True,True
e04f_revin_ood,revin,shuffle,unseen_vessel,shuffled,window_mean,heave_rate,50,5.0,0.7103234886158298,0.711422875612522,-0.0038096817238224,0.02,True,True,True
e04f_revin_ood,revin,shuffle,unseen_vessel,shuffled,window_mean,heave_rate,100,10.0,0.0502301362312459,0.0499118328703562,0.0003350250765161,0.02,True,True,True
e04f_revin_ood,revin,shuffle,unseen_vessel,shuffled,window_mean,heave_rate,150,15.0,0.5485911130379825,0.5480766811825034,0.0011383166879397,0.02,True,True,True
