model,dof,horizon_samples,horizon_s,n_windows,rmse,mae,rmse_persistence,skill,signal_std,nrmse,n_realizations,skill_ci_lo,skill_ci_hi,seed,deterministic,n_params,fit_time_s,best_epoch,epochs_run,best_val_loss,val_loss_name,regime
persistence,roll,10,1.0,434304,1.9446628367671026,1.0377724380721711,1.9446628367671026,0.0,3.682816873957597,0.5280367999067371,384,0.0,0.0,0,True,0,0.0,,,,,id
persistence,roll,20,2.0,434304,3.7444545258092843,1.9893467593938703,3.7444545258092843,0.0,3.683691963859013,1.0164950171041491,384,0.0,0.0,0,True,0,0.0,,,,,id
persistence,roll,30,3.0,434304,5.26736094690192,2.7778542667166164,5.26736094690192,0.0,3.6845301229084004,1.4295882436005447,384,0.0,0.0,0,True,0,0.0,,,,,id
persistence,roll,50,5.0,434304,7.0875605548865055,3.6512930748556176,7.0875605548865055,0.0,3.685983647312865,1.922841019670133,384,0.0,0.0,0,True,0,0.0,,,,,id
persistence,roll,100,10.0,434304,3.793711335438843,1.8813973293221398,3.793711335438843,0.0,3.6900743810329235,1.0280853293740138,384,0.0,0.0,0,True,0,0.0,,,,,id
persistence,roll,150,15.0,434304,5.251935256462554,2.7772202327352713,5.251935256462554,0.0,3.6937274583324062,1.4218524013229785,384,0.0,0.0,0,True,0,0.0,,,,,id
persistence,pitch,10,1.0,434304,0.8963189522817477,0.566439951063036,0.8963189522817477,0.0,1.2413165389175655,0.7220712237213422,384,0.0,0.0,0,True,0,0.0,,,,,id
persistence,pitch,20,2.0,434304,1.6396866224861668,1.0364395185752229,1.6396866224861668,0.0,1.2413790185919036,1.3208589785463456,384,0.0,0.0,0,True,0,0.0,,,,,id
persistence,pitch,30,3.0,434304,2.1223575061775537,1.3392454379687988,2.1223575061775537,0.0,1.2413993725281671,1.7096492499873548,384,0.0,0.0,0,True,0,0.0,,,,,id
persistence,pitch,50,5.0,434304,2.2343246831224586,1.3769632072350333,2.2343246831224586,0.0,1.2415168463730468,1.7996732703626126,384,0.0,0.0,0,True,0,0.0,,,,,id
persistence,pitch,100,10.0,434304,1.5591545468409598,0.983825040124923,1.5591545468409598,0.0,1.2411836658196425,1.2561835848938105,384,0.0,0.0,0,True,0,0.0,,,,,id
persistence,pitch,150,15.0,434304,1.785131912400982,1.101074990896007,1.785131912400982,0.0,1.2405036351372414,1.439038034099341,384,0.0,0.0,0,True,0,0.0,,,,,id
persistence,heave,10,1.0,434304,0.44174333995484594,0.2931133682116353,0.44174333995484594,0.0,0.7591945699315659,0.5818578760312588,384,0.0,0.0,0,True,0,0.0,,,,,id
persistence,heave,20,2.0,434304,0.8382135080550518,0.5538148385082536,0.8382135080550518,0.0,0.7592353662201028,1.1040232651807913,384,0.0,0.0,0,True,0,0.0,,,,,id
persistence,heave,30,3.0,434304,1.1513183823181896,0.7547539654835521,1.1513183823181896,0.0,0.7592379733777742,1.5164130650579668,384,0.0,0.0,0,True,0,0.0,,,,,id
persistence,heave,50,5.0,434304,1.4421558821616272,0.9156766417437181,1.4421558821616272,0.0,0.7593097520603712,1.8992985119029056,384,0.0,0.0,0,True,0,0.0,,,,,id
persistence,heave,100,10.0,434304,0.8335183990732865,0.5179159766894691,0.8335183990732865,0.0,0.7591324816869609,1.0979880576589525,384,0.0,0.0,0,True,0,0.0,,,,,id
persistence,heave,150,15.0,434304,1.106452908012778,0.6986179909274478,1.106452908012778,0.0,0.758700750262978,1.4583521996376878,384,0.0,0.0,0,True,0,0.0,,,,,id
persistence,roll_rate,10,1.0,434304,1.067513758350997,0.5965094051660409,1.067513758350997,0.0,1.9695482829582032,0.5420094381985006,384,0.0,0.0,0,True,0,0.0,,,,,id
persistence,roll_rate,20,2.0,434304,2.0483978110523133,1.1374346249478606,2.0483978110523133,0.0,1.9698951249631573,1.039851200753961,384,0.0,0.0,0,True,0,0.0,,,,,id
persistence,roll_rate,30,3.0,434304,2.8659956780901075,1.5750691036384887,2.8659956780901075,0.0,1.9702531268505945,1.4546332341932822,384,0.0,0.0,0,True,0,0.0,,,,,id
persistence,roll_rate,50,5.0,434304,3.798345550151574,2.0214561569579743,3.798345550151574,0.0,1.9711142946671736,1.927004213011875,384,0.0,0.0,0,True,0,0.0,,,,,id
persistence,roll_rate,100,10.0,434304,1.958738621708589,1.0298134587004224,1.958738621708589,0.0,1.972726817260997,0.9929092079906787,384,0.0,0.0,0,True,0,0.0,,,,,id
persistence,roll_rate,150,15.0,434304,2.8980935747304644,1.5736128369706501,2.8980935747304644,0.0,1.9741281062750022,1.4680372390821688,384,0.0,0.0,0,True,0,0.0,,,,,id
persistence,pitch_rate,10,1.0,434304,0.7528444431836472,0.4665377047658137,0.7528444431836472,0.0,0.9236173504276821,0.8151042667561861,384,0.0,0.0,0,True,0,0.0,,,,,id
persistence,pitch_rate,20,2.0,434304,1.3414123591158549,0.83571542601617,1.3414123591158549,0.0,0.9237371608217294,1.4521580553526436,384,0.0,0.0,0,True,0,0.0,,,,,id
persistence,pitch_rate,30,3.0,434304,1.664055642972382,1.0431682570513632,1.664055642972382,0.0,0.9238676654473805,1.8011839846852606,384,0.0,0.0,0,True,0,0.0,,,,,id
persistence,pitch_rate,50,5.0,434304,1.549273352583568,0.9688414922649353,1.549273352583568,0.0,0.923797316378609,1.6770706356421305,384,0.0,0.0,0,True,0,0.0,,,,,id
persistence,pitch_rate,100,10.0,434304,1.2730898977022085,0.7930807929520691,1.2730898977022085,0.0,0.9237004804982916,1.3782496865384744,384,0.0,0.0,0,True,0,0.0,,,,,id
persistence,pitch_rate,150,15.0,434304,1.3079980284130317,0.8172558156953612,1.3079980284130317,0.0,0.9234069683655249,1.4164913989421712,384,0.0,0.0,0,True,0,0.0,,,,,id
persistence,heave_rate,10,1.0,434304,0.2852226587419099,0.1935238417756118,0.2852226587419099,0.0,0.4495602477358838,0.6344481305417331,384,0.0,0.0,0,True,0,0.0,,,,,id
persistence,heave_rate,20,2.0,434304,0.5351982235990471,0.3622164878114699,0.5351982235990471,0.0,0.44960586015695647,1.1903719925096405,384,0.0,0.0,0,True,0,0.0,,,,,id
persistence,heave_rate,30,3.0,434304,0.7216245802205107,0.4858565259598095,0.7216245802205107,0.0,0.4496495382799816,1.6048600494084782,384,0.0,0.0,0,True,0,0.0,,,,,id
persistence,heave_rate,50,5.0,434304,0.8524864976952896,0.5593961275241245,0.8524864976952896,0.0,0.44959255402628673,1.8961312638764176,384,0.0,0.0,0,True,0,0.0,,,,,id
persistence,heave_rate,100,10.0,434304,0.47861232963563727,0.3219983419341148,0.47861232963563727,0.0,0.4493860488108614,1.0650360217058645,384,0.0,0.0,0,True,0,0.0,,,,,id
persistence,heave_rate,150,15.0,434304,0.6814233587032514,0.43911069937871144,0.6814233587032514,0.0,0.44913945544323325,1.5171754572993121,384,0.0,0.0,0,True,0,0.0,,,,,id
window_mean,roll,10,1.0,434304,4.11515587874688,2.0999541336155327,1.9446628367671026,-3.4779985814083254,3.682816873957597,1.117393565736731,384,-3.539042916679915,-3.4078745606715426,0,True,0,0.0,,,,,id
window_mean,roll,20,2.0,434304,4.20803454325376,2.144202126348152,3.7444545258092843,-0.26293637240687096,3.683691963859013,1.142341592222996,384,-0.280918873495137,-0.24246984159794358,0,True,0,0.0,,,,,id
window_mean,roll,30,3.0,434304,4.180459120687446,2.128860804124394,5.26736094690192,0.37011422155864127,3.6845301229084004,1.1345976233701087,384,0.36137505034515,0.3796199302865947,0,True,0,0.0,,,,,id
window_mean,roll,50,5.0,434304,3.8177565785068985,1.9503654047389596,7.0875605548865055,0.7098497805055688,3.685983647312865,1.0357497329892111,384,0.7068127035471251,0.7130312091701784,0,True,0,0.0,,,,,id
window_mean,roll,100,10.0,434304,3.4256013416411144,1.7894984811136367,3.793711335438843,0.18464812238473027,3.6900743810329235,0.9283285343105258,384,0.1486312707503062,0.21822543792521265,0,True,0,0.0,,,,,id
window_mean,roll,150,15.0,434304,4.108069822062995,2.0842206077805234,5.251935256462554,0.3881613535715862,3.6937274583324062,1.11217459014089,384,0.3667396065883165,0.40849184809737843,0,True,0,0.0,,,,,id
window_mean,pitch,10,1.0,434304,1.3063155448695067,0.8209531764064455,0.8963189522817477,-1.1240807878543508,1.2413165389175655,1.0523629581288112,384,-1.2187911642767641,-1.0343876270738737,0,True,0,0.0,,,,,id
window_mean,pitch,20,2.0,434304,1.3348954536647948,0.838332894319717,1.6396866224861668,0.33721480160150297,1.2413790185919036,1.0753327015136496,384,0.31031983292936105,0.36267034019785777,0,True,0,0.0,,,,,id
window_mean,pitch,30,3.0,434304,1.3257841358739548,0.8311854037390853,2.1223575061775537,0.6097808731771663,1.2413993725281671,1.0679755163513045,384,0.596937666725327,0.6223769185466039,0,True,0,0.0,,,,,id
window_mean,pitch,50,5.0,434304,1.243757032777806,0.7791457294531832,2.2343246831224586,0.690130713374352,1.2415168463730468,1.0018043946896924,384,0.6843662784341507,0.6951364523020974,0,True,0,0.0,,,,,id
window_mean,pitch,100,10.0,434304,1.2418269235570727,0.7806006988532016,1.5591545468409598,0.36562828355867194,1.2411836658196425,1.0005182615233705,384,0.33535308557828625,0.39708504225794966,0,True,0,0.0,,,,,id
window_mean,pitch,150,15.0,434304,1.2592484253572214,0.7917052680175864,1.785131912400982,0.5023978991733826,1.2405036351372414,1.0151106290131156,384,0.48296941043722696,0.5199959943509117,0,True,0,0.0,,,,,id
window_mean,heave,10,1.0,434304,0.8067379415576311,0.512412559790591,0.44174333995484594,-2.33522351662287,0.7591945699315659,1.0626234347676522,384,-2.458178978627327,-2.204644097227873,0,True,0,0.0,,,,,id
window_mean,heave,20,2.0,434304,0.8300759861119058,0.5267840285938438,0.8382135080550518,0.01932209784014849,0.7592353662201028,1.0933052160682228,384,-0.015623054271377586,0.05659256405096782,0,True,0,0.0,,,,,id
window_mean,heave,30,3.0,434304,0.8344950691168578,0.5285658454418716,1.1513183823181896,0.47464040061923085,0.7592379733777742,1.0991218805933431,384,0.45702513024982394,0.4929106658384445,0,True,0,0.0,,,,,id
window_mean,heave,50,5.0,434304,0.7927022123024386,0.5006232730354992,1.4421558821616272,0.6978686931954982,0.7593097520603712,1.0439773888738524,384,0.6915978254772672,0.70437302453727,0,True,0,0.0,,,,,id
window_mean,heave,100,10.0,434304,0.7312591334768717,0.47197026081317234,0.8335183990732865,0.23031641368746636,0.7591324816869609,0.963282629998721,384,0.16251744340234864,0.2856873079400718,0,True,0,0.0,,,,,id
window_mean,heave,150,15.0,434304,0.7896312294003149,0.49963608325763376,1.106452908012778,0.4906893436825678,0.758700750262978,1.040767692830956,384,0.46184217114088794,0.5184511643874847,0,True,0,0.0,,,,,id
window_mean,roll_rate,10,1.0,434304,2.1917490514812266,1.158797574917205,1.067513758350997,-3.2153602172295495,1.9695482829582032,1.1128181372579933,384,-3.2957465188659216,-3.125100591679301,0,True,0,0.0,,,,,id
window_mean,roll_rate,20,2.0,434304,2.2360599822805876,1.1811533032589767,2.0483978110523133,-0.19162139589236005,1.9698951249631573,1.1351162576852452,384,-0.2139462441894909,-0.16725710089271853,0,True,0,0.0,,,,,id
window_mean,roll_rate,30,3.0,434304,2.2172531569458296,1.170866590925952,2.8659956780901075,0.4014788502334642,1.9702531268505945,1.1253646177382595,384,0.39145949510567624,0.4121335645055581,0,True,0,0.0,,,,,id
window_mean,roll_rate,50,5.0,434304,2.023005276687659,1.0731245463194665,3.798345550151574,0.7163354349090508,1.9711142946671736,1.0263257093517488,384,0.7137183161814064,0.7189212308246694,0,True,0,0.0,,,,,id
window_mean,roll_rate,100,10.0,434304,1.8543065477163936,1.005137748272637,1.958738621708589,0.103789370927999,1.972726817260997,0.9399712780763926,384,0.06392221718175421,0.1414040727181663,0,True,0,0.0,,,,,id
window_mean,roll_rate,150,15.0,434304,2.177101318188682,1.1441669646696426,2.8980935747304644,0.43567086369580277,1.9741281062750022,1.1028166365032266,384,0.41609272419244514,0.45428032806761287,0,True,0,0.0,,,,,id
window_mean,pitch_rate,10,1.0,434304,0.9671167338004204,0.6120518724358986,0.7528444431836472,-0.6502407129142918,0.9236173504276821,1.0470967585792925,384,-0.7131157552421232,-0.590609826979125,0,True,0,0.0,,,,,id
window_mean,pitch_rate,20,2.0,434304,0.9828175607561425,0.6223306056584392,1.3414123591158549,0.46318924454691235,0.9237371608217294,1.0639580201383876,384,0.44596268983535325,0.4787804981069199,0,True,0,0.0,,,,,id
window_mean,pitch_rate,30,3.0,434304,0.9680853518457382,0.6130544939063394,1.664055642972382,0.6615522671408269,0.9238676654473805,1.0478614936447044,384,0.6544640787132664,0.6682856517320508,0,True,0,0.0,,,,,id
window_mean,pitch_rate,50,5.0,434304,0.9081813983371277,0.5749807502762615,1.549273352583568,0.656371558512514,0.923797316378609,0.9830959478181888,384,0.6461940419578381,0.6648677724595233,0,True,0,0.0,,,,,id
window_mean,pitch_rate,100,10.0,434304,0.9346575595244545,0.5885749512384881,1.2730898977022085,0.4610023124102339,0.9237004804982916,1.0118621558151102,384,0.4392257323975654,0.4826954357150151,0,True,0,0.0,,,,,id
window_mean,pitch_rate,150,15.0,434304,0.9288778251007184,0.5885323138500119,1.3079980284130317,0.49568369253211775,0.9234069683655249,1.0059246431125348,384,0.48280416308048874,0.5089226656928855,0,True,0,0.0,,,,,id
window_mean,heave_rate,10,1.0,434304,0.47489582651676115,0.3145375869066748,0.2852226587419099,-1.7722261641405654,0.4495602477358838,1.0563563591498017,384,-1.8750789050658903,-1.6630914576581906,0,True,0,0.0,,,,,id
window_mean,heave_rate,20,2.0,434304,0.4868122053418252,0.3225558870682488,0.5351982235990471,0.17264177238064837,0.44960586015695647,1.0827532478599813,384,0.14465213164521865,0.2029074632944761,0,True,0,0.0,,,,,id
window_mean,heave_rate,30,3.0,434304,0.4869310792955682,0.3223486892840842,0.7216245802205107,0.5446845844030395,0.4496495382799816,1.0829124414498401,384,0.5312534564527297,0.5583747236797285,0,True,0,0.0,,,,,id
window_mean,heave_rate,50,5.0,434304,0.4588787413281471,0.3034917192010369,0.8524864976952896,0.7102517252385939,0.44959255402628673,1.02065467325626,384,0.706291591768079,0.714111891109605,0,True,0,0.0,,,,,id
window_mean,heave_rate,100,10.0,434304,0.4424093703898694,0.2952808521335525,0.47861232963563727,0.14556138168491783,0.4493860488108614,0.9844750889809479,384,0.091286914879887,0.198118531571665,0,True,0,0.0,,,,,id
window_mean,heave_rate,150,15.0,434304,0.4615699092579569,0.3049234760361569,0.6814233587032514,0.5411814761079022,0.44913945544323325,1.0276761564010373,384,0.5215455972803856,0.5586708180420095,0,True,0,0.0,,,,,id
damped_persistence,roll,10,1.0,434304,2.4892212450591646,1.289247944184224,1.9446628367671026,-0.6384695263285793,3.682816873957597,0.6759014445331949,384,-0.6561008706383746,-0.6187590093863031,0,True,6,0.12830414398922585,,,,,id
damped_persistence,roll,20,2.0,434304,3.690807634570473,1.9045603633863442,3.7444545258092843,0.02844878511016624,3.683691963859013,1.0019316682234216,384,0.017647438325516365,0.040565184628654063,0,True,6,0.12830414398922585,,,,,id
damped_persistence,roll,30,3.0,434304,4.130652385975844,2.1220103797737155,5.26736094690192,0.38503395351498615,3.6845301229084004,1.1210798251569984,384,0.37800528963059643,0.3925309580421404,0,True,6,0.12830414398922585,,,,,id
damped_persistence,roll,50,5.0,434304,3.925974184606597,2.0078165221459683,7.0875605548865055,0.69316753137732,3.685983647312865,1.0651089533369713,384,0.690262007361247,0.696198918591054,0,True,6,0.12830414398922585,,,,,id
damped_persistence,roll,100,10.0,434304,3.4226344706069405,1.7879017940044155,3.793711335438843,0.1860598431748567,3.6900743810329235,0.9275245204268426,384,0.15015550815454584,0.21951984880415065,0,True,6,0.12830414398922585,,,,,id
damped_persistence,roll,150,15.0,434304,4.108033531196612,2.0842126932471055,5.251935256462554,0.38817216354193784,3.6937274583324062,1.112164765142486,384,0.3667529897896048,0.408500555470391,0,True,6,0.12830414398922585,,,,,id
damped_persistence,pitch,10,1.0,434304,0.9893440253231025,0.6256358767755112,0.8963189522817477,-0.2183428300377217,1.2413165389175655,0.7970118775552734,384,-0.255785094274819,-0.18268882434778547,0,True,6,0.12830414398922585,,,,,id
damped_persistence,pitch,20,2.0,434304,1.3107640531193587,0.8266969902765591,1.6396866224861668,0.3609610371651497,1.2413790185919036,1.0558935131722773,384,0.34086348641676395,0.37986386915025705,0,True,6,0.12830414398922585,,,,,id
damped_persistence,pitch,30,3.0,434304,1.3548671586854772,0.8511329815141471,2.1223575061775537,0.592473036662897,1.2413993725281671,1.0914031283310768,384,0.5809735466908174,0.6037989720278992,0,True,6,0.12830414398922585,,,,,id
damped_persistence,pitch,50,5.0,434304,1.2509263092557188,0.7833526822249735,2.2343246831224586,0.6865481144641659,1.2415168463730468,1.0075790053998548,384,0.6808801394835121,0.6914604630818076,0,True,6,0.12830414398922585,,,,,id
damped_persistence,pitch,100,10.0,434304,1.2418029377103632,0.7805882180134781,1.5591545468409598,0.36565278906022125,1.2411836658196425,1.0004989365456334,384,0.33538258198520887,0.397103626923048,0,True,6,0.12830414398922585,,,,,id
damped_persistence,pitch,150,15.0,434304,1.2592484387053677,0.7917052666211138,1.785131912400982,0.5023978886241287,1.2405036351372414,1.0151106397733793,384,0.4829694311658592,0.5199959544730369,0,True,6,0.12830414398922585,,,,,id
damped_persistence,heave,10,1.0,434304,0.5340943972091076,0.3454444207132053,0.44174333995484594,-0.46182714886613674,0.7591945699315659,0.7035013399229806,384,-0.5000793873159017,-0.421369454613278,0,True,6,0.12830414398922585,,,,,id
damped_persistence,heave,20,2.0,434304,0.7666348791696123,0.4933679879857042,0.8382135080550518,0.1634963548560603,0.7592353662201028,1.0097460066782036,384,0.14109556604897774,0.18771620443074435,0,True,6,0.12830414398922585,,,,,id
damped_persistence,heave,30,3.0,434304,0.8410597012862076,0.5373894137322743,1.1513183823181896,0.4663423104892308,0.7592379733777742,1.107768223900099,384,0.4515875737906873,0.4814994069971563,0,True,6,0.12830414398922585,,,,,id
damped_persistence,heave,50,5.0,434304,0.8062821645622597,0.5094290741734202,1.4421558821616272,0.6874282712160603,0.7593097520603712,1.061861990280554,384,0.6813001910703798,0.6937342874188245,0,True,6,0.12830414398922585,,,,,id
damped_persistence,heave,100,10.0,434304,0.7310763301829194,0.47185839004686486,0.8335183990732865,0.2307011831951743,0.7591324816869609,0.9630418244761514,384,0.1629824522047909,0.286006576920424,0,True,6,0.12830414398922585,,,,,id
damped_persistence,heave,150,15.0,434304,0.7896313063654334,0.49963638298715213,1.106452908012778,0.4906892443978499,0.758700750262978,1.0407677942742701,384,0.46184284717500357,0.5184502809954734,0,True,6,0.12830414398922585,,,,,id
damped_persistence,roll_rate,10,1.0,434304,1.3494520374172496,0.7278013081580825,1.067513758350997,-0.5979675089866161,1.9695482829582032,0.6851581396067187,384,-0.6209274499729444,-0.5731235324848601,0,True,6,0.12830414398922585,,,,,id
damped_persistence,roll_rate,20,2.0,434304,1.9828566475499567,1.0642180527723495,2.0483978110523133,0.06296884871443376,1.9698951249631573,1.0065798033725484,384,0.04953263199787661,0.07733404653007088,0,True,6,0.12830414398922585,,,,,id
damped_persistence,roll_rate,30,3.0,434304,2.202343374958143,1.1750392827740477,2.8659956780901075,0.4095012233145746,1.9702531268505945,1.117797172832579,384,0.4015458799355494,0.4179129374532517,0,True,6,0.12830414398922585,,,,,id
damped_persistence,roll_rate,50,5.0,434304,2.0773403558130084,1.1025111839426232,3.798345550151574,0.7008931405374084,1.9711142946671736,1.0538913757732,384,0.6984005890843301,0.703345739611784,0,True,6,0.12830414398922585,,,,,id
damped_persistence,roll_rate,100,10.0,434304,1.852883733588771,1.0043821393787926,1.958738621708589,0.10516417266875577,1.972726817260997,0.9392500357253618,384,0.06539468485143891,0.1426857677193403,0,True,6,0.12830414398922585,,,,,id
damped_persistence,roll_rate,150,15.0,434304,2.177093332560865,1.1441665205464582,2.8980935747304644,0.435675003617217,1.9741281062750022,1.1028125913615805,384,0.4160986140008665,0.45428302355810024,0,True,6,0.12830414398922585,,,,,id
damped_persistence,pitch_rate,10,1.0,434304,0.7860204050304983,0.4960762642861588,0.7528444431836472,-0.09007691500804316,0.9236173504276821,0.8510238624973109,384,-0.11873225047996916,-0.06256308370672532,0,True,6,0.12830414398922585,,,,,id
damped_persistence,pitch_rate,20,2.0,434304,0.9871837000051622,0.6242239421919248,1.3414123591158549,0.458409117056244,0.9237371608217294,1.0686846235859913,384,0.44465531131888414,0.4708951307997812,0,True,6,0.12830414398922585,,,,,id
damped_persistence,pitch_rate,30,3.0,434304,0.9882498421341575,0.625540349058428,1.664055642972382,0.647306205211191,0.9238676654473805,1.0696876610088957,384,0.640685114137082,0.653602030344373,0,True,6,0.12830414398922585,,,,,id
damped_persistence,pitch_rate,50,5.0,434304,0.9099725613542374,0.5760913454484434,1.549273352583568,0.6550147777802057,0.923797316378609,0.9850348612414613,384,0.6449365152517635,0.6634335363658073,0,True,6,0.12830414398922585,,,,,id
damped_persistence,pitch_rate,100,10.0,434304,0.9346563549664033,0.5885741524310981,1.2730898977022085,0.46100370169677884,0.9237004804982916,1.0118608517581387,384,0.43922805689685657,0.48269598382839657,0,True,6,0.12830414398922585,,,,,id
damped_persistence,pitch_rate,150,15.0,434304,0.9288778246210105,0.5885323130423156,1.3079980284130317,0.49568369305301396,0.9234069683655249,1.005924642593037,384,0.482804166126381,0.5089226639676494,0,True,6,0.12830414398922585,,,,,id
damped_persistence,heave_rate,10,1.0,434304,0.33327947637441113,0.2233941473545821,0.2852226587419099,-0.3653660276152806,0.4495602477358838,0.7413455216578946,384,-0.4000658730061497,-0.327902183741085,0,True,6,0.12830414398922585,,,,,id
damped_persistence,heave_rate,20,2.0,434304,0.4628728465488788,0.30929412163086617,0.5351982235990471,0.2520129437067815,0.44960586015695647,1.0295080370778327,384,0.23290606173717063,0.27220890299987993,0,True,6,0.12830414398922585,,,,,id
damped_persistence,heave_rate,30,3.0,434304,0.49514860399630534,0.3292575061437878,0.7216245802205107,0.5291869607879671,0.4496495382799816,1.1011878404020354,384,0.5176464569897486,0.540859767780233,0,True,6,0.12830414398922585,,,,,id
damped_persistence,heave_rate,50,5.0,434304,0.46448826140142097,0.3071032677607912,0.8524864976952896,0.7031244252447577,0.44959255402628673,1.0331315704446995,384,0.6992401521002072,0.7068917585581058,0,True,6,0.12830414398922585,,,,,id
damped_persistence,heave_rate,100,10.0,434304,0.4423556330336838,0.2952499621841984,0.47861232963563727,0.14576893824628123,0.4493860488108614,0.9843555094872636,384,0.0915224062546186,0.19829678114939137,0,True,6,0.12830414398922585,,,,,id
damped_persistence,heave_rate,150,15.0,434304,0.46157012814064957,0.30492359061406815,0.6814233587032514,0.541181040951902,0.44913945544323325,1.0276766437389677,384,0.5215453400595115,0.5586702301811859,0,True,6,0.12830414398922585,,,,,id
ar20,roll,10,1.0,434304,0.007407291593905626,0.005034348905103954,1.9446628367671026,0.999985491241457,3.682816873957597,0.002011311408472414,384,0.9999815710471722,0.9999882270542567,0,True,108900,0.05317497198120691,,,,,id
ar20,roll,20,2.0,434304,0.05777891179487249,0.040146008609653235,3.7444545258092843,0.999761898794188,3.683691963859013,0.015685055200528673,384,0.9997021452506706,0.9998027043847284,0,True,108900,0.05317497198120691,,,,,id
ar20,roll,30,3.0,434304,0.19053478592220646,0.13505665827743052,5.26736094690192,0.9986915341458037,3.6845301229084004,0.051712098847439186,384,0.9983923950095616,0.9988911485413237,0,True,108900,0.05317497198120691,,,,,id
ar20,roll,50,5.0,434304,0.6168258999151214,0.43650715168780974,7.0875605548865055,0.992425889494485,3.685983647312865,0.16734363440944627,384,0.9909890588439543,0.9933893150331111,0,True,108900,0.05317497198120691,,,,,id
ar20,roll,100,10.0,434304,1.029085158873503,0.7310633911246266,3.793711335438843,0.9264175802348101,3.6900743810329235,0.27887924540573683,384,0.9135720996147537,0.9351693651627365,0,True,108900,0.05317497198120691,,,,,id
ar20,roll,150,15.0,434304,1.5875963351366316,1.0957140194686674,5.251935256462554,0.9086220421448543,3.6937274583324062,0.4298087373921675,384,0.8976445896341941,0.916994954516114,0,True,108900,0.05317497198120691,,,,,id
ar20,pitch,10,1.0,434304,0.008379120247152939,0.005409154532996206,0.8963189522817477,0.9999126079983012,1.2413165389175655,0.006750188194914067,384,0.9998988049931082,0.9999243996353727,0,True,108900,0.05317497198120691,,,,,id
ar20,pitch,20,2.0,434304,0.0819080547621861,0.05455332886292674,1.6396866224861668,0.9975046497225859,1.2413790185919036,0.06598150406561118,384,0.997163399822113,0.9977998101495508,0,True,108900,0.05317497198120691,,,,,id
ar20,pitch,30,3.0,434304,0.26704927365720377,0.18276185130014078,2.1223575061775537,0.9841676377212494,1.2413993725281671,0.21511954941087622,384,0.982324218833393,0.9858134347601519,0,True,108900,0.05317497198120691,,,,,id
ar20,pitch,50,5.0,434304,0.6009779713976715,0.41250157640344765,2.2343246831224586,0.927652331458518,1.2415168463730468,0.48406751237678464,384,0.9204887224009591,0.9338079762935736,0,True,108900,0.05317497198120691,,,,,id
ar20,pitch,100,10.0,434304,1.0521784076359824,0.6967854679256326,1.5591545468409598,0.5445922267799075,1.2411836658196425,0.8477217648051738,384,0.531378491266739,0.5574122014896867,0,True,108900,0.05317497198120691,,,,,id
ar20,pitch,150,15.0,434304,1.2233875968852959,0.7930169640213209,1.785131912400982,0.5303357338766602,1.2405036351372414,0.9862023473634949,384,0.5092764604073992,0.5484360146151193,0,True,108900,0.05317497198120691,,,,,id
ar20,heave,10,1.0,434304,0.0018378881445991542,0.001265862945321583,0.44174333995484594,0.9999826899575988,0.7591945699315659,0.0024208394229753545,384,0.9999804528361742,0.9999846634039316,0,True,108900,0.05317497198120691,,,,,id
ar20,heave,20,2.0,434304,0.016076663522087364,0.011050707048779342,0.8382135080550518,0.9996321400276761,0.7592353662201028,0.021174808547349374,384,0.9995844737873412,0.9996746755481648,0,True,108900,0.05317497198120691,,,,,id
ar20,heave,30,3.0,434304,0.05883616612460267,0.040249128334850275,1.1513183823181896,0.9973884529565938,0.7592379733777742,0.07749370841245785,384,0.997054626314687,0.9976840977085297,0,True,108900,0.05317497198120691,,,,,id
ar20,heave,50,5.0,434304,0.2255723200215065,0.1511720345852496,1.4421558821616272,0.9755348883946262,0.7593097520603712,0.29707549443349135,384,0.9727683389218242,0.9781477532162949,0,True,108900,0.05317497198120691,,,,,id
ar20,heave,100,10.0,434304,0.47479310849898637,0.32132515117944405,0.8335183990732865,0.6755270991001815,0.7591324816869609,0.6254416981919818,384,0.6410207709125865,0.7038167627112357,0,True,108900,0.05317497198120691,,,,,id
ar20,heave,150,15.0,434304,0.6304450937035695,0.4304923406749136,1.106452908012778,0.6753400858726175,0.758700750262978,0.8309535656647855,384,0.6510470297327287,0.6967159484090855,0,True,108900,0.05317497198120691,,,,,id
ar20,roll_rate,10,1.0,434304,0.020934868797861328,0.014309206079040447,1.067513758350997,0.99961541395201,1.9695482829582032,0.010629274224452003,384,0.9995190955372373,0.9996837493206006,0,True,108900,0.05317497198120691,,,,,id
ar20,roll_rate,20,2.0,434304,0.08832897184845363,0.06213489757482304,2.0483978110523133,0.998140578944796,1.9698951249631573,0.04483942862191998,384,0.9977303950738328,0.998430064864345,0,True,108900,0.05317497198120691,,,,,id
ar20,roll_rate,30,3.0,434304,0.1815910280808433,0.13000061904132867,2.8659956780901075,0.9959854422238474,1.9702531268505945,0.0921663443169419,384,0.9952006312293004,0.9965180603934534,0,True,108900,0.05317497198120691,,,,,id
ar20,roll_rate,50,5.0,434304,0.26862733360028607,0.18614093561254025,3.798345550151574,0.9949983711744101,1.9711142946671736,0.13628196717311328,384,0.9942266445030435,0.9955813005256813,0,True,108900,0.05317497198120691,,,,,id
ar20,roll_rate,100,10.0,434304,0.6690683531557416,0.4612853031853534,1.958738621708589,0.883322261392014,1.972726817260997,0.3391591513338373,384,0.8680907593611353,0.8951643403898399,0,True,108900,0.05317497198120691,,,,,id
ar20,roll_rate,150,15.0,434304,1.0068549148022392,0.6805717103880601,2.8980935747304644,0.8792995246002959,1.9741281062750022,0.5100251151897541,384,0.8668886146004926,0.8895550575459984,0,True,108900,0.05317497198120691,,,,,id
ar20,pitch_rate,10,1.0,434304,0.027161750293933078,0.017653956888452286,0.7528444431836472,0.9986983176796457,0.9236173504276821,0.02940801218313601,384,0.9985427451460389,0.998844075898835,0,True,108900,0.05317497198120691,,,,,id
ar20,pitch_rate,20,2.0,434304,0.13376550238866602,0.0902993785339267,1.3414123591158549,0.9900559421269797,0.9237371608217294,0.14480905181910422,384,0.9890394789937651,0.991002939226091,0,True,108900,0.05317497198120691,,,,,id
ar20,pitch_rate,30,3.0,434304,0.24512102184704693,0.1685719658439396,1.664055642972382,0.9783017140406708,0.9238676654473805,0.2653204901681971,384,0.9760614926605478,0.9802281253790782,0,True,108900,0.05317497198120691,,,,,id
ar20,pitch_rate,50,5.0,434304,0.42834731927227876,0.2773281780510084,1.549273352583568,0.923557302426762,0.923797316378609,0.46368106042075247,384,0.9141679867634914,0.9316725990752937,0,True,108900,0.05317497198120691,,,,,id
ar20,pitch_rate,100,10.0,434304,0.8200528399590273,0.5488349625507439,1.2730898977022085,0.5850788908961349,0.9237004804982916,0.8877908556642178,384,0.5704945364326494,0.5987506803085165,0,True,108900,0.05317497198120691,,,,,id
ar20,pitch_rate,150,15.0,434304,0.9092099418168547,0.5860416842143169,1.3079980284130317,0.5168141883805936,0.9234069683655249,0.9846253850847588,384,0.5018121295306799,0.5304572574563123,0,True,108900,0.05317497198120691,,,,,id
ar20,heave_rate,10,1.0,434304,0.005411377717979941,0.003725879834992732,0.2852226587419099,0.9996400454643583,0.4495602477358838,0.012037046747867975,384,0.9995994431196376,0.999676925252943,0,True,108900,0.05317497198120691,,,,,id
ar20,heave_rate,20,2.0,434304,0.026265015602456337,0.018005959427045026,0.5351982235990471,0.9975916145228063,0.44960586015695647,0.05841786758136844,384,0.9973202518871553,0.997849974337267,0,True,108900,0.05317497198120691,,,,,id
ar20,heave_rate,30,3.0,434304,0.061807410485387626,0.041897135036308195,0.7216245802205107,0.992664014548903,0.4496495382799816,0.13745685300115273,384,0.9918440148352332,0.9934432741099569,0,True,108900,0.05317497198120691,,,,,id
ar20,heave_rate,50,5.0,434304,0.1104187370152151,0.0732956897632718,0.8524864976952896,0.9832231457133732,0.44959255402628673,0.24559734369790998,384,0.9815711359921899,0.984672706952806,0,True,108900,0.05317497198120691,,,,,id
ar20,heave_rate,100,10.0,434304,0.28895011556212075,0.1961930727885706,0.47861232963563727,0.6355164098241961,0.4493860488108614,0.6429886204227375,384,0.618877138432133,0.6521421523120488,0,True,108900,0.05317497198120691,,,,,id
ar20,heave_rate,150,15.0,434304,0.4027018145025547,0.27309999840302,0.6814233587032514,0.6507526340226308,0.44913945544323325,0.8966075227239799,384,0.6273185898136714,0.6724885296235308,0,True,108900,0.05317497198120691,,,,,id
dlinear_ols,roll,10,1.0,434304,0.011612490786877322,0.006148928924167347,1.9446628367671026,0.9999643415767644,3.682816873957597,0.0031531545510701453,384,0.9999612414035927,0.9999673065489365,0,True,60300,0.13786708100815304,,,,,id
dlinear_ols,roll,20,2.0,434304,0.11403536089294834,0.060206690975641845,3.7444545258092843,0.9990725255356578,3.683691963859013,0.030956812353410138,384,0.9989913789000092,0.9991498316214701,0,True,60300,0.13786708100815304,,,,,id
dlinear_ols,roll,30,3.0,434304,0.4035312882657243,0.21201806380499327,5.26736094690192,0.9941309437916467,3.6845301229084004,0.10952042046197062,384,0.9936123523925189,0.9946249294848097,0,True,60300,0.13786708100815304,,,,,id
dlinear_ols,roll,50,5.0,434304,0.8435908865562778,0.43900712814893567,7.0875605548865055,0.9858332511814922,3.685983647312865,0.22886452227515108,384,0.9845674912314156,0.9869942042087069,0,True,60300,0.13786708100815304,,,,,id
dlinear_ols,roll,100,10.0,434304,1.7432966884707173,0.9427992690444561,3.793711335438843,0.7888388366839049,3.6900743810329235,0.4724286039954389,384,0.7780553738988575,0.7982111056412077,0,True,60300,0.13786708100815304,,,,,id
dlinear_ols,roll,150,15.0,434304,2.5008285125016565,1.3535744835332089,5.251935256462554,0.7732595015295645,3.6937274583324062,0.6770473838994868,384,0.7625866547038612,0.7830182416078059,0,True,60300,0.13786708100815304,,,,,id
dlinear_ols,pitch,10,1.0,434304,0.009441741200490959,0.005460755757753631,0.8963189522817477,0.9998890367865136,1.2413165389175655,0.007606231693911213,384,0.9998747457715482,0.9999029529188432,0,True,60300,0.13786708100815304,,,,,id
dlinear_ols,pitch,20,2.0,434304,0.08599676800576458,0.05078089228430567,1.6396866224861668,0.997249304276622,1.2413790185919036,0.0692751905081421,384,0.9969131889132858,0.9975652502522631,0,True,60300,0.13786708100815304,,,,,id
dlinear_ols,pitch,30,3.0,434304,0.27618326232848756,0.166575745623854,2.1223575061775537,0.9830660751812946,1.2413993725281671,0.22247736581824396,384,0.9812623243536546,0.9848125218726488,0,True,60300,0.13786708100815304,,,,,id
dlinear_ols,pitch,50,5.0,434304,0.4775415934190685,0.2943235656667669,2.2343246831224586,0.9543196059266156,1.2415168463730468,0.38464366779569126,384,0.9495111068492822,0.9587995602976086,0,True,60300,0.13786708100815304,,,,,id
dlinear_ols,pitch,100,10.0,434304,1.0244467029139281,0.6448375785723881,1.5591545468409598,0.5682817509441911,1.2411836658196425,0.8253788146957386,384,0.5560555052005054,0.5817774897543337,0,True,60300,0.13786708100815304,,,,,id
dlinear_ols,pitch,150,15.0,434304,1.2375828445708743,0.7760716962751867,1.785131912400982,0.5193732556327721,1.2405036351372414,0.9976454800424314,384,0.4950788213998468,0.542864757192327,0,True,60300,0.13786708100815304,,,,,id
dlinear_ols,heave,10,1.0,434304,0.0043726212192825055,0.002477458250345813,0.44174333995484594,0.9999020185877205,0.7591945699315659,0.005759552810917306,384,0.9998784057742951,0.9999238735414189,0,True,60300,0.13786708100815304,,,,,id
dlinear_ols,heave,20,2.0,434304,0.0430678693825785,0.02424888479670457,0.8382135080550518,0.9973600392875007,0.7592353662201028,0.05672532036671892,384,0.9967163189466663,0.9979573350382671,0,True,60300,0.13786708100815304,,,,,id
dlinear_ols,heave,30,3.0,434304,0.1531398082947669,0.08530215820236706,1.1513183823181896,0.9823076582150417,0.7592379733777742,0.20170198760404873,384,0.9779104832834473,0.9863638179614487,0,True,60300,0.13786708100815304,,,,,id
dlinear_ols,heave,50,5.0,434304,0.3264686555728227,0.17632676441308207,1.4421558821616272,0.9487541654390362,0.7593097520603712,0.42995451419787084,384,0.9354132598579574,0.961127895408575,0,True,60300,0.13786708100815304,,,,,id
dlinear_ols,heave,100,10.0,434304,0.5869675887568989,0.35785104794868694,0.8335183990732865,0.5040957158398585,0.7591324816869609,0.7732083699705835,384,0.4525406816812122,0.5571366560972446,0,True,60300,0.13786708100815304,,,,,id
dlinear_ols,heave,150,15.0,434304,0.7428417564703946,0.4712975060023062,1.106452908012778,0.5492593285082926,0.758700750262978,0.9790971686965033,384,0.4952320756084547,0.5971307077367146,0,True,60300,0.13786708100815304,,,,,id
dlinear_ols,roll_rate,10,1.0,434304,0.006217653139419188,0.0036380845742310414,1.067513758350997,0.9999660760808676,1.9695482829582032,0.003156892975520487,384,0.9999642758791264,0.9999677361253495,0,True,60300,0.13786708100815304,,,,,id
dlinear_ols,roll_rate,20,2.0,434304,0.06073019983009185,0.03530004582542628,2.0483978110523133,0.999121016314903,1.9698951249631573,0.03082915382676917,384,0.9990751660532239,0.9991626350385787,0,True,60300,0.13786708100815304,,,,,id
dlinear_ols,roll_rate,30,3.0,434304,0.21326676039621406,0.12277094842053858,2.8659956780901075,0.9944627353414739,1.9702531268505945,0.10824333050906824,384,0.9941724315363799,0.9947267627766099,0,True,60300,0.13786708100815304,,,,,id
dlinear_ols,roll_rate,50,5.0,434304,0.43916163645277306,0.2474837549699876,3.798345550151574,0.9866322028669644,1.9711142946671736,0.22279866654151903,384,0.9859284585336693,0.9872778738185195,0,True,60300,0.13786708100815304,,,,,id
dlinear_ols,roll_rate,100,10.0,434304,0.9447282427654228,0.544310210518243,1.958738621708589,0.7673726227207802,1.972726817260997,0.4788946115089146,384,0.7536825961814945,0.7788121864280513,0,True,60300,0.13786708100815304,,,,,id
dlinear_ols,roll_rate,150,15.0,434304,1.3644184831222161,0.7753122072254632,2.8980935747304644,0.7783486504686032,1.9741281062750022,0.6911499202028728,384,0.7701000343137739,0.785476613121902,0,True,60300,0.13786708100815304,,,,,id
dlinear_ols,pitch_rate,10,1.0,434304,0.014302818419473671,0.006538524111927129,0.7528444431836472,0.999639061880037,0.9236173504276821,0.015485653677738659,384,0.9995574613663882,0.9997160291409996,0,True,60300,0.13786708100815304,,,,,id
dlinear_ols,pitch_rate,20,2.0,434304,0.11847908084307959,0.05733011261381203,1.3414123591158549,0.9921988478947477,0.9237371608217294,0.12826059821787844,384,0.9905141054984254,0.9937181672322298,0,True,60300,0.13786708100815304,,,,,id
dlinear_ols,pitch_rate,30,3.0,434304,0.3368218628350029,0.17454147302490608,1.664055642972382,0.9590301042873391,0.9238676654473805,0.3645780401589202,384,0.9512140071110307,0.966218637959496,0,True,60300,0.13786708100815304,,,,,id
dlinear_ols,pitch_rate,50,5.0,434304,0.44631967405000833,0.2624787596465852,1.549273352583568,0.9170080516686814,0.923797316378609,0.4831359283437112,384,0.9055609837359626,0.9265294119267673,0,True,60300,0.13786708100815304,,,,,id
dlinear_ols,pitch_rate,100,10.0,434304,0.8767138896521526,0.5390051969441836,1.2730898977022085,0.5257606023856647,0.9237004804982916,0.9491322221454384,384,0.5118090894027104,0.5397900203181263,0,True,60300,0.13786708100815304,,,,,id
dlinear_ols,pitch_rate,150,15.0,434304,0.9472319874357643,0.5932378062953457,1.3079980284130317,0.47555671115548726,0.9234069683655249,1.0258012121268814,384,0.4573761955525223,0.49243478898661724,0,True,60300,0.13786708100815304,,,,,id
dlinear_ols,heave_rate,10,1.0,434304,0.0022844978338797165,0.001502452610892147,0.2852226587419099,0.9999358475194894,0.4495602477358838,0.005081627758203961,384,0.9999283157304637,0.9999428281256332,0,True,60300,0.13786708100815304,,,,,id
dlinear_ols,heave_rate,20,2.0,434304,0.02216554474806946,0.014546758595091048,0.5351982235990471,0.9982847497483155,0.44960586015695647,0.049299946269231266,384,0.9980737882941132,0.998475564277876,0,True,60300,0.13786708100815304,,,,,id
dlinear_ols,heave_rate,30,3.0,434304,0.07710281407030585,0.050340486579049576,0.7216245802205107,0.9885838984746265,0.4496495382799816,0.1714731307525474,384,0.9871082611249554,0.9899184907766931,0,True,60300,0.13786708100815304,,,,,id
dlinear_ols,heave_rate,50,5.0,434304,0.15625227808015457,0.10005765233308982,0.8524864976952896,0.9664047638950836,0.44959255402628673,0.3475419614512095,384,0.9614993926026363,0.970790324678067,0,True,60300,0.13786708100815304,,,,,id
dlinear_ols,heave_rate,100,10.0,434304,0.3250321136752849,0.2188243363746032,0.47861232963563727,0.5388047991961823,0.4493860488108614,0.7232803833927767,384,0.5151194482702891,0.5637441548733226,0,True,60300,0.13786708100815304,,,,,id
dlinear_ols,heave_rate,150,15.0,434304,0.4309065652768249,0.28994888390136453,0.6814233587032514,0.6001176934478063,0.44913945544323325,0.959404835301287,384,0.5764577116519217,0.6223453402017108,0,True,60300,0.13786708100815304,,,,,id
tcn,roll,10,1.0,434304,0.16916820801606172,0.09843922671428618,1.9446628367671026,0.9924325620555846,3.682816873957597,0.045934460986183014,384,0.9918849589847554,0.9929349852919629,0,False,196816,4530.253108743986,59.0,60.0,0.1283819470610585,mse,id
tcn,roll,20,2.0,434304,0.22514813738172454,0.13371096682279768,3.7444545258092843,0.9963845730125028,3.683691963859013,0.06112024012612084,384,0.9961027715848835,0.9966375725665728,0,False,196816,4530.253108743986,59.0,60.0,0.1283819470610585,mse,id
tcn,roll,30,3.0,434304,0.26677207307174255,0.15531551867554827,5.26736094690192,0.997434957481805,3.6845301229084004,0.07240328187659512,384,0.9972450606214139,0.9976132900930781,0,False,196816,4530.253108743986,59.0,60.0,0.1283819470610585,mse,id
tcn,roll,50,5.0,434304,0.2941293423340772,0.1680134007878135,7.0875605548865055,0.9982778017688446,3.685983647312865,0.07979670299093751,384,0.9981562402605557,0.9983921575209657,0,False,196816,4530.253108743986,59.0,60.0,0.1283819470610585,mse,id
tcn,roll,100,10.0,434304,0.5363048061162595,0.3050359143443753,3.793711335438843,0.9800154297580812,3.6900743810329235,0.14533712623053885,384,0.9778873195326762,0.9819224816440353,0,False,196816,4530.253108743986,59.0,60.0,0.1283819470610585,mse,id
tcn,roll,150,15.0,434304,1.0054671074429118,0.5695866974409817,5.251935256462554,0.9633480565144704,3.6937274583324062,0.27220933834052996,384,0.9609053014040237,0.9658798339432483,0,False,196816,4530.253108743986,59.0,60.0,0.1283819470610585,mse,id
tcn,pitch,10,1.0,434304,0.06759709504101473,0.039323084149607584,0.8963189522817477,0.9943123756294872,1.2413165389175655,0.05445596906326548,384,0.9940428195623721,0.9946033372956248,0,False,196816,4530.253108743986,59.0,60.0,0.1283819470610585,mse,id
tcn,pitch,20,2.0,434304,0.10286388338428594,0.059549883484700854,1.6396866224861668,0.9960644618633109,1.2413790185919036,0.082862592200861,384,0.9958438691946384,0.9963011819311206,0,False,196816,4530.253108743986,59.0,60.0,0.1283819470610585,mse,id
tcn,pitch,30,3.0,434304,0.12763987582199066,0.07334801788943354,2.1223575061775537,0.9963831069856205,1.2413993725281671,0.10281934939442265,384,0.9961036123246853,0.9966751915440102,0,False,196816,4530.253108743986,59.0,60.0,0.1283819470610585,mse,id
tcn,pitch,50,5.0,434304,0.24525750390010767,0.13091681613244988,2.2343246831224586,0.987950971232903,1.2415168463730468,0.19754665803899493,384,0.9857655821692043,0.9898641740472722,0,False,196816,4530.253108743986,59.0,60.0,0.1283819470610585,mse,id
tcn,pitch,100,10.0,434304,0.6575298250026214,0.3731719524666157,1.5591545468409598,0.8221505270188544,1.2411836658196425,0.5297602950393384,384,0.8028730123523481,0.8406589268495388,0,False,196816,4530.253108743986,59.0,60.0,0.1283819470610585,mse,id
tcn,pitch,150,15.0,434304,0.9706640882846811,0.5825905502560642,1.785131912400982,0.7043367837271357,1.2405036351372414,0.7824758112678106,384,0.6900246802303698,0.7177024626311879,0,False,196816,4530.253108743986,59.0,60.0,0.1283819470610585,mse,id
tcn,heave,10,1.0,434304,0.0332029063110652,0.02083929608268098,0.44174333995484594,0.9943504718241193,0.7591945699315659,0.04373438328735429,384,0.9940905841873018,0.9945817894178858,0,False,196816,4530.253108743986,59.0,60.0,0.1283819470610585,mse,id
tcn,heave,20,2.0,434304,0.05067829658758835,0.03168720045749544,0.8382135080550518,0.9963446016876181,0.7592353662201028,0.06674912529416692,384,0.9961975688487674,0.9964789320019937,0,False,196816,4530.253108743986,59.0,60.0,0.1283819470610585,mse,id
tcn,heave,30,3.0,434304,0.06305058124603391,0.03937165719287007,1.1513183823181896,0.9970009251040807,0.7592379733777742,0.08304455711761642,384,0.9968697049721386,0.9971179740471521,0,False,196816,4530.253108743986,59.0,60.0,0.1283819470610585,mse,id
tcn,heave,50,5.0,434304,0.09930052170947551,0.06001217725791101,1.4421558821616272,0.9952589050929768,0.7593097520603712,0.1307773559341568,384,0.9948300146202843,0.9956694819832518,0,False,196816,4530.253108743986,59.0,60.0,0.1283819470610585,mse,id
tcn,heave,100,10.0,434304,0.258996245460266,0.15603784381178204,0.8335183990732865,0.9034490491833533,0.7591324816869609,0.3411739738559452,384,0.8850277211352956,0.9187121174014469,0,False,196816,4530.253108743986,59.0,60.0,0.1283819470610585,mse,id
tcn,heave,150,15.0,434304,0.4546908480376003,0.2860461757968681,1.106452908012778,0.8311245354816612,0.758700750262978,0.5993019617813704,384,0.8236021483823643,0.8383539395077061,0,False,196816,4530.253108743986,59.0,60.0,0.1283819470610585,mse,id
tcn,roll_rate,10,1.0,434304,0.09359923896301497,0.05389801880379072,1.067513758350997,0.9923122779474532,1.9695482829582032,0.04752320101664717,384,0.9917938682082554,0.9927830992286911,0,False,196816,4530.253108743986,59.0,60.0,0.1283819470610585,mse,id
tcn,roll_rate,20,2.0,434304,0.1339359400114427,0.0799910152507213,2.0483978110523133,0.9957247092614702,1.9698951249631573,0.06799140640238281,384,0.9954064309045694,0.9959950607904832,0,False,196816,4530.253108743986,59.0,60.0,0.1283819470610585,mse,id
tcn,roll_rate,30,3.0,434304,0.15867750850775195,0.09497745588026685,2.8659956780901075,0.9969346527246319,1.9702531268505945,0.08053661042091297,384,0.9967119358192084,0.9971209337131387,0,False,196816,4530.253108743986,59.0,60.0,0.1283819470610585,mse,id
tcn,roll_rate,50,5.0,434304,0.18223502863955268,0.10754067362111062,3.798345550151574,0.9976981618934885,1.9711142946671736,0.09245279643731842,384,0.99747094393344,0.9978945450655081,0,False,196816,4530.253108743986,59.0,60.0,0.1283819470610585,mse,id
tcn,roll_rate,100,10.0,434304,0.3643328307908681,0.2153931985541011,1.958738621708589,0.9654025856360692,1.972726817260997,0.18468488774168973,384,0.960580762972045,0.9694379702031142,0,False,196816,4530.253108743986,59.0,60.0,0.1283819470610585,mse,id
tcn,roll_rate,150,15.0,434304,0.6364049530620294,0.375003044191323,2.8980935747304644,0.9517783247396259,1.9741281062750022,0.3223726722896757,384,0.9479072480935155,0.9553360253228086,0,False,196816,4530.253108743986,59.0,60.0,0.1283819470610585,mse,id
tcn,pitch_rate,10,1.0,434304,0.049433942321202004,0.028225317518591024,0.7528444431836472,0.995688384796375,0.9236173504276821,0.05352210230601619,384,0.9954281205432711,0.995975291017481,0,False,196816,4530.253108743986,59.0,60.0,0.1283819470610585,mse,id
tcn,pitch_rate,20,2.0,434304,0.09814150597757577,0.055346910824391776,1.3414123591158549,0.9946472023148668,0.9237371608217294,0.1062439730044767,384,0.9942278348897472,0.9951496677359188,0,False,196816,4530.253108743986,59.0,60.0,0.1283819470610585,mse,id
tcn,pitch_rate,30,3.0,434304,0.12639057005018736,0.07205935955488119,1.664055642972382,0.9942310914189832,0.9238676654473805,0.13680592445995288,384,0.9937060091051857,0.9947471724017439,0,False,196816,4530.253108743986,59.0,60.0,0.1283819470610585,mse,id
tcn,pitch_rate,50,5.0,434304,0.2523085434645166,0.13532156958498862,1.549273352583568,0.973477905949821,0.923797316378609,0.2731211045877411,384,0.9697785165060615,0.9770639471873781,0,False,196816,4530.253108743986,59.0,60.0,0.1283819470610585,mse,id
tcn,pitch_rate,100,10.0,434304,0.5927635986627086,0.33599751091787794,1.2730898977022085,0.7832071732730815,0.9237004804982916,0.6417270654042979,384,0.7684297332344554,0.7979555607819253,0,False,196816,4530.253108743986,59.0,60.0,0.1283819470610585,mse,id
tcn,pitch_rate,150,15.0,434304,0.7936980284070319,0.47772712517347704,1.3079980284130317,0.6317892834230537,0.9234069683655249,0.8595322058397673,384,0.6177317900544629,0.6460654911806675,0,False,196816,4530.253108743986,59.0,60.0,0.1283819470610585,mse,id
tcn,heave_rate,10,1.0,434304,0.02079314287411946,0.013257505282675427,0.2852226587419099,0.9946853798766175,0.4495602477358838,0.04625218305853281,384,0.9944808390393807,0.9948818149283326,0,False,196816,4530.253108743986,59.0,60.0,0.1283819470610585,mse,id
tcn,heave_rate,20,2.0,434304,0.03167984625529517,0.02015825961584418,0.5351982235990471,0.9964962202043278,0.44960586015695647,0.07046137308849978,384,0.9963367892506473,0.9966419760251125,0,False,196816,4530.253108743986,59.0,60.0,0.1283819470610585,mse,id
tcn,heave_rate,30,3.0,434304,0.0406286680847712,0.025545439923290378,0.7216245802205107,0.9968301220948202,0.4496495382799816,0.0903562989082246,384,0.9966543856563925,0.9969979641648107,0,False,196816,4530.253108743986,59.0,60.0,0.1283819470610585,mse,id
tcn,heave_rate,50,5.0,434304,0.05896738379710387,0.036599401927394484,0.8524864976952896,0.9952153662247667,0.44959255402628673,0.13115738521251438,384,0.9948794276229262,0.9955442640425309,0,False,196816,4530.253108743986,59.0,60.0,0.1283819470610585,mse,id
tcn,heave_rate,100,10.0,434304,0.17816712348036717,0.10884433420362867,0.47861232963563727,0.8614242071885245,0.4493860488108614,0.39646785642727983,384,0.8484516388578024,0.8730781149979727,0,False,196816,4530.253108743986,59.0,60.0,0.1283819470610585,mse,id
tcn,heave_rate,150,15.0,434304,0.3020225845980929,0.191642433564016,0.6814233587032514,0.8035532691330544,0.44913945544323325,0.6724472342338348,384,0.7947676246558664,0.8123455463340787,0,False,196816,4530.253108743986,59.0,60.0,0.1283819470610585,mse,id
tcn,roll,10,1.0,434304,0.17518815030171653,0.09798384792945461,1.9446628367671026,0.9918843964221822,3.682816873957597,0.047569063653566175,384,0.9913504690649875,0.9923955996927487,1,False,196816,4472.878310371976,58.0,60.0,0.12885953829882596,mse,id
tcn,roll,20,2.0,434304,0.22939154683992163,0.13128265229356673,3.7444545258092843,0.9962470074828741,3.683691963859013,0.06227218483263526,384,0.9959971273627954,0.9964691539836983,1,False,196816,4472.878310371976,58.0,60.0,0.12885953829882596,mse,id
tcn,roll,30,3.0,434304,0.27503404421935546,0.15935543063607607,5.26736094690192,0.9972736177171235,3.6845301229084004,0.07464562238461389,384,0.9970718940107425,0.9974514976549866,1,False,196816,4472.878310371976,58.0,60.0,0.12885953829882596,mse,id
tcn,roll,50,5.0,434304,0.30046102751412695,0.17171873000255805,7.0875605548865055,0.9982028566040178,3.685983647312865,0.08151447653143208,384,0.9980680993890726,0.9983280559877005,1,False,196816,4472.878310371976,58.0,60.0,0.12885953829882596,mse,id
tcn,roll,100,10.0,434304,0.5359728326238471,0.30574517351828173,3.793711335438843,0.9800401630596154,3.6900743810329235,0.14524716232788182,384,0.9778858817057418,0.9819489005471077,1,False,196816,4472.878310371976,58.0,60.0,0.12885953829882596,mse,id
tcn,roll,150,15.0,434304,1.0065788527943536,0.573878764018236,5.251935256462554,0.9632669595699297,3.6937274583324062,0.27251032030630384,384,0.9608427106439424,0.9657255671679783,1,False,196816,4472.878310371976,58.0,60.0,0.12885953829882596,mse,id
tcn,pitch,10,1.0,434304,0.06792257982695149,0.03931504030861083,0.8963189522817477,0.9942574711365142,1.2413165389175655,0.05471817839966938,384,0.9939677664226282,0.9945606192298492,1,False,196816,4472.878310371976,58.0,60.0,0.12885953829882596,mse,id
tcn,pitch,20,2.0,434304,0.10527960629242783,0.06104239041331074,1.6396866224861668,0.995877441781626,1.2413790185919036,0.08480859166755252,384,0.9956552542074194,0.9961311740446614,1,False,196816,4472.878310371976,58.0,60.0,0.12885953829882596,mse,id
tcn,pitch,30,3.0,434304,0.12886490779934306,0.07444106333277623,2.1223575061775537,0.9963133470917988,1.2413993725281671,0.10380616476138838,384,0.9960494644674011,0.9965961973906667,1,False,196816,4472.878310371976,58.0,60.0,0.12885953829882596,mse,id
tcn,pitch,50,5.0,434304,0.24650721323861988,0.13178734518655194,2.2343246831224586,0.9878278667652278,1.2415168463730468,0.1985532568154538,384,0.9856343047506225,0.9897646685350459,1,False,196816,4472.878310371976,58.0,60.0,0.12885953829882596,mse,id
tcn,pitch,100,10.0,434304,0.6582887235208189,0.37348713589044114,1.5591545468409598,0.8217397545030306,1.2411836658196425,0.5303717263198946,384,0.8023548542243856,0.840281535046521,1,False,196816,4472.878310371976,58.0,60.0,0.12885953829882596,mse,id
tcn,pitch,150,15.0,434304,0.970882133466177,0.5819040928730054,1.785131912400982,0.704203936161615,1.2405036351372414,0.782651582765225,384,0.6897725475637311,0.7177058323054901,1,False,196816,4472.878310371976,58.0,60.0,0.12885953829882596,mse,id
tcn,heave,10,1.0,434304,0.035458324715312316,0.022336911596999822,0.44174333995484594,0.9935568772595709,0.7591945699315659,0.04670518747059604,384,0.9933103081660339,0.9937830311781786,1,False,196816,4472.878310371976,58.0,60.0,0.12885953829882596,mse,id
tcn,heave,20,2.0,434304,0.04822827939703161,0.030186509302153667,0.8382135080550518,0.9966894951707771,0.7592353662201028,0.06352217183603931,384,0.9965495347675485,0.9968234010279458,1,False,196816,4472.878310371976,58.0,60.0,0.12885953829882596,mse,id
tcn,heave,30,3.0,434304,0.0593484897633069,0.03726693430387842,1.1513183823181896,0.9973427741643894,0.7592379733777742,0.07816849504941299,384,0.9971971863430495,0.997471187488112,1,False,196816,4472.878310371976,58.0,60.0,0.12885953829882596,mse,id
tcn,heave,50,5.0,434304,0.10113679928206613,0.06161406746382109,1.4421558821616272,0.995081938003575,0.7593097520603712,0.13319570703212166,384,0.9946345197573898,0.9954980112001222,1,False,196816,4472.878310371976,58.0,60.0,0.12885953829882596,mse,id
tcn,heave,100,10.0,434304,0.2611461743702708,0.1574660645341959,0.8335183990732865,0.9018394564908199,0.7591324816869609,0.3440060604309093,384,0.8833098978371835,0.9171646701008751,1,False,196816,4472.878310371976,58.0,60.0,0.12885953829882596,mse,id
tcn,heave,150,15.0,434304,0.455025400868663,0.2861720336262295,1.106452908012778,0.8308759333820894,0.758700750262978,0.5997429167045687,384,0.8233325614312503,0.8380827665312869,1,False,196816,4472.878310371976,58.0,60.0,0.12885953829882596,mse,id
tcn,roll_rate,10,1.0,434304,0.09468246017602726,0.05627075914254141,1.067513758350997,0.9921333087448009,1.9695482829582032,0.04807318561077214,384,0.9913976543621054,0.9927292477207105,1,False,196816,4472.878310371976,58.0,60.0,0.12885953829882596,mse,id
tcn,roll_rate,20,2.0,434304,0.13842891312759648,0.08353202061581066,2.0483978110523133,0.995433063091193,1.9698951249631573,0.07027222483744433,384,0.9950962669097424,0.9957061906778929,1,False,196816,4472.878310371976,58.0,60.0,0.12885953829882596,mse,id
tcn,roll_rate,30,3.0,434304,0.16834172987919865,0.100559068373368,2.8659956780901075,0.9965498934388262,1.9702531268505945,0.08544167629277621,384,0.9963375287930418,0.9967329579249972,1,False,196816,4472.878310371976,58.0,60.0,0.12885953829882596,mse,id
tcn,roll_rate,50,5.0,434304,0.19044151340922316,0.11182336036532729,3.798345550151574,0.99748617926071,1.9711142946671736,0.096616169810376,384,0.997251849180216,0.9976905434201812,1,False,196816,4472.878310371976,58.0,60.0,0.12885953829882596,mse,id
tcn,roll_rate,100,10.0,434304,0.3691855472843782,0.21714712953852688,1.958738621708589,0.9644748100380547,1.972726817260997,0.18714479067961792,384,0.9596196648238218,0.9685537901023762,1,False,196816,4472.878310371976,58.0,60.0,0.12885953829882596,mse,id
tcn,roll_rate,150,15.0,434304,0.6414073177647782,0.3779853324970683,2.8980935747304644,0.9510172670163907,1.9741281062750022,0.32490663383292523,384,0.9472634864961826,0.9546736129391649,1,False,196816,4472.878310371976,58.0,60.0,0.12885953829882596,mse,id
tcn,pitch_rate,10,1.0,434304,0.05473302022096842,0.031802492165517095,0.7528444431836472,0.9947144725964976,0.9236173504276821,0.05925941104898498,384,0.9944289330150345,0.9950362399487234,1,False,196816,4472.878310371976,58.0,60.0,0.12885953829882596,mse,id
tcn,pitch_rate,20,2.0,434304,0.10023771726590903,0.05767241292386736,1.3414123591158549,0.9944160987556819,0.9237371608217294,0.10851324545257063,384,0.9940509181408611,0.9948526938894187,1,False,196816,4472.878310371976,58.0,60.0,0.12885953829882596,mse,id
tcn,pitch_rate,30,3.0,434304,0.12699783291437552,0.0730118148021179,1.664055642972382,0.9941755230346808,0.9238676654473805,0.13746322949064047,384,0.9936814165950253,0.994669130795695,1,False,196816,4472.878310371976,58.0,60.0,0.12885953829882596,mse,id
tcn,pitch_rate,50,5.0,434304,0.25171160606125337,0.1347363895736922,1.549273352583568,0.9736032548675785,0.923797316378609,0.2724749266949504,384,0.9699187526177049,0.9772051859996499,1,False,196816,4472.878310371976,58.0,60.0,0.12885953829882596,mse,id
tcn,pitch_rate,100,10.0,434304,0.5942706583087514,0.3362637625443182,1.2730898977022085,0.7821034109895203,0.9237004804982916,0.6433586112114732,384,0.7672403885742207,0.7969757775877586,1,False,196816,4472.878310371976,58.0,60.0,0.12885953829882596,mse,id
tcn,pitch_rate,150,15.0,434304,0.7950492099937742,0.4791684570404183,1.3079980284130317,0.6305345416749921,0.9234069683655249,0.8609954627059505,384,0.6168407367886939,0.6448281696286451,1,False,196816,4472.878310371976,58.0,60.0,0.12885953829882596,mse,id
tcn,heave_rate,10,1.0,434304,0.019508951573712047,0.012537210367455538,0.2852226587419099,0.9953215734712044,0.4495602477358838,0.043395633114726676,384,0.9951474216829613,0.9954869879072767,1,False,196816,4472.878310371976,58.0,60.0,0.12885953829882596,mse,id
tcn,heave_rate,20,2.0,434304,0.031038003383110975,0.019782837451945177,0.5351982235990471,0.9966367571645621,0.44960586015695647,0.06903380523615878,384,0.996490573430179,0.9967710126212125,1,False,196816,4472.878310371976,58.0,60.0,0.12885953829882596,mse,id
tcn,heave_rate,30,3.0,434304,0.040772978534504414,0.025596698264470096,0.7216245802205107,0.9968075636926784,0.4496495382799816,0.09067723874569278,384,0.9966310985869729,0.9969831350639077,1,False,196816,4472.878310371976,58.0,60.0,0.12885953829882596,mse,id
tcn,heave_rate,50,5.0,434304,0.058916837069197134,0.03648143819601195,0.8524864976952896,0.9952235654668006,0.44959255402628673,0.13104495735432573,384,0.9948856726924598,0.9955378527149976,1,False,196816,4472.878310371976,58.0,60.0,0.12885953829882596,mse,id
tcn,heave_rate,100,10.0,434304,0.1788907117436936,0.10932557807995398,0.47861232963563727,0.8602963286918093,0.4493860488108614,0.3980780271596404,384,0.8471765754367758,0.8720574818072301,1,False,196816,4472.878310371976,58.0,60.0,0.12885953829882596,mse,id
tcn,heave_rate,150,15.0,434304,0.3030024202982258,0.19215849913712543,0.6814233587032514,0.8022765582833163,0.44913945544323325,0.674628818791277,384,0.7934269166377776,0.8112258221719688,1,False,196816,4472.878310371976,58.0,60.0,0.12885953829882596,mse,id
tcn,roll,10,1.0,434304,0.16190591426864046,0.08836221989457393,1.9446628367671026,0.9930683472617449,3.682816873957597,0.04396252102935939,384,0.9927294946716121,0.9933948143333272,2,False,196816,4452.257440530026,59.0,60.0,0.1282735250154639,mse,id
tcn,roll,20,2.0,434304,0.2261076599959755,0.1334641408035233,3.7444545258092843,0.9963536913346847,3.683691963859013,0.0613807186416061,384,0.9961125745869872,0.9965657860053089,2,False,196816,4452.257440530026,59.0,60.0,0.1282735250154639,mse,id
tcn,roll,30,3.0,434304,0.2791912746495968,0.16650552399341195,5.26736094690192,0.9971905744741886,3.6845301229084004,0.07577391562461047,384,0.9969850702798987,0.9973748923546549,2,False,196816,4452.257440530026,59.0,60.0,0.1282735250154639,mse,id
tcn,roll,50,5.0,434304,0.29848936281778155,0.16938235769977425,7.0875605548865055,0.9982263653978665,3.685983647312865,0.08097956783812228,384,0.998097107109585,0.9983475246405854,2,False,196816,4452.257440530026,59.0,60.0,0.1282735250154639,mse,id
tcn,roll,100,10.0,434304,0.5319842553472026,0.3028459807733236,3.793711335438843,0.9803361300312262,3.6900743810329235,0.14416626886482703,384,0.978204988924022,0.9822377360772547,2,False,196816,4452.257440530026,59.0,60.0,0.1282735250154639,mse,id
tcn,roll,150,15.0,434304,1.0051418033614559,0.5726626640037062,5.251935256462554,0.9633717690714719,3.6937274583324062,0.2721212690162158,384,0.9610071881601783,0.965797220636685,2,False,196816,4452.257440530026,59.0,60.0,0.1282735250154639,mse,id
tcn,pitch,10,1.0,434304,0.07114350070655132,0.04150311809448081,0.8963189522817477,0.9936999310318008,1.2413165389175655,0.057312940314634665,384,0.993384139906087,0.9940371069382772,2,False,196816,4452.257440530026,59.0,60.0,0.1282735250154639,mse,id
tcn,pitch,20,2.0,434304,0.10356416434354342,0.059909793908224124,1.6396866224861668,0.996010694428608,1.2413790185919036,0.08342670755062082,384,0.995781962615967,0.9962615526452075,2,False,196816,4452.257440530026,59.0,60.0,0.1282735250154639,mse,id
tcn,pitch,30,3.0,434304,0.1276808888520202,0.07349146181712572,2.1223575061775537,0.9963807822642433,1.2413993725281671,0.10285238713468348,384,0.9961124084752071,0.9966675675968247,2,False,196816,4452.257440530026,59.0,60.0,0.1282735250154639,mse,id
tcn,pitch,50,5.0,434304,0.24510644415103228,0.13132182965037648,2.2343246831224586,0.9879658092109896,1.2415168463730468,0.19742498449947213,384,0.9858408087588312,0.9898289400655268,2,False,196816,4452.257440530026,59.0,60.0,0.1282735250154639,mse,id
tcn,pitch,100,10.0,434304,0.6562556888636996,0.3725064523378763,1.5591545468409598,0.8228391190172618,1.2411836658196425,0.5287337458073355,384,0.8035245639179462,0.8413852870752708,2,False,196816,4452.257440530026,59.0,60.0,0.1282735250154639,mse,id
tcn,pitch,150,15.0,434304,0.9693245181696918,0.5814832802674132,1.785131912400982,0.7051522837954654,1.2405036351372414,0.7813959513810308,384,0.6911850308206674,0.718636750605457,2,False,196816,4452.257440530026,59.0,60.0,0.1282735250154639,mse,id
tcn,heave,10,1.0,434304,0.03696106541117,0.023124678717608257,0.44174333995484594,0.9929991795127465,0.7591945699315659,0.048684575568686814,384,0.9927383685850392,0.9932455369170611,2,False,196816,4452.257440530026,59.0,60.0,0.1282735250154639,mse,id
tcn,heave,20,2.0,434304,0.0491513628701046,0.03056382605823552,0.8382135080550518,0.9965615570876342,0.7592353662201028,0.06473797857284691,384,0.9964113367221785,0.9966984881070234,2,False,196816,4452.257440530026,59.0,60.0,0.1282735250154639,mse,id
tcn,heave,30,3.0,434304,0.058313922549005796,0.036265103682270365,1.1513183823181896,0.9974346086043436,0.7592379733777742,0.07680585612646974,384,0.9973095425139686,0.9975495764085327,2,False,196816,4452.257440530026,59.0,60.0,0.1282735250154639,mse,id
tcn,heave,50,5.0,434304,0.09934535768665138,0.06041693051233831,1.4421558821616272,0.9952546227466338,0.7593097520603712,0.13083640426990412,384,0.9948215571549714,0.9956627943657278,2,False,196816,4452.257440530026,59.0,60.0,0.1282735250154639,mse,id
tcn,heave,100,10.0,434304,0.258474194580705,0.15583973800322196,0.8335183990732865,0.9038378865526883,0.7591324816869609,0.34048627982077373,384,0.8854263543823715,0.9187824485176189,2,False,196816,4452.257440530026,59.0,60.0,0.1282735250154639,mse,id
tcn,heave,150,15.0,434304,0.453817395303706,0.28594139227581283,1.106452908012778,0.8317727256085055,0.758700750262978,0.5981507137648217,384,0.8243090746747587,0.8387225303727903,2,False,196816,4452.257440530026,59.0,60.0,0.1282735250154639,mse,id
tcn,roll_rate,10,1.0,434304,0.09334833351456923,0.05521960195339957,1.067513758350997,0.9923534386672003,1.9695482829582032,0.04739580863402993,384,0.9917959249007732,0.9927968623623481,2,False,196816,4452.257440530026,59.0,60.0,0.1282735250154639,mse,id
tcn,roll_rate,20,2.0,434304,0.13209188030882144,0.07854266826344776,2.0483978110523133,0.9958416251211792,1.9698951249631573,0.06705528565196685,384,0.9955485109744857,0.996088711750078,2,False,196816,4452.257440530026,59.0,60.0,0.1282735250154639,mse,id
tcn,roll_rate,30,3.0,434304,0.1540461060857935,0.090067651201401,2.8659956780901075,0.9971109810704673,1.9702531268505945,0.07818594676311097,384,0.9969310666301319,0.9972694776981896,2,False,196816,4452.257440530026,59.0,60.0,0.1282735250154639,mse,id
tcn,roll_rate,50,5.0,434304,0.18453471682974848,0.10949253084579144,3.798345550151574,0.9976396999140915,1.9711142946671736,0.09361949092906736,384,0.9974094337871372,0.9978330554020365,2,False,196816,4452.257440530026,59.0,60.0,0.1282735250154639,mse,id
tcn,roll_rate,100,10.0,434304,0.3651626480057142,0.2154814159273629,1.958738621708589,0.9652448055925772,1.972726817260997,0.18510553250992895,384,0.9605991490769393,0.9692362435250285,2,False,196816,4452.257440530026,59.0,60.0,0.1282735250154639,mse,id
tcn,roll_rate,150,15.0,434304,0.6402753874869505,0.37851970579563693,2.8980935747304644,0.9511900000470704,1.9741281062750022,0.32433325144997355,384,0.9473453047666164,0.9548032463273731,2,False,196816,4452.257440530026,59.0,60.0,0.1282735250154639,mse,id
tcn,pitch_rate,10,1.0,434304,0.04993041766191473,0.028730679913117126,0.7528444431836472,0.9956013450085456,0.9236173504276821,0.05405963588578581,384,0.9953493017330716,0.9958760465925038,2,False,196816,4452.257440530026,59.0,60.0,0.1282735250154639,mse,id
tcn,pitch_rate,20,2.0,434304,0.0984429940054233,0.05645443266247879,1.3414123591158549,0.9946142645036314,0.9237371608217294,0.10657035158989524,384,0.9942552645905489,0.995041760175395,2,False,196816,4452.257440530026,59.0,60.0,0.1282735250154639,mse,id
tcn,pitch_rate,30,3.0,434304,0.12414126946051542,0.07120296518848407,1.664055642972382,0.99443459625583,0.9238676654473805,0.13437126777285827,384,0.9939477685134033,0.9949268087140101,2,False,196816,4452.257440530026,59.0,60.0,0.1282735250154639,mse,id
tcn,pitch_rate,50,5.0,434304,0.2500384879493301,0.13388210332707834,1.549273352583568,0.973953005059046,0.923797316378609,0.27066379552769165,384,0.9703085430496344,0.9774873535273385,2,False,196816,4452.257440530026,59.0,60.0,0.1282735250154639,mse,id
tcn,pitch_rate,100,10.0,434304,0.5929960023783837,0.33587773334906784,1.2730898977022085,0.7830371448318922,0.9237004804982916,0.641978666134818,384,0.7685348911241006,0.7978192493238024,2,False,196816,4452.257440530026,59.0,60.0,0.1282735250154639,mse,id
tcn,pitch_rate,150,15.0,434304,0.7932669651815556,0.4776520392482241,1.3079980284130317,0.6321891306997125,0.9234069683655249,0.8590653875892625,384,0.6181430349495843,0.6464830143944061,2,False,196816,4452.257440530026,59.0,60.0,0.1282735250154639,mse,id
tcn,heave_rate,10,1.0,434304,0.01962976385017667,0.01242865184676485,0.2852226587419099,0.9952634502617062,0.4495602477358838,0.043664367454724635,384,0.9950935405036391,0.9954347498315104,2,False,196816,4452.257440530026,59.0,60.0,0.1282735250154639,mse,id
tcn,heave_rate,20,2.0,434304,0.03137829256491793,0.019897286240525402,0.5351982235990471,0.996562606199406,0.44960586015695647,0.06979066632708887,384,0.9964310500330145,0.9966888456637473,2,False,196816,4452.257440530026,59.0,60.0,0.1282735250154639,mse,id
tcn,heave_rate,30,3.0,434304,0.0406738983245623,0.025629442214082827,0.7216245802205107,0.9968230603745658,0.4496495382799816,0.09045688889206872,384,0.9966567891186816,0.9969878025969704,2,False,196816,4452.257440530026,59.0,60.0,0.1282735250154639,mse,id
tcn,heave_rate,50,5.0,434304,0.05879241743032343,0.0364756707824347,0.8524864976952896,0.9952437177625226,0.44959255402628673,0.1307682186989377,384,0.9949070952556798,0.9955687070067044,2,False,196816,4452.257440530026,59.0,60.0,0.1282735250154639,mse,id
tcn,heave_rate,100,10.0,434304,0.17819299294868446,0.10908564694225294,0.47861232963563727,0.8613839624759189,0.4493860488108614,0.3965254226743535,384,0.8485745505743937,0.873029547166617,2,False,196816,4452.257440530026,59.0,60.0,0.1282735250154639,mse,id
tcn,heave_rate,150,15.0,434304,0.3019169796584226,0.1915434250742808,0.6814233587032514,0.8036906238823366,0.44913945544323325,0.6722121069512271,384,0.7947766459602598,0.8125379364747817,2,False,196816,4452.257440530026,59.0,60.0,0.1282735250154639,mse,id
persistence,roll,10,1.0,542880,3.25942469682689,2.2059932548438312,3.25942469682689,0.0,6.257000679431415,0.5209244594685069,480,0.0,0.0,0,True,0,0.0,,,,,unseen_seastate
persistence,roll,20,2.0,542880,6.285602666698202,4.252477207635494,6.285602666698202,0.0,6.258149735730003,1.0043867488199365,480,0.0,0.0,0,True,0,0.0,,,,,unseen_seastate
persistence,roll,30,3.0,542880,8.864531895835025,5.993430301650117,8.864531895835025,0.0,6.258818948538503,1.4163266214794379,480,0.0,0.0,0,True,0,0.0,,,,,unseen_seastate
persistence,roll,50,5.0,542880,12.020706403631479,8.110495020546795,12.020706403631479,0.0,6.25953903317843,1.9203820504858613,480,0.0,0.0,0,True,0,0.0,,,,,unseen_seastate
persistence,roll,100,10.0,542880,6.564312783673568,4.3804521297379875,6.564312783673568,0.0,6.263610691806128,1.048007787626522,480,0.0,0.0,0,True,0,0.0,,,,,unseen_seastate
persistence,roll,150,15.0,542880,8.758534298487419,5.946180365109693,8.758534298487419,0.0,6.26746488344986,1.3974604503354433,480,0.0,0.0,0,True,0,0.0,,,,,unseen_seastate
persistence,pitch,10,1.0,542880,1.2228602601407708,0.8340560525168472,1.2228602601407708,0.0,1.7997766828726487,0.6794511073390208,480,0.0,0.0,0,True,0,0.0,,,,,unseen_seastate
persistence,pitch,20,2.0,542880,2.2574679499954007,1.5455689613890495,2.2574679499954007,0.0,1.7994950774677116,1.2545007642766983,480,0.0,0.0,0,True,0,0.0,,,,,unseen_seastate
persistence,pitch,30,3.0,542880,2.9691366291153294,2.044096156371395,2.9691366291153294,0.0,1.7992884411802126,1.6501726800222063,480,0.0,0.0,0,True,0,0.0,,,,,unseen_seastate
persistence,pitch,50,5.0,542880,3.3044138255161024,2.3007986933383573,3.3044138255161024,0.0,1.799307264730753,1.836492238033937,480,0.0,0.0,0,True,0,0.0,,,,,unseen_seastate
persistence,pitch,100,10.0,542880,2.143658806541388,1.4905784320988573,2.143658806541388,0.0,1.7986835875269107,1.1917931655165648,480,0.0,0.0,0,True,0,0.0,,,,,unseen_seastate
persistence,pitch,150,15.0,542880,2.6262925581694647,1.8038630675540162,2.6262925581694647,0.0,1.799090637361259,1.4597889087019371,480,0.0,0.0,0,True,0,0.0,,,,,unseen_seastate
persistence,heave,10,1.0,542880,0.7230439858176025,0.5712743009310001,0.7230439858176025,0.0,1.3052269451126672,0.55396035802432,480,0.0,0.0,0,True,0,0.0,,,,,unseen_seastate
persistence,heave,20,2.0,542880,1.3801185991770855,1.0918195939097475,1.3801185991770855,0.0,1.3051890619407918,1.0574089527879393,480,0.0,0.0,0,True,0,0.0,,,,,unseen_seastate
persistence,heave,30,3.0,542880,1.9144386984978832,1.51744534683208,1.9144386984978832,0.0,1.3051257868066772,1.4668614457324034,480,0.0,0.0,0,True,0,0.0,,,,,unseen_seastate
persistence,heave,50,5.0,542880,2.4740805367882084,1.9693943985942917,2.4740805367882084,0.0,1.305196114559555,1.8955622907467047,480,0.0,0.0,0,True,0,0.0,,,,,unseen_seastate
persistence,heave,100,10.0,542880,1.4729533632755942,1.1539622440328934,1.4729533632755942,0.0,1.3048466130537077,1.1288325758293303,480,0.0,0.0,0,True,0,0.0,,,,,unseen_seastate
persistence,heave,150,15.0,542880,1.8518455911559912,1.4423738447332608,1.8518455911559912,0.0,1.3047382588874747,1.4193234378939914,480,0.0,0.0,0,True,0,0.0,,,,,unseen_seastate
persistence,roll_rate,10,1.0,542880,1.7507606275566403,1.190506923311645,1.7507606275566403,0.0,3.299047438683298,0.5306867088444768,480,0.0,0.0,0,True,0,0.0,,,,,unseen_seastate
persistence,roll_rate,20,2.0,542880,3.368958975401052,2.289412733331698,3.368958975401052,0.0,3.2992335448738204,1.0211338268658088,480,0.0,0.0,0,True,0,0.0,,,,,unseen_seastate
persistence,roll_rate,30,3.0,542880,4.734841225141871,3.2144823401219966,4.734841225141871,0.0,3.2996776276077266,1.4349405485937246,480,0.0,0.0,0,True,0,0.0,,,,,unseen_seastate
persistence,roll_rate,50,5.0,542880,6.356646858286032,4.303490532971609,6.356646858286032,0.0,3.3008478104739085,1.9257618718790301,480,0.0,0.0,0,True,0,0.0,,,,,unseen_seastate
persistence,roll_rate,100,10.0,542880,3.3400320894805207,2.240686701207135,3.3400320894805207,0.0,3.3023390388764846,1.0114140462745642,480,0.0,0.0,0,True,0,0.0,,,,,unseen_seastate
persistence,roll_rate,150,15.0,542880,4.761033745378059,3.242668906868815,4.761033745378059,0.0,3.303717238675165,1.441114175766234,480,0.0,0.0,0,True,0,0.0,,,,,unseen_seastate
persistence,pitch_rate,10,1.0,542880,0.9751166377198593,0.6415715788792883,0.9751166377198593,0.0,1.256288669542056,0.7761883565146775,480,0.0,0.0,0,True,0,0.0,,,,,unseen_seastate
persistence,pitch_rate,20,2.0,542880,1.75173518675313,1.1612702798141943,1.75173518675313,0.0,1.2564720932103475,1.3941695929571831,480,0.0,0.0,0,True,0,0.0,,,,,unseen_seastate
persistence,pitch_rate,30,3.0,542880,2.2061010698625934,1.4785141357756768,2.2061010698625934,0.0,1.2564709426767824,1.7557915546878637,480,0.0,0.0,0,True,0,0.0,,,,,unseen_seastate
persistence,pitch_rate,50,5.0,542880,2.178290159899136,1.4958081575207731,2.178290159899136,0.0,1.2560499558821334,1.7342384749094684,480,0.0,0.0,0,True,0,0.0,,,,,unseen_seastate
persistence,pitch_rate,100,10.0,542880,1.6285109886511375,1.1025266953053143,1.6285109886511375,0.0,1.2558852337264772,1.2967036675946901,480,0.0,0.0,0,True,0,0.0,,,,,unseen_seastate
persistence,pitch_rate,150,15.0,542880,1.8234169111921585,1.2291202357225066,1.8234169111921585,0.0,1.2565624407980214,1.451115242656893,480,0.0,0.0,0,True,0,0.0,,,,,unseen_seastate
persistence,heave_rate,10,1.0,542880,0.4398398830423327,0.3400396131841112,0.4398398830423327,0.0,0.734348118721256,0.5989528288139963,480,0.0,0.0,0,True,0,0.0,,,,,unseen_seastate
persistence,heave_rate,20,2.0,542880,0.8317851168879822,0.6448208077320698,0.8317851168879822,0.0,0.7343764911329834,1.1326412636176826,480,0.0,0.0,0,True,0,0.0,,,,,unseen_seastate
persistence,heave_rate,30,3.0,542880,1.1362827111436415,0.8846668124949844,1.1362827111436415,0.0,0.7344107746237766,1.5472032143397347,480,0.0,0.0,0,True,0,0.0,,,,,unseen_seastate
persistence,heave_rate,50,5.0,542880,1.4001961120139228,1.1029134331570547,1.4001961120139228,0.0,0.734264962236321,1.9069357575627772,480,0.0,0.0,0,True,0,0.0,,,,,unseen_seastate
persistence,heave_rate,100,10.0,542880,0.7683267045109754,0.6122377156075761,0.7683267045109754,0.0,0.7341029397003275,1.0466198443839752,480,0.0,0.0,0,True,0,0.0,,,,,unseen_seastate
persistence,heave_rate,150,15.0,542880,1.1070364316158197,0.8492995927005812,1.1070364316158197,0.0,0.7341299638155024,1.5079570187575588,480,0.0,0.0,0,True,0,0.0,,,,,unseen_seastate
window_mean,roll,10,1.0,542880,7.018108737628716,4.725985939852176,3.25942469682689,-3.6361585721576795,6.257000679431415,1.121641038125389,480,-3.6562380283890863,-3.6159471295907726,0,True,0,0.0,,,,,unseen_seastate
window_mean,roll,20,2.0,542880,7.179845092431534,4.832400198506001,6.285602666698202,-0.304777021787743,6.258149735730003,1.1472792112082657,480,-0.31134052929638545,-0.29849840561825736,0,True,0,0.0,,,,,unseen_seastate
window_mean,roll,30,3.0,542880,7.13182252411556,4.79911198688446,8.864531895835025,0.35272409535263494,6.258818948538503,1.1394837560816347,480,0.34916132548421613,0.35621700429701425,0,True,0,0.0,,,,,unseen_seastate
window_mean,roll,50,5.0,542880,6.499464666220951,4.375934301043531,12.020706403631479,0.7076553205777212,6.25953903317843,1.038329600913231,480,0.7058306410904807,0.7091915847092916,0,True,0,0.0,,,,,unseen_seastate
window_mean,roll,100,10.0,542880,5.784750613938083,3.911451496184658,6.564312783673568,0.22341186946691183,6.263610691806128,0.9235488759710951,480,0.20831082165179288,0.23940080864399066,0,True,0,0.0,,,,,unseen_seastate
window_mean,roll,150,15.0,542880,7.007837108253422,4.7111723076681065,8.758534298487419,0.3598155413360776,6.26746488344986,1.1181294572162057,480,0.3508982374778407,0.36853936702986323,0,True,0,0.0,,,,,unseen_seastate
window_mean,pitch,10,1.0,542880,1.8986577495757608,1.321250037334401,1.2228602601407708,-1.4106808001695277,1.7997766828726487,1.0549407421732382,480,-1.4804128979801863,-1.3432082272557857,0,True,0,0.0,,,,,unseen_seastate
window_mean,pitch,20,2.0,542880,1.943162422967398,1.3531710820414198,2.2574679499954007,0.2590736834967171,1.7994950774677116,1.0798375873869341,480,0.23979976351158053,0.27781206104421474,0,True,0,0.0,,,,,unseen_seastate
window_mean,pitch,30,3.0,542880,1.93677521694929,1.349658269048049,2.9691366291153294,0.5745014612642354,1.7992884411802126,1.0764117484570153,480,0.5654666415151989,0.5835804886256287,0,True,0,0.0,,,,,unseen_seastate
window_mean,pitch,50,5.0,542880,1.8241105971218372,1.2718207274599491,3.3044138255161024,0.6952712209283369,1.799307264730753,1.0137849342784684,480,0.6921848627545707,0.6978326908518739,0,True,0,0.0,,,,,unseen_seastate
window_mean,pitch,100,10.0,542880,1.7830412029548364,1.237640133584374,2.143658806541388,0.30815081565911107,1.7986835875269107,0.9913034261942748,480,0.2922619659495811,0.32524294519319563,0,True,0,0.0,,,,,unseen_seastate
window_mean,pitch,150,15.0,542880,1.8367194163044058,1.278831684971606,2.6262925581694647,0.5108980121482962,1.799090637361259,1.0209154437034575,480,0.4992534126478573,0.5214400663782679,0,True,0,0.0,,,,,unseen_seastate
window_mean,heave,10,1.0,542880,1.3946028532381247,1.1108873302690976,0.7230439858176025,-2.720246036516437,1.3052269451126672,1.0684753777571934,480,-2.798575361510748,-2.6423451976616703,0,True,0,0.0,,,,,unseen_seastate
window_mean,heave,20,2.0,542880,1.4362641778690983,1.1445170312228883,1.3801185991770855,-0.08301841259252751,1.3051890619407918,1.100426152616848,480,-0.1054850457095089,-0.06092075245032439,0,True,0,0.0,,,,,unseen_seastate
window_mean,heave,30,3.0,542880,1.4456269451513808,1.1524493100009967,1.9144386984978832,0.4297969449014116,1.3051257868066772,1.10765334634026,480,0.41898255636195547,0.440622861827019,0,True,0,0.0,,,,,unseen_seastate
window_mean,heave,50,5.0,542880,1.3753049583944825,1.0967958340133066,2.4740805367882084,0.6909915525766708,1.305196114559555,1.0537151796981759,480,0.6867157344874644,0.6948900795211501,0,True,0,0.0,,,,,unseen_seastate
window_mean,heave,100,10.0,542880,1.2440057709422736,0.990842420402492,1.4729533632755942,0.2867089129907052,1.3048466130537077,0.9533731846312192,480,0.25269346488923866,0.31968293176129386,0,True,0,0.0,,,,,unseen_seastate
window_mean,heave,150,15.0,542880,1.3681769431506676,1.0893680570304116,1.8518455911559912,0.45414789330962113,1.3047382588874747,1.048621770559013,480,0.4366823415886387,0.47092792830978014,0,True,0,0.0,,,,,unseen_seastate
window_mean,roll_rate,10,1.0,542880,3.6933004070457334,2.495995413025788,1.7507606275566403,-3.450161018503483,3.299047438683298,1.1195050922092191,480,-3.4733688151482385,-3.4254740023266077,0,True,0,0.0,,,,,unseen_seastate
window_mean,roll_rate,20,2.0,542880,3.7689178878297858,2.5460990433323327,3.368958975401052,-0.25153185018445035,3.2992335448738204,1.1423616535682164,480,-0.2584858965294072,-0.24441283004508407,0,True,0,0.0,,,,,unseen_seastate
window_mean,roll_rate,30,3.0,542880,3.7356458569931426,2.5231079214202325,4.734841225141871,0.37752694710436674,3.2996776276077266,1.1321244917193605,480,0.3739463269050833,0.3810866817201996,0,True,0,0.0,,,,,unseen_seastate
window_mean,roll_rate,50,5.0,542880,3.3972575502315983,2.2960429312948754,6.356646858286032,0.7143720025464866,3.3008478104739085,1.0292075688711768,480,0.7129479736297555,0.7156660548583421,0,True,0,0.0,,,,,unseen_seastate
window_mean,roll_rate,100,10.0,542880,3.0823717778808444,2.0920485257681505,3.3400320894805207,0.1483350769801881,3.3023390388764846,0.9333904670580169,480,0.1337860238673988,0.16416794572106874,0,True,0,0.0,,,,,unseen_seastate
window_mean,roll_rate,150,15.0,542880,3.672411600997882,2.477720512114972,4.761033745378059,0.40502299403711906,3.303717238675165,1.1115998542510157,480,0.39727628319572716,0.4129382603985236,0,True,0,0.0,,,,,unseen_seastate
window_mean,pitch_rate,10,1.0,542880,1.3178029309165527,0.8991136860219167,0.9751166377198593,-0.8263659642029386,1.256288669542056,1.0489650689892156,480,-0.8750219916723002,-0.7808417933651571,0,True,0,0.0,,,,,unseen_seastate
window_mean,pitch_rate,20,2.0,542880,1.3417744853710574,0.9168902151501639,1.75173518675313,0.41329180927114895,1.2564720932103475,1.0678903993345035,480,0.40049740411673207,0.42567907775954694,0,True,0,0.0,,,,,unseen_seastate
window_mean,pitch_rate,30,3.0,542880,1.3262612860232637,0.907817029229802,2.2061010698625934,0.638584000199518,1.2564709426767824,1.0555447332493022,480,0.633408133087117,0.6436429163054794,0,True,0,0.0,,,,,unseen_seastate
window_mean,pitch_rate,50,5.0,542880,1.245140104442897,0.8525384565575835,2.178290159899136,0.6732579845081277,1.2560499558821334,0.9913141580172466,480,0.6693656419413171,0.6769980987220404,0,True,0,0.0,,,,,unseen_seastate
window_mean,pitch_rate,100,10.0,542880,1.2642368437885805,0.8575644273216638,1.6285109886511375,0.3973356541846095,1.2558852337264772,1.0066499787065115,480,0.39008423556943567,0.4038008118204911,0,True,0,0.0,,,,,unseen_seastate
window_mean,pitch_rate,150,15.0,542880,1.2689284446187903,0.8665011947358161,1.8234169111921585,0.5157135601653577,1.2565624407980214,1.0098411375505665,480,0.5099156385736422,0.5212058503526653,0,True,0,0.0,,,,,unseen_seastate
window_mean,heave_rate,10,1.0,542880,0.7814630307777044,0.6172877017710565,0.4398398830423327,-2.156658936021811,0.734348118721256,1.0641588244802629,480,-2.231673010863854,-2.084865839770596,0,True,0,0.0,,,,,unseen_seastate
window_mean,heave_rate,20,2.0,542880,0.8014567877255201,0.6338894336232942,0.8317851168879822,0.07159401339492821,0.7343764911329834,1.091343197123653,480,0.0511444107143475,0.09120387721638894,0,True,0,0.0,,,,,unseen_seastate
window_mean,heave_rate,30,3.0,542880,0.8026607362380264,0.6356228712335794,1.1362827111436415,0.5010106912815555,0.7344107746237766,1.092931590837856,480,0.4916257175264594,0.5098427988370586,0,True,0,0.0,,,,,unseen_seastate
window_mean,heave_rate,50,5.0,542880,0.7569888553730191,0.6005118745849415,1.4001961120139228,0.7077185611258547,0.734264962236321,1.0309478108113572,480,0.7050186622210078,0.7101215478873468,0,True,0,0.0,,,,,unseen_seastate
window_mean,heave_rate,100,10.0,542880,0.713513792436486,0.5612151767294621,0.7683267045109754,0.13759177675656975,0.7341029397003275,0.9719533240498311,480,0.10849785666575627,0.1670540807635398,0,True,0,0.0,,,,,unseen_seastate
window_mean,heave_rate,150,15.0,542880,0.7628913798516622,0.6027573105224624,1.1070364316158197,0.52510063525281,0.7341299638155024,1.0391775536400636,480,0.5134640392044219,0.5357613109114682,0,True,0,0.0,,,,,unseen_seastate
damped_persistence,roll,10,1.0,542880,4.297271638393294,2.89722527304217,3.25942469682689,-0.7382158686852065,6.257000679431415,0.6867941780028375,480,-0.7446533807692122,-0.7318838068642974,0,True,6,0.13113457697909325,,,,,unseen_seastate
damped_persistence,roll,20,2.0,542880,6.315573362976991,4.255783919856134,6.285602666698202,-0.009559035229988133,6.258149735730003,1.0091758154841097,480,-0.013770399825930424,-0.005457023148484747,0,True,6,0.13113457697909325,,,,,unseen_seastate
damped_persistence,roll,30,3.0,542880,7.029968966761358,4.734591925258732,8.864531895835025,0.37108029546879007,6.258818948538503,1.123210149480826,480,0.36815811855993014,0.3739311329484738,0,True,6,0.13113457697909325,,,,,unseen_seastate
damped_persistence,roll,50,5.0,542880,6.653174161197719,4.480415910389257,12.020706403631479,0.6936641642148607,6.25953903317843,1.0628856415676686,480,0.6919036849007394,0.6951434379860485,0,True,6,0.13113457697909325,,,,,unseen_seastate
damped_persistence,roll,100,10.0,542880,5.781241441286681,3.9090480491492317,6.564312783673568,0.22435377878317198,6.263610691806128,0.9229886284039861,480,0.20929085308111806,0.2403022789056836,0,True,6,0.13113457697909325,,,,,unseen_seastate
damped_persistence,roll,150,15.0,542880,7.0077891122376545,4.711142919273881,8.758534298487419,0.3598243104320702,6.26746488344986,1.1181217992529526,480,0.350907597670285,0.36854753141558705,0,True,6,0.13113457697909325,,,,,unseen_seastate
damped_persistence,pitch,10,1.0,542880,1.442895898417799,1.001330848346455,1.2228602601407708,-0.3922471394896734,1.7997766828726487,0.8017082964508534,480,-0.42233910467553876,-0.3626054210810229,0,True,6,0.13113457697909325,,,,,unseen_seastate
damped_persistence,pitch,20,2.0,542880,1.8904986858987152,1.3143042997727397,2.2574679499954007,0.2986907401490295,1.7994950774677116,1.0505717462473227,480,0.283633325021598,0.3133491918608049,0,True,6,0.13113457697909325,,,,,unseen_seastate
damped_persistence,pitch,30,3.0,542880,1.960022475839276,1.365019065183326,2.9691366291153294,0.5642255760106605,1.7992884411802126,1.089331999795226,480,0.555870164001334,0.5725575148021153,0,True,6,0.13113457697909325,,,,,unseen_seastate
damped_persistence,pitch,50,5.0,542880,1.8313677769384802,1.276876374622844,3.3044138255161024,0.6928416854697886,1.799307264730753,1.017818253077817,480,0.6897721533910762,0.6953852916671421,0,True,6,0.13113457697909325,,,,,unseen_seastate
damped_persistence,pitch,100,10.0,542880,1.7830212489308017,1.2376266645189673,2.143658806541388,0.3081663005486167,1.7986835875269107,0.9912923325121102,480,0.2922784975768469,0.3252572877341573,0,True,6,0.13113457697909325,,,,,unseen_seastate
damped_persistence,pitch,150,15.0,542880,1.8367194306044532,1.2788316916600069,2.6262925581694647,0.5108980045323461,1.799090637361259,1.0209154516519439,480,0.49925341030345755,0.5214400542594454,0,True,6,0.13113457697909325,,,,,unseen_seastate
damped_persistence,heave,10,1.0,542880,0.9638374406592208,0.7674106910477356,0.7230439858176025,-0.7769620349885102,1.3052269451126672,0.7384443328175564,480,-0.8074671864982605,-0.7475452481123358,0,True,6,0.13113457697909325,,,,,unseen_seastate
damped_persistence,heave,20,2.0,542880,1.3363203884677333,1.064668164835046,1.3801185991770855,0.06246309598994748,1.3051890619407918,1.0238519670710768,480,0.04612659173028581,0.07854448788247781,0,True,6,0.13113457697909325,,,,,unseen_seastate
damped_persistence,heave,30,3.0,542880,1.443996996388266,1.151083107632748,1.9144386984978832,0.431082031369735,1.3051257868066772,1.1064044638343806,480,0.4214564407916586,0.440756783926713,0,True,6,0.13113457697909325,,,,,unseen_seastate
damped_persistence,heave,50,5.0,542880,1.3861382887416847,1.1054600522451432,2.4740805367882084,0.6861042363188816,1.305196114559555,1.0620153349211003,480,0.6818920493218812,0.6899426738232619,0,True,6,0.13113457697909325,,,,,unseen_seastate
damped_persistence,heave,100,10.0,542880,1.2439390732385744,0.9907914678213151,1.4729533632755942,0.28678539752689314,1.3048466130537077,0.9533220692717341,480,0.25277942969457917,0.31974861710565283,0,True,6,0.13113457697909325,,,,,unseen_seastate
damped_persistence,heave,150,15.0,542880,1.3681768096494757,1.0893679385954858,1.8518455911559912,0.4541479998337129,1.3047382588874747,1.0486216682387268,480,0.4366825059729301,0.4709279795622975,0,True,6,0.13113457697909325,,,,,unseen_seastate
damped_persistence,roll_rate,10,1.0,542880,2.309514299859115,1.5633008810242761,1.7507606275566403,-0.7401543385405858,3.299047438683298,0.7000548924452201,480,-0.7474509211806966,-0.7325095427813517,0,True,6,0.13113457697909325,,,,,unseen_seastate
damped_persistence,roll_rate,20,2.0,542880,3.3518713172209935,2.2675577262271234,3.368958975401052,0.010118450979648586,3.2992335448738204,1.0159545456940928,480,0.005556916782686517,0.014779450053738352,0,True,6,0.13113457697909325,,,,,unseen_seastate
damped_persistence,roll_rate,30,3.0,542880,3.696169228492325,2.498928716316377,4.734841225141871,0.39061346518113726,3.2996776276077266,1.1201607082968452,480,0.3876420545188328,0.39357005719383376,0,True,6,0.13113457697909325,,,,,unseen_seastate
damped_persistence,roll_rate,50,5.0,542880,3.468155069001384,2.3443075722946434,6.356646858286032,0.7023260399525189,3.3008478104739085,1.0506861473578375,480,0.7009445133107449,0.7035883075786495,0,True,6,0.13113457697909325,,,,,unseen_seastate
damped_persistence,roll_rate,100,10.0,542880,3.0809133731778635,2.0910495411824637,3.3400320894805207,0.1491408060611008,3.3023390388764846,0.9329488392645614,480,0.13461557821927236,0.16494711427869987,0,True,6,0.13113457697909325,,,,,unseen_seastate
damped_persistence,roll_rate,150,15.0,542880,3.6724009788707006,2.4777143606281125,4.761033745378059,0.4050264358693395,3.303717238675165,1.1115966390463194,480,0.39728003023093644,0.41294137581635315,0,True,6,0.13113457697909325,,,,,unseen_seastate
damped_persistence,pitch_rate,10,1.0,542880,1.0681125330342442,0.7238368509853317,0.9751166377198593,-0.19983323872838832,1.256288669542056,0.8502126612537181,480,-0.2236511004508817,-0.1777116910451147,0,True,6,0.13113457697909325,,,,,unseen_seastate
damped_persistence,pitch_rate,20,2.0,542880,1.335566737165657,0.9092161501174175,1.75173518675313,0.4187080868143549,1.2564720932103475,1.0629497816805615,480,0.40815376551621557,0.42891256984067877,0,True,6,0.13113457697909325,,,,,unseen_seastate
damped_persistence,pitch_rate,30,3.0,542880,1.345136133042323,0.9195883951414879,2.2061010698625934,0.6282237288116888,1.2564709426767824,1.070566845084892,480,0.6233196056561363,0.6330013495466501,0,True,6,0.13113457697909325,,,,,unseen_seastate
damped_persistence,pitch_rate,50,5.0,542880,1.2472410639806422,0.8540228219368169,2.178290159899136,0.6721544124637897,1.2560499558821334,0.992986829974207,480,0.6682840505888664,0.6758733935789062,0,True,6,0.13113457697909325,,,,,unseen_seastate
damped_persistence,pitch_rate,100,10.0,542880,1.2642345736075524,0.8575628359931717,1.6285109886511375,0.3973378185827482,1.2558852337264772,1.0066481710723685,480,0.3900865647066921,0.40380283864965294,0,True,6,0.13113457697909325,,,,,unseen_seastate
damped_persistence,pitch_rate,150,15.0,542880,1.2689284462704387,0.8665011953541171,1.8234169111921585,0.5157135589046548,1.2565624407980214,1.0098411388649846,480,0.5099156376974843,0.5212058487539198,0,True,6,0.13113457697909325,,,,,unseen_seastate
damped_persistence,heave_rate,10,1.0,542880,0.564142387653036,0.4443281413651215,0.4398398830423327,-0.6450846518942541,0.734348118721256,0.7682220097947486,480,-0.6758248977818655,-0.6156208848135826,0,True,6,0.13113457697909325,,,,,unseen_seastate
damped_persistence,heave_rate,20,2.0,542880,0.7611613097264426,0.6007142050517466,0.8317851168879822,0.16260354330492077,0.7343764911329834,1.0364728704102932,480,0.1472209368306019,0.17741226549896733,0,True,6,0.13113457697909325,,,,,unseen_seastate
damped_persistence,heave_rate,30,3.0,542880,0.8068454335165509,0.6382043709410691,1.1362827111436415,0.49579413503150693,0.7344107746237766,1.0986296244494522,480,0.4872887514400861,0.5038130350470377,0,True,6,0.13113457697909325,,,,,unseen_seastate
damped_persistence,heave_rate,50,5.0,542880,0.7615565690151355,0.6040674724259495,1.4001961120139228,0.7041806336815337,0.734264962236321,1.0371686083123095,480,0.7015084151997354,0.7065615868092628,0,True,6,0.13113457697909325,,,,,unseen_seastate
damped_persistence,heave_rate,100,10.0,542880,0.7134905503090258,0.5611982527646534,0.7683267045109754,0.13764796032470317,0.7341029397003275,0.9719216634662762,480,0.10855799552557344,0.1671065338752126,0,True,6,0.13113457697909325,,,,,unseen_seastate
damped_persistence,heave_rate,150,15.0,542880,0.7628914117175356,0.602757324459066,1.1070364316158197,0.52510059557984,0.7341299638155024,1.0391775970463744,480,0.5134640108861397,0.5357612599623567,0,True,6,0.13113457697909325,,,,,unseen_seastate
ar20,roll,10,1.0,542880,0.011572961946724072,0.008727245743909349,3.25942469682689,0.999987393133717,6.257000679431415,0.0018496021559926902,480,0.9999856580308265,0.9999889749153218,0,True,108900,0.04376642900751904,,,,,unseen_seastate
ar20,roll,20,2.0,542880,0.09772444896261487,0.07459299372491361,6.285602666698202,0.9997582799854345,6.258149735730003,0.015615549817331988,480,0.9997265849167422,0.9997877493798515,0,True,108900,0.04376642900751904,,,,,unseen_seastate
ar20,roll,30,3.0,542880,0.3478856160806778,0.2674151560737364,8.864531895835025,0.9984598559905978,6.258818948538503,0.05558326881494353,480,0.998271410487371,0.9986425052707768,0,True,108900,0.04376642900751904,,,,,unseen_seastate
ar20,roll,50,5.0,542880,1.285386995657983,0.9879877110447445,12.020706403631479,0.9885657463084749,6.25953903317843,0.20534850710968364,480,0.9871973091717888,0.9898461296735224,0,True,108900,0.04376642900751904,,,,,unseen_seastate
ar20,roll,100,10.0,542880,1.9168416421817918,1.478155409899059,6.564312783673568,0.9147304565025269,6.263610691806128,0.3060282218193011,480,0.9087074763529122,0.9205813095580504,0,True,108900,0.04376642900751904,,,,,unseen_seastate
ar20,roll,150,15.0,542880,3.093004254234967,2.3470700081723246,8.758534298487419,0.875290894356672,6.26746488344986,0.4935016488728143,480,0.8672830563507407,0.8824033645436815,0,True,108900,0.04376642900751904,,,,,unseen_seastate
ar20,pitch,10,1.0,542880,0.017733569537393377,0.012831353146498038,1.2228602601407708,0.9997897002962122,1.7997766828726487,0.00985320551496899,480,0.9997586163154928,0.9998162887546578,0,True,108900,0.04376642900751904,,,,,unseen_seastate
ar20,pitch,20,2.0,542880,0.17284654525701026,0.12321127210654721,2.2574679499954007,0.9941375625670477,1.7994950774677116,0.09605280248959817,480,0.9932122552937188,0.994908367066663,0,True,108900,0.04376642900751904,,,,,unseen_seastate
ar20,pitch,30,3.0,542880,0.5584636948649316,0.39245218724422815,2.9691366291153294,0.9646223056723747,1.7992884411802126,0.31038030483795964,480,0.9588251427580378,0.9694247277331578,0,True,108900,0.04376642900751904,,,,,unseen_seastate
ar20,pitch,50,5.0,542880,1.2016685435310248,0.9031553470739083,3.3044138255161024,0.8677546153374393,1.799307264730753,0.6678506595763907,480,0.8551980822689524,0.8790765521834495,0,True,108900,0.04376642900751904,,,,,unseen_seastate
ar20,pitch,100,10.0,542880,1.9666242440061743,1.4482563648382276,2.143658806541388,0.15835014573926554,1.7986835875269107,1.0933686489629744,480,0.11461173160623973,0.20075591399978474,0,True,108900,0.04376642900751904,,,,,unseen_seastate
ar20,pitch,150,15.0,542880,2.053574516461368,1.5042290842416925,2.6262925581694647,0.3885869182323175,1.799090637361259,1.1414513942851499,480,0.3606547265044212,0.4148724000297824,0,True,108900,0.04376642900751904,,,,,unseen_seastate
ar20,heave,10,1.0,542880,0.003452888725821558,0.0025707123678035118,0.7230439858176025,0.9999771947031593,1.3052269451126672,0.0026454316919756085,480,0.9999750714909909,0.9999790670258962,0,True,108900,0.04376642900751904,,,,,unseen_seastate
ar20,heave,20,2.0,542880,0.031223645397421028,0.023206789228162186,1.3801185991770855,0.9994881597972367,1.3051890619407918,0.02392269925323466,480,0.9994395512772878,0.999530067342465,0,True,108900,0.04376642900751904,,,,,unseen_seastate
ar20,heave,30,3.0,542880,0.12140762716118139,0.09037799579255841,1.9144386984978832,0.9959783060919138,1.3051257868066772,0.09302369808984932,480,0.9956019339269123,0.9963101904597659,0,True,108900,0.04376642900751904,,,,,unseen_seastate
ar20,heave,50,5.0,542880,0.5347535024616049,0.40805226281504436,2.4740805367882084,0.9532824983134096,1.305196114559555,0.4097112276817191,480,0.949679179033487,0.9565298471665843,0,True,108900,0.04376642900751904,,,,,unseen_seastate
ar20,heave,100,10.0,542880,1.1459507635131694,0.8755632324001427,1.4729533632755942,0.39472334511680085,1.3048466130537077,0.8782264153112392,480,0.3736518451376557,0.41453956259638175,0,True,108900,0.04376642900751904,,,,,unseen_seastate
ar20,heave,150,15.0,542880,1.3741967439672385,1.08973409591001,1.8518455911559912,0.4493339695159987,1.3047382588874747,1.0532355701280574,480,0.41606390875825044,0.4791019954724252,0,True,108900,0.04376642900751904,,,,,unseen_seastate
ar20,roll_rate,10,1.0,542880,0.033513889687849296,0.02537415356541031,1.7507606275566403,0.9996335656914637,3.299047438683298,0.01015865649425921,480,0.9995846606074623,0.9996788418974696,0,True,108900,0.04376642900751904,,,,,unseen_seastate
ar20,roll_rate,20,2.0,542880,0.15676148986067998,0.12034177228610712,3.368958975401052,0.9978348533384107,3.2992335448738204,0.04751451745640982,480,0.9975613012342757,0.9980905895924976,0,True,108900,0.04376642900751904,,,,,unseen_seastate
ar20,roll_rate,30,3.0,542880,0.3544839627750276,0.27324058038833593,4.734841225141871,0.9943949131857426,3.2996776276077266,0.10742987733381373,480,0.9937159668659034,0.9950382209521043,0,True,108900,0.04376642900751904,,,,,unseen_seastate
ar20,roll_rate,50,5.0,542880,0.602301754853364,0.4698006110819837,6.356646858286032,0.991022155332772,3.3008478104739085,0.18246880481499403,480,0.9900619320557148,0.9919381700009406,0,True,108900,0.04376642900751904,,,,,unseen_seastate
ar20,roll_rate,100,10.0,542880,1.4837998289435295,1.1531117223731913,3.3400320894805207,0.8026444451682643,3.3023390388764846,0.4493178354722612,480,0.7879241152634411,0.8162596361458855,0,True,108900,0.04376642900751904,,,,,unseen_seastate
ar20,roll_rate,150,15.0,542880,2.1493246635693097,1.6306741184654159,4.761033745378059,0.7962012456779016,3.303717238675165,0.6505776700282067,480,0.7806418211476421,0.8096559939036999,0,True,108900,0.04376642900751904,,,,,unseen_seastate
ar20,pitch_rate,10,1.0,542880,0.05712983112349536,0.04117914624819205,0.9751166377198593,0.99656748259982,1.256288669542056,0.045475082684874005,480,0.996024288989803,0.9970068254911952,0,True,108900,0.04376642900751904,,,,,unseen_seastate
ar20,pitch_rate,20,2.0,542880,0.2791574249745819,0.19740069947551686,1.75173518675313,0.9746042256275858,1.2564720932103475,0.2221755870926835,480,0.9703005831360006,0.9780745491846586,0,True,108900,0.04376642900751904,,,,,unseen_seastate
ar20,pitch_rate,30,3.0,542880,0.48757234477900796,0.3480988808298262,2.2061010698625934,0.9511541897275133,1.2564709426767824,0.3880490413413661,480,0.9435288057958022,0.957248861009058,0,True,108900,0.04376642900751904,,,,,unseen_seastate
ar20,pitch_rate,50,5.0,542880,0.8367762468401244,0.6573403252385464,2.178290159899136,0.8524336864768077,1.2560499558821334,0.6661966292992305,480,0.8384940126416714,0.8645528035731183,0,True,108900,0.04376642900751904,,,,,unseen_seastate
ar20,pitch_rate,100,10.0,542880,1.2869266076348438,1.0148723346432076,1.6285109886511375,0.37550901478384735,1.2558852337264772,1.0247167281490046,480,0.33389940585228267,0.4101441315769327,0,True,108900,0.04376642900751904,,,,,unseen_seastate
ar20,pitch_rate,150,15.0,542880,1.275088804827924,0.9283625141002979,1.8234169111921585,0.5109999441361242,1.2565624407980214,1.0147436875625033,480,0.5018124594612323,0.5190762112076781,0,True,108900,0.04376642900751904,,,,,unseen_seastate
ar20,heave_rate,10,1.0,542880,0.010201967382441961,0.007590046527577027,0.4398398830423327,0.9994620044947381,0.734348118721256,0.01389254921794717,480,0.9994061117534708,0.999512024706862,0,True,108900,0.04376642900751904,,,,,unseen_seastate
ar20,heave_rate,20,2.0,542880,0.05235708575787639,0.03890670467741256,0.8317851168879822,0.996037870737172,0.7343764911329834,0.07129461031234915,480,0.9956195583826152,0.9964150541924862,0,True,108900,0.04376642900751904,,,,,unseen_seastate
ar20,heave_rate,30,3.0,542880,0.13475244854472762,0.1011258270437655,1.1362827111436415,0.9859362695789956,0.7344107746237766,0.18348375759296084,480,0.9845092122694931,0.9872500565362675,0,True,108900,0.04376642900751904,,,,,unseen_seastate
ar20,heave_rate,50,5.0,542880,0.25737146207832917,0.20142048891732844,1.4001961120139228,0.9662135124633717,0.734264962236321,0.35051578832586994,480,0.9637997237260355,0.9685268393712025,0,True,108900,0.04376642900751904,,,,,unseen_seastate
ar20,heave_rate,100,10.0,542880,0.597459895151598,0.46976301838719836,0.7683267045109754,0.3953199219628135,0.7341029397003275,0.8138639185881624,480,0.3751355652396673,0.414916645883514,0,True,108900,0.04376642900751904,,,,,unseen_seastate
ar20,heave_rate,150,15.0,542880,0.7621764991584942,0.6060226471623468,1.1070364316158197,0.5259902437357679,0.7341299638155024,1.0382037741617645,480,0.49518443606728346,0.5528451429195038,0,True,108900,0.04376642900751904,,,,,unseen_seastate
dlinear_ols,roll,10,1.0,542880,0.03727488890711471,0.02311191781988764,3.25942469682689,0.9998692171456217,6.257000679431415,0.005957309391007122,480,0.9998508155256625,0.9998849039791686,0,True,60300,0.13345375200151466,,,,,unseen_seastate
dlinear_ols,roll,20,2.0,542880,0.3541829690258955,0.21902899493507394,6.285602666698202,0.9968248700860962,6.258149735730003,0.05659547693525755,480,0.9963750675653076,0.9972100200351199,0,True,60300,0.13345375200151466,,,,,unseen_seastate
dlinear_ols,roll,30,3.0,542880,1.1954178731117404,0.7361788556808164,8.864531895835025,0.9818143898961713,6.258818948538503,0.1909973563608007,480,0.9792080462611337,0.9840654076618016,0,True,60300,0.13345375200151466,,,,,unseen_seastate
dlinear_ols,roll,50,5.0,542880,1.9429685313449399,1.1793316764497725,12.020706403631479,0.9738740823536787,6.25953903317843,0.31040121661456455,480,0.9700013737706645,0.9773046010750182,0,True,60300,0.13345375200151466,,,,,unseen_seastate
dlinear_ols,roll,100,10.0,542880,3.1938892792404303,2.0600683728157367,6.564312783673568,0.763265703608395,6.263610691806128,0.5099118442049061,480,0.7435440347510782,0.7815641022852582,0,True,60300,0.13345375200151466,,,,,unseen_seastate
dlinear_ols,roll,150,15.0,542880,4.4130684810274055,2.9190668451981994,8.758534298487419,0.7461258609881471,6.26746488344986,0.7041233677560357,480,0.7248130238503502,0.7639287383031739,0,True,60300,0.13345375200151466,,,,,unseen_seastate
dlinear_ols,pitch,10,1.0,542880,0.017946135884658376,0.010995623229495951,1.2228602601407708,0.9997846284963647,1.7997766828726487,0.009971312583077973,480,0.9997469479330573,0.9998166904643372,0,True,60300,0.13345375200151466,,,,,unseen_seastate
dlinear_ols,pitch,20,2.0,542880,0.16654179545149034,0.10126267044569022,2.2574679499954007,0.9945574390870667,1.7994950774677116,0.09254918089903949,480,0.9935341012461275,0.9954150773135918,0,True,60300,0.13345375200151466,,,,,unseen_seastate
dlinear_ols,pitch,30,3.0,542880,0.548256853784697,0.32793283863586714,2.9691366291153294,0.9659036591768944,1.7992884411802126,0.3047075950896885,480,0.9590008639434885,0.9716578949307172,0,True,60300,0.13345375200151466,,,,,unseen_seastate
dlinear_ols,pitch,50,5.0,542880,0.9018729429617893,0.5250526432399673,3.3044138255161024,0.9255093344400563,1.799307264730753,0.5012334250185695,480,0.9104308164442799,0.9382663721338604,0,True,60300,0.13345375200151466,,,,,unseen_seastate
dlinear_ols,pitch,100,10.0,542880,1.5899765363816816,1.0481291524547396,2.143658806541388,0.44986394870136925,1.7986835875269107,0.8839667784859316,480,0.4017312139733838,0.4922100831380015,0,True,60300,0.13345375200151466,,,,,unseen_seastate
dlinear_ols,pitch,150,15.0,542880,1.9664225156891328,1.3241896434321128,2.6262925581694647,0.4393814414415972,1.799090637361259,1.0930091429819795,480,0.37630547550828525,0.4903050036159514,0,True,60300,0.13345375200151466,,,,,unseen_seastate
dlinear_ols,heave,10,1.0,542880,0.01836741011361725,0.012127838627197251,0.7230439858176025,0.9993546929494034,1.3052269451126672,0.01407219654972092,480,0.9992343684738031,0.9994575399682725,0,True,60300,0.13345375200151466,,,,,unseen_seastate
dlinear_ols,heave,20,2.0,542880,0.1760007342965611,0.11580997837839473,1.3801185991770855,0.9837371692548038,1.3051890619407918,0.13484692710713594,480,0.9807168031900418,0.9863286480966441,0,True,60300,0.13345375200151466,,,,,unseen_seastate
dlinear_ols,heave,30,3.0,542880,0.6015955310531733,0.39382069631883504,1.9144386984978832,0.901252462605346,1.3051257868066772,0.46094831405111536,480,0.882837625773374,0.916965524349569,0,True,60300,0.13345375200151466,,,,,unseen_seastate
dlinear_ols,heave,50,5.0,542880,1.0353995786977703,0.6657279121608431,2.4740805367882084,0.8248588075300872,1.305196114559555,0.7932904236748906,480,0.791853866440068,0.8524801362539492,0,True,60300,0.13345375200151466,,,,,unseen_seastate
dlinear_ols,heave,100,10.0,542880,1.4626981137142734,1.0043235597875226,1.4729533632755942,0.013876269790815687,1.3048466130537077,1.1209732232749938,480,-0.09579513636510988,0.11811164191598628,0,True,60300,0.13345375200151466,,,,,unseen_seastate
dlinear_ols,heave,150,15.0,542880,1.736962652972353,1.2536592943827094,1.8518455911559912,0.12022540378825697,1.3047382588874747,1.3312728749545735,480,-0.02202252014574694,0.2389704857529828,0,True,60300,0.13345375200151466,,,,,unseen_seastate
dlinear_ols,roll_rate,10,1.0,542880,0.016753008709102356,0.010910343508869056,1.7507606275566403,0.9999084344547389,3.299047438683298,0.005078135134603807,480,0.9998983067840175,0.9999169124103632,0,True,60300,0.13345375200151466,,,,,unseen_seastate
dlinear_ols,roll_rate,20,2.0,542880,0.15861813447502088,0.1029130387853802,3.368958975401052,0.997783262692094,3.2992335448738204,0.04807726774040401,480,0.9975352005020184,0.9979924373055822,0,True,60300,0.13345375200151466,,,,,unseen_seastate
dlinear_ols,roll_rate,30,3.0,542880,0.5325205919608222,0.34369774992862,4.734841225141871,0.9873508316795915,3.2996776276077266,0.16138564188978086,480,0.9859136505249764,0.988569031932006,0,True,60300,0.13345375200151466,,,,,unseen_seastate
dlinear_ols,roll_rate,50,5.0,542880,0.8521040681044376,0.5434394892901835,6.356646858286032,0.9820307848994144,3.3008478104739085,0.25814703283218005,480,0.9799026857559989,0.9838937863359415,0,True,60300,0.13345375200151466,,,,,unseen_seastate
dlinear_ols,roll_rate,100,10.0,542880,1.5230878081387602,1.0202390480363785,3.3400320894805207,0.7920549413338512,3.3023390388764846,0.4612148511126048,480,0.7806304395506917,0.8030215683237036,0,True,60300,0.13345375200151466,,,,,unseen_seastate
dlinear_ols,roll_rate,150,15.0,542880,2.1877993654744916,1.481452171607518,4.761033745378059,0.7888396055001761,3.303717238675165,0.6622235522649718,480,0.7773613893271065,0.7982771735354567,0,True,60300,0.13345375200151466,,,,,unseen_seastate
dlinear_ols,pitch_rate,10,1.0,542880,0.016845086407236524,0.00908923209839944,0.9751166377198593,0.9997015762709228,1.256288669542056,0.013408611265575543,480,0.9996575955966402,0.9997464302972524,0,True,60300,0.13345375200151466,,,,,unseen_seastate
dlinear_ols,pitch_rate,20,2.0,542880,0.13670191560993192,0.0781348172592379,1.75173518675313,0.9939100701010578,1.2564720932103475,0.10879821075902439,480,0.9931183924759948,0.9947103439403097,0,True,60300,0.13345375200151466,,,,,unseen_seastate
dlinear_ols,pitch_rate,30,3.0,542880,0.3796696089812401,0.23114929921831653,2.2061010698625934,0.9703816500905595,1.2564709426767824,0.3021714200349058,480,0.9671176474153074,0.9737806002837872,0,True,60300,0.13345375200151466,,,,,unseen_seastate
dlinear_ols,pitch_rate,50,5.0,542880,0.5362512672203928,0.3402285042468405,2.178290159899136,0.9393954537878706,1.2560499558821334,0.4269346650657533,480,0.9327340188623168,0.9454838384510758,0,True,60300,0.13345375200151466,,,,,unseen_seastate
dlinear_ols,pitch_rate,100,10.0,542880,1.1678407136823166,0.770621440387255,1.6285109886511375,0.48573633965807683,1.2558852337264772,0.9298944539837339,480,0.4635065920612622,0.5083453715255427,0,True,60300,0.13345375200151466,,,,,unseen_seastate
dlinear_ols,pitch_rate,150,15.0,542880,1.3027364637685885,0.8917197675361405,1.8234169111921585,0.48956413491254336,1.2565624407980214,1.0367463020311531,480,0.46977820096640954,0.506028800174801,0,True,60300,0.13345375200151466,,,,,unseen_seastate
dlinear_ols,heave_rate,10,1.0,542880,0.007231508451032084,0.005091134942321602,0.4398398830423327,0.9997296859732251,0.734348118721256,0.009847520905513508,480,0.9996826230499587,0.999769682135332,0,True,60300,0.13345375200151466,,,,,unseen_seastate
dlinear_ols,heave_rate,20,2.0,542880,0.06895978826233462,0.04830546620663158,0.8317851168879822,0.9931266327680203,0.7343764911329834,0.09390249973272516,480,0.9919201892310886,0.9941556990992639,0,True,60300,0.13345375200151466,,,,,unseen_seastate
dlinear_ols,heave_rate,30,3.0,542880,0.234123484102176,0.16276990150483125,1.1362827111436415,0.9575461423630047,0.7344107746237766,0.31879091673472876,480,0.9500534051079141,0.9639413190078622,0,True,60300,0.13345375200151466,,,,,unseen_seastate
dlinear_ols,heave_rate,50,5.0,542880,0.3958087997937433,0.27003402995157866,1.4001961120139228,0.9200914673185097,0.734264962236321,0.5390544560212223,480,0.9057256725736874,0.9323231745442687,0,True,60300,0.13345375200151466,,,,,unseen_seastate
dlinear_ols,heave_rate,100,10.0,542880,0.6151012435179001,0.45648789744125984,0.7683267045109754,0.3590836454218308,0.7341029397003275,0.8378950829007635,480,0.29485389891864583,0.41525652640901545,0,True,60300,0.13345375200151466,,,,,unseen_seastate
dlinear_ols,heave_rate,150,15.0,542880,0.783575457276202,0.6011211181354366,1.1070364316158197,0.4989998881117731,0.7341299638155024,1.0673525069099699,480,0.4422574498279904,0.5459202122200316,0,True,60300,0.13345375200151466,,,,,unseen_seastate
tcn,roll,10,1.0,542880,0.3402064207362689,0.2134371248307834,3.25942469682689,0.9891056052424633,6.257000679431415,0.054372124627479514,480,0.9888070919376412,0.9893662369376032,0,False,196816,4182.476017642999,58.0,60.0,0.10406054071473299,mse,unseen_seastate
tcn,roll,20,2.0,542880,0.4219890725712255,0.2736716099730392,6.285602666698202,0.9954927820286384,6.258149735730003,0.06743032531835084,480,0.9953701040105978,0.9956066491594779,0,False,196816,4182.476017642999,58.0,60.0,0.10406054071473299,mse,unseen_seastate
tcn,roll,30,3.0,542880,0.5302190076151185,0.34284566151177803,8.864531895835025,0.9964223407770302,6.258818948538503,0.0847155049498484,480,0.9963113132109541,0.9965333726204837,0,False,196816,4182.476017642999,58.0,60.0,0.10406054071473299,mse,unseen_seastate
tcn,roll,50,5.0,542880,0.6738129838442731,0.43374561865460576,12.020706403631479,0.9968579089148664,6.25953903317843,0.1076457835429662,480,0.9967518991209201,0.9969629677663971,0,False,196816,4182.476017642999,58.0,60.0,0.10406054071473299,mse,unseen_seastate
tcn,roll,100,10.0,542880,1.3350806946192444,0.8826522280629663,6.564312783673568,0.9586346694817189,6.263610691806128,0.21314873486083002,480,0.956485279424691,0.9606212211025175,0,False,196816,4182.476017642999,58.0,60.0,0.10406054071473299,mse,unseen_seastate
tcn,roll,150,15.0,542880,2.4966671237547327,1.6671318920310612,8.758534298487419,0.9187434432826995,6.26746488344986,0.39835358796305986,480,0.9160308612866466,0.9212389500498879,0,False,196816,4182.476017642999,58.0,60.0,0.10406054071473299,mse,unseen_seastate
tcn,pitch,10,1.0,542880,0.14156143420883704,0.09378872717675397,1.2228602601407708,0.9865990297074198,1.7997766828726487,0.07865499956521765,480,0.986019901679994,0.9871602266902952,0,False,196816,4182.476017642999,58.0,60.0,0.10406054071473299,mse,unseen_seastate
tcn,pitch,20,2.0,542880,0.21721228341321575,0.145896935496625,2.2574679499954007,0.9907418209476699,1.7994950774677116,0.12070735070800058,480,0.9905848212603259,0.9908869862202325,0,False,196816,4182.476017642999,58.0,60.0,0.10406054071473299,mse,unseen_seastate
tcn,pitch,30,3.0,542880,0.27472796216827783,0.18529655197086808,2.9691366291153294,0.9914385886525506,1.7992884411802126,0.15268700441829922,480,0.9912687812930573,0.9916044169683327,0,False,196816,4182.476017642999,58.0,60.0,0.10406054071473299,mse,unseen_seastate
tcn,pitch,50,5.0,542880,0.49655128198905524,0.312979224229552,3.3044138255161024,0.9774191984582066,1.799307264730753,0.2759680304316221,480,0.9753447410370187,0.9794018015875252,0,False,196816,4182.476017642999,58.0,60.0,0.10406054071473299,mse,unseen_seastate
tcn,pitch,100,10.0,542880,1.327329174749796,0.8762594485086193,2.143658806541388,0.6166054317324476,1.7986835875269107,0.7379447858168313,480,0.5920551443678747,0.6390348115169806,0,False,196816,4182.476017642999,58.0,60.0,0.10406054071473299,mse,unseen_seastate
tcn,pitch,150,15.0,542880,1.8750065833285572,1.290331208894395,2.6262925581694647,0.4902944204082219,1.799090637361259,1.0421968434445552,480,0.4807884583512146,0.5003052494969752,0,False,196816,4182.476017642999,58.0,60.0,0.10406054071473299,mse,unseen_seastate
tcn,heave,10,1.0,542880,0.0738718537835938,0.055371916740867756,0.7230439858176025,0.989561729211974,1.3052269451126672,0.056596942056859834,480,0.9892950150093136,0.9898122550502823,0,False,196816,4182.476017642999,58.0,60.0,0.10406054071473299,mse,unseen_seastate
tcn,heave,20,2.0,542880,0.12250991044746844,0.09071986180135685,1.3801185991770855,0.9921203010104175,1.3051890619407918,0.0938637275011319,480,0.9917976061802022,0.992417013051607,0,False,196816,4182.476017642999,58.0,60.0,0.10406054071473299,mse,unseen_seastate
tcn,heave,30,3.0,542880,0.16389635246617218,0.12313178759858144,1.9144386984978832,0.992670815613595,1.3051257868066772,0.1255789703360213,480,0.9923132005210848,0.99298018067583,0,False,196816,4182.476017642999,58.0,60.0,0.10406054071473299,mse,unseen_seastate
tcn,heave,50,5.0,542880,0.27634914981266195,0.21638522247658798,2.4740805367882084,0.9875236198202109,1.305196114559555,0.21172998197739606,480,0.987193501937746,0.9878216498029053,0,False,196816,4182.476017642999,58.0,60.0,0.10406054071473299,mse,unseen_seastate
tcn,heave,100,10.0,542880,0.7252774865321918,0.5591792543370963,1.4729533632755942,0.7575454154816091,1.3048466130537077,0.5558335204126703,480,0.7402157027280682,0.7728733870525494,0,False,196816,4182.476017642999,58.0,60.0,0.10406054071473299,mse,unseen_seastate
tcn,heave,150,15.0,542880,1.2049094635607458,0.9457617042279673,1.8518455911559912,0.5766502701395293,1.3047382588874747,0.923487492877038,480,0.5630065385455818,0.5886255342639339,0,False,196816,4182.476017642999,58.0,60.0,0.10406054071473299,mse,unseen_seastate
tcn,roll_rate,10,1.0,542880,0.19264820229166096,0.12237885474702066,1.7507606275566403,0.987891889413221,3.299047438683298,0.058395099152787545,480,0.9875916841314726,0.9881659279086148,0,False,196816,4182.476017642999,58.0,60.0,0.10406054071473299,mse,unseen_seastate
tcn,roll_rate,20,2.0,542880,0.281952375167035,0.17828419052634065,3.368958975401052,0.9929957753035763,3.2992335448738204,0.08545996254345743,480,0.9927873831536952,0.9932037636408023,0,False,196816,4182.476017642999,58.0,60.0,0.10406054071473299,mse,unseen_seastate
tcn,roll_rate,30,3.0,542880,0.3480703596223806,0.22022890425138586,4.734841225141871,0.994595901660114,3.2996776276077266,0.10548617134902731,480,0.9944615365942641,0.9947295574255048,0,False,196816,4182.476017642999,58.0,60.0,0.10406054071473299,mse,unseen_seastate
tcn,roll_rate,50,5.0,542880,0.4172890235332741,0.27097668681504156,6.356646858286032,0.9956905906244864,3.3008478104739085,0.1264187407275112,480,0.9954658960675631,0.9958995173188779,0,False,196816,4182.476017642999,58.0,60.0,0.10406054071473299,mse,unseen_seastate
tcn,roll_rate,100,10.0,542880,0.9107538249248791,0.5905269493117835,3.3400320894805207,0.9256466177241476,3.3023390388764846,0.27579052732112386,480,0.9212013432112841,0.9297889747892947,0,False,196816,4182.476017642999,58.0,60.0,0.10406054071473299,mse,unseen_seastate
tcn,roll_rate,150,15.0,542880,1.62614661219793,1.062671659592088,4.761033745378059,0.8833413683603084,3.303717238675165,0.4922172494550522,480,0.8798546111616175,0.8868507475378336,0,False,196816,4182.476017642999,58.0,60.0,0.10406054071473299,mse,unseen_seastate
tcn,pitch_rate,10,1.0,542880,0.1091347965751583,0.07213297318033471,0.9751166377198593,0.9874739727138119,1.256288669542056,0.08687079587762282,480,0.9872116131779913,0.9877218074579562,0,False,196816,4182.476017642999,58.0,60.0,0.10406054071473299,mse,unseen_seastate
tcn,pitch_rate,20,2.0,542880,0.20301133048331502,0.13532949310479575,1.75173518675313,0.9865691453967218,1.2564720932103475,0.16157249459047768,480,0.986302433334508,0.9867962925342253,0,False,196816,4182.476017642999,58.0,60.0,0.10406054071473299,mse,unseen_seastate
tcn,pitch_rate,30,3.0,542880,0.2397265198990247,0.15865095185033729,2.2061010698625934,0.9881918638742081,1.2564709426767824,0.1907935247498139,480,0.9877522377777792,0.9885873917758277,0,False,196816,4182.476017642999,58.0,60.0,0.10406054071473299,mse,unseen_seastate
tcn,pitch_rate,50,5.0,542880,0.4852157287247064,0.3050293274345264,2.178290159899136,0.9503821111687436,1.2560499558821334,0.3863028906234352,480,0.9472621979725865,0.9534134235572426,0,False,196816,4182.476017642999,58.0,60.0,0.10406054071473299,mse,unseen_seastate
tcn,pitch_rate,100,10.0,542880,1.0926484759522979,0.7051112604743364,1.6285109886511375,0.5498268983355314,1.2558852337264772,0.870022551909603,480,0.5385872522606714,0.5621562654815991,0,False,196816,4182.476017642999,58.0,60.0,0.10406054071473299,mse,unseen_seastate
tcn,pitch_rate,150,15.0,542880,1.3848367810692028,0.9274939466034434,1.8234169111921585,0.42320003814546514,1.2565624407980214,1.1020835384747905,480,0.4152627231989755,0.43054652012738254,0,False,196816,4182.476017642999,58.0,60.0,0.10406054071473299,mse,unseen_seastate
tcn,heave_rate,10,1.0,542880,0.04504157432240545,0.03400575933869628,0.4398398830423327,0.9895133225615176,0.734348118721256,0.061335452728928874,480,0.9892292968555007,0.9897832564096851,0,False,196816,4182.476017642999,58.0,60.0,0.10406054071473299,mse,unseen_seastate
tcn,heave_rate,20,2.0,542880,0.07262892507100334,0.056014556363139775,0.8317851168879822,0.9923757532641085,0.7343764911329834,0.09889876098696009,480,0.9921665636685553,0.992576620691608,0,False,196816,4182.476017642999,58.0,60.0,0.10406054071473299,mse,unseen_seastate
tcn,heave_rate,30,3.0,542880,0.09968662612220994,0.07781686592659041,1.1362827111436415,0.9923033631170991,0.7344107746237766,0.1357368785517578,480,0.9921078770116464,0.9924896197704361,0,False,196816,4182.476017642999,58.0,60.0,0.10406054071473299,mse,unseen_seastate
tcn,heave_rate,50,5.0,542880,0.131818285792259,0.10310481390180458,1.4001961120139228,0.9911371462171161,0.734264962236321,0.17952413988376265,480,0.9909582214918579,0.9913051316030868,0,False,196816,4182.476017642999,58.0,60.0,0.10406054071473299,mse,unseen_seastate
tcn,heave_rate,100,10.0,542880,0.4115225585284554,0.3124676071173893,0.7683267045109754,0.7131231934009646,0.7341029397003275,0.560578818409916,480,0.6985629984733572,0.7273552084919126,0,False,196816,4182.476017642999,58.0,60.0,0.10406054071473299,mse,unseen_seastate
tcn,heave_rate,150,15.0,542880,0.7141014533624291,0.5554166210026811,1.1070364316158197,0.5839016370198885,0.7341299638155024,0.9727180316289246,480,0.5748127543931086,0.5931074390356504,0,False,196816,4182.476017642999,58.0,60.0,0.10406054071473299,mse,unseen_seastate
tcn,roll,10,1.0,542880,0.3618506133596388,0.22500294946563054,3.25942469682689,0.9876752896222183,6.257000679431415,0.057831320771491564,480,0.9868945592094183,0.9883583667304018,1,False,196816,4174.600842542015,56.0,60.0,0.10434672975327797,mse,unseen_seastate
tcn,roll,20,2.0,542880,0.4630533625873822,0.29729671638128863,6.285602666698202,0.9945728948536005,6.258149735730003,0.0739920555022271,480,0.9943792207502682,0.9947473699159272,1,False,196816,4174.600842542015,56.0,60.0,0.10434672975327797,mse,unseen_seastate
tcn,roll,30,3.0,542880,0.5724846477367771,0.36808885854269396,8.864531895835025,0.9958292315901276,6.258818948538503,0.09146847870882381,480,0.9957104762281037,0.9959479434569599,1,False,196816,4174.600842542015,56.0,60.0,0.10434672975327797,mse,unseen_seastate
tcn,roll,50,5.0,542880,0.6706414168337106,0.4324772926821279,12.020706403631479,0.9968874182883396,6.25953903317843,0.1071391061352926,480,0.996769892719089,0.9970030553870433,1,False,196816,4174.600842542015,56.0,60.0,0.10434672975327797,mse,unseen_seastate
tcn,roll,100,10.0,542880,1.3842715232551042,0.9097322164773858,6.564312783673568,0.955530316711437,6.263610691806128,0.22100216494393043,480,0.9532885936634075,0.9575899555502597,1,False,196816,4174.600842542015,56.0,60.0,0.10434672975327797,mse,unseen_seastate
tcn,roll,150,15.0,542880,2.544830807502623,1.6915658498518111,8.758534298487419,0.9155781320468721,6.26746488344986,0.40603830333738505,480,0.9131155752878714,0.9178294871920492,1,False,196816,4174.600842542015,56.0,60.0,0.10434672975327797,mse,unseen_seastate
tcn,pitch,10,1.0,542880,0.13629953213345758,0.0909594154786257,1.2228602601407708,0.987576754526774,1.7997766828726487,0.07573135791264281,480,0.9871253419417331,0.9880177844521113,1,False,196816,4174.600842542015,56.0,60.0,0.10434672975327797,mse,unseen_seastate
tcn,pitch,20,2.0,542880,0.20224637184877176,0.13528246046949627,2.2574679499954007,0.9919736463291543,1.7994950774677116,0.11239062244803538,480,0.9918139414669229,0.9921091590668001,1,False,196816,4174.600842542015,56.0,60.0,0.10434672975327797,mse,unseen_seastate
tcn,pitch,30,3.0,542880,0.26755857641783043,0.18032875517454952,2.9691366291153294,0.9918796006524341,1.7992884411802126,0.14870243719363302,480,0.9917491398645873,0.9920089485708214,1,False,196816,4174.600842542015,56.0,60.0,0.10434672975327797,mse,unseen_seastate
tcn,pitch,50,5.0,542880,0.4960991523228228,0.31203549367110406,3.3044138255161024,0.9774603011703714,1.799307264730753,0.27571675057792794,480,0.9753027306075441,0.9794903371460061,1,False,196816,4174.600842542015,56.0,60.0,0.10434672975327797,mse,unseen_seastate
tcn,pitch,100,10.0,542880,1.3300150288396757,0.8784883118413049,2.143658806541388,0.6150522620567956,1.7986835875269107,0.7394380190394532,480,0.5916615363222892,0.6370996709861233,1,False,196816,4174.600842542015,56.0,60.0,0.10434672975327797,mse,unseen_seastate
tcn,pitch,150,15.0,542880,1.903613686404409,1.306369433413828,2.6262925581694647,0.47462254665028936,1.799090637361259,1.0580977116286119,480,0.4634731747116202,0.48593101560641994,1,False,196816,4174.600842542015,56.0,60.0,0.10434672975327797,mse,unseen_seastate
tcn,heave,10,1.0,542880,0.08308610411210164,0.06249316418193182,0.7230439858176025,0.986795335999658,1.3052269451126672,0.06365644260043195,480,0.9862505749335936,0.9872784813669613,1,False,196816,4174.600842542015,56.0,60.0,0.10434672975327797,mse,unseen_seastate
tcn,heave,20,2.0,542880,0.12740287884767945,0.09541693058644811,1.3801185991770855,0.9914783112882425,1.3051890619407918,0.09761258545810501,480,0.9911916457590971,0.9917444633449719,1,False,196816,4174.600842542015,56.0,60.0,0.10434672975327797,mse,unseen_seastate
tcn,heave,30,3.0,542880,0.1655068628882567,0.1261480594900635,1.9144386984978832,0.9925260689891368,1.3051257868066772,0.12681295899701087,480,0.9922799223586863,0.9927466519387035,1,False,196816,4174.600842542015,56.0,60.0,0.10434672975327797,mse,unseen_seastate
tcn,heave,50,5.0,542880,0.288742933741498,0.22464513019156748,2.4740805367882084,0.9863794368535456,1.305196114559555,0.22122570740178443,480,0.9859877763664698,0.986733388395308,1,False,196816,4174.600842542015,56.0,60.0,0.10434672975327797,mse,unseen_seastate
tcn,heave,100,10.0,542880,0.7463758569426655,0.5747607643532472,1.4729533632755942,0.7432342026211683,1.3048466130537077,0.5720027545582054,480,0.7251513884617031,0.7594813873813254,1,False,196816,4174.600842542015,56.0,60.0,0.10434672975327797,mse,unseen_seastate
tcn,heave,150,15.0,542880,1.2247873982263473,0.9623117997379715,1.8518455911559912,0.5625666660559261,1.3047382588874747,0.9387226824104169,480,0.5480932228734451,0.5755171836005692,1,False,196816,4174.600842542015,56.0,60.0,0.10434672975327797,mse,unseen_seastate
tcn,roll_rate,10,1.0,542880,0.20834523980181896,0.1323588795460765,1.7507606275566403,0.9858383576552335,3.299047438683298,0.0631531506212511,480,0.9853104470572126,0.9863237735802064,1,False,196816,4174.600842542015,56.0,60.0,0.10434672975327797,mse,unseen_seastate
tcn,roll_rate,20,2.0,542880,0.29485866522480253,0.18694634486405268,3.368958975401052,0.992339866378274,3.2992335448738204,0.08937186810643907,480,0.992025526022212,0.9926251830593261,1,False,196816,4174.600842542015,56.0,60.0,0.10434672975327797,mse,unseen_seastate
tcn,roll_rate,30,3.0,542880,0.3551069246950372,0.22563702341247346,4.734841225141871,0.9943751953752014,3.2996776276077266,0.10761867211630927,480,0.9941833906136651,0.9945649853848141,1,False,196816,4174.600842542015,56.0,60.0,0.10434672975327797,mse,unseen_seastate
tcn,roll_rate,50,5.0,542880,0.4269509080252336,0.27475759604005984,6.356646858286032,0.9954887207276327,3.3008478104739085,0.12934583250717505,480,0.9952115963569602,0.9957459747993657,1,False,196816,4174.600842542015,56.0,60.0,0.10434672975327797,mse,unseen_seastate
tcn,roll_rate,100,10.0,542880,0.94412088270055,0.603397737195001,3.3400320894805207,0.9200986846422949,3.3023390388764846,0.28589459519024946,480,0.9152885799762909,0.9245908847199259,1,False,196816,4174.600842542015,56.0,60.0,0.10434672975327797,mse,unseen_seastate
tcn,roll_rate,150,15.0,542880,1.6760957729050348,1.081814976152467,4.761033745378059,0.8760646658005271,3.303717238675165,0.5073363280863503,480,0.8721345037859317,0.8798271484139463,1,False,196816,4174.600842542015,56.0,60.0,0.10434672975327797,mse,unseen_seastate
tcn,pitch_rate,10,1.0,542880,0.12246212789513805,0.08032172214580816,0.9751166377198593,0.9842278655792421,1.256288669542056,0.09747929028109288,480,0.9837294597165624,0.9846473502437243,1,False,196816,4174.600842542015,56.0,60.0,0.10434672975327797,mse,unseen_seastate
tcn,pitch_rate,20,2.0,542880,0.19888045990845496,0.13129392056170577,1.75173518675313,0.9871101660141692,1.2564720932103475,0.1582848206364104,480,0.9868877089050713,0.987295437681067,1,False,196816,4174.600842542015,56.0,60.0,0.10434672975327797,mse,unseen_seastate
tcn,pitch_rate,30,3.0,542880,0.24293572132436114,0.16085325088908273,2.2061010698625934,0.9878735984273314,1.2564709426767824,0.19334766374048534,480,0.9875159336476633,0.9882165736589836,1,False,196816,4174.600842542015,56.0,60.0,0.10434672975327797,mse,unseen_seastate
tcn,pitch_rate,50,5.0,542880,0.4823784388126004,0.3044642963258743,2.178290159899136,0.9509606939390041,1.2560499558821334,0.38404399168488673,480,0.9480598215684685,0.9538077687665164,1,False,196816,4174.600842542015,56.0,60.0,0.10434672975327797,mse,unseen_seastate
tcn,pitch_rate,100,10.0,542880,1.0984316331119068,0.7095434626277529,1.6285109886511375,0.5450489454371898,1.2558852337264772,0.8746273971648092,480,0.5337161097066937,0.5570149843812588,1,False,196816,4174.600842542015,56.0,60.0,0.10434672975327797,mse,unseen_seastate
tcn,pitch_rate,150,15.0,542880,1.3915270345471633,0.9314734969686779,1.8234169111921585,0.4176134456784685,1.2565624407980214,1.107407789193053,480,0.4095136219772542,0.4252158079878989,1,False,196816,4174.600842542015,56.0,60.0,0.10434672975327797,mse,unseen_seastate
tcn,heave_rate,10,1.0,542880,0.04572974794387338,0.034507843670234,0.4398398830423327,0.9891904304244455,0.734348118721256,0.0622725745161628,480,0.9888570186251524,0.9895013689820817,1,False,196816,4174.600842542015,56.0,60.0,0.10434672975327797,mse,unseen_seastate
tcn,heave_rate,20,2.0,542880,0.07441297009128188,0.057586528332483684,0.8317851168879822,0.9919965914342419,0.7343764911329834,0.10132809395420438,480,0.9917531007523381,0.9922198784274002,1,False,196816,4174.600842542015,56.0,60.0,0.10434672975327797,mse,unseen_seastate
tcn,heave_rate,30,3.0,542880,0.1025370790692815,0.08011386265421166,1.1362827111436415,0.9918569127934236,0.7344107746237766,0.13961815732048474,480,0.9916475074070045,0.9920503329070957,1,False,196816,4174.600842542015,56.0,60.0,0.10434672975327797,mse,unseen_seastate
tcn,heave_rate,50,5.0,542880,0.12985375773226032,0.10122638539102863,1.4001961120139228,0.9913993493205021,0.734264962236321,0.17684863695084946,480,0.9912224109919076,0.9915627206349457,1,False,196816,4174.600842542015,56.0,60.0,0.10434672975327797,mse,unseen_seastate
tcn,heave_rate,100,10.0,542880,0.4126247159646771,0.31349995030375627,0.7683267045109754,0.711584484005248,0.7341029397003275,0.5620801847396457,480,0.6973690078163713,0.7258477563407068,1,False,196816,4174.600842542015,56.0,60.0,0.10434672975327797,mse,unseen_seastate
tcn,heave_rate,150,15.0,542880,0.7197087753092561,0.5605571397130509,1.1070364316158197,0.5773413424638598,0.7341299638155024,0.9803560824144885,480,0.5675229134883195,0.5877535583056998,1,False,196816,4174.600842542015,56.0,60.0,0.10434672975327797,mse,unseen_seastate
tcn,roll,10,1.0,542880,0.2896743427609351,0.18876261325168117,3.25942469682689,0.9921016175911668,6.257000679431415,0.04629603824611673,480,0.9918248074663715,0.992363585631363,2,False,196816,4162.799938373006,58.0,60.0,0.10414902071763175,mse,unseen_seastate
tcn,roll,20,2.0,542880,0.4308759977105861,0.2827176081104995,6.285602666698202,0.9953009425431553,6.258149735730003,0.06885038164724021,480,0.9951366823765051,0.9954511429521544,2,False,196816,4162.799938373006,58.0,60.0,0.10414902071763175,mse,unseen_seastate
tcn,roll,30,3.0,542880,0.5721165034135982,0.36984398118888934,8.864531895835025,0.9958345940082283,6.258818948538503,0.09140965861413729,480,0.9957092140806392,0.9959508426998969,2,False,196816,4162.799938373006,58.0,60.0,0.10414902071763175,mse,unseen_seastate
tcn,roll,50,5.0,542880,0.7140259893476343,0.45539094597400825,12.020706403631479,0.9964716792453494,6.25953903317843,0.11407005940261236,480,0.9963674128242639,0.996572687684472,2,False,196816,4162.799938373006,58.0,60.0,0.10414902071763175,mse,unseen_seastate
tcn,roll,100,10.0,542880,1.3525945184306343,0.891309365887008,6.564312783673568,0.9575422756750723,6.263610691806128,0.21594485752444015,480,0.9552244128103167,0.9597171970632911,2,False,196816,4162.799938373006,58.0,60.0,0.10414902071763175,mse,unseen_seastate
tcn,roll,150,15.0,542880,2.5210265118382122,1.67025356741694,8.758534298487419,0.9171501062670006,6.26746488344986,0.40224022929834746,480,0.9144482934098117,0.9196999644441455,2,False,196816,4162.799938373006,58.0,60.0,0.10414902071763175,mse,unseen_seastate
tcn,pitch,10,1.0,542880,0.12478778304641462,0.08282247579774324,1.2228602601407708,0.9895866497768742,1.7997766828726487,0.06933514820696482,480,0.9892104335167411,0.9899403936652208,2,False,196816,4162.799938373006,58.0,60.0,0.10414902071763175,mse,unseen_seastate
tcn,pitch,20,2.0,542880,0.20462005425422422,0.13668194426982141,2.2574679499954007,0.9917841367014799,1.7994950774677116,0.11370970491465304,480,0.9916235460577336,0.9919326162861843,2,False,196816,4162.799938373006,58.0,60.0,0.10414902071763175,mse,unseen_seastate
tcn,pitch,30,3.0,542880,0.26724076347182807,0.17984663985840932,2.9691366291153294,0.9918988804327545,1.7992884411802126,0.14852580462115125,480,0.991743304593322,0.992051907142976,2,False,196816,4162.799938373006,58.0,60.0,0.10414902071763175,mse,unseen_seastate
tcn,pitch,50,5.0,542880,0.4949991165536001,0.3132944213366082,3.3044138255161024,0.9775601480882785,1.799307264730753,0.2751053843089281,480,0.9755161185265564,0.9794946561259189,2,False,196816,4162.799938373006,58.0,60.0,0.10414902071763175,mse,unseen_seastate
tcn,pitch,100,10.0,542880,1.3356569353375631,0.8787042010222735,2.143658806541388,0.6117794485116971,1.7986835875269107,0.7425747055233971,480,0.5862992833580261,0.6357500132962333,2,False,196816,4162.799938373006,58.0,60.0,0.10414902071763175,mse,unseen_seastate
tcn,pitch,150,15.0,542880,1.8796771053619201,1.2905120391871714,2.6262925581694647,0.48775196950517596,1.799090637361259,1.0447928894337741,480,0.47804243785872036,0.4979869400602565,2,False,196816,4162.799938373006,58.0,60.0,0.10414902071763175,mse,unseen_seastate
tcn,heave,10,1.0,542880,0.0877592944388102,0.0658848676136026,0.7230439858176025,0.9852681662279688,1.3052269451126672,0.06723680871546428,480,0.9848160541403436,0.9856836160138942,2,False,196816,4162.799938373006,58.0,60.0,0.10414902071763175,mse,unseen_seastate
tcn,heave,20,2.0,542880,0.12931852183905945,0.0961882583766259,1.3801185991770855,0.9912201186642261,1.3051890619407918,0.09908029848699867,480,0.9909465336195366,0.9914658415807086,2,False,196816,4162.799938373006,58.0,60.0,0.10414902071763175,mse,unseen_seastate
tcn,heave,30,3.0,542880,0.16607255966482243,0.12538530543283044,1.9144386984978832,0.9924748903956909,1.3051257868066772,0.1272464013381892,480,0.9922395008539935,0.9926890017858754,2,False,196816,4162.799938373006,58.0,60.0,0.10414902071763175,mse,unseen_seastate
tcn,heave,50,5.0,542880,0.2787371262143487,0.21628946510708086,2.4740805367882084,0.9873070674930814,1.305196114559555,0.21355957400195752,480,0.9869239478286141,0.9876598264601709,2,False,196816,4162.799938373006,58.0,60.0,0.10414902071763175,mse,unseen_seastate
tcn,heave,100,10.0,542880,0.7389246504050436,0.5697295648714185,1.4729533632755942,0.7483352920601707,1.3048466130537077,0.5662923465584605,480,0.7307181908113228,0.7642280846233328,2,False,196816,4162.799938373006,58.0,60.0,0.10414902071763175,mse,unseen_seastate
tcn,heave,150,15.0,542880,1.2266071708918558,0.9645408022648009,1.8518455911559912,0.5612658352504952,1.3047382588874747,0.9401174239634547,480,0.5469021620301704,0.5743402425828997,2,False,196816,4162.799938373006,58.0,60.0,0.10414902071763175,mse,unseen_seastate
tcn,roll_rate,10,1.0,542880,0.20819093346793857,0.13323361673543713,1.7507606275566403,0.9858593269069647,3.299047438683298,0.06310637762487915,480,0.9854289133590304,0.9862604923806555,2,False,196816,4162.799938373006,58.0,60.0,0.10414902071763175,mse,unseen_seastate
tcn,roll_rate,20,2.0,542880,0.2854884533424274,0.1805811632248612,3.368958975401052,0.9928189880317991,3.2992335448738204,0.08653175031698035,480,0.992628791899701,0.9930020137448573,2,False,196816,4162.799938373006,58.0,60.0,0.10414902071763175,mse,unseen_seastate
tcn,roll_rate,30,3.0,542880,0.34428146241202456,0.21797017672687308,4.734841225141871,0.9947129132343734,3.2996776276077266,0.10433790850702872,480,0.9945780647369429,0.9948478079643999,2,False,196816,4162.799938373006,58.0,60.0,0.10414902071763175,mse,unseen_seastate
tcn,roll_rate,50,5.0,542880,0.4237092762998399,0.27291583650271034,6.356646858286032,0.9955569645918113,3.3008478104739085,0.12836377216646266,480,0.9953168996623827,0.9957857562163166,2,False,196816,4162.799938373006,58.0,60.0,0.10414902071763175,mse,unseen_seastate
tcn,roll_rate,100,10.0,542880,0.9242792530371106,0.5976400023875348,3.3400320894805207,0.92342180408156,3.3023390388764846,0.27988623886164243,480,0.9189589521730266,0.9277935650888521,2,False,196816,4162.799938373006,58.0,60.0,0.10414902071763175,mse,unseen_seastate
tcn,roll_rate,150,15.0,542880,1.6685638559137403,1.0825024562392795,4.761033745378059,0.8771760262410928,3.303717238675165,0.5050564970817105,480,0.873403924463513,0.8810663812793731,2,False,196816,4162.799938373006,58.0,60.0,0.10414902071763175,mse,unseen_seastate
tcn,pitch_rate,10,1.0,542880,0.10483107246685959,0.06875677804423405,0.9751166377198593,0.9884424195659149,1.256288669542056,0.08344505129149397,480,0.9882128086366436,0.9886585567497116,2,False,196816,4162.799938373006,58.0,60.0,0.10414902071763175,mse,unseen_seastate
tcn,pitch_rate,20,2.0,542880,0.1951811598754789,0.12817562054748302,1.75173518675313,0.9875852241795561,1.2564720932103475,0.1553406246984615,480,0.9873807907279605,0.9877748343096021,2,False,196816,4162.799938373006,58.0,60.0,0.10414902071763175,mse,unseen_seastate
tcn,pitch_rate,30,3.0,542880,0.23816291044846216,0.15656561030344154,2.2061010698625934,0.9883453979932382,1.2564709426767824,0.18954907937710086,480,0.9879469064832509,0.9887224640026313,2,False,196816,4162.799938373006,58.0,60.0,0.10414902071763175,mse,unseen_seastate
tcn,pitch_rate,50,5.0,542880,0.47859809615030346,0.2996221306069207,2.178290159899136,0.951726312566801,1.2560499558821334,0.381034284431928,480,0.9485893260470217,0.9547945656928835,2,False,196816,4162.799938373006,58.0,60.0,0.10414902071763175,mse,unseen_seastate
tcn,pitch_rate,100,10.0,542880,1.0981226165838638,0.7117425116521457,1.6285109886511375,0.5453048878475918,1.2558852337264772,0.8743813424141486,480,0.5346016743665162,0.556795110184314,2,False,196816,4162.799938373006,58.0,60.0,0.10414902071763175,mse,unseen_seastate
tcn,pitch_rate,150,15.0,542880,1.4015761141123193,0.9398888419161819,1.8234169111921585,0.4091715243112547,1.2565624407980214,1.115405067512763,480,0.40069671951422,0.41692489063558563,2,False,196816,4162.799938373006,58.0,60.0,0.10414902071763175,mse,unseen_seastate
tcn,heave_rate,10,1.0,542880,0.044794200987798655,0.03425343488175839,0.4398398830423327,0.9896281942460038,0.734348118721256,0.06099859160230469,480,0.9893048260819997,0.9899339952455247,2,False,196816,4162.799938373006,58.0,60.0,0.10414902071763175,mse,unseen_seastate
tcn,heave_rate,20,2.0,542880,0.07116142342948861,0.05466466341157155,0.8317851168879822,0.9926807435741639,0.7343764911329834,0.09690046493686365,480,0.9924934707878146,0.9928766841755419,2,False,196816,4162.799938373006,58.0,60.0,0.10414902071763175,mse,unseen_seastate
tcn,heave_rate,30,3.0,542880,0.09841675463578431,0.07618997975971484,1.1362827111436415,0.992498203449211,0.7344107746237766,0.134007776078995,480,0.9923431560511675,0.9926462276779178,2,False,196816,4162.799938373006,58.0,60.0,0.10414902071763175,mse,unseen_seastate
tcn,heave_rate,50,5.0,542880,0.1362855860746399,0.10653038898144121,1.4001961120139228,0.9905262456940579,0.734264962236321,0.18560818380814526,480,0.9903857080622366,0.9906608948672153,2,False,196816,4162.799938373006,58.0,60.0,0.10414902071763175,mse,unseen_seastate
tcn,heave_rate,100,10.0,542880,0.41687237875100586,0.3173267318673856,0.7683267045109754,0.7056158761698403,0.7341029397003275,0.5678663797766289,480,0.6907823297756229,0.7199002370104484,2,False,196816,4162.799938373006,58.0,60.0,0.10414902071763175,mse,unseen_seastate
tcn,heave_rate,150,15.0,542880,0.7239042562131927,0.5645413625003601,1.1070364316158197,0.572399274475186,0.7341299638155024,0.9860709845581516,480,0.5627866807954801,0.5824777458061917,2,False,196816,4162.799938373006,58.0,60.0,0.10414902071763175,mse,unseen_seastate
