model,regime,dof,horizon_samples,horizon_s,n_seeds,deterministic,n_windows,rmse_mean,rmse_std,mae_mean,mae_std,rmse_persistence,skill_mean,skill_std,skill_ci_lo,skill_ci_hi,n_params,fit_time_s_mean
ar10,id,heave,10,1.0,1,True,434304,0.002676685378200146,,0.0018734163702948633,,0.44174333995484594,0.999963284061639,,0.9999587683924072,0.9999671590347755,54900,0.018464961998688523
ar10,id,heave,20,2.0,1,True,434304,0.022389886164820353,,0.015623646985183176,,0.8382135080550518,0.9992864992065709,,0.9991992346837778,0.9993624538381386,54900,0.018464961998688523
ar10,id,heave,30,3.0,1,True,434304,0.07608898186857198,,0.05297033006347123,,1.1513183823181896,0.9956323013325049,,0.9951080704986369,0.9960885829982777,54900,0.018464961998688523
ar10,id,heave,50,5.0,1,True,434304,0.25892802443013196,,0.17699156186065224,,1.4421558821616272,0.9677645524543634,,0.9646241279827062,0.9708248560695976,54900,0.018464961998688523
ar10,id,heave,100,10.0,1,True,434304,0.4960926247024427,,0.3367042872926422,,0.8335183990732865,0.6457619901480781,,0.6117126057352389,0.6753798993677383,54900,0.018464961998688523
ar10,id,heave,150,15.0,1,True,434304,0.6506137257702622,,0.4415893124846968,,1.106452908012778,0.6542353634320726,,0.6284351564986158,0.677182225428084,54900,0.018464961998688523
ar10,id,heave_rate,10,1.0,1,True,434304,0.007901265045487568,,0.005522148920541593,,0.2852226587419099,0.9992325939604145,,0.9991471271408976,0.9993059124628353,54900,0.018464961998688523
ar10,id,heave_rate,20,2.0,1,True,434304,0.0350906669328125,,0.024445588259483623,,0.5351982235990471,0.9957011338960773,,0.9952150250499805,0.9961155806815105,54900,0.018464961998688523
ar10,id,heave_rate,30,3.0,1,True,434304,0.07479988634063454,,0.05174456991748781,,0.7216245802205107,0.9892556724387489,,0.9880859541229103,0.9902442100695552,54900,0.018464961998688523
ar10,id,heave_rate,50,5.0,1,True,434304,0.12477620182469899,,0.08349132416799084,,0.8524864976952896,0.9785765946487438,,0.9765562614928718,0.9804037474576909,54900,0.018464961998688523
ar10,id,heave_rate,100,10.0,1,True,434304,0.30818231862779516,,0.2102103987580772,,0.47861232963563727,0.5853824588077032,,0.56961239009483,0.6016011025489573,54900,0.018464961998688523
ar10,id,heave_rate,150,15.0,1,True,434304,0.4115819565864216,,0.27915720472993705,,0.6814233587032514,0.6351800149495794,,0.6119585026897035,0.6565431944662915,54900,0.018464961998688523
ar10,id,pitch,10,1.0,1,True,434304,0.011178963014007252,,0.00724583682944284,,0.8963189522817477,0.9998444471833036,,0.9998214205392233,0.9998646831867257,54900,0.018464961998688523
ar10,id,pitch,20,2.0,1,True,434304,0.10929960238700816,,0.07253866277572349,,1.6396866224861668,0.9955565995239899,,0.9949433411706906,0.9960877831009681,54900,0.018464961998688523
ar10,id,pitch,30,3.0,1,True,434304,0.3387243803939838,,0.23077994304538818,,2.1223575061775537,0.9745284231817983,,0.9715699719673416,0.9771655422776951,54900,0.018464961998688523
ar10,id,pitch,50,5.0,1,True,434304,0.6481806630440202,,0.4450582551087447,,2.2343246831224586,0.9158411921520213,,0.907103570414704,0.923191807544571,54900,0.018464961998688523
ar10,id,pitch,100,10.0,1,True,434304,1.063456892535823,,0.7064846554539467,,1.5591545468409598,0.5347767085021986,,0.5208802311394212,0.5481918520034814,54900,0.018464961998688523
ar10,id,pitch,150,15.0,1,True,434304,1.2288731778902364,,0.7970266161938538,,1.785131912400982,0.5261144101737325,,0.5050418156945087,0.5443248992289436,54900,0.018464961998688523
ar10,id,pitch_rate,10,1.0,1,True,434304,0.03686332623016522,,0.02397709129056932,,0.7528444431836472,0.9976023900019416,,0.997315523427599,0.997862160954745,54900,0.018464961998688523
ar10,id,pitch_rate,20,2.0,1,True,434304,0.17380082258765392,,0.11682066324589961,,1.3414123591158549,0.9832127697016426,,0.9814606773359801,0.984844318108677,54900,0.018464961998688523
ar10,id,pitch_rate,30,3.0,1,True,434304,0.28372527110068957,,0.19557497444851796,,1.664055642972382,0.9709289745789921,,0.9678322262252838,0.9736126734973628,54900,0.018464961998688523
ar10,id,pitch_rate,50,5.0,1,True,434304,0.4689901095204131,,0.29769312966759476,,1.549273352583568,0.9083629149717198,,0.8966620745203565,0.9182026281239295,54900,0.018464961998688523
ar10,id,pitch_rate,100,10.0,1,True,434304,0.8400796447379567,,0.5559145412630133,,1.2730898977022085,0.5645655560964673,,0.5489902519391843,0.5789437595825309,54900,0.018464961998688523
ar10,id,pitch_rate,150,15.0,1,True,434304,0.9134537830716548,,0.5850436656775352,,1.3079980284130317,0.5122930114617751,,0.49689006730784524,0.5260086683444777,54900,0.018464961998688523
ar10,id,roll,10,1.0,1,True,434304,0.009120446806217389,,0.006421642153421799,,1.9446628367671026,0.999978004005625,,0.9999735132191684,0.9999813118805728,54900,0.018464961998688523
ar10,id,roll,20,2.0,1,True,434304,0.06959797996178631,,0.04937849330697695,,3.7444545258092843,0.9996545253799077,,0.9995871660099223,0.9997034387310852,54900,0.018464961998688523
ar10,id,roll,30,3.0,1,True,434304,0.21962443932914677,,0.15672920666733278,,5.26736094690192,0.998261498088042,,0.9979384957704354,0.9984906863213233,54900,0.018464961998688523
ar10,id,roll,50,5.0,1,True,434304,0.6694722210982388,,0.46983961779534794,,7.0875605548865055,0.9910778081482068,,0.9895240618410605,0.9921539167591052,54900,0.018464961998688523
ar10,id,roll,100,10.0,1,True,434304,1.113499779914776,,0.7777470035063709,,3.793711335438843,0.9138507091940516,,0.9003035321814109,0.9236595511718566,54900,0.018464961998688523
ar10,id,roll,150,15.0,1,True,434304,1.7003399260205736,,1.133545574640254,,5.251935256462554,0.8951827459541299,,0.8837052318071567,0.9045707096570518,54900,0.018464961998688523
ar10,id,roll_rate,10,1.0,1,True,434304,0.026002950391092912,,0.0183268133327642,,1.067513758350997,0.9994066672879666,,0.999291680405163,0.99948988595225,54900,0.018464961998688523
ar10,id,roll_rate,20,2.0,1,True,434304,0.10374370091753735,,0.07385440316740163,,2.0483978110523133,0.9974349557152771,,0.9969800870161944,0.9977620870558616,54900,0.018464961998688523
ar10,id,roll_rate,30,3.0,1,True,434304,0.20221700665111197,,0.14416063845274266,,2.8659956780901075,0.9950216629955019,,0.9942017913932811,0.9956031817064289,54900,0.018464961998688523
ar10,id,roll_rate,50,5.0,1,True,434304,0.29618921354868905,,0.20554661080342818,,3.798345550151574,0.9939193566144712,,0.9929653724683545,0.9946298830014353,54900,0.018464961998688523
ar10,id,roll_rate,100,10.0,1,True,434304,0.7201442330975312,,0.49661600024689057,,1.958738621708589,0.8648282298724315,,0.8469435797919385,0.8780520554618102,54900,0.018464961998688523
ar10,id,roll_rate,150,15.0,1,True,434304,1.0539233484811292,,0.7089535383939526,,2.8980935747304644,0.8677507420788315,,0.8545176033125056,0.8786391472434527,54900,0.018464961998688523
ar20,id,heave,10,1.0,1,True,434304,0.0018378880207567383,,0.0012658628951182677,,0.44174333995484594,0.9999826899599316,,0.9999804528396928,0.9999846634077261,108900,0.05440116099634906
ar20,id,heave,20,2.0,1,True,434304,0.01607666300275213,,0.01105070658313395,,0.8382135080550518,0.9996321400514426,,0.9995844738463143,0.9996746755039145,108900,0.05440116099634906
ar20,id,heave,30,3.0,1,True,434304,0.05883616680202815,,0.04024912673122466,,1.1513183823181896,0.9973884528964564,,0.9970546263908479,0.9976840975932154,108900,0.05440116099634906
ar20,id,heave,50,5.0,1,True,434304,0.2255723271089181,,0.15117201310441492,,1.4421558821616272,0.9755348868572539,,0.9727683199445769,0.9781477671322965,108900,0.05440116099634906
ar20,id,heave,100,10.0,1,True,434304,0.474793110891473,,0.32132511031320693,,0.8335183990732865,0.6755270958301378,,0.6410207859022229,0.7038167241318339,108900,0.05440116099634906
ar20,id,heave,150,15.0,1,True,434304,0.6304450933278566,,0.43049234123664915,,1.106452908012778,0.6753400862595789,,0.6510470292380238,0.6967159488841761,108900,0.05440116099634906
ar20,id,heave_rate,10,1.0,1,True,434304,0.005411377990230496,,0.003725879719420575,,0.2852226587419099,0.999640045428139,,0.9995994431062805,0.9996769251676617,108900,0.05440116099634906
ar20,id,heave_rate,20,2.0,1,True,434304,0.02626501582972955,,0.01800595997832743,,0.5351982235990471,0.9975916144811264,,0.9973202519172707,0.9978499742106837,108900,0.05440116099634906
ar20,id,heave_rate,30,3.0,1,True,434304,0.06180740959049883,,0.041897134715641465,,0.7216245802205107,0.9926640147613336,,0.9918440148803008,0.9934432739845059,108900,0.05440116099634906
ar20,id,heave_rate,50,5.0,1,True,434304,0.11041873631896172,,0.07329569092192073,,0.8524864976952896,0.9832231459249485,,0.9815711363838271,0.9846727069474985,108900,0.05440116099634906
ar20,id,heave_rate,100,10.0,1,True,434304,0.2889501155298725,,0.19619307395846988,,0.47861232963563727,0.6355164099055526,,0.6188771424790093,0.6521421470956466,108900,0.05440116099634906
ar20,id,heave_rate,150,15.0,1,True,434304,0.40270181422196144,,0.2730999987182054,,0.6814233587032514,0.6507526345093259,,0.6273185869595926,0.6724885303690367,108900,0.05440116099634906
ar20,id,pitch,10,1.0,1,True,434304,0.008379119653901066,,0.0054091542445586435,,0.8963189522817477,0.9999126080106762,,0.9998988049976608,0.9999243996548521,108900,0.05440116099634906
ar20,id,pitch,20,2.0,1,True,434304,0.08190805713656583,,0.054553328143286846,,1.6396866224861668,0.9975046495779137,,0.9971633995619581,0.9977998101694243,108900,0.05440116099634906
ar20,id,pitch,30,3.0,1,True,434304,0.267049273336008,,0.1827618422032414,,2.1223575061775537,0.9841676377593345,,0.9823242194554686,0.9858134347716689,108900,0.05440116099634906
ar20,id,pitch,50,5.0,1,True,434304,0.600977965966777,,0.41250158392342356,,2.2343246831224586,0.9276523327660952,,0.9204887270446489,0.9338079731275741,108900,0.05440116099634906
ar20,id,pitch,100,10.0,1,True,434304,1.052178406720438,,0.6967854700580998,,1.5591545468409598,0.544592227572446,,0.5313784983378503,0.5574121991390497,108900,0.05440116099634906
ar20,id,pitch,150,15.0,1,True,434304,1.2233875993081706,,0.793016963582708,,1.785131912400982,0.5303357320163543,,0.5092764580512947,0.5484360111177092,108900,0.05440116099634906
ar20,id,pitch_rate,10,1.0,1,True,434304,0.027161750254103754,,0.01765395838902359,,0.7528444431836472,0.9986983176834632,,0.9985427452167528,0.9988440758588981,108900,0.05440116099634906
ar20,id,pitch_rate,20,2.0,1,True,434304,0.13376550320587327,,0.09029938329547986,,1.3414123591158549,0.9900559420054782,,0.9890394795228851,0.9910029384453958,108900,0.05440116099634906
ar20,id,pitch_rate,30,3.0,1,True,434304,0.24512101586457816,,0.16857197867148932,,1.664055642972382,0.9783017150998154,,0.9760614959352741,0.9802281236055812,108900,0.05440116099634906
ar20,id,pitch_rate,50,5.0,1,True,434304,0.42834731968970896,,0.2773281543335446,,1.549273352583568,0.9235573022777732,,0.9141679816333433,0.9316726020633076,108900,0.05440116099634906
ar20,id,pitch_rate,100,10.0,1,True,434304,0.8200528363796824,,0.5488349571907382,,1.2730898977022085,0.5850788945182084,,0.5704945354912058,0.5987506864678671,108900,0.05440116099634906
ar20,id,pitch_rate,150,15.0,1,True,434304,0.909209941405751,,0.5860416870449017,,1.3079980284130317,0.5168141888175433,,0.501812127433537,0.5304572596290068,108900,0.05440116099634906
ar20,id,roll,10,1.0,1,True,434304,0.007407291537019038,,0.005034348942786689,,1.9446628367671026,0.9999854912416798,,0.9999815710480318,0.9999882270546664,108900,0.05440116099634906
ar20,id,roll,20,2.0,1,True,434304,0.057778911415372065,,0.04014600719207991,,3.7444545258092843,0.9997618987973158,,0.999702145253707,0.999802704376318,108900,0.05440116099634906
ar20,id,roll,30,3.0,1,True,434304,0.19053478560360976,,0.13505666060924787,,5.26736094690192,0.9986915341501795,,0.9983923950103223,0.9988911485726335,108900,0.05440116099634906
ar20,id,roll,50,5.0,1,True,434304,0.6168259034773231,,0.43650712951428955,,7.0875605548865055,0.9924258894070032,,0.9909890590813978,0.9933893160392178,108900,0.05440116099634906
ar20,id,roll,100,10.0,1,True,434304,1.0290851586848349,,0.7310633910344811,,3.793711335438843,0.9264175802617908,,0.9135720981845766,0.9351693663210222,108900,0.05440116099634906
ar20,id,roll,150,15.0,1,True,434304,1.587596335057688,,1.095714028499779,,5.251935256462554,0.9086220421539419,,0.8976445887107848,0.9169949542683008,108900,0.05440116099634906
ar20,id,roll_rate,10,1.0,1,True,434304,0.020934869065559105,,0.014309206226670238,,1.067513758350997,0.9996154139421745,,0.9995190955304032,0.9996837493175731,108900,0.05440116099634906
ar20,id,roll_rate,20,2.0,1,True,434304,0.0883289724718105,,0.062134898972125666,,2.0483978110523133,0.9981405789185513,,0.9977303950813883,0.9984300648745782,108900,0.05440116099634906
ar20,id,roll_rate,30,3.0,1,True,434304,0.18159102356685514,,0.13000060900472807,,2.8659956780901075,0.9959854424234351,,0.9952006309086154,0.9965180608415032,108900,0.05440116099634906
ar20,id,roll_rate,50,5.0,1,True,434304,0.26862733795957366,,0.18614094068115358,,3.798345550151574,0.9949983710120771,,0.9942266443695631,0.995581300287256,108900,0.05440116099634906
ar20,id,roll_rate,100,10.0,1,True,434304,0.6690683619428439,,0.4612852864585659,,1.958738621708589,0.8833222583272771,,0.8680907593338126,0.8951643322726396,108900,0.05440116099634906
ar20,id,roll_rate,150,15.0,1,True,434304,1.0068549256804218,,0.6805717446776743,,2.8980935747304644,0.8792995219921707,,0.8668886275834371,0.8895550462872128,108900,0.05440116099634906
ar40,id,heave,10,1.0,1,True,434304,0.0013307321652662391,,0.00092468633514708,,0.44174333995484594,0.9999909251117074,,0.9999897462041414,0.9999918503157808,216900,0.19142483600444393
ar40,id,heave,20,2.0,1,True,434304,0.011533761054405525,,0.008039288256133191,,0.8382135080550518,0.9998106642653772,,0.9997868184677453,0.9998295131049222,216900,0.19142483600444393
ar40,id,heave,30,3.0,1,True,434304,0.04409069422415154,,0.030597740700021046,,1.1513183823181896,0.9985334293261766,,0.9983578919684066,0.9986811646968102,216900,0.19142483600444393
ar40,id,heave,50,5.0,1,True,434304,0.18713885227971533,,0.1260586141271648,,1.4421558821616272,0.9831614957095208,,0.9812562744846148,0.9848579173293388,216900,0.19142483600444393
ar40,id,heave,100,10.0,1,True,434304,0.4487330088591034,,0.3050591585299466,,0.8335183990732865,0.7101684541637605,,0.6789571462334464,0.7352909941966029,216900,0.19142483600444393
ar40,id,heave,150,15.0,1,True,434304,0.6177172011429137,,0.4219377961722832,,1.106452908012778,0.688316708962653,,0.6640432597920276,0.7090331222217281,216900,0.19142483600444393
ar40,id,heave_rate,10,1.0,1,True,434304,0.003825770702765254,,0.0026630718928612215,,0.2852226587419099,0.9998200839837197,,0.999801745033754,0.9998362635644825,216900,0.19142483600444393
ar40,id,heave_rate,20,2.0,1,True,434304,0.019257409272729016,,0.013399083503051043,,0.5351982235990471,0.9987053082090437,,0.9985768463254572,0.998823470508102,216900,0.19142483600444393
ar40,id,heave_rate,30,3.0,1,True,434304,0.048837701451833665,,0.03348472407204859,,0.7216245802205107,0.995419764636221,,0.9949687281252577,0.995834770940464,216900,0.19142483600444393
ar40,id,heave_rate,50,5.0,1,True,434304,0.10016883881471313,,0.06652297149978127,,0.8524864976952896,0.9861932881661295,,0.9847297721226782,0.9875102915114163,216900,0.19142483600444393
ar40,id,heave_rate,100,10.0,1,True,434304,0.2732464493650378,,0.18624224749454135,,0.47861232963563727,0.6740572766440969,,0.6583485491612188,0.6900394684826618,216900,0.19142483600444393
ar40,id,heave_rate,150,15.0,1,True,434304,0.3928849228093473,,0.2671773170338072,,0.6814233587032514,0.6675726924741634,,0.643200876074507,0.6893247653187541,216900,0.19142483600444393
ar40,id,pitch,10,1.0,1,True,434304,0.006919118190659399,,0.004493873840438121,,0.8963189522817477,0.9999404095946844,,0.9999315941653566,0.9999478599325176,216900,0.19142483600444393
ar40,id,pitch,20,2.0,1,True,434304,0.06842668353029888,,0.04618794382944359,,1.6396866224861668,0.9982584767542435,,0.998055495400956,0.9984406048623025,216900,0.19142483600444393
ar40,id,pitch,30,3.0,1,True,434304,0.23217480609595476,,0.16176652130751923,,2.1223575061775537,0.9880327848275617,,0.9868181991398268,0.9890611911561211,216900,0.19142483600444393
ar40,id,pitch,50,5.0,1,True,434304,0.5522760316376435,,0.3894936164017967,,2.2343246831224586,0.9389030086341367,,0.9332927033363461,0.943502390084516,216900,0.19142483600444393
ar40,id,pitch,100,10.0,1,True,434304,1.0146505391089782,,0.6806786057116977,,1.5591545468409598,0.5764987955520691,,0.5654533445318696,0.5878197633238221,216900,0.19142483600444393
ar40,id,pitch,150,15.0,1,True,434304,1.2131380470011983,,0.7916509583828891,,1.785131912400982,0.538172468715655,,0.5175950565886286,0.5566720968355328,216900,0.19142483600444393
ar40,id,pitch_rate,10,1.0,1,True,434304,0.022192416372295454,,0.014557028061119026,,0.7528444431836472,0.9991310422005445,,0.9990364696647597,0.9992180551267686,216900,0.19142483600444393
ar40,id,pitch_rate,20,2.0,1,True,434304,0.11421743804335026,,0.07832116929541774,,1.3414123591158549,0.9927499630132018,,0.9921180215764648,0.9933248641829879,216900,0.19142483600444393
ar40,id,pitch_rate,30,3.0,1,True,434304,0.2206727396556255,,0.15539594853053176,,1.664055642972382,0.9824142179984857,,0.9808929185594257,0.9837669050151869,216900,0.19142483600444393
ar40,id,pitch_rate,50,5.0,1,True,434304,0.3981352479682078,,0.2560269293750061,,1.549273352583568,0.9339602903990931,,0.9257327195467167,0.9408081534887079,216900,0.19142483600444393
ar40,id,pitch_rate,100,10.0,1,True,434304,0.8036029342174786,,0.5371698318775319,,1.2730898977022085,0.6015582087792997,,0.5877027847906046,0.6146248948478864,216900,0.19142483600444393
ar40,id,pitch_rate,150,15.0,1,True,434304,0.9049963332238543,,0.5818818881049908,,1.3079980284130317,0.521282327399921,,0.5054491842882219,0.535276530620509,216900,0.19142483600444393
ar40,id,roll,10,1.0,1,True,434304,0.005767045108185407,,0.003900599124952897,,1.9446628367671026,0.9999912053599905,,0.9999888377062167,0.9999928602145278,216900,0.19142483600444393
ar40,id,roll,20,2.0,1,True,434304,0.0457040386782105,,0.03155560591188584,,3.7444545258092843,0.9998510186052567,,0.9998142618753848,0.9998770026379773,216900,0.19142483600444393
ar40,id,roll,30,3.0,1,True,434304,0.15739323312374506,,0.11080298215066983,,5.26736094690192,0.9991071346810448,,0.998913753916145,0.9992457990110339,216900,0.19142483600444393
ar40,id,roll,50,5.0,1,True,434304,0.5488369715516744,,0.3888660322461449,,7.0875605548865055,0.9940035646793668,,0.992924026318676,0.9947287836975306,216900,0.19142483600444393
ar40,id,roll,100,10.0,1,True,434304,0.9864452654572515,,0.6977960280868372,,3.793711335438843,0.9323889904151378,,0.9210094015389516,0.9404610066203654,216900,0.19142483600444393
ar40,id,roll,150,15.0,1,True,434304,1.5426954940287665,,1.0585575522742394,,5.251935256462554,0.9137177037188163,,0.9033403674543794,0.9219294303644414,216900,0.19142483600444393
ar40,id,roll_rate,10,1.0,1,True,434304,0.016162966392176622,,0.01098905565916758,,1.067513758350997,0.9997707574779541,,0.999714753663955,0.9998109532044479,216900,0.19142483600444393
ar40,id,roll_rate,20,2.0,1,True,434304,0.07187037547848543,,0.0501690726172705,,2.0483978110523133,0.998768962673559,,0.9985035943237622,0.998960840318022,216900,0.19142483600444393
ar40,id,roll_rate,30,3.0,1,True,434304,0.15738059240475546,,0.11196031892572428,,2.8659956780901075,0.9969845558500948,,0.9964213933511555,0.9973833976969834,216900,0.19142483600444393
ar40,id,roll_rate,50,5.0,1,True,434304,0.25901913026806583,,0.18044353235308522,,3.798345550151574,0.9953497667377543,,0.9946360260594146,0.9958639704649138,216900,0.19142483600444393
ar40,id,roll_rate,100,10.0,1,True,434304,0.6481561448660396,,0.44806944001016163,,1.958738621708589,0.8905019684004447,,0.8768172252338484,0.9012345522935238,216900,0.19142483600444393
ar40,id,roll_rate,150,15.0,1,True,434304,0.980012541445952,,0.6617804505163526,,2.8980935747304644,0.8856493970407177,,0.874510005014883,0.894659798876644,216900,0.19142483600444393
ar_attitude_only,id,heave,10,1.0,1,True,434304,0.005749726689388351,,0.003894160205044353,,0.44174333995484594,0.9998305840164613,,0.9998075570379198,0.9998510344121647,108900,0.052615476997743826
ar_attitude_only,id,heave,20,2.0,1,True,434304,0.029929941458136645,,0.02031224295626449,,0.8382135080550518,0.9987250227835954,,0.9985593210141386,0.9988721910337918,108900,0.052615476997743826
ar_attitude_only,id,heave,30,3.0,1,True,434304,0.08392480721580388,,0.05683037562644298,,1.1513183823181896,0.9946863881474076,,0.9940499553918104,0.9952393825584019,108900,0.052615476997743826
ar_attitude_only,id,heave,50,5.0,1,True,434304,0.24227390368807933,,0.16077488743011567,,1.4421558821616272,0.9717779301307914,,0.9688720503601244,0.9745088480875156,108900,0.052615476997743826
ar_attitude_only,id,heave,100,10.0,1,True,434304,0.49981518524567287,,0.335358770053967,,0.8335183990732865,0.6404258094674653,,0.6076182832533598,0.6675350930890743,108900,0.052615476997743826
ar_attitude_only,id,heave,150,15.0,1,True,434304,0.656327399669679,,0.4445116427527497,,1.106452908012778,0.6481357037524604,,0.6240252532495425,0.6698032341746455,108900,0.052615476997743826
ar_attitude_only,id,heave_rate,10,1.0,1,True,434304,0.030685030299045492,,0.02031659837070667,,0.2852226587419099,0.9884259577041419,,0.9874307010257316,0.9894122235061432,108900,0.052615476997743826
ar_attitude_only,id,heave_rate,20,2.0,1,True,434304,0.048291283064141835,,0.032014845783317536,,0.5351982235990471,0.9918584299793014,,0.9910090484256769,0.9926938077271189,108900,0.052615476997743826
ar_attitude_only,id,heave_rate,30,3.0,1,True,434304,0.07742305640540087,,0.05099532207750155,,0.7216245802205107,0.9884888692235025,,0.9872122579277806,0.9896904006980756,108900,0.052615476997743826
ar_attitude_only,id,heave_rate,50,5.0,1,True,434304,0.11227032825945947,,0.07590355580963096,,0.8524864976952896,0.9826557722850807,,0.9808655137081876,0.9841692552764207,108900,0.052615476997743826
ar_attitude_only,id,heave_rate,100,10.0,1,True,434304,0.29137486050721667,,0.2008378937472227,,0.47861232963563727,0.6293735647822993,,0.6116692083381303,0.6456553132049692,108900,0.052615476997743826
ar_attitude_only,id,heave_rate,150,15.0,1,True,434304,0.3980216486942635,,0.27120312309194683,,0.6814233587032514,0.6588233071931073,,0.6347940330052343,0.6807826716287187,108900,0.052615476997743826
ar_attitude_only,id,pitch,10,1.0,1,True,434304,0.02589539654144299,,0.01691879338543151,,0.8963189522817477,0.999165320066633,,0.9990469891568048,0.9992678658606404,108900,0.052615476997743826
ar_attitude_only,id,pitch,20,2.0,1,True,434304,0.1497336796501994,,0.10118487088135274,,1.6396866224861668,0.9916609363679577,,0.9907003673414996,0.9925070000354125,108900,0.052615476997743826
ar_attitude_only,id,pitch,30,3.0,1,True,434304,0.36314791835402543,,0.2517700968981147,,2.1223575061775537,0.9707227666094607,,0.9679345864049551,0.9731565390102987,108900,0.052615476997743826
ar_attitude_only,id,pitch,50,5.0,1,True,434304,0.6124162054926787,,0.42058187333980473,,2.2343246831224586,0.9248721808698693,,0.918808465827707,0.9300658046037935,108900,0.052615476997743826
ar_attitude_only,id,pitch,100,10.0,1,True,434304,1.05533639726118,,0.6923315676074452,,1.5591545468409598,0.5418544186931379,,0.530556020491669,0.5535106009396562,108900,0.052615476997743826
ar_attitude_only,id,pitch,150,15.0,1,True,434304,1.224889693974932,,0.7894628683477338,,1.785131912400982,0.5291817015318514,,0.5092122906157698,0.5470118797441684,108900,0.052615476997743826
ar_attitude_only,id,pitch_rate,10,1.0,1,True,434304,0.08678176454510052,,0.05812706773980288,,0.7528444431836472,0.9867124027971977,,0.9859966925915792,0.987413894909164,108900,0.052615476997743826
ar_attitude_only,id,pitch_rate,20,2.0,1,True,434304,0.20218152826929098,,0.13847236504518548,,1.3414123591158549,0.9772826147398621,,0.9755790507947408,0.9787989989239674,108900,0.052615476997743826
ar_attitude_only,id,pitch_rate,30,3.0,1,True,434304,0.27204383607836735,,0.18744032741114955,,1.664055642972382,0.9732734998146545,,0.9711346994526366,0.9750743070298536,108900,0.052615476997743826
ar_attitude_only,id,pitch_rate,50,5.0,1,True,434304,0.49745368051929933,,0.33403281514831146,,1.549273352583568,0.8969022482658927,,0.8862372619122808,0.9058776081449335,108900,0.052615476997743826
ar_attitude_only,id,pitch_rate,100,10.0,1,True,434304,0.8375001489332002,,0.5591281314309018,,1.2730898977022085,0.5672354860551256,,0.5524413744362816,0.5814348349102192,108900,0.052615476997743826
ar_attitude_only,id,pitch_rate,150,15.0,1,True,434304,0.9108134116987792,,0.5885333268147989,,1.3079980284130317,0.5151084061386273,,0.4994404489367391,0.528622698935857,108900,0.052615476997743826
ar_attitude_only,id,roll,10,1.0,1,True,434304,0.024870502357959266,,0.017524431996575142,,1.9446628367671026,0.9998364387255747,,0.9997992826413304,0.9998627432134911,108900,0.052615476997743826
ar_attitude_only,id,roll,20,2.0,1,True,434304,0.11215361545173848,,0.08036676617718051,,3.7444545258092843,0.9991028822795225,,0.9989099698262978,0.9992344993576997,108900,0.052615476997743826
ar_attitude_only,id,roll,30,3.0,1,True,434304,0.2781601168407327,,0.20071475145296552,,5.26736094690192,0.9972112886694482,,0.9966526253944146,0.997580524144573,108900,0.052615476997743826
ar_attitude_only,id,roll,50,5.0,1,True,434304,0.6673939853167388,,0.4683846737500377,,7.0875605548865055,0.9911331163066407,,0.9896737331861436,0.9921864157175223,108900,0.052615476997743826
ar_attitude_only,id,roll,100,10.0,1,True,434304,1.1083490297634357,,0.7754987376302521,,3.793711335438843,0.914645872668462,,0.9011867039699243,0.924235726830547,108900,0.052615476997743826
ar_attitude_only,id,roll,150,15.0,1,True,434304,1.6703186159175032,,1.1472223943614117,,5.251935256462554,0.8988513908168267,,0.8870522945125,0.9082758579211301,108900,0.052615476997743826
ar_attitude_only,id,roll_rate,10,1.0,1,True,434304,0.08250852449014956,,0.05656750784161861,,1.067513758350997,0.9940261999900969,,0.9930471320169355,0.9947572186448312,108900,0.052615476997743826
ar_attitude_only,id,roll_rate,20,2.0,1,True,434304,0.14041890054476122,,0.09992411474826456,,2.0483978110523133,0.9953008151353322,,0.9944557948552161,0.9958805067657356,108900,0.052615476997743826
ar_attitude_only,id,roll_rate,30,3.0,1,True,434304,0.21135797529357583,,0.15094042418144168,,2.8659956780901075,0.9945614112796226,,0.9936494164870363,0.9951783576009604,108900,0.052615476997743826
ar_attitude_only,id,roll_rate,50,5.0,1,True,434304,0.29291993869607286,,0.20507850877960562,,3.798345550151574,0.9940528495429602,,0.9931254670741464,0.994745545841619,108900,0.052615476997743826
ar_attitude_only,id,roll_rate,100,10.0,1,True,434304,0.6894945202338927,,0.4734724427747166,,1.958738621708589,0.8760893416070099,,0.8600849894949762,0.8882165761696941,108900,0.052615476997743826
ar_attitude_only,id,roll_rate,150,15.0,1,True,434304,1.0145464348065931,,0.6727468276019962,,2.8980935747304644,0.8774483818216281,,0.8656174077635475,0.887134729619162,108900,0.052615476997743826
damped_persistence,id,heave,10,1.0,1,True,434304,0.5340943972091076,,0.3454444207132053,,0.44174333995484594,-0.46182714886613674,,-0.5000793873159017,-0.421369454613278,6,0.14750845600065077
damped_persistence,id,heave,20,2.0,1,True,434304,0.7666348791696123,,0.4933679879857042,,0.8382135080550518,0.1634963548560603,,0.14109556604897774,0.18771620443074435,6,0.14750845600065077
damped_persistence,id,heave,30,3.0,1,True,434304,0.8410597012862076,,0.5373894137322743,,1.1513183823181896,0.4663423104892308,,0.4515875737906873,0.4814994069971563,6,0.14750845600065077
damped_persistence,id,heave,50,5.0,1,True,434304,0.8062821645622597,,0.5094290741734202,,1.4421558821616272,0.6874282712160603,,0.6813001910703798,0.6937342874188245,6,0.14750845600065077
damped_persistence,id,heave,100,10.0,1,True,434304,0.7310763301829194,,0.47185839004686486,,0.8335183990732865,0.2307011831951743,,0.1629824522047909,0.286006576920424,6,0.14750845600065077
damped_persistence,id,heave,150,15.0,1,True,434304,0.7896313063654334,,0.49963638298715213,,1.106452908012778,0.4906892443978499,,0.46184284717500357,0.5184502809954734,6,0.14750845600065077
damped_persistence,id,heave_rate,10,1.0,1,True,434304,0.33327947637441113,,0.2233941473545821,,0.2852226587419099,-0.3653660276152806,,-0.4000658730061497,-0.327902183741085,6,0.14750845600065077
damped_persistence,id,heave_rate,20,2.0,1,True,434304,0.4628728465488788,,0.30929412163086617,,0.5351982235990471,0.2520129437067815,,0.23290606173717063,0.27220890299987993,6,0.14750845600065077
damped_persistence,id,heave_rate,30,3.0,1,True,434304,0.49514860399630534,,0.3292575061437878,,0.7216245802205107,0.5291869607879671,,0.5176464569897486,0.540859767780233,6,0.14750845600065077
damped_persistence,id,heave_rate,50,5.0,1,True,434304,0.46448826140142097,,0.3071032677607912,,0.8524864976952896,0.7031244252447577,,0.6992401521002072,0.7068917585581058,6,0.14750845600065077
damped_persistence,id,heave_rate,100,10.0,1,True,434304,0.4423556330336838,,0.2952499621841984,,0.47861232963563727,0.14576893824628123,,0.0915224062546186,0.19829678114939137,6,0.14750845600065077
damped_persistence,id,heave_rate,150,15.0,1,True,434304,0.46157012814064957,,0.30492359061406815,,0.6814233587032514,0.541181040951902,,0.5215453400595115,0.5586702301811859,6,0.14750845600065077
damped_persistence,id,pitch,10,1.0,1,True,434304,0.9893440253231025,,0.6256358767755112,,0.8963189522817477,-0.2183428300377217,,-0.255785094274819,-0.18268882434778547,6,0.14750845600065077
damped_persistence,id,pitch,20,2.0,1,True,434304,1.3107640531193587,,0.8266969902765591,,1.6396866224861668,0.3609610371651497,,0.34086348641676395,0.37986386915025705,6,0.14750845600065077
damped_persistence,id,pitch,30,3.0,1,True,434304,1.3548671586854772,,0.8511329815141471,,2.1223575061775537,0.592473036662897,,0.5809735466908174,0.6037989720278992,6,0.14750845600065077
damped_persistence,id,pitch,50,5.0,1,True,434304,1.2509263092557188,,0.7833526822249735,,2.2343246831224586,0.6865481144641659,,0.6808801394835121,0.6914604630818076,6,0.14750845600065077
damped_persistence,id,pitch,100,10.0,1,True,434304,1.2418029377103632,,0.7805882180134781,,1.5591545468409598,0.36565278906022125,,0.33538258198520887,0.397103626923048,6,0.14750845600065077
damped_persistence,id,pitch,150,15.0,1,True,434304,1.2592484387053677,,0.7917052666211138,,1.785131912400982,0.5023978886241287,,0.4829694311658592,0.5199959544730369,6,0.14750845600065077
damped_persistence,id,pitch_rate,10,1.0,1,True,434304,0.7860204050304983,,0.4960762642861588,,0.7528444431836472,-0.09007691500804316,,-0.11873225047996916,-0.06256308370672532,6,0.14750845600065077
damped_persistence,id,pitch_rate,20,2.0,1,True,434304,0.9871837000051622,,0.6242239421919248,,1.3414123591158549,0.458409117056244,,0.44465531131888414,0.4708951307997812,6,0.14750845600065077
damped_persistence,id,pitch_rate,30,3.0,1,True,434304,0.9882498421341575,,0.625540349058428,,1.664055642972382,0.647306205211191,,0.640685114137082,0.653602030344373,6,0.14750845600065077
damped_persistence,id,pitch_rate,50,5.0,1,True,434304,0.9099725613542374,,0.5760913454484434,,1.549273352583568,0.6550147777802057,,0.6449365152517635,0.6634335363658073,6,0.14750845600065077
damped_persistence,id,pitch_rate,100,10.0,1,True,434304,0.9346563549664033,,0.5885741524310981,,1.2730898977022085,0.46100370169677884,,0.43922805689685657,0.48269598382839657,6,0.14750845600065077
damped_persistence,id,pitch_rate,150,15.0,1,True,434304,0.9288778246210105,,0.5885323130423156,,1.3079980284130317,0.49568369305301396,,0.482804166126381,0.5089226639676494,6,0.14750845600065077
damped_persistence,id,roll,10,1.0,1,True,434304,2.4892212450591646,,1.289247944184224,,1.9446628367671026,-0.6384695263285793,,-0.6561008706383746,-0.6187590093863031,6,0.14750845600065077
damped_persistence,id,roll,20,2.0,1,True,434304,3.690807634570473,,1.9045603633863442,,3.7444545258092843,0.02844878511016624,,0.017647438325516365,0.040565184628654063,6,0.14750845600065077
damped_persistence,id,roll,30,3.0,1,True,434304,4.130652385975844,,2.1220103797737155,,5.26736094690192,0.38503395351498615,,0.37800528963059643,0.3925309580421404,6,0.14750845600065077
damped_persistence,id,roll,50,5.0,1,True,434304,3.925974184606597,,2.0078165221459683,,7.0875605548865055,0.69316753137732,,0.690262007361247,0.696198918591054,6,0.14750845600065077
damped_persistence,id,roll,100,10.0,1,True,434304,3.4226344706069405,,1.7879017940044155,,3.793711335438843,0.1860598431748567,,0.15015550815454584,0.21951984880415065,6,0.14750845600065077
damped_persistence,id,roll,150,15.0,1,True,434304,4.108033531196612,,2.0842126932471055,,5.251935256462554,0.38817216354193784,,0.3667529897896048,0.408500555470391,6,0.14750845600065077
damped_persistence,id,roll_rate,10,1.0,1,True,434304,1.3494520374172496,,0.7278013081580825,,1.067513758350997,-0.5979675089866161,,-0.6209274499729444,-0.5731235324848601,6,0.14750845600065077
damped_persistence,id,roll_rate,20,2.0,1,True,434304,1.9828566475499567,,1.0642180527723495,,2.0483978110523133,0.06296884871443376,,0.04953263199787661,0.07733404653007088,6,0.14750845600065077
damped_persistence,id,roll_rate,30,3.0,1,True,434304,2.202343374958143,,1.1750392827740477,,2.8659956780901075,0.4095012233145746,,0.4015458799355494,0.4179129374532517,6,0.14750845600065077
damped_persistence,id,roll_rate,50,5.0,1,True,434304,2.0773403558130084,,1.1025111839426232,,3.798345550151574,0.7008931405374084,,0.6984005890843301,0.703345739611784,6,0.14750845600065077
damped_persistence,id,roll_rate,100,10.0,1,True,434304,1.852883733588771,,1.0043821393787926,,1.958738621708589,0.10516417266875577,,0.06539468485143891,0.1426857677193403,6,0.14750845600065077
damped_persistence,id,roll_rate,150,15.0,1,True,434304,2.177093332560865,,1.1441665205464582,,2.8980935747304644,0.435675003617217,,0.4160986140008665,0.45428302355810024,6,0.14750845600065077
dlinear,id,heave,10,1.0,3,False,434304,0.014480774934246604,0.00046667581672417104,0.00820597508304953,0.0002910606195400647,0.44174333995484594,0.998924663996367,6.899301803034929e-05,0.9986227431102492,0.9992113858268861,60300,1092.1684965993336
dlinear,id,heave,20,2.0,3,False,434304,0.10197447044481717,0.0003543900845063382,0.05739857974021186,1.7457658365496034e-05,0.8382135080550518,0.9851994755900065,0.00010281451306977991,0.9815328632972207,0.9886176638609228,60300,1092.1684965993336
dlinear,id,heave,30,3.0,3,False,434304,0.2570051084225071,0.00024405496336551676,0.14219675778776233,6.080662870585012e-05,1.1513183823181896,0.950169769622212,9.464993951993651e-05,0.9377138607592385,0.9616501674676988,60300,1092.1684965993336
dlinear,id,heave,50,5.0,3,False,434304,0.31071110942756275,0.0003190298006763512,0.1736126607541857,0.00039129008897991754,1.4421558821616272,0.9535816758237257,9.534683797504845e-05,0.9423938397553673,0.9640393560335794,60300,1092.1684965993336
dlinear,id,heave,100,10.0,3,False,434304,0.571987227776576,0.00013762443735116392,0.360756265903787,0.0001390517256260193,0.8335183990732865,0.5290852457071663,0.00022660833855393122,0.488531969504733,0.570451714943624,60300,1092.1684965993336
dlinear,id,heave,150,15.0,3,False,434304,0.747398590875501,0.00014436869771745372,0.47449417052291865,8.463402159364053e-05,1.106452908012778,0.5437123742618949,0.0001762738706832952,0.4903797237881153,0.5909997961800249,60300,1092.1684965993336
dlinear,id,heave_rate,10,1.0,3,False,434304,0.007584119400846395,0.0001899614051416404,0.0049704296267090685,0.0001681324586203918,0.2852226587419099,0.9992926670679155,3.5378924782843855e-05,0.9991827231933003,0.9994138736606875,60300,1092.1684965993336
dlinear,id,heave_rate,20,2.0,3,False,434304,0.052283049481371004,0.000215503347837941,0.034274324956209204,0.00022591388139485362,0.5351982235990471,0.9904567255555646,7.876451970198217e-05,0.9891833733556674,0.9915880306298045,60300,1092.1684965993336
dlinear,id,heave_rate,30,3.0,3,False,434304,0.12759898937255681,4.751994524619258e-05,0.08291917288587801,3.6690376860321666e-05,0.7216245802205107,0.9687340323865815,2.3285682684509358e-05,0.9645219135022066,0.9725974504756956,60300,1092.1684965993336
dlinear,id,heave_rate,50,5.0,3,False,434304,0.1561077402737361,0.00034545102357465946,0.10204992900621403,0.00030026829084347026,0.8524864976952896,0.9664667787754772,0.00014840495477399273,0.961937647681406,0.9705439108985058,60300,1092.1684965993336
dlinear,id,heave_rate,100,10.0,3,False,434304,0.33389782775953764,0.00015928797104772124,0.22706800676402664,0.0001062130395346139,0.47861232963563727,0.5133020819261546,0.00046430627795683257,0.4895959327765068,0.5381817166816342,60300,1092.1684965993336
dlinear,id,heave_rate,150,15.0,3,False,434304,0.4338487869084797,8.043525383442911e-05,0.29183761483563336,3.877185368231753e-05,0.6814233587032514,0.5946382639235337,0.00015030902850123257,0.5707008005803906,0.61738776601204,60300,1092.1684965993336
dlinear,id,pitch,10,1.0,3,False,434304,0.03174038785957328,0.0006880073445479917,0.018315169861142,0.000450365699121753,0.8963189522817477,0.998745602109961,5.410575945935041e-05,0.9985381789062676,0.9989654172599391,60300,1092.1684965993336
dlinear,id,pitch,20,2.0,3,False,434304,0.19813212679289602,0.0026897603975175877,0.11790089821557836,0.001849411686746358,1.6396866224861668,0.9853970212950465,0.0003977935150798142,0.9832496172788503,0.9872900781755999,60300,1092.1684965993336
dlinear,id,pitch,30,3.0,3,False,434304,0.434959273365979,0.0009379359431625491,0.2650912932372144,0.0005681313101895433,2.1223575061775537,0.957998823852499,0.00018125262774249518,0.9533959842496827,0.9621191356980359,60300,1092.1684965993336
dlinear,id,pitch,50,5.0,3,False,434304,0.5245766763786205,0.00021396389275107672,0.32262843376094474,0.00024013070254725775,2.2343246831224586,0.9448779404544082,4.4964547444093846e-05,0.9389007218488937,0.9504614047189148,60300,1092.1684965993336
dlinear,id,pitch,100,10.0,3,False,434304,1.0861781751196253,0.00012290927922471866,0.6842438233534471,7.342916379762336e-05,1.5591545468409598,0.5146848856789893,0.00010983516325966518,0.49949950597402476,0.5294940363708264,60300,1092.1684965993336
dlinear,id,pitch,150,15.0,3,False,434304,1.2422960625772792,8.591097041749203e-05,0.77880034928897,3.882466899139144e-05,1.785131912400982,0.5157054394864345,6.698355229406892e-05,0.49114679592742466,0.5390360572642863,60300,1092.1684965993336
dlinear,id,pitch_rate,10,1.0,3,False,434304,0.047794388334538244,0.0003849506798067145,0.021864363143255544,0.00048027774937868376,0.7528444431836472,0.9959694705437719,6.48376816806729e-05,0.9949817796005856,0.9969204873767284,60300,1092.1684965993336
dlinear,id,pitch_rate,20,2.0,3,False,434304,0.25710174560872895,0.0010450148483484637,0.1284491917326537,0.001462478287164567,1.3414123591158549,0.963264138660899,0.00029862358073030854,0.955889787410072,0.9702906835099575,60300,1092.1684965993336
dlinear,id,pitch_rate,30,3.0,3,False,434304,0.47933579972503404,0.0009476748437279016,0.26168798262947374,0.0006065106402400268,1.664055642972382,0.9170253985180016,0.0003281489977474006,0.9038125566332564,0.9291866634770432,60300,1092.1684965993336
dlinear,id,pitch_rate,50,5.0,3,False,434304,0.543087079046852,0.0004556571090430679,0.3072833679182189,0.000103618394578125,1.549273352583568,0.8771194795089229,0.0002062075004358806,0.8567195877247475,0.8947934164666622,60300,1092.1684965993336
dlinear,id,pitch_rate,100,10.0,3,False,434304,0.944145721014924,6.351190540715343e-05,0.5784169329174816,5.082832663652662e-05,1.2730898977022085,0.4500035125525896,7.39941856607477e-05,0.43338882971965137,0.4664086406292274,60300,1092.1684965993336
dlinear,id,pitch_rate,150,15.0,3,False,434304,0.9482837642528685,8.594937469059935e-05,0.5942998742571919,4.878041987608761e-05,1.3079980284130317,0.4743914107814205,9.527958736188156e-05,0.4562701780622942,0.49107197953809656,60300,1092.1684965993336
dlinear,id,roll,10,1.0,3,False,434304,0.04260836911049076,0.008983542580292289,0.022632218801106416,0.004276152551281554,1.9446628367671026,0.9995057066629425,0.00020670721617588157,0.9992527439074044,0.9997203435816299,60300,1092.1684965993336
dlinear,id,roll,20,2.0,3,False,434304,0.2734226380035,0.01937624786649678,0.1439365296996125,0.008942894650713799,3.7444545258092843,0.9946501280759925,0.0007404266273877487,0.9937107682675762,0.9959767721722819,60300,1092.1684965993336
dlinear,id,roll,30,3.0,3,False,434304,0.6803348865202371,0.006426337909297575,0.3547381991021588,0.0028691373516596635,5.26736094690192,0.9833165771941103,0.0003155763043046718,0.9814310510856401,0.9850973798065248,60300,1092.1684965993336
dlinear,id,roll,50,5.0,3,False,434304,0.8158472738912476,0.004210805082236736,0.43060316914984753,0.0016893576512154943,7.0875605548865055,0.9867495117562829,0.0001368131211596553,0.9855016247633551,0.9879081772392332,60300,1092.1684965993336
dlinear,id,roll,100,10.0,3,False,434304,1.7328607661302726,0.0015283730579155525,0.9499648839077258,0.000483126636035526,3.793711335438843,0.7913593156085418,0.0003681054511836959,0.7798615046096283,0.8010113065691958,60300,1092.1684965993336
dlinear,id,roll,150,15.0,3,False,434304,2.5303334446550267,0.0010841036902176518,1.3681192461509746,0.0003672290571655969,5.251935256462554,0.7678777148041611,0.00019892498766783265,0.7566185424737234,0.7780613241548224,60300,1092.1684965993336
dlinear,id,roll_rate,10,1.0,3,False,434304,0.022690237210749743,0.004599049905377249,0.013130966943292405,0.002148790052613139,1.067513758350997,0.9995358420697515,0.00018969556345539734,0.9993069350174024,0.999710296481183,60300,1092.1684965993336
dlinear,id,roll_rate,20,2.0,3,False,434304,0.1450689185264137,0.009859788632955951,0.08392870935008102,0.004421178229051702,2.0483978110523133,0.9949689858178484,0.0006685910575646194,0.9942817294608304,0.9960001972414582,60300,1092.1684965993336
dlinear,id,roll_rate,30,3.0,3,False,434304,0.3568053901208666,0.0035505161226193458,0.20354769948355847,0.0015723451051803024,2.8659956780901075,0.9844996887588691,0.0003089561875378146,0.983305069658333,0.9855692933863286,60300,1092.1684965993336
dlinear,id,roll_rate,50,5.0,3,False,434304,0.43118951274383926,0.0019135099841640253,0.24755299849789267,0.0007078518413737685,3.798345550151574,0.9871129611543363,0.0001143458208594004,0.9863193226665994,0.9878557986916258,60300,1092.1684965993336
dlinear,id,roll_rate,100,10.0,3,False,434304,0.9535867752481529,0.0004655792537198254,0.5559216915081922,0.00012677693924601519,1.958738621708589,0.7629895283209608,0.00023146788780367865,0.7473638940004236,0.7759303301904978,60300,1092.1684965993336
dlinear,id,roll_rate,150,15.0,3,False,434304,1.379734989583701,0.0003538902830186805,0.7832152178390879,0.00012265022758882414,2.8980935747304644,0.7733443408746169,0.00011627824810340833,0.7648286876896563,0.7804617528466359,60300,1092.1684965993336
dlinear_ols,id,heave,10,1.0,1,True,434304,0.0043726212192825055,,0.002477458250345813,,0.44174333995484594,0.9999020185877205,,0.9998784057742951,0.9999238735414189,60300,0.1739442580001196
dlinear_ols,id,heave,20,2.0,1,True,434304,0.0430678693825785,,0.02424888479670457,,0.8382135080550518,0.9973600392875007,,0.9967163189466663,0.9979573350382671,60300,0.1739442580001196
dlinear_ols,id,heave,30,3.0,1,True,434304,0.1531398082947669,,0.08530215820236706,,1.1513183823181896,0.9823076582150417,,0.9779104832834473,0.9863638179614487,60300,0.1739442580001196
dlinear_ols,id,heave,50,5.0,1,True,434304,0.3264686555728227,,0.17632676441308207,,1.4421558821616272,0.9487541654390362,,0.9354132598579574,0.961127895408575,60300,0.1739442580001196
dlinear_ols,id,heave,100,10.0,1,True,434304,0.5869675887568989,,0.35785104794868694,,0.8335183990732865,0.5040957158398585,,0.4525406816812122,0.5571366560972446,60300,0.1739442580001196
dlinear_ols,id,heave,150,15.0,1,True,434304,0.7428417564703946,,0.4712975060023062,,1.106452908012778,0.5492593285082926,,0.4952320756084547,0.5971307077367146,60300,0.1739442580001196
dlinear_ols,id,heave_rate,10,1.0,1,True,434304,0.0022844978338797165,,0.001502452610892147,,0.2852226587419099,0.9999358475194894,,0.9999283157304637,0.9999428281256332,60300,0.1739442580001196
dlinear_ols,id,heave_rate,20,2.0,1,True,434304,0.02216554474806946,,0.014546758595091048,,0.5351982235990471,0.9982847497483155,,0.9980737882941132,0.998475564277876,60300,0.1739442580001196
dlinear_ols,id,heave_rate,30,3.0,1,True,434304,0.07710281407030585,,0.050340486579049576,,0.7216245802205107,0.9885838984746265,,0.9871082611249554,0.9899184907766931,60300,0.1739442580001196
dlinear_ols,id,heave_rate,50,5.0,1,True,434304,0.15625227808015457,,0.10005765233308982,,0.8524864976952896,0.9664047638950836,,0.9614993926026363,0.970790324678067,60300,0.1739442580001196
dlinear_ols,id,heave_rate,100,10.0,1,True,434304,0.3250321136752849,,0.2188243363746032,,0.47861232963563727,0.5388047991961823,,0.5151194482702891,0.5637441548733226,60300,0.1739442580001196
dlinear_ols,id,heave_rate,150,15.0,1,True,434304,0.4309065652768249,,0.28994888390136453,,0.6814233587032514,0.6001176934478063,,0.5764577116519217,0.6223453402017108,60300,0.1739442580001196
dlinear_ols,id,pitch,10,1.0,1,True,434304,0.009441741200490959,,0.005460755757753631,,0.8963189522817477,0.9998890367865136,,0.9998747457715482,0.9999029529188432,60300,0.1739442580001196
dlinear_ols,id,pitch,20,2.0,1,True,434304,0.08599676800576458,,0.05078089228430567,,1.6396866224861668,0.997249304276622,,0.9969131889132858,0.9975652502522631,60300,0.1739442580001196
dlinear_ols,id,pitch,30,3.0,1,True,434304,0.27618326232848756,,0.166575745623854,,2.1223575061775537,0.9830660751812946,,0.9812623243536546,0.9848125218726488,60300,0.1739442580001196
dlinear_ols,id,pitch,50,5.0,1,True,434304,0.4775415934190685,,0.2943235656667669,,2.2343246831224586,0.9543196059266156,,0.9495111068492822,0.9587995602976086,60300,0.1739442580001196
dlinear_ols,id,pitch,100,10.0,1,True,434304,1.0244467029139281,,0.6448375785723881,,1.5591545468409598,0.5682817509441911,,0.5560555052005054,0.5817774897543337,60300,0.1739442580001196
dlinear_ols,id,pitch,150,15.0,1,True,434304,1.2375828445708743,,0.7760716962751867,,1.785131912400982,0.5193732556327721,,0.4950788213998468,0.542864757192327,60300,0.1739442580001196
dlinear_ols,id,pitch_rate,10,1.0,1,True,434304,0.014302818419473671,,0.006538524111927129,,0.7528444431836472,0.999639061880037,,0.9995574613663882,0.9997160291409996,60300,0.1739442580001196
dlinear_ols,id,pitch_rate,20,2.0,1,True,434304,0.11847908084307959,,0.05733011261381203,,1.3414123591158549,0.9921988478947477,,0.9905141054984254,0.9937181672322298,60300,0.1739442580001196
dlinear_ols,id,pitch_rate,30,3.0,1,True,434304,0.3368218628350029,,0.17454147302490608,,1.664055642972382,0.9590301042873391,,0.9512140071110307,0.966218637959496,60300,0.1739442580001196
dlinear_ols,id,pitch_rate,50,5.0,1,True,434304,0.44631967405000833,,0.2624787596465852,,1.549273352583568,0.9170080516686814,,0.9055609837359626,0.9265294119267673,60300,0.1739442580001196
dlinear_ols,id,pitch_rate,100,10.0,1,True,434304,0.8767138896521526,,0.5390051969441836,,1.2730898977022085,0.5257606023856647,,0.5118090894027104,0.5397900203181263,60300,0.1739442580001196
dlinear_ols,id,pitch_rate,150,15.0,1,True,434304,0.9472319874357643,,0.5932378062953457,,1.3079980284130317,0.47555671115548726,,0.4573761955525223,0.49243478898661724,60300,0.1739442580001196
dlinear_ols,id,roll,10,1.0,1,True,434304,0.011612490786877322,,0.006148928924167347,,1.9446628367671026,0.9999643415767644,,0.9999612414035927,0.9999673065489365,60300,0.1739442580001196
dlinear_ols,id,roll,20,2.0,1,True,434304,0.11403536089294834,,0.060206690975641845,,3.7444545258092843,0.9990725255356578,,0.9989913789000092,0.9991498316214701,60300,0.1739442580001196
dlinear_ols,id,roll,30,3.0,1,True,434304,0.4035312882657243,,0.21201806380499327,,5.26736094690192,0.9941309437916467,,0.9936123523925189,0.9946249294848097,60300,0.1739442580001196
dlinear_ols,id,roll,50,5.0,1,True,434304,0.8435908865562778,,0.43900712814893567,,7.0875605548865055,0.9858332511814922,,0.9845674912314156,0.9869942042087069,60300,0.1739442580001196
dlinear_ols,id,roll,100,10.0,1,True,434304,1.7432966884707173,,0.9427992690444561,,3.793711335438843,0.7888388366839049,,0.7780553738988575,0.7982111056412077,60300,0.1739442580001196
dlinear_ols,id,roll,150,15.0,1,True,434304,2.5008285125016565,,1.3535744835332089,,5.251935256462554,0.7732595015295645,,0.7625866547038612,0.7830182416078059,60300,0.1739442580001196
dlinear_ols,id,roll_rate,10,1.0,1,True,434304,0.006217653139419188,,0.0036380845742310414,,1.067513758350997,0.9999660760808676,,0.9999642758791264,0.9999677361253495,60300,0.1739442580001196
dlinear_ols,id,roll_rate,20,2.0,1,True,434304,0.06073019983009185,,0.03530004582542628,,2.0483978110523133,0.999121016314903,,0.9990751660532239,0.9991626350385787,60300,0.1739442580001196
dlinear_ols,id,roll_rate,30,3.0,1,True,434304,0.21326676039621406,,0.12277094842053858,,2.8659956780901075,0.9944627353414739,,0.9941724315363799,0.9947267627766099,60300,0.1739442580001196
dlinear_ols,id,roll_rate,50,5.0,1,True,434304,0.43916163645277306,,0.2474837549699876,,3.798345550151574,0.9866322028669644,,0.9859284585336693,0.9872778738185195,60300,0.1739442580001196
dlinear_ols,id,roll_rate,100,10.0,1,True,434304,0.9447282427654228,,0.544310210518243,,1.958738621708589,0.7673726227207802,,0.7536825961814945,0.7788121864280513,60300,0.1739442580001196
dlinear_ols,id,roll_rate,150,15.0,1,True,434304,1.3644184831222161,,0.7753122072254632,,2.8980935747304644,0.7783486504686032,,0.7701000343137739,0.785476613121902,60300,0.1739442580001196
persistence,id,heave,10,1.0,1,True,434304,0.44174333995484594,,0.2931133682116353,,0.44174333995484594,0.0,,0.0,0.0,0,0.0
persistence,id,heave,20,2.0,1,True,434304,0.8382135080550518,,0.5538148385082536,,0.8382135080550518,0.0,,0.0,0.0,0,0.0
persistence,id,heave,30,3.0,1,True,434304,1.1513183823181896,,0.7547539654835521,,1.1513183823181896,0.0,,0.0,0.0,0,0.0
persistence,id,heave,50,5.0,1,True,434304,1.4421558821616272,,0.9156766417437181,,1.4421558821616272,0.0,,0.0,0.0,0,0.0
persistence,id,heave,100,10.0,1,True,434304,0.8335183990732865,,0.5179159766894691,,0.8335183990732865,0.0,,0.0,0.0,0,0.0
persistence,id,heave,150,15.0,1,True,434304,1.106452908012778,,0.6986179909274478,,1.106452908012778,0.0,,0.0,0.0,0,0.0
persistence,id,heave_rate,10,1.0,1,True,434304,0.2852226587419099,,0.1935238417756118,,0.2852226587419099,0.0,,0.0,0.0,0,0.0
persistence,id,heave_rate,20,2.0,1,True,434304,0.5351982235990471,,0.3622164878114699,,0.5351982235990471,0.0,,0.0,0.0,0,0.0
persistence,id,heave_rate,30,3.0,1,True,434304,0.7216245802205107,,0.4858565259598095,,0.7216245802205107,0.0,,0.0,0.0,0,0.0
persistence,id,heave_rate,50,5.0,1,True,434304,0.8524864976952896,,0.5593961275241245,,0.8524864976952896,0.0,,0.0,0.0,0,0.0
persistence,id,heave_rate,100,10.0,1,True,434304,0.47861232963563727,,0.3219983419341148,,0.47861232963563727,0.0,,0.0,0.0,0,0.0
persistence,id,heave_rate,150,15.0,1,True,434304,0.6814233587032514,,0.43911069937871144,,0.6814233587032514,0.0,,0.0,0.0,0,0.0
persistence,id,pitch,10,1.0,1,True,434304,0.8963189522817477,,0.566439951063036,,0.8963189522817477,0.0,,0.0,0.0,0,0.0
persistence,id,pitch,20,2.0,1,True,434304,1.6396866224861668,,1.0364395185752229,,1.6396866224861668,0.0,,0.0,0.0,0,0.0
persistence,id,pitch,30,3.0,1,True,434304,2.1223575061775537,,1.3392454379687988,,2.1223575061775537,0.0,,0.0,0.0,0,0.0
persistence,id,pitch,50,5.0,1,True,434304,2.2343246831224586,,1.3769632072350333,,2.2343246831224586,0.0,,0.0,0.0,0,0.0
persistence,id,pitch,100,10.0,1,True,434304,1.5591545468409598,,0.983825040124923,,1.5591545468409598,0.0,,0.0,0.0,0,0.0
persistence,id,pitch,150,15.0,1,True,434304,1.785131912400982,,1.101074990896007,,1.785131912400982,0.0,,0.0,0.0,0,0.0
persistence,id,pitch_rate,10,1.0,1,True,434304,0.7528444431836472,,0.4665377047658137,,0.7528444431836472,0.0,,0.0,0.0,0,0.0
persistence,id,pitch_rate,20,2.0,1,True,434304,1.3414123591158549,,0.83571542601617,,1.3414123591158549,0.0,,0.0,0.0,0,0.0
persistence,id,pitch_rate,30,3.0,1,True,434304,1.664055642972382,,1.0431682570513632,,1.664055642972382,0.0,,0.0,0.0,0,0.0
persistence,id,pitch_rate,50,5.0,1,True,434304,1.549273352583568,,0.9688414922649353,,1.549273352583568,0.0,,0.0,0.0,0,0.0
persistence,id,pitch_rate,100,10.0,1,True,434304,1.2730898977022085,,0.7930807929520691,,1.2730898977022085,0.0,,0.0,0.0,0,0.0
persistence,id,pitch_rate,150,15.0,1,True,434304,1.3079980284130317,,0.8172558156953612,,1.3079980284130317,0.0,,0.0,0.0,0,0.0
persistence,id,roll,10,1.0,1,True,434304,1.9446628367671026,,1.0377724380721711,,1.9446628367671026,0.0,,0.0,0.0,0,0.0
persistence,id,roll,20,2.0,1,True,434304,3.7444545258092843,,1.9893467593938703,,3.7444545258092843,0.0,,0.0,0.0,0,0.0
persistence,id,roll,30,3.0,1,True,434304,5.26736094690192,,2.7778542667166164,,5.26736094690192,0.0,,0.0,0.0,0,0.0
persistence,id,roll,50,5.0,1,True,434304,7.0875605548865055,,3.6512930748556176,,7.0875605548865055,0.0,,0.0,0.0,0,0.0
persistence,id,roll,100,10.0,1,True,434304,3.793711335438843,,1.8813973293221398,,3.793711335438843,0.0,,0.0,0.0,0,0.0
persistence,id,roll,150,15.0,1,True,434304,5.251935256462554,,2.7772202327352713,,5.251935256462554,0.0,,0.0,0.0,0,0.0
persistence,id,roll_rate,10,1.0,1,True,434304,1.067513758350997,,0.5965094051660409,,1.067513758350997,0.0,,0.0,0.0,0,0.0
persistence,id,roll_rate,20,2.0,1,True,434304,2.0483978110523133,,1.1374346249478606,,2.0483978110523133,0.0,,0.0,0.0,0,0.0
persistence,id,roll_rate,30,3.0,1,True,434304,2.8659956780901075,,1.5750691036384887,,2.8659956780901075,0.0,,0.0,0.0,0,0.0
persistence,id,roll_rate,50,5.0,1,True,434304,3.798345550151574,,2.0214561569579743,,3.798345550151574,0.0,,0.0,0.0,0,0.0
persistence,id,roll_rate,100,10.0,1,True,434304,1.958738621708589,,1.0298134587004224,,1.958738621708589,0.0,,0.0,0.0,0,0.0
persistence,id,roll_rate,150,15.0,1,True,434304,2.8980935747304644,,1.5736128369706501,,2.8980935747304644,0.0,,0.0,0.0,0,0.0
window_mean,id,heave,10,1.0,1,True,434304,0.8067379415576311,,0.512412559790591,,0.44174333995484594,-2.33522351662287,,-2.458178978627327,-2.204644097227873,0,0.0
window_mean,id,heave,20,2.0,1,True,434304,0.8300759861119058,,0.5267840285938438,,0.8382135080550518,0.01932209784014849,,-0.015623054271377586,0.05659256405096782,0,0.0
window_mean,id,heave,30,3.0,1,True,434304,0.8344950691168578,,0.5285658454418716,,1.1513183823181896,0.47464040061923085,,0.45702513024982394,0.4929106658384445,0,0.0
window_mean,id,heave,50,5.0,1,True,434304,0.7927022123024386,,0.5006232730354992,,1.4421558821616272,0.6978686931954982,,0.6915978254772672,0.70437302453727,0,0.0
window_mean,id,heave,100,10.0,1,True,434304,0.7312591334768717,,0.47197026081317234,,0.8335183990732865,0.23031641368746636,,0.16251744340234864,0.2856873079400718,0,0.0
window_mean,id,heave,150,15.0,1,True,434304,0.7896312294003149,,0.49963608325763376,,1.106452908012778,0.4906893436825678,,0.46184217114088794,0.5184511643874847,0,0.0
window_mean,id,heave_rate,10,1.0,1,True,434304,0.47489582651676115,,0.3145375869066748,,0.2852226587419099,-1.7722261641405654,,-1.8750789050658903,-1.6630914576581906,0,0.0
window_mean,id,heave_rate,20,2.0,1,True,434304,0.4868122053418252,,0.3225558870682488,,0.5351982235990471,0.17264177238064837,,0.14465213164521865,0.2029074632944761,0,0.0
window_mean,id,heave_rate,30,3.0,1,True,434304,0.4869310792955682,,0.3223486892840842,,0.7216245802205107,0.5446845844030395,,0.5312534564527297,0.5583747236797285,0,0.0
window_mean,id,heave_rate,50,5.0,1,True,434304,0.4588787413281471,,0.3034917192010369,,0.8524864976952896,0.7102517252385939,,0.706291591768079,0.714111891109605,0,0.0
window_mean,id,heave_rate,100,10.0,1,True,434304,0.4424093703898694,,0.2952808521335525,,0.47861232963563727,0.14556138168491783,,0.091286914879887,0.198118531571665,0,0.0
window_mean,id,heave_rate,150,15.0,1,True,434304,0.4615699092579569,,0.3049234760361569,,0.6814233587032514,0.5411814761079022,,0.5215455972803856,0.5586708180420095,0,0.0
window_mean,id,pitch,10,1.0,1,True,434304,1.3063155448695067,,0.8209531764064455,,0.8963189522817477,-1.1240807878543508,,-1.2187911642767641,-1.0343876270738737,0,0.0
window_mean,id,pitch,20,2.0,1,True,434304,1.3348954536647948,,0.838332894319717,,1.6396866224861668,0.33721480160150297,,0.31031983292936105,0.36267034019785777,0,0.0
window_mean,id,pitch,30,3.0,1,True,434304,1.3257841358739548,,0.8311854037390853,,2.1223575061775537,0.6097808731771663,,0.596937666725327,0.6223769185466039,0,0.0
window_mean,id,pitch,50,5.0,1,True,434304,1.243757032777806,,0.7791457294531832,,2.2343246831224586,0.690130713374352,,0.6843662784341507,0.6951364523020974,0,0.0
window_mean,id,pitch,100,10.0,1,True,434304,1.2418269235570727,,0.7806006988532016,,1.5591545468409598,0.36562828355867194,,0.33535308557828625,0.39708504225794966,0,0.0
window_mean,id,pitch,150,15.0,1,True,434304,1.2592484253572214,,0.7917052680175864,,1.785131912400982,0.5023978991733826,,0.48296941043722696,0.5199959943509117,0,0.0
window_mean,id,pitch_rate,10,1.0,1,True,434304,0.9671167338004204,,0.6120518724358986,,0.7528444431836472,-0.6502407129142918,,-0.7131157552421232,-0.590609826979125,0,0.0
window_mean,id,pitch_rate,20,2.0,1,True,434304,0.9828175607561425,,0.6223306056584392,,1.3414123591158549,0.46318924454691235,,0.44596268983535325,0.4787804981069199,0,0.0
window_mean,id,pitch_rate,30,3.0,1,True,434304,0.9680853518457382,,0.6130544939063394,,1.664055642972382,0.6615522671408269,,0.6544640787132664,0.6682856517320508,0,0.0
window_mean,id,pitch_rate,50,5.0,1,True,434304,0.9081813983371277,,0.5749807502762615,,1.549273352583568,0.656371558512514,,0.6461940419578381,0.6648677724595233,0,0.0
window_mean,id,pitch_rate,100,10.0,1,True,434304,0.9346575595244545,,0.5885749512384881,,1.2730898977022085,0.4610023124102339,,0.4392257323975654,0.4826954357150151,0,0.0
window_mean,id,pitch_rate,150,15.0,1,True,434304,0.9288778251007184,,0.5885323138500119,,1.3079980284130317,0.49568369253211775,,0.48280416308048874,0.5089226656928855,0,0.0
window_mean,id,roll,10,1.0,1,True,434304,4.11515587874688,,2.0999541336155327,,1.9446628367671026,-3.4779985814083254,,-3.539042916679915,-3.4078745606715426,0,0.0
window_mean,id,roll,20,2.0,1,True,434304,4.20803454325376,,2.144202126348152,,3.7444545258092843,-0.26293637240687096,,-0.280918873495137,-0.24246984159794358,0,0.0
window_mean,id,roll,30,3.0,1,True,434304,4.180459120687446,,2.128860804124394,,5.26736094690192,0.37011422155864127,,0.36137505034515,0.3796199302865947,0,0.0
window_mean,id,roll,50,5.0,1,True,434304,3.8177565785068985,,1.9503654047389596,,7.0875605548865055,0.7098497805055688,,0.7068127035471251,0.7130312091701784,0,0.0
window_mean,id,roll,100,10.0,1,True,434304,3.4256013416411144,,1.7894984811136367,,3.793711335438843,0.18464812238473027,,0.1486312707503062,0.21822543792521265,0,0.0
window_mean,id,roll,150,15.0,1,True,434304,4.108069822062995,,2.0842206077805234,,5.251935256462554,0.3881613535715862,,0.3667396065883165,0.40849184809737843,0,0.0
window_mean,id,roll_rate,10,1.0,1,True,434304,2.1917490514812266,,1.158797574917205,,1.067513758350997,-3.2153602172295495,,-3.2957465188659216,-3.125100591679301,0,0.0
window_mean,id,roll_rate,20,2.0,1,True,434304,2.2360599822805876,,1.1811533032589767,,2.0483978110523133,-0.19162139589236005,,-0.2139462441894909,-0.16725710089271853,0,0.0
window_mean,id,roll_rate,30,3.0,1,True,434304,2.2172531569458296,,1.170866590925952,,2.8659956780901075,0.4014788502334642,,0.39145949510567624,0.4121335645055581,0,0.0
window_mean,id,roll_rate,50,5.0,1,True,434304,2.023005276687659,,1.0731245463194665,,3.798345550151574,0.7163354349090508,,0.7137183161814064,0.7189212308246694,0,0.0
window_mean,id,roll_rate,100,10.0,1,True,434304,1.8543065477163936,,1.005137748272637,,1.958738621708589,0.103789370927999,,0.06392221718175421,0.1414040727181663,0,0.0
window_mean,id,roll_rate,150,15.0,1,True,434304,2.177101318188682,,1.1441669646696426,,2.8980935747304644,0.43567086369580277,,0.41609272419244514,0.45428032806761287,0,0.0
ar10,unseen_heading,heave,10,1.0,1,True,542880,0.003947762921415327,,0.0027992231948837268,,0.4420022912223382,0.9999202275214017,,0.9999193628834231,0.9999210283859623,54900,0.013947735002147965
ar10,unseen_heading,heave,20,2.0,1,True,542880,0.034570381189034195,,0.024198576791691222,,0.8430990468253012,0.9983186770543734,,0.9983003072987587,0.9983368415186065,54900,0.013947735002147965
ar10,unseen_heading,heave,30,3.0,1,True,542880,0.12111918155331289,,0.08421425943386282,,1.1675647610562139,0.9892387208481315,,0.9891292484188134,0.9893437741197381,54900,0.013947735002147965
ar10,unseen_heading,heave,50,5.0,1,True,542880,0.3788441475689759,,0.2642328758224113,,1.4948282814139655,0.9357699066181655,,0.9346543203420397,0.9366549645268297,54900,0.013947735002147965
ar10,unseen_heading,heave,100,10.0,1,True,542880,0.5750706028223612,,0.41031351698898383,,0.8088824179867767,0.4945577480980231,,0.4596002654245876,0.5215827643339294,54900,0.013947735002147965
ar10,unseen_heading,heave,150,15.0,1,True,542880,0.6684692402485342,,0.48216275726884117,,1.1495384153377484,0.6618449499920913,,0.6533462079864191,0.6687925070064532,54900,0.013947735002147965
ar10,unseen_heading,heave_rate,10,1.0,1,True,542880,0.011761032275465058,,0.008297162341232725,,0.27069553593565016,0.9981123186029188,,0.9980667183836994,0.9981588485858397,54900,0.013947735002147965
ar10,unseen_heading,heave_rate,20,2.0,1,True,542880,0.05540339704485655,,0.03855104130006311,,0.5128966998925041,0.9883315551210468,,0.9880339446291081,0.9886488151170927,54900,0.013947735002147965
ar10,unseen_heading,heave_rate,30,3.0,1,True,542880,0.11753534169927318,,0.08153414803715249,,0.7022072783425681,0.9719839892552705,,0.9713630891488803,0.9726375482557672,54900,0.013947735002147965
ar10,unseen_heading,heave_rate,50,5.0,1,True,542880,0.11656412107398906,,0.08354931923466966,,0.8646383961207528,0.9818255719765159,,0.9815581343784752,0.9820683321467297,54900,0.013947735002147965
ar10,unseen_heading,heave_rate,100,10.0,1,True,542880,0.2747218940386866,,0.19600541675440225,,0.4403061225551369,0.6107065513505019,,0.5996098689371185,0.6198367807168166,54900,0.013947735002147965
ar10,unseen_heading,heave_rate,150,15.0,1,True,542880,0.3983426891247759,,0.2790744260644573,,0.6915545720642212,0.6682119133970833,,0.6594957092696369,0.6770365155502094,54900,0.013947735002147965
ar10,unseen_heading,pitch,10,1.0,1,True,542880,0.018520938220245024,,0.011340988431788107,,0.06419259594153902,0.9167553966221462,,0.9096870675801091,0.924250825355275,54900,0.013947735002147965
ar10,unseen_heading,pitch,20,2.0,1,True,542880,0.18900122795414906,,0.11552447719131484,,0.11932083976475145,-1.5089768215403554,,-1.717872321531613,-1.2858287811486724,54900,0.013947735002147965
ar10,unseen_heading,pitch,30,3.0,1,True,542880,0.6299506747790022,,0.3825500799416389,,0.1581323770827971,-14.869801409398393,,-16.17097656287444,-13.441192486464095,54900,0.013947735002147965
ar10,unseen_heading,pitch,50,5.0,1,True,542880,1.16456734280015,,0.7071795614144235,,0.17469731727052137,-43.43822903467137,,-46.73373713296659,-39.73730290274245,54900,0.013947735002147965
ar10,unseen_heading,pitch,100,10.0,1,True,542880,0.7598908488028456,,0.4706606519558108,,0.10629142820675849,-50.11000738407711,,-53.793146541346076,-46.060176471907255,54900,0.013947735002147965
ar10,unseen_heading,pitch,150,15.0,1,True,542880,0.5364393804166299,,0.3585075318923653,,0.13931379085811119,-13.826993070236039,,-14.801346083906378,-12.804809596882588,54900,0.013947735002147965
ar10,unseen_heading,pitch_rate,10,1.0,1,True,542880,0.06096693700539547,,0.03735592194614446,,0.048713605157262044,-0.5663478296470814,,-0.7113763957828092,-0.4143524559597081,54900,0.013947735002147965
ar10,unseen_heading,pitch_rate,20,2.0,1,True,542880,0.3081873636275064,,0.18780250723330577,,0.08950371033534088,-10.856256247128075,,-11.970864018954124,-9.697357557176648,54900,0.013947735002147965
ar10,unseen_heading,pitch_rate,30,3.0,1,True,542880,0.533960237048496,,0.3222476756373395,,0.11622431527884762,-20.106870319183642,,-22.10467509505745,-17.99385916577779,54900,0.013947735002147965
ar10,unseen_heading,pitch_rate,50,5.0,1,True,542880,0.3595543996938802,,0.23903690793722526,,0.11920509987056824,-8.097866145792768,,-8.586486435472212,-7.566942897432933,54900,0.013947735002147965
ar10,unseen_heading,pitch_rate,100,10.0,1,True,542880,0.6249388192261314,,0.3968299008733721,,0.0838813737514642,-54.50651184737325,,-58.888155408714574,-49.87719161577303,54900,0.013947735002147965
ar10,unseen_heading,pitch_rate,150,15.0,1,True,542880,0.29096072216450375,,0.2007338167431238,,0.09488319909746933,-8.403512233967259,,-8.95409125348687,-7.826130791894087,54900,0.013947735002147965
ar10,unseen_heading,roll,10,1.0,1,True,542880,0.011720965259790472,,0.008560406816599971,,2.6983944345487956,0.9999811324333615,,0.9999792757479085,0.9999826385302605,54900,0.013947735002147965
ar10,unseen_heading,roll,20,2.0,1,True,542880,0.09252548575337968,,0.0674492662252033,,5.190916990401267,0.9996822872968714,,0.9996506258865783,0.9997080427835653,54900,0.013947735002147965
ar10,unseen_heading,roll,30,3.0,1,True,542880,0.3115864467453965,,0.2257769678621043,,7.291040393838889,0.9981736748124925,,0.9979964249621454,0.9983188483266339,54900,0.013947735002147965
ar10,unseen_heading,roll,50,5.0,1,True,542880,1.119510093593207,,0.7923378431299342,,9.760557569415065,0.9868445177652814,,0.9857162880557726,0.987744494908909,54900,0.013947735002147965
ar10,unseen_heading,roll,100,10.0,1,True,542880,1.4681875257913433,,1.0896897038187336,,5.02718980701522,0.91470717596483,,0.9047253069533231,0.9222518844241697,54900,0.013947735002147965
ar10,unseen_heading,roll,150,15.0,1,True,542880,2.3679256906373882,,1.711578600290108,,7.374083638485099,0.8968854334631335,,0.8900542266849141,0.9025276459547424,54900,0.013947735002147965
ar10,unseen_heading,roll_rate,10,1.0,1,True,542880,0.03360390423388115,,0.02455362866442602,,1.496522493983729,0.9994957882308065,,0.9994527038196914,0.9995321202061874,54900,0.013947735002147965
ar10,unseen_heading,roll_rate,20,2.0,1,True,542880,0.1424920100050795,,0.10358563293162511,,2.869729322989601,0.99753453322294,,0.9973274014205556,0.9977097536207076,54900,0.013947735002147965
ar10,unseen_heading,roll_rate,30,3.0,1,True,542880,0.30860011639988905,,0.22185172993945887,,4.009794338695159,0.9940769148730534,,0.9936158552980114,0.9944590383716426,54900,0.013947735002147965
ar10,unseen_heading,roll_rate,50,5.0,1,True,542880,0.5068764840553216,,0.35513090521665,,5.284985224882037,0.9908015059617808,,0.9902503084392398,0.9912501258466557,54900,0.013947735002147965
ar10,unseen_heading,roll_rate,100,10.0,1,True,542880,1.1840782334431057,,0.8434910346582611,,2.6414823571751724,0.7990604771156318,,0.7820547411495697,0.8120462692686988,54900,0.013947735002147965
ar10,unseen_heading,roll_rate,150,15.0,1,True,542880,1.6419095624388111,,1.1664725169988446,,4.093644502679639,0.8391288324381981,,0.8305763109108925,0.8463816989098031,54900,0.013947735002147965
ar20,unseen_heading,heave,10,1.0,1,True,542880,0.0031089566171894085,,0.002074155323856559,,0.4420022912223382,0.9999505256288779,,0.9999495413958059,0.9999516384636792,108900,0.06349169500026619
ar20,unseen_heading,heave,20,2.0,1,True,542880,0.02756376205227913,,0.018386833006788245,,0.8430990468253012,0.9989311425523243,,0.9989107505945558,0.9989539179454486,108900,0.06349169500026619
ar20,unseen_heading,heave,30,3.0,1,True,542880,0.0985876983191759,,0.06648341438673971,,1.1675647610562139,0.9928700990386391,,0.9927703902992924,0.992976942010548,108900,0.06349169500026619
ar20,unseen_heading,heave,50,5.0,1,True,542880,0.3185834272707999,,0.22437350107357262,,1.4948282814139655,0.9545782619592289,,0.9536882328006868,0.955302593976275,108900,0.06349169500026619
ar20,unseen_heading,heave,100,10.0,1,True,542880,0.5329276458135868,,0.3811637406659359,,0.8088824179867767,0.5659240656060371,,0.5333212055253946,0.5912385601703948,108900,0.06349169500026619
ar20,unseen_heading,heave,150,15.0,1,True,542880,0.6325620625259711,,0.4558759793311968,,1.1495384153377484,0.6971976052957165,,0.6879635634531722,0.7049612934613315,108900,0.06349169500026619
ar20,unseen_heading,heave_rate,10,1.0,1,True,542880,0.009229460612820836,,0.0061438410209253514,,0.27069553593565016,0.9988375067124625,,0.9987920473404963,0.9988878363644736,108900,0.06349169500026619
ar20,unseen_heading,heave_rate,20,2.0,1,True,542880,0.04470050761152026,,0.02993457011755222,,0.5128966998925041,0.9924043472755405,,0.9921322402212248,0.992707009470425,108900,0.06349169500026619
ar20,unseen_heading,heave_rate,30,3.0,1,True,542880,0.0973998351983409,,0.06671481960183566,,0.7022072783425681,0.9807608539764007,,0.9802542332035881,0.9813157472762056,108900,0.06349169500026619
ar20,unseen_heading,heave_rate,50,5.0,1,True,542880,0.10711786640253705,,0.07875708441175393,,0.8646383961207528,0.9846518939051889,,0.9842606022008678,0.9849899053043546,108900,0.06349169500026619
ar20,unseen_heading,heave_rate,100,10.0,1,True,542880,0.26500267259077803,,0.18937686620604474,,0.4403061225551369,0.6377644592881018,,0.6278813898964382,0.6462829780216757,108900,0.06349169500026619
ar20,unseen_heading,heave_rate,150,15.0,1,True,542880,0.3951971616527477,,0.27626472435844157,,0.6915545720642212,0.6734311779420523,,0.6638781064650948,0.6829332436863466,108900,0.06349169500026619
ar20,unseen_heading,pitch,10,1.0,1,True,542880,0.01360430378107407,,0.008285484947778433,,0.06419259594153902,0.9550858935040403,,0.9511824799377935,0.9592824943641854,108900,0.06349169500026619
ar20,unseen_heading,pitch,20,2.0,1,True,542880,0.14695592473198785,,0.08836011962318961,,0.11932083976475145,-0.5168463731156481,,-0.6501196937243877,-0.3722333689015093,108900,0.06349169500026619
ar20,unseen_heading,pitch,30,3.0,1,True,542880,0.5285829048705534,,0.31497037588230287,,0.1581323770827971,-10.173381510707255,,-11.15064011328956,-9.109182576287976,108900,0.06349169500026619
ar20,unseen_heading,pitch,50,5.0,1,True,542880,1.1068633002400974,,0.6697549597371706,,0.17469731727052137,-39.14352492044234,,-42.189025453395416,-35.78619863257806,108900,0.06349169500026619
ar20,unseen_heading,pitch,100,10.0,1,True,542880,0.7548131202348067,,0.4660583526965472,,0.10629142820675849,-49.42923683400787,,-53.144198190864955,-45.35932536408607,108900,0.06349169500026619
ar20,unseen_heading,pitch,150,15.0,1,True,542880,0.5260458164166791,,0.3485211288262409,,0.13931379085811119,-13.258010238101921,,-14.235529381311956,-12.262174086267832,108900,0.06349169500026619
ar20,unseen_heading,pitch_rate,10,1.0,1,True,542880,0.044989140612445244,,0.027284993723907292,,0.048713605157262044,0.14706713030422736,,0.0653692717003484,0.2335843128006757,108900,0.06349169500026619
ar20,unseen_heading,pitch_rate,20,2.0,1,True,542880,0.25119941520410755,,0.15007179885072414,,0.08950371033534088,-6.876897056778804,,-7.649388719421387,-6.062212926984893,108900,0.06349169500026619
ar20,unseen_heading,pitch_rate,30,3.0,1,True,542880,0.48702047630495027,,0.2884875053506253,,0.11622431527884762,-16.55902712140308,,-18.29515157816945,-14.737524608345224,108900,0.06349169500026619
ar20,unseen_heading,pitch_rate,50,5.0,1,True,542880,0.3363181643891286,,0.2201467469130187,,0.11920509987056824,-6.959961663950395,,-7.451863164064868,-6.423090094365978,108900,0.06349169500026619
ar20,unseen_heading,pitch_rate,100,10.0,1,True,542880,0.6394807469447544,,0.39739322952478917,,0.0838813737514642,-57.1197688357081,,-61.700519368246695,-52.27851173495603,108900,0.06349169500026619
ar20,unseen_heading,pitch_rate,150,15.0,1,True,542880,0.33999197111644885,,0.22963923980238513,,0.09488319909746933,-11.839812585019917,,-12.558296781141243,-11.06538607196001,108900,0.06349169500026619
ar20,unseen_heading,roll,10,1.0,1,True,542880,0.009257370325463782,,0.006714459347351936,,2.6983944345487956,0.9999882303266531,,0.9999870879750269,0.9999891283479869,108900,0.06349169500026619
ar20,unseen_heading,roll,20,2.0,1,True,542880,0.07779512296504426,,0.0560280091832387,,5.190916990401267,0.9997753964712428,,0.9997542740891748,0.9997925030429056,108900,0.06349169500026619
ar20,unseen_heading,roll,30,3.0,1,True,542880,0.27980533269001356,,0.1999930554261847,,7.291040393838889,0.9985272366575848,,0.99839147269825,0.9986375111109311,108900,0.06349169500026619
ar20,unseen_heading,roll,50,5.0,1,True,542880,1.0784137630053652,,0.7567232541531751,,9.760557569415065,0.9877926445913073,,0.9867902071042727,0.9885924373204162,108900,0.06349169500026619
ar20,unseen_heading,roll,100,10.0,1,True,542880,1.3240315258649036,,0.9786004206286487,,5.02718980701522,0.9306340902689859,,0.9226779399766972,0.9366712519537058,108900,0.06349169500026619
ar20,unseen_heading,roll,150,15.0,1,True,542880,2.2148832159619007,,1.5969377984421058,,7.374083638485099,0.9097835889992552,,0.9036696424704352,0.9148258241327104,108900,0.06349169500026619
ar20,unseen_heading,roll_rate,10,1.0,1,True,542880,0.02672040646973374,,0.019337346730486933,,1.496522493983729,0.9996811990384812,,0.9996552177970275,0.999702544804942,108900,0.06349169500026619
ar20,unseen_heading,roll_rate,20,2.0,1,True,542880,0.12488390708226597,,0.08958590197777139,,2.869729322989601,0.9981062132040587,,0.9979576774726364,0.998229903408027,108900,0.06349169500026619
ar20,unseen_heading,roll_rate,30,3.0,1,True,542880,0.2889475983031968,,0.20538854960429626,,4.009794338695159,0.9948072910480203,,0.9944306438329412,0.9951272782339877,108900,0.06349169500026619
ar20,unseen_heading,roll_rate,50,5.0,1,True,542880,0.4858576655832914,,0.3411000782656886,,5.284985224882037,0.9915485629044033,,0.9910422993210098,0.9919505761039563,108900,0.06349169500026619
ar20,unseen_heading,roll_rate,100,10.0,1,True,542880,1.1309316721586402,,0.805809116416344,,2.6414823571751724,0.8166937364521665,,0.8021136572746168,0.828076834006483,108900,0.06349169500026619
ar20,unseen_heading,roll_rate,150,15.0,1,True,542880,1.5851559685982914,,1.1249461506511786,,4.093644502679639,0.8500578444137274,,0.8425388881661541,0.8561212102009096,108900,0.06349169500026619
ar40,unseen_heading,heave,10,1.0,1,True,542880,0.0021054504551847393,,0.0014714347360395472,,0.4420022912223382,0.9999773096596037,,0.9999769310809566,0.9999776828103868,216900,0.19400881999899866
ar40,unseen_heading,heave,20,2.0,1,True,542880,0.01904340099402354,,0.013271384763325797,,0.8430990468253012,0.9994898101336883,,0.9994812948693828,0.9994980837819694,216900,0.19400881999899866
ar40,unseen_heading,heave,30,3.0,1,True,542880,0.07193854584465817,,0.05048922673809401,,1.1675647610562139,0.9962036927706539,,0.9961505300224716,0.9962546548633286,216900,0.19400881999899866
ar40,unseen_heading,heave,50,5.0,1,True,542880,0.2612090515971166,,0.18833561002185606,,1.4948282814139655,0.969465287665693,,0.9685393587302316,0.9702072898360699,216900,0.19400881999899866
ar40,unseen_heading,heave,100,10.0,1,True,542880,0.523393731431102,,0.37590993312973797,,0.8088824179867767,0.581316117721697,,0.5536013710433535,0.6038797780174026,216900,0.19400881999899866
ar40,unseen_heading,heave,150,15.0,1,True,542880,0.619807981499825,,0.4466223329385973,,1.1495384153377484,0.70928506013391,,0.7025258255210876,0.7151607578548826,216900,0.19400881999899866
ar40,unseen_heading,heave_rate,10,1.0,1,True,542880,0.006192493296401851,,0.004314092473044415,,0.27069553593565016,0.9994766781083623,,0.9994606792906335,0.9994946539980989,216900,0.19400881999899866
ar40,unseen_heading,heave_rate,20,2.0,1,True,542880,0.03178854882977148,,0.022192981858825754,,0.5128966998925041,0.9961586701984352,,0.9960490604935518,0.9962794936668915,216900,0.19400881999899866
ar40,unseen_heading,heave_rate,30,3.0,1,True,542880,0.07525126881220597,,0.053336010035531935,,0.7022072783425681,0.9885158990689014,,0.9882644475832773,0.9887784407815184,216900,0.19400881999899866
ar40,unseen_heading,heave_rate,50,5.0,1,True,542880,0.09816268911273644,,0.07172599385668565,,0.8646383961207528,0.9871108624183729,,0.9867873455913919,0.9873749994441728,216900,0.19400881999899866
ar40,unseen_heading,heave_rate,100,10.0,1,True,542880,0.24255174943214758,,0.17324449585712154,,0.4403061225551369,0.6965414531501307,,0.6862071334212261,0.7052138455287301,216900,0.19400881999899866
ar40,unseen_heading,heave_rate,150,15.0,1,True,542880,0.3848293207260925,,0.26912759759763194,,0.6915545720642212,0.6903412227698772,,0.681631295813094,0.6988503549600354,216900,0.19400881999899866
ar40,unseen_heading,pitch,10,1.0,1,True,542880,0.010723036277147113,,0.006918266927523513,,0.06419259594153902,0.9720960507883694,,0.9701142088902962,0.9742266024609841,216900,0.19400881999899866
ar40,unseen_heading,pitch,20,2.0,1,True,542880,0.11828489028028744,,0.07526644321034527,,0.11932083976475145,0.017288721801500873,,-0.05537633018307331,0.09587099669250256,216900,0.19400881999899866
ar40,unseen_heading,pitch,30,3.0,1,True,542880,0.44440146902372923,,0.28095985784695154,,0.1581323770827971,-6.897858944245626,,-7.483790224063466,-6.25985241288475,216900,0.19400881999899866
ar40,unseen_heading,pitch,50,5.0,1,True,542880,1.0325372322854878,,0.6694826497418139,,0.17469731727052137,-33.933248241852546,,-35.965156114854196,-31.6730480417896,216900,0.19400881999899866
ar40,unseen_heading,pitch,100,10.0,1,True,542880,0.720412032282325,,0.5001652021470602,,0.10629142820675849,-44.93729627291498,,-46.53042574421611,-43.150951900670826,216900,0.19400881999899866
ar40,unseen_heading,pitch,150,15.0,1,True,542880,0.5325696735554541,,0.3847944980282333,,0.13931379085811119,-13.61384999323619,,-14.084973662762286,-13.16708275665795,216900,0.19400881999899866
ar40,unseen_heading,pitch_rate,10,1.0,1,True,542880,0.035319867842566445,,0.02267791701520384,,0.048713605157262044,0.47430046068269116,,0.4321172123168659,0.5195289657965506,216900,0.19400881999899866
ar40,unseen_heading,pitch_rate,20,2.0,1,True,542880,0.2067729973261935,,0.13080631234575305,,0.08950371033534088,-4.337102801138553,,-4.7863170479051655,-3.85788640404206,216900,0.19400881999899866
ar40,unseen_heading,pitch_rate,30,3.0,1,True,542880,0.42931645414433833,,0.2713430210013865,,0.11622431527884762,-12.64460836803322,,-13.796002023081801,-11.433230799862656,216900,0.19400881999899866
ar40,unseen_heading,pitch_rate,50,5.0,1,True,542880,0.28967910658666274,,0.19309356080684473,,0.11920509987056824,-4.905336814555277,,-5.236389137721519,-4.552691361745907,216900,0.19400881999899866
ar40,unseen_heading,pitch_rate,100,10.0,1,True,542880,0.5763657586055674,,0.3582075002019477,,0.0838813737514642,-46.213399807987685,,-50.01167337091388,-42.17235090531122,216900,0.19400881999899866
ar40,unseen_heading,pitch_rate,150,15.0,1,True,542880,0.30956935498276933,,0.2072702410596061,,0.09488319909746933,-9.644794618383383,,-10.28341040757833,-8.955491125893642,216900,0.19400881999899866
ar40,unseen_heading,roll,10,1.0,1,True,542880,0.007666146547592031,,0.00554978279033316,,2.6983944345487956,0.9999919287022406,,0.9999912317616547,0.9999925089446894,216900,0.19400881999899866
ar40,unseen_heading,roll,20,2.0,1,True,542880,0.0667949378700457,,0.048142447739861996,,5.190916990401267,0.9998344234106574,,0.999820507319361,0.9998460396322404,216900,0.19400881999899866
ar40,unseen_heading,roll,30,3.0,1,True,542880,0.25326482178266385,,0.18132647700132526,,7.291040393838889,0.9987933794063965,,0.9986967123275341,0.9988721079911332,216900,0.19400881999899866
ar40,unseen_heading,roll,50,5.0,1,True,542880,1.0512219373275553,,0.7379354298904189,,9.760557569415065,0.9884004918063493,,0.9875673485193005,0.9890708064137026,216900,0.19400881999899866
ar40,unseen_heading,roll,100,10.0,1,True,542880,1.3827055390562084,,1.0146707732746811,,5.02718980701522,0.9243500161528987,,0.9168346432291907,0.93004746589872,216900,0.19400881999899866
ar40,unseen_heading,roll,150,15.0,1,True,542880,2.17329785701561,,1.562098736307449,,7.374083638485099,0.9131394879555309,,0.9076052100036117,0.9176107260035367,216900,0.19400881999899866
ar40,unseen_heading,roll_rate,10,1.0,1,True,542880,0.022140046877279697,,0.01601246014365275,,1.496522493983729,0.9997811278147023,,0.9997654546330932,0.9997944922213863,216900,0.19400881999899866
ar40,unseen_heading,roll_rate,20,2.0,1,True,542880,0.11075725003157655,,0.079571429784466,,2.869729322989601,0.9985104247158827,,0.9984090559892419,0.9985962868660799,216900,0.19400881999899866
ar40,unseen_heading,roll_rate,30,3.0,1,True,542880,0.27394009595755425,,0.19491272862484105,,4.009794338695159,0.9953326860989374,,0.9950413084276196,0.9955749983821163,216900,0.19400881999899866
ar40,unseen_heading,roll_rate,50,5.0,1,True,542880,0.4946215743282236,,0.34490848757659065,,5.284985224882037,0.991240918730883,,0.990783525337388,0.9916037312359477,216900,0.19400881999899866
ar40,unseen_heading,roll_rate,100,10.0,1,True,542880,1.1519074645758198,,0.816603115953199,,2.6414823571751724,0.8098309852071133,,0.7962330647395958,0.8204404522712305,216900,0.19400881999899866
ar40,unseen_heading,roll_rate,150,15.0,1,True,542880,1.6476360543348922,,1.162544605026758,,4.093644502679639,0.8380047340809781,,0.8312372332819908,0.8437264925049481,216900,0.19400881999899866
ar_attitude_only,unseen_heading,heave,10,1.0,1,True,542880,0.009054135638332909,,0.006146584960692416,,0.4420022912223382,0.999580390848561,,0.9995716065379313,0.9995896840699809,108900,0.042470248001336586
ar_attitude_only,unseen_heading,heave,20,2.0,1,True,542880,0.0478890139616151,,0.03270834990649634,,0.8430990468253012,0.9967736268607934,,0.9967109846813624,0.9968400112207262,108900,0.042470248001336586
ar_attitude_only,unseen_heading,heave,30,3.0,1,True,542880,0.12922630944664548,,0.08959717985136754,,1.1675647610562139,0.9877498917771028,,0.9875696286065568,0.9879336525679979,108900,0.042470248001336586
ar_attitude_only,unseen_heading,heave,50,5.0,1,True,542880,0.29222025591302814,,0.21103961894480736,,1.4948282814139655,0.9617846341397104,,0.9607299694158087,0.9626244261415823,108900,0.042470248001336586
ar_attitude_only,unseen_heading,heave,100,10.0,1,True,542880,0.5572703318592835,,0.3962510348821923,,0.8088824179867767,0.5253635862717666,,0.49511406386809537,0.5490743796160131,108900,0.042470248001336586
ar_attitude_only,unseen_heading,heave,150,15.0,1,True,542880,0.6711664567905017,,0.4801105164889543,,1.1495384153377484,0.6591105909012933,,0.6517688264287839,0.6653626720570409,108900,0.042470248001336586
ar_attitude_only,unseen_heading,heave_rate,10,1.0,1,True,542880,0.039038577028652786,,0.027120138890572684,,0.27069553593565016,0.9792017990269183,,0.9788494070030533,0.9795848598914709,108900,0.042470248001336586
ar_attitude_only,unseen_heading,heave_rate,20,2.0,1,True,542880,0.06266418429392448,,0.04302410795555909,,0.5128966998925041,0.9850727786742505,,0.9847076861026185,0.9854419572654038,108900,0.042470248001336586
ar_attitude_only,unseen_heading,heave_rate,30,3.0,1,True,542880,0.09414831646768577,,0.0664194997794681,,0.7022072783425681,0.9820239418701323,,0.9817081777039238,0.9823528859074,108900,0.042470248001336586
ar_attitude_only,unseen_heading,heave_rate,50,5.0,1,True,542880,0.08828471177127441,,0.06372948825379648,,0.8646383961207528,0.9895743780617566,,0.9893632989924042,0.9897464376305735,108900,0.042470248001336586
ar_attitude_only,unseen_heading,heave_rate,100,10.0,1,True,542880,0.2571742772538149,,0.18488534060753575,,0.4403061225551369,0.6588498181921931,,0.647188018207505,0.6687796673982918,108900,0.042470248001336586
ar_attitude_only,unseen_heading,heave_rate,150,15.0,1,True,542880,0.3741253905854925,,0.2646981774905612,,0.6915545720642212,0.7073278131197718,,0.7004539704926548,0.7137962979228791,108900,0.042470248001336586
ar_attitude_only,unseen_heading,pitch,10,1.0,1,True,542880,0.044072609361149206,,0.0265878025562178,,0.06419259594153902,0.5286238005972503,,0.48739120319011603,0.5731907590949845,108900,0.042470248001336586
ar_attitude_only,unseen_heading,pitch,20,2.0,1,True,542880,0.27389382434609144,,0.16513432895557742,,0.11932083976475145,-4.269044636486601,,-4.72096012238139,-3.7727923563346724,108900,0.042470248001336586
ar_attitude_only,unseen_heading,pitch,30,3.0,1,True,542880,0.7074879841379057,,0.4290373684931271,,0.1581323770827971,-19.01688701182557,,-20.68546869081397,-17.203390966893718,108900,0.042470248001336586
ar_attitude_only,unseen_heading,pitch,50,5.0,1,True,542880,0.8951680854550029,,0.5700916181253654,,0.17469731727052137,-25.256492442779994,,-26.95745503107934,-23.358130061164868,108900,0.042470248001336586
ar_attitude_only,unseen_heading,pitch,100,10.0,1,True,542880,0.46661156549938915,,0.33248731151894323,,0.10629142820675849,-18.271455343789842,,-18.771057508563516,-17.741428781187558,108900,0.042470248001336586
ar_attitude_only,unseen_heading,pitch,150,15.0,1,True,542880,0.4191436094889495,,0.30254555531612487,,0.13931379085811119,-8.051852701682213,,-8.370181453597912,-7.740617900564267,108900,0.042470248001336586
ar_attitude_only,unseen_heading,pitch_rate,10,1.0,1,True,542880,0.12331404224274116,,0.07307601468206777,,0.048713605157262044,-5.408029833836967,,-6.044540634894932,-4.768225955264233,108900,0.042470248001336586
ar_attitude_only,unseen_heading,pitch_rate,20,2.0,1,True,542880,0.3551597435883429,,0.21108696068662788,,0.08950371033534088,-14.7458238706205,,-16.319522576225946,-13.13174406880713,108900,0.042470248001336586
ar_attitude_only,unseen_heading,pitch_rate,30,3.0,1,True,542880,0.45066542981942037,,0.27315095866305583,,0.11622431527884762,-14.035383066890804,,-15.476310472691468,-12.547443041503913,108900,0.042470248001336586
ar_attitude_only,unseen_heading,pitch_rate,50,5.0,1,True,542880,0.5513056908187287,,0.33642598980739,,0.11920509987056824,-20.389236333928036,,-22.17371439524215,-18.46425421007185,108900,0.042470248001336586
ar_attitude_only,unseen_heading,pitch_rate,100,10.0,1,True,542880,0.6313557704771392,,0.38757198546846566,,0.0838813737514642,-55.65225998666493,,-60.506249002489035,-50.531957212194015,108900,0.042470248001336586
ar_attitude_only,unseen_heading,pitch_rate,150,15.0,1,True,542880,0.31927165332109236,,0.2171804072501454,,0.09488319909746933,-10.322493614149268,,-10.977979834915672,-9.610721631677592,108900,0.042470248001336586
ar_attitude_only,unseen_heading,roll,10,1.0,1,True,542880,0.034655783804671034,,0.024962397344198414,,2.6983944345487956,0.999835054456435,,0.9998197932334834,0.999847554780307,108900,0.042470248001336586
ar_attitude_only,unseen_heading,roll,20,2.0,1,True,542880,0.17062106398768803,,0.12249921678026293,,5.190916990401267,0.9989196185376599,,0.9988219270597473,0.9990002283100323,108900,0.042470248001336586
ar_attitude_only,unseen_heading,roll,30,3.0,1,True,542880,0.4607706457661203,,0.3287527321959075,,7.291040393838889,0.9960061605830645,,0.9956654700863944,0.996285849258402,108900,0.042470248001336586
ar_attitude_only,unseen_heading,roll,50,5.0,1,True,542880,1.2762328340317561,,0.8911025355212692,,9.760557569415065,0.9829033676495299,,0.9816523294709686,0.983903624100338,108900,0.042470248001336586
ar_attitude_only,unseen_heading,roll,100,10.0,1,True,542880,1.6192383046962286,,1.1817532160220763,,5.02718980701522,0.8962540928955254,,0.8859969775381843,0.9040788406475778,108900,0.042470248001336586
ar_attitude_only,unseen_heading,roll,150,15.0,1,True,542880,2.3370406918902296,,1.684654745054716,,7.374083638485099,0.899557750586023,,0.8925673078930298,0.9052847391123571,108900,0.042470248001336586
ar_attitude_only,unseen_heading,roll_rate,10,1.0,1,True,542880,0.11239757944605448,,0.07886745825727273,,1.496522493983729,0.9943591127520726,,0.9940058627676347,0.9946554640731746,108900,0.042470248001336586
ar_attitude_only,unseen_heading,roll_rate,20,2.0,1,True,542880,0.21020500883130136,,0.15035369122027722,,2.869729322989601,0.9946345735005994,,0.9942081639925441,0.9949923734608864,108900,0.042470248001336586
ar_attitude_only,unseen_heading,roll_rate,30,3.0,1,True,542880,0.36545720636993867,,0.25948554857557504,,4.009794338695159,0.9916932935461569,,0.9911025134206654,0.9921869745253448,108900,0.042470248001336586
ar_attitude_only,unseen_heading,roll_rate,50,5.0,1,True,542880,0.4893883959510854,,0.34878532610652024,,5.284985224882037,0.9914252833082363,,0.9909123205643433,0.991835832833804,108900,0.042470248001336586
ar_attitude_only,unseen_heading,roll_rate,100,10.0,1,True,542880,1.1500222907179312,,0.8167489151816782,,2.6414823571751724,0.8104529245733849,,0.7973980261046865,0.8206177398096608,108900,0.042470248001336586
ar_attitude_only,unseen_heading,roll_rate,150,15.0,1,True,542880,1.6477185068125542,,1.1593946106525246,,4.093644502679639,0.8379885202512083,,0.8315165492161614,0.8433481827343249,108900,0.042470248001336586
damped_persistence,unseen_heading,heave,10,1.0,1,True,542880,0.55052763637203,,0.3601598337440562,,0.4420022912223382,-0.5513479261186194,,-0.5768050341781329,-0.5211779984684661,6,0.14010008799959905
damped_persistence,unseen_heading,heave,20,2.0,1,True,542880,0.7901941547947909,,0.5144698819233074,,0.8430990468253012,0.12156338651723986,,0.10711842834903483,0.13869390094674675,6,0.14010008799959905
damped_persistence,unseen_heading,heave,30,3.0,1,True,542880,0.8676643854970574,,0.5614664759968219,,1.1675647610562139,0.4477425470944626,,0.4392658552668353,0.457808559008037,6,0.14010008799959905
damped_persistence,unseen_heading,heave,50,5.0,1,True,542880,0.8283708848356938,,0.5315769216278745,,1.4948282814139655,0.6929090340666021,,0.690774779745697,0.695281354687885,6,0.14010008799959905
damped_persistence,unseen_heading,heave,100,10.0,1,True,542880,0.7409930399650076,,0.48913035261083154,,0.8088824179867767,0.16081547577724042,,0.12338148286884379,0.19162210758664272,6,0.14010008799959905
damped_persistence,unseen_heading,heave,150,15.0,1,True,542880,0.8279899051841445,,0.5275625646561772,,1.1495384153377484,0.4811962511813892,,0.4650873894300519,0.4998525869395625,6,0.14010008799959905
damped_persistence,unseen_heading,heave_rate,10,1.0,1,True,542880,0.3316157214131847,,0.22745655110767443,,0.27069553593565016,-0.500748906468039,,-0.5261433464879627,-0.47196944981945715,6,0.14010008799959905
damped_persistence,unseen_heading,heave_rate,20,2.0,1,True,542880,0.46162988178206654,,0.31541087946145874,,0.5128966998925041,0.18991979983488516,,0.17646673772311208,0.2051108469787208,6,0.14010008799959905
damped_persistence,unseen_heading,heave_rate,30,3.0,1,True,542880,0.496349416351491,,0.33736685841342723,,0.7022072783425681,0.5003747507945309,,0.4928724837676808,0.5090997794680006,6,0.14010008799959905
damped_persistence,unseen_heading,heave_rate,50,5.0,1,True,542880,0.4667822332573298,,0.31526278425213705,,0.8646383961207528,0.7085529926783214,,0.7069659161100987,0.7102691091246832,6,0.14010008799959905
damped_persistence,unseen_heading,heave_rate,100,10.0,1,True,542880,0.4361139572985026,,0.30097607839912344,,0.4403061225551369,0.018951398535879238,,-0.017227448688535166,0.05067515768033355,6,0.14010008799959905
damped_persistence,unseen_heading,heave_rate,150,15.0,1,True,542880,0.4693560716619009,,0.3148028502347044,,0.6915545720642212,0.5393702678263137,,0.5270566648719814,0.5525412249554869,6,0.14010008799959905
damped_persistence,unseen_heading,pitch,10,1.0,1,True,542880,0.0732061022615131,,0.053738180084626046,,0.06419259594153902,-0.3005429243246496,,-0.3158900523667734,-0.2837421219356545,6,0.14010008799959905
damped_persistence,unseen_heading,pitch,20,2.0,1,True,542880,0.09789086156514738,,0.07162935948309102,,0.11932083976475145,0.3269432263935854,,0.31894225705794316,0.3354990796143806,6,0.14010008799959905
damped_persistence,unseen_heading,pitch,30,3.0,1,True,542880,0.10206290518534039,,0.07434569302788673,,0.1581323770827971,0.5834239922266599,,0.5788492073478673,0.5883249368480639,6,0.14010008799959905
damped_persistence,unseen_heading,pitch,50,5.0,1,True,542880,0.09401603640734212,,0.06814235272045492,,0.17469731727052137,0.7103780960179756,,0.7096549043641441,0.7111036272063942,6,0.14010008799959905
damped_persistence,unseen_heading,pitch,100,10.0,1,True,542880,0.09359291748944083,,0.0687113956029405,,0.10629142820675849,0.22466482801425736,,0.21293355485006185,0.23733857639951397,6,0.14010008799959905
damped_persistence,unseen_heading,pitch,150,15.0,1,True,542880,0.09485017101650639,,0.06869725564884692,,0.13931379085811119,0.536459145895823,,0.5279458167116976,0.5448223836531191,6,0.14010008799959905
damped_persistence,unseen_heading,pitch_rate,10,1.0,1,True,542880,0.05442332411414198,,0.040827129401411325,,0.048713605157262044,-0.24815806008980057,,-0.25720826364390553,-0.23853386393346226,6,0.14010008799959905
damped_persistence,unseen_heading,pitch_rate,20,2.0,1,True,542880,0.06967146811834166,,0.05213898773751681,,0.08950371033534088,0.39406247894846813,,0.3896658136224157,0.39874520281699494,6,0.14010008799959905
damped_persistence,unseen_heading,pitch_rate,30,3.0,1,True,542880,0.07092254275502219,,0.05290917515274204,,0.11622431527884762,0.6276300700973014,,0.6251404698262467,0.6301929317943717,6,0.14010008799959905
damped_persistence,unseen_heading,pitch_rate,50,5.0,1,True,542880,0.06504168745571565,,0.04837702119118025,,0.11920509987056824,0.7022896533107787,,0.7016154303282542,0.7029179435557601,6,0.14010008799959905
damped_persistence,unseen_heading,pitch_rate,100,10.0,1,True,542880,0.06682681746434296,,0.05008288637969332,,0.0838813737514642,0.3652970906794193,,0.3579027437479718,0.37352257738809497,6,0.14010008799959905
damped_persistence,unseen_heading,pitch_rate,150,15.0,1,True,542880,0.06607566783600953,,0.04920946935904585,,0.09488319909746933,0.5150416017852841,,0.5078444607319312,0.521530439071963,6,0.14010008799959905
damped_persistence,unseen_heading,roll,10,1.0,1,True,542880,3.4170772235484117,,1.9996438737683864,,2.6983944345487956,-0.6036098767030573,,-0.6152291276763371,-0.5883217875331015,6,0.14010008799959905
damped_persistence,unseen_heading,roll,20,2.0,1,True,542880,5.067345158099167,,2.954793642479929,,5.190916990401267,0.04704409427218892,,0.04031433516469398,0.05586219361340909,6,0.14010008799959905
damped_persistence,unseen_heading,roll,30,3.0,1,True,542880,5.665021302730906,,3.289463050319887,,7.291040393838889,0.39629595467451506,,0.3923087249016715,0.40142711675555437,6,0.14010008799959905
damped_persistence,unseen_heading,roll,50,5.0,1,True,542880,5.3593841912211975,,3.100582120372529,,9.760557569415065,0.698504713381883,,0.6973888720874071,0.6998122038515945,6,0.14010008799959905
damped_persistence,unseen_heading,roll,100,10.0,1,True,542880,4.719535846614689,,2.794851619258649,,5.02718980701522,0.11865080426968322,,0.09708250528369407,0.13530493473643773,6,0.14010008799959905
damped_persistence,unseen_heading,roll,150,15.0,1,True,542880,5.636052174088223,,3.2231418842584088,,7.374083638485099,0.4158372080307582,,0.40547976315323503,0.4284587410239893,6,0.14010008799959905
damped_persistence,unseen_heading,roll_rate,10,1.0,1,True,542880,1.869391639516578,,1.14156430123252,,1.496522493983729,-0.5603933617297807,,-0.5758624981886334,-0.5415273839819031,6,0.14010008799959905
damped_persistence,unseen_heading,roll_rate,20,2.0,1,True,542880,2.74929529239279,,1.67173696142016,,2.869729322989601,0.08217283774521533,,0.07350149356095328,0.09296328379246287,6,0.14010008799959905
damped_persistence,unseen_heading,roll_rate,30,3.0,1,True,542880,3.0527849951116175,,1.8465706344902024,,4.009794338695159,0.42037349021760506,,0.4154091263505003,0.4265066461064473,6,0.14010008799959905
damped_persistence,unseen_heading,roll_rate,50,5.0,1,True,542880,2.8717160163179467,,1.7286939443515386,,5.284985224882037,0.7047462476502229,,0.7036759123421237,0.7059561674383126,6,0.14010008799959905
damped_persistence,unseen_heading,roll_rate,100,10.0,1,True,542880,2.582844899578626,,1.5918194816567843,,2.6414823571751724,0.04390460527634643,,0.018802086967768087,0.063596473959567,6,0.14010008799959905
damped_persistence,unseen_heading,roll_rate,150,15.0,1,True,542880,3.0142548565176526,,1.7900031308221729,,4.093644502679639,0.4578247504017263,,0.44722717882338436,0.4701124286383478,6,0.14010008799959905
dlinear,unseen_heading,heave,10,1.0,3,False,542880,0.011117302992900773,0.000597575883612171,0.00730542963205727,0.0005938016183890346,0.4420022912223382,0.9993661513552429,6.8919878954293e-05,0.9992746578614652,0.9994366160802258,60300,1030.8916078613354
dlinear,unseen_heading,heave,20,2.0,3,False,542880,0.07988525530446372,0.00020029147245960365,0.05067055474063039,0.00035111485574490644,0.8430990468253012,0.9910220356115369,4.500282223286761e-05,0.9906876201038857,0.9914230538370945,60300,1030.8916078613354
dlinear,unseen_heading,heave,30,3.0,3,False,542880,0.20200209099081645,0.0005999177115892247,0.12845370838599532,0.0004672062343940889,1.1675647610562139,0.9700668566163942,0.00017768753290643016,0.9690121435647034,0.9712969139587467,60300,1030.8916078613354
dlinear,unseen_heading,heave,50,5.0,3,False,542880,0.2488943969710856,0.00038002598453977055,0.15967526826207443,0.0005508970783673237,1.4948282814139655,0.9722764843219878,8.468610664912496e-05,0.9715292747757186,0.9730065896356775,60300,1030.8916078613354
dlinear,unseen_heading,heave,100,10.0,3,False,542880,0.5054403303058218,0.00012138244159393594,0.3420574901040669,0.00032602001163262016,0.8088824179867767,0.6095467786685952,0.00018753438867931077,0.5890581925196158,0.62641319737804,60300,1030.8916078613354
dlinear,unseen_heading,heave,150,15.0,3,False,542880,0.6960649647673977,0.00028341676098904515,0.4683667789682125,0.000283023495881119,1.1495384153377484,0.6333492147604426,0.00029861267843247856,0.6266972544323205,0.6394451218259134,60300,1030.8916078613354
dlinear,unseen_heading,heave_rate,10,1.0,3,False,542880,0.006121800433616893,0.0006061029187388296,0.004359513559273197,0.0004731142416797752,0.27069553593565016,0.9994852160319222,0.00010354907448450042,0.9993610510895978,0.9995764851509855,60300,1030.8916078613354
dlinear,unseen_heading,heave_rate,20,2.0,3,False,542880,0.042013164443818134,0.00027674626002736094,0.029086892317164617,0.00029035781365081034,0.5128966998925041,0.9932899842264624,8.85529307422747e-05,0.9930810511764009,0.9934901904748785,60300,1030.8916078613354
dlinear,unseen_heading,heave_rate,30,3.0,3,False,542880,0.10609881050483011,0.00043439173765833866,0.07349216105751961,0.0004753286269183983,0.7022072783425681,0.9771705614980676,0.00018683175597891403,0.97667576498158,0.9777569333066862,60300,1030.8916078613354
dlinear,unseen_heading,heave_rate,50,5.0,3,False,542880,0.13260408359483983,0.00048810193326141835,0.0921158975819974,0.0004057718357979538,0.8646383961207528,0.9764793843538114,0.00017333537088202729,0.9759536330930969,0.9768506192247572,60300,1030.8916078613354
dlinear,unseen_heading,heave_rate,100,10.0,3,False,542880,0.2981344967547118,0.00028464905879462454,0.2126094278135079,0.00029757006023955633,0.4403061225551369,0.5415254043240814,0.0008757088150598074,0.5159177240996893,0.5625672242389915,60300,1030.8916078613354
dlinear,unseen_heading,heave_rate,150,15.0,3,False,542880,0.40973908159501615,0.0001738840906632753,0.2885947721899793,0.00017125692591857256,0.6915545720642212,0.6489557064966135,0.0002979845254055119,0.6446151294084259,0.6524359081957023,60300,1030.8916078613354
dlinear,unseen_heading,pitch,10,1.0,3,False,542880,0.001925396455293684,0.00031169703644872196,0.0015360517869974523,0.0003158122833256343,0.06419259594153902,0.9990846382252269,0.00030353555991966176,0.9986882506399157,0.9993045241632952,60300,1030.8916078613354
dlinear,unseen_heading,pitch,20,2.0,3,False,542880,0.010019714451303473,0.0003085370373272966,0.007555185919533165,0.0002859714824470041,0.11932083976475145,0.9929440980823739,0.0004364023392515738,0.9923993588089065,0.9933531923469101,60300,1030.8916078613354
dlinear,unseen_heading,pitch,30,3.0,3,False,542880,0.024376733315984334,0.00036726209616929305,0.01826183160017983,0.000327962172669518,0.1581323770827971,0.976232958309681,0.000716263663859416,0.9753209627634248,0.9770555977245006,60300,1030.8916078613354
dlinear,unseen_heading,pitch,50,5.0,3,False,542880,0.030597411911277256,0.0001373074962373745,0.022873481777365937,0.00012630157526476852,0.17469731727052137,0.9693237163249327,0.0002749630482614861,0.9686479249354767,0.9700495679944486,60300,1030.8916078613354
dlinear,unseen_heading,pitch,100,10.0,3,False,542880,0.07370825647048022,9.644034974466723e-05,0.05538480729815331,8.526049707073069e-05,0.10629142820675849,0.5191204737251852,0.0012579433150885526,0.5076781728290289,0.5307475759855685,60300,1030.8916078613354
dlinear,unseen_heading,pitch,150,15.0,3,False,542880,0.09185330314632478,6.639508382881804e-05,0.0680434270361977,5.5157972283550865e-05,0.13931379085811119,0.5652881403080808,0.0006284949790189882,0.558042231495934,0.5715281841564166,60300,1030.8916078613354
dlinear,unseen_heading,pitch_rate,10,1.0,3,False,542880,0.0015342274845092912,0.00024363738360760846,0.0012181952319065745,0.00023458099376183193,0.048713605157262044,0.9989913985258765,0.0003259580718178727,0.9985813560736052,0.9992484195005688,60300,1030.8916078613354
dlinear,unseen_heading,pitch_rate,20,2.0,3,False,542880,0.007961816300048656,0.00021802924876022396,0.0060819576128284215,0.00019326610494758295,0.08950371033534088,0.9920830246501392,0.0004350624909461794,0.9915402520470514,0.9925053722934147,60300,1030.8916078613354
dlinear,unseen_heading,pitch_rate,30,3.0,3,False,542880,0.01901213398864593,0.0003028502326954303,0.014459769211863848,0.0002539984974926569,0.11622431527884762,0.9732366052356687,0.0008551992947936272,0.9720752832529218,0.9740934422105261,60300,1030.8916078613354
dlinear,unseen_heading,pitch_rate,50,5.0,3,False,542880,0.02391343925090734,9.661306721729207e-05,0.018168149181958106,8.63359499430331e-05,0.11920509987056824,0.9597561856950475,0.00032517504018019866,0.9588624783323653,0.9605529682972173,60300,1030.8916078613354
dlinear,unseen_heading,pitch_rate,100,10.0,3,False,542880,0.057700189705073644,6.505623739557665e-05,0.043902445748467876,5.698778733337004e-05,0.0838813737514642,0.5268228313561001,0.0010667769810140384,0.5204125081199558,0.5339757822070001,60300,1030.8916078613354
dlinear,unseen_heading,pitch_rate,150,15.0,3,False,542880,0.06695926091745406,4.718283979613787e-05,0.05039225757281925,3.723651902831082e-05,0.09488319909746933,0.5019845588168119,0.0007018792105793903,0.49362346424016557,0.5090502416689422,60300,1030.8916078613354
dlinear,unseen_heading,roll,10,1.0,3,False,542880,0.04524901579493431,0.0056556946986973024,0.028709833260435618,0.0033734136000904773,2.6983944345487956,0.9997158764536812,6.915547478932539e-05,0.9996445231647936,0.999793727219253,60300,1030.8916078613354
dlinear,unseen_heading,roll,20,2.0,3,False,542880,0.36405773142802983,0.00713867493540761,0.2197474563792838,0.002791897049420706,5.190916990401267,0.9950800163615096,0.00019237841393795942,0.9948726235401468,0.995319772608297,60300,1030.8916078613354
dlinear,unseen_heading,roll,30,3.0,3,False,542880,0.8929439907270323,0.008760273303926227,0.542800669542625,0.0032029015727029794,7.291040393838889,0.984999791535909,0.00029388268136803895,0.9846255559625735,0.9854280162838635,60300,1030.8916078613354
dlinear,unseen_heading,roll,50,5.0,3,False,542880,1.0942055188620545,0.012406226415446881,0.6731121044497098,0.005378944379910514,9.760557569415065,0.987431432977182,0.0002856609750546401,0.9868832733273507,0.987852593697379,60300,1030.8916078613354
dlinear,unseen_heading,roll,100,10.0,3,False,542880,2.3908969897258676,0.018372196629213383,1.510267623419594,0.00797201987503723,5.02718980701522,0.7738022605206857,0.0034816304234237894,0.7603223056987717,0.7841186846173037,60300,1030.8916078613354
dlinear,unseen_heading,roll,150,15.0,3,False,542880,3.488873256363655,0.014705854857123528,2.1718471984817738,0.006828673146680225,7.374083638485099,0.7761488081285934,0.0018890704378065413,0.7709290714358366,0.7803094846211844,60300,1030.8916078613354
dlinear,unseen_heading,roll_rate,10,1.0,3,False,542880,0.025845032191536277,0.003092781658291556,0.017446440865705123,0.00198248043163023,1.496522493983729,0.9996988977028992,7.222041173600484e-05,0.9996105279694484,0.9997711756828827,60300,1030.8916078613354
dlinear,unseen_heading,roll_rate,20,2.0,3,False,542880,0.19984750239741753,0.003119968791749888,0.12817341744853258,0.0011498636427152672,2.869729322989601,0.9951495041244872,0.00015129241777976182,0.9949692269373245,0.9953431471832883,60300,1030.8916078613354
dlinear,unseen_heading,roll_rate,30,3.0,3,False,542880,0.491226673982122,0.0033941036185371966,0.3167838827165674,0.0010448189660510396,4.009794338695159,0.984991630685402,0.00020704342296386694,0.9846769692541982,0.9853812836565844,60300,1030.8916078613354
dlinear,unseen_heading,roll_rate,50,5.0,3,False,542880,0.6047843564171467,0.005494176372379757,0.3940578054887272,0.0024957457636177027,5.284985224882037,0.9869040370774109,0.00023803644663538843,0.9863482020076607,0.9874199368348596,60300,1030.8916078613354
dlinear,unseen_heading,roll_rate,100,10.0,3,False,542880,1.3594864432523364,0.007683157697367215,0.9050975309410676,0.0033089580793903175,2.6414823571751724,0.735111209033123,0.002998107746566766,0.7179146652040241,0.7483609299849193,60300,1030.8916078613354
dlinear,unseen_heading,roll_rate,150,15.0,3,False,542880,1.958091028090851,0.0068819407004678925,1.2763633686676092,0.003178720594415131,4.093644502679639,0.7712036557958896,0.0016095171357206402,0.76557670392613,0.7759633736840273,60300,1030.8916078613354
dlinear_ols,unseen_heading,heave,10,1.0,1,True,542880,0.0034015743714611232,,0.0021929358657120594,,0.4420022912223382,0.9999407742048384,,0.999938993920138,0.9999428340456583,60300,0.19044610399578232
dlinear_ols,unseen_heading,heave,20,2.0,1,True,542880,0.03358598089330591,,0.021600215979492344,,0.8430990468253012,0.9984130659577314,,0.9983663934981739,0.9984675814475302,60300,0.19044610399578232
dlinear_ols,unseen_heading,heave,30,3.0,1,True,542880,0.11967197863967695,,0.07662502826090514,,1.1675647610562139,0.9894943486054287,,0.9892031503390976,0.9898385696355525,60300,0.19044610399578232
dlinear_ols,unseen_heading,heave,50,5.0,1,True,542880,0.25645077054485793,,0.16181777245366002,,1.4948282814139655,0.9705676184538744,,0.9698268189615915,0.9714036143810914,60300,0.19044610399578232
dlinear_ols,unseen_heading,heave,100,10.0,1,True,542880,0.5067907016674468,,0.3369904503725581,,0.8088824179867767,0.6074576799907263,,0.5901724152939875,0.6219790672544082,60300,0.19044610399578232
dlinear_ols,unseen_heading,heave,150,15.0,1,True,542880,0.688914645255117,,0.46382803244098286,,1.1495384153377484,0.6408433961147497,,0.6346863740258395,0.646716209370508,60300,0.19044610399578232
dlinear_ols,unseen_heading,heave_rate,10,1.0,1,True,542880,0.0018270504091965883,,0.0012759555501826371,,0.27069553593565016,0.9999544447040748,,0.9999538246824686,0.999955130116455,60300,0.19044610399578232
dlinear_ols,unseen_heading,heave_rate,20,2.0,1,True,542880,0.017968479455745288,,0.012523424428075657,,0.5128966998925041,0.9987726657737425,,0.9987562434093123,0.9987904751403669,60300,0.19044610399578232
dlinear_ols,unseen_heading,heave_rate,30,3.0,1,True,542880,0.06357312052524097,,0.044150729472307186,,0.7022072783425681,0.9918037271780543,,0.9916998318717011,0.9919146080768094,60300,0.19044610399578232
dlinear_ols,unseen_heading,heave_rate,50,5.0,1,True,542880,0.1334617655807724,,0.09156030886081867,,0.8646383961207528,0.9761743533314315,,0.9758836362854858,0.9764558343493969,60300,0.19044610399578232
dlinear_ols,unseen_heading,heave_rate,100,10.0,1,True,542880,0.29003810233363075,,0.20474629756405333,,0.4403061225551369,0.5660889990080313,,0.5457186574843466,0.5836057217922913,60300,0.19044610399578232
dlinear_ols,unseen_heading,heave_rate,150,15.0,1,True,542880,0.4061757107080625,,0.28626655929060985,,0.6915545720642212,0.6550350394768119,,0.6511180894282775,0.6583402003535145,60300,0.19044610399578232
dlinear_ols,unseen_heading,pitch,10,1.0,1,True,542880,0.0004345382378068075,,0.00032566716442745025,,0.06419259594153902,0.9999541767255448,,0.9999539500838649,0.9999543665454683,60300,0.19044610399578232
dlinear_ols,unseen_heading,pitch,20,2.0,1,True,542880,0.004226492260650033,,0.003164275321887962,,0.11932083976475145,0.998745335662853,,0.9987385281733936,0.9987509567339955,60300,0.19044610399578232
dlinear_ols,unseen_heading,pitch,30,3.0,1,True,542880,0.014676777400875878,,0.010966622407140135,,0.1581323770827971,0.9913857034961921,,0.9913276120873981,0.9914328740558963,60300,0.19044610399578232
dlinear_ols,unseen_heading,pitch,50,5.0,1,True,542880,0.029195558147574074,,0.021672476343776337,,0.17469731727052137,0.9720706329889959,,0.9717150177057757,0.9723895920006772,60300,0.19044610399578232
dlinear_ols,unseen_heading,pitch,100,10.0,1,True,542880,0.06909224069112609,,0.0517082823414747,,0.10629142820675849,0.5774656026997982,,0.5691424105086506,0.5858371055103009,60300,0.19044610399578232
dlinear_ols,unseen_heading,pitch,150,15.0,1,True,542880,0.0914495974492039,,0.06779931205210306,,0.13931379085811119,0.5691011090324443,,0.5624843513373866,0.5748526610978888,60300,0.19044610399578232
dlinear_ols,unseen_heading,pitch_rate,10,1.0,1,True,542880,0.0003474047196166091,,0.00026421990106142426,,0.048713605157262044,0.9999491406406787,,0.9999488777116237,0.9999493650827016,60300,0.19044610399578232
dlinear_ols,unseen_heading,pitch_rate,20,2.0,1,True,542880,0.0033572522293392397,,0.002552264581957861,,0.08950371033534088,0.9985930266757387,,0.9985850536029378,0.9985999087001876,60300,0.19044610399578232
dlinear_ols,unseen_heading,pitch_rate,30,3.0,1,True,542880,0.011531634413907395,,0.00875893822341153,,0.11622431527884762,0.9901556343003943,,0.9900891293776681,0.9902111505062676,60300,0.19044610399578232
dlinear_ols,unseen_heading,pitch_rate,50,5.0,1,True,542880,0.02220345242608229,,0.01680789482698249,,0.11920509987056824,0.965306241994536,,0.9648913819383966,0.9656569466705485,60300,0.19044610399578232
dlinear_ols,unseen_heading,pitch_rate,100,10.0,1,True,542880,0.0534431202505326,,0.040576648221527276,,0.0838813737514642,0.5940686961633197,,0.5894575615498804,0.5989755808420778,60300,0.19044610399578232
dlinear_ols,unseen_heading,pitch_rate,150,15.0,1,True,542880,0.0668373325423203,,0.05033318687874226,,0.09488319909746933,0.5037967779570565,,0.4960664001933537,0.5103755284278841,60300,0.19044610399578232
dlinear_ols,unseen_heading,roll,10,1.0,1,True,542880,0.015276640666532351,,0.00936521601981156,,2.6983944345487956,0.9999679487581055,,0.9999676447225067,0.9999682401969122,60300,0.19044610399578232
dlinear_ols,unseen_heading,roll,20,2.0,1,True,542880,0.15058283045087753,,0.09220556007593157,,5.190916990401267,0.9991584832897231,,0.9991498309800143,0.9991664455122796,60300,0.19044610399578232
dlinear_ols,unseen_heading,roll,30,3.0,1,True,542880,0.5350110459489595,,0.3268571199066671,,7.291040393838889,0.994615486270692,,0.994554095039745,0.9946711859019429,60300,0.19044610399578232
dlinear_ols,unseen_heading,roll,50,5.0,1,True,542880,1.1318522177600532,,0.6879449438065275,,9.760557569415065,0.9865528516023973,,0.9863270760564061,0.9867516073082051,60300,0.19044610399578232
dlinear_ols,unseen_heading,roll,100,10.0,1,True,542880,2.3952787332635044,,1.4941622692321341,,5.02718980701522,0.7729813422611665,,0.7642735383871753,0.7797608906464392,60300,0.19044610399578232
dlinear_ols,unseen_heading,roll,150,15.0,1,True,542880,3.460186268033761,,2.1545869682139216,,7.374083638485099,0.7798174798558232,,0.7765663547593474,0.7826238784041809,60300,0.19044610399578232
dlinear_ols,unseen_heading,roll_rate,10,1.0,1,True,542880,0.008467023727809752,,0.005511258734508277,,1.496522493983729,0.9999679893085258,,0.9999675925244085,0.9999683157710776,60300,0.19044610399578232
dlinear_ols,unseen_heading,roll_rate,20,2.0,1,True,542880,0.08329222779894192,,0.054126023480641355,,2.869729322989601,0.9991575830711297,,0.9991456810407053,0.9991670447949067,60300,0.19044610399578232
dlinear_ols,unseen_heading,roll_rate,30,3.0,1,True,542880,0.2949316299234349,,0.19105956218264683,,4.009794338695159,0.9945899845523488,,0.9945048958022524,0.9946598868823485,60300,0.19044610399578232
dlinear_ols,unseen_heading,roll_rate,50,5.0,1,True,542880,0.6182303681230776,,0.3972905595247268,,5.284985224882037,0.9863159984877808,,0.9860070403203977,0.9865742288885357,60300,0.19044610399578232
dlinear_ols,unseen_heading,roll_rate,100,10.0,1,True,542880,1.344329253600431,,0.8841072669425951,,2.6414823571751724,0.7409903947601415,,0.7285938350092501,0.7506832845484246,60300,0.19044610399578232
dlinear_ols,unseen_heading,roll_rate,150,15.0,1,True,542880,1.94237852170608,,1.2667185607621854,,4.093644502679639,0.7748626843227839,,0.7709949023496071,0.7783633739138828,60300,0.19044610399578232
persistence,unseen_heading,heave,10,1.0,1,True,542880,0.4420022912223382,,0.30063927123510004,,0.4420022912223382,0.0,,0.0,0.0,0,0.0
persistence,unseen_heading,heave,20,2.0,1,True,542880,0.8430990468253012,,0.5707843701365951,,0.8430990468253012,0.0,,0.0,0.0,0,0.0
persistence,unseen_heading,heave,30,3.0,1,True,542880,1.1675647610562139,,0.7838937488047429,,1.1675647610562139,0.0,,0.0,0.0,0,0.0
persistence,unseen_heading,heave,50,5.0,1,True,542880,1.4948282814139655,,0.971939576955159,,1.4948282814139655,0.0,,0.0,0.0,0,0.0
persistence,unseen_heading,heave,100,10.0,1,True,542880,0.8088824179867767,,0.4964530464052882,,0.8088824179867767,0.0,,0.0,0.0,0,0.0
persistence,unseen_heading,heave,150,15.0,1,True,542880,1.1495384153377484,,0.7646654431638492,,1.1495384153377484,0.0,,0.0,0.0,0,0.0
persistence,unseen_heading,heave_rate,10,1.0,1,True,542880,0.27069553593565016,,0.19156324074816905,,0.27069553593565016,0.0,,0.0,0.0,0,0.0
persistence,unseen_heading,heave_rate,20,2.0,1,True,542880,0.5128966998925041,,0.3615352140781937,,0.5128966998925041,0.0,,0.0,0.0,0,0.0
persistence,unseen_heading,heave_rate,30,3.0,1,True,542880,0.7022072783425681,,0.49145731200782944,,0.7022072783425681,0.0,,0.0,0.0,0,0.0
persistence,unseen_heading,heave_rate,50,5.0,1,True,542880,0.8646383961207528,,0.5878231229898905,,0.8646383961207528,0.0,,0.0,0.0,0,0.0
persistence,unseen_heading,heave_rate,100,10.0,1,True,542880,0.4403061225551369,,0.2976066623716509,,0.4403061225551369,0.0,,0.0,0.0,0,0.0
persistence,unseen_heading,heave_rate,150,15.0,1,True,542880,0.6915545720642212,,0.4710239193251789,,0.6915545720642212,0.0,,0.0,0.0,0,0.0
persistence,unseen_heading,pitch,10,1.0,1,True,542880,0.06419259594153902,,0.04791401236999541,,0.06419259594153902,0.0,,0.0,0.0,0,0.0
persistence,unseen_heading,pitch,20,2.0,1,True,542880,0.11932083976475145,,0.08882699858711009,,0.11932083976475145,0.0,,0.0,0.0,0,0.0
persistence,unseen_heading,pitch,30,3.0,1,True,542880,0.1581323770827971,,0.11713035541824833,,0.1581323770827971,0.0,,0.0,0.0,0,0.0
persistence,unseen_heading,pitch,50,5.0,1,True,542880,0.17469731727052137,,0.12636845234075147,,0.17469731727052137,0.0,,0.0,0.0,0,0.0
persistence,unseen_heading,pitch,100,10.0,1,True,542880,0.10629142820675849,,0.07988724369223929,,0.10629142820675849,0.0,,0.0,0.0,0,0.0
persistence,unseen_heading,pitch,150,15.0,1,True,542880,0.13931379085811119,,0.09905409400109695,,0.13931379085811119,0.0,,0.0,0.0,0,0.0
persistence,unseen_heading,pitch_rate,10,1.0,1,True,542880,0.048713605157262044,,0.03690747491364613,,0.048713605157262044,0.0,,0.0,0.0,0,0.0
persistence,unseen_heading,pitch_rate,20,2.0,1,True,542880,0.08950371033534088,,0.06769421738465344,,0.08950371033534088,0.0,,0.0,0.0,0,0.0
persistence,unseen_heading,pitch_rate,30,3.0,1,True,542880,0.11622431527884762,,0.0876023842074003,,0.11622431527884762,0.0,,0.0,0.0,0,0.0
persistence,unseen_heading,pitch_rate,50,5.0,1,True,542880,0.11920509987056824,,0.08827752341247687,,0.11920509987056824,0.0,,0.0,0.0,0,0.0
persistence,unseen_heading,pitch_rate,100,10.0,1,True,542880,0.0838813737514642,,0.06418099439667106,,0.0838813737514642,0.0,,0.0,0.0,0,0.0
persistence,unseen_heading,pitch_rate,150,15.0,1,True,542880,0.09488319909746933,,0.0689975214133196,,0.09488319909746933,0.0,,0.0,0.0,0,0.0
persistence,unseen_heading,roll,10,1.0,1,True,542880,2.6983944345487956,,1.6329574509719653,,2.6983944345487956,0.0,,0.0,0.0,0,0.0
persistence,unseen_heading,roll,20,2.0,1,True,542880,5.190916990401267,,3.1275446440795593,,5.190916990401267,0.0,,0.0,0.0,0,0.0
persistence,unseen_heading,roll,30,3.0,1,True,542880,7.291040393838889,,4.3603869798389026,,7.291040393838889,0.0,,0.0,0.0,0,0.0
persistence,unseen_heading,roll,50,5.0,1,True,542880,9.760557569415065,,5.695093914915296,,9.760557569415065,0.0,,0.0,0.0,0,0.0
persistence,unseen_heading,roll,100,10.0,1,True,542880,5.02718980701522,,2.802821697701118,,5.02718980701522,0.0,,0.0,0.0,0,0.0
persistence,unseen_heading,roll,150,15.0,1,True,542880,7.374083638485099,,4.440785741734489,,7.374083638485099,0.0,,0.0,0.0,0,0.0
persistence,unseen_heading,roll_rate,10,1.0,1,True,542880,1.496522493983729,,0.9495536752388926,,1.496522493983729,0.0,,0.0,0.0,0,0.0
persistence,unseen_heading,roll_rate,20,2.0,1,True,542880,2.869729322989601,,1.8107548215644067,,2.869729322989601,0.0,,0.0,0.0,0,0.0
persistence,unseen_heading,roll_rate,30,3.0,1,True,542880,4.009794338695159,,2.506319870212279,,4.009794338695159,0.0,,0.0,0.0,0,0.0
persistence,unseen_heading,roll_rate,50,5.0,1,True,542880,5.284985224882037,,3.1996147698885222,,5.284985224882037,0.0,,0.0,0.0,0,0.0
persistence,unseen_heading,roll_rate,100,10.0,1,True,542880,2.6414823571751724,,1.5643149347142649,,2.6414823571751724,0.0,,0.0,0.0,0,0.0
persistence,unseen_heading,roll_rate,150,15.0,1,True,542880,4.093644502679639,,2.5387644788257586,,4.093644502679639,0.0,,0.0,0.0,0,0.0
window_mean,unseen_heading,heave,10,1.0,1,True,542880,0.8377474226812863,,0.5373683222694567,,0.4420022912223382,-2.592337729181344,,-2.673047520407293,-2.497173628757729,0,0.0
window_mean,unseen_heading,heave,20,2.0,1,True,542880,0.8616116865571696,,0.5522197582655151,,0.8430990468253012,-0.044397840695372004,,-0.06667197495296069,-0.017784621332557437,0,0.0
window_mean,unseen_heading,heave,30,3.0,1,True,542880,0.8649385142668108,,0.5540701815843415,,1.1675647610562139,0.4512070618491698,,0.4409402259166707,0.46342699527435177,0,0.0
window_mean,unseen_heading,heave,50,5.0,1,True,542880,0.8146822423199743,,0.5222226355972196,,1.4948282814139655,0.7029743955457782,,0.7007694197251468,0.7054510832369592,0,0.0
window_mean,unseen_heading,heave,100,10.0,1,True,542880,0.7411954815050441,,0.4892710306401287,,0.8088824179867767,0.16035687763946382,,0.1228845314313721,0.19119584613257615,0,0.0
window_mean,unseen_heading,heave,150,15.0,1,True,542880,0.8279899234485041,,0.527561876128367,,1.1495384153377484,0.4811962282931431,,0.465086943521575,0.4998530004826809,0,0.0
window_mean,unseen_heading,heave_rate,10,1.0,1,True,542880,0.4782690188457509,,0.32298708105947777,,0.27069553593565016,-2.121636360614806,,-2.1935665107221807,-2.040365196994442,0,0.0
window_mean,unseen_heading,heave_rate,20,2.0,1,True,542880,0.4907766991350438,,0.3314989371167723,,0.5128966998925041,0.08439519908559745,,0.06487512590961306,0.10651015178353833,0,0.0
window_mean,unseen_heading,heave_rate,30,3.0,1,True,542880,0.4914738254788349,,0.33185203007436986,,0.7022072783425681,0.5101420803729321,,0.5013767346477456,0.5203132785711388,0,0.0
window_mean,unseen_heading,heave_rate,50,5.0,1,True,542880,0.4613763323107842,,0.31149892762605497,,0.8646383961207528,0.7152645178893378,,0.7136294599507594,0.7170204940501346,0,0.0
window_mean,unseen_heading,heave_rate,100,10.0,1,True,542880,0.4361689532011908,,0.30101284025227737,,0.4403061225551369,0.01870395378244749,,-0.01748890765205188,0.05044140356330297,0,0.0
window_mean,unseen_heading,heave_rate,150,15.0,1,True,542880,0.4693558873396184,,0.31480267843486515,,0.6915545720642212,0.5393706296169118,,0.5270569459073089,0.5525416755408566,0,0.0
window_mean,unseen_heading,pitch,10,1.0,1,True,542880,0.09815905011334584,,0.07142828892073531,,0.06419259594153902,-1.3382493183345203,,-1.3777167011833293,-1.2955616168564454,0,0.0
window_mean,unseen_heading,pitch,20,2.0,1,True,542880,0.1004785336444296,,0.07307895001363285,,0.11932083976475145,0.29088940469089763,,0.2799380283392068,0.3026466721270059,0,0.0
window_mean,unseen_heading,pitch,30,3.0,1,True,542880,0.10003679690565283,,0.07264264133417972,,0.1581323770827971,0.5997991964814176,,0.5946514772976218,0.6053437223150316,0,0.0
window_mean,unseen_heading,pitch,50,5.0,1,True,542880,0.09335727631633672,,0.06767171049580141,,0.17469731727052137,0.7144225746413116,,0.713692458573808,0.7151694865665204,0,0.0
window_mean,unseen_heading,pitch,100,10.0,1,True,542880,0.09359591329124649,,0.06871326313578263,,0.10629142820675849,0.22461519204297198,,0.21288177078335752,0.23729092889985343,0,0.0
window_mean,unseen_heading,pitch,150,15.0,1,True,542880,0.09485016394773929,,0.0686972522820636,,0.13931379085811119,0.5364592149871525,,0.5279458728630895,0.5448224669507352,0,0.0
window_mean,unseen_heading,pitch_rate,10,1.0,1,True,542880,0.06883449948319612,,0.051411626294669714,,0.048713605157262044,-0.9966952022422622,,-1.0167498375062265,-0.9754701245162605,0,0.0
window_mean,unseen_heading,pitch_rate,20,2.0,1,True,542880,0.070304913128513,,0.052469003504737335,,0.08950371033534088,0.3829941615966961,,0.37741999180404134,0.38888213973936003,0,0.0
window_mean,unseen_heading,pitch_rate,30,3.0,1,True,542880,0.06967133823335304,,0.051910136579464944,,0.11622431527884762,0.6406527609863917,,0.6379741086765447,0.6434071410819695,0,0.0
window_mean,unseen_heading,pitch_rate,50,5.0,1,True,542880,0.0648435617726623,,0.04823354340629945,,0.11920509987056824,0.704100621980726,,0.7034220737071176,0.7047336373061541,0,0.0
window_mean,unseen_heading,pitch_rate,100,10.0,1,True,542880,0.0668270880310419,,0.05008303951671475,,0.0838813737514642,0.3652919511314012,,0.35789734955934044,0.37351773243509095,0,0.0
window_mean,unseen_heading,pitch_rate,150,15.0,1,True,542880,0.06607566762586166,,0.04920946938182755,,0.09488319909746933,0.5150416048700197,,0.5078444624921208,0.5215304433148522,0,0.0
window_mean,unseen_heading,roll,10,1.0,1,True,542880,5.654670822834055,,3.2549657871529427,,2.6983944345487956,-3.3914080297037987,,-3.434201903586787,-3.334959111717857,0,0.0
window_mean,unseen_heading,roll,20,2.0,1,True,542880,5.771589262031328,,3.3176740338577333,,5.190916990401267,-0.23623964106442408,,-0.24802311829816626,-0.22070148736035766,0,0.0
window_mean,unseen_heading,roll,30,3.0,1,True,542880,5.721600777945044,,3.2888486386118063,,7.291040393838889,0.38417673066168834,,0.3789993025207284,0.3908740191093473,0,0.0
window_mean,unseen_heading,roll,50,5.0,1,True,542880,5.201813850657647,,3.005275215096246,,9.760557569415065,0.715972521215032,,0.7148107469493263,0.7173598988437526,0,0.0
window_mean,unseen_heading,roll,100,10.0,1,True,542880,4.7242370511666065,,2.7977528154206257,,5.02718980701522,0.11689407791345241,,0.09525057452061107,0.13359885772928873,0,0.0
window_mean,unseen_heading,roll,150,15.0,1,True,542880,5.636092473329915,,3.2231436175563752,,7.374083638485099,0.4158288541685238,,0.4054701782230439,0.4284520195835894,0,0.0
window_mean,unseen_heading,roll_rate,10,1.0,1,True,542880,3.039072431991159,,1.8171760597172257,,1.496522493983729,-3.1239710122341275,,-3.1814227144970353,-3.053750075926723,0,0.0
window_mean,unseen_heading,roll_rate,20,2.0,1,True,542880,3.0961477321965765,,1.850185315875796,,2.869729322989601,-0.16402277801633458,,-0.1790500127371963,-0.14533435248588786,0,0.0
window_mean,unseen_heading,roll_rate,30,3.0,1,True,542880,3.066214548430318,,1.833069260508051,,4.009794338695159,0.4152625854125328,,0.40887609903131433,0.42320432531825575,0,0.0
window_mean,unseen_heading,roll_rate,50,5.0,1,True,542880,2.7916621584142853,,1.6788726215077125,,5.284985224882037,0.7209781818615215,,0.7198558051351274,0.7222629812364821,0,0.0
window_mean,unseen_heading,roll_rate,100,10.0,1,True,542880,2.585089233692094,,1.5931973953643237,,2.6414823571751724,0.042242306627440995,,0.017068271498115385,0.06198929821140198,0,0.0
window_mean,unseen_heading,roll_rate,150,15.0,1,True,542880,3.014261759526954,,1.7899990607622998,,4.093644502679639,0.45782226710468943,,0.44722366644037603,0.4701112069033986,0,0.0
ar10,unseen_seastate,heave,10,1.0,1,True,542880,0.004876915332445468,,0.003739898098055489,,0.7230439858176025,0.9999545052800806,,0.9999510519383948,0.9999574580406175,54900,0.01998755800013896
ar10,unseen_seastate,heave,20,2.0,1,True,542880,0.04199532476110523,,0.032127045364131995,,1.3801185991770855,0.9990740893683115,,0.9990008942680674,0.9991385783784945,54900,0.01998755800013896
ar10,unseen_seastate,heave,30,3.0,1,True,542880,0.15189496965234445,,0.11592166582922551,,1.9144386984978832,0.9937048823100901,,0.9931966853899334,0.994165696279457,54900,0.01998755800013896
ar10,unseen_seastate,heave,50,5.0,1,True,542880,0.6073030935057977,,0.46564054333661925,,2.4740805367882084,0.9397463554429504,,0.9351397829633818,0.9439862223336037,54900,0.01998755800013896
ar10,unseen_seastate,heave,100,10.0,1,True,542880,1.1958378323156662,,0.9181637322896119,,1.4729533632755942,0.34087682015706866,,0.3237842258164356,0.358085391195428,54900,0.01998755800013896
ar10,unseen_seastate,heave,150,15.0,1,True,542880,1.410054830300729,,1.1184819874199274,,1.8518455911559912,0.42022103131034616,,0.38664297196570474,0.4512407299271578,54900,0.01998755800013896
ar10,unseen_seastate,heave_rate,10,1.0,1,True,542880,0.014388261590556981,,0.011021435808744755,,0.4398398830423327,0.9989298924305389,,0.998836729482174,0.9990135400161139,54900,0.01998755800013896
ar10,unseen_seastate,heave_rate,20,2.0,1,True,542880,0.06773678053364388,,0.05171765620052987,,0.8317851168879822,0.993368270374108,,0.9927470460204543,0.9939410934700219,54900,0.01998755800013896
ar10,unseen_seastate,heave_rate,30,3.0,1,True,542880,0.16034860101606888,,0.12234668165681561,,1.1362827111436415,0.9800860435605502,,0.9781756528507648,0.9819031409582711,54900,0.01998755800013896
ar10,unseen_seastate,heave_rate,50,5.0,1,True,542880,0.29458167122244033,,0.22882308801934612,,1.4001961120139228,0.955737727397804,,0.9522759573185882,0.9590288510622111,54900,0.01998755800013896
ar10,unseen_seastate,heave_rate,100,10.0,1,True,542880,0.6428670163260075,,0.5035842287994102,,0.7683267045109754,0.29991554957606237,,0.2745223675116287,0.32465820779982046,54900,0.01998755800013896
ar10,unseen_seastate,heave_rate,150,15.0,1,True,542880,0.7775268086866021,,0.6180731845069064,,1.1070364316158197,0.5067047681487953,,0.47501436797199176,0.535348089812369,54900,0.01998755800013896
ar10,unseen_seastate,pitch,10,1.0,1,True,542880,0.02290425597911837,,0.016910498797706168,,1.2228602601407708,0.9996491845480535,,0.9995980286668549,0.9996915640779985,54900,0.01998755800013896
ar10,unseen_seastate,pitch,20,2.0,1,True,542880,0.22014391966411204,,0.16227972104035604,,2.2574679499954007,0.9904902258425875,,0.9890764109176936,0.9916403930462424,54900,0.01998755800013896
ar10,unseen_seastate,pitch,30,3.0,1,True,542880,0.6814613961444098,,0.5004338483995442,,2.9691366291153294,0.9473228643555681,,0.9393368256643764,0.9538038297970003,54900,0.01998755800013896
ar10,unseen_seastate,pitch,50,5.0,1,True,542880,1.3027297517306784,,0.9909492242700918,,3.3044138255161024,0.8445753842978996,,0.8298787237235807,0.8577094199278419,54900,0.01998755800013896
ar10,unseen_seastate,pitch,100,10.0,1,True,542880,1.9897790676401141,,1.4550939072324647,,2.143658806541388,0.13841448156137437,,0.09829889331947131,0.1783604305688717,54900,0.01998755800013896
ar10,unseen_seastate,pitch,150,15.0,1,True,542880,2.0590235122022826,,1.5102412075569,,2.6262925581694647,0.3853379420671511,,0.35728340604053216,0.41123097574375855,54900,0.01998755800013896
ar10,unseen_seastate,pitch_rate,10,1.0,1,True,542880,0.07433715254457357,,0.054926884390560676,,0.9751166377198593,0.9941883599218417,,0.9933011357666137,0.9948964052185202,54900,0.01998755800013896
ar10,unseen_seastate,pitch_rate,20,2.0,1,True,542880,0.3470190405637288,,0.2557035104904662,,1.75173518675313,0.960756322131884,,0.9545379053724103,0.9657629423323651,54900,0.01998755800013896
ar10,unseen_seastate,pitch_rate,30,3.0,1,True,542880,0.5559896077305548,,0.4132192424641568,,2.2061010698625934,0.9364840881036403,,0.9271488373729544,0.9441136429242755,54900,0.01998755800013896
ar10,unseen_seastate,pitch_rate,50,5.0,1,True,542880,0.9091755582670171,,0.7179609039289068,,2.178290159899136,0.8257936246842462,,0.8115350529653158,0.838300337462563,54900,0.01998755800013896
ar10,unseen_seastate,pitch_rate,100,10.0,1,True,542880,1.3428671316618614,,1.0594090118393944,,1.6285109886511375,0.3200379080649468,,0.2725448814623948,0.3587133994752805,54900,0.01998755800013896
ar10,unseen_seastate,pitch_rate,150,15.0,1,True,542880,1.2896593099196418,,0.9384221864417566,,1.8234169111921585,0.49976043435474926,,0.489118681187703,0.5091590689029815,54900,0.01998755800013896
ar10,unseen_seastate,roll,10,1.0,1,True,542880,0.017473021168791302,,0.01364582434823848,,3.25942469682689,0.9999712621613331,,0.9999680514503517,0.9999742979319527,54900,0.01998755800013896
ar10,unseen_seastate,roll,20,2.0,1,True,542880,0.13697147271820412,,0.106740754089273,,6.285602666698202,0.9995251391102994,,0.9994703534807264,0.9995761809439558,54900,0.01998755800013896
ar10,unseen_seastate,roll,30,3.0,1,True,542880,0.4419241628015886,,0.3425820732188416,,8.864531895835025,0.997514671032736,,0.9972178179472148,0.9977887013498173,54900,0.01998755800013896
ar10,unseen_seastate,roll,50,5.0,1,True,542880,1.3974315564634063,,1.0729697296705871,,12.020706403631479,0.9864854648437702,,0.9848454723439224,0.988032165703256,54900,0.01998755800013896
ar10,unseen_seastate,roll,100,10.0,1,True,542880,2.0302133079753006,,1.567558560753686,,6.564312783673568,0.9043456318657116,,0.8979839079654104,0.9105715333688147,54900,0.01998755800013896
ar10,unseen_seastate,roll,150,15.0,1,True,542880,3.239254350807174,,2.456528791826606,,8.758534298487419,0.8632185411214381,,0.8535085535035561,0.8715790780658518,54900,0.01998755800013896
ar10,unseen_seastate,roll_rate,10,1.0,1,True,542880,0.05013033047813887,,0.039148957073857064,,1.7507606275566403,0.9991801250966695,,0.9990885076303376,0.9992655679688784,54900,0.01998755800013896
ar10,unseen_seastate,roll_rate,20,2.0,1,True,542880,0.20659830633819076,,0.1605790874101201,,3.368958975401052,0.9962393573354229,,0.9958010822422347,0.9966475958801749,54900,0.01998755800013896
ar10,unseen_seastate,roll_rate,30,3.0,1,True,542880,0.4110210524254915,,0.31684709335886896,,4.734841225141871,0.9924644094407983,,0.9915442511059275,0.993308223251667,54900,0.01998755800013896
ar10,unseen_seastate,roll_rate,50,5.0,1,True,542880,0.6311906049120516,,0.49567648175091433,,6.356646858286032,0.9901402731900939,,0.9891210301004326,0.9910947793379065,54900,0.01998755800013896
ar10,unseen_seastate,roll_rate,100,10.0,1,True,542880,1.5692792688184447,,1.2246301991335435,,3.3400320894805207,0.7792507705535925,,0.7639209219791645,0.7936410000798876,54900,0.01998755800013896
ar10,unseen_seastate,roll_rate,150,15.0,1,True,542880,2.233891844624475,,1.7083324597726004,,4.761033745378059,0.7798484406836801,,0.7646588716678092,0.7930196981903935,54900,0.01998755800013896
ar20,unseen_seastate,heave,10,1.0,1,True,542880,0.003452887983592289,,0.002570711346165257,,0.7230439858176025,0.9999771947129636,,0.9999750715034773,0.9999790670343875,108900,0.06362276100117015
ar20,unseen_seastate,heave,20,2.0,1,True,542880,0.031223669117350396,,0.023206800571480238,,1.3801185991770855,0.9994881590195686,,0.999439550372218,0.9995300666582402,108900,0.06362276100117015
ar20,unseen_seastate,heave,30,3.0,1,True,542880,0.12140739893457031,,0.09037784392311915,,1.9144386984978832,0.9959783212121617,,0.9956019510934078,0.9963102037179539,108900,0.06362276100117015
ar20,unseen_seastate,heave,50,5.0,1,True,542880,0.5347534655731303,,0.4080522311145248,,2.4740805367882084,0.9532825047587618,,0.9496791862248212,0.9565298539586968,108900,0.06362276100117015
ar20,unseen_seastate,heave,100,10.0,1,True,542880,1.1459507942060378,,0.8755632489443251,,1.4729533632755942,0.3947233126936329,,0.3736518071542552,0.4145395350787156,108900,0.06362276100117015
ar20,unseen_seastate,heave,150,15.0,1,True,542880,1.374196698963819,,1.089734057862093,,1.8518455911559912,0.44933400558340175,,0.41606394025060367,0.47910202935682733,108900,0.06362276100117015
ar20,unseen_seastate,heave_rate,10,1.0,1,True,542880,0.010201975418095581,,0.007590050286987018,,0.4398398830423327,0.9994620036472257,,0.999406110784837,0.9995120240048548,108900,0.06362276100117015
ar20,unseen_seastate,heave_rate,20,2.0,1,True,542880,0.052357108954653134,,0.038906719879038695,,0.8317851168879822,0.996037867226333,,0.9956195541671344,0.9964150509251664,108900,0.06362276100117015
ar20,unseen_seastate,heave_rate,30,3.0,1,True,542880,0.13475244019548593,,0.10112582085769053,,1.1362827111436415,0.9859362713217689,,0.9845092146201269,0.9872500579672295,108900,0.06362276100117015
ar20,unseen_seastate,heave_rate,50,5.0,1,True,542880,0.25737141856262097,,0.20142044952630125,,1.4001961120139228,0.9662135238884364,,0.9637997348125481,0.9685268514627882,108900,0.06362276100117015
ar20,unseen_seastate,heave_rate,100,10.0,1,True,542880,0.5974599201036257,,0.46976303791155055,,0.7683267045109754,0.3953198714556767,,0.375135513504821,0.4149165972194962,108900,0.06362276100117015
ar20,unseen_seastate,heave_rate,150,15.0,1,True,542880,0.7621765157325792,,0.606022660312677,,1.1070364316158197,0.5259902231203906,,0.49518441546929304,0.5528451224767563,108900,0.06362276100117015
ar20,unseen_seastate,pitch,10,1.0,1,True,542880,0.017733574798826996,,0.012831356843993596,,1.2228602601407708,0.999789700171423,,0.9997586160715174,0.9998162886952381,108900,0.06362276100117015
ar20,unseen_seastate,pitch,20,2.0,1,True,542880,0.17284674176239814,,0.12321137931448031,,2.2574679499954007,0.9941375492372909,,0.9932122383526238,0.9949083571477855,108900,0.06362276100117015
ar20,unseen_seastate,pitch,30,3.0,1,True,542880,0.5584634558291626,,0.39245208271784854,,2.9691366291153294,0.9646223359573606,,0.9588251845821512,0.9694247493908005,108900,0.06362276100117015
ar20,unseen_seastate,pitch,50,5.0,1,True,542880,1.2016682037852926,,0.9031550375028452,,3.3044138255161024,0.8677546901164603,,0.8551981604742777,0.8790766232983901,108900,0.06362276100117015
ar20,unseen_seastate,pitch,100,10.0,1,True,542880,1.966624243147475,,1.4482564046158233,,2.143658806541388,0.15835014647425505,,0.11461173321612844,0.20075592016625549,108900,0.06362276100117015
ar20,unseen_seastate,pitch,150,15.0,1,True,542880,2.0535746016656002,,1.5042291783005322,,2.6262925581694647,0.38858686749641014,,0.3606546665128961,0.41487236037603353,108900,0.06362276100117015
ar20,unseen_seastate,pitch_rate,10,1.0,1,True,542880,0.057129883373428246,,0.04117917609515766,,0.9751166377198593,0.9965674763211777,,0.996024280503159,0.9970068203500494,108900,0.06362276100117015
ar20,unseen_seastate,pitch_rate,20,2.0,1,True,542880,0.27915741487492496,,0.19740068927319995,,1.75173518675313,0.9746042274651769,,0.9703005852270369,0.9780745508219529,108900,0.06362276100117015
ar20,unseen_seastate,pitch_rate,30,3.0,1,True,542880,0.4875722154207454,,0.34809882178056634,,2.2061010698625934,0.9511542156461626,,0.943528840127827,0.9572488795037624,108900,0.06362276100117015
ar20,unseen_seastate,pitch_rate,50,5.0,1,True,542880,0.8367766605412515,,0.6573406798423487,,2.178290159899136,0.852433540563571,,0.8384938695461225,0.8645526699697091,108900,0.06362276100117015
ar20,unseen_seastate,pitch_rate,100,10.0,1,True,542880,1.2869266786174374,,1.0148723926988092,,1.6285109886511375,0.37550894589415196,,0.3338993330479722,0.41014407401940634,108900,0.06362276100117015
ar20,unseen_seastate,pitch_rate,150,15.0,1,True,542880,1.2750887801802722,,0.9283624397595895,,1.8234169111921585,0.5109999630410083,,0.5018124843794445,0.5190762249371689,108900,0.06362276100117015
ar20,unseen_seastate,roll,10,1.0,1,True,542880,0.011572967038215821,,0.008727251202604163,,3.25942469682689,0.9999873931226243,,0.9999856580220512,0.9999889749045092,108900,0.06362276100117015
ar20,unseen_seastate,roll,20,2.0,1,True,542880,0.09772454138654538,,0.07459308143749821,,6.285602666698202,0.9997582795282158,,0.9997265844482244,0.9997877489475463,108900,0.06362276100117015
ar20,unseen_seastate,roll,30,3.0,1,True,542880,0.34788564268506755,,0.2674151875426307,,8.864531895835025,0.9984598557550343,,0.998271410243416,0.9986425049984777,108900,0.06362276100117015
ar20,unseen_seastate,roll,50,5.0,1,True,542880,1.2853872652156606,,0.9879879221919337,,12.020706403631479,0.9885657415127345,,0.9871973037555908,0.9898461254807962,108900,0.06362276100117015
ar20,unseen_seastate,roll,100,10.0,1,True,542880,1.9168418401180036,,1.4781555666428945,,6.564312783673568,0.9147304388923801,,0.9087074558187245,0.9205812950848714,108900,0.06362276100117015
ar20,unseen_seastate,roll,150,15.0,1,True,542880,3.093003876362557,,2.347069692477737,,8.758534298487419,0.8752909248280993,,0.8672830901737699,0.88240339339948,108900,0.06362276100117015
ar20,unseen_seastate,roll_rate,10,1.0,1,True,542880,0.03351387862140019,,0.025374147039810703,,1.7507606275566403,0.9996335659334604,,0.9995846609085607,0.9996788420976936,108900,0.06362276100117015
ar20,unseen_seastate,roll_rate,20,2.0,1,True,542880,0.15676142278866123,,0.1203417161945162,,3.368958975401052,0.997834855191171,,0.9975613032166418,0.9980905912513828,108900,0.06362276100117015
ar20,unseen_seastate,roll_rate,30,3.0,1,True,542880,0.3544838697919056,,0.27324050293892155,,4.734841225141871,0.9943949161262333,,0.9937159700911078,0.9950382236713193,108900,0.06362276100117015
ar20,unseen_seastate,roll_rate,50,5.0,1,True,542880,0.6023017161969231,,0.46980058504042266,,6.356646858286032,0.9910221564851894,,0.9900619334960904,0.9919381704853204,108900,0.06362276100117015
ar20,unseen_seastate,roll_rate,100,10.0,1,True,542880,1.4837997774924319,,1.153111682929305,,3.3400320894805207,0.8026444588549618,,0.7879241302295937,0.8162596512326342,108900,0.06362276100117015
ar20,unseen_seastate,roll_rate,150,15.0,1,True,542880,2.1493245284250735,,1.6306740005291278,,4.761033745378059,0.7962012713066273,,0.7806418483032345,0.809656017740367,108900,0.06362276100117015
ar40,unseen_seastate,heave,10,1.0,1,True,542880,0.002180964151715396,,0.0016273732691717098,,0.7230439858176025,0.9999909015456958,,0.9999900506083658,0.999991655276761,216900,0.20906653800193453
ar40,unseen_seastate,heave,20,2.0,1,True,542880,0.021058420473800837,,0.01566557160305661,,1.3801185991770855,0.9997671808128523,,0.9997452286448484,0.9997868526181838,216900,0.20906653800193453
ar40,unseen_seastate,heave,30,3.0,1,True,542880,0.08944680193082064,,0.06603391421704369,,1.9144386984978832,0.9978170353354265,,0.9975994835956327,0.9980081040233267,216900,0.20906653800193453
ar40,unseen_seastate,heave,50,5.0,1,True,542880,0.45185006095550423,,0.34000726168009665,,2.4740805367882084,0.9666449938647813,,0.9637567752626465,0.9691340129805748,216900,0.20906653800193453
ar40,unseen_seastate,heave,100,10.0,1,True,542880,1.1399809345670133,,0.8519287922371627,,1.4729533632755942,0.4010132944117808,,0.3670562520804682,0.43350978334272333,216900,0.20906653800193453
ar40,unseen_seastate,heave,150,15.0,1,True,542880,1.4169784711048943,,1.1099239468087427,,1.8518455911559912,0.4145134000320755,,0.36650431505295117,0.4560092793566367,216900,0.20906653800193453
ar40,unseen_seastate,heave_rate,10,1.0,1,True,542880,0.006494239202428325,,0.004851539693256129,,0.4398398830423327,0.9997819945514766,,0.9997604755206624,0.9998019221069664,216900,0.20906653800193453
ar40,unseen_seastate,heave_rate,20,2.0,1,True,542880,0.0372426138278105,,0.027595375433664568,,0.8317851168879822,0.9979952601788549,,0.9977848491305535,0.9981890259584789,216900,0.20906653800193453
ar40,unseen_seastate,heave_rate,30,3.0,1,True,542880,0.10720361973991724,,0.07917573329100301,,1.1362827111436415,0.9910988503722683,,0.9901543076674224,0.9919673566688152,216900,0.20906653800193453
ar40,unseen_seastate,heave_rate,50,5.0,1,True,542880,0.24366723934652135,,0.1900774270431944,,1.4001961120139228,0.9697157689379065,,0.9675941475748852,0.9716063261650278,216900,0.20906653800193453
ar40,unseen_seastate,heave_rate,100,10.0,1,True,542880,0.5867500865476691,,0.4618019591873898,,0.7683267045109754,0.41680409149808884,,0.3979306295143034,0.43558955525651954,216900,0.20906653800193453
ar40,unseen_seastate,heave_rate,150,15.0,1,True,542880,0.7610201410393082,,0.6049592693749961,,1.1070364316158197,0.5274274678668269,,0.49647337095373095,0.5546070025061783,216900,0.20906653800193453
ar40,unseen_seastate,pitch,10,1.0,1,True,542880,0.015266446343638933,,0.011244849898392719,,1.2228602601407708,0.999844144458709,,0.9998218392570464,0.9998632548997581,216900,0.20906653800193453
ar40,unseen_seastate,pitch,20,2.0,1,True,542880,0.15067238909534533,,0.10912976614962622,,2.2574679499954007,0.9955452415246078,,0.9948476199855825,0.9961135927604755,216900,0.20906653800193453
ar40,unseen_seastate,pitch,30,3.0,1,True,542880,0.5089564649940925,,0.36023264923812465,,2.9691366291153294,0.9706166772703013,,0.9657858054276682,0.9746466611298933,216900,0.20906653800193453
ar40,unseen_seastate,pitch,50,5.0,1,True,542880,1.206751364140032,,0.8912245170788256,,3.3044138255161024,0.8666335055877655,,0.8529289310926681,0.8787514547255809,216900,0.20906653800193453
ar40,unseen_seastate,pitch,100,10.0,1,True,542880,2.049861597609801,,1.5052554553859636,,2.143658806541388,0.08559676492706136,,0.027532607074133273,0.14199764831966516,216900,0.20906653800193453
ar40,unseen_seastate,pitch,150,15.0,1,True,542880,2.1677965627658704,,1.5904920615710219,,2.6262925581694647,0.3186804662385162,,0.2791563169625472,0.35424181616066325,216900,0.20906653800193453
ar40,unseen_seastate,pitch_rate,10,1.0,1,True,542880,0.04867854903546562,,0.03570199105614541,,0.9751166377198593,0.997507919216741,,0.9971119817514165,0.9978347337421583,216900,0.20906653800193453
ar40,unseen_seastate,pitch_rate,20,2.0,1,True,542880,0.24916021261605045,,0.1783387822626885,,1.75173518675313,0.9797688542755111,,0.9763018167579803,0.9825674186749466,216900,0.20906653800193453
ar40,unseen_seastate,pitch_rate,30,3.0,1,True,542880,0.4662643673958131,,0.3291815037909173,,2.2061010698625934,0.9553302374271968,,0.9480055447767672,0.9612417525198327,216900,0.20906653800193453
ar40,unseen_seastate,pitch_rate,50,5.0,1,True,542880,0.824545966360356,,0.6475240366321058,,2.178290159899136,0.8567158064380832,,0.8441461617162072,0.8674333465379045,216900,0.20906653800193453
ar40,unseen_seastate,pitch_rate,100,10.0,1,True,542880,1.2915954337318463,,1.0192959488277804,,1.6285109886511375,0.3709696283111522,,0.32750743170883306,0.40690155473721784,216900,0.20906653800193453
ar40,unseen_seastate,pitch_rate,150,15.0,1,True,542880,1.2788227426841638,,0.9350262030345452,,1.8234169111921585,0.5081317999457349,,0.4975484473631862,0.5176978575126872,216900,0.20906653800193453
ar40,unseen_seastate,roll,10,1.0,1,True,542880,0.009854946324586025,,0.007692882238374423,,3.25942469682689,0.9999908583072085,,0.9999898473661994,0.9999918084327888,216900,0.20906653800193453
ar40,unseen_seastate,roll,20,2.0,1,True,542880,0.08608351296950571,,0.06732633030073015,,6.285602666698202,0.9998124374559734,,0.9997919394090079,0.9998318320515174,216900,0.20906653800193453
ar40,unseen_seastate,roll,30,3.0,1,True,542880,0.32219276624077753,,0.251664555086156,,8.864531895835025,0.9986789478654948,,0.9985355780539078,0.9988123852312472,216900,0.20906653800193453
ar40,unseen_seastate,roll,50,5.0,1,True,542880,1.2892575168290739,,0.991172772922697,,12.020706403631479,0.9884967816260345,,0.9871974421795563,0.9896908190600834,216900,0.20906653800193453
ar40,unseen_seastate,roll,100,10.0,1,True,542880,2.1273844954917975,,1.6123523607610362,,6.564312783673568,0.8949699804644754,,0.8867022892559054,0.9025509496261269,216900,0.20906653800193453
ar40,unseen_seastate,roll,150,15.0,1,True,542880,3.273940721851081,,2.4609157652761118,,8.758534298487419,0.8602735086940616,,0.8496315758910796,0.8692906188675088,216900,0.20906653800193453
ar40,unseen_seastate,roll_rate,10,1.0,1,True,542880,0.02859986572105225,,0.022330197744888407,,1.7507606275566403,0.999733145552356,,0.9997037854037121,0.9997606073949533,216900,0.20906653800193453
ar40,unseen_seastate,roll_rate,20,2.0,1,True,542880,0.14217604912203224,,0.11119286538235483,,3.368958975401052,0.9982190101753768,,0.9980230546435048,0.9983996395992927,216900,0.20906653800193453
ar40,unseen_seastate,roll_rate,30,3.0,1,True,542880,0.3438743502267224,,0.26735342262229356,,4.734841225141871,0.9947254097818514,,0.994143648078568,0.9952537043503764,216900,0.20906653800193453
ar40,unseen_seastate,roll_rate,50,5.0,1,True,542880,0.6206619996394692,,0.47760689139361834,,6.356646858286032,0.9904664611083961,,0.9893775468968351,0.9914643772331206,216900,0.20906653800193453
ar40,unseen_seastate,roll_rate,100,10.0,1,True,542880,1.5047431305232484,,1.148644312114647,,3.3400320894805207,0.7970339218598594,,0.7786884241906548,0.8133418905670615,216900,0.20906653800193453
ar40,unseen_seastate,roll_rate,150,15.0,1,True,542880,2.1989146264958257,,1.6288306468121667,,4.761033745378059,0.7866885259761439,,0.7660630889332901,0.8046001134376543,216900,0.20906653800193453
ar_attitude_only,unseen_seastate,heave,10,1.0,1,True,542880,0.00928803040437358,,0.006969871643532524,,0.7230439858176025,0.9998349871289359,,0.9998204289426563,0.9998479629437952,108900,0.05169585999828996
ar_attitude_only,unseen_seastate,heave,20,2.0,1,True,542880,0.05286343047426582,,0.03971412445213746,,1.3801185991770855,0.9985328386843695,,0.998403032022142,0.9986476341637096,108900,0.05169585999828996
ar_attitude_only,unseen_seastate,heave,30,3.0,1,True,542880,0.16415664779282912,,0.12376917402480699,,1.9144386984978832,0.9926475171407103,,0.992011584623206,0.9932082942344289,108900,0.05169585999828996
ar_attitude_only,unseen_seastate,heave,50,5.0,1,True,542880,0.5608601141931306,,0.432958000152331,,2.4740805367882084,0.9486096652534577,,0.945077179557963,0.9517275752525397,108900,0.05169585999828996
ar_attitude_only,unseen_seastate,heave,100,10.0,1,True,542880,1.2102958950554072,,0.9226039550175008,,1.4729533632755942,0.324842451189184,,0.30015823527318747,0.34844119998148315,108900,0.05169585999828996
ar_attitude_only,unseen_seastate,heave,150,15.0,1,True,542880,1.4318980970583317,,1.131148694110167,,1.8518455911559912,0.4021190994435526,,0.3609520173524208,0.4382792242705684,108900,0.05169585999828996
ar_attitude_only,unseen_seastate,heave_rate,10,1.0,1,True,542880,0.056674212982496724,,0.04351822656739173,,0.4398398830423327,0.98339718297016,,0.9818771749262738,0.9847455566861911,108900,0.05169585999828996
ar_attitude_only,unseen_seastate,heave_rate,20,2.0,1,True,542880,0.08722983200212794,,0.0653685542334322,,0.8317851168879822,0.9890021502650612,,0.9878305885305585,0.9899761223380419,108900,0.05169585999828996
ar_attitude_only,unseen_seastate,heave_rate,30,3.0,1,True,542880,0.1567469718694965,,0.11849959811605035,,1.1362827111436415,0.9809705813125593,,0.9790640361037007,0.9826054048722908,108900,0.05169585999828996
ar_attitude_only,unseen_seastate,heave_rate,50,5.0,1,True,542880,0.22884715733948943,,0.18040792063584205,,1.4001961120139228,0.9732875753886108,,0.971692770293341,0.974785922420688,108900,0.05169585999828996
ar_attitude_only,unseen_seastate,heave_rate,100,10.0,1,True,542880,0.5729326500458904,,0.45069429893878526,,0.7683267045109754,0.4439481519232906,,0.42540029733276097,0.4617691639245961,108900,0.05169585999828996
ar_attitude_only,unseen_seastate,heave_rate,150,15.0,1,True,542880,0.720745169338582,,0.5748263272534299,,1.1070364316158197,0.5761231933522133,,0.5533248915043021,0.5965526177110497,108900,0.05169585999828996
ar_attitude_only,unseen_seastate,pitch,10,1.0,1,True,542880,0.05410249483744275,,0.03968764592903051,,1.2228602601407708,0.9980425939738907,,0.9977372037921792,0.9982852304863888,108900,0.05169585999828996
ar_attitude_only,unseen_seastate,pitch,20,2.0,1,True,542880,0.31427564652559065,,0.22734461878377338,,2.2574679499954007,0.9806189067748424,,0.9774650139011084,0.9831207492132141,108900,0.05169585999828996
ar_attitude_only,unseen_seastate,pitch,30,3.0,1,True,542880,0.7540301745262248,,0.5379947116753452,,2.9691366291153294,0.9355063307778111,,0.9247937913286914,0.9441510894002355,108900,0.05169585999828996
ar_attitude_only,unseen_seastate,pitch,50,5.0,1,True,542880,1.1937964196123108,,0.9151753527215335,,3.3044138255161024,0.8694816175099196,,0.8583420258193939,0.8795967597152535,108900,0.05169585999828996
ar_attitude_only,unseen_seastate,pitch,100,10.0,1,True,542880,1.9039295795898374,,1.4197899908360134,,2.143658806541388,0.21115725184835277,,0.17132149372922453,0.24927586846118793,108900,0.05169585999828996
ar_attitude_only,unseen_seastate,pitch,150,15.0,1,True,542880,1.9587353716579317,,1.454127989376524,,2.6262925581694647,0.4437560172093925,,0.4173323655702237,0.4672863281411293,108900,0.05169585999828996
ar_attitude_only,unseen_seastate,pitch_rate,10,1.0,1,True,542880,0.16261136538455248,,0.12631465697766536,,0.9751166377198593,0.972190789482461,,0.9687611294305996,0.974988909837466,108900,0.05169585999828996
ar_attitude_only,unseen_seastate,pitch_rate,20,2.0,1,True,542880,0.4049633752962222,,0.300351789788779,,1.75173518675313,0.9465565374494954,,0.9380087151102179,0.9532187422014011,108900,0.05169585999828996
ar_attitude_only,unseen_seastate,pitch_rate,30,3.0,1,True,542880,0.5129854453962296,,0.38431648330370216,,2.2061010698625934,0.945929638123747,,0.9388868649162123,0.9519684788730357,108900,0.05169585999828996
ar_attitude_only,unseen_seastate,pitch_rate,50,5.0,1,True,542880,0.9691426891567484,,0.7518559461372296,,2.178290159899136,0.8020552495315303,,0.7792887086365936,0.8210303199273795,108900,0.05169585999828996
ar_attitude_only,unseen_seastate,pitch_rate,100,10.0,1,True,542880,1.2948952138719774,,1.0124196340456262,,1.6285109886511375,0.3677514171994519,,0.3307771344305631,0.39908584718018447,108900,0.05169585999828996
ar_attitude_only,unseen_seastate,pitch_rate,150,15.0,1,True,542880,1.2808516328227346,,0.9227992714162042,,1.8234169111921585,0.5065698349554424,,0.4973222733430506,0.5149809076303127,108900,0.05169585999828996
ar_attitude_only,unseen_seastate,roll,10,1.0,1,True,542880,0.04229484471421093,,0.03309237116374322,,3.25942469682689,0.9998316190460026,,0.9998128645752703,0.9998491764526772,108900,0.05169585999828996
ar_attitude_only,unseen_seastate,roll,20,2.0,1,True,542880,0.2161762211365756,,0.16973905857302413,,6.285602666698202,0.9988171709204092,,0.9986890486734405,0.9989379885285254,108900,0.05169585999828996
ar_attitude_only,unseen_seastate,roll,30,3.0,1,True,542880,0.5862214559223663,,0.45928182765818143,,8.864531895835025,0.9956266744695766,,0.9951493809559041,0.9960703960977105,108900,0.05169585999828996
ar_attitude_only,unseen_seastate,roll,50,5.0,1,True,542880,1.586251082323897,,1.2297002673433735,,12.020706403631479,0.9825865877039096,,0.9806578254836747,0.9844042624030657,108900,0.05169585999828996
ar_attitude_only,unseen_seastate,roll,100,10.0,1,True,542880,2.3350119805328973,,1.791432184505859,,6.564312783673568,0.8734681979791705,,0.8642180842109022,0.8821616583973599,108900,0.05169585999828996
ar_attitude_only,unseen_seastate,roll,150,15.0,1,True,542880,3.478456732357594,,2.6282430363838465,,8.758534298487419,0.8422714389551904,,0.8313325050658434,0.8517654917004724,108900,0.05169585999828996
ar_attitude_only,unseen_seastate,roll_rate,10,1.0,1,True,542880,0.14065967689856881,,0.10884868014808913,,1.7507606275566403,0.9935451569272065,,0.992886711448841,0.994167466864729,108900,0.05169585999828996
ar_attitude_only,unseen_seastate,roll_rate,20,2.0,1,True,542880,0.25046809609908494,,0.1950583552098773,,3.368958975401052,0.994472695582697,,0.9939253046995297,0.9949983126009129,108900,0.05169585999828996
ar_attitude_only,unseen_seastate,roll_rate,30,3.0,1,True,542880,0.4450371791525356,,0.34786254371902003,,4.734841225141871,0.9911655046220951,,0.9902485480283492,0.9920334899859051,108900,0.05169585999828996
ar_attitude_only,unseen_seastate,roll_rate,50,5.0,1,True,542880,0.6771490978783142,,0.5330613431533734,,6.356646858286032,0.9886521799977782,,0.9874948966893903,0.9896920308345604,108900,0.05169585999828996
ar_attitude_only,unseen_seastate,roll_rate,100,10.0,1,True,542880,1.500680812120484,,1.1644981462125517,,3.3400320894805207,0.7981283277541924,,0.7824411474131857,0.8120100851336988,108900,0.05169585999828996
ar_attitude_only,unseen_seastate,roll_rate,150,15.0,1,True,542880,2.185232581974943,,1.6514790312651486,,4.761033745378059,0.7893347926538461,,0.7725158614701141,0.8038046819110197,108900,0.05169585999828996
damped_persistence,unseen_seastate,heave,10,1.0,1,True,542880,0.9638374406592208,,0.7674106910477356,,0.7230439858176025,-0.7769620349885102,,-0.8074671864982605,-0.7475452481123358,6,0.13979679500334896
damped_persistence,unseen_seastate,heave,20,2.0,1,True,542880,1.3363203884677333,,1.064668164835046,,1.3801185991770855,0.06246309598994748,,0.04612659173028581,0.07854448788247781,6,0.13979679500334896
damped_persistence,unseen_seastate,heave,30,3.0,1,True,542880,1.443996996388266,,1.151083107632748,,1.9144386984978832,0.431082031369735,,0.4214564407916586,0.440756783926713,6,0.13979679500334896
damped_persistence,unseen_seastate,heave,50,5.0,1,True,542880,1.3861382887416847,,1.1054600522451432,,2.4740805367882084,0.6861042363188816,,0.6818920493218812,0.6899426738232619,6,0.13979679500334896
damped_persistence,unseen_seastate,heave,100,10.0,1,True,542880,1.2439390732385744,,0.9907914678213151,,1.4729533632755942,0.28678539752689314,,0.25277942969457917,0.31974861710565283,6,0.13979679500334896
damped_persistence,unseen_seastate,heave,150,15.0,1,True,542880,1.3681768096494757,,1.0893679385954858,,1.8518455911559912,0.4541479998337129,,0.4366825059729301,0.4709279795622975,6,0.13979679500334896
damped_persistence,unseen_seastate,heave_rate,10,1.0,1,True,542880,0.564142387653036,,0.4443281413651215,,0.4398398830423327,-0.6450846518942541,,-0.6758248977818655,-0.6156208848135826,6,0.13979679500334896
damped_persistence,unseen_seastate,heave_rate,20,2.0,1,True,542880,0.7611613097264426,,0.6007142050517466,,0.8317851168879822,0.16260354330492077,,0.1472209368306019,0.17741226549896733,6,0.13979679500334896
damped_persistence,unseen_seastate,heave_rate,30,3.0,1,True,542880,0.8068454335165509,,0.6382043709410691,,1.1362827111436415,0.49579413503150693,,0.4872887514400861,0.5038130350470377,6,0.13979679500334896
damped_persistence,unseen_seastate,heave_rate,50,5.0,1,True,542880,0.7615565690151355,,0.6040674724259495,,1.4001961120139228,0.7041806336815337,,0.7015084151997354,0.7065615868092628,6,0.13979679500334896
damped_persistence,unseen_seastate,heave_rate,100,10.0,1,True,542880,0.7134905503090258,,0.5611982527646534,,0.7683267045109754,0.13764796032470317,,0.10855799552557344,0.1671065338752126,6,0.13979679500334896
damped_persistence,unseen_seastate,heave_rate,150,15.0,1,True,542880,0.7628914117175356,,0.602757324459066,,1.1070364316158197,0.52510059557984,,0.5134640108861397,0.5357612599623567,6,0.13979679500334896
damped_persistence,unseen_seastate,pitch,10,1.0,1,True,542880,1.442895898417799,,1.001330848346455,,1.2228602601407708,-0.3922471394896734,,-0.42233910467553876,-0.3626054210810229,6,0.13979679500334896
damped_persistence,unseen_seastate,pitch,20,2.0,1,True,542880,1.8904986858987152,,1.3143042997727397,,2.2574679499954007,0.2986907401490295,,0.283633325021598,0.3133491918608049,6,0.13979679500334896
damped_persistence,unseen_seastate,pitch,30,3.0,1,True,542880,1.960022475839276,,1.365019065183326,,2.9691366291153294,0.5642255760106605,,0.555870164001334,0.5725575148021153,6,0.13979679500334896
damped_persistence,unseen_seastate,pitch,50,5.0,1,True,542880,1.8313677769384802,,1.276876374622844,,3.3044138255161024,0.6928416854697886,,0.6897721533910762,0.6953852916671421,6,0.13979679500334896
damped_persistence,unseen_seastate,pitch,100,10.0,1,True,542880,1.7830212489308017,,1.2376266645189673,,2.143658806541388,0.3081663005486167,,0.2922784975768469,0.3252572877341573,6,0.13979679500334896
damped_persistence,unseen_seastate,pitch,150,15.0,1,True,542880,1.8367194306044532,,1.2788316916600069,,2.6262925581694647,0.5108980045323461,,0.49925341030345755,0.5214400542594454,6,0.13979679500334896
damped_persistence,unseen_seastate,pitch_rate,10,1.0,1,True,542880,1.0681125330342442,,0.7238368509853317,,0.9751166377198593,-0.19983323872838832,,-0.2236511004508817,-0.1777116910451147,6,0.13979679500334896
damped_persistence,unseen_seastate,pitch_rate,20,2.0,1,True,542880,1.335566737165657,,0.9092161501174175,,1.75173518675313,0.4187080868143549,,0.40815376551621557,0.42891256984067877,6,0.13979679500334896
damped_persistence,unseen_seastate,pitch_rate,30,3.0,1,True,542880,1.345136133042323,,0.9195883951414879,,2.2061010698625934,0.6282237288116888,,0.6233196056561363,0.6330013495466501,6,0.13979679500334896
damped_persistence,unseen_seastate,pitch_rate,50,5.0,1,True,542880,1.2472410639806422,,0.8540228219368169,,2.178290159899136,0.6721544124637897,,0.6682840505888664,0.6758733935789062,6,0.13979679500334896
damped_persistence,unseen_seastate,pitch_rate,100,10.0,1,True,542880,1.2642345736075524,,0.8575628359931717,,1.6285109886511375,0.3973378185827482,,0.3900865647066921,0.40380283864965294,6,0.13979679500334896
damped_persistence,unseen_seastate,pitch_rate,150,15.0,1,True,542880,1.2689284462704387,,0.8665011953541171,,1.8234169111921585,0.5157135589046548,,0.5099156376974843,0.5212058487539198,6,0.13979679500334896
damped_persistence,unseen_seastate,roll,10,1.0,1,True,542880,4.297271638393294,,2.89722527304217,,3.25942469682689,-0.7382158686852065,,-0.7446533807692122,-0.7318838068642974,6,0.13979679500334896
damped_persistence,unseen_seastate,roll,20,2.0,1,True,542880,6.315573362976991,,4.255783919856134,,6.285602666698202,-0.009559035229988133,,-0.013770399825930424,-0.005457023148484747,6,0.13979679500334896
damped_persistence,unseen_seastate,roll,30,3.0,1,True,542880,7.029968966761358,,4.734591925258732,,8.864531895835025,0.37108029546879007,,0.36815811855993014,0.3739311329484738,6,0.13979679500334896
damped_persistence,unseen_seastate,roll,50,5.0,1,True,542880,6.653174161197719,,4.480415910389257,,12.020706403631479,0.6936641642148607,,0.6919036849007394,0.6951434379860485,6,0.13979679500334896
damped_persistence,unseen_seastate,roll,100,10.0,1,True,542880,5.781241441286681,,3.9090480491492317,,6.564312783673568,0.22435377878317198,,0.20929085308111806,0.2403022789056836,6,0.13979679500334896
damped_persistence,unseen_seastate,roll,150,15.0,1,True,542880,7.0077891122376545,,4.711142919273881,,8.758534298487419,0.3598243104320702,,0.350907597670285,0.36854753141558705,6,0.13979679500334896
damped_persistence,unseen_seastate,roll_rate,10,1.0,1,True,542880,2.309514299859115,,1.5633008810242761,,1.7507606275566403,-0.7401543385405858,,-0.7474509211806966,-0.7325095427813517,6,0.13979679500334896
damped_persistence,unseen_seastate,roll_rate,20,2.0,1,True,542880,3.3518713172209935,,2.2675577262271234,,3.368958975401052,0.010118450979648586,,0.005556916782686517,0.014779450053738352,6,0.13979679500334896
damped_persistence,unseen_seastate,roll_rate,30,3.0,1,True,542880,3.696169228492325,,2.498928716316377,,4.734841225141871,0.39061346518113726,,0.3876420545188328,0.39357005719383376,6,0.13979679500334896
damped_persistence,unseen_seastate,roll_rate,50,5.0,1,True,542880,3.468155069001384,,2.3443075722946434,,6.356646858286032,0.7023260399525189,,0.7009445133107449,0.7035883075786495,6,0.13979679500334896
damped_persistence,unseen_seastate,roll_rate,100,10.0,1,True,542880,3.0809133731778635,,2.0910495411824637,,3.3400320894805207,0.1491408060611008,,0.13461557821927236,0.16494711427869987,6,0.13979679500334896
damped_persistence,unseen_seastate,roll_rate,150,15.0,1,True,542880,3.6724009788707006,,2.4777143606281125,,4.761033745378059,0.4050264358693395,,0.39728003023093644,0.41294137581635315,6,0.13979679500334896
dlinear,unseen_seastate,heave,10,1.0,3,False,542880,0.057555681497904666,0.0010978929117728905,0.038305560924945116,0.0006782929805011177,0.7230439858176025,0.9936619990077856,0.00024251818035604986,0.9921941163758411,0.9948304988657006,60300,1024.3987485969992
dlinear,unseen_seastate,heave,20,2.0,3,False,542880,0.38489013094258556,0.0009064733412547444,0.25609860209035545,0.00044641513867003365,1.3801185991770855,0.9222245846028944,0.00036648867859801414,0.9076635851883829,0.9345667634027012,60300,1024.3987485969992
dlinear,unseen_seastate,heave,30,3.0,3,False,542880,0.9095408976996707,0.0011344917698580532,0.601522400380012,0.0006652047576453372,1.9144386984978832,0.7742841871073499,0.0005632706812516078,0.7325999230410624,0.8096875398880538,60300,1024.3987485969992
dlinear,unseen_seastate,heave,50,5.0,3,False,542880,0.7963012411137935,0.001158564560199554,0.5270735525251586,0.000563484063330267,2.4740805367882084,0.8964076386936957,0.00030153894794572144,0.8773252988423769,0.9121489601897785,60300,1024.3987485969992
dlinear,unseen_seastate,heave,100,10.0,3,False,542880,1.175143805657154,0.00038481410294681007,0.8616905627752844,0.0002619975157053523,1.4729533632755942,0.3634917022698758,0.0004168243044824442,0.31494513900035165,0.40965791961589654,60300,1024.3987485969992
dlinear,unseen_seastate,heave,150,15.0,3,False,542880,1.52471893044009,0.0022566889467175114,1.1392649353441346,0.0014429527729462356,1.8518455911559912,0.32209213089733496,0.002006721888531443,0.22844140869466373,0.4008559217495156,60300,1024.3987485969992
dlinear,unseen_seastate,heave_rate,10,1.0,3,False,542880,0.022857423885356682,0.00037332903178876166,0.016208930906846098,0.00021741553554860833,0.4398398830423327,0.9972988880766153,8.852609149690459e-05,0.9967191853836354,0.9977463280046815,60300,1024.3987485969992
dlinear,unseen_seastate,heave_rate,20,2.0,3,False,542880,0.1524824048264833,0.00028226728048194144,0.10792574875749328,0.00010881018216343345,0.8317851168879822,0.9663938960079653,0.0001244638964530118,0.96050099961436,0.9713270094404167,60300,1024.3987485969992
dlinear,unseen_seastate,heave_rate,30,3.0,3,False,542880,0.35724017744857783,0.00034433839597694033,0.25052895840023864,0.00016763337725267526,1.1362827111436415,0.9011565115988812,0.0001906003818184552,0.8838614116518875,0.915839227594598,60300,1024.3987485969992
dlinear,unseen_seastate,heave_rate,50,5.0,3,False,542880,0.3176415984676279,0.00034017288310029593,0.22693335449965013,0.0002955338900753945,1.4001961120139228,0.9485367341522076,0.00011021919006287078,0.9402987183830978,0.9554922607018419,60300,1024.3987485969992
dlinear,unseen_seastate,heave_rate,100,10.0,3,False,542880,0.5548380835206945,0.0002972360459853059,0.4294900533127273,0.0002107830119491907,0.7683267045109754,0.47851628251802175,0.0005587141916376257,0.45162399223657407,0.5030280318180574,60300,1024.3987485969992
dlinear,unseen_seastate,heave_rate,150,15.0,3,False,542880,0.734426767993154,0.0007692897838584194,0.5733795823013214,0.0005385365596061605,1.1070364316158197,0.5598775865810199,0.0009220999063188405,0.5214609391585676,0.5916681923306797,60300,1024.3987485969992
dlinear,unseen_seastate,pitch,10,1.0,3,False,542880,0.057779677687562814,0.0007208474249289146,0.03571589883147044,0.00036233942206686474,1.2228602601407708,0.997767242134788,5.5897931019598815e-05,0.9973110011439439,0.998107214781324,60300,1024.3987485969992
dlinear,unseen_seastate,pitch,20,2.0,3,False,542880,0.3692122560098606,0.001266632484163681,0.22651827290056772,0.0007730450059430051,2.2574679499954007,0.9732506989134443,0.00018357975232831159,0.9680856850972323,0.9775261891119745,60300,1024.3987485969992
dlinear,unseen_seastate,pitch,30,3.0,3,False,542880,0.831189029055135,0.00042356737327480757,0.49841926046761814,8.380871132549842e-05,2.9691366291153294,0.9216319006020649,7.987317322814052e-05,0.9055539977966924,0.9349310184550444,60300,1024.3987485969992
dlinear,unseen_seastate,pitch,50,5.0,3,False,542880,0.8169141198533282,0.0008675828885334494,0.5184252568559679,0.000534824842746335,3.3044138255161024,0.9388826844228596,0.00012982697601354783,0.9303036916984958,0.9463768233002596,60300,1024.3987485969992
dlinear,unseen_seastate,pitch,100,10.0,3,False,542880,1.549536180881862,0.0004453412139247256,1.0579275494654954,0.000305114071950988,2.143658806541388,0.4774929657334917,0.0003003314883336828,0.4589120073003931,0.49559832663646436,60300,1024.3987485969992
dlinear,unseen_seastate,pitch,150,15.0,3,False,542880,1.8832616609660138,0.0016314836323743406,1.2911578176848029,0.0009478093794480819,2.6262925581694647,0.48579612917555437,0.0008909486779678829,0.44209112751114443,0.5206980022090334,60300,1024.3987485969992
dlinear,unseen_seastate,pitch_rate,10,1.0,3,False,542880,0.05572181615868388,0.0003000331023097859,0.030005097955453395,0.0002068653462280581,0.9751166377198593,0.9967345293311394,3.519003430799692e-05,0.9962162365661825,0.9972493118495996,60300,1024.3987485969992
dlinear,unseen_seastate,pitch_rate,20,2.0,3,False,542880,0.2914197295268335,0.0009848303493963668,0.17126679087518312,0.0007435330400048166,1.75173518675313,0.9723239376184886,0.00018719009719122263,0.9687739863396032,0.9758248871636511,60300,1024.3987485969992
dlinear,unseen_seastate,pitch_rate,30,3.0,3,False,542880,0.5288703866831554,0.00021440122182041788,0.3346820434086413,5.8257001648513216e-05,2.2061010698625934,0.9425291345562088,4.6596764003529175e-05,0.9367924975239131,0.948055582682328,60300,1024.3987485969992
dlinear,unseen_seastate,pitch_rate,50,5.0,3,False,542880,0.6853047254011386,0.000566450366780048,0.41360537222820176,0.00032100264569265844,2.178290159899136,0.9010225657862533,0.00016361700584256817,0.8896704303557247,0.9122698216075911,60300,1024.3987485969992
dlinear,unseen_seastate,pitch_rate,100,10.0,3,False,542880,1.2354134783133672,0.0003193087263787078,0.8132604447479506,0.00023658912566853983,1.6285109886511375,0.42450268348844444,0.0002974833900220376,0.4038014634618939,0.44468083008003056,60300,1024.3987485969992
dlinear,unseen_seastate,pitch_rate,150,15.0,3,False,542880,1.2972185996702355,0.0004269717513769387,0.886398388267576,0.00035036240713276967,1.8234169111921585,0.4938789402357832,0.0003331833040767522,0.4794478729701753,0.5063648612791987,60300,1024.3987485969992
dlinear,unseen_seastate,roll,10,1.0,3,False,542880,0.11840459731910069,0.004948392742466308,0.07335343406769293,0.003456332260071309,3.25942469682689,0.9986788241632532,0.00010968990669393144,0.9983811083031126,0.9989506710885633,60300,1024.3987485969992
dlinear,unseen_seastate,roll,20,2.0,3,False,542880,0.7935136621200529,0.008012361901130029,0.49241140685561385,0.0076712035445161975,6.285602666698202,0.9840616086411943,0.0003226983876829506,0.9814770100052268,0.9861975877205236,60300,1024.3987485969992
dlinear,unseen_seastate,roll,30,3.0,3,False,542880,1.8584158804238624,0.011656692484554377,1.1503495205869936,0.009604151471252088,8.864531895835025,0.9560472965826935,0.0005521924502005719,0.9492017473106155,0.9617587781673219,60300,1024.3987485969992
dlinear,unseen_seastate,roll,50,5.0,3,False,542880,1.5819997973361695,0.017498357146510518,0.9885631799897024,0.013922043224139287,12.020706403631479,0.982678388737552,0.0003822562007431485,0.9801224527549993,0.9850948453443019,60300,1024.3987485969992
dlinear,unseen_seastate,roll,100,10.0,3,False,542880,3.0776645897318455,0.009009856451497093,2.0513920965672545,0.006187685770131074,6.564312783673568,0.7801803441424694,0.0012879187441162884,0.7682343314921598,0.7910249617003282,60300,1024.3987485969992
dlinear,unseen_seastate,roll,150,15.0,3,False,542880,4.301557210208808,0.006847791005754961,2.8831040804631836,0.004971714058442757,8.758534298487419,0.7587933536712829,0.0007676827075101679,0.7426994166240424,0.7726424958596159,60300,1024.3987485969992
dlinear,unseen_seastate,roll_rate,10,1.0,3,False,542880,0.053080404646201784,0.0025223269620873166,0.03453278345107058,0.001718098416164209,1.7507606275566403,0.9990794058956283,8.668869954028444e-05,0.9988914213863692,0.9992581520288653,60300,1024.3987485969992
dlinear,unseen_seastate,roll_rate,20,2.0,3,False,542880,0.35652252208821555,0.005857847389368291,0.23165037296793892,0.004794019270392459,3.368958975401052,0.988798900629,0.0003697418363320324,0.9871357583391859,0.9900757641700032,60300,1024.3987485969992
dlinear,unseen_seastate,roll_rate,30,3.0,3,False,542880,0.8317540410599574,0.00710870486693951,0.5379428096773137,0.005471132362078184,4.734841225141871,0.9691396997734113,0.0005282816351501567,0.9650720299380551,0.9725071386005145,60300,1024.3987485969992
dlinear,unseen_seastate,roll_rate,50,5.0,3,False,542880,0.7217056099590776,0.010126725148730257,0.4746549336372187,0.007373241512863447,6.356646858286032,0.9871079793244083,0.0003609071985432704,0.9855697373700538,0.9885978662012966,60300,1024.3987485969992
dlinear,unseen_seastate,roll_rate,100,10.0,3,False,542880,1.5536118657202476,0.004648031545280853,1.0585627793824124,0.0030759482756971333,3.3400320894805207,0.7836353174692583,0.0012957245319747412,0.7759661406242283,0.7905209213835037,60300,1024.3987485969992
dlinear,unseen_seastate,roll_rate,150,15.0,3,False,542880,2.1898566779414907,0.004155446620167681,1.4914753101492215,0.0027522477515552674,4.761033745378059,0.788441778606007,0.0008025540666772863,0.7795138491138188,0.7962886304150255,60300,1024.3987485969992
dlinear_ols,unseen_seastate,heave,10,1.0,1,True,542880,0.01836741011361725,,0.012127838627197251,,0.7230439858176025,0.9993546929494034,,0.9992343684738031,0.9994575399682725,60300,0.18452653200074565
dlinear_ols,unseen_seastate,heave,20,2.0,1,True,542880,0.1760007342965611,,0.11580997837839473,,1.3801185991770855,0.9837371692548038,,0.9807168031900418,0.9863286480966441,60300,0.18452653200074565
dlinear_ols,unseen_seastate,heave,30,3.0,1,True,542880,0.6015955310531733,,0.39382069631883504,,1.9144386984978832,0.901252462605346,,0.882837625773374,0.916965524349569,60300,0.18452653200074565
dlinear_ols,unseen_seastate,heave,50,5.0,1,True,542880,1.0353995786977703,,0.6657279121608431,,2.4740805367882084,0.8248588075300872,,0.791853866440068,0.8524801362539492,60300,0.18452653200074565
dlinear_ols,unseen_seastate,heave,100,10.0,1,True,542880,1.4626981137142734,,1.0043235597875226,,1.4729533632755942,0.013876269790815687,,-0.09579513636510988,0.11811164191598628,60300,0.18452653200074565
dlinear_ols,unseen_seastate,heave,150,15.0,1,True,542880,1.736962652972353,,1.2536592943827094,,1.8518455911559912,0.12022540378825697,,-0.02202252014574694,0.2389704857529828,60300,0.18452653200074565
dlinear_ols,unseen_seastate,heave_rate,10,1.0,1,True,542880,0.007231508451032084,,0.005091134942321602,,0.4398398830423327,0.9997296859732251,,0.9996826230499587,0.999769682135332,60300,0.18452653200074565
dlinear_ols,unseen_seastate,heave_rate,20,2.0,1,True,542880,0.06895978826233462,,0.04830546620663158,,0.8317851168879822,0.9931266327680203,,0.9919201892310886,0.9941556990992639,60300,0.18452653200074565
dlinear_ols,unseen_seastate,heave_rate,30,3.0,1,True,542880,0.234123484102176,,0.16276990150483125,,1.1362827111436415,0.9575461423630047,,0.9500534051079141,0.9639413190078622,60300,0.18452653200074565
dlinear_ols,unseen_seastate,heave_rate,50,5.0,1,True,542880,0.3958087997937433,,0.27003402995157866,,1.4001961120139228,0.9200914673185097,,0.9057256725736874,0.9323231745442687,60300,0.18452653200074565
dlinear_ols,unseen_seastate,heave_rate,100,10.0,1,True,542880,0.6151012435179001,,0.45648789744125984,,0.7683267045109754,0.3590836454218308,,0.29485389891864583,0.41525652640901545,60300,0.18452653200074565
dlinear_ols,unseen_seastate,heave_rate,150,15.0,1,True,542880,0.783575457276202,,0.6011211181354366,,1.1070364316158197,0.4989998881117731,,0.4422574498279904,0.5459202122200316,60300,0.18452653200074565
dlinear_ols,unseen_seastate,pitch,10,1.0,1,True,542880,0.017946135884658376,,0.010995623229495951,,1.2228602601407708,0.9997846284963647,,0.9997469479330573,0.9998166904643372,60300,0.18452653200074565
dlinear_ols,unseen_seastate,pitch,20,2.0,1,True,542880,0.16654179545149034,,0.10126267044569022,,2.2574679499954007,0.9945574390870667,,0.9935341012461275,0.9954150773135918,60300,0.18452653200074565
dlinear_ols,unseen_seastate,pitch,30,3.0,1,True,542880,0.548256853784697,,0.32793283863586714,,2.9691366291153294,0.9659036591768944,,0.9590008639434885,0.9716578949307172,60300,0.18452653200074565
dlinear_ols,unseen_seastate,pitch,50,5.0,1,True,542880,0.9018729429617893,,0.5250526432399673,,3.3044138255161024,0.9255093344400563,,0.9104308164442799,0.9382663721338604,60300,0.18452653200074565
dlinear_ols,unseen_seastate,pitch,100,10.0,1,True,542880,1.5899765363816816,,1.0481291524547396,,2.143658806541388,0.44986394870136925,,0.4017312139733838,0.4922100831380015,60300,0.18452653200074565
dlinear_ols,unseen_seastate,pitch,150,15.0,1,True,542880,1.9664225156891328,,1.3241896434321128,,2.6262925581694647,0.4393814414415972,,0.37630547550828525,0.4903050036159514,60300,0.18452653200074565
dlinear_ols,unseen_seastate,pitch_rate,10,1.0,1,True,542880,0.016845086407236524,,0.00908923209839944,,0.9751166377198593,0.9997015762709228,,0.9996575955966402,0.9997464302972524,60300,0.18452653200074565
dlinear_ols,unseen_seastate,pitch_rate,20,2.0,1,True,542880,0.13670191560993192,,0.0781348172592379,,1.75173518675313,0.9939100701010578,,0.9931183924759948,0.9947103439403097,60300,0.18452653200074565
dlinear_ols,unseen_seastate,pitch_rate,30,3.0,1,True,542880,0.3796696089812401,,0.23114929921831653,,2.2061010698625934,0.9703816500905595,,0.9671176474153074,0.9737806002837872,60300,0.18452653200074565
dlinear_ols,unseen_seastate,pitch_rate,50,5.0,1,True,542880,0.5362512672203928,,0.3402285042468405,,2.178290159899136,0.9393954537878706,,0.9327340188623168,0.9454838384510758,60300,0.18452653200074565
dlinear_ols,unseen_seastate,pitch_rate,100,10.0,1,True,542880,1.1678407136823166,,0.770621440387255,,1.6285109886511375,0.48573633965807683,,0.4635065920612622,0.5083453715255427,60300,0.18452653200074565
dlinear_ols,unseen_seastate,pitch_rate,150,15.0,1,True,542880,1.3027364637685885,,0.8917197675361405,,1.8234169111921585,0.48956413491254336,,0.46977820096640954,0.506028800174801,60300,0.18452653200074565
dlinear_ols,unseen_seastate,roll,10,1.0,1,True,542880,0.03727488890711471,,0.02311191781988764,,3.25942469682689,0.9998692171456217,,0.9998508155256625,0.9998849039791686,60300,0.18452653200074565
dlinear_ols,unseen_seastate,roll,20,2.0,1,True,542880,0.3541829690258955,,0.21902899493507394,,6.285602666698202,0.9968248700860962,,0.9963750675653076,0.9972100200351199,60300,0.18452653200074565
dlinear_ols,unseen_seastate,roll,30,3.0,1,True,542880,1.1954178731117404,,0.7361788556808164,,8.864531895835025,0.9818143898961713,,0.9792080462611337,0.9840654076618016,60300,0.18452653200074565
dlinear_ols,unseen_seastate,roll,50,5.0,1,True,542880,1.9429685313449399,,1.1793316764497725,,12.020706403631479,0.9738740823536787,,0.9700013737706645,0.9773046010750182,60300,0.18452653200074565
dlinear_ols,unseen_seastate,roll,100,10.0,1,True,542880,3.1938892792404303,,2.0600683728157367,,6.564312783673568,0.763265703608395,,0.7435440347510782,0.7815641022852582,60300,0.18452653200074565
dlinear_ols,unseen_seastate,roll,150,15.0,1,True,542880,4.4130684810274055,,2.9190668451981994,,8.758534298487419,0.7461258609881471,,0.7248130238503502,0.7639287383031739,60300,0.18452653200074565
dlinear_ols,unseen_seastate,roll_rate,10,1.0,1,True,542880,0.016753008709102356,,0.010910343508869056,,1.7507606275566403,0.9999084344547389,,0.9998983067840175,0.9999169124103632,60300,0.18452653200074565
dlinear_ols,unseen_seastate,roll_rate,20,2.0,1,True,542880,0.15861813447502088,,0.1029130387853802,,3.368958975401052,0.997783262692094,,0.9975352005020184,0.9979924373055822,60300,0.18452653200074565
dlinear_ols,unseen_seastate,roll_rate,30,3.0,1,True,542880,0.5325205919608222,,0.34369774992862,,4.734841225141871,0.9873508316795915,,0.9859136505249764,0.988569031932006,60300,0.18452653200074565
dlinear_ols,unseen_seastate,roll_rate,50,5.0,1,True,542880,0.8521040681044376,,0.5434394892901835,,6.356646858286032,0.9820307848994144,,0.9799026857559989,0.9838937863359415,60300,0.18452653200074565
dlinear_ols,unseen_seastate,roll_rate,100,10.0,1,True,542880,1.5230878081387602,,1.0202390480363785,,3.3400320894805207,0.7920549413338512,,0.7806304395506917,0.8030215683237036,60300,0.18452653200074565
dlinear_ols,unseen_seastate,roll_rate,150,15.0,1,True,542880,2.1877993654744916,,1.481452171607518,,4.761033745378059,0.7888396055001761,,0.7773613893271065,0.7982771735354567,60300,0.18452653200074565
persistence,unseen_seastate,heave,10,1.0,1,True,542880,0.7230439858176025,,0.5712743009310001,,0.7230439858176025,0.0,,0.0,0.0,0,0.0
persistence,unseen_seastate,heave,20,2.0,1,True,542880,1.3801185991770855,,1.0918195939097475,,1.3801185991770855,0.0,,0.0,0.0,0,0.0
persistence,unseen_seastate,heave,30,3.0,1,True,542880,1.9144386984978832,,1.51744534683208,,1.9144386984978832,0.0,,0.0,0.0,0,0.0
persistence,unseen_seastate,heave,50,5.0,1,True,542880,2.4740805367882084,,1.9693943985942917,,2.4740805367882084,0.0,,0.0,0.0,0,0.0
persistence,unseen_seastate,heave,100,10.0,1,True,542880,1.4729533632755942,,1.1539622440328934,,1.4729533632755942,0.0,,0.0,0.0,0,0.0
persistence,unseen_seastate,heave,150,15.0,1,True,542880,1.8518455911559912,,1.4423738447332608,,1.8518455911559912,0.0,,0.0,0.0,0,0.0
persistence,unseen_seastate,heave_rate,10,1.0,1,True,542880,0.4398398830423327,,0.3400396131841112,,0.4398398830423327,0.0,,0.0,0.0,0,0.0
persistence,unseen_seastate,heave_rate,20,2.0,1,True,542880,0.8317851168879822,,0.6448208077320698,,0.8317851168879822,0.0,,0.0,0.0,0,0.0
persistence,unseen_seastate,heave_rate,30,3.0,1,True,542880,1.1362827111436415,,0.8846668124949844,,1.1362827111436415,0.0,,0.0,0.0,0,0.0
persistence,unseen_seastate,heave_rate,50,5.0,1,True,542880,1.4001961120139228,,1.1029134331570547,,1.4001961120139228,0.0,,0.0,0.0,0,0.0
persistence,unseen_seastate,heave_rate,100,10.0,1,True,542880,0.7683267045109754,,0.6122377156075761,,0.7683267045109754,0.0,,0.0,0.0,0,0.0
persistence,unseen_seastate,heave_rate,150,15.0,1,True,542880,1.1070364316158197,,0.8492995927005812,,1.1070364316158197,0.0,,0.0,0.0,0,0.0
persistence,unseen_seastate,pitch,10,1.0,1,True,542880,1.2228602601407708,,0.8340560525168472,,1.2228602601407708,0.0,,0.0,0.0,0,0.0
persistence,unseen_seastate,pitch,20,2.0,1,True,542880,2.2574679499954007,,1.5455689613890495,,2.2574679499954007,0.0,,0.0,0.0,0,0.0
persistence,unseen_seastate,pitch,30,3.0,1,True,542880,2.9691366291153294,,2.044096156371395,,2.9691366291153294,0.0,,0.0,0.0,0,0.0
persistence,unseen_seastate,pitch,50,5.0,1,True,542880,3.3044138255161024,,2.3007986933383573,,3.3044138255161024,0.0,,0.0,0.0,0,0.0
persistence,unseen_seastate,pitch,100,10.0,1,True,542880,2.143658806541388,,1.4905784320988573,,2.143658806541388,0.0,,0.0,0.0,0,0.0
persistence,unseen_seastate,pitch,150,15.0,1,True,542880,2.6262925581694647,,1.8038630675540162,,2.6262925581694647,0.0,,0.0,0.0,0,0.0
persistence,unseen_seastate,pitch_rate,10,1.0,1,True,542880,0.9751166377198593,,0.6415715788792883,,0.9751166377198593,0.0,,0.0,0.0,0,0.0
persistence,unseen_seastate,pitch_rate,20,2.0,1,True,542880,1.75173518675313,,1.1612702798141943,,1.75173518675313,0.0,,0.0,0.0,0,0.0
persistence,unseen_seastate,pitch_rate,30,3.0,1,True,542880,2.2061010698625934,,1.4785141357756768,,2.2061010698625934,0.0,,0.0,0.0,0,0.0
persistence,unseen_seastate,pitch_rate,50,5.0,1,True,542880,2.178290159899136,,1.4958081575207731,,2.178290159899136,0.0,,0.0,0.0,0,0.0
persistence,unseen_seastate,pitch_rate,100,10.0,1,True,542880,1.6285109886511375,,1.1025266953053143,,1.6285109886511375,0.0,,0.0,0.0,0,0.0
persistence,unseen_seastate,pitch_rate,150,15.0,1,True,542880,1.8234169111921585,,1.2291202357225066,,1.8234169111921585,0.0,,0.0,0.0,0,0.0
persistence,unseen_seastate,roll,10,1.0,1,True,542880,3.25942469682689,,2.2059932548438312,,3.25942469682689,0.0,,0.0,0.0,0,0.0
persistence,unseen_seastate,roll,20,2.0,1,True,542880,6.285602666698202,,4.252477207635494,,6.285602666698202,0.0,,0.0,0.0,0,0.0
persistence,unseen_seastate,roll,30,3.0,1,True,542880,8.864531895835025,,5.993430301650117,,8.864531895835025,0.0,,0.0,0.0,0,0.0
persistence,unseen_seastate,roll,50,5.0,1,True,542880,12.020706403631479,,8.110495020546795,,12.020706403631479,0.0,,0.0,0.0,0,0.0
persistence,unseen_seastate,roll,100,10.0,1,True,542880,6.564312783673568,,4.3804521297379875,,6.564312783673568,0.0,,0.0,0.0,0,0.0
persistence,unseen_seastate,roll,150,15.0,1,True,542880,8.758534298487419,,5.946180365109693,,8.758534298487419,0.0,,0.0,0.0,0,0.0
persistence,unseen_seastate,roll_rate,10,1.0,1,True,542880,1.7507606275566403,,1.190506923311645,,1.7507606275566403,0.0,,0.0,0.0,0,0.0
persistence,unseen_seastate,roll_rate,20,2.0,1,True,542880,3.368958975401052,,2.289412733331698,,3.368958975401052,0.0,,0.0,0.0,0,0.0
persistence,unseen_seastate,roll_rate,30,3.0,1,True,542880,4.734841225141871,,3.2144823401219966,,4.734841225141871,0.0,,0.0,0.0,0,0.0
persistence,unseen_seastate,roll_rate,50,5.0,1,True,542880,6.356646858286032,,4.303490532971609,,6.356646858286032,0.0,,0.0,0.0,0,0.0
persistence,unseen_seastate,roll_rate,100,10.0,1,True,542880,3.3400320894805207,,2.240686701207135,,3.3400320894805207,0.0,,0.0,0.0,0,0.0
persistence,unseen_seastate,roll_rate,150,15.0,1,True,542880,4.761033745378059,,3.242668906868815,,4.761033745378059,0.0,,0.0,0.0,0,0.0
window_mean,unseen_seastate,heave,10,1.0,1,True,542880,1.3946028532381247,,1.1108873302690976,,0.7230439858176025,-2.720246036516437,,-2.798575361510748,-2.6423451976616703,0,0.0
window_mean,unseen_seastate,heave,20,2.0,1,True,542880,1.4362641778690983,,1.1445170312228883,,1.3801185991770855,-0.08301841259252751,,-0.1054850457095089,-0.06092075245032439,0,0.0
window_mean,unseen_seastate,heave,30,3.0,1,True,542880,1.4456269451513808,,1.1524493100009967,,1.9144386984978832,0.4297969449014116,,0.41898255636195547,0.440622861827019,0,0.0
window_mean,unseen_seastate,heave,50,5.0,1,True,542880,1.3753049583944825,,1.0967958340133066,,2.4740805367882084,0.6909915525766708,,0.6867157344874644,0.6948900795211501,0,0.0
window_mean,unseen_seastate,heave,100,10.0,1,True,542880,1.2440057709422736,,0.990842420402492,,1.4729533632755942,0.2867089129907052,,0.25269346488923866,0.31968293176129386,0,0.0
window_mean,unseen_seastate,heave,150,15.0,1,True,542880,1.3681769431506676,,1.0893680570304116,,1.8518455911559912,0.45414789330962113,,0.4366823415886387,0.47092792830978014,0,0.0
window_mean,unseen_seastate,heave_rate,10,1.0,1,True,542880,0.7814630307777044,,0.6172877017710565,,0.4398398830423327,-2.156658936021811,,-2.231673010863854,-2.084865839770596,0,0.0
window_mean,unseen_seastate,heave_rate,20,2.0,1,True,542880,0.8014567877255201,,0.6338894336232942,,0.8317851168879822,0.07159401339492821,,0.0511444107143475,0.09120387721638894,0,0.0
window_mean,unseen_seastate,heave_rate,30,3.0,1,True,542880,0.8026607362380264,,0.6356228712335794,,1.1362827111436415,0.5010106912815555,,0.4916257175264594,0.5098427988370586,0,0.0
window_mean,unseen_seastate,heave_rate,50,5.0,1,True,542880,0.7569888553730191,,0.6005118745849415,,1.4001961120139228,0.7077185611258547,,0.7050186622210078,0.7101215478873468,0,0.0
window_mean,unseen_seastate,heave_rate,100,10.0,1,True,542880,0.713513792436486,,0.5612151767294621,,0.7683267045109754,0.13759177675656975,,0.10849785666575627,0.1670540807635398,0,0.0
window_mean,unseen_seastate,heave_rate,150,15.0,1,True,542880,0.7628913798516622,,0.6027573105224624,,1.1070364316158197,0.52510063525281,,0.5134640392044219,0.5357613109114682,0,0.0
window_mean,unseen_seastate,pitch,10,1.0,1,True,542880,1.8986577495757608,,1.321250037334401,,1.2228602601407708,-1.4106808001695277,,-1.4804128979801863,-1.3432082272557857,0,0.0
window_mean,unseen_seastate,pitch,20,2.0,1,True,542880,1.943162422967398,,1.3531710820414198,,2.2574679499954007,0.2590736834967171,,0.23979976351158053,0.27781206104421474,0,0.0
window_mean,unseen_seastate,pitch,30,3.0,1,True,542880,1.93677521694929,,1.349658269048049,,2.9691366291153294,0.5745014612642354,,0.5654666415151989,0.5835804886256287,0,0.0
window_mean,unseen_seastate,pitch,50,5.0,1,True,542880,1.8241105971218372,,1.2718207274599491,,3.3044138255161024,0.6952712209283369,,0.6921848627545707,0.6978326908518739,0,0.0
window_mean,unseen_seastate,pitch,100,10.0,1,True,542880,1.7830412029548364,,1.237640133584374,,2.143658806541388,0.30815081565911107,,0.2922619659495811,0.32524294519319563,0,0.0
window_mean,unseen_seastate,pitch,150,15.0,1,True,542880,1.8367194163044058,,1.278831684971606,,2.6262925581694647,0.5108980121482962,,0.4992534126478573,0.5214400663782679,0,0.0
window_mean,unseen_seastate,pitch_rate,10,1.0,1,True,542880,1.3178029309165527,,0.8991136860219167,,0.9751166377198593,-0.8263659642029386,,-0.8750219916723002,-0.7808417933651571,0,0.0
window_mean,unseen_seastate,pitch_rate,20,2.0,1,True,542880,1.3417744853710574,,0.9168902151501639,,1.75173518675313,0.41329180927114895,,0.40049740411673207,0.42567907775954694,0,0.0
window_mean,unseen_seastate,pitch_rate,30,3.0,1,True,542880,1.3262612860232637,,0.907817029229802,,2.2061010698625934,0.638584000199518,,0.633408133087117,0.6436429163054794,0,0.0
window_mean,unseen_seastate,pitch_rate,50,5.0,1,True,542880,1.245140104442897,,0.8525384565575835,,2.178290159899136,0.6732579845081277,,0.6693656419413171,0.6769980987220404,0,0.0
window_mean,unseen_seastate,pitch_rate,100,10.0,1,True,542880,1.2642368437885805,,0.8575644273216638,,1.6285109886511375,0.3973356541846095,,0.39008423556943567,0.4038008118204911,0,0.0
window_mean,unseen_seastate,pitch_rate,150,15.0,1,True,542880,1.2689284446187903,,0.8665011947358161,,1.8234169111921585,0.5157135601653577,,0.5099156385736422,0.5212058503526653,0,0.0
window_mean,unseen_seastate,roll,10,1.0,1,True,542880,7.018108737628716,,4.725985939852176,,3.25942469682689,-3.6361585721576795,,-3.6562380283890863,-3.6159471295907726,0,0.0
window_mean,unseen_seastate,roll,20,2.0,1,True,542880,7.179845092431534,,4.832400198506001,,6.285602666698202,-0.304777021787743,,-0.31134052929638545,-0.29849840561825736,0,0.0
window_mean,unseen_seastate,roll,30,3.0,1,True,542880,7.13182252411556,,4.79911198688446,,8.864531895835025,0.35272409535263494,,0.34916132548421613,0.35621700429701425,0,0.0
window_mean,unseen_seastate,roll,50,5.0,1,True,542880,6.499464666220951,,4.375934301043531,,12.020706403631479,0.7076553205777212,,0.7058306410904807,0.7091915847092916,0,0.0
window_mean,unseen_seastate,roll,100,10.0,1,True,542880,5.784750613938083,,3.911451496184658,,6.564312783673568,0.22341186946691183,,0.20831082165179288,0.23940080864399066,0,0.0
window_mean,unseen_seastate,roll,150,15.0,1,True,542880,7.007837108253422,,4.7111723076681065,,8.758534298487419,0.3598155413360776,,0.3508982374778407,0.36853936702986323,0,0.0
window_mean,unseen_seastate,roll_rate,10,1.0,1,True,542880,3.6933004070457334,,2.495995413025788,,1.7507606275566403,-3.450161018503483,,-3.4733688151482385,-3.4254740023266077,0,0.0
window_mean,unseen_seastate,roll_rate,20,2.0,1,True,542880,3.7689178878297858,,2.5460990433323327,,3.368958975401052,-0.25153185018445035,,-0.2584858965294072,-0.24441283004508407,0,0.0
window_mean,unseen_seastate,roll_rate,30,3.0,1,True,542880,3.7356458569931426,,2.5231079214202325,,4.734841225141871,0.37752694710436674,,0.3739463269050833,0.3810866817201996,0,0.0
window_mean,unseen_seastate,roll_rate,50,5.0,1,True,542880,3.3972575502315983,,2.2960429312948754,,6.356646858286032,0.7143720025464866,,0.7129479736297555,0.7156660548583421,0,0.0
window_mean,unseen_seastate,roll_rate,100,10.0,1,True,542880,3.0823717778808444,,2.0920485257681505,,3.3400320894805207,0.1483350769801881,,0.1337860238673988,0.16416794572106874,0,0.0
window_mean,unseen_seastate,roll_rate,150,15.0,1,True,542880,3.672411600997882,,2.477720512114972,,4.761033745378059,0.40502299403711906,,0.39727628319572716,0.4129382603985236,0,0.0
ar10,unseen_vessel,heave,10,1.0,1,True,434304,0.0019330544936528567,,0.0012509178946290276,,0.3613733827789103,0.9999713861779423,,0.9999672524580175,0.9999752032077857,54900,0.019207551995350514
ar10,unseen_vessel,heave,20,2.0,1,True,434304,0.0162410820210075,,0.01047849471700385,,0.6907853787492375,0.9994472310423765,,0.9993672567209605,0.9995220155147541,54900,0.019207551995350514
ar10,unseen_vessel,heave,30,3.0,1,True,434304,0.05549329212838629,,0.03578329392851981,,0.9600670236676927,0.9966589892395924,,0.9961922882507713,0.9970920291017938,54900,0.019207551995350514
ar10,unseen_vessel,heave,50,5.0,1,True,434304,0.20380844484536467,,0.12929097771936474,,1.244790554262758,0.9731927797856532,,0.9705939341282581,0.9757375991843038,54900,0.019207551995350514
ar10,unseen_vessel,heave,100,10.0,1,True,434304,0.40847553599287567,,0.24993564530685078,,0.7165157668754824,0.6750020663515073,,0.6487133270508394,0.7011046890405589,54900,0.019207551995350514
ar10,unseen_vessel,heave,150,15.0,1,True,434304,0.5193383997667176,,0.32829488268812207,,0.950165585399252,0.7012538769101937,,0.6723619075024746,0.7277319218814224,54900,0.019207551995350514
ar10,unseen_vessel,heave_rate,10,1.0,1,True,434304,0.005722013894583209,,0.0036920963300601864,,0.21659232334739117,0.9993020702736563,,0.9991906969931714,0.9994058855576251,54900,0.019207551995350514
ar10,unseen_vessel,heave_rate,20,2.0,1,True,434304,0.02544191333413424,,0.01640337984172148,,0.4110426972592282,0.9961688808036696,,0.9955581896256451,0.9967212147926332,54900,0.019207551995350514
ar10,unseen_vessel,heave_rate,30,3.0,1,True,434304,0.05505663345864366,,0.035362111649239164,,0.5645392543584054,0.99048889418014,,0.9891792386319763,0.9917483293237784,54900,0.019207551995350514
ar10,unseen_vessel,heave_rate,50,5.0,1,True,434304,0.11002422003085637,,0.06652941954388743,,0.7042908103788279,0.9755953516887031,,0.9733727449839071,0.9777059474552205,54900,0.019207551995350514
ar10,unseen_vessel,heave_rate,100,10.0,1,True,434304,0.2543108878402732,,0.15864841950877856,,0.3657020032405109,0.5164123184782925,,0.5005000752077499,0.5336098060941077,54900,0.019207551995350514
ar10,unseen_vessel,heave_rate,150,15.0,1,True,434304,0.3316709922972248,,0.2094015520104171,,0.5672327891617418,0.65810533406973,,0.6311540657535512,0.6821140826639708,54900,0.019207551995350514
ar10,unseen_vessel,pitch,10,1.0,1,True,434304,0.007081697202394359,,0.0045884064346767605,,0.6873843757468203,0.9998938609016665,,0.9998767544290218,0.9999095614045375,54900,0.019207551995350514
ar10,unseen_vessel,pitch,20,2.0,1,True,434304,0.07390265865309367,,0.04754315377058031,,1.2853247339496268,0.9966940643552138,,0.9961571661065869,0.9971868002386037,54900,0.019207551995350514
ar10,unseen_vessel,pitch,30,3.0,1,True,434304,0.24879920646705597,,0.15884275122447872,,1.722301774874387,0.9791320646087728,,0.9758005201556366,0.9822412936981799,54900,0.019207551995350514
ar10,unseen_vessel,pitch,50,5.0,1,True,434304,0.5481804131196184,,0.33762922546244767,,1.9909875298307909,0.9241928886896273,,0.9136280874292019,0.9335868788540268,54900,0.019207551995350514
ar10,unseen_vessel,pitch,100,10.0,1,True,434304,0.843042257374909,,0.525146083213303,,1.1519230367908961,0.4643861963200434,,0.4417579191427734,0.489423616539298,54900,0.019207551995350514
ar10,unseen_vessel,pitch,150,15.0,1,True,434304,1.0302613297438783,,0.6303436144180716,,1.5949893325557711,0.582766440730612,,0.5580673640316943,0.6035612202635051,54900,0.019207551995350514
ar10,unseen_vessel,pitch_rate,10,1.0,1,True,434304,0.023645689832568796,,0.01526797632220057,,0.5015508593238505,0.9977773349560979,,0.997382279854823,0.998141286676894,54900,0.019207551995350514
ar10,unseen_vessel,pitch_rate,20,2.0,1,True,434304,0.12184290558130204,,0.07816861171131172,,0.9238665701266839,0.982606699950536,,0.9795195806378297,0.9855133375236618,54900,0.019207551995350514
ar10,unseen_vessel,pitch_rate,30,3.0,1,True,434304,0.2200837005267648,,0.13949089198162326,,1.207871649787205,0.9668002981484058,,0.9608945401015044,0.9720667700736402,54900,0.019207551995350514
ar10,unseen_vessel,pitch_rate,50,5.0,1,True,434304,0.31628632367350923,,0.20684698230528428,,1.2924442841379322,0.9401123645469325,,0.9343422232355931,0.9450113194188771,54900,0.019207551995350514
ar10,unseen_vessel,pitch_rate,100,10.0,1,True,434304,0.6364342722552386,,0.41827713763237134,,0.828406348770982,0.40977135903974227,,0.3650371617909628,0.45328936032344735,54900,0.019207551995350514
ar10,unseen_vessel,pitch_rate,150,15.0,1,True,434304,0.694056394128953,,0.4377198359109882,,1.0501412815237843,0.563188506679167,,0.5420949228031587,0.5795891559931188,54900,0.019207551995350514
ar10,unseen_vessel,roll,10,1.0,1,True,434304,0.007706316016402952,,0.004333773728559389,,0.9927496007005082,0.9999397420730488,,0.999935130641353,0.9999431928825075,54900,0.019207551995350514
ar10,unseen_vessel,roll,20,2.0,1,True,434304,0.06240742506290423,,0.03489652761083054,,1.9285880231694805,0.99895288689005,,0.9988734614913023,0.9990122547876086,54900,0.019207551995350514
ar10,unseen_vessel,roll,30,3.0,1,True,434304,0.22228884992631742,,0.12258252298259124,,2.7551118746389696,0.9934903613639798,,0.9930367773623019,0.9938429440456352,54900,0.019207551995350514
ar10,unseen_vessel,roll,50,5.0,1,True,434304,0.894653212322606,,0.47274562709003837,,3.9136091054126094,0.9477417863971243,,0.9448365089496503,0.9498900326911935,54900,0.019207551995350514
ar10,unseen_vessel,roll,100,10.0,1,True,434304,1.9507543927750604,,0.9423022779667096,,3.271183744913753,0.6443725234210581,,0.6316724417866054,0.6547199886203928,54900,0.019207551995350514
ar10,unseen_vessel,roll,150,15.0,1,True,434304,2.180941052406434,,1.0745639977297512,,1.6783489246691847,-0.6885866270595167,,-0.9395343786335244,-0.43929970005500146,54900,0.019207551995350514
ar10,unseen_vessel,roll_rate,10,1.0,1,True,434304,0.021510596852862166,,0.012116160865915495,,0.47796654791076604,0.997974604141826,,0.9978462290677328,0.9980842815157982,54900,0.019207551995350514
ar10,unseen_vessel,roll_rate,20,2.0,1,True,434304,0.09894672375464704,,0.054967454271641236,,0.9249828255033861,0.9885571158964668,,0.9879176551726384,0.9890742367599158,54900,0.019207551995350514
ar10,unseen_vessel,roll_rate,30,3.0,1,True,434304,0.23163906121460706,,0.12558962231104281,,1.3131457165389728,0.9688829978682684,,0.9673965832888991,0.9701254785540523,54900,0.019207551995350514
ar10,unseen_vessel,roll_rate,50,5.0,1,True,434304,0.45107848972957065,,0.22931344840543874,,1.8318743803680173,0.9393664693550995,,0.9368597472227077,0.9419824651339198,54900,0.019207551995350514
ar10,unseen_vessel,roll_rate,100,10.0,1,True,434304,0.936399002914146,,0.4818408439672092,,1.4553535632772143,0.5860147592634395,,0.5688020579031396,0.5982326460284526,54900,0.019207551995350514
ar10,unseen_vessel,roll_rate,150,15.0,1,True,434304,1.2329893432610266,,0.6325111421911455,,0.8974121709457911,-0.8877076485688549,,-1.2030421508094082,-0.5850888206968193,54900,0.019207551995350514
ar20,unseen_vessel,heave,10,1.0,1,True,434304,0.0012192814953418257,,0.000791677973527165,,0.3613733827789103,0.9999886159801814,,0.9999871074418674,0.9999900652638521,108900,0.05586811299872352
ar20,unseen_vessel,heave,20,2.0,1,True,434304,0.011262306851061915,,0.007239278487782544,,0.6907853787492375,0.9997341917608586,,0.9996994948521414,0.9997685438444296,108900,0.05586811299872352
ar20,unseen_vessel,heave,30,3.0,1,True,434304,0.04358396286134281,,0.027692517617911513,,0.9600670236676927,0.997939131287283,,0.99767610039043,0.9982000530774047,108900,0.05586811299872352
ar20,unseen_vessel,heave,50,5.0,1,True,434304,0.1908885485202483,,0.11749681205917932,,1.244790554262758,0.9764837979441758,,0.9739882376336501,0.9789228528357038,108900,0.05586811299872352
ar20,unseen_vessel,heave,100,10.0,1,True,434304,0.367990979424833,,0.2273015885869795,,0.7165157668754824,0.7362315526287921,,0.7144621796019385,0.7562413518502494,108900,0.05586811299872352
ar20,unseen_vessel,heave,150,15.0,1,True,434304,0.4855437900952924,,0.30890647268304305,,0.950165585399252,0.7388691302298557,,0.717479910343883,0.7590725665218834,108900,0.05586811299872352
ar20,unseen_vessel,heave_rate,10,1.0,1,True,434304,0.0036555891254749775,,0.0023663768947235556,,0.21659232334739117,0.9997151418603843,,0.9996749916331908,0.9997553766263645,108900,0.05586811299872352
ar20,unseen_vessel,heave_rate,20,2.0,1,True,434304,0.018932332534056923,,0.012096071349185139,,0.4110426972592282,0.9978785423114944,,0.9975850508005392,0.9981783361356089,108900,0.05586811299872352
ar20,unseen_vessel,heave_rate,30,3.0,1,True,434304,0.047711659757422316,,0.029970747349917056,,0.5645392543584054,0.9928573271513854,,0.9918708375112409,0.9938131630951218,108900,0.05586811299872352
ar20,unseen_vessel,heave_rate,50,5.0,1,True,434304,0.09641354270176894,,0.05889384805755713,,0.7042908103788279,0.9812598941746834,,0.9796537972313927,0.9829933886428117,108900,0.05586811299872352
ar20,unseen_vessel,heave_rate,100,10.0,1,True,434304,0.23049516048535704,,0.1443431391566803,,0.3657020032405109,0.6027453916279828,,0.580970959151349,0.6242352550756954,108900,0.05586811299872352
ar20,unseen_vessel,heave_rate,150,15.0,1,True,434304,0.3215613439159817,,0.2023672371400679,,0.5672327891617418,0.678630235061781,,0.652926016225888,0.7025955810052376,108900,0.05586811299872352
ar20,unseen_vessel,pitch,10,1.0,1,True,434304,0.004863029552748582,,0.0033281982570177735,,0.6873843757468203,0.9999499487987955,,0.9999440806420852,0.9999554400373389,108900,0.05586811299872352
ar20,unseen_vessel,pitch,20,2.0,1,True,434304,0.0521573507859079,,0.035283986270581706,,1.2853247339496268,0.998353334756849,,0.9981455555710187,0.9985436097806759,108900,0.05586811299872352
ar20,unseen_vessel,pitch,30,3.0,1,True,434304,0.18972388487214628,,0.1256971290964679,,1.722301774874387,0.9878653984775729,,0.9862530459706362,0.9893237885380721,108900,0.05586811299872352
ar20,unseen_vessel,pitch,50,5.0,1,True,434304,0.5114858591611338,,0.3183719159582984,,1.9909875298307909,0.9340020899376497,,0.9257013325045587,0.9412040088403149,108900,0.05586811299872352
ar20,unseen_vessel,pitch,100,10.0,1,True,434304,0.8317806090026403,,0.5202890458116836,,1.1519230367908961,0.47860044527067036,,0.45655622740584795,0.5021973327421803,108900,0.05586811299872352
ar20,unseen_vessel,pitch,150,15.0,1,True,434304,1.0257375807527367,,0.6313188093890743,,1.5949893325557711,0.5864224375888136,,0.5623518806238875,0.6068466220504607,108900,0.05586811299872352
ar20,unseen_vessel,pitch_rate,10,1.0,1,True,434304,0.016079267960047165,,0.010977228761595893,,0.5015508593238505,0.9989722142598438,,0.9988334105280904,0.9991029377114855,108900,0.05586811299872352
ar20,unseen_vessel,pitch_rate,20,2.0,1,True,434304,0.08947029362208289,,0.05995878046306266,,0.9238665701266839,0.9906213739429175,,0.989263207728702,0.9919217625177851,108900,0.05586811299872352
ar20,unseen_vessel,pitch_rate,30,3.0,1,True,434304,0.18511705548113405,,0.11981498959878668,,1.207871649787205,0.9765117158912183,,0.972871286672567,0.9800041298660188,108900,0.05586811299872352
ar20,unseen_vessel,pitch_rate,50,5.0,1,True,434304,0.26931384038626177,,0.17821922626934217,,1.2924442841379322,0.9565796134480107,,0.9533481444904299,0.9591614926262674,108900,0.05586811299872352
ar20,unseen_vessel,pitch_rate,100,10.0,1,True,434304,0.5920761899635175,,0.38945680715959435,,0.828406348770982,0.48917945532318674,,0.4557239093009971,0.5218992948602896,108900,0.05586811299872352
ar20,unseen_vessel,pitch_rate,150,15.0,1,True,434304,0.6841034255379637,,0.42980539185512484,,1.0501412815237843,0.5756266843230546,,0.5561700591419063,0.5912271807332409,108900,0.05586811299872352
ar20,unseen_vessel,roll,10,1.0,1,True,434304,0.006512032320233232,,0.003691131579193141,,0.9927496007005082,0.9999569717530383,,0.999953142572958,0.9999598649056464,108900,0.05586811299872352
ar20,unseen_vessel,roll,20,2.0,1,True,434304,0.054154289368562536,,0.030559398815802784,,1.9285880231694805,0.9992115270626444,,0.9991427673724276,0.9992637802347837,108900,0.05586811299872352
ar20,unseen_vessel,roll,30,3.0,1,True,434304,0.19383625024414028,,0.10843295163682834,,2.7551118746389696,0.9950501558798548,,0.9946317889421967,0.9953694243562196,108900,0.05586811299872352
ar20,unseen_vessel,roll,50,5.0,1,True,434304,0.7643506602875241,,0.412640010003033,,3.9136091054126094,0.96185563419933,,0.9590838598661189,0.9639394203505759,108900,0.05586811299872352
ar20,unseen_vessel,roll,100,10.0,1,True,434304,1.8522386404922633,,0.8957419494407802,,3.271183744913753,0.6793848788788412,,0.6681303724042561,0.6888463848899317,108900,0.05586811299872352
ar20,unseen_vessel,roll,150,15.0,1,True,434304,2.0348363196354176,,1.018330998295792,,1.6783489246691847,-0.4699225489764265,,-0.6906493467794739,-0.2556909108417722,108900,0.05586811299872352
ar20,unseen_vessel,roll_rate,10,1.0,1,True,434304,0.01858936060198313,,0.010540467433279872,,0.47796654791076604,0.9984873658539053,,0.9983773806805617,0.9985726740127526,108900,0.05586811299872352
ar20,unseen_vessel,roll_rate,20,2.0,1,True,434304,0.08620574488660918,,0.04847992750621461,,0.9249828255033861,0.9913142949093041,,0.9907133688042482,0.991778812753272,108900,0.05586811299872352
ar20,unseen_vessel,roll_rate,30,3.0,1,True,434304,0.19824093263727985,,0.10979355468488829,,1.3131457165389728,0.9772091343132978,,0.9757832784551981,0.9783212615618208,108900,0.05586811299872352
ar20,unseen_vessel,roll_rate,50,5.0,1,True,434304,0.36326284375949675,,0.1887115054397545,,1.8318743803680173,0.9606766436298716,,0.9591557064115062,0.9620456227152883,108900,0.05586811299872352
ar20,unseen_vessel,roll_rate,100,10.0,1,True,434304,0.782111685370231,,0.40790141960027093,,1.4553535632772143,0.7111977833974109,,0.6958401526884566,0.7222372023204061,108900,0.05586811299872352
ar20,unseen_vessel,roll_rate,150,15.0,1,True,434304,1.124743042741548,,0.5741856034154645,,0.8974121709457911,-0.5708066109881664,,-0.8405686292925372,-0.3048806684297434,108900,0.05586811299872352
ar40,unseen_vessel,heave,10,1.0,1,True,434304,0.0009017030834642266,,0.0005840013176515573,,0.3613733827789103,0.9999937739187008,,0.9999929032516323,0.9999946489049432,216900,0.19464646100095706
ar40,unseen_vessel,heave,20,2.0,1,True,434304,0.00818732728672906,,0.005262008995535279,,0.6907853787492375,0.999859525326997,,0.9998395574418389,0.9998792251406001,216900,0.19464646100095706
ar40,unseen_vessel,heave,30,3.0,1,True,434304,0.03389669067949413,,0.021368292809657994,,0.9600670236676927,0.9987534448568555,,0.9985801686709764,0.9989239240749912,216900,0.19464646100095706
ar40,unseen_vessel,heave,50,5.0,1,True,434304,0.17856700926467584,,0.10624261751215408,,1.244790554262758,0.9794216816520737,,0.9768565106771314,0.9820672082797811,216900,0.19464646100095706
ar40,unseen_vessel,heave,100,10.0,1,True,434304,0.3597732937467386,,0.22013049487345013,,0.7165157668754824,0.7478805555598782,,0.7285514950504455,0.7678602318314768,216900,0.19464646100095706
ar40,unseen_vessel,heave,150,15.0,1,True,434304,0.4726867032442673,,0.30118208589936324,,0.950165585399252,0.752515400609979,,0.7316688255728527,0.7717916811680009,216900,0.19464646100095706
ar40,unseen_vessel,heave_rate,10,1.0,1,True,434304,0.00260300285369378,,0.0016870914499482214,,0.21659232334739117,0.9998555680853026,,0.9998328624963967,0.9998769290434117,216900,0.19464646100095706
ar40,unseen_vessel,heave_rate,20,2.0,1,True,434304,0.014132612655065862,,0.009008271068350492,,0.4110426972592282,0.9988178542137539,,0.9986350485030815,0.9989939623454939,216900,0.19464646100095706
ar40,unseen_vessel,heave_rate,30,3.0,1,True,434304,0.040086984744751725,,0.024754247531324595,,0.5645392543584054,0.9949578183099778,,0.9941681625618157,0.9957059260040275,216900,0.19464646100095706
ar40,unseen_vessel,heave_rate,50,5.0,1,True,434304,0.1048581923942955,,0.0608136656395546,,0.7042908103788279,0.9778333180416096,,0.9746922189588701,0.9808298737910841,216900,0.19464646100095706
ar40,unseen_vessel,heave_rate,100,10.0,1,True,434304,0.2286202873445156,,0.1419595443576283,,0.3657020032405109,0.6091817336563987,,0.5882133872897777,0.6311214580471106,216900,0.19464646100095706
ar40,unseen_vessel,heave_rate,150,15.0,1,True,434304,0.31400616817704974,,0.19803470897835806,,0.5672327891617418,0.693554178876251,,0.6658588937929063,0.7189078925875699,216900,0.19464646100095706
ar40,unseen_vessel,pitch,10,1.0,1,True,434304,0.004085106120349151,,0.002831699987533459,,0.6873843757468203,0.999964681083426,,0.9999607844894576,0.999968226181704,216900,0.19464646100095706
ar40,unseen_vessel,pitch,20,2.0,1,True,434304,0.04417519313290457,,0.03057770859109041,,1.2853247339496268,0.9988187789328952,,0.9986873885636008,0.9989370835254028,216900,0.19464646100095706
ar40,unseen_vessel,pitch,30,3.0,1,True,434304,0.16586333412445925,,0.11349647232517437,,1.722301774874387,0.9907256755712347,,0.9896877958288881,0.9916391731407855,216900,0.19464646100095706
ar40,unseen_vessel,pitch,50,5.0,1,True,434304,0.4982949260997982,,0.316711853547949,,1.9909875298307909,0.937362293122056,,0.9301887646564272,0.943841662271001,216900,0.19464646100095706
ar40,unseen_vessel,pitch,100,10.0,1,True,434304,0.7928336955306224,,0.503680328823137,,1.1519230367908961,0.5262848528340254,,0.5051536185368556,0.5477400908508695,216900,0.19464646100095706
ar40,unseen_vessel,pitch,150,15.0,1,True,434304,1.017242137417063,,0.6339727789407398,,1.5949893325557711,0.5932447960915432,,0.5690384671416797,0.613993760083051,216900,0.19464646100095706
ar40,unseen_vessel,pitch_rate,10,1.0,1,True,434304,0.01337370673160449,,0.009274809040263952,,0.5015508593238505,0.9992889933982505,,0.9992037403748089,0.9993695992047524,216900,0.19464646100095706
ar40,unseen_vessel,pitch_rate,20,2.0,1,True,434304,0.07708489033610408,,0.05312461921091314,,0.9238665701266839,0.9930382245253044,,0.9921795159992521,0.9938601877624809,216900,0.19464646100095706
ar40,unseen_vessel,pitch_rate,30,3.0,1,True,434304,0.16837240702665998,,0.11281885881529947,,1.207871649787205,0.9805687712178737,,0.977929896410232,0.9830308300176379,216900,0.19464646100095706
ar40,unseen_vessel,pitch_rate,50,5.0,1,True,434304,0.29521887180410117,,0.1895665804774049,,1.2924442841379322,0.9478247459943079,,0.9414487354533703,0.953538790841746,216900,0.19464646100095706
ar40,unseen_vessel,pitch_rate,100,10.0,1,True,434304,0.6036479533984949,,0.39952125533939065,,0.828406348770982,0.4690169865483531,,0.4289149282824451,0.5074019112806144,216900,0.19464646100095706
ar40,unseen_vessel,pitch_rate,150,15.0,1,True,434304,0.6867257078116048,,0.43678428081056203,,1.0501412815237843,0.5723670618557452,,0.5503904249304599,0.5894431166685127,216900,0.19464646100095706
ar40,unseen_vessel,roll,10,1.0,1,True,434304,0.004024591252609765,,0.002350440205181809,,0.9927496007005082,0.9999835652116421,,0.9999816923755261,0.9999850387611767,216900,0.19464646100095706
ar40,unseen_vessel,roll,20,2.0,1,True,434304,0.03437075926368987,,0.020045349097196824,,1.9285880231694805,0.9996823862311972,,0.9996450674315055,0.9997104259304761,216900,0.19464646100095706
ar40,unseen_vessel,roll,30,3.0,1,True,434304,0.12850181122704094,,0.07454121020308303,,2.7551118746389696,0.9978245955081281,,0.9975734771871276,0.9980166170734026,216900,0.19464646100095706
ar40,unseen_vessel,roll,50,5.0,1,True,434304,0.564349080478092,,0.3145895538973795,,3.9136091054126094,0.9792058701340534,,0.977123464621538,0.9807476403315308,216900,0.19464646100095706
ar40,unseen_vessel,roll,100,10.0,1,True,434304,1.81153496742967,,0.8631390181114037,,3.271183744913753,0.6933213350166911,,0.6854031968613241,0.7010329177463507,216900,0.19464646100095706
ar40,unseen_vessel,roll,150,15.0,1,True,434304,2.0978072030507486,,1.0324352063861408,,1.6783489246691847,-0.5623079231012409,,-0.8120710535896309,-0.3204242718784095,216900,0.19464646100095706
ar40,unseen_vessel,roll_rate,10,1.0,1,True,434304,0.011539095806427624,,0.00673874002779619,,0.47796654791076604,0.9994171610673755,,0.9993612355670698,0.9994627603134703,216900,0.19464646100095706
ar40,unseen_vessel,roll_rate,20,2.0,1,True,434304,0.05643029157150145,,0.032848334677762506,,0.9249828255033861,0.9962781638463435,,0.995934030649251,0.9965551412390246,216900,0.19464646100095706
ar40,unseen_vessel,roll_rate,30,3.0,1,True,434304,0.13886665195887776,,0.07980380789911254,,1.3131457165389728,0.9888166971217467,,0.9878607238778092,0.9895934572431703,216900,0.19464646100095706
ar40,unseen_vessel,roll_rate,50,5.0,1,True,434304,0.3270702193875438,,0.1716399479655417,,1.8318743803680173,0.9681220322630573,,0.9667035662264016,0.9692764054349348,216900,0.19464646100095706
ar40,unseen_vessel,roll_rate,100,10.0,1,True,434304,0.6777766037163689,,0.3599691272414137,,1.4553535632772143,0.7831117026216223,,0.7678168807808696,0.7942887306418515,216900,0.19464646100095706
ar40,unseen_vessel,roll_rate,150,15.0,1,True,434304,1.0017949911417292,,0.512967377171322,,0.8974121709457911,-0.24615998412628626,,-0.47644797813777884,-0.0155479767605259,216900,0.19464646100095706
ar_attitude_only,unseen_vessel,heave,10,1.0,1,True,434304,0.0042887646148801715,,0.002692074260258758,,0.3613733827789103,0.9998591515410055,,0.999838894719257,0.9998788207926347,108900,0.050494028997491114
ar_attitude_only,unseen_vessel,heave,20,2.0,1,True,434304,0.023804892991402857,,0.0147924835080967,,0.6907853787492375,0.9988124656140646,,0.9986471377897214,0.9989769288604851,108900,0.050494028997491114
ar_attitude_only,unseen_vessel,heave,30,3.0,1,True,434304,0.07161406607852966,,0.043960961904583463,,0.9600670236676927,0.9944359175142238,,0.9937097046265048,0.9951764512222127,108900,0.050494028997491114
ar_attitude_only,unseen_vessel,heave,50,5.0,1,True,434304,0.23990111102853162,,0.1425526579569843,,1.244790554262758,0.9628574300206623,,0.9587569916295923,0.9670359926412638,108900,0.050494028997491114
ar_attitude_only,unseen_vessel,heave,100,10.0,1,True,434304,0.3891678633126853,,0.23836639550015706,,0.7165157668754824,0.7049997140565001,,0.6781807495621458,0.729823873333379,108900,0.050494028997491114
ar_attitude_only,unseen_vessel,heave,150,15.0,1,True,434304,0.5172478070147662,,0.3262193455800397,,0.950165585399252,0.7036542363144731,,0.6793194600719343,0.72620184212685,108900,0.050494028997491114
ar_attitude_only,unseen_vessel,heave_rate,10,1.0,1,True,434304,0.03654713700015921,,0.021199068111342832,,0.21659232334739117,0.9715278277361051,,0.9678802549541746,0.9748989248499619,108900,0.050494028997491114
ar_attitude_only,unseen_vessel,heave_rate,20,2.0,1,True,434304,0.04931095344353443,,0.028883515825971172,,0.4110426972592282,0.9856082725374706,,0.9833538501783667,0.987689035424198,108900,0.050494028997491114
ar_attitude_only,unseen_vessel,heave_rate,30,3.0,1,True,434304,0.07576663513692385,,0.0445254615146334,,0.5645392543584054,0.9819877606236789,,0.9790482776377221,0.9847564119892759,108900,0.050494028997491114
ar_attitude_only,unseen_vessel,heave_rate,50,5.0,1,True,434304,0.10590453014772486,,0.06353434369618,,0.7042908103788279,0.9773887260330435,,0.9746370040840725,0.980041451133713,108900,0.050494028997491114
ar_attitude_only,unseen_vessel,heave_rate,100,10.0,1,True,434304,0.23549061169125837,,0.1489084559143117,,0.3657020032405109,0.5853396433157567,,0.5687342685047637,0.6017330619518743,108900,0.050494028997491114
ar_attitude_only,unseen_vessel,heave_rate,150,15.0,1,True,434304,0.3207751634161868,,0.20247223764541253,,0.5672327891617418,0.6801997383085014,,0.6511907455609031,0.7063691406847975,108900,0.050494028997491114
ar_attitude_only,unseen_vessel,pitch,10,1.0,1,True,434304,0.015666734728333558,,0.010646296896157063,,0.6873843757468203,0.9994805333545261,,0.9994189684333784,0.9995356873944448,108900,0.050494028997491114
ar_attitude_only,unseen_vessel,pitch,20,2.0,1,True,434304,0.09969953674078515,,0.0672515823002131,,1.2853247339496268,0.9939832696139344,,0.9932683113518799,0.9946247353751708,108900,0.050494028997491114
ar_attitude_only,unseen_vessel,pitch,30,3.0,1,True,434304,0.270160964281074,,0.1795783038617408,,1.722301774874387,0.9753948114594087,,0.9725575610148468,0.9780548680427296,108900,0.050494028997491114
ar_attitude_only,unseen_vessel,pitch,50,5.0,1,True,434304,0.5332891143646985,,0.3359164622523891,,1.9909875298307909,0.9282555421932944,,0.9216173854947497,0.934026610127162,108900,0.050494028997491114
ar_attitude_only,unseen_vessel,pitch,100,10.0,1,True,434304,0.8324093452029407,,0.516319979888249,,1.1519230367908961,0.4778119039879942,,0.4571425783666007,0.4998012074780662,108900,0.050494028997491114
ar_attitude_only,unseen_vessel,pitch,150,15.0,1,True,434304,1.0340958028028484,,0.6348289583948499,,1.5949893325557711,0.5796549038190499,,0.5567813259630736,0.5997120754240199,108900,0.050494028997491114
ar_attitude_only,unseen_vessel,pitch_rate,10,1.0,1,True,434304,0.06781265891587475,,0.04412448103506596,,0.5015508593238505,0.9817193518891856,,0.9801122025764286,0.9832740235049332,108900,0.050494028997491114
ar_attitude_only,unseen_vessel,pitch_rate,20,2.0,1,True,434304,0.14831860622487864,,0.0988348226905477,,0.9238665701266839,0.9742265375544452,,0.9712013841749074,0.9771056198465637,108900,0.050494028997491114
ar_attitude_only,unseen_vessel,pitch_rate,30,3.0,1,True,434304,0.2145345403398979,,0.14000803650041252,,1.207871649787205,0.9684533772496311,,0.9645754407384048,0.9719797292677193,108900,0.050494028997491114
ar_attitude_only,unseen_vessel,pitch_rate,50,5.0,1,True,434304,0.33312059703549224,,0.22484044667717937,,1.2924442841379322,0.9335676964430113,,0.9278716653289708,0.9383583533317204,108900,0.050494028997491114
ar_attitude_only,unseen_vessel,pitch_rate,100,10.0,1,True,434304,0.6158731789208937,,0.405246927066472,,0.828406348770982,0.44729200718562756,,0.40869685808646194,0.4852256636401939,108900,0.050494028997491114
ar_attitude_only,unseen_vessel,pitch_rate,150,15.0,1,True,434304,0.687750965036876,,0.4342056426693696,,1.0501412815237843,0.5710892269424348,,0.5504006001163023,0.5874323031587549,108900,0.050494028997491114
ar_attitude_only,unseen_vessel,roll,10,1.0,1,True,434304,0.022969891128197355,,0.013000329999758795,,0.9927496007005082,0.9994646492303426,,0.9994053170705776,0.9995103117284704,108900,0.050494028997491114
ar_attitude_only,unseen_vessel,roll,20,2.0,1,True,434304,0.10714628115070167,,0.06064047726929664,,1.9285880231694805,0.9969134360933835,,0.9965666871870075,0.9971825668088015,108900,0.050494028997491114
ar_attitude_only,unseen_vessel,roll,30,3.0,1,True,434304,0.2821314246373689,,0.1585437041399229,,2.7551118746389696,0.9895136476438174,,0.9883332101071521,0.9904264956349542,108900,0.050494028997491114
ar_attitude_only,unseen_vessel,roll,50,5.0,1,True,434304,0.7968106446317392,,0.4323973659796498,,3.9136091054126094,0.9585470576079307,,0.9546259225852598,0.9617735586577506,108900,0.050494028997491114
ar_attitude_only,unseen_vessel,roll,100,10.0,1,True,434304,1.9050615500429655,,0.9273388232312638,,3.271183744913753,0.6608372526852777,,0.646887477626228,0.6714982707152157,108900,0.050494028997491114
ar_attitude_only,unseen_vessel,roll,150,15.0,1,True,434304,2.099528572625209,,1.056816050393638,,1.6783489246691847,-0.5648728992211896,,-0.7852119555625492,-0.34694128327130735,108900,0.050494028997491114
ar_attitude_only,unseen_vessel,roll_rate,10,1.0,1,True,434304,0.1216795104904731,,0.05678277759389679,,0.47796654791076604,0.9351903160520804,,0.9254374227881158,0.9456341872713114,108900,0.050494028997491114
ar_attitude_only,unseen_vessel,roll_rate,20,2.0,1,True,434304,0.12374412505681066,,0.06482469097763294,,0.9249828255033861,0.982102933971037,,0.9789965402514563,0.9851492545565683,108900,0.050494028997491114
ar_attitude_only,unseen_vessel,roll_rate,30,3.0,1,True,434304,0.176875550578116,,0.09973246646525334,,1.3131457165389728,0.9818569721683639,,0.9795068271706306,0.9839957941644428,108900,0.050494028997491114
ar_attitude_only,unseen_vessel,roll_rate,50,5.0,1,True,434304,0.3099397951417247,,0.1671169153193027,,1.8318743803680173,0.971373826079747,,0.9697723418021393,0.9727008680940417,108900,0.050494028997491114
ar_attitude_only,unseen_vessel,roll_rate,100,10.0,1,True,434304,0.8238801153355559,,0.4255240990764122,,1.4553535632772143,0.6795273178483088,,0.6611299554145009,0.6941169828538335,108900,0.050494028997491114
ar_attitude_only,unseen_vessel,roll_rate,150,15.0,1,True,434304,1.0054962822438787,,0.5124322094712742,,0.8974121709457911,-0.25538526779539805,,-0.48885996511670243,-0.024842413683153854,108900,0.050494028997491114
damped_persistence,unseen_vessel,heave,10,1.0,1,True,434304,0.4536325501105269,,0.2746022766791815,,0.3613733827789103,-0.5757818604047629,,-0.6192240611069187,-0.5326745052282464,6,0.1476656289960374
damped_persistence,unseen_vessel,heave,20,2.0,1,True,434304,0.6543814547183727,,0.39460861988867624,,0.6907853787492375,0.10262143347831743,,0.07697272082955094,0.12879310140261016,6,0.1476656289960374
damped_persistence,unseen_vessel,heave,30,3.0,1,True,434304,0.7227081041743081,,0.4335474717949234,,0.9600670236676927,0.4333397565431736,,0.4167865511510212,0.4501162683158747,6,0.1476656289960374
damped_persistence,unseen_vessel,heave,50,5.0,1,True,434304,0.699812869272779,,0.41650316722326775,,1.244790554262758,0.6839387297801609,,0.6768187008777388,0.6909015930970008,6,0.1476656289960374
damped_persistence,unseen_vessel,heave,100,10.0,1,True,434304,0.6241120879019718,,0.3786781753946017,,0.7165157668754824,0.24129370857508858,,0.15909516066492765,0.3061967974884022,6,0.1476656289960374
damped_persistence,unseen_vessel,heave,150,15.0,1,True,434304,0.6858570654638528,,0.40758553677248177,,0.950165585399252,0.47896290824999366,,0.4442475037341848,0.512435098562824,6,0.1476656289960374
damped_persistence,unseen_vessel,heave_rate,10,1.0,1,True,434304,0.2668391249953762,,0.16700997043053545,,0.21659232334739117,-0.517794224408116,,-0.5610442438007496,-0.4744703968325294,6,0.1476656289960374
damped_persistence,unseen_vessel,heave_rate,20,2.0,1,True,434304,0.37337615024301934,,0.23310768997580167,,0.4110426972592282,0.17487589722976082,,0.15099764672334073,0.1986474539336499,6,0.1476656289960374
damped_persistence,unseen_vessel,heave_rate,30,3.0,1,True,434304,0.4032421736751405,,0.25086041089994787,,0.5645392543584054,0.48979630013644515,,0.47589001081391313,0.5035815632368092,6,0.1476656289960374
damped_persistence,unseen_vessel,heave_rate,50,5.0,1,True,434304,0.38303350007776443,,0.2373103002503476,,0.7042908103788279,0.7042195437554181,,0.6992002238850504,0.7088742248253476,6,0.1476656289960374
damped_persistence,unseen_vessel,heave_rate,100,10.0,1,True,434304,0.35640759945125866,,0.22319236277279386,,0.3657020032405109,0.05018454348861223,,-0.031592396890706684,0.1232307875175278,6,0.1476656289960374
damped_persistence,unseen_vessel,heave_rate,150,15.0,1,True,434304,0.3813238357679385,,0.2352117580267431,,0.5672327891617418,0.5480761610356242,,0.5245436413059187,0.5703865540146686,6,0.1476656289960374
damped_persistence,unseen_vessel,pitch,10,1.0,1,True,434304,0.8143001208447945,,0.4917439458541519,,0.6873843757468203,-0.4033619130645423,,-0.4473001635383998,-0.36065596578995557,6,0.1476656289960374
damped_persistence,unseen_vessel,pitch,20,2.0,1,True,434304,1.0960967072984953,,0.6597280263125307,,1.2853247339496268,0.2727696146033495,,0.24958343705461128,0.2951910192816009,6,0.1476656289960374
damped_persistence,unseen_vessel,pitch,30,3.0,1,True,434304,1.1535559625486214,,0.6910808457307346,,1.722301774874387,0.5514004450574239,,0.53791518664133,0.5646869356836404,6,0.1476656289960374
damped_persistence,unseen_vessel,pitch,50,5.0,1,True,434304,1.0796998528088593,,0.6434385182404269,,1.9909875298307909,0.7059176199660713,,0.7003994239959165,0.7108512645064539,6,0.1476656289960374
damped_persistence,unseen_vessel,pitch,100,10.0,1,True,434304,1.0479212865495773,,0.6288951824273894,,1.1519230367908961,0.17241921718094255,,0.10953964092914104,0.23358228548029736,6,0.1476656289960374
damped_persistence,unseen_vessel,pitch,150,15.0,1,True,434304,1.0770187719180864,,0.6435681792363017,,1.5949893325557711,0.5440355534661508,,0.5207120722062308,0.5639300964805478,6,0.1476656289960374
damped_persistence,unseen_vessel,pitch_rate,10,1.0,1,True,434304,0.5758740254723708,,0.3523653801367302,,0.5015508593238505,-0.3183326954157779,,-0.35435122896780324,-0.2826148847612488,6,0.1476656289960374
damped_persistence,unseen_vessel,pitch_rate,20,2.0,1,True,434304,0.7403331703800071,,0.4526615395872107,,0.9238665701266839,0.3578508509891404,,0.3411789138771265,0.3747426807679311,6,0.1476656289960374
damped_persistence,unseen_vessel,pitch_rate,30,3.0,1,True,434304,0.7584104203341832,,0.4629671715729551,,1.207871649787205,0.6057542621077543,,0.5965260107450729,0.6146164837633848,6,0.1476656289960374
damped_persistence,unseen_vessel,pitch_rate,50,5.0,1,True,434304,0.7027977753418779,,0.4287916778978452,,1.2924442841379322,0.7043096878338173,,0.6993813718004661,0.7086087024093033,6,0.1476656289960374
damped_persistence,unseen_vessel,pitch_rate,100,10.0,1,True,434304,0.7096795687442455,,0.4314127332790262,,0.828406348770982,0.2660985133169317,,0.22107779951069986,0.3132250094910244,6,0.1476656289960374
damped_persistence,unseen_vessel,pitch_rate,150,15.0,1,True,434304,0.7089434534982181,,0.4330769922621769,,1.0501412815237843,0.5442488944955962,,0.5268086182214432,0.5589162451271514,6,0.1476656289960374
damped_persistence,unseen_vessel,roll,10,1.0,1,True,434304,1.3744438859778834,,0.6310901073105442,,0.9927496007005082,-0.9167902222875999,,-0.9375763215862098,-0.8904283743178815,6,0.1476656289960374
damped_persistence,unseen_vessel,roll,20,2.0,1,True,434304,2.1001081099982954,,0.9561597276915518,,1.9285880231694805,-0.1857806888156972,,-0.20106406097775936,-0.16654610134179498,6,0.1476656289960374
damped_persistence,unseen_vessel,roll,30,3.0,1,True,434304,2.4446625817944345,,1.1011556746809212,,2.7551118746389696,0.2126653347194586,,0.20092615453452414,0.2276877153655681,6,0.1476656289960374
damped_persistence,unseen_vessel,roll,50,5.0,1,True,434304,2.5483985655281063,,1.124523122634166,,3.9136091054126094,0.5759863748564971,,0.5684123810526074,0.585878436881047,6,0.1476656289960374
damped_persistence,unseen_vessel,roll,100,10.0,1,True,434304,1.8943709226126277,,0.8664036642834289,,3.271183744913753,0.6646331289385942,,0.6503975333423265,0.6749687213749569,6,0.1476656289960374
damped_persistence,unseen_vessel,roll,150,15.0,1,True,434304,2.2555970005683035,,1.0220957134994924,,1.6783489246691847,-0.806169513513183,,-1.0258641618451734,-0.5899625488038021,6,0.1476656289960374
damped_persistence,unseen_vessel,roll_rate,10,1.0,1,True,434304,0.6519745578213321,,0.3201717577926832,,0.47796654791076604,-0.8606568781107282,,-0.8920319976519453,-0.8234398898094792,6,0.1476656289960374
damped_persistence,unseen_vessel,roll_rate,20,2.0,1,True,434304,0.9860969202881904,,0.4790693289140901,,0.9249828255033861,-0.13650635018481538,,-0.15763456600730485,-0.11121592566643605,6,0.1476656289960374
damped_persistence,unseen_vessel,roll_rate,30,3.0,1,True,434304,1.137180459861937,,0.5449979792602685,,1.3131457165389728,0.25004892062217365,,0.23471358827558153,0.26839174263338417,6,0.1476656289960374
damped_persistence,unseen_vessel,roll_rate,50,5.0,1,True,434304,1.1677646391103644,,0.546584966132181,,1.8318743803680173,0.5936322233035451,,0.5850476292397562,0.6044228430254807,6,0.1476656289960374
damped_persistence,unseen_vessel,roll_rate,100,10.0,1,True,434304,0.8825201586673627,,0.4343436170681158,,1.4553535632772143,0.6322842417578936,,0.6109738675019798,0.6475801499620926,6,0.1476656289960374
damped_persistence,unseen_vessel,roll_rate,150,15.0,1,True,434304,1.055951871840724,,0.5065801006480898,,0.8974121709457911,-0.384536273271197,,-0.5483382282733861,-0.22880349982700549,6,0.1476656289960374
dlinear,unseen_vessel,heave,10,1.0,3,False,434304,0.01238669238153678,5.214921446510732e-06,0.0061935732368231695,0.00023269175341294554,0.3613733827789103,0.9988251066829824,9.89179977925074e-07,0.9984746679430734,0.9991537961767433,60300,1371.7384145266672
dlinear,unseen_vessel,heave,20,2.0,3,False,434304,0.09055105973248527,0.0004049855345538334,0.044886060921583704,0.00025474917933802373,0.6907853787492375,0.9828166992000739,0.00015360448143528032,0.9775465295551722,0.9876357527187019,60300,1371.7384145266672
dlinear,unseen_vessel,heave,30,3.0,3,False,434304,0.2341378320051465,0.0005673596261095156,0.11471794093016698,0.00091376741549862,0.9600670236676927,0.9405239962987908,0.0002882482449473616,0.9222768565430417,0.9576050445941935,60300,1371.7384145266672
dlinear,unseen_vessel,heave,50,5.0,3,False,434304,0.28931224019175533,0.0004780200842612397,0.14361111917544886,0.0002567678912539916,1.244790554262758,0.9459815848336056,0.0001784230399384936,0.9302119887012517,0.9609936756613188,60300,1371.7384145266672
dlinear,unseen_vessel,heave,100,10.0,3,False,434304,0.49731994770903926,0.0003471173102393326,0.28385405370535094,0.00025708759502160943,0.7165157668754824,0.5182514715145853,0.0006723633091004063,0.46106960556643095,0.5760351674935561,60300,1371.7384145266672
dlinear,unseen_vessel,heave,150,15.0,3,False,434304,0.6496352818898506,0.000209903323585723,0.38186829876239364,0.00014702255632285588,0.950165585399252,0.5325441011900488,0.000302106630222666,0.46153635691223255,0.5970042080756839,60300,1371.7384145266672
dlinear,unseen_vessel,heave_rate,10,1.0,3,False,434304,0.005516059849286433,0.0001675507828735412,0.003255202178240609,0.00018890194785426534,0.21659232334739117,0.9993510087064948,3.9280300371517945e-05,0.9991895424670333,0.9995148010784157,60300,1371.7384145266672
dlinear,unseen_vessel,heave_rate,20,2.0,3,False,434304,0.040072047980305926,0.00019441986509473238,0.023465770571641727,0.0002807144250241611,0.4110426972592282,0.9904957900986515,9.23189787062873e-05,0.9885164989426026,0.9923365937030194,60300,1371.7384145266672
dlinear,unseen_vessel,heave_rate,30,3.0,3,False,434304,0.10247439821378868,0.0007093268670945833,0.05937690597292764,0.0006713551374282604,0.5645392543584054,0.9670499305092518,0.00045598698816207736,0.9598140309171976,0.9738368803827462,60300,1371.7384145266672
dlinear,unseen_vessel,heave_rate,50,5.0,3,False,434304,0.12800561033017718,0.0002367219618443713,0.07502664470023741,0.000162622063451871,0.7042908103788279,0.9669664722309839,0.00012211376128149385,0.9605941320073416,0.9730782321784711,60300,1371.7384145266672
dlinear,unseen_vessel,heave_rate,100,10.0,3,False,434304,0.2559037252998197,0.0002624386621062326,0.16163732754371027,0.0001784867102444636,0.3657020032405109,0.5103352488596219,0.0010044679573574702,0.4708217739008154,0.5508566544730088,60300,1371.7384145266672
dlinear,unseen_vessel,heave_rate,150,15.0,3,False,434304,0.3463913276794692,0.00013118990989710984,0.21820911456741718,8.635803436257058e-05,0.5672327891617418,0.627083665015919,0.0002824992253260672,0.5976025594931856,0.6548625634304899,60300,1371.7384145266672
dlinear,unseen_vessel,pitch,10,1.0,3,False,434304,0.01688349009132165,0.0006855532707240164,0.009980185832260671,0.0004886121967448155,0.6873843757468203,0.9993960482484842,4.938111187182242e-05,0.9992478282711446,0.9995275258230011,60300,1371.7384145266672
dlinear,unseen_vessel,pitch,20,2.0,3,False,434304,0.11976554924421007,0.001084885870536804,0.06971761126547037,0.000862556692658715,1.2853247339496268,0.99131715900882,0.00015748236356857205,0.9897079260963055,0.9927707328392886,60300,1371.7384145266672
dlinear,unseen_vessel,pitch,30,3.0,3,False,434304,0.2987625863009002,0.0017342909044149736,0.1723724686486369,0.0013625155377993325,1.722301774874387,0.9699085109744189,0.0003499343221841371,0.9640836740372483,0.9750353284471254,60300,1371.7384145266672
dlinear,unseen_vessel,pitch,50,5.0,3,False,434304,0.3738963380539902,0.0010419161701766878,0.21781938765428,0.0005570278549394628,1.9909875298307909,0.9647330751937558,0.00019640666366581652,0.9589647888317077,0.969975456520663,60300,1371.7384145266672
dlinear,unseen_vessel,pitch,100,10.0,3,False,434304,0.8130073716261735,0.0007204622032840513,0.49351897603595046,0.0003968795109281413,1.1519230367908961,0.5018704944401243,0.0008828790003582522,0.4782973339271343,0.5288252565153648,60300,1371.7384145266672
dlinear,unseen_vessel,pitch,150,15.0,3,False,434304,1.0439623303592975,0.00031848187725773853,0.6253691177387497,0.0001702448748795727,1.5949893325557711,0.5715954076615511,0.0002614034120135167,0.5356795123653054,0.6029235380448463,60300,1371.7384145266672
dlinear,unseen_vessel,pitch_rate,10,1.0,3,False,434304,0.012822095328349105,0.00036713996192062887,0.007641793225142452,0.00026602460518377664,0.5015508593238505,0.9993460788906416,3.772635762173469e-05,0.9992547208115111,0.9994249764987815,60300,1371.7384145266672
dlinear,unseen_vessel,pitch_rate,20,2.0,3,False,434304,0.0875578368334287,0.0007719084465565535,0.05218446483179833,0.0005723204083418782,0.9238665701266839,0.9910175658091029,0.00015849624282933056,0.9901315908729832,0.9918662982501364,60300,1371.7384145266672
dlinear,unseen_vessel,pitch_rate,30,3.0,3,False,434304,0.20827040247419495,0.0010610508077357674,0.12543256014509904,0.0007858987997797332,1.207871649787205,0.9702682103701051,0.00030274559436857176,0.9676540914754739,0.9729236497542867,60300,1371.7384145266672
dlinear,unseen_vessel,pitch_rate,50,5.0,3,False,434304,0.26170408828142894,0.0005501893292557262,0.15813036832734598,0.0003406162556797206,1.2924442841379322,0.9589986049568638,0.0001722962503416475,0.9548124603084973,0.962893611014212,60300,1371.7384145266672
dlinear,unseen_vessel,pitch_rate,100,10.0,3,False,434304,0.5905590957707264,0.0003588072199331384,0.36015733680321516,0.0002153612621833751,0.828406348770982,0.491793757385037,0.0006175148163095732,0.4763266982914592,0.5075866086795772,60300,1371.7384145266672
dlinear,unseen_vessel,pitch_rate,150,15.0,3,False,434304,0.7075529894249154,0.00015191842072117826,0.4306737565605232,8.518475349922035e-05,1.0501412815237843,0.5460348737316382,0.00019494578433255672,0.5213009066989339,0.5680953859050974,60300,1371.7384145266672
dlinear,unseen_vessel,roll,10,1.0,3,False,434304,0.0421479816631355,0.0014488367376983588,0.016878497558238545,0.0006175064167535312,0.9927496007005082,0.9981960848414606,0.00012515009653599516,0.9976712652987394,0.9986755376745979,60300,1371.7384145266672
dlinear,unseen_vessel,roll,20,2.0,3,False,434304,0.30641878160820185,0.0053331160871805654,0.11635517823342671,0.0020707331542294005,1.9285880231694805,0.9747512705846212,0.0008751079111677382,0.9686976009409006,0.9815408302418948,60300,1371.7384145266672
dlinear,unseen_vessel,roll,30,3.0,3,False,434304,0.7801892893260196,0.006190358505229189,0.29364021186389033,0.0012856913379337598,2.7551118746389696,0.9198063985930841,0.001269707228125562,0.9020041549829546,0.9399792676933569,60300,1371.7384145266672
dlinear,unseen_vessel,roll,50,5.0,3,False,434304,0.8584859646528483,0.0027495032328753934,0.3289311174391975,0.0007728869031808791,3.9136091054126094,0.9518812345011572,0.00030807255109241096,0.9414960922861749,0.963326883271616,60300,1371.7384145266672
dlinear,unseen_vessel,roll,100,10.0,3,False,434304,1.5647093063329975,0.005033204924890156,0.6566007539029907,0.0017615149334482263,3.271183744913753,0.7711976672040078,0.0014726336468131491,0.7479540195847215,0.7967100311548476,60300,1371.7384145266672
dlinear,unseen_vessel,roll,150,15.0,3,False,434304,2.216645802914634,0.0017530745371165742,0.9399275098269105,0.0007735496067134228,1.6783489246691847,-0.7443285037478372,0.0027596102936017332,-1.1283036763615681,-0.3546408549352377,60300,1371.7384145266672
dlinear,unseen_vessel,roll_rate,10,1.0,3,False,434304,0.017589299817802394,0.0005995116434486691,0.007786964785379374,0.0002644605756320761,0.47796654791076604,0.9986446910108081,9.320675943000745e-05,0.9982669841035088,0.9989849132091221,60300,1371.7384145266672
dlinear,unseen_vessel,roll_rate,20,2.0,3,False,434304,0.12716314947405702,0.0022910725927725627,0.05333750534987793,0.0008215922198602513,0.9249828255033861,0.9810961968758365,0.0006780688487336727,0.9767279983940995,0.985878532548726,60300,1371.7384145266672
dlinear,unseen_vessel,roll_rate,30,3.0,3,False,434304,0.3229821475354615,0.0025118672593565324,0.1340518098693129,0.00035032837372833534,1.3131457165389728,0.9395009291976993,0.0009390388668179332,0.9265334588401123,0.9536354257425003,60300,1371.7384145266672
dlinear,unseen_vessel,roll_rate,50,5.0,3,False,434304,0.35646155497498433,0.0009805464252013543,0.15289588918374666,0.0003216369886666701,1.8318743803680173,0.9621351528907901,0.00020827956905182383,0.9546685546634013,0.9701001389979309,60300,1371.7384145266672
dlinear,unseen_vessel,roll_rate,100,10.0,3,False,434304,0.681702445619662,0.0020760856863038207,0.3189133009573839,0.0007334610685248047,1.4553535632772143,0.7805905330695327,0.0013369182798580914,0.7623631187344989,0.7988640926394683,60300,1371.7384145266672
dlinear,unseen_vessel,roll_rate,150,15.0,3,False,434304,0.9761372187729388,0.0008004065724017968,0.4528515349665332,0.00035629022516742593,0.8974121709457911,-0.1831451517729624,0.0019406596455211241,-0.4311451659022769,0.05785018984269491,60300,1371.7384145266672
dlinear_ols,unseen_vessel,heave,10,1.0,1,True,434304,0.004009881148341606,,0.0020050750285069596,,0.3613733827789103,0.9998768737426018,,0.9998405198553137,0.9999107721134352,60300,0.2463144889989053
dlinear_ols,unseen_vessel,heave,20,2.0,1,True,434304,0.039632376350150066,,0.019729020715570013,,0.6907853787492375,0.9967083477054985,,0.9957326391245892,0.9976231927169178,60300,0.2463144889989053
dlinear_ols,unseen_vessel,heave,30,3.0,1,True,434304,0.1416756514679763,,0.06998188043334441,,0.9600670236676927,0.978223537535422,,0.9716489798931748,0.9843626680859284,60300,0.2463144889989053
dlinear_ols,unseen_vessel,heave,50,5.0,1,True,434304,0.30596957599714236,,0.14789376964782355,,1.244790554262758,0.9395823371893334,,0.921305202265713,0.9568465891027459,60300,0.2463144889989053
dlinear_ols,unseen_vessel,heave,100,10.0,1,True,434304,0.5220725320382785,,0.2873253422376155,,0.7165157668754824,0.46910310495311136,,0.3918597946362381,0.5445744040225402,60300,0.2463144889989053
dlinear_ols,unseen_vessel,heave,150,15.0,1,True,434304,0.6457526818491078,,0.37905100532982294,,0.950165585399252,0.5381150152101475,,0.467803861910137,0.602424531676532,60300,0.2463144889989053
dlinear_ols,unseen_vessel,heave_rate,10,1.0,1,True,434304,0.0017901860193973668,,0.0010569602669403438,,0.21659232334739117,0.9999316859233855,,0.99991829942237,0.9999439377853965,60300,0.2463144889989053
dlinear_ols,unseen_vessel,heave_rate,20,2.0,1,True,434304,0.01760975002987364,,0.01035647970969722,,0.4110426972592282,0.9981645924710333,,0.9977971141474253,0.998498432083242,60300,0.2463144889989053
dlinear_ols,unseen_vessel,heave_rate,30,3.0,1,True,434304,0.062451099781919615,,0.0364758906208888,,0.5645392543584054,0.9877625229299308,,0.9852785274315771,0.990027501852026,60300,0.2463144889989053
dlinear_ols,unseen_vessel,heave_rate,50,5.0,1,True,434304,0.13199352621947186,,0.075632216876233,,0.7042908103788279,0.9648762223660562,,0.9576057581664877,0.9717639667505185,60300,0.2463144889989053
dlinear_ols,unseen_vessel,heave_rate,100,10.0,1,True,434304,0.2567155686921726,,0.15925441075033495,,0.3657020032405109,0.5072237860737283,,0.46476708019531754,0.5501238438333848,60300,0.2463144889989053
dlinear_ols,unseen_vessel,heave_rate,150,15.0,1,True,434304,0.34380533842450384,,0.2165487640859686,,0.5672327891617418,0.6326309401941281,,0.6039094186722871,0.6600706930932049,60300,0.2463144889989053
dlinear_ols,unseen_vessel,pitch,10,1.0,1,True,434304,0.005424324112747229,,0.0031788838330665077,,0.6873843757468203,0.9999377281238977,,0.9999278099920684,0.9999463911300004,60300,0.2463144889989053
dlinear_ols,unseen_vessel,pitch,20,2.0,1,True,434304,0.05273942470491131,,0.03082316223746634,,1.2853247339496268,0.9983163762387963,,0.9980428428931424,0.9985586678998303,60300,0.2463144889989053
dlinear_ols,unseen_vessel,pitch,30,3.0,1,True,434304,0.1836326391280883,,0.10673148736913583,,1.722301774874387,0.9886320735929595,,0.9866977915986486,0.990342848764995,60300,0.2463144889989053
dlinear_ols,unseen_vessel,pitch,50,5.0,1,True,434304,0.3703766007899553,,0.21154753588936132,,1.9909875298307909,0.9653941115722069,,0.9590574564747048,0.9711197449132618,60300,0.2463144889989053
dlinear_ols,unseen_vessel,pitch,100,10.0,1,True,434304,0.7860264722696211,,0.47293539005061147,,1.1519230367908961,0.5343845118433187,,0.5107194838397578,0.5607691711002557,60300,0.2463144889989053
dlinear_ols,unseen_vessel,pitch,150,15.0,1,True,434304,1.037055103714624,,0.6216343887618827,,1.5949893325557711,0.5772456347469381,,0.5419505999040958,0.6080695622021323,60300,0.2463144889989053
dlinear_ols,unseen_vessel,pitch_rate,10,1.0,1,True,434304,0.004085214680413252,,0.002417517098059823,,0.5015508593238505,0.9999336562814282,,0.9999282286161955,0.9999388504176657,60300,0.2463144889989053
dlinear_ols,unseen_vessel,pitch_rate,20,2.0,1,True,434304,0.038903030266368877,,0.02315227156077356,,0.9238665701266839,0.9982268382389082,,0.998082459452055,0.9983627545868733,60300,0.2463144889989053
dlinear_ols,unseen_vessel,pitch_rate,30,3.0,1,True,434304,0.13112926929088234,,0.07864697978462731,,1.207871649787205,0.9882142369260365,,0.9872405906164681,0.989112384676786,60300,0.2463144889989053
dlinear_ols,unseen_vessel,pitch_rate,50,5.0,1,True,434304,0.24428926404572618,,0.14835883529393545,,1.2924442841379322,0.9642739417600432,,0.9609178637573944,0.9670954503086235,60300,0.2463144889989053
dlinear_ols,unseen_vessel,pitch_rate,100,10.0,1,True,434304,0.5552232803287858,,0.33965973268402394,,0.828406348770982,0.5507909490563141,,0.5368277284736854,0.5656666503376041,60300,0.2463144889989053
dlinear_ols,unseen_vessel,pitch_rate,150,15.0,1,True,434304,0.7042655391840723,,0.42872447299291055,,1.0501412815237843,0.5502435356736531,,0.5257864839161899,0.5723267981115087,60300,0.2463144889989053
dlinear_ols,unseen_vessel,roll,10,1.0,1,True,434304,0.01282141213008481,,0.004874334595434458,,0.9927496007005082,0.9998332014470828,,0.99979720320852,0.9998731646209599,60300,0.2463144889989053
dlinear_ols,unseen_vessel,roll,20,2.0,1,True,434304,0.12525177948380828,,0.0475607873451115,,1.9285880231694805,0.9957821718728969,,0.9948702497032846,0.9967936750661812,60300,0.2463144889989053
dlinear_ols,unseen_vessel,roll,30,3.0,1,True,434304,0.4407818463137354,,0.16697681467965003,,2.7551118746389696,0.974404187375992,,0.9688684001210839,0.9805281566708703,60300,0.2463144889989053
dlinear_ols,unseen_vessel,roll,50,5.0,1,True,434304,0.8883344787795501,,0.33677792620152247,,3.9136091054126094,0.9484773555281139,,0.937449262237925,0.9606428849858775,60300,0.2463144889989053
dlinear_ols,unseen_vessel,roll,100,10.0,1,True,434304,1.6209788104842697,,0.6678812111705041,,3.271183744913753,0.7544472531972567,,0.7283895565598063,0.7835509967438073,60300,0.2463144889989053
dlinear_ols,unseen_vessel,roll,150,15.0,1,True,434304,2.1541455584798173,,0.9180492202805959,,1.6783489246691847,-0.6473488699523737,,-1.0030388510265826,-0.28855708733825863,60300,0.2463144889989053
dlinear_ols,unseen_vessel,roll_rate,10,1.0,1,True,434304,0.005324991846140702,,0.0022596119639646047,,0.47796654791076604,0.9998758796790369,,0.9998507172493584,0.9999033649556585,60300,0.2463144889989053
dlinear_ols,unseen_vessel,roll_rate,20,2.0,1,True,434304,0.051968112034696,,0.02201825083752988,,0.9249828255033861,0.9968434945699407,,0.9961998059476783,0.9975461755637304,60300,0.2463144889989053
dlinear_ols,unseen_vessel,roll_rate,30,3.0,1,True,434304,0.18259194240930934,,0.07710163254307156,,1.3131457165389728,0.9806653028164392,,0.9767154735495202,0.9849503437162939,60300,0.2463144889989053
dlinear_ols,unseen_vessel,roll_rate,50,5.0,1,True,434304,0.367223539689438,,0.15519471643489027,,1.8318743803680173,0.9598144749358664,,0.9520540556277829,0.9683795189251058,60300,0.2463144889989053
dlinear_ols,unseen_vessel,roll_rate,100,10.0,1,True,434304,0.6994933891631722,,0.32043028628157055,,1.4553535632772143,0.7689903076900557,,0.7490115266400855,0.7895326965789038,60300,0.2463144889989053
dlinear_ols,unseen_vessel,roll_rate,150,15.0,1,True,434304,0.9508086394260952,,0.44373100398716486,,0.8974121709457911,-0.12254129911776768,,-0.3487444861485009,0.09888576766620555,60300,0.2463144889989053
persistence,unseen_vessel,heave,10,1.0,1,True,434304,0.3613733827789103,,0.22450593458229937,,0.3613733827789103,0.0,,0.0,0.0,0,0.0
persistence,unseen_vessel,heave,20,2.0,1,True,434304,0.6907853787492375,,0.427618777461175,,0.6907853787492375,0.0,,0.0,0.0,0,0.0
persistence,unseen_vessel,heave,30,3.0,1,True,434304,0.9600670236676927,,0.5905092190166114,,0.9600670236676927,0.0,,0.0,0.0,0,0.0
persistence,unseen_vessel,heave,50,5.0,1,True,434304,1.244790554262758,,0.7469563874983125,,1.244790554262758,0.0,,0.0,0.0,0,0.0
persistence,unseen_vessel,heave,100,10.0,1,True,434304,0.7165157668754824,,0.40442685410422463,,0.7165157668754824,0.0,,0.0,0.0,0,0.0
persistence,unseen_vessel,heave,150,15.0,1,True,434304,0.950165585399252,,0.5693823239078859,,0.950165585399252,0.0,,0.0,0.0,0,0.0
persistence,unseen_vessel,heave_rate,10,1.0,1,True,434304,0.21659232334739117,,0.1378995993982197,,0.21659232334739117,0.0,,0.0,0.0,0,0.0
persistence,unseen_vessel,heave_rate,20,2.0,1,True,434304,0.4110426972592282,,0.2609702931716797,,0.4110426972592282,0.0,,0.0,0.0,0,0.0
persistence,unseen_vessel,heave_rate,30,3.0,1,True,434304,0.5645392543584054,,0.3565396802268231,,0.5645392543584054,0.0,,0.0,0.0,0,0.0
persistence,unseen_vessel,heave_rate,50,5.0,1,True,434304,0.7042908103788279,,0.43508076603276374,,0.7042908103788279,0.0,,0.0,0.0,0,0.0
persistence,unseen_vessel,heave_rate,100,10.0,1,True,434304,0.3657020032405109,,0.22580740745505767,,0.3657020032405109,0.0,,0.0,0.0,0,0.0
persistence,unseen_vessel,heave_rate,150,15.0,1,True,434304,0.5672327891617418,,0.3442640602052877,,0.5672327891617418,0.0,,0.0,0.0,0,0.0
persistence,unseen_vessel,pitch,10,1.0,1,True,434304,0.6873843757468203,,0.418886135596826,,0.6873843757468203,0.0,,0.0,0.0,0,0.0
persistence,unseen_vessel,pitch,20,2.0,1,True,434304,1.2853247339496268,,0.7815396135140278,,1.2853247339496268,0.0,,0.0,0.0,0,0.0
persistence,unseen_vessel,pitch,30,3.0,1,True,434304,1.722301774874387,,1.042275238677372,,1.722301774874387,0.0,,0.0,0.0,0,0.0
persistence,unseen_vessel,pitch,50,5.0,1,True,434304,1.9909875298307909,,1.1745713243629246,,1.9909875298307909,0.0,,0.0,0.0,0,0.0
persistence,unseen_vessel,pitch,100,10.0,1,True,434304,1.1519230367908961,,0.700032193419381,,1.1519230367908961,0.0,,0.0,0.0,0,0.0
persistence,unseen_vessel,pitch,150,15.0,1,True,434304,1.5949893325557711,,0.9220420329715694,,1.5949893325557711,0.0,,0.0,0.0,0,0.0
persistence,unseen_vessel,pitch_rate,10,1.0,1,True,434304,0.5015508593238505,,0.30509585991935106,,0.5015508593238505,0.0,,0.0,0.0,0,0.0
persistence,unseen_vessel,pitch_rate,20,2.0,1,True,434304,0.9238665701266839,,0.5623647872914138,,0.9238665701266839,0.0,,0.0,0.0,0,0.0
persistence,unseen_vessel,pitch_rate,30,3.0,1,True,434304,1.207871649787205,,0.7349651851342066,,1.207871649787205,0.0,,0.0,0.0,0,0.0
persistence,unseen_vessel,pitch_rate,50,5.0,1,True,434304,1.2924442841379322,,0.7750661419950987,,1.2924442841379322,0.0,,0.0,0.0,0,0.0
persistence,unseen_vessel,pitch_rate,100,10.0,1,True,434304,0.828406348770982,,0.5063431139853053,,0.828406348770982,0.0,,0.0,0.0,0,0.0
persistence,unseen_vessel,pitch_rate,150,15.0,1,True,434304,1.0501412815237843,,0.6200084000580662,,1.0501412815237843,0.0,,0.0,0.0,0,0.0
persistence,unseen_vessel,roll,10,1.0,1,True,434304,0.9927496007005082,,0.4758944555995301,,0.9927496007005082,0.0,,0.0,0.0,0,0.0
persistence,unseen_vessel,roll,20,2.0,1,True,434304,1.9285880231694805,,0.9188156398467608,,1.9285880231694805,0.0,,0.0,0.0,0,0.0
persistence,unseen_vessel,roll,30,3.0,1,True,434304,2.7551118746389696,,1.2991454515086305,,2.7551118746389696,0.0,,0.0,0.0,0,0.0
persistence,unseen_vessel,roll,50,5.0,1,True,434304,3.9136091054126094,,1.785685929562679,,3.9136091054126094,0.0,,0.0,0.0,0,0.0
persistence,unseen_vessel,roll,100,10.0,1,True,434304,3.271183744913753,,1.3657318512301955,,3.271183744913753,0.0,,0.0,0.0,0,0.0
persistence,unseen_vessel,roll,150,15.0,1,True,434304,1.6783489246691847,,0.8837780456571696,,1.6783489246691847,0.0,,0.0,0.0,0,0.0
persistence,unseen_vessel,roll_rate,10,1.0,1,True,434304,0.47796654791076604,,0.24789997490930032,,0.47796654791076604,0.0,,0.0,0.0,0,0.0
persistence,unseen_vessel,roll_rate,20,2.0,1,True,434304,0.9249828255033861,,0.47584571344874466,,0.9249828255033861,0.0,,0.0,0.0,0,0.0
persistence,unseen_vessel,roll_rate,30,3.0,1,True,434304,1.3131457165389728,,0.6663151831263135,,1.3131457165389728,0.0,,0.0,0.0,0,0.0
persistence,unseen_vessel,roll_rate,50,5.0,1,True,434304,1.8318743803680173,,0.8889037737280675,,1.8318743803680173,0.0,,0.0,0.0,0,0.0
persistence,unseen_vessel,roll_rate,100,10.0,1,True,434304,1.4553535632772143,,0.6437659226829309,,1.4553535632772143,0.0,,0.0,0.0,0,0.0
persistence,unseen_vessel,roll_rate,150,15.0,1,True,434304,0.8974121709457911,,0.49111696548469885,,0.8974121709457911,0.0,,0.0,0.0,0,0.0
window_mean,unseen_vessel,heave,10,1.0,1,True,434304,0.697418118404622,,0.41573520421011334,,0.3613733827789103,-2.7245527495777933,,-2.8592958493729053,-2.588821082610435,0,0.0
window_mean,unseen_vessel,heave,20,2.0,1,True,434304,0.7175873259929026,,0.42748040392975895,,0.6907853787492375,-0.0791038596563729,,-0.11822235527108477,-0.03962916346421171,0,0.0
window_mean,unseen_vessel,heave,30,3.0,1,True,434304,0.722352443132208,,0.4299477607313781,,0.9600670236676927,0.4338973520110866,,0.4141762385147591,0.4538059802680732,0,0.0
window_mean,unseen_vessel,heave,50,5.0,1,True,434304,0.6882934525323483,,0.40930823497327834,,1.244790554262758,0.6942582772696753,,0.6869179126177015,0.7014367815278492,0,0.0
window_mean,unseen_vessel,heave,100,10.0,1,True,434304,0.6242702949459098,,0.37877705207938894,,0.7165157668754824,0.2409090087894692,,0.15860393243090365,0.3059000978972951,0,0.0
window_mean,unseen_vessel,heave,150,15.0,1,True,434304,0.6858571901103667,,0.4075852171578494,,0.950165585399252,0.4789627188651604,,0.44424635725775874,0.5124358790343793,0,0.0
window_mean,unseen_vessel,heave_rate,10,1.0,1,True,434304,0.38959430399372214,,0.24091840322878844,,0.21659232334739117,-2.2354826670538235,,-2.3585167221585657,-2.110521712157597,0,0.0
window_mean,unseen_vessel,heave_rate,20,2.0,1,True,434304,0.3992102078296486,,0.2471038248094091,,0.4110426972592282,0.05674437912090158,,0.022110787252735107,0.09188608264481422,0,0.0
window_mean,unseen_vessel,heave_rate,30,3.0,1,True,434304,0.39993183177229186,,0.24762635616280598,,0.5645392543584054,0.49813876151978154,,0.48188064163743444,0.5142017919775088,0,0.0
window_mean,unseen_vessel,heave_rate,50,5.0,1,True,434304,0.3783406210908097,,0.23441126172803065,,0.7042908103788279,0.711422875612522,,0.7063076971644576,0.7161782263916583,0,0.0
window_mean,unseen_vessel,heave_rate,100,10.0,1,True,434304,0.35645876157986167,,0.22322146838874207,,0.3657020032405109,0.049911832870356276,,-0.03190744616064907,0.12299558245276138,0,0.0
window_mean,unseen_vessel,heave_rate,150,15.0,1,True,434304,0.38132361632337386,,0.23521161889154665,,0.5672327891617418,0.5480766811825034,,0.5245439663732503,0.5703872676725416,0,0.0
window_mean,unseen_vessel,pitch,10,1.0,1,True,434304,1.1096187354296076,,0.663975054693909,,0.6873843757468203,-1.605843017682727,,-1.71581078215401,-1.497254502503963,0,0.0
window_mean,unseen_vessel,pitch,20,2.0,1,True,434304,1.1374326754156376,,0.6805252999209785,,1.2853247339496268,0.21688476919857191,,0.185460439522222,0.246900328310535,0,0.0
window_mean,unseen_vessel,pitch,30,3.0,1,True,434304,1.13724386265115,,0.6793200259537889,,1.722301774874387,0.5639977753238108,,0.5489651130312313,0.5786540609745268,0,0.0
window_mean,unseen_vessel,pitch,50,5.0,1,True,434304,1.0722535766396437,,0.6391782840794732,,1.9909875298307909,0.7099599794099374,,0.7043690630920575,0.7149592272238235,0,0.0
window_mean,unseen_vessel,pitch,100,10.0,1,True,434304,1.0479596408104195,,0.6289144831677833,,1.1519230367908961,0.17235863661923534,,0.10946837837398167,0.23353302417147145,0,0.0
window_mean,unseen_vessel,pitch,150,15.0,1,True,434304,1.077018672089661,,0.6435681377276371,,1.5949893325557711,0.5440356379924596,,0.5207121243209456,0.5639302129445375,0,0.0
window_mean,unseen_vessel,pitch_rate,10,1.0,1,True,434304,0.7359906187905061,,0.4492355335379019,,0.5015508593238505,-1.1533498762144312,,-1.2329429728260624,-1.074613469846327,0,0.0
window_mean,unseen_vessel,pitch_rate,20,2.0,1,True,434304,0.7520646229048275,,0.4591482694047699,,0.9238665701266839,0.33733838469105526,,0.3164752613879598,0.35836553788900255,0,0.0
window_mean,unseen_vessel,pitch_rate,30,3.0,1,True,434304,0.7473972050995011,,0.4560564235604294,,1.207871649787205,0.6171211622043005,,0.6072220836636193,0.6266248514468842,0,0.0
window_mean,unseen_vessel,pitch_rate,50,5.0,1,True,434304,0.7005886408422758,,0.42752574710237934,,1.2924442841379322,0.7061656784073048,,0.7011954051616822,0.7105056921726249,0,0.0
window_mean,unseen_vessel,pitch_rate,100,10.0,1,True,434304,0.7096841072382643,,0.4314150633488364,,0.828406348770982,0.2660891264941885,,0.2210665214011286,0.313217409685188,0,0.0
window_mean,unseen_vessel,pitch_rate,150,15.0,1,True,434304,0.7089434467447693,,0.43307698975928605,,1.0501412815237843,0.5442489031786351,,0.5268086235406325,0.5589162564167146,0,0.0
window_mean,unseen_vessel,roll,10,1.0,1,True,434304,2.287924085992016,,1.034939300085066,,0.9927496007005082,-4.311336029464496,,-4.3791512805305155,-4.226096828084646,0,0.0
window_mean,unseen_vessel,roll,20,2.0,1,True,434304,2.4301819952230734,,1.0916574272645303,,1.9285880231694805,-0.5878104909106063,,-0.6119309709526427,-0.5578753939083729,0,0.0
window_mean,unseen_vessel,roll,30,3.0,1,True,434304,2.5199259797288005,,1.1236640129583826,,2.7551118746389696,0.16344000806526393,,0.1492120463878779,0.18166285996331233,0,0.0
window_mean,unseen_vessel,roll,50,5.0,1,True,434304,2.5111074171968064,,1.1049720704176105,,3.9136091054126094,0.5883049075167901,,0.5804770539418976,0.5985413577465296,0,0.0
window_mean,unseen_vessel,roll,100,10.0,1,True,434304,1.893251302995492,,0.8661737832929512,,3.271183744913753,0.6650294318625622,,0.6507239162121634,0.675430597847614,0,0.0
window_mean,unseen_vessel,roll,150,15.0,1,True,434304,2.2556922775123587,,1.0221292090520393,,1.6783489246691847,-0.8063221027799121,,-1.0260447648648767,-0.5900881645831898,0,0.0
window_mean,unseen_vessel,roll_rate,10,1.0,1,True,434304,1.0669266248800398,,0.5127775646877885,,0.47796654791076604,-3.9828074108737894,,-4.0821851849003625,-3.860995386841043,0,0.0
window_mean,unseen_vessel,roll_rate,20,2.0,1,True,434304,1.1289114204801143,,0.5383138540017761,,0.9249828255033861,-0.48954077050106104,,-0.5223444559196239,-0.4498969125009101,0,0.0
window_mean,unseen_vessel,roll_rate,30,3.0,1,True,434304,1.1656417142725908,,0.5512508107759599,,1.3131457165389728,0.21203973213009852,,0.19352669421631316,0.2341802713072955,0,0.0
window_mean,unseen_vessel,roll_rate,50,5.0,1,True,434304,1.150704395788352,,0.5370513073585698,,1.8318743803680173,0.6054190023709238,,0.5965261853547298,0.6165586106133745,0,0.0
window_mean,unseen_vessel,roll_rate,100,10.0,1,True,434304,0.882249046366549,,0.4343211304863443,,1.4553535632772143,0.6325101333739264,,0.6111350215525895,0.6478490840731503,0,0.0
window_mean,unseen_vessel,roll_rate,150,15.0,1,True,434304,1.055981125728456,,0.5065901343903212,,0.8974121709457911,-0.38461298818751777,,-0.5484306066822553,-0.22886593894659724,0,0.0
