model,dof,horizon_samples,horizon_s,n_windows,rmse,mae,rmse_persistence,skill,signal_std,nrmse,n_realizations,skill_ci_lo,skill_ci_hi,seed,deterministic,n_params,fit_time_s,best_epoch,epochs_run,best_val_loss,val_loss_name,regime
persistence,roll_imu,10,1.0,434304,1.9448708998621889,1.0403035114178378,1.9448708998621889,0.0,3.683096770103734,0.5280531632101026,384,0.0,0.0,0,True,0,0.0,,,,,id
persistence,roll_imu,20,2.0,434304,3.7445627859317203,1.9910524326151253,3.7445627859317203,0.0,3.683980230234797,1.0164448644972945,384,0.0,0.0,0,True,0,0.0,,,,,id
persistence,roll_imu,30,3.0,434304,5.267438807686876,2.7793417327133922,5.267438807686876,0.0,3.68483107763889,1.429492613556132,384,0.0,0.0,0,True,0,0.0,,,,,id
persistence,roll_imu,50,5.0,434304,7.087624231053461,3.6528670762110256,7.087624231053461,0.0,3.6862989064932075,1.9226938484475609,384,0.0,0.0,0,True,0,0.0,,,,,id
persistence,roll_imu,100,10.0,434304,3.793831212709033,1.8833718525693348,3.793831212709033,0.0,3.690360897131734,1.028037993698047,384,0.0,0.0,0,True,0,0.0,,,,,id
persistence,roll_imu,150,15.0,434304,5.252023789483733,2.778945392427803,5.252023789483733,0.0,3.6940279583566067,1.4217607036792015,384,0.0,0.0,0,True,0,0.0,,,,,id
persistence,pitch_imu,10,1.0,434304,0.8967465758949417,0.5682321898610497,0.8967465758949417,0.0,1.2421326705656102,0.7219410592321064,384,0.0,0.0,0,True,0,0.0,,,,,id
persistence,pitch_imu,20,2.0,434304,1.639889871399927,1.0374405683885457,1.639889871399927,0.0,1.24218755794137,1.3201628537623207,384,0.0,0.0,0,True,0,0.0,,,,,id
persistence,pitch_imu,30,3.0,434304,2.122484405245588,1.3400564379547395,2.122484405245588,0.0,1.2422108552955238,1.7086345656999156,384,0.0,0.0,0,True,0,0.0,,,,,id
persistence,pitch_imu,50,5.0,434304,2.234427726290816,1.3777938835471204,2.234427726290816,0.0,1.2423348523490212,1.7985712322776215,384,0.0,0.0,0,True,0,0.0,,,,,id
persistence,pitch_imu,100,10.0,434304,1.5593436358220714,0.9849593179765626,1.5593436358220714,0.0,1.2420100845733013,1.255499979581721,384,0.0,0.0,0,True,0,0.0,,,,,id
persistence,pitch_imu,150,15.0,434304,1.7853551102885246,1.102282683111488,1.7853551102885246,0.0,1.241343687207605,1.4382440001806993,384,0.0,0.0,0,True,0,0.0,,,,,id
persistence,heave_imu,10,1.0,434304,0.4360860094370759,0.289655936663249,0.4360860094370759,0.0,0.7462457008893157,0.5843732284385472,384,0.0,0.0,0,True,0,0.0,,,,,id
persistence,heave_imu,20,2.0,434304,0.8272378841486192,0.5471590024792518,0.8272378841486192,0.0,0.7462738792359292,1.108491007343825,384,0.0,0.0,0,True,0,0.0,,,,,id
persistence,heave_imu,30,3.0,434304,1.1355767624159623,0.7452985940086,1.1355767624159623,0.0,0.7463383670680748,1.5215307326045378,384,0.0,0.0,0,True,0,0.0,,,,,id
persistence,heave_imu,50,5.0,434304,1.419148162303668,0.902518480788973,1.419148162303668,0.0,0.7464457913170216,1.9012072662366237,384,0.0,0.0,0,True,0,0.0,,,,,id
persistence,heave_imu,100,10.0,434304,0.8123875004006482,0.5077734958337422,0.8123875004006482,0.0,0.7463339581346979,1.0885040021909722,384,0.0,0.0,0,True,0,0.0,,,,,id
persistence,heave_imu,150,15.0,434304,1.0935546656669395,0.6903844394249921,1.0935546656669395,0.0,0.7460095663293967,1.4658721751351993,384,0.0,0.0,0,True,0,0.0,,,,,id
persistence,roll_rate_imu,10,1.0,434304,1.0678999900390298,0.5994217617127983,1.0678999900390298,0.0,1.9696577586754387,0.5421754034859205,384,0.0,0.0,0,True,0,0.0,,,,,id
persistence,roll_rate_imu,20,2.0,434304,2.0486112451264518,1.1394235830242683,2.0486112451264518,0.0,1.9700018376236912,1.0399032153175973,384,0.0,0.0,0,True,0,0.0,,,,,id
persistence,roll_rate_imu,30,3.0,434304,2.8661560416217173,1.576804089661738,2.8661560416217173,0.0,1.9703577508410948,1.4546373826774501,384,0.0,0.0,0,True,0,0.0,,,,,id
persistence,roll_rate_imu,50,5.0,434304,3.7984644418446996,2.023367787952602,3.7984644418446996,0.0,1.9712183969802053,1.9269627595114431,384,0.0,0.0,0,True,0,0.0,,,,,id
persistence,roll_rate_imu,100,10.0,434304,1.958924104837112,1.0319859991335552,1.958924104837112,0.0,1.9728314806073508,0.9929505505630124,384,0.0,0.0,0,True,0,0.0,,,,,id
persistence,roll_rate_imu,150,15.0,434304,2.8982735890952527,1.5756268969552845,2.8982735890952527,0.0,1.9742309046325088,1.4680519802898886,384,0.0,0.0,0,True,0,0.0,,,,,id
persistence,pitch_rate_imu,10,1.0,434304,0.7534204829087303,0.46873547055429277,0.7534204829087303,0.0,0.9238644470022951,0.8155097702410651,384,0.0,0.0,0,True,0,0.0,,,,,id
persistence,pitch_rate_imu,20,2.0,434304,1.3417844978848232,0.8370058806773679,1.3417844978848232,0.0,0.9239895988371308,1.4521640715149824,384,0.0,0.0,0,True,0,0.0,,,,,id
persistence,pitch_rate_imu,30,3.0,434304,1.664371083650498,1.0441904386761365,1.664371083650498,0.0,0.9241169026270519,1.8010395426369472,384,0.0,0.0,0,True,0,0.0,,,,,id
persistence,pitch_rate_imu,50,5.0,434304,1.5495762479562236,0.9699477115645773,1.5495762479562236,0.0,0.9240478216497802,1.6769437811017562,384,0.0,0.0,0,True,0,0.0,,,,,id
persistence,pitch_rate_imu,100,10.0,434304,1.2735265809317058,0.7944588240700075,1.2735265809317058,0.0,0.9239494241237814,1.378350965627196,384,0.0,0.0,0,True,0,0.0,,,,,id
persistence,pitch_rate_imu,150,15.0,434304,1.3083418485724552,0.8186928422289175,1.3083418485724552,0.0,0.9236625396742156,1.4164717008377534,384,0.0,0.0,0,True,0,0.0,,,,,id
persistence,heave_rate_imu,10,1.0,434304,0.2838667559561788,0.1925976111734511,0.2838667559561788,0.0,0.4466951335134235,0.6354820875783022,384,0.0,0.0,0,True,0,0.0,,,,,id
persistence,heave_rate_imu,20,2.0,434304,0.5325577215099725,0.3604215951988917,0.5325577215099725,0.0,0.4467636452599009,1.192034596280012,384,0.0,0.0,0,True,0,0.0,,,,,id
persistence,heave_rate_imu,30,3.0,434304,0.7178513821406037,0.48332253093899735,0.7178513821406037,0.0,0.44680127749070453,1.6066457691709224,384,0.0,0.0,0,True,0,0.0,,,,,id
persistence,heave_rate_imu,50,5.0,434304,0.8471498442942375,0.5560802224523462,0.8471498442942375,0.0,0.4467451203703878,1.8962710629986999,384,0.0,0.0,0,True,0,0.0,,,,,id
persistence,heave_rate_imu,100,10.0,434304,0.47470625601314864,0.3197633886946329,0.47470625601314864,0.0,0.44658660011503964,1.0629657403309134,384,0.0,0.0,0,True,0,0.0,,,,,id
persistence,heave_rate_imu,150,15.0,434304,0.6780395407647745,0.4370094852911231,0.6780395407647745,0.0,0.44634137990104933,1.519105266276434,384,0.0,0.0,0,True,0,0.0,,,,,id
window_mean,roll_imu,10,1.0,434304,4.115217024349787,2.1011588188178028,1.9448708998621889,-3.4771735627874953,3.683096770103734,1.1173252513356804,384,-3.538287457922032,-3.4068441793384983,0,True,0,0.0,,,,,id
window_mean,roll_imu,20,2.0,434304,4.208095071246779,2.145417591313762,3.7445627859317203,-0.26289967732381814,3.683980230234797,1.1422686356214724,384,-0.2808863089859649,-0.24243589385648287,0,True,0,0.0,,,,,id
window_mean,roll_imu,30,3.0,434304,4.180522946789294,2.1301022444735254,5.267438807686876,0.3701136093429417,3.68483107763889,1.1345222776041137,384,0.3613725213263709,0.37961627445030544,0,True,0,0.0,,,,,id
window_mean,roll_imu,50,5.0,434304,3.817821953677138,1.951679189546809,7.087624231053461,0.709845057022098,3.6862989064932075,1.0356788883701917,384,0.706808503843803,0.7130265462654061,0,True,0,0.0,,,,,id
window_mean,roll_imu,100,10.0,434304,3.4256626273516826,1.790813638315883,3.793831212709033,0.1846704759403497,3.690360897131734,0.9282730667383282,384,0.14865248428692412,0.21824390227773616,0,True,0,0.0,,,,,id
window_mean,roll_imu,150,15.0,434304,4.108145448036896,2.085606415631704,5.252023789483733,0.38815945456871104,3.6940279583566067,1.1121045899892217,384,0.3667382386544931,0.4084880878796795,0,True,0,0.0,,,,,id
window_mean,pitch_imu,10,1.0,434304,1.3064390598074391,0.8216979698281421,0.8967465758949417,-1.1224567963738061,1.2421326705656102,1.051770950692849,384,-1.2170756555035782,-1.0327588685192823,0,True,0,0.0,,,,,id
window_mean,pitch_imu,20,2.0,434304,1.3350134329955468,0.839063058890066,1.639889871399927,0.3372619520833131,1.24218755794137,1.0747277449856394,384,0.31038921137522774,0.36273906577398435,0,True,0,0.0,,,,,id
window_mean,pitch_imu,30,3.0,434304,1.325906507134781,0.8319245076140295,2.122484405245588,0.6097555026369217,1.2422108552955238,1.0673763648759502,384,0.5969226000280413,0.622353766999072,0,True,0,0.0,,,,,id
window_mean,pitch_imu,50,5.0,434304,1.2438917780781555,0.7799474550138291,2.234427726290816,0.6900921544037586,1.2423348523490212,1.0012532255101678,384,0.6843143319384933,0.6950989426155972,0,True,0,0.0,,,,,id
window_mean,pitch_imu,100,10.0,434304,1.241967897690329,0.7814157077265462,1.5593436358220714,0.36563812149505726,1.2420100845733013,0.9999660333812935,384,0.33537587292349397,0.39708327122080606,0,True,0,0.0,,,,,id
window_mean,pitch_imu,150,15.0,434304,1.2594021621943297,0.7925796056052827,1.7853551102885246,0.5024008300847815,1.241343687207605,1.0145475223121705,384,0.48301619938820145,0.5199761716435861,0,True,0,0.0,,,,,id
window_mean,heave_imu,10,1.0,434304,0.79309902127688,0.5047607929971605,0.4360860094370759,-2.3075812417468393,0.7462457008893157,1.0627853806483953,384,-2.4307558466433044,-2.1776292287029957,0,True,0,0.0,,,,,id
window_mean,heave_imu,20,2.0,434304,0.815741789042771,0.5188171253454243,0.8272378841486192,0.02760080241637408,0.7462738792359292,1.0930863477065098,384,-0.007189540319189222,0.06385919142394599,0,True,0,0.0,,,,,id
window_mean,heave_imu,30,3.0,434304,0.8197871978785356,0.5205045278561059,1.1355767624159623,0.47884216639980814,0.7463383670680748,1.0984122404144894,384,0.46170657858110054,0.49666402319065445,0,True,0,0.0,,,,,id
window_mean,heave_imu,50,5.0,434304,0.7780831536411339,0.49268632660221184,1.419148162303668,0.6993947600783856,0.7464457913170216,1.0423840052313667,384,0.6933266965448807,0.7056378985339024,0,True,0,0.0,,,,,id
window_mean,heave_imu,100,10.0,434304,0.7196212022809825,0.4651602726969099,0.8123875004006482,0.21534014112395128,0.7463339581346979,0.9642080390922071,384,0.14857995826151935,0.27067831608926585,0,True,0,0.0,,,,,id
window_mean,heave_imu,150,15.0,434304,0.7763681378585712,0.49208425032348196,1.0935546656669395,0.4959722920711881,0.7460095663293967,1.0406946142507907,384,0.46788985773876046,0.5226753581459478,0,True,0,0.0,,,,,id
window_mean,roll_rate_imu,10,1.0,434304,2.19185036508454,1.1601756031432078,1.0678999900390298,-3.2127010332577814,1.9696577586754387,1.1128077227784599,384,-3.2932270375254573,-3.1220742738619176,0,True,0,0.0,,,,,id
window_mean,roll_rate_imu,20,2.0,434304,2.236155173374535,1.1825106707899438,2.0486112451264518,-0.19147454906357142,1.9700018376236912,1.1351030900924897,384,-0.2138083272302107,-0.16710890844135678,0,True,0,0.0,,,,,id
window_mean,roll_rate_imu,30,3.0,434304,2.2173446175393234,1.1722542977735424,2.8661560416217173,0.40149645085953134,1.9703577508410948,1.1253512802904937,384,0.3914741940205692,0.41214719620593765,0,True,0,0.0,,,,,id
window_mean,roll_rate_imu,50,5.0,434304,2.0231020546110017,1.0745669278089442,3.7984644418446996,0.7163260527636297,1.9712183969802053,1.0263206033944687,384,0.7137094965972263,0.7189102195179171,0,True,0,0.0,,,,,id
window_mean,roll_rate_imu,100,10.0,434304,1.8544255488476216,1.0065583936375524,1.958924104837112,0.10384406897851106,1.9728314806073508,0.9399817303588054,384,0.0639836304748711,0.14145271394911804,0,True,0,0.0,,,,,id
window_mean,roll_rate_imu,150,15.0,434304,2.17719093822108,1.1455716006318013,2.8982735890952527,0.4356945072688687,1.9742309046325088,1.102804607663839,384,0.41611633800683423,0.45430471844268017,0,True,0,0.0,,,,,id
window_mean,pitch_rate_imu,10,1.0,434304,0.9673559617244252,0.6129309721630983,0.7534204829087303,-0.6485335080844565,0.9238644470022951,1.0470756449858516,384,-0.7111288155958622,-0.589032972458193,0,True,0,0.0,,,,,id
window_mean,pitch_rate_imu,20,2.0,434304,0.9830613977733188,0.6232008084135826,1.3417844978848232,0.46322071728172864,0.9239895988371308,1.0639312379820418,384,0.4460190888473125,0.4788042903495272,0,True,0,0.0,,,,,id
window_mean,pitch_rate_imu,30,3.0,434304,0.9683282829614139,0.6139244868746387,1.664371083650498,0.6615107269840316,0.9241169026270519,1.0478417613709685,384,0.6544200530555566,0.6682449330340334,0,True,0,0.0,,,,,id
window_mean,pitch_rate_imu,50,5.0,434304,0.9084306459071159,0.5759075431058139,1.5495762479562236,0.6563173156906499,0.9240478216497802,0.983099169353831,384,0.6461505175601842,0.6648004800074048,0,True,0,0.0,,,,,id
window_mean,pitch_rate_imu,100,10.0,434304,0.9349112705029575,0.5894732552892279,1.2735265809317058,0.4610794272052481,0.9239494241237814,1.0118641194993672,384,0.4393018908495904,0.4827499925613785,0,True,0,0.0,,,,,id
window_mean,pitch_rate_imu,150,15.0,434304,0.9291325939534235,0.5894603740099844,1.3083418485724552,0.49567218083165043,0.9236625396742156,1.0059221350268652,384,0.48281014183955506,0.5089064794558411,0,True,0,0.0,,,,,id
window_mean,heave_rate_imu,10,1.0,434304,0.4718271405341044,0.31270310567546,0.2838667559561788,-1.7627193429496515,0.4466951335134235,1.0562621016777334,384,-1.8646017990082184,-1.65413192999943,0,True,0,0.0,,,,,id
window_mean,heave_rate_imu,20,2.0,434304,0.4836356426510148,0.32064213044290424,0.5325577215099725,0.17528626461006247,0.4467636452599009,1.0825313289976042,384,0.14751069181662163,0.20526027541912703,0,True,0,0.0,,,,,id
window_mean,heave_rate_imu,30,3.0,434304,0.48368216190164787,0.32036977034374614,0.7178513821406037,0.5460050101123619,0.44680127749070453,1.082544268042543,384,0.5327611431499224,0.5595637202301355,0,True,0,0.0,,,,,id
window_mean,heave_rate_imu,50,5.0,434304,0.45570753889662885,0.30157130616279837,0.8471498442942375,0.7106310316978829,0.4467451203703878,1.0200615924328629,384,0.7067262902698305,0.7143994493665116,0,True,0,0.0,,,,,id
window_mean,heave_rate_imu,100,10.0,434304,0.4398611362459735,0.29367556607237527,0.47470625601314864,0.14141900076700498,0.44658660011503964,0.9849402918329084,384,0.08716592523274631,0.19406568491982668,0,True,0,0.0,,,,,id
window_mean,heave_rate_imu,150,15.0,434304,0.458593405101573,0.30315664954430394,0.6780395407647745,0.5425479608715331,0.44634137990104933,1.0274498976618296,384,0.5232999924421419,0.5599126911216682,0,True,0,0.0,,,,,id
damped_persistence,roll_imu,10,1.0,434304,2.4893371843606653,1.2909825806711028,1.9448708998621889,-0.638271576149084,3.683096770103734,0.6758815583035993,384,-0.6559131212806117,-0.6185410461271673,0,True,6,0.13514864399985527,,,,,id
damped_persistence,roll_imu,20,2.0,434304,3.6908789289331967,1.9057821189075193,3.7445627859317203,0.028467429294468438,3.683980230234797,1.0018726209879687,384,0.017673179683012158,0.04058192419260474,0,True,6,0.13514864399985527,,,,,id
damped_persistence,roll_imu,30,3.0,434304,4.130714997043229,2.123193301072893,5.267438807686876,0.3850334911587021,3.68483107763889,1.121005253703528,384,0.37800318569406965,0.39252626247411637,0,True,6,0.13514864399985527,,,,,id
damped_persistence,roll_imu,50,5.0,434304,3.9260347348153,2.009112190304466,7.087624231053461,0.6931635801576748,3.6862989064932075,1.0650342889720124,384,0.6902567560011331,0.6961950106288209,0,True,6,0.13514864399985527,,,,,id
damped_persistence,roll_imu,100,10.0,434304,3.4226959597647184,1.7892164138302618,3.793831212709033,0.1860820360230725,3.690360897131734,0.927469170406869,384,0.15017654523763202,0.21953815850670833,0,True,6,0.13514864399985527,,,,,id
damped_persistence,roll_imu,150,15.0,434304,4.1081091592237176,2.0855984391143205,5.252023789483733,0.38817026376203934,3.6940279583566067,1.1120947663458742,384,0.36675162098644143,0.40849679491813484,0,True,6,0.13514864399985527,,,,,id
damped_persistence,pitch_imu,10,1.0,434304,0.9895663732315568,0.6266774184778451,0.8967465758949417,-0.2177283131155845,1.2421326705656102,0.7966672133186495,384,-0.25506495332899476,-0.18212593770875207,0,True,6,0.13514864399985527,,,,,id
damped_persistence,pitch_imu,20,2.0,434304,1.3108895217890646,0.827440963240877,1.639889871399927,0.3609971176520783,1.24218755794137,1.0553072387567235,384,0.3409160695983519,0.3798911893659503,0,True,6,0.13514864399985527,,,,,id
damped_persistence,pitch_imu,30,3.0,434304,1.354980921947959,0.8518503764969027,2.122484405245588,0.5924533338385269,1.2422108552955238,1.090781743028326,384,0.580963222913875,0.6037785406111958,0,True,6,0.13514864399985527,,,,,id
damped_persistence,pitch_imu,50,5.0,434304,1.2510580183922115,0.7841472601429377,2.234427726290816,0.6865110205393268,1.2423348523490212,1.0070215900541601,384,0.6808298271650326,0.6914244009728946,0,True,6,0.13514864399985527,,,,,id
damped_persistence,pitch_imu,100,10.0,434304,1.241943921577788,0.7814032132487201,1.5593436358220714,0.36566261389137344,1.2420100845733013,0.9999467290995983,384,0.33540535225908313,0.3971029317101532,0,True,6,0.13514864399985527,,,,,id
damped_persistence,pitch_imu,150,15.0,434304,1.2594021755600162,0.7925796041757787,1.7853551102885246,0.5024008195230169,1.241343687207605,1.0145475330792826,384,0.48301622001534433,0.5199761318144709,0,True,6,0.13514864399985527,,,,,id
damped_persistence,heave_imu,10,1.0,434304,0.5265274145676905,0.34111605275976414,0.4360860094370759,-0.4577990712204407,0.7462457008893157,0.7055684393762234,384,-0.4966640873889587,-0.4173436410370819,0,True,6,0.13514864399985527,,,,,id
damped_persistence,heave_imu,20,2.0,434304,0.7545268918290101,0.48648476030631543,0.8272378841486192,0.16806649441649835,0.7462738792359292,1.011058959482182,384,0.1455508676113311,0.19170033878544918,0,True,6,0.13514864399985527,,,,,id
damped_persistence,heave_imu,30,3.0,434304,0.8267081906877837,0.529336222286215,1.1355767624159623,0.47000534814618644,0.7463383670680748,1.107685504545927,384,0.45555281517415536,0.48465560913085287,0,True,6,0.13514864399985527,,,,,id
damped_persistence,heave_imu,50,5.0,434304,0.7912681317827772,0.5012270455248521,1.419148162303668,0.6891206526313339,0.7464457913170216,1.0600476832841024,384,0.6832133383058224,0.6951732935056485,0,True,6,0.13514864399985527,,,,,id
damped_persistence,heave_imu,100,10.0,434304,0.719443400192093,0.4650524613868403,0.8123875004006482,0.21572783655632632,0.7463339581346979,0.9639698051394953,384,0.14904318576776335,0.2709996732013218,0,True,6,0.13514864399985527,,,,,id
damped_persistence,heave_imu,150,15.0,434304,0.7763683218264221,0.49208457355103213,1.0935546656669395,0.4959720532027939,0.7460095663293967,1.0406948608533266,384,0.4678903169780498,0.5226744061484451,0,True,6,0.13514864399985527,,,,,id
damped_persistence,roll_rate_imu,10,1.0,434304,1.349664893300868,0.7298088550765018,1.0678999900390298,-0.5973156174461425,1.9696577586754387,0.6852281252193247,384,-0.6203601278436375,-0.5723656027556485,0,True,6,0.13514864399985527,,,,,id
damped_persistence,roll_rate_imu,20,2.0,434304,1.9829817044211429,1.0656335363885399,2.0486112451264518,0.06304591286223604,1.9700018376236912,1.006588758725783,384,0.049605089403479206,0.07743290770082954,0,True,6,0.13514864399985527,,,,,id
damped_persistence,roll_rate_imu,30,3.0,434304,2.202439029945818,1.1763740166410468,2.8661560416217173,0.409516009178142,1.9703577508410948,1.1177863659559557,384,0.4015583040346577,0.4179332965969771,0,True,6,0.13514864399985527,,,,,id
damped_persistence,roll_rate_imu,50,5.0,434304,2.077428191189704,1.1039305710458516,3.7984644418446996,0.7008865713053345,1.9712183969802053,1.0538802774833098,384,0.6983947783953015,0.7033376890737731,0,True,6,0.13514864399985527,,,,,id
damped_persistence,roll_rate_imu,100,10.0,434304,1.8530031326452374,1.0058029262421933,1.958924104837112,0.10521831432606288,1.9728314806073508,0.9392607279739761,384,0.0654622739414828,0.142733895290259,0,True,6,0.13514864399985527,,,,,id
damped_persistence,roll_rate_imu,150,15.0,434304,2.177182958243326,1.1455711633204624,2.8982735890952527,0.43569864391756297,1.9742309046325088,1.10280056559473,384,0.41612222391739623,0.45430741101610345,0,True,6,0.13514864399985527,,,,,id
damped_persistence,pitch_rate_imu,10,1.0,434304,0.7863604807679253,0.49727549243710933,0.7534204829087303,-0.08935269722053563,0.9238644470022951,0.8511643491850616,384,-0.11789488978243143,-0.061894555536838196,0,True,6,0.13514864399985527,,,,,id
damped_persistence,pitch_rate_imu,20,2.0,434304,0.9874307065905544,0.6251235533341334,1.3417844978848232,0.45843858153230055,0.9239895988371308,1.0686599804080763,384,0.44470398307483966,0.4709193426675782,0,True,6,0.13514864399985527,,,,,id
damped_persistence,pitch_rate_imu,30,3.0,434304,0.9884812444001682,0.6263883005785688,1.664371083650498,0.6472747556649657,0.9241169026270519,1.069649566618837,384,0.6406514983166638,0.6535806911165142,0,True,6,0.13514864399985527,,,,,id
damped_persistence,pitch_rate_imu,50,5.0,434304,0.9102200314713037,0.5770144289814743,1.5495762479562236,0.654962041036625,0.9240478216497802,0.9850356335954685,384,0.6448958825156816,0.6633679141587702,0,True,6,0.13514864399985527,,,,,id
damped_persistence,pitch_rate_imu,100,10.0,434304,0.934910070252659,0.5894724607559669,1.2735265809317058,0.46108081094974573,0.9239494241237814,1.0118628204560784,384,0.4393042082571206,0.48275053699955167,0,True,6,0.13514864399985527,,,,,id
damped_persistence,pitch_rate_imu,150,15.0,434304,0.9291325934741046,0.5894603732101055,1.3083418485724552,0.49567218135199353,0.9236625396742156,1.005922134507932,384,0.48281014479482076,0.5089064777354483,0,True,6,0.13514864399985527,,,,,id
damped_persistence,heave_rate_imu,10,1.0,434304,0.33151364521524573,0.22230908345653522,0.2838667559561788,-0.3638724234260591,0.4466951335134235,0.7421474297419977,384,-0.3981536957204752,-0.3265376000985016,0,True,6,0.13514864399985527,,,,,id
damped_persistence,heave_rate_imu,20,2.0,434304,0.46009691458754115,0.30756921852056357,0.5325577215099725,0.2536109317062686,0.4467636452599009,1.0298441233280826,384,0.2346715291465402,0.2738371941010555,0,True,6,0.13514864399985527,,,,,id
damped_persistence,heave_rate_imu,30,3.0,434304,0.49191178511387057,0.327267419247358,0.7178513821406037,0.5304245611841343,0.44680127749070453,1.1009632467402795,384,0.5190037640660542,0.5420739271267335,0,True,6,0.13514864399985527,,,,,id
damped_persistence,heave_rate_imu,50,5.0,434304,0.4612389442063996,0.30513028160893735,0.8471498442942375,0.7035636426251282,0.4467451203703878,1.0324431609325586,384,0.699749871157991,0.707250158355632,0,True,6,0.13514864399985527,,,,,id
damped_persistence,heave_rate_imu,100,10.0,434304,0.4398084578426706,0.2936452894085249,0.47470625601314864,0.14162463824707938,0.44658660011503964,0.9848223339647383,384,0.08740101624353024,0.1942425300663682,0,True,6,0.13514864399985527,,,,,id
damped_persistence,heave_rate_imu,150,15.0,434304,0.45859362305256096,0.3031567634694199,0.6780395407647745,0.5425475260543444,0.44634137990104933,1.0274503859674133,384,0.5232997005003441,0.5599121090976136,0,True,6,0.13514864399985527,,,,,id
ar20,roll_imu,10,1.0,434304,0.04496843689787104,0.03566937771668487,1.9448708998621889,0.9994653937557548,3.683096770103734,0.012209409555265232,384,0.9993496941105259,0.9995382776291458,0,True,108900,0.05115562100036186,,,,,id
ar20,roll_imu,20,2.0,434304,0.15046989824449603,0.11596348338570396,3.7445627859317203,0.9983852807575007,3.683980230234797,0.04084438266241887,384,0.9980813444148022,0.9985913476931363,0,True,108900,0.05115562100036186,,,,,id
ar20,roll_imu,30,3.0,434304,0.3431474546977932,0.25887117453674025,5.267438807686876,0.9957561251764225,3.68483107763889,0.09312433798666016,384,0.9950156207891497,0.9962761000220193,0,True,108900,0.05115562100036186,,,,,id
ar20,roll_imu,50,5.0,434304,0.7374401405335204,0.5286000867735942,7.087624231053461,0.9891743949518658,3.6862989064932075,0.20004892691543846,384,0.9874043626588379,0.990368099690997,0,True,108900,0.05115562100036186,,,,,id
ar20,roll_imu,100,10.0,434304,1.231493081971071,0.8503751193144031,3.793831212709033,0.8946321927028542,3.690360897131734,0.3337053248445773,384,0.881254693027263,0.9046763313138418,0,True,108900,0.05115562100036186,,,,,id
ar20,roll_imu,150,15.0,434304,1.870876984945984,1.2288206569314397,5.252023789483733,0.873107166364854,3.6940279583566067,0.5064598876989271,384,0.8614279474418249,0.8831167716145726,0,True,108900,0.05115562100036186,,,,,id
ar20,pitch_imu,10,1.0,434304,0.057558234780593,0.04442939806552234,0.8967465758949417,0.9958802062104248,1.2421326705656102,0.04633823434849647,384,0.9955168066483,0.9961825230913919,0,True,108900,0.05115562100036186,,,,,id
ar20,pitch_imu,20,2.0,434304,0.21509927047368677,0.15675805073769328,1.639889871399927,0.9827952443922596,1.24218755794137,0.17316166878225908,384,0.9814245114373861,0.9840273668447408,0,True,108900,0.05115562100036186,,,,,id
ar20,pitch_imu,30,3.0,434304,0.4221735792986228,0.29796227746689785,2.122484405245588,0.9604366475337214,1.2422108552955238,0.33985661733586053,384,0.9573344448377377,0.9632037689293061,0,True,108900,0.05115562100036186,,,,,id
ar20,pitch_imu,50,5.0,434304,0.62200968588566,0.44213730475825086,2.234427726290816,0.9225071432009917,1.2423348523490212,0.5006779651311857,384,0.9143356590269014,0.9289427522663023,0,True,108900,0.05115562100036186,,,,,id
ar20,pitch_imu,100,10.0,434304,1.0879867034997774,0.7337499529632072,1.5593436358220714,0.5131854933478621,1.2420100845733013,0.8759886228086148,384,0.50143415397885,0.5248273368077523,0,True,108900,0.05115562100036186,,,,,id
ar20,pitch_imu,150,15.0,434304,1.2253709246702382,0.7939338867727772,1.7853551102885246,0.5289294864820517,1.241343687207605,0.9871326831545764,384,0.5084242240656164,0.5470673266065887,0,True,108900,0.05115562100036186,,,,,id
ar20,heave_imu,10,1.0,434304,0.002090215369229138,0.001540249538070767,0.4360860094370759,0.9999770259392098,0.7462457008893157,0.0028009747550145846,384,0.9999748984910612,0.9999787117350777,0,True,108900,0.05115562100036186,,,,,id
ar20,heave_imu,20,2.0,434304,0.016393324864608625,0.012045926336673174,0.8272378841486192,0.9996072888244183,0.7462738792359292,0.021966901590328863,384,0.9995647111096474,0.9996409266548084,0,True,108900,0.05115562100036186,,,,,id
ar20,heave_imu,30,3.0,434304,0.05867743568461868,0.04242417529325204,1.1355767624159623,0.9973300123137394,0.7463383670680748,0.0786204197368653,384,0.9970292277312434,0.9975825565256788,0,True,108900,0.05115562100036186,,,,,id
ar20,heave_imu,50,5.0,434304,0.20552970305922472,0.1423500825212198,1.419148162303668,0.979025398842138,0.7464457913170216,0.27534444624115323,384,0.9767787199602541,0.9809613774543348,0,True,108900,0.05115562100036186,,,,,id
ar20,heave_imu,100,10.0,434304,0.485638080698808,0.33561452437037514,0.8123875004006482,0.6426457077381509,0.7463339581346979,0.6506980895155253,384,0.6056019967261403,0.6715868619291055,0,True,108900,0.05115562100036186,,,,,id
ar20,heave_imu,150,15.0,434304,0.6432625933750211,0.44125555140662726,1.0935546656669395,0.6539844640225286,0.7460095663293967,0.8622712394159725,384,0.6308791000829644,0.674127655222574,0,True,108900,0.05115562100036186,,,,,id
ar20,roll_rate_imu,10,1.0,434304,0.07035869503080054,0.05459494944442706,1.0678999900390298,0.9956591539191693,1.9696577586754387,0.035721279354701485,384,0.9948668431147134,0.9962019267120815,0,True,108900,0.05115562100036186,,,,,id
ar20,roll_rate_imu,20,2.0,434304,0.1629314930678916,0.12238398562663487,2.0486112451264518,0.9936745566581966,1.9700018376236912,0.08270626451010178,384,0.9926154795102713,0.9943917459007718,0,True,108900,0.05115562100036186,,,,,id
ar20,roll_rate_imu,30,3.0,434304,0.2411226727193278,0.17612570408933553,2.8661560416217173,0.992922556092977,1.9703577508410948,0.12237507255542744,384,0.9918405489685148,0.9936680724418441,0,True,108900,0.05115562100036186,,,,,id
ar20,roll_rate_imu,50,5.0,434304,0.3161703883721516,0.2278869649945609,3.7984644418446996,0.9930717068556503,1.9712183969802053,0.16039338353198546,384,0.9920134377376235,0.9938459721301508,0,True,108900,0.05115562100036186,,,,,id
ar20,roll_rate_imu,100,10.0,434304,0.7248337146457076,0.5087611501951778,1.958924104837112,0.8630879885854424,1.9728314806073508,0.367407820571964,384,0.8453297628017148,0.8768298266717922,0,True,108900,0.05115562100036186,,,,,id
ar20,roll_rate_imu,150,15.0,434304,1.041014385269004,0.7077290627983456,2.8982735890952527,0.8709866349251798,1.9742309046325088,0.5273012304823496,384,0.8584111613061322,0.8808422724034565,0,True,108900,0.05115562100036186,,,,,id
ar20,pitch_rate_imu,10,1.0,434304,0.10758659665813021,0.07953115773903596,0.7534204829087303,0.9796088606317334,0.9238644470022951,0.11645279457091495,384,0.9781126833742132,0.9808785680651847,0,True,108900,0.05115562100036186,,,,,id
ar20,pitch_rate_imu,20,2.0,434304,0.2276738209188592,0.15926316005000596,1.3417844978848232,0.9712087412742427,0.9239895988371308,0.24640301276701998,384,0.9691093129175312,0.9731307762837261,0,True,108900,0.05115562100036186,,,,,id
ar20,pitch_rate_imu,30,3.0,434304,0.27929496874464504,0.19820733329960663,1.664371083650498,0.9718404376417978,0.9241169026270519,0.3022290447785055,384,0.9694422057604632,0.9739741719901024,0,True,108900,0.05115562100036186,,,,,id
ar20,pitch_rate_imu,50,5.0,434304,0.558748779879993,0.3740672287232916,1.5495762479562236,0.8699808645656859,0.9240478216497802,0.6046751767483332,384,0.8588899977549027,0.8797985844290601,0,True,108900,0.05115562100036186,,,,,id
ar20,pitch_rate_imu,100,10.0,434304,0.8559832458602729,0.5596739803868547,1.2735265809317058,0.548233003431296,0.9239494241237814,0.9264395036254678,384,0.5303766513248983,0.565320921643412,0,True,108900,0.05115562100036186,,,,,id
ar20,pitch_rate_imu,150,15.0,434304,0.9168341954645174,0.5841923914600202,1.3083418485724552,0.5089348207404256,0.9236625396742156,0.9926073171570792,384,0.4950570665216978,0.5216859372385394,0,True,108900,0.05115562100036186,,,,,id
ar20,heave_rate_imu,10,1.0,434304,0.0060691778328284055,0.004470033166397904,0.2838667559561788,0.9995428795437021,0.4466951335134235,0.013586845652631276,384,0.9995008227415082,0.9995791047954847,0,True,108900,0.05115562100036186,,,,,id
ar20,heave_rate_imu,20,2.0,434304,0.030977720994531468,0.0225648773580066,0.5325577215099725,0.9966165048671478,0.4467636452599009,0.06933805228603694,384,0.9962991205050418,0.9969005106634306,0,True,108900,0.05115562100036186,,,,,id
ar20,heave_rate_imu,30,3.0,434304,0.07768880779850214,0.05515101302148116,0.7178513821406037,0.988287547787634,0.44680127749070453,0.17387776560266976,384,0.9871418992961816,0.9893054516301859,0,True,108900,0.05115562100036186,,,,,id
ar20,heave_rate_imu,50,5.0,434304,0.14420177551092322,0.09756685432717847,0.8471498442942375,0.9710251801263272,0.4467451203703878,0.32278310145025935,384,0.9679578021470884,0.9736517708187428,0,True,108900,0.05115562100036186,,,,,id
ar20,heave_rate_imu,100,10.0,434304,0.3128565675504539,0.21312913136063444,0.47470625601314864,0.5656491837132135,0.44658660011503964,0.7005507273838104,384,0.548441764341598,0.5838895604603276,0,True,108900,0.05115562100036186,,,,,id
ar20,heave_rate_imu,150,15.0,434304,0.4157735496585753,0.2816285094832514,0.6780395407647745,0.6239862967236022,0.44634137990104933,0.9315146844568821,384,0.6012905809446819,0.6452981839127051,0,True,108900,0.05115562100036186,,,,,id
dlinear_ols,roll_imu,10,1.0,434304,0.1488225798985211,0.10754970387987167,1.9448708998621889,0.9941446062962676,3.683096770103734,0.04040691548116167,384,0.9935017008304783,0.9946725012425065,0,True,60300,0.14251700500244624,,,,,id
dlinear_ols,roll_imu,20,2.0,434304,0.4820798377978611,0.30945707969075453,3.7445627859317203,0.9834256806444458,3.683980230234797,0.13085842150872126,384,0.9817129623009645,0.9848511627269352,0,True,60300,0.14251700500244624,,,,,id
dlinear_ols,roll_imu,30,3.0,434304,0.8503040347974649,0.4858955834799869,5.267438807686876,0.973941495878535,3.68483107763889,0.2307579416482532,384,0.9712552976497336,0.9763335292065529,0,True,60300,0.14251700500244624,,,,,id
dlinear_ols,roll_imu,50,5.0,434304,0.830102331109693,0.5002055669964959,7.087624231053461,0.9862829128321885,3.6862989064932075,0.2251858441667643,384,0.9852417413777443,0.9872002421360752,0,True,60300,0.14251700500244624,,,,,id
dlinear_ols,roll_imu,100,10.0,434304,1.7490776657948874,0.9992992158575545,3.793831212709033,0.7874494769574705,3.690360897131734,0.47395843240001984,384,0.7754431043435626,0.7973822070902081,0,True,60300,0.14251700500244624,,,,,id
dlinear_ols,roll_imu,150,15.0,434304,2.5295327219242596,1.378030015278289,5.252023789483733,0.768032450626861,3.6940279583566067,0.6847627442022919,384,0.7567892597480397,0.778377809474311,0,True,60300,0.14251700500244624,,,,,id
dlinear_ols,pitch_imu,10,1.0,434304,0.1267917951498452,0.09710126217419175,0.8967465758949417,0.9800086166413832,1.2421326705656102,0.10207588782936532,384,0.9782704567866227,0.9814582286206239,0,True,60300,0.14251700500244624,,,,,id
dlinear_ols,pitch_imu,20,2.0,434304,0.3525728439367608,0.25588915996137157,1.639889871399927,0.9537759120799902,1.24218755794137,0.28383221332619557,384,0.9499309732428074,0.9572021062694072,0,True,60300,0.14251700500244624,,,,,id
dlinear_ols,pitch_imu,30,3.0,434304,0.5253781421807721,0.35740913362357024,2.122484405245588,0.9387289976811063,1.2422108552955238,0.42293797380782333,384,0.9326984513589425,0.943998480479057,0,True,60300,0.14251700500244624,,,,,id
dlinear_ols,pitch_imu,50,5.0,434304,0.6178181095264978,0.4207886853508425,2.234427726290816,0.9235480362951772,1.2423348523490212,0.4973040145805458,384,0.9153591162472536,0.930840899559792,0,True,60300,0.14251700500244624,,,,,id
dlinear_ols,pitch_imu,100,10.0,434304,1.1285847268905336,0.7379427288052066,1.5593436358220714,0.4761768677811886,1.2420100845733013,0.9086759768768419,384,0.45942326236259584,0.4920047910069021,0,True,60300,0.14251700500244624,,,,,id
dlinear_ols,pitch_imu,150,15.0,434304,1.2476491990166827,0.78921707335835,1.7853551102885246,0.5116448609065111,1.241343687207605,1.0050795858343324,384,0.48656330136315074,0.5355378589989821,0,True,60300,0.14251700500244624,,,,,id
dlinear_ols,heave_imu,10,1.0,434304,0.040577478478534046,0.023131021573293428,0.4360860094370759,0.9913418360652139,0.7462457008893157,0.0543754937953774,384,0.9893678865579015,0.9931739043630486,0,True,60300,0.14251700500244624,,,,,id
dlinear_ols,heave_imu,20,2.0,434304,0.15711505219699903,0.08857068049393196,0.8272378841486192,0.9639276232847922,0.7462738792359292,0.21053269659908358,384,0.9555389229005237,0.9717316344294935,0,True,60300,0.14251700500244624,,,,,id
dlinear_ols,heave_imu,30,3.0,434304,0.29792382402526624,0.16510274291202057,1.1355767624159623,0.9311700468769077,0.7463383670680748,0.39918063598369463,384,0.9144346612974469,0.9467102545063442,0,True,60300,0.14251700500244624,,,,,id
dlinear_ols,heave_imu,50,5.0,434304,0.285801465020929,0.1698749176016042,1.419148162303668,0.9594422902386889,0.7464457913170216,0.3828830818600554,384,0.9513378921372274,0.9669436691301989,0,True,60300,0.14251700500244624,,,,,id
dlinear_ols,heave_imu,100,10.0,434304,0.5539814314991779,0.35718084950182843,0.8123875004006482,0.5349882240406569,0.7463339581346979,0.7422701666740932,384,0.5005313593252789,0.5694242275623024,0,True,60300,0.14251700500244624,,,,,id
dlinear_ols,heave_imu,150,15.0,434304,0.7304538184434367,0.46656230901100415,1.0935546656669395,0.5538257197915761,0.7460095663293967,0.9791480584324149,384,0.5055381234829779,0.5967158563204218,0,True,60300,0.14251700500244624,,,,,id
dlinear_ols,roll_rate_imu,10,1.0,434304,0.11235943287815288,0.08780034887415267,1.0678999900390298,0.9889297376790729,1.9696577586754387,0.057045155374460935,384,0.9871947974818096,0.990118799664038,0,True,60300,0.14251700500244624,,,,,id
dlinear_ols,roll_rate_imu,20,2.0,434304,0.3009278340897031,0.22160820395555533,2.0486112451264518,0.9784222769772539,1.9700018376236912,0.15275510324025707,384,0.9762732193491866,0.9800463424853878,0,True,60300,0.14251700500244624,,,,,id
dlinear_ols,roll_rate_imu,30,3.0,434304,0.46605662901959827,0.3071151749624349,2.8661560416217173,0.9735590096685329,1.9703577508410948,0.2365340146075761,384,0.971786573168462,0.9750840502684851,0,True,60300,0.14251700500244624,,,,,id
dlinear_ols,roll_rate_imu,50,5.0,434304,0.480003901359769,0.3292923862045111,3.7984644418446996,0.9840311587320784,1.9712183969802053,0.24350620007154344,384,0.9828148226029141,0.9849685505927158,0,True,60300,0.14251700500244624,,,,,id
dlinear_ols,roll_rate_imu,100,10.0,434304,0.9806890936579605,0.6097342229599064,1.958924104837112,0.7493732223535599,1.9728314806073508,0.4970972448980022,384,0.7314881009036809,0.7639781686039204,0,True,60300,0.14251700500244624,,,,,id
dlinear_ols,roll_rate_imu,150,15.0,434304,1.38057532980407,0.794866010229268,2.8982735890952527,0.7730963623445989,1.9742309046325088,0.6992978007610795,384,0.7647553302699779,0.7802475210911795,0,True,60300,0.14251700500244624,,,,,id
dlinear_ols,pitch_rate_imu,10,1.0,434304,0.14305824298924377,0.1026852867474116,0.7534204829087303,0.9639462097625482,0.9238644470022951,0.15484765481930965,384,0.9603103915686392,0.9670173894640003,0,True,60300,0.14251700500244624,,,,,id
dlinear_ols,pitch_rate_imu,20,2.0,434304,0.3905889752130968,0.26347883993471155,1.3417844978848232,0.9152627391191867,0.9239895988371308,0.42272009956028184,384,0.9054023878755406,0.924134714619709,0,True,60300,0.14251700500244624,,,,,id
dlinear_ols,pitch_rate_imu,30,3.0,434304,0.5276793241783556,0.3423761652809617,1.664371083650498,0.8994829274491677,0.9241169026270519,0.5710092767249302,384,0.8886965873814152,0.9095076260699771,0,True,60300,0.14251700500244624,,,,,id
dlinear_ols,pitch_rate_imu,50,5.0,434304,0.6493154524244552,0.4153574661510031,1.5495762479562236,0.8244157426802413,0.9240478216497802,0.7026859835729906,384,0.7990650380511656,0.8458259275353205,0,True,60300,0.14251700500244624,,,,,id
dlinear_ols,pitch_rate_imu,100,10.0,434304,0.9791598993155823,0.6316775318479865,1.2735265809317058,0.40885882555215525,0.9239494241237814,1.0597548672581936,384,0.3945769578211973,0.42362914094550447,0,True,60300,0.14251700500244624,,,,,id
dlinear_ols,pitch_rate_imu,150,15.0,434304,0.9520722074810029,0.6049297678735458,1.3083418485724552,0.4704617823931131,0.9236625396742156,1.0307576269324592,384,0.4523593102603393,0.48727302319075316,0,True,60300,0.14251700500244624,,,,,id
dlinear_ols,heave_rate_imu,10,1.0,434304,0.02154994338492451,0.01413575545596609,0.2838667559561788,0.9942368065471134,0.4466951335134235,0.048243067291613824,384,0.9935378636529609,0.9948816442886997,0,True,60300,0.14251700500244624,,,,,id
dlinear_ols,heave_rate_imu,20,2.0,434304,0.08152900683445656,0.05320780508050818,0.5325577215099725,0.9765635983624225,0.4467636452599009,0.18248800612911947,384,0.9735465334827584,0.9793027831641968,0,True,60300,0.14251700500244624,,,,,id
dlinear_ols,heave_rate_imu,30,3.0,434304,0.15000837281808407,0.09688271148559965,0.7178513821406037,0.9563321390695441,0.44680127749070453,0.3357384599716256,384,0.9502698287060792,0.9619690211853309,0,True,60300,0.14251700500244624,,,,,id
dlinear_ols,heave_rate_imu,50,5.0,434304,0.15887199651593512,0.10620866662488117,0.8471498442942375,0.9648298487633715,0.4467451203703878,0.35562111206546004,384,0.9610395113251359,0.968170987293857,0,True,60300,0.14251700500244624,,,,,id
dlinear_ols,heave_rate_imu,100,10.0,434304,0.3379818278678362,0.23071203809260551,0.47470625601314864,0.4930830766206741,0.44658660011503964,0.7568113951040467,384,0.46821956063367437,0.5188789646120613,0,True,60300,0.14251700500244624,,,,,id
dlinear_ols,heave_rate_imu,150,15.0,434304,0.4316512664704914,0.29057346197363376,0.6780395407647745,0.5947192306874958,0.44634137990104933,0.9670877178499233,384,0.5713616606369718,0.6168330081216307,0,True,60300,0.14251700500244624,,,,,id
tcn,roll_imu,10,1.0,434304,0.10824048874977983,0.07908903683300887,1.9448708998621889,0.9969025954445719,3.683096770103734,0.029388445513673336,384,0.996293239332282,0.9973299637169419,0,False,196804,4332.924100859003,58.0,60.0,0.15360705228311067,mse,id
tcn,roll_imu,20,2.0,434304,0.13393774235820882,0.0985272389919973,3.7445627859317203,0.9987206077527893,3.683980230234797,0.03635680269371922,384,0.9984962156399202,0.998875579992556,0,False,196804,4332.924100859003,58.0,60.0,0.15360705228311067,mse,id
tcn,roll_imu,30,3.0,434304,0.20122833239723512,0.14266689056348839,5.267438807686876,0.9985405834793336,3.68483107763889,0.05460992055195517,384,0.9983302470443591,0.9986954175812044,0,False,196804,4332.924100859003,58.0,60.0,0.15360705228311067,mse,id
tcn,roll_imu,50,5.0,434304,0.2826351288126136,0.19153274151601796,7.087624231053461,0.9984098030707453,3.6862989064932075,0.07667178814902063,384,0.9982207424606935,0.9985593834064094,0,False,196804,4332.924100859003,58.0,60.0,0.15360705228311067,mse,id
tcn,roll_imu,100,10.0,434304,0.6694282065201153,0.397856324594908,3.793831212709033,0.9688647752864558,3.690360897131734,0.18139911655806243,384,0.965009882452739,0.9723494586494448,0,False,196804,4332.924100859003,58.0,60.0,0.15360705228311067,mse,id
tcn,roll_imu,150,15.0,434304,1.1970831764415955,0.6937625378346457,5.252023789483733,0.948048835656012,3.6940279583566067,0.324059046097245,384,0.9442936866615315,0.9517842622997184,0,False,196804,4332.924100859003,58.0,60.0,0.15360705228311067,mse,id
tcn,pitch_imu,10,1.0,434304,0.05685364794612001,0.042674387093852274,0.8967465758949417,0.9959804520141329,1.2421326705656102,0.04577099475230087,384,0.9957082270257172,0.9962050787637192,0,False,196804,4332.924100859003,58.0,60.0,0.15360705228311067,mse,id
tcn,pitch_imu,20,2.0,434304,0.11721979815863742,0.0785605952193982,1.639889871399927,0.9948905686137614,1.24218755794137,0.09436561927322902,384,0.9944842645844774,0.9953079219630176,0,False,196804,4332.924100859003,58.0,60.0,0.15360705228311067,mse,id
tcn,pitch_imu,30,3.0,434304,0.17722499168903297,0.11133875352506657,2.122484405245588,0.9930279432518493,1.2422108552955238,0.14266900899595736,384,0.992386733141812,0.9936848841356829,0,False,196804,4332.924100859003,58.0,60.0,0.15360705228311067,mse,id
tcn,pitch_imu,50,5.0,434304,0.316147146832565,0.18707404120813095,2.234427726290816,0.9799808372629359,1.2423348523490212,0.2544782078960357,384,0.9768243039661241,0.982705211537043,0,False,196804,4332.924100859003,58.0,60.0,0.15360705228311067,mse,id
tcn,pitch_imu,100,10.0,434304,0.7493812729265366,0.43981026472334844,1.5593436358220714,0.769047851120277,1.2420100845733013,0.6033616652830884,384,0.7469227165308084,0.7900805711129353,0,False,196804,4332.924100859003,58.0,60.0,0.15360705228311067,mse,id
tcn,pitch_imu,150,15.0,434304,1.0159789304142666,0.6146701097195428,1.7853551102885246,0.6761676875218599,1.241343687207605,0.8184509583318581,384,0.6625259269720793,0.6894657032945684,0,False,196804,4332.924100859003,58.0,60.0,0.15360705228311067,mse,id
tcn,heave_imu,10,1.0,434304,0.021515467811893146,0.015554154349086406,0.4360860094370759,0.9975657942767324,0.7462457008893157,0.028831613751680897,384,0.9974292369231922,0.9976813268020659,0,False,196804,4332.924100859003,58.0,60.0,0.15360705228311067,mse,id
tcn,heave_imu,20,2.0,434304,0.03080807981558463,0.021768624738246024,0.8272378841486192,0.9986130256445089,0.7462738792359292,0.041282538050410406,384,0.9985513126390729,0.9986662445429821,0,False,196804,4332.924100859003,58.0,60.0,0.15360705228311067,mse,id
tcn,heave_imu,30,3.0,434304,0.04785653032104052,0.03307859843526102,1.1355767624159623,0.9982239735762353,0.7463383670680748,0.06412176089652302,384,0.9981556148705049,0.9982881637286989,0,False,196804,4332.924100859003,58.0,60.0,0.15360705228311067,mse,id
tcn,heave_imu,50,5.0,434304,0.10249101537946889,0.06320315412956037,1.419148162303668,0.9947842578498125,0.7464457913170216,0.13730536975583285,384,0.994431743579557,0.9951249005004901,0,False,196804,4332.924100859003,58.0,60.0,0.15360705228311067,mse,id
tcn,heave_imu,100,10.0,434304,0.2773189435716765,0.16813357066702714,0.8123875004006482,0.8834713784779565,0.7463339581346979,0.37157487013558366,384,0.8656599665843041,0.8984716524895183,0,False,196804,4332.924100859003,58.0,60.0,0.15360705228311067,mse,id
tcn,heave_imu,150,15.0,434304,0.4614363927127513,0.2882662053685215,1.0935546656669395,0.8219497074756712,0.7460095663293967,0.618539511474584,384,0.8156533545400974,0.8285906323977327,0,False,196804,4332.924100859003,58.0,60.0,0.15360705228311067,mse,id
tcn,roll_rate_imu,10,1.0,434304,0.07757206858600582,0.057669850885799526,1.0678999900390298,0.9947234557978398,1.9696577586754387,0.03938352652603553,384,0.9937860358030796,0.9953631295931736,0,False,196804,4332.924100859003,58.0,60.0,0.15360705228311067,mse,id
tcn,roll_rate_imu,20,2.0,434304,0.10349077012649953,0.07446476232311422,2.0486112451264518,0.9974479796513258,1.9700018376236912,0.05253333684771328,384,0.997066299708288,0.9977145489722016,0,False,196804,4332.924100859003,58.0,60.0,0.15360705228311067,mse,id
tcn,roll_rate_imu,30,3.0,434304,0.12395700316494607,0.0878625634972411,2.8661560416217173,0.9981295656302029,1.9703577508410948,0.06291091204733355,384,0.997882539154138,0.9983052661982681,0,False,196804,4332.924100859003,58.0,60.0,0.15360705228311067,mse,id
tcn,roll_rate_imu,50,5.0,434304,0.1908552104054698,0.13258866646738982,3.7984644418446996,0.9974754038757794,1.9712183969802053,0.09682093607580426,384,0.9970868110489327,0.9977636472986312,0,False,196804,4332.924100859003,58.0,60.0,0.15360705228311067,mse,id
tcn,roll_rate_imu,100,10.0,434304,0.44597714843436304,0.2749100938863603,1.958924104837112,0.9481689517797428,1.9728314806073508,0.22605942414152153,384,0.9403288681902995,0.9546314936555365,0,False,196804,4332.924100859003,58.0,60.0,0.15360705228311067,mse,id
tcn,roll_rate_imu,150,15.0,434304,0.7100275882478203,0.43181627520790367,2.8982735890952527,0.9399833585228594,1.9742309046325088,0.359647691960322,384,0.9349022485943185,0.9448906491584649,0,False,196804,4332.924100859003,58.0,60.0,0.15360705228311067,mse,id
tcn,pitch_rate_imu,10,1.0,434304,0.07194314916811004,0.050980941981135564,0.7534204829087303,0.9908819064735386,0.9238644470022951,0.07787197505169426,384,0.990360774288309,0.991454179480947,0,False,196804,4332.924100859003,58.0,60.0,0.15360705228311067,mse,id
tcn,pitch_rate_imu,20,2.0,434304,0.11035655524772726,0.07070265628603502,1.3417844978848232,0.9932355774096792,0.9239895988371308,0.11943484578897248,384,0.992693101978163,0.9938797249704898,0,False,196804,4332.924100859003,58.0,60.0,0.15360705228311067,mse,id
tcn,pitch_rate_imu,30,3.0,434304,0.15262806412872215,0.09487404577570227,1.664371083650498,0.9915905330526521,0.9241169026270519,0.16516099174772764,384,0.9907492794792331,0.9923793272753499,0,False,196804,4332.924100859003,58.0,60.0,0.15360705228311067,mse,id
tcn,pitch_rate_imu,50,5.0,434304,0.3182654846762502,0.18032419170704977,1.5495762479562236,0.9578154730165087,0.9240478216497802,0.34442533948949106,384,0.952386420041017,0.9634359138974685,0,False,196804,4332.924100859003,58.0,60.0,0.15360705228311067,mse,id
tcn,pitch_rate_imu,100,10.0,434304,0.6504297625657334,0.3780445641162409,1.2735265809317058,0.7391536384153119,0.9239494241237814,0.7039668466513329,384,0.7242281983703651,0.7546164726088388,0,False,196804,4332.924100859003,58.0,60.0,0.15360705228311067,mse,id
tcn,pitch_rate_imu,150,15.0,434304,0.8149022018242925,0.4940883730820896,1.3083418485724552,0.6120564669874058,0.9236625396742156,0.8822510027436169,384,0.5990640014432406,0.6261730008583251,0,False,196804,4332.924100859003,58.0,60.0,0.15360705228311067,mse,id
tcn,heave_rate_imu,10,1.0,434304,0.01907403773814873,0.013305156410865058,0.2838667559561788,0.995485016102038,0.4466951335134235,0.042700348195254166,384,0.9952211663438404,0.9957412531033524,0,False,196804,4332.924100859003,58.0,60.0,0.15360705228311067,mse,id
tcn,heave_rate_imu,20,2.0,434304,0.027207940203743196,0.01906228912558003,0.5325577215099725,0.9973898951287717,0.4467636452599009,0.06090007656714147,384,0.9972922442311951,0.9974813043184246,0,False,196804,4332.924100859003,58.0,60.0,0.15360705228311067,mse,id
tcn,heave_rate_imu,30,3.0,434304,0.043991255419825154,0.028797599036934855,0.7178513821406037,0.9962445357659623,0.44680127749070453,0.09845821316108562,384,0.9960412190949658,0.9964497638396,0,False,196804,4332.924100859003,58.0,60.0,0.15360705228311067,mse,id
tcn,heave_rate_imu,50,5.0,434304,0.0715317854140737,0.04537471709079406,0.8471498442942375,0.9928701948796944,0.4467451203703878,0.16011766475427436,384,0.9924740394039163,0.9932691112407269,0,False,196804,4332.924100859003,58.0,60.0,0.15360705228311067,mse,id
tcn,heave_rate_imu,100,10.0,434304,0.20277973945891586,0.12656117957597326,0.47470625601314864,0.8175267484116604,0.44658660011503964,0.4540658842130066,384,0.8026354895492226,0.8314509672904732,0,False,196804,4332.924100859003,58.0,60.0,0.15360705228311067,mse,id
tcn,heave_rate_imu,150,15.0,434304,0.3195475439535803,0.20451994103355658,0.6780395407647745,0.7778936753004981,0.44634137990104933,0.7159263253261925,384,0.7684598376107514,0.7868077783975284,0,False,196804,4332.924100859003,58.0,60.0,0.15360705228311067,mse,id
tcn,roll_imu,10,1.0,434304,0.1108489201907988,0.07968016928719933,1.9448708998621889,0.9967515111734906,3.683096770103734,0.030096662431076105,384,0.9961308415111959,0.9971972076600911,1,False,196804,4312.105405378003,57.0,60.0,0.15293940816864024,mse,id
tcn,roll_imu,20,2.0,434304,0.1359400023368748,0.09833258778536264,3.7445627859317203,0.9986820700959566,3.683980230234797,0.036900307233247755,384,0.9984386597588594,0.9988511696724914,1,False,196804,4312.105405378003,57.0,60.0,0.15293940816864024,mse,id
tcn,roll_imu,30,3.0,434304,0.20239434552719238,0.14314772716521074,5.267438807686876,0.9985236213643771,3.68483107763889,0.054926356531078635,384,0.9982962867094524,0.998684303278824,1,False,196804,4312.105405378003,57.0,60.0,0.15293940816864024,mse,id
tcn,roll_imu,50,5.0,434304,0.27820313398494884,0.1880311483741872,7.087624231053461,0.9984592837339323,3.6862989064932075,0.07546949963686063,384,0.9982870378867624,0.9985917518987522,1,False,196804,4312.105405378003,57.0,60.0,0.15293940816864024,mse,id
tcn,roll_imu,100,10.0,434304,0.6640957565112838,0.3924905927993948,3.793831212709033,0.9693588260859358,3.690360897131734,0.17995414947829091,384,0.9656491054667952,0.9728085740872395,1,False,196804,4312.105405378003,57.0,60.0,0.15293940816864024,mse,id
tcn,roll_imu,150,15.0,434304,1.1928649329241572,0.6901234400935625,5.252023789483733,0.9484143182934102,3.6940279583566067,0.32291713716612935,384,0.9447060247456086,0.9520412663267147,1,False,196804,4312.105405378003,57.0,60.0,0.15293940816864024,mse,id
tcn,pitch_imu,10,1.0,434304,0.05607146160213556,0.0420585930434951,0.8967465758949417,0.996090292209291,1.2421326705656102,0.04514128235319919,384,0.9958379533523007,0.9963126771942737,1,False,196804,4312.105405378003,57.0,60.0,0.15293940816864024,mse,id
tcn,pitch_imu,20,2.0,434304,0.11794563225174229,0.07916438465290869,1.639889871399927,0.994827096716983,1.24218755794137,0.09494993851589456,384,0.9944183825024623,0.9952345369895532,1,False,196804,4312.105405378003,57.0,60.0,0.15293940816864024,mse,id
tcn,pitch_imu,30,3.0,434304,0.17536773219766458,0.10976960217528454,2.122484405245588,0.9931733072690578,1.2422108552955238,0.14117388481196644,384,0.9925468957378822,0.9938161506070624,1,False,196804,4312.105405378003,57.0,60.0,0.15293940816864024,mse,id
tcn,pitch_imu,50,5.0,434304,0.3139002370355656,0.18544258730137622,2.234427726290816,0.9802643850269919,1.2423348523490212,0.25266958939615947,384,0.9772157264492002,0.9829512193416459,1,False,196804,4312.105405378003,57.0,60.0,0.15293940816864024,mse,id
tcn,pitch_imu,100,10.0,434304,0.7493326722316604,0.44025020154434574,1.5593436358220714,0.7690778066885491,1.2420100845733013,0.6033225346065506,384,0.746702577540608,0.7904193841940085,1,False,196804,4312.105405378003,57.0,60.0,0.15293940816864024,mse,id
tcn,pitch_imu,150,15.0,434304,1.016673748752427,0.6162454389560741,1.7853551102885246,0.6757246043796316,1.241343687207605,0.8190106891665342,384,0.66216195415498,0.6890740306414236,1,False,196804,4312.105405378003,57.0,60.0,0.15293940816864024,mse,id
tcn,heave_imu,10,1.0,434304,0.01819665359820946,0.012573228314221575,0.4360860094370759,0.9982588397342717,0.7462457008893157,0.024384265901330016,384,0.9981472229155266,0.9983638248536393,1,False,196804,4312.105405378003,57.0,60.0,0.15293940816864024,mse,id
tcn,heave_imu,20,2.0,434304,0.02856448219701097,0.020040965977516496,0.8272378841486192,0.9988076826014797,0.7462738792359292,0.03827613828083685,384,0.9987472416717561,0.9988558273979491,1,False,196804,4312.105405378003,57.0,60.0,0.15293940816864024,mse,id
tcn,heave_imu,30,3.0,434304,0.0467186341353921,0.03220129315506078,1.1355767624159623,0.9983074274985128,0.7463383670680748,0.06259712242708651,384,0.9982398801192075,0.9983676327923839,1,False,196804,4312.105405378003,57.0,60.0,0.15293940816864024,mse,id
tcn,heave_imu,50,5.0,434304,0.10225884095598886,0.06292252511751902,1.419148162303668,0.9948078616811771,0.7464457913170216,0.13699432985691348,384,0.9944716036518438,0.9951388113572269,1,False,196804,4312.105405378003,57.0,60.0,0.15293940816864024,mse,id
tcn,heave_imu,100,10.0,434304,0.2777450052566472,0.16827184905979287,0.8123875004006482,0.8831130436373429,0.7463339581346979,0.3721457428398561,384,0.8655729729636638,0.8981275241201747,1,False,196804,4312.105405378003,57.0,60.0,0.15293940816864024,mse,id
tcn,heave_imu,150,15.0,434304,0.46094119106426235,0.28723561855907226,1.0935546656669395,0.8223316603881378,0.7460095663293967,0.6178757108065503,384,0.8158675674068816,0.8289811737082827,1,False,196804,4312.105405378003,57.0,60.0,0.15293940816864024,mse,id
tcn,roll_rate_imu,10,1.0,434304,0.06957713220145689,0.052189843150005195,1.0678999900390298,0.9957550567995178,1.9696577586754387,0.03532447801908811,384,0.994964294235573,0.9962866200504629,1,False,196804,4312.105405378003,57.0,60.0,0.15293940816864024,mse,id
tcn,roll_rate_imu,20,2.0,434304,0.10688413506411149,0.07698959865165139,2.0486112451264518,0.9972778792270743,1.9700018376236912,0.054255855513840615,384,0.9968527340868873,0.9975719314127818,1,False,196804,4312.105405378003,57.0,60.0,0.15293940816864024,mse,id
tcn,roll_rate_imu,30,3.0,434304,0.12517108742529112,0.0883541301866414,2.8661560416217173,0.9980927466405871,1.9703577508410948,0.06352708657697255,384,0.9978452048725797,0.9982639655166158,1,False,196804,4312.105405378003,57.0,60.0,0.15293940816864024,mse,id
tcn,roll_rate_imu,50,5.0,434304,0.18901119032826044,0.12946245474227291,3.7984644418446996,0.9975239528878191,1.9712183969802053,0.09588546384196436,384,0.9971450576964584,0.9978086572434484,1,False,196804,4312.105405378003,57.0,60.0,0.15293940816864024,mse,id
tcn,roll_rate_imu,100,10.0,434304,0.4467330078709186,0.2754494900319459,1.958924104837112,0.9479931123387179,1.9728314806073508,0.22644255845582337,384,0.9401277106248322,0.9543695975882457,1,False,196804,4312.105405378003,57.0,60.0,0.15293940816864024,mse,id
tcn,roll_rate_imu,150,15.0,434304,0.7098814211494975,0.4316273098888201,2.8982735890952527,0.9400080661695109,1.9742309046325088,0.35957365447160683,384,0.9349513006682317,0.9448533892306379,1,False,196804,4312.105405378003,57.0,60.0,0.15293940816864024,mse,id
tcn,pitch_rate_imu,10,1.0,434304,0.07189628209562075,0.0506447055498031,0.7534204829087303,0.9908937824940156,0.9238644470022951,0.07782124566964979,384,0.9903748158982506,0.9914469635440221,1,False,196804,4312.105405378003,57.0,60.0,0.15293940816864024,mse,id
tcn,pitch_rate_imu,20,2.0,434304,0.10804658273695007,0.06938378688797554,1.3417844978848232,0.9935157980658261,0.9239895988371308,0.11693484739755729,384,0.9930296835428088,0.9940995624591508,1,False,196804,4312.105405378003,57.0,60.0,0.15293940816864024,mse,id
tcn,pitch_rate_imu,30,3.0,434304,0.1524227861800902,0.0946264504273454,1.664371083650498,0.9916131385577445,0.9241169026270519,0.16493885756962917,384,0.9907351614878602,0.9924273692393807,1,False,196804,4312.105405378003,57.0,60.0,0.15293940816864024,mse,id
tcn,pitch_rate_imu,50,5.0,434304,0.3177288742224049,0.18063844921345903,1.5495762479562236,0.957957603257003,0.9240478216497802,0.3438446223001066,384,0.9525873776044897,0.9634849183895491,1,False,196804,4312.105405378003,57.0,60.0,0.15293940816864024,mse,id
tcn,pitch_rate_imu,100,10.0,434304,0.6490982161123692,0.37723095568738946,1.2735265809317058,0.7402205438528041,0.9239494241237814,0.7025257001788114,384,0.7250649722201311,0.7552697367081689,1,False,196804,4312.105405378003,57.0,60.0,0.15293940816864024,mse,id
tcn,pitch_rate_imu,150,15.0,434304,0.8135619624305267,0.49297120983941595,1.3083418485724552,0.613331490281315,0.9236625396742156,0.8807999972776611,384,0.6003377697996906,0.6272881704112221,1,False,196804,4312.105405378003,57.0,60.0,0.15293940816864024,mse,id
tcn,heave_rate_imu,10,1.0,434304,0.01627557902667002,0.01156492385737108,0.2838667559561788,0.9967126660344272,0.4466951335134235,0.03643554139185832,384,0.9965631872299948,0.9968557909300456,1,False,196804,4312.105405378003,57.0,60.0,0.15293940816864024,mse,id
tcn,heave_rate_imu,20,2.0,434304,0.026572637975112893,0.018585408000930143,0.5325577215099725,0.9975103633433887,0.4467636452599009,0.05947806688624919,384,0.9974122014539758,0.9975983699130155,1,False,196804,4312.105405378003,57.0,60.0,0.15293940816864024,mse,id
tcn,heave_rate_imu,30,3.0,434304,0.04365612782376969,0.028509283726678474,0.7178513821406037,0.9963015364495442,0.44680127749070453,0.09770815354187955,384,0.9960981806511693,0.9964983513982852,1,False,196804,4312.105405378003,57.0,60.0,0.15293940816864024,mse,id
tcn,heave_rate_imu,50,5.0,434304,0.07138776396953916,0.04508212161515543,0.8471498442942375,0.9928988761465389,0.4467451203703878,0.15979528530799159,384,0.9924868586181641,0.993295475328994,1,False,196804,4312.105405378003,57.0,60.0,0.15293940816864024,mse,id
tcn,heave_rate_imu,100,10.0,434304,0.20242620272762685,0.12617711668149703,0.47470625601314864,0.8181624604524655,0.44658660011503964,0.45327424216374235,384,0.8033637278964941,0.8317263564506331,1,False,196804,4312.105405378003,57.0,60.0,0.15293940816864024,mse,id
tcn,heave_rate_imu,150,15.0,434304,0.3191335479310269,0.20417556612281387,0.6780395407647745,0.7784688108145053,0.44634137990104933,0.7149987930802573,384,0.7689393025320153,0.7874438227445166,1,False,196804,4312.105405378003,57.0,60.0,0.15293940816864024,mse,id
tcn,roll_imu,10,1.0,434304,0.11370143999824897,0.08169873597436389,1.9448708998621889,0.9965821706615686,3.683096770103734,0.03087115193963437,384,0.9958957818095245,0.997048738714849,2,False,196804,4325.023161322002,57.0,60.0,0.15317584854283586,mse,id
tcn,roll_imu,20,2.0,434304,0.1365536281571774,0.09965745254252116,3.7445627859317203,0.9986701451135485,3.683980230234797,0.03706687322490713,384,0.9984338875322947,0.998834413182827,2,False,196804,4325.023161322002,57.0,60.0,0.15317584854283586,mse,id
tcn,roll_imu,30,3.0,434304,0.19939611886718814,0.14155769755379063,5.267438807686876,0.998567038891967,3.68483107763889,0.05411268920228336,384,0.9983541663109622,0.9987233015348765,2,False,196804,4325.023161322002,57.0,60.0,0.15317584854283586,mse,id
tcn,roll_imu,50,5.0,434304,0.27667713064187927,0.18553147091710934,7.087624231053461,0.9984761396901738,3.6862989064932075,0.0750555333845902,384,0.998304963008601,0.9986155361155138,2,False,196804,4325.023161322002,57.0,60.0,0.15317584854283586,mse,id
tcn,roll_imu,100,10.0,434304,0.6679610883206958,0.3973433604752348,3.793831212709033,0.9690010975964213,3.690360897131734,0.18100156243251342,384,0.9651675055912118,0.9724518393458799,2,False,196804,4325.023161322002,57.0,60.0,0.15317584854283586,mse,id
tcn,roll_imu,150,15.0,434304,1.1959503317783453,0.6931054862229628,5.252023789483733,0.9481471157976503,3.6940279583566067,0.3237523768797889,384,0.9444601821688365,0.9517666873034829,2,False,196804,4325.023161322002,57.0,60.0,0.15317584854283586,mse,id
tcn,pitch_imu,10,1.0,434304,0.055128821640417505,0.04152570508480961,0.8967465758949417,0.9962206425847313,1.2421326705656102,0.04438239404436112,384,0.9959444127447206,0.9964661267776002,2,False,196804,4325.023161322002,57.0,60.0,0.15317584854283586,mse,id
tcn,pitch_imu,20,2.0,434304,0.11900087733388898,0.08045389288764113,1.639889871399927,0.9947341199832426,1.24218755794137,0.0957994439512054,384,0.9943143026590174,0.9951524027016541,2,False,196804,4325.023161322002,57.0,60.0,0.15317584854283586,mse,id
tcn,pitch_imu,30,3.0,434304,0.17594728747369248,0.11111904690746442,2.122484405245588,0.9931281110020896,1.2422108552955238,0.14164043626219508,384,0.9924887601369997,0.9937825580579905,2,False,196804,4325.023161322002,57.0,60.0,0.15317584854283586,mse,id
tcn,pitch_imu,50,5.0,434304,0.3141806123325634,0.18533646242191673,2.234427726290816,0.9802291136288859,1.2423348523490212,0.2528952735556819,384,0.9770963101892866,0.9829160569806698,2,False,196804,4325.023161322002,57.0,60.0,0.15317584854283586,mse,id
tcn,pitch_imu,100,10.0,434304,0.7492646579387806,0.4395502721878694,1.5593436358220714,0.7691197247777521,1.2420100845733013,0.6032677731406619,384,0.7464630905259514,0.7901518030292012,2,False,196804,4325.023161322002,57.0,60.0,0.15317584854283586,mse,id
tcn,pitch_imu,150,15.0,434304,1.0167097445667883,0.6157026742273387,1.7853551102885246,0.6757016417259913,1.241343687207605,0.8190396866268927,384,0.6621400536748598,0.6891780129970236,2,False,196804,4325.023161322002,57.0,60.0,0.15317584854283586,mse,id
tcn,heave_imu,10,1.0,434304,0.02131685031930819,0.014788812793910517,0.4360860094370759,0.9976105290012048,0.7462457008893157,0.028565458124454823,384,0.9974848406118254,0.9977246990402652,2,False,196804,4325.023161322002,57.0,60.0,0.15317584854283586,mse,id
tcn,heave_imu,20,2.0,434304,0.02857922896374571,0.02019879006581905,0.8272378841486192,0.9988064511865284,0.7462738792359292,0.03829589880997374,384,0.9987497615699747,0.9988557541781511,2,False,196804,4325.023161322002,57.0,60.0,0.15317584854283586,mse,id
tcn,heave_imu,30,3.0,434304,0.0459878071733682,0.03200383944538551,1.1355767624159623,0.998359967669003,0.7463383670680748,0.06161790576843489,384,0.9982952375351611,0.9984178578395361,2,False,196804,4325.023161322002,57.0,60.0,0.15317584854283586,mse,id
tcn,heave_imu,50,5.0,434304,0.10279735255777357,0.06364465672818795,1.419148162303668,0.9947530324094759,0.7464457913170216,0.13771576416339482,384,0.994413164238896,0.9950753490250582,2,False,196804,4325.023161322002,57.0,60.0,0.15317584854283586,mse,id
tcn,heave_imu,100,10.0,434304,0.2773131605356511,0.16811615609319894,0.8123875004006482,0.8834762384574527,0.7463339581346979,0.37156712154534144,384,0.865807482595491,0.8985173828294922,2,False,196804,4325.023161322002,57.0,60.0,0.15317584854283586,mse,id
tcn,heave_imu,150,15.0,434304,0.4613081590839634,0.2884349335423779,1.0935546656669395,0.8220486544289463,0.7460095663293967,0.6183676187340942,384,0.8155430329190116,0.8288091262269507,2,False,196804,4325.023161322002,57.0,60.0,0.15317584854283586,mse,id
tcn,roll_rate_imu,10,1.0,434304,0.08083965074189475,0.060301273422708274,1.0678999900390298,0.9942695636617483,1.9696577586754387,0.04104248587645909,384,0.993166286665996,0.9950194519463317,2,False,196804,4325.023161322002,57.0,60.0,0.15317584854283586,mse,id
tcn,roll_rate_imu,20,2.0,434304,0.10587710530850497,0.07648510943878317,2.0486112451264518,0.9973289315740429,1.9700018376236912,0.05374467337361417,384,0.9969141729607738,0.9976223553369625,2,False,196804,4325.023161322002,57.0,60.0,0.15317584854283586,mse,id
tcn,roll_rate_imu,30,3.0,434304,0.1215540921039491,0.08538317027012628,2.8661560416217173,0.9982013796370015,1.9703577508410948,0.0616913817057135,384,0.9979888652226909,0.9983638339229898,2,False,196804,4325.023161322002,57.0,60.0,0.15317584854283586,mse,id
tcn,roll_rate_imu,50,5.0,434304,0.18941476317783434,0.1306970035352085,3.7984644418446996,0.9975133679886651,1.9712183969802053,0.09609019653428916,384,0.9971183389848656,0.997799209451396,2,False,196804,4325.023161322002,57.0,60.0,0.15317584854283586,mse,id
tcn,roll_rate_imu,100,10.0,434304,0.4470535397464402,0.2767616012387339,1.958924104837112,0.9479184554618808,1.9728314806073508,0.2266050314691914,384,0.9399552127099775,0.9543607243104402,2,False,196804,4325.023161322002,57.0,60.0,0.15317584854283586,mse,id
tcn,roll_rate_imu,150,15.0,434304,0.713072124909836,0.43722253219384005,2.8982735890952527,0.9394675627475083,1.9742309046325088,0.3611898300429909,384,0.9343646362824924,0.944384878305183,2,False,196804,4325.023161322002,57.0,60.0,0.15317584854283586,mse,id
tcn,pitch_rate_imu,10,1.0,434304,0.07536536407259022,0.05331382632205424,0.7534204829087303,0.9899938097277778,0.9238644470022951,0.08157621425646547,384,0.9893946784097246,0.9906059553480948,2,False,196804,4325.023161322002,57.0,60.0,0.15317584854283586,mse,id
tcn,pitch_rate_imu,20,2.0,434304,0.10796244870254484,0.06966175727880573,1.3417844978848232,0.9935258924094443,0.9239895988371308,0.11684379222279005,384,0.9930081197964078,0.9941357334915669,2,False,196804,4325.023161322002,57.0,60.0,0.15317584854283586,mse,id
tcn,pitch_rate_imu,30,3.0,434304,0.15397636806816664,0.0957257633888686,1.664371083650498,0.9914412996957285,0.9241169026270519,0.16662001055326142,384,0.9905492697544253,0.9922738157452724,2,False,196804,4325.023161322002,57.0,60.0,0.15317584854283586,mse,id
tcn,pitch_rate_imu,50,5.0,434304,0.3188134141573522,0.181255054272414,1.5495762479562236,0.9576700972602118,0.9240478216497802,0.34501830607440626,384,0.952196536091681,0.9632682893864088,2,False,196804,4325.023161322002,57.0,60.0,0.15317584854283586,mse,id
tcn,pitch_rate_imu,100,10.0,434304,0.6493888311535047,0.3781219722558635,1.2735265809317058,0.739987874232092,0.9239494241237814,0.7028402358379586,384,0.7248505980359109,0.755068654693842,2,False,196804,4325.023161322002,57.0,60.0,0.15317584854283586,mse,id
tcn,pitch_rate_imu,150,15.0,434304,0.8146924297901313,0.4948390070848174,1.3083418485724552,0.6122561700425708,0.9236625396742156,0.8820238937886135,384,0.5990409342611803,0.6262184297082861,2,False,196804,4325.023161322002,57.0,60.0,0.15317584854283586,mse,id
tcn,heave_rate_imu,10,1.0,434304,0.01567524795551876,0.011190845959133028,0.2838667559561788,0.9969507026987542,0.4466951335134235,0.03509160225728698,384,0.9968025505254249,0.9970869842314699,2,False,196804,4325.023161322002,57.0,60.0,0.15317584854283586,mse,id
tcn,heave_rate_imu,20,2.0,434304,0.02615206590099371,0.01856151713449385,0.5325577215099725,0.9975885479417965,0.4467636452599009,0.05853669200362077,384,0.9975067151399026,0.9976647410888314,2,False,196804,4325.023161322002,57.0,60.0,0.15317584854283586,mse,id
tcn,heave_rate_imu,30,3.0,434304,0.04407472412448622,0.029110458512824258,0.7178513821406037,0.9962302710620349,0.44680127749070453,0.0986450270957499,384,0.9960423284041069,0.9964248414029848,2,False,196804,4325.023161322002,57.0,60.0,0.15317584854283586,mse,id
tcn,heave_rate_imu,50,5.0,434304,0.07145354426399302,0.04516708880519536,0.8471498442942375,0.9928857834482029,0.4467451203703878,0.159942528761707,384,0.9924769592345073,0.993280081168664,2,False,196804,4325.023161322002,57.0,60.0,0.15317584854283586,mse,id
tcn,heave_rate_imu,100,10.0,434304,0.20228715562975422,0.12609689909172442,0.47470625601314864,0.818412184035682,0.44658660011503964,0.45296288687937686,384,0.8034692985259496,0.8319145386169027,2,False,196804,4325.023161322002,57.0,60.0,0.15317584854283586,mse,id
tcn,heave_rate_imu,150,15.0,434304,0.31951955550570144,0.20469167046395195,0.6780395407647745,0.777932581179572,0.44634137990104933,0.715863618955824,384,0.768099557246744,0.786915990045603,2,False,196804,4325.023161322002,57.0,60.0,0.15317584854283586,mse,id
persistence,roll_imu,10,1.0,542880,3.259549911224485,2.2066478607596607,3.259549911224485,0.0,6.257164377375671,0.5209308425730664,480,0.0,0.0,0,True,0,0.0,,,,,unseen_seastate
persistence,roll_imu,20,2.0,542880,6.285670955194254,4.252851076046607,6.285670955194254,0.0,6.258313610238997,1.0043713605068463,480,0.0,0.0,0,True,0,0.0,,,,,unseen_seastate
persistence,roll_imu,30,3.0,542880,8.864582569735198,5.993703841801847,8.864582569735198,0.0,6.258983439968923,1.4162974953931515,480,0.0,0.0,0,True,0,0.0,,,,,unseen_seastate
persistence,roll_imu,50,5.0,542880,12.02075263609667,8.110717549012042,12.02075263609667,0.0,6.2597080930156785,1.9203375712533506,480,0.0,0.0,0,True,0,0.0,,,,,unseen_seastate
persistence,roll_imu,100,10.0,542880,6.564403239196959,4.3808980599488585,6.564403239196959,0.0,6.26377007356357,1.0479955621139767,480,0.0,0.0,0,True,0,0.0,,,,,unseen_seastate
persistence,roll_imu,150,15.0,542880,8.758582080093348,5.946448613637522,8.758582080093348,0.0,6.267631515068575,1.3974309209206148,480,0.0,0.0,0,True,0,0.0,,,,,unseen_seastate
persistence,pitch_imu,10,1.0,542880,1.2231442694621246,0.835108023281715,1.2231442694621246,0.0,1.8002917622300492,0.6794144677677117,480,0.0,0.0,0,True,0,0.0,,,,,unseen_seastate
persistence,pitch_imu,20,2.0,542880,2.257572208809929,1.546075926159215,2.257572208809929,0.0,1.8000082383159832,1.2542010423919085,480,0.0,0.0,0,True,0,0.0,,,,,unseen_seastate
persistence,pitch_imu,30,3.0,542880,2.9691853078284582,2.044454272090263,2.9691853078284582,0.0,1.7998063081965383,1.649724914456864,480,0.0,0.0,0,True,0,0.0,,,,,unseen_seastate
persistence,pitch_imu,50,5.0,542880,3.3044457576050816,2.30107867534449,3.3044457576050816,0.0,1.7998293029175254,1.8359773075416492,480,0.0,0.0,0,True,0,0.0,,,,,unseen_seastate
persistence,pitch_imu,100,10.0,542880,2.1438086472570053,1.4911857131464248,2.1438086472570053,0.0,1.7992105920358634,1.1915273602470393,480,0.0,0.0,0,True,0,0.0,,,,,unseen_seastate
persistence,pitch_imu,150,15.0,542880,2.626382563808782,1.8042777782451342,2.626382563808782,0.0,1.7996361310581732,1.459396440470712,480,0.0,0.0,0,True,0,0.0,,,,,unseen_seastate
persistence,heave_imu,10,1.0,542880,0.7122510070746891,0.5621799779870807,0.7122510070746891,0.0,1.279956080242435,0.5564651928836359,480,0.0,0.0,0,True,0,0.0,,,,,unseen_seastate
persistence,heave_imu,20,2.0,542880,1.3591066047549403,1.0741718286132305,1.3591066047549403,0.0,1.2799441991988507,1.061848325579849,480,0.0,0.0,0,True,0,0.0,,,,,unseen_seastate
persistence,heave_imu,30,3.0,542880,1.8841952677681022,1.492217718011144,1.8841952677681022,0.0,1.279989361380127,1.472039787687376,480,0.0,0.0,0,True,0,0.0,,,,,unseen_seastate
persistence,heave_imu,50,5.0,542880,2.429658364536398,1.9332430825146913,2.429658364536398,0.0,1.2800109763198806,1.898154320146404,480,0.0,0.0,0,True,0,0.0,,,,,unseen_seastate
persistence,heave_imu,100,10.0,542880,1.4297166648914688,1.1225810626052064,1.4297166648914688,0.0,1.2798538150331629,1.1170937243754067,480,0.0,0.0,0,True,0,0.0,,,,,unseen_seastate
persistence,heave_imu,150,15.0,542880,1.8279181666532411,1.4218319766050378,1.8279181666532411,0.0,1.2796386511953028,1.4284643285397747,480,0.0,0.0,0,True,0,0.0,,,,,unseen_seastate
persistence,roll_rate_imu,10,1.0,542880,1.7509811536257809,1.1915179063596248,1.7509811536257809,0.0,3.2990815361648123,0.5307480686461904,480,0.0,0.0,0,True,0,0.0,,,,,unseen_seastate
persistence,roll_rate_imu,20,2.0,542880,3.3690572610515965,2.2899361705528585,3.3690572610515965,0.0,3.2992658691344117,1.0211536125566913,480,0.0,0.0,0,True,0,0.0,,,,,unseen_seastate
persistence,roll_rate_imu,30,3.0,542880,4.734894767018175,3.214854666908849,4.734894767018175,0.0,3.2997090446012667,1.4349431125647427,480,0.0,0.0,0,True,0,0.0,,,,,unseen_seastate
persistence,roll_rate_imu,50,5.0,542880,6.356661484780421,4.303774325277962,6.356661484780421,0.0,3.300877364902179,1.9257490606497585,480,0.0,0.0,0,True,0,0.0,,,,,unseen_seastate
persistence,roll_rate_imu,100,10.0,542880,3.3400949657659016,2.2413334580486666,3.3400949657659016,0.0,3.302366199124593,1.0114247676866697,480,0.0,0.0,0,True,0,0.0,,,,,unseen_seastate
persistence,roll_rate_imu,150,15.0,542880,4.761111154164594,3.2430195075395094,4.761111154164594,0.0,3.3037484312244225,1.441123999989324,480,0.0,0.0,0,True,0,0.0,,,,,unseen_seastate
persistence,pitch_rate_imu,10,1.0,542880,0.9755107876390742,0.6430517994773551,0.9755107876390742,0.0,1.2564114196718152,0.7764262345640613,480,0.0,0.0,0,True,0,0.0,,,,,unseen_seastate
persistence,pitch_rate_imu,20,2.0,542880,1.7519309940480654,1.162067369342994,1.7519309940480654,0.0,1.2565974628813164,1.3941863212352614,480,0.0,0.0,0,True,0,0.0,,,,,unseen_seastate
persistence,pitch_rate_imu,30,3.0,542880,2.206228233831898,1.479117338700619,2.206228233831898,0.0,1.2565940558968034,1.7557207305563465,480,0.0,0.0,0,True,0,0.0,,,,,unseen_seastate
persistence,pitch_rate_imu,50,5.0,542880,2.1784000592413317,1.496370578752571,2.1784000592413317,0.0,1.2561754499514726,1.7341527087840203,480,0.0,0.0,0,True,0,0.0,,,,,unseen_seastate
persistence,pitch_rate_imu,100,10.0,542880,1.6287184748195807,1.103338440707102,1.6287184748195807,0.0,1.2560080347798337,1.2967420826293357,480,0.0,0.0,0,True,0,0.0,,,,,unseen_seastate
persistence,pitch_rate_imu,150,15.0,542880,1.8236128207659046,1.2298751446918794,1.8236128207659046,0.0,1.2566876299596323,1.451126578547195,480,0.0,0.0,0,True,0,0.0,,,,,unseen_seastate
persistence,heave_rate_imu,10,1.0,542880,0.43734027211668636,0.33787307875360795,0.43734027211668636,0.0,0.7288754110229594,0.6000206146382269,480,0.0,0.0,0,True,0,0.0,,,,,unseen_seastate
persistence,heave_rate_imu,20,2.0,542880,0.826897160374101,0.6405668281569805,0.826897160374101,0.0,0.7289261951277793,1.1344045061093566,480,0.0,0.0,0,True,0,0.0,,,,,unseen_seastate
persistence,heave_rate_imu,30,3.0,542880,1.1292563364397514,0.8786085751355861,1.1292563364397514,0.0,0.7289327181740993,1.5491914524956722,480,0.0,0.0,0,True,0,0.0,,,,,unseen_seastate
persistence,heave_rate_imu,50,5.0,542880,1.3901456242628623,1.0944062307552274,1.3901456242628623,0.0,0.7287870343818834,1.9074785344416925,480,0.0,0.0,0,True,0,0.0,,,,,unseen_seastate
persistence,heave_rate_imu,100,10.0,542880,0.7601176275849791,0.6058310529905162,0.7601176275849791,0.0,0.728624840171366,1.0432222258662034,480,0.0,0.0,0,True,0,0.0,,,,,unseen_seastate
persistence,heave_rate_imu,150,15.0,542880,1.100859437662995,0.8440845791054077,1.100859437662995,0.0,0.7286495273493387,1.5108215902749176,480,0.0,0.0,0,True,0,0.0,,,,,unseen_seastate
window_mean,roll_imu,10,1.0,542880,7.0181528081487965,4.7261571775405615,3.259549911224485,-3.6358606080140854,6.257164377375671,1.1216187373188833,480,-3.6559190148728735,-3.6156310048635114,0,True,0,0.0,,,,,unseen_seastate
window_mean,roll_imu,20,2.0,542880,7.179888736450803,4.832560948789933,6.285670955194254,-0.30476453370675416,6.258313610238997,1.1472561433648916,480,-0.311323799121546,-0.29848838552917684,0,True,0,0.0,,,,,unseen_seastate
window_mean,roll_imu,30,3.0,542880,7.131865926747261,4.799280560971632,8.864582569735198,0.35272361728742463,6.258983439968923,1.1394607439291566,480,0.34916157069612563,0.35621675104747885,0,True,0,0.0,,,,,unseen_seastate
window_mean,roll_imu,50,5.0,542880,6.4995116081990965,4.376120088393303,12.02075263609667,0.7076533464551229,6.2597080930156785,1.0383090571668958,480,0.7058294069177065,0.7091887322488791,0,True,0,0.0,,,,,unseen_seastate
window_mean,roll_imu,100,10.0,542880,5.7847897572359654,3.911659359567472,6.564403239196959,0.22342276210290313,6.26377007356357,0.9235316254105246,480,0.20831852589264171,0.23941348997792042,0,True,0,0.0,,,,,unseen_seastate
window_mean,roll_imu,150,15.0,542880,7.007882899673848,4.711362418660544,8.758582080093348,0.3598141599762219,6.267631515068575,1.118107036577624,480,0.3508956506278803,0.3685411678694893,0,True,0,0.0,,,,,unseen_seastate
window_mean,pitch_imu,10,1.0,542880,1.898713473423461,1.3215497644179177,1.2231442694621246,-1.4097028676829026,1.8002917622300492,1.054669866995056,480,-1.479405488363612,-1.3422974667192398,0,True,0,0.0,,,,,unseen_seastate
window_mean,pitch_imu,20,2.0,542880,1.9432128167541447,1.3534638665999648,2.257572208809929,0.2591036894099643,1.8000082383159832,1.079557735009112,480,0.2398361194447553,0.27785199211264006,0,True,0,0.0,,,,,unseen_seastate
window_mean,pitch_imu,30,3.0,542880,1.936829991018092,1.3499500552441042,2.9691853078284582,0.5744913462812614,1.7998063081965383,1.0761324605861926,480,0.5654487217096619,0.5835664529687993,0,True,0,0.0,,,,,unseen_seastate
window_mean,pitch_imu,50,5.0,542880,1.8241806803904472,1.272146650536216,3.3044457576050816,0.6952536946445143,1.7998293029175254,1.0135298260970906,480,0.6921650280397482,0.6978159423708735,0,True,0,0.0,,,,,unseen_seastate
window_mean,pitch_imu,100,10.0,542880,1.7831207449014868,1.2380070221981823,2.1438086472570053,0.30818580546319685,1.7992105920358634,0.9910572741147714,480,0.29229741235792217,0.3252653177911155,0,True,0,0.0,,,,,unseen_seastate
window_mean,pitch_imu,150,15.0,542880,1.8367988902956276,1.2791898886049209,2.626382563808782,0.5108892099974174,1.7996361310581732,1.020650151770182,480,0.4992353770133163,0.5214260650469251,0,True,0,0.0,,,,,unseen_seastate
window_mean,heave_imu,10,1.0,542880,1.368276927781822,1.089613534474975,0.7122510070746891,-2.6904715674608997,1.279956080242435,1.0690030297935367,480,-2.768298085839603,-2.6138671906909874,0,True,0,0.0,,,,,unseen_seastate
window_mean,heave_imu,20,2.0,542880,1.4085758022071944,1.1222785667477708,1.3591066047549403,-0.07412147821472392,1.2799441991988507,1.1004978209900536,480,-0.09617265286703618,-0.05251097338870073,0,True,0,0.0,,,,,unseen_seastate
window_mean,heave_imu,30,3.0,542880,1.417111060988182,1.1296425212831378,1.8841952677681022,0.43433936296897047,1.279989361380127,1.1071272181982872,480,0.4236326813883422,0.4450020155745726,0,True,0,0.0,,,,,unseen_seastate
window_mean,heave_imu,50,5.0,542880,1.3465879830438918,1.0741569962147328,2.429658364536398,0.6928298244302113,1.2800109763198806,1.0520128404800284,480,0.6886803645346193,0.6965958478059273,0,True,0,0.0,,,,,unseen_seastate
window_mean,heave_imu,100,10.0,542880,1.220974179379097,0.9721569293184164,1.4297166648914688,0.27068860227837876,1.2798538150331629,0.9539950305554699,480,0.23578492535664308,0.3038987105480722,0,True,0,0.0,,,,,unseen_seastate
window_mean,heave_imu,150,15.0,542880,1.3424488331231665,1.0684307625347786,1.8279181666532411,0.4606359635612949,1.2796386511953028,1.0490843113164745,480,0.44352852752621924,0.47691408402576246,0,True,0,0.0,,,,,unseen_seastate
window_mean,roll_rate_imu,10,1.0,542880,3.6933310326940147,2.4962702120379183,1.7509811536257809,-3.449113929516302,3.2990815361648123,1.11950280470713,480,-3.47225596253462,-3.424410164373135,0,True,0,0.0,,,,,unseen_seastate
window_mean,roll_rate_imu,20,2.0,542880,3.768945147704138,2.5463652520076625,3.3690572610515965,-0.2514769324641912,3.2992658691344117,1.142358723788741,480,-0.25842453528682985,-0.24435564896307072,0,True,0,0.0,,,,,unseen_seastate
window_mean,roll_rate_imu,30,3.0,542880,3.735671630933473,2.5233711777556898,4.734894767018175,0.3775324355012276,3.2997090446012667,1.1321215235766,480,0.37395250519246387,0.38109182565096594,0,True,0,0.0,,,,,unseen_seastate
window_mean,roll_rate_imu,50,5.0,542880,3.3972834398763103,2.296323555275704,6.356661484780421,0.7143689635938032,3.300877364902179,1.0292061971157138,480,0.7129452147114796,0.7156623828285481,0,True,0,0.0,,,,,unseen_seastate
window_mean,roll_rate_imu,100,10.0,542880,3.082405589513964,2.0923396942380315,3.3400949657659016,0.14834845752121384,3.302366199124593,0.9333930290138819,480,0.13378650988168336,0.16418031137336803,0,True,0,0.0,,,,,unseen_seastate
window_mean,roll_rate_imu,150,15.0,542880,3.6724378620242457,2.4779865429894636,4.761111154164594,0.4050338318235115,3.3037484312244225,1.1115973078686203,480,0.397290360840019,0.41295115503221425,0,True,0,0.0,,,,,unseen_seastate
window_mean,pitch_rate_imu,10,1.0,542880,1.3179197360992099,0.8996331972510473,0.9755107876390742,-0.825213912971597,1.2564114196718152,1.0489555534631014,480,-0.8737823008115544,-0.7797152134813286,0,True,0,0.0,,,,,unseen_seastate
window_mean,pitch_rate_imu,20,2.0,542880,1.3418926148033554,0.9174012444058744,1.7519309940480654,0.41331966196131775,1.2565974628813164,1.0678778641860867,480,0.400542894267916,0.4256913738312177,0,True,0,0.0,,,,,unseen_seastate
window_mean,pitch_rate_imu,30,3.0,542880,1.3263790021220931,0.9083352605511034,2.206228233831898,0.6385615095791666,1.2565940558968034,1.0555349962844491,480,0.6333826235019171,0.6436188526658084,0,True,0,0.0,,,,,unseen_seastate
window_mean,pitch_rate_imu,50,5.0,542880,1.2452658134839563,0.8530788943872852,2.1784000592413317,0.6732249794019856,1.2561754499514726,0.9913151968795937,480,0.6693354960278782,0.6769656892432121,0,True,0,0.0,,,,,unseen_seastate
window_mean,pitch_rate_imu,100,10.0,542880,1.2643630450053012,0.8581016396588866,1.6287184748195807,0.3973688978629618,1.2560080347798337,1.006652035651135,480,0.3901042253780837,0.40384785057846195,0,True,0,0.0,,,,,unseen_seastate
window_mean,pitch_rate_imu,150,15.0,542880,1.2690521750215793,0.8670378719218566,1.8236128207659046,0.5157231800396587,1.2566876299596323,1.0098389963959016,480,0.5099276286054588,0.5212162281347472,0,True,0,0.0,,,,,unseen_seastate
window_mean,heave_rate_imu,10,1.0,542880,0.775618950583438,0.612437989633808,0.43734027211668636,-2.1452696299718017,0.7288754110229594,1.064131041949783,480,-2.220052688888347,-2.074196197810629,0,True,0,0.0,,,,,unseen_seastate
window_mean,heave_rate_imu,20,2.0,542880,0.7953704546550808,0.6287884461414784,0.826897160374101,0.07479939590064666,0.7289261951277793,1.0911536174326317,480,0.054614944566607974,0.09399514659325203,0,True,0,0.0,,,,,unseen_seastate
window_mean,heave_rate_imu,30,3.0,542880,0.7964054136331453,0.6303634603880994,1.1292563364397514,0.5026257070646052,0.7289327181740993,1.0925636808127615,480,0.49335372820370527,0.5113756415070999,0,True,0,0.0,,,,,unseen_seastate
window_mean,heave_rate_imu,50,5.0,542880,0.7508493212791876,0.5953536444697364,1.3901456242628623,0.7082673808951635,0.7287870343818834,1.0302726116910357,480,0.7056571853221048,0.7106380248242334,0,True,0,0.0,,,,,unseen_seastate
window_mean,heave_rate_imu,100,10.0,542880,0.7085132477363947,0.5569477431984725,0.7601176275849791,0.13117093345904396,0.728624840171366,0.9723978770333424,480,0.10244417181066318,0.16065660415590116,0,True,0,0.0,,,,,unseen_seastate
window_mean,heave_rate_imu,150,15.0,542880,0.7570990009508752,0.5979682713700034,1.100859437662995,0.5270212749777701,0.7286495273493387,1.0390441117899702,480,0.5155299371019033,0.5375930077692835,0,True,0,0.0,,,,,unseen_seastate
damped_persistence,roll_imu,10,1.0,542880,4.29737368798183,2.8975715780751092,3.259549911224485,-0.7381648767236104,6.257164377375671,0.6867925195508768,480,-0.7446000470411497,-0.7318297812986917,0,True,6,0.1270482119944063,,,,,unseen_seastate
damped_persistence,roll_imu,20,2.0,542880,6.3156405787868755,4.255985771488134,6.285670955194254,-0.009558588193196549,6.258313610238997,1.0091601303670827,480,-0.01377030322394543,-0.005457235819288803,0,True,6,0.1270482119944063,,,,,unseen_seastate
damped_persistence,roll_imu,30,3.0,542880,7.030013281161284,4.734768085907975,8.864582569735198,0.37107955691595906,6.258983439968923,1.1231877106861603,480,0.3681569580018924,0.373932018339322,0,True,6,0.1270482119944063,,,,,unseen_seastate
damped_persistence,roll_imu,50,5.0,542880,6.65320784071109,4.480597283453799,12.02075263609667,0.6936634191452302,6.2597080930156785,1.0628623159176482,480,0.6919036585451671,0.6951428871400769,0,True,6,0.1270482119944063,,,,,unseen_seastate
damped_persistence,roll_imu,100,10.0,542880,5.781281169853412,3.909255286148658,6.564403239196959,0.22436449479305576,6.26377007356357,0.9229714855360804,480,0.2092983794191724,0.24031478214692553,0,True,6,0.1270482119944063,,,,,unseen_seastate
damped_persistence,roll_imu,150,15.0,542880,7.007834914106924,4.711332987906155,8.758582080093348,0.3598229271247988,6.267631515068575,1.1180993804850778,480,0.35090500880607045,0.3685493302529182,0,True,6,0.1270482119944063,,,,,unseen_seastate
damped_persistence,pitch_imu,10,1.0,542880,1.4430498869013277,1.0018214808025416,1.2231442694621246,-0.3918977100334089,1.8002917622300492,0.8015644559267435,480,-0.4219623680306484,-0.36227107987386326,0,True,6,0.1270482119944063,,,,,unseen_seastate
damped_persistence,pitch_imu,20,2.0,542880,1.8905610767198686,1.3146250958197159,2.257572208809929,0.29870922800474764,1.8000082383159832,1.0503069021998495,480,0.28367236531538254,0.3133762770975589,0,True,6,0.1270482119944063,,,,,unseen_seastate
damped_persistence,pitch_imu,30,3.0,542880,1.9600675448856921,1.3653101590156087,2.9691853078284582,0.5642198245236033,1.7998063081965383,1.0890436020583463,480,0.5558640869145325,0.5725482897836041,0,True,6,0.1270482119944063,,,,,unseen_seastate
damped_persistence,pitch_imu,50,5.0,542880,1.831433515083539,1.2771974083883348,3.3044457576050816,0.6928255705442039,1.7998293029175254,1.0175595608510113,480,0.6897534247789618,0.6953699515654809,0,True,6,0.1270482119944063,,,,,unseen_seastate
damped_persistence,pitch_imu,100,10.0,542880,1.783100813130264,1.2379935732879652,2.1438086472570053,0.30820127161177513,1.7992105920358634,0.9910461960501407,480,0.2923139242071489,0.3252796430827931,0,True,6,0.1270482119944063,,,,,unseen_seastate
damped_persistence,pitch_imu,150,15.0,542880,1.8367989045712578,1.2791898951976126,2.626382563808782,0.5108892023946636,1.7996361310581732,1.0206501597026911,480,0.4992353746784086,0.52142605295117,0,True,6,0.1270482119944063,,,,,unseen_seastate
damped_persistence,heave_imu,10,1.0,542880,0.9474208823951139,0.7540641904576217,0.7122510070746891,-0.769374491435252,1.279956080242435,0.740197962273568,480,-0.7995825135471183,-0.739950542644766,0,True,6,0.1270482119944063,,,,,unseen_seastate
damped_persistence,heave_imu,20,2.0,542880,1.3118787203944373,1.0449196794303954,1.3591066047549403,0.0682909174319315,1.2799441991988507,1.024949932360782,480,0.05212765725175074,0.0841549002790773,0,True,6,0.1270482119944063,,,,,unseen_seastate
damped_persistence,heave_imu,30,3.0,542880,1.4161031334596121,1.12873773025399,1.8841952677681022,0.4351437348835313,1.279989361380127,1.1063397682717635,480,0.4255874830306607,0.44470296785543373,0,True,6,0.1270482119944063,,,,,unseen_seastate
damped_persistence,heave_imu,50,5.0,542880,1.3571592771604837,1.0825922075196799,2.429658364536398,0.6879880581076345,1.2800109763198806,1.0602715931877473,480,0.6839011570082826,0.6917013304952833,0,True,6,0.1270482119944063,,,,,unseen_seastate
damped_persistence,heave_imu,100,10.0,542880,1.2209079448326356,0.9721067958593899,1.4297166648914688,0.2707677264732202,1.2798538150331629,0.9539432789056461,480,0.23587352993400512,0.3039683140536435,0,True,6,0.1270482119944063,,,,,unseen_seastate
damped_persistence,heave_imu,150,15.0,542880,1.3424487318193117,1.0684306676405444,1.8279181666532411,0.4606360449642545,1.2796386511953028,1.049084232150489,480,0.44352865967661725,0.4769141144309992,0,True,6,0.1270482119944063,,,,,unseen_seastate
damped_persistence,roll_rate_imu,10,1.0,542880,2.3096972560180666,1.563887521696666,1.7509811536257809,-0.7399916873135743,3.2990815361648123,0.7001031137602902,480,-0.7472834709966141,-0.7323302332121346,0,True,6,0.1270482119944063,,,,,unseen_seastate
damped_persistence,roll_rate_imu,20,2.0,542880,3.3519636287204957,2.267885089782728,3.3690572610515965,0.010121685035784367,3.2992658691344117,1.0159725713768892,480,0.005559907225958674,0.014779913640922324,0,True,6,0.1270482119944063,,,,,unseen_seastate
damped_persistence,roll_rate_imu,30,3.0,542880,3.696200514308517,2.499197191695184,4.734894767018175,0.3906169309279487,3.2997090446012667,1.120159524475638,480,0.3876418463899352,0.3935739144287667,0,True,6,0.1270482119944063,,,,,unseen_seastate
damped_persistence,roll_rate_imu,50,5.0,542880,3.468151643603461,2.3445613763869857,6.356661484780421,0.702327997834481,3.300877364902179,1.050675702308692,480,0.700946767501072,0.7035896836545321,0,True,6,0.1270482119944063,,,,,unseen_seastate
damped_persistence,roll_rate_imu,100,10.0,542880,3.0809483275730365,2.0913419859696973,3.3400949657659016,0.1491535339283273,3.302366199124593,0.9329517508959936,480,0.13461944174237836,0.16495885174949254,0,True,6,0.1270482119944063,,,,,unseen_seastate
damped_persistence,roll_rate_imu,150,15.0,542880,3.6724272533184954,2.477980403657017,4.761111154164594,0.4050372692196663,3.3037484312244225,1.1115940967567663,480,0.3972941029817927,0.412954323599243,0,True,6,0.1270482119944063,,,,,unseen_seastate
damped_persistence,pitch_rate_imu,10,1.0,542880,1.068343238473441,0.7245592264536308,0.9755107876390742,-0.1993818118927071,1.2564114196718152,0.8503132188598707,480,-0.2231234045461514,-0.1773231882684049,0,True,6,0.1270482119944063,,,,,unseen_seastate
damped_persistence,pitch_rate_imu,20,2.0,542880,1.3356891533533153,0.9097399440607618,1.7519309940480654,0.4187314756653744,1.2565974628813164,1.0629411508524342,480,0.4081906792399585,0.42892418859362197,0,True,6,0.1270482119944063,,,,,unseen_seastate
damped_persistence,pitch_rate_imu,30,3.0,542880,1.3452377853064108,0.920087844990446,2.206228233831898,0.6282103988335059,1.2565940558968034,1.0705428527165397,480,0.6233033224393612,0.632983775123408,0,True,6,0.1270482119944063,,,,,unseen_seastate
damped_persistence,pitch_rate_imu,50,5.0,542880,1.2473638663951137,0.8545610295834863,2.1784000592413317,0.6721229354432932,1.2561754499514726,0.9929853878638535,480,0.6682609564906539,0.6758425350784348,0,True,6,0.1270482119944063,,,,,unseen_seastate
damped_persistence,pitch_rate_imu,100,10.0,542880,1.2643607807039619,0.8581000542009941,1.6287184748195807,0.39737105632084335,1.2560080347798337,1.0066502328749771,480,0.3901065604542437,0.4038498715511737,0,True,6,0.1270482119944063,,,,,unseen_seastate
damped_persistence,pitch_rate_imu,150,15.0,542880,1.269052176668485,0.8670378725483938,1.8236128207659046,0.5157231787827233,1.2566876299596323,1.0098389977064148,480,0.5099276277314849,0.5212162265410132,0,True,6,0.1270482119944063,,,,,unseen_seastate
damped_persistence,heave_rate_imu,10,1.0,542880,0.5603350427613519,0.44109697146963767,0.43734027211668636,-0.6415594879206448,0.7288754110229594,0.768766560494797,480,-0.672243884705888,-0.612468741951911,0,True,6,0.1270482119944063,,,,,unseen_seastate
damped_persistence,heave_rate_imu,20,2.0,542880,0.7556621755470078,0.5960919261887422,0.826897160374101,0.16487330256517851,0.7289261951277793,1.0366785836452779,480,0.14961944948364492,0.17955146231098476,0,True,6,0.1270482119944063,,,,,unseen_seastate
damped_persistence,heave_rate_imu,30,3.0,542880,0.8006714678716893,0.6330074371885012,1.1292563364397514,0.4972829291313253,0.7289327181740993,1.0984161472094272,480,0.4888834513512016,0.5052070842431318,0,True,6,0.1270482119944063,,,,,unseen_seastate
damped_persistence,heave_rate_imu,50,5.0,542880,0.755371623181683,0.5988670756491032,1.3901456242628623,0.7047426364065538,0.7287870343818834,1.0364778564184354,480,0.7021570882959137,0.7070919024507206,0,True,6,0.1270482119944063,,,,,unseen_seastate
damped_persistence,heave_rate_imu,100,10.0,542880,0.7084902234700833,0.5569309722822662,0.7601176275849791,0.13122740050983694,0.728624840171366,0.9723662774157587,480,0.1025042844233605,0.1607093763599165,0,True,6,0.1270482119944063,,,,,unseen_seastate
damped_persistence,heave_rate_imu,150,15.0,542880,0.7570990338352747,0.5979682863416813,1.100859437662995,0.5270212338903517,0.7286495273493387,1.0390441569205826,480,0.5155299083110805,0.5375929557771085,0,True,6,0.1270482119944063,,,,,unseen_seastate
ar20,roll_imu,10,1.0,542880,0.07301062160944333,0.057793826297676036,3.259549911224485,0.9994982853054806,6.257164377375671,0.011668324053213518,480,0.9994522856707397,0.9995429871364976,0,True,108900,0.05178383599559311,,,,,unseen_seastate
ar20,roll_imu,20,2.0,542880,0.31509527270976856,0.24862057490034567,6.285670955194254,0.9974870694280861,6.258313610238997,0.05034827148870468,480,0.9972551920046399,0.99770352698724,0,True,108900,0.05178383599559311,,,,,unseen_seastate
ar20,roll_imu,30,3.0,542880,0.7800767767988663,0.6133402218424455,8.864582569735198,0.9922561288406644,6.258983439968923,0.12463314279079472,480,0.991523771340069,0.9929486270500109,0,True,108900,0.05178383599559311,,,,,unseen_seastate
ar20,roll_imu,50,5.0,542880,1.6778426589979114,1.2990806893908897,12.02075263609667,0.9805177485825098,6.2597080930156785,0.26803848263627156,480,0.9783804849406998,0.9825112754412123,0,True,108900,0.05178383599559311,,,,,unseen_seastate
ar20,roll_imu,100,10.0,542880,2.6434829949164733,1.9980339445356194,6.564403239196959,0.837832978635101,6.26377007356357,0.4220274633121309,480,0.827051967124854,0.8476460390345995,0,True,108900,0.05178383599559311,,,,,unseen_seastate
ar20,roll_imu,150,15.0,542880,3.970784783683169,2.930198379645608,8.758582080093348,0.7944653303142014,6.267631515068575,0.6335383269001454,480,0.7803064393893009,0.8062688944504278,0,True,108900,0.05178383599559311,,,,,unseen_seastate
ar20,pitch_imu,10,1.0,542880,0.10884622662244771,0.0848205603787715,1.2231442694621246,0.9920809809817777,1.8002917622300492,0.06046032587941091,480,0.9911435957050307,0.9928550344606645,0,True,108900,0.05178383599559311,,,,,unseen_seastate
ar20,pitch_imu,20,2.0,542880,0.48880323954283994,0.3764231125660601,2.257572208809929,0.9531202970990563,1.8000082383159832,0.2715561124320992,480,0.9470987111007297,0.9580657004903861,0,True,108900,0.05178383599559311,,,,,unseen_seastate
ar20,pitch_imu,30,3.0,542880,0.9941993962832072,0.753891072572912,2.9691853078284582,0.8878827635613251,1.7998063081965383,0.5523924389838515,480,0.872207060082181,0.9005750687865215,0,True,108900,0.05178383599559311,,,,,unseen_seastate
ar20,pitch_imu,50,5.0,542880,1.2212312583794733,0.9345368339237038,3.3044457576050816,0.8634163957064056,1.7998293029175254,0.6785261560081592,480,0.8495267656494293,0.8756979242802948,0,True,108900,0.05178383599559311,,,,,unseen_seastate
ar20,pitch_imu,100,10.0,542880,1.9549427276138258,1.4264022688217062,2.1438086472570053,0.1684353085037531,1.7992105920358634,1.086555813014499,480,0.12893185900398646,0.20525117822421754,0,True,108900,0.05178383599559311,,,,,unseen_seastate
ar20,pitch_imu,150,15.0,542880,1.9778490861491285,1.4417666323566076,2.626382563808782,0.43288605175207484,1.7996361310581732,1.099027215566164,480,0.4093058181252411,0.4536941906965471,0,True,108900,0.05178383599559311,,,,,unseen_seastate
ar20,heave_imu,10,1.0,542880,0.0033592351227209913,0.0026274115025458557,0.7122510070746891,0.9999777559091099,1.279956080242435,0.002624492492027322,480,0.9999770224277641,0.999978483972539,0,True,108900,0.05178383599559311,,,,,unseen_seastate
ar20,heave_imu,20,2.0,542880,0.02785839624158332,0.021704363354750556,1.3591066047549403,0.9995798492177002,1.2799441991988507,0.021765320909318226,480,0.9995521404331454,0.9996025235518148,0,True,108900,0.05178383599559311,,,,,unseen_seastate
ar20,heave_imu,30,3.0,542880,0.1157117337887877,0.08934846118283274,1.8841952677681022,0.9962285966325237,1.279989361380127,0.09040054337953518,480,0.9959241089399827,0.9964876052097621,0,True,108900,0.05178383599559311,,,,,unseen_seastate
ar20,heave_imu,50,5.0,542880,0.4794543858431673,0.3678180543845673,2.429658364536398,0.9610592628582921,1.2800109763198806,0.37457052690409853,480,0.9577081535820833,0.9638744446765017,0,True,108900,0.05178383599559311,,,,,unseen_seastate
ar20,heave_imu,100,10.0,542880,1.1719166968509718,0.8957465589456626,1.4297166648914688,0.3281171974852938,1.2798538150331629,0.9156644947146606,480,0.3020842144632336,0.3522797766913717,0,True,108900,0.05178383599559311,,,,,unseen_seastate
ar20,heave_imu,150,15.0,542880,1.4132322614330766,1.1102908410290917,1.8279181666532411,0.40225825394446035,1.2796386511953028,1.1043994803634485,480,0.35615433624674764,0.4433991630613394,0,True,108900,0.05178383599559311,,,,,unseen_seastate
ar20,roll_rate_imu,10,1.0,542880,0.13704234097021908,0.10830548761007051,1.7509811536257809,0.9938744287741138,3.2990815361648123,0.041539543496560874,480,0.9933326279521346,0.9943707464723843,0,True,108900,0.05178383599559311,,,,,unseen_seastate
ar20,roll_rate_imu,20,2.0,542880,0.3681263464554236,0.2898880812615746,3.3690572610515965,0.9880607508162161,3.2992658691344117,0.11157826045465212,480,0.9869704870141379,0.9890586857016765,0,True,108900,0.05178383599559311,,,,,unseen_seastate
ar20,roll_rate_imu,30,3.0,542880,0.558977858435515,0.4374702025263463,4.734894767018175,0.9860630241200318,3.2997090446012667,0.16940216573036102,480,0.9846563765205655,0.9873565431226892,0,True,108900,0.05178383599559311,,,,,unseen_seastate
ar20,roll_rate_imu,50,5.0,542880,0.6143202860995476,0.47443654768911275,6.356661484780421,0.9906603297078826,3.300877364902179,0.1861081822158979,480,0.9897929792650293,0.9914165176416079,0,True,108900,0.05178383599559311,,,,,unseen_seastate
ar20,roll_rate_imu,100,10.0,542880,1.4429634852845348,1.0864892314807644,3.3400949657659016,0.8133650164669611,3.302366199124593,0.4369483571104387,480,0.8005466279875303,0.8251421325534986,0,True,108900,0.05178383599559311,,,,,unseen_seastate
ar20,roll_rate_imu,150,15.0,542880,2.003253768270223,1.488573339253224,4.761111154164594,0.8229665653634654,3.3037484312244225,0.6063578416979482,480,0.8092202585030447,0.8344569489139825,0,True,108900,0.05178383599559311,,,,,unseen_seastate
ar20,pitch_rate_imu,10,1.0,542880,0.2313348344152819,0.17883305585913026,0.9755107876390742,0.9437635477538272,1.2564114196718152,0.18412347324549821,480,0.9359003664964874,0.9500574741417911,0,True,108900,0.05178383599559311,,,,,unseen_seastate
ar20,pitch_rate_imu,20,2.0,542880,0.5227108171151433,0.39954843315027766,1.7519309940480654,0.9109797143999737,1.2565974628813164,0.4159731597074795,480,0.89759014449474,0.9218479829620375,0,True,108900,0.05178383599559311,,,,,unseen_seastate
ar20,pitch_rate_imu,30,3.0,542880,0.5346108028424041,0.4090048481126875,2.206228233831898,0.9412815498084521,1.2565940558968034,0.4254443193755713,480,0.9332831343309235,0.9478227046665353,0,True,108900,0.05178383599559311,,,,,unseen_seastate
ar20,pitch_rate_imu,50,5.0,542880,1.153137467873607,0.8955142004789203,2.1784000592413317,0.719787898795241,1.2561754499514726,0.9179748481138953,480,0.6906936024333978,0.7430763479904291,0,True,108900,0.05178383599559311,,,,,unseen_seastate
ar20,pitch_rate_imu,100,10.0,542880,1.3526948827269283,1.0441219379673496,1.6287184748195807,0.31022468403210823,1.2560080347798337,1.0769794820333636,480,0.26595828370156743,0.3477167581358732,0,True,108900,0.05178383599559311,,,,,unseen_seastate
ar20,pitch_rate_imu,150,15.0,542880,1.2769768228182692,0.9075051174699327,1.8236128207659046,0.5096561235083632,1.2566876299596323,1.0161449769815023,480,0.5008365385864905,0.5178504776272084,0,True,108900,0.05178383599559311,,,,,unseen_seastate
ar20,heave_rate_imu,10,1.0,542880,0.009509705523433295,0.007351194192793417,0.43734027211668636,0.9995271806996785,0.7288754110229594,0.013047093343547766,480,0.9994887991854592,0.9995606342439685,0,True,108900,0.05178383599559311,,,,,unseen_seastate
ar20,heave_rate_imu,20,2.0,542880,0.05809358711195348,0.04459321923377893,0.826897160374101,0.9950642473608033,0.7289261951277793,0.07969748858012955,480,0.9945605926504967,0.9954735394990165,0,True,108900,0.05178383599559311,,,,,unseen_seastate
ar20,heave_rate_imu,30,3.0,542880,0.16760189497261496,0.12865096080056151,1.1292563364397514,0.9779721161937731,0.7289327181740993,0.229927798264345,480,0.975728855900941,0.9799235841466779,0,True,108900,0.05178383599559311,,,,,unseen_seastate
ar20,heave_rate_imu,50,5.0,542880,0.33187097693621354,0.25312914735101943,1.3901456242628623,0.9430074677674485,0.7287870343818834,0.455374425284182,480,0.9372018965004578,0.9480931054128537,0,True,108900,0.05178383599559311,,,,,unseen_seastate
ar20,heave_rate_imu,100,10.0,542880,0.6282901425795814,0.48757696874751416,0.7601176275849791,0.3167826546124518,0.728624840171366,0.8622958042877227,480,0.28344394317011495,0.34932173560182866,0,True,108900,0.05178383599559311,,,,,unseen_seastate
ar20,heave_rate_imu,150,15.0,542880,0.7779255441778651,0.6167995486571196,1.100859437662995,0.5006416403287408,0.7286495273493387,1.0676264994060742,480,0.4670868196689927,0.5299177123570147,0,True,108900,0.05178383599559311,,,,,unseen_seastate
dlinear_ols,roll_imu,10,1.0,542880,0.3688696847234271,0.2459204015942311,3.259549911224485,0.9871934939765414,6.257164377375671,0.05895157334481525,480,0.9855413393660146,0.9885810841163998,0,True,60300,0.13182253899867646,,,,,unseen_seastate
dlinear_ols,roll_imu,20,2.0,542880,1.2884020844186514,0.8271179071696118,6.285670955194254,0.957985465879716,6.258313610238997,0.2058704891858957,480,0.9523065185453296,0.9627250918945877,0,True,60300,0.13182253899867646,,,,,unseen_seastate
dlinear_ols,roll_imu,30,3.0,542880,2.197659478550875,1.3772234671701054,8.864582569735198,0.9385383490592177,6.258983439968923,0.35112083290026835,480,0.9300352945629649,0.9457209499212309,0,True,60300,0.13182253899867646,,,,,unseen_seastate
dlinear_ols,roll_imu,50,5.0,542880,1.5731568405142105,1.0494752125406075,12.02075263609667,0.9828730225664866,6.2597080930156785,0.2513147286004396,480,0.981181249199156,0.9843410347028242,0,True,60300,0.13182253899867646,,,,,unseen_seastate
dlinear_ols,roll_imu,100,10.0,542880,3.217287301747407,2.178744227756421,6.564403239196959,0.759791048532394,6.26377007356357,0.5136343230933819,480,0.7512053743050118,0.7682563398523267,0,True,60300,0.13182253899867646,,,,,unseen_seastate
dlinear_ols,roll_imu,150,15.0,542880,4.308847584582886,2.9052759389779137,8.758582080093348,0.757978105674188,6.267631515068575,0.6874762139770979,480,0.7438085917478723,0.769382751221807,0,True,60300,0.13182253899867646,,,,,unseen_seastate
dlinear_ols,pitch_imu,10,1.0,542880,0.1847745145030193,0.13050087965843943,1.2231442694621246,0.977179310089632,1.8002917622300492,0.1026358717956562,480,0.9739026427989635,0.9799577580868108,0,True,60300,0.13182253899867646,,,,,unseen_seastate
dlinear_ols,pitch_imu,20,2.0,542880,0.5916501915603657,0.3881386679406823,2.257572208809929,0.9313174013583329,1.8000082383159832,0.32869304649065956,480,0.9189317043106456,0.9416481250941885,0,True,60300,0.13182253899867646,,,,,unseen_seastate
dlinear_ols,pitch_imu,30,3.0,542880,0.9653445770040453,0.591340771052782,2.9691853078284582,0.894296317721536,1.7998063081965383,0.5363602586610281,480,0.872496056243961,0.9122341353355763,0,True,60300,0.13182253899867646,,,,,unseen_seastate
dlinear_ols,pitch_imu,50,5.0,542880,0.870131566881778,0.6060056089654765,3.3044457576050816,0.9306617950772408,1.7998293029175254,0.483452272652353,480,0.9241978107756789,0.936116242816121,0,True,60300,0.13182253899867646,,,,,unseen_seastate
dlinear_ols,pitch_imu,100,10.0,542880,1.5830951112318037,1.1093016894332988,2.1438086472570053,0.4546918622738585,1.7992105920358634,0.8798831655612264,480,0.4415243619104466,0.4682120965706415,0,True,60300,0.13182253899867646,,,,,unseen_seastate
dlinear_ols,pitch_imu,150,15.0,542880,1.8657300770750969,1.2930366892424219,2.626382563808782,0.49536002223296005,1.7996361310581732,1.036726283094828,480,0.4584142214252481,0.5246656375376123,0,True,60300,0.13182253899867646,,,,,unseen_seastate
dlinear_ols,heave_imu,10,1.0,542880,0.15747360419790948,0.10722108864730366,0.7122510070746891,0.9511179522199938,1.279956080242435,0.12303047473947902,480,0.9426199241482791,0.9584233885237552,0,True,60300,0.13182253899867646,,,,,unseen_seastate
dlinear_ols,heave_imu,20,2.0,542880,0.5667506498163365,0.3834915011966572,1.3591066047549403,0.8261090390310329,1.2799441991988507,0.4427932484643315,480,0.7955823018742955,0.8522535549516882,0,True,60300,0.13182253899867646,,,,,unseen_seastate
dlinear_ols,heave_imu,30,3.0,542880,0.9899976174784756,0.6638117617931214,1.8841952677681022,0.7239317378124261,1.279989361380127,0.7734420670582975,480,0.675359592446208,0.7656590342171108,0,True,60300,0.13182253899867646,,,,,unseen_seastate
dlinear_ols,heave_imu,50,5.0,542880,0.6545433546231347,0.4572132264790456,2.429658364536398,0.927425105553487,1.2800109763198806,0.5113576107800198,480,0.9158762910712543,0.937035115631953,0,True,60300,0.13182253899867646,,,,,unseen_seastate
dlinear_ols,heave_imu,100,10.0,542880,1.0859069631841698,0.8213809412310595,1.4297166648914688,0.42312027278507225,1.2798538150331629,0.8484617152592794,480,0.39125282387937166,0.4533348841832027,0,True,60300,0.13182253899867646,,,,,unseen_seastate
dlinear_ols,heave_imu,150,15.0,542880,1.4056731389317738,1.0703562484047542,1.8279181666532411,0.4086355765504255,1.2796386511953028,1.0984922482755135,480,0.338984303171396,0.4674175871827585,0,True,60300,0.13182253899867646,,,,,unseen_seastate
dlinear_ols,roll_rate_imu,10,1.0,542880,0.18195401346713516,0.13296702188852252,1.7509811536257809,0.9892015770024511,3.2990815361648123,0.05515293013298998,480,0.9882201707326754,0.990014839379258,0,True,60300,0.13182253899867646,,,,,unseen_seastate
dlinear_ols,roll_rate_imu,20,2.0,542880,0.5961866943861551,0.41186035602501264,3.3690572610515965,0.9686853347295459,3.2992658691344117,0.18070283451953795,480,0.9654313955869727,0.9713735131624194,0,True,60300,0.13182253899867646,,,,,unseen_seastate
dlinear_ols,roll_rate_imu,30,3.0,542880,0.9913436269387381,0.6556310799986591,4.734894767018175,0.9561643172218782,3.2997090446012667,0.3004336484032431,480,0.9513038536445803,0.9601691052187556,0,True,60300,0.13182253899867646,,,,,unseen_seastate
dlinear_ols,roll_rate_imu,50,5.0,542880,0.7758590141313231,0.5538325263210565,6.356661484780421,0.9851027038324212,3.300877364902179,0.23504630083532824,480,0.9841306443764773,0.9859658143297756,0,True,60300,0.13182253899867646,,,,,unseen_seastate
dlinear_ols,roll_rate_imu,100,10.0,542880,1.6547965168553742,1.1527001708464297,3.3400949657659016,0.7545451790593771,3.302366199124593,0.501094190369934,480,0.7487333215278764,0.7602569828033996,0,True,60300,0.13182253899867646,,,,,unseen_seastate
dlinear_ols,roll_rate_imu,150,15.0,542880,2.214498818733928,1.5187235273277475,4.761111154164594,0.7836612757111259,3.3037484312244225,0.6702988634982716,480,0.7760126812762832,0.7899439183912639,0,True,60300,0.13182253899867646,,,,,unseen_seastate
dlinear_ols,pitch_rate_imu,10,1.0,542880,0.1577153686756048,0.11091371283318896,0.9755107876390742,0.9738613063829904,1.2564114196718152,0.12552844251988834,480,0.9718078509443201,0.9759301587908745,0,True,60300,0.13182253899867646,,,,,unseen_seastate
dlinear_ols,pitch_rate_imu,20,2.0,542880,0.42799136126029,0.2923123770116409,1.7519309940480654,0.9403190105942778,1.2565974628813164,0.3405954364088296,480,0.9353274685299132,0.9452757179874861,0,True,60300,0.13182253899867646,,,,,unseen_seastate
dlinear_ols,pitch_rate_imu,30,3.0,542880,0.5758544906088864,0.3884086913088853,2.206228233831898,0.9318721568987214,1.2565940558968034,0.4582661265239805,480,0.9253714504993947,0.9374684605964817,0,True,60300,0.13182253899867646,,,,,unseen_seastate
dlinear_ols,pitch_rate_imu,50,5.0,542880,0.804105538919883,0.5263209121120752,2.1784000592413317,0.8637455085694147,1.2561754499514726,0.6401219980464883,480,0.850700301773034,0.8770598269879842,0,True,60300,0.13182253899867646,,,,,unseen_seastate
dlinear_ols,pitch_rate_imu,100,10.0,542880,1.2548918456269187,0.8569124789717362,1.6287184748195807,0.40636356391999706,1.2560080347798337,0.9991113200536884,480,0.3911900633052547,0.42095323931256584,0,True,60300,0.13182253899867646,,,,,unseen_seastate
dlinear_ols,pitch_rate_imu,150,15.0,542880,1.2949474992366674,0.8949280105804067,1.8236128207659046,0.4957579625784023,1.2566876299596323,1.0304450114450987,480,0.4831895025868585,0.5064961079393019,0,True,60300,0.13182253899867646,,,,,unseen_seastate
dlinear_ols,heave_rate_imu,10,1.0,542880,0.06574208940640873,0.04748101134366948,0.43734027211668636,0.9774031416277194,0.7288754110229594,0.09019660755758142,480,0.9737991996772594,0.9805168319106465,0,True,60300,0.13182253899867646,,,,,unseen_seastate
dlinear_ols,heave_rate_imu,20,2.0,542880,0.23454819633339843,0.16798114754783847,0.826897160374101,0.9195434892472265,0.7289261951277793,0.32177221493910313,480,0.9063866309077714,0.9308586378841092,0,True,60300,0.13182253899867646,,,,,unseen_seastate
dlinear_ols,heave_rate_imu,30,3.0,542880,0.40511525328905934,0.2866329571630136,1.1292563364397514,0.8713019049716826,0.7289327181740993,0.5557649467344955,480,0.8496019553163148,0.8897200947559124,0,True,60300,0.13182253899867646,,,,,unseen_seastate
dlinear_ols,heave_rate_imu,50,5.0,542880,0.29058369942875056,0.21778551364851473,1.3901456242628623,0.9563059900818259,0.7287870343818834,0.3987223780335328,480,0.9509995402484492,0.9607162744367559,0,True,60300,0.13182253899867646,,,,,unseen_seastate
dlinear_ols,heave_rate_imu,100,10.0,542880,0.5520034423817998,0.43196012185844546,0.7601176275849791,0.4726220548312827,0.728624840171366,0.7575962442509832,480,0.453752616457635,0.49017529324714487,0,True,60300,0.13182253899867646,,,,,unseen_seastate
dlinear_ols,heave_rate_imu,150,15.0,542880,0.7141201229368404,0.5606979308700037,1.100859437662995,0.5791970243576902,0.7286495273493387,0.9800598176940386,480,0.5488055691498225,0.6045593912435714,0,True,60300,0.13182253899867646,,,,,unseen_seastate
tcn,roll_imu,10,1.0,542880,0.2483289842820913,0.18650290299020497,3.259549911224485,0.994195837627431,6.257164377375671,0.039687144096771106,480,0.9936536329638479,0.9946842147925902,0,False,196804,4048.604732576998,58.0,60.0,0.12636741398876908,mse,unseen_seastate
tcn,roll_imu,20,2.0,542880,0.37985226358791707,0.28185259968333026,6.285670955194254,0.9963480388213622,6.258313610238997,0.060695626209344114,480,0.9961430976665612,0.9965445721663538,0,False,196804,4048.604732576998,58.0,60.0,0.12636741398876908,mse,unseen_seastate
tcn,roll_imu,30,3.0,542880,0.6626305645569704,0.48798777245863295,8.864582569735198,0.9944123866106683,6.258983439968923,0.10586871988277069,480,0.9941156008163224,0.9946884961752065,0,False,196804,4048.604732576998,58.0,60.0,0.12636741398876908,mse,unseen_seastate
tcn,roll_imu,50,5.0,542880,0.9016408897089457,0.6734455373815099,12.02075263609667,0.9943739462478918,6.2597080930156785,0.144038807610687,480,0.994121329264095,0.99463196212567,0,False,196804,4048.604732576998,58.0,60.0,0.12636741398876908,mse,unseen_seastate
tcn,roll_imu,100,10.0,542880,2.0937399769547227,1.536822237662471,6.564403239196959,0.8982686076588283,6.26377007356357,0.334261946457999,480,0.8929763480241498,0.9033843488836274,0,False,196804,4048.604732576998,58.0,60.0,0.12636741398876908,mse,unseen_seastate
tcn,roll_imu,150,15.0,542880,3.458806332653921,2.482670102916936,8.758582080093348,0.8440501783741411,6.267631515068575,0.5518522147223068,480,0.8379550275495672,0.8497456726627908,0,False,196804,4048.604732576998,58.0,60.0,0.12636741398876908,mse,unseen_seastate
tcn,pitch_imu,10,1.0,542880,0.17155886785428542,0.12576574228809909,1.2231442694621246,0.9803269827257688,1.8002917622300492,0.09529503575674468,480,0.9787606302248196,0.9817107564085916,0,False,196804,4048.604732576998,58.0,60.0,0.12636741398876908,mse,unseen_seastate
tcn,pitch_imu,20,2.0,542880,0.4159506341583484,0.2998302086270888,2.257572208809929,0.96605308748605,1.8000082383159832,0.2310826280148003,480,0.9642503994268438,0.9677239001623784,0,False,196804,4048.604732576998,58.0,60.0,0.12636741398876908,mse,unseen_seastate
tcn,pitch_imu,30,3.0,542880,0.6543389224923268,0.4775948224564656,2.9691853078284582,0.9514341601720187,1.7998063081965383,0.36356074512706577,480,0.9487547354051532,0.953792450452779,0,False,196804,4048.604732576998,58.0,60.0,0.12636741398876908,mse,unseen_seastate
tcn,pitch_imu,50,5.0,542880,1.077361468782682,0.7178217291488082,3.3044457576050816,0.893701870182296,1.7998293029175254,0.5985909147252341,480,0.8827767392787935,0.9038844056637577,0,False,196804,4048.604732576998,58.0,60.0,0.12636741398876908,mse,unseen_seastate
tcn,pitch_imu,100,10.0,542880,2.1457499210172064,1.4443691547682802,2.1438086472570053,-0.0018118713153774113,1.7992105920358634,1.19260631885744,480,-0.08462119808689388,0.07938920630304552,0,False,196804,4048.604732576998,58.0,60.0,0.12636741398876908,mse,unseen_seastate
tcn,pitch_imu,150,15.0,542880,2.365626993088222,1.677980843981104,2.626382563808782,0.18870918128523584,1.7996361310581732,1.31450294437979,480,0.1700917158306586,0.20576220817010335,0,False,196804,4048.604732576998,58.0,60.0,0.12636741398876908,mse,unseen_seastate
tcn,heave_imu,10,1.0,542880,0.0605996289277329,0.04517095916987131,0.7122510070746891,0.9927610798562109,1.279956080242435,0.04734508461904005,480,0.992509758159137,0.9929884277472895,0,False,196804,4048.604732576998,58.0,60.0,0.12636741398876908,mse,unseen_seastate
tcn,heave_imu,20,2.0,542880,0.0883950979918753,0.06652359959883525,1.3591066047549403,0.9957699128282387,1.2799441991988507,0.06906168100703454,480,0.9955858472497106,0.9959382861247513,0,False,196804,4048.604732576998,58.0,60.0,0.12636741398876908,mse,unseen_seastate
tcn,heave_imu,30,3.0,542880,0.14950893094545334,0.11481594742181868,1.8841952677681022,0.9937037428828841,1.279989361380127,0.11680482311528578,480,0.9935271704005382,0.9938821576590725,0,False,196804,4048.604732576998,58.0,60.0,0.12636741398876908,mse,unseen_seastate
tcn,heave_imu,50,5.0,542880,0.358566069085733,0.2791668175124769,2.429658364536398,0.9782204973972662,1.2800109763198806,0.28012733931128864,480,0.9776067994240148,0.9788152410232869,0,False,196804,4048.604732576998,58.0,60.0,0.12636741398876908,mse,unseen_seastate
tcn,heave_imu,100,10.0,542880,0.9781139749833017,0.7394027529051227,1.4297166648914688,0.5319643122991438,1.2798538150331629,0.7642388243832029,480,0.5014542236255776,0.5664609535056918,0,False,196804,4048.604732576998,58.0,60.0,0.12636741398876908,mse,unseen_seastate
tcn,heave_imu,150,15.0,542880,1.4938289151348465,1.1485626803757216,1.8279181666532411,0.33213570669673687,1.2796386511953028,1.1673833966639486,480,0.29974392300794256,0.3618136648857341,0,False,196804,4048.604732576998,58.0,60.0,0.12636741398876908,mse,unseen_seastate
tcn,roll_rate_imu,10,1.0,542880,0.18637049015901025,0.13953854076898137,1.7509811536257809,0.9886710058764735,3.2990815361648123,0.05649162899310038,480,0.9877435336218179,0.9894937562795401,0,False,196804,4048.604732576998,58.0,60.0,0.12636741398876908,mse,unseen_seastate
tcn,roll_rate_imu,20,2.0,542880,0.29957703422959553,0.22295740471095643,3.3690572610515965,0.9920932091822681,3.2992658691344117,0.09080111943454618,480,0.9916854323737142,0.9925095379531155,0,False,196804,4048.604732576998,58.0,60.0,0.12636741398876908,mse,unseen_seastate
tcn,roll_rate_imu,30,3.0,542880,0.36000477564891314,0.2673937964108508,4.734894767018175,0.9942190946155132,3.2997090446012667,0.10910197559324984,480,0.9939967631843992,0.9944567847291028,0,False,196804,4048.604732576998,58.0,60.0,0.12636741398876908,mse,unseen_seastate
tcn,roll_rate_imu,50,5.0,542880,0.5752226187842155,0.41816483983392194,6.356661484780421,0.9918113229910093,3.300877364902179,0.17426355335114432,480,0.9912843210063934,0.9923016662195142,0,False,196804,4048.604732576998,58.0,60.0,0.12636741398876908,mse,unseen_seastate
tcn,roll_rate_imu,100,10.0,542880,1.4531394267066504,1.0239057408848093,3.3400949657659016,0.8107233927272529,3.302366199124593,0.44002976626028195,480,0.7997402373847294,0.8211648706239019,0,False,196804,4048.604732576998,58.0,60.0,0.12636741398876908,mse,unseen_seastate
tcn,roll_rate_imu,150,15.0,542880,2.164110273062514,1.5211521213570351,4.761111154164594,0.7933943795519268,3.3037484312244225,0.6550469317242958,480,0.7869545644112321,0.799577593959551,0,False,196804,4048.604732576998,58.0,60.0,0.12636741398876908,mse,unseen_seastate
tcn,pitch_rate_imu,10,1.0,542880,0.23326340607616822,0.17095732071961994,0.9755107876390742,0.9428219851770729,1.2564114196718152,0.18565845743196005,480,0.9402032516400675,0.944825648915561,0,False,196804,4048.604732576998,58.0,60.0,0.12636741398876908,mse,unseen_seastate
tcn,pitch_rate_imu,20,2.0,542880,0.37281564593564925,0.2679455448816699,1.7519309940480654,0.9547150108269078,1.2565974628813164,0.2966866136119687,480,0.9526007817899202,0.9566876575320719,0,False,196804,4048.604732576998,58.0,60.0,0.12636741398876908,mse,unseen_seastate
tcn,pitch_rate_imu,30,3.0,542880,0.4026279806414918,0.2857912855099372,2.206228233831898,0.9666951846919539,1.2565940558968034,0.32041213210589725,480,0.9647891522228998,0.9685982600862422,0,False,196804,4048.604732576998,58.0,60.0,0.12636741398876908,mse,unseen_seastate
tcn,pitch_rate_imu,50,5.0,542880,1.016898311491787,0.6699315397936891,2.1784000592413317,0.7820886896896022,1.2561754499514726,0.8095193322963532,480,0.7672721642034883,0.7980618674516449,0,False,196804,4048.604732576998,58.0,60.0,0.12636741398876908,mse,unseen_seastate
tcn,pitch_rate_imu,100,10.0,542880,1.7435815911239627,1.1797049891472122,1.6287184748195807,-0.14602081243225107,1.2560080347798337,1.3881930233269535,480,-0.19994471788429258,-0.09740493032681824,0,False,196804,4048.604732576998,58.0,60.0,0.12636741398876908,mse,unseen_seastate
tcn,pitch_rate_imu,150,15.0,542880,1.8363917360604793,1.2776876959710703,1.8236128207659046,-0.014064048127327089,1.2566876299596323,1.4612953070282615,480,-0.0383591787789492,0.007134774506307759,0,False,196804,4048.604732576998,58.0,60.0,0.12636741398876908,mse,unseen_seastate
tcn,heave_rate_imu,10,1.0,542880,0.04640517286567493,0.034604764636816866,0.43734027211668636,0.9887411548002243,0.7288754110229594,0.06366681076611758,480,0.9881660495222105,0.9892717635213866,0,False,196804,4048.604732576998,58.0,60.0,0.12636741398876908,mse,unseen_seastate
tcn,heave_rate_imu,20,2.0,542880,0.08529197919811941,0.0648030411266245,0.826897160374101,0.9893606919510075,0.7289261951277793,0.11701044600704451,480,0.9889127307445038,0.98977229441026,0,False,196804,4048.604732576998,58.0,60.0,0.12636741398876908,mse,unseen_seastate
tcn,heave_rate_imu,30,3.0,542880,0.15505496995100582,0.11880056936890125,1.1292563364397514,0.9811467463704063,0.7289327181740993,0.21271506420977013,480,0.9805681257088162,0.9816559612899879,0,False,196804,4048.604732576998,58.0,60.0,0.12636741398876908,mse,unseen_seastate
tcn,heave_rate_imu,50,5.0,542880,0.2279996788148099,0.17843249900174327,1.3901456242628623,0.9731002727571006,0.7287870343818834,0.31284815461650817,480,0.972403584019963,0.9737778453900127,0,False,196804,4048.604732576998,58.0,60.0,0.12636741398876908,mse,unseen_seastate
tcn,heave_rate_imu,100,10.0,542880,0.6131274612986225,0.46612441729694226,0.7601176275849791,0.3493612456081592,0.728624840171366,0.8414858065426654,480,0.3196207039114966,0.38165947525145366,0,False,196804,4048.604732576998,58.0,60.0,0.12636741398876908,mse,unseen_seastate
tcn,heave_rate_imu,150,15.0,542880,0.882826851626205,0.6824603166458088,1.100859437662995,0.35688694161736834,0.7286495273493387,1.2115932536698792,480,0.33775656937204995,0.37459662418236744,0,False,196804,4048.604732576998,58.0,60.0,0.12636741398876908,mse,unseen_seastate
tcn,roll_imu,10,1.0,542880,0.24916250295308592,0.18494500908641615,3.259549911224485,0.9941568087809755,6.257164377375671,0.03982035438512607,480,0.9935887950260818,0.9946647104827117,1,False,196804,4038.1617720970025,58.0,60.0,0.12629623406078677,mse,unseen_seastate
tcn,roll_imu,20,2.0,542880,0.3901193597933633,0.2902655617759828,6.285670955194254,0.9961479517322458,6.258313610238997,0.06233617937508011,480,0.9958042900974365,0.996472849693901,1,False,196804,4038.1617720970025,58.0,60.0,0.12629623406078677,mse,unseen_seastate
tcn,roll_imu,30,3.0,542880,0.6743903238548599,0.5077118472983322,8.864582569735198,0.9942122990702675,6.258983439968923,0.10774758078896728,480,0.9937989603573445,0.9946224358343698,1,False,196804,4038.1617720970025,58.0,60.0,0.12629623406078677,mse,unseen_seastate
tcn,roll_imu,50,5.0,542880,0.9396426723062684,0.7124130248550793,12.02075263609667,0.9938897055079596,6.2597080930156785,0.1501096629976536,480,0.9935810184079836,0.9942033615118799,1,False,196804,4038.1617720970025,58.0,60.0,0.12629623406078677,mse,unseen_seastate
tcn,roll_imu,100,10.0,542880,2.0387914360039474,1.4816189308629197,6.564403239196959,0.903538258328532,6.26377007356357,0.32548950744675764,480,0.8985812075162831,0.9083315114191944,1,False,196804,4038.1617720970025,58.0,60.0,0.12629623406078677,mse,unseen_seastate
tcn,roll_imu,150,15.0,542880,3.3639389676650344,2.39297364256923,8.758582080093348,0.85248757351125,6.267631515068575,0.536716135844535,480,0.8473977259014976,0.857360677114883,1,False,196804,4038.1617720970025,58.0,60.0,0.12629623406078677,mse,unseen_seastate
tcn,pitch_imu,10,1.0,542880,0.1929732499345652,0.1426871529169613,1.2231442694621246,0.9751092001762837,1.8002917622300492,0.10718998663612517,480,0.9736188155751504,0.9762524573314648,1,False,196804,4038.1617720970025,58.0,60.0,0.12629623406078677,mse,unseen_seastate
tcn,pitch_imu,20,2.0,542880,0.4951704297003404,0.35432484392070535,2.257572208809929,0.9518910250777846,1.8000082383159832,0.27509342410765986,480,0.9497305757457322,0.953776787025047,1,False,196804,4038.1617720970025,58.0,60.0,0.12629623406078677,mse,unseen_seastate
tcn,pitch_imu,30,3.0,542880,0.7207811530522655,0.5226867398337893,2.9691853078284582,0.941070570237457,1.7998063081965383,0.4004770678765487,480,0.9381493011980905,0.9437099986011671,1,False,196804,4038.1617720970025,58.0,60.0,0.12629623406078677,mse,unseen_seastate
tcn,pitch_imu,50,5.0,542880,1.0913355735027492,0.7322252371445983,3.3044457576050816,0.8909264699137324,1.7998293029175254,0.6063550425219175,480,0.8799594444076324,0.9013077716636775,1,False,196804,4038.1617720970025,58.0,60.0,0.12629623406078677,mse,unseen_seastate
tcn,pitch_imu,100,10.0,542880,2.0971383811696036,1.4363874410010185,2.1438086472570053,0.043065658101823945,1.7992105920358634,1.1655880587033591,480,-0.028148372626375484,0.11117227366625888,1,False,196804,4038.1617720970025,58.0,60.0,0.12629623406078677,mse,unseen_seastate
tcn,pitch_imu,150,15.0,542880,2.362640776912609,1.6764103350602078,2.626382563808782,0.1907561317544023,1.7996361310581732,1.312843599957839,480,0.1681061893632355,0.20957855409532014,1,False,196804,4038.1617720970025,58.0,60.0,0.12629623406078677,mse,unseen_seastate
tcn,heave_imu,10,1.0,542880,0.05367747266352213,0.04028145999668201,0.7122510070746891,0.9943203970653866,1.279956080242435,0.04193696447252717,480,0.994061979435248,0.9945753509700275,1,False,196804,4038.1617720970025,58.0,60.0,0.12629623406078677,mse,unseen_seastate
tcn,heave_imu,20,2.0,542880,0.10008856137178951,0.07514371647325414,1.3591066047549403,0.9945767222404903,1.2799441991988507,0.07819759754717233,480,0.994383616834287,0.994770674084705,1,False,196804,4038.1617720970025,58.0,60.0,0.12629623406078677,mse,unseen_seastate
tcn,heave_imu,30,3.0,542880,0.15960085149471123,0.12268785233907707,1.8841952677681022,0.9928250547626637,1.279989361380127,0.12468920157478833,480,0.9926507935437531,0.9929806683533037,1,False,196804,4038.1617720970025,58.0,60.0,0.12629623406078677,mse,unseen_seastate
tcn,heave_imu,50,5.0,542880,0.34806783627572063,0.2710902408836277,2.429658364536398,0.979477164505672,1.2800109763198806,0.2719256652598711,480,0.9789169207135654,0.9800053069855379,1,False,196804,4038.1617720970025,58.0,60.0,0.12629623406078677,mse,unseen_seastate
tcn,heave_imu,100,10.0,542880,0.9526259804286513,0.7211083541882183,1.4297166648914688,0.5560389350820971,1.2798538150331629,0.7443240542311212,480,0.5264375934689418,0.5894582274291278,1,False,196804,4038.1617720970025,58.0,60.0,0.12629623406078677,mse,unseen_seastate
tcn,heave_imu,150,15.0,542880,1.4472805546136853,1.1153040046182732,1.8279181666532411,0.3731091139763184,1.2796386511953028,1.1310072208758224,480,0.3446170365742695,0.39926230265568163,1,False,196804,4038.1617720970025,58.0,60.0,0.12629623406078677,mse,unseen_seastate
tcn,roll_rate_imu,10,1.0,542880,0.20914477652775618,0.15778216813014206,1.7509811536257809,0.9857330512408732,3.2990815361648123,0.06339484921336237,480,0.9845325427292256,0.9869037496696446,1,False,196804,4038.1617720970025,58.0,60.0,0.12629623406078677,mse,unseen_seastate
tcn,roll_rate_imu,20,2.0,542880,0.3250964214908827,0.24529576586078272,3.3690572610515965,0.9906887584479026,3.2992658691344117,0.09853598781845802,480,0.9901732633347129,0.991190630978509,1,False,196804,4038.1617720970025,58.0,60.0,0.12629623406078677,mse,unseen_seastate
tcn,roll_rate_imu,30,3.0,542880,0.3943306219996291,0.29347423433266917,4.734894767018175,0.9930641395728422,3.2997090446012667,0.11950466440209415,480,0.9927864580363396,0.9933609311895507,1,False,196804,4038.1617720970025,58.0,60.0,0.12629623406078677,mse,unseen_seastate
tcn,roll_rate_imu,50,5.0,542880,0.5359378262033759,0.3908182238086073,6.356661484780421,0.992891619739385,3.300877364902179,0.16236223493242632,480,0.9923386860185328,0.9934082740183817,1,False,196804,4038.1617720970025,58.0,60.0,0.12629623406078677,mse,unseen_seastate
tcn,roll_rate_imu,100,10.0,542880,1.4387282475771457,1.0200380654726466,3.3400949657659016,0.814458992182423,3.302366199124593,0.4356658713253941,480,0.8040667479784355,0.8246909046568751,1,False,196804,4038.1617720970025,58.0,60.0,0.12629623406078677,mse,unseen_seastate
tcn,roll_rate_imu,150,15.0,542880,2.1046415340094935,1.490783269367937,4.761111154164594,0.8045932183544388,3.3037484312244225,0.6370465481324434,480,0.7986766142926041,0.8101360310892631,1,False,196804,4038.1617720970025,58.0,60.0,0.12629623406078677,mse,unseen_seastate
tcn,pitch_rate_imu,10,1.0,542880,0.27922483925197084,0.2011933080914986,0.9755107876390742,0.9180698129419249,1.2564114196718152,0.22223997241676346,480,0.9138312836789854,0.9212202938741393,1,False,196804,4038.1617720970025,58.0,60.0,0.12629623406078677,mse,unseen_seastate
tcn,pitch_rate_imu,20,2.0,542880,0.37983824224120577,0.27399437501643376,1.7519309940480654,0.9529929082314181,1.2565974628813164,0.3022751942935292,480,0.9507621647138136,0.9549507905898442,1,False,196804,4038.1617720970025,58.0,60.0,0.12629623406078677,mse,unseen_seastate
tcn,pitch_rate_imu,30,3.0,542880,0.42398769587537116,0.29707456857718095,2.206228233831898,0.9630677615487155,1.2565940558968034,0.33741023513976476,480,0.9608355656532678,0.9652625377626863,1,False,196804,4038.1617720970025,58.0,60.0,0.12629623406078677,mse,unseen_seastate
tcn,pitch_rate_imu,50,5.0,542880,1.0005978156908946,0.6735265978591348,2.1784000592413317,0.7890187696191894,1.2561754499514726,0.7965430431947613,480,0.7765551968793142,0.8019024549577917,1,False,196804,4038.1617720970025,58.0,60.0,0.12629623406078677,mse,unseen_seastate
tcn,pitch_rate_imu,100,10.0,542880,1.7469158241214375,1.1876926376546215,1.6287184748195807,-0.1504080506933343,1.2560080347798337,1.390847650451261,480,-0.19707382862177325,-0.10665016103251271,1,False,196804,4038.1617720970025,58.0,60.0,0.12629623406078677,mse,unseen_seastate
tcn,pitch_rate_imu,150,15.0,542880,1.8282577653703929,1.2897105799318966,1.8236128207659046,-0.005100710136159536,1.2566876299596323,1.4548227592795837,480,-0.031681913753057164,0.01733206015719167,1,False,196804,4038.1617720970025,58.0,60.0,0.12629623406078677,mse,unseen_seastate
tcn,heave_rate_imu,10,1.0,542880,0.0602396919244156,0.045316591447926415,0.43734027211668636,0.9810274134527746,0.7288754110229594,0.08264744703058458,480,0.9799913745976808,0.9819289914812286,1,False,196804,4038.1617720970025,58.0,60.0,0.12629623406078677,mse,unseen_seastate
tcn,heave_rate_imu,20,2.0,542880,0.09045436523336411,0.06904873978569988,0.826897160374101,0.988033805447766,0.7289261951277793,0.124092625341181,480,0.9877017868259541,0.9883465568314292,1,False,196804,4038.1617720970025,58.0,60.0,0.12629623406078677,mse,unseen_seastate
tcn,heave_rate_imu,30,3.0,542880,0.15255549580410507,0.11628471782475293,1.1292563364397514,0.9817496733028634,0.7289327181740993,0.20928611379420686,480,0.9812891748328317,0.9821491847797482,1,False,196804,4038.1617720970025,58.0,60.0,0.12629623406078677,mse,unseen_seastate
tcn,heave_rate_imu,50,5.0,542880,0.22803888933741379,0.17789207156761513,1.3901456242628623,0.9730910197347742,0.7287870343818834,0.3129019570591341,480,0.9722997503263183,0.9738080460305647,1,False,196804,4038.1617720970025,58.0,60.0,0.12629623406078677,mse,unseen_seastate
tcn,heave_rate_imu,100,10.0,542880,0.6114795807314692,0.46416599894263555,0.7601176275849791,0.35285394232849265,0.728624840171366,0.8392241754860496,480,0.32248200039385805,0.38485657592333417,1,False,196804,4038.1617720970025,58.0,60.0,0.12629623406078677,mse,unseen_seastate
tcn,heave_rate_imu,150,15.0,542880,0.8666084183018875,0.6713374328729184,1.100859437662995,0.3802991854078517,0.7286495273493387,1.1893350448663733,480,0.3638774468943621,0.3955491847989125,1,False,196804,4038.1617720970025,58.0,60.0,0.12629623406078677,mse,unseen_seastate
tcn,roll_imu,10,1.0,542880,0.28469823960549506,0.21484136214905228,3.259549911224485,0.9923712340223506,6.257164377375671,0.04549956217146734,480,0.99158562655531,0.9930702257325362,2,False,196804,4053.187084514,56.0,60.0,0.1268585368277973,mse,unseen_seastate
tcn,roll_imu,20,2.0,542880,0.42556118554541605,0.3211498857616101,6.285670955194254,0.9954162519852032,6.258313610238997,0.06799933848779502,480,0.9950555835088928,0.9957609979087336,2,False,196804,4053.187084514,56.0,60.0,0.1268585368277973,mse,unseen_seastate
tcn,roll_imu,30,3.0,542880,0.7117192861437126,0.531984222208138,8.864582569735198,0.9935538428383689,6.258983439968923,0.11371164230900192,480,0.9931480477019704,0.9939573772338861,2,False,196804,4053.187084514,56.0,60.0,0.1268585368277973,mse,unseen_seastate
tcn,roll_imu,50,5.0,542880,0.9397565464150627,0.7086530138789834,12.02075263609667,0.9938882244204738,6.2597080930156785,0.15012785459814074,480,0.9935845871981712,0.9941915427987592,2,False,196804,4053.187084514,56.0,60.0,0.1268585368277973,mse,unseen_seastate
tcn,roll_imu,100,10.0,542880,2.0166834202666326,1.486583868667157,6.564403239196959,0.9056189176477205,6.26377007356357,0.3219600011785403,480,0.9010604383099646,0.9101779963192044,2,False,196804,4053.187084514,56.0,60.0,0.1268585368277973,mse,unseen_seastate
tcn,roll_imu,150,15.0,542880,3.3580244224170293,2.4325671969360885,8.758582080093348,0.8530058361392435,6.267631515068575,0.5357724707241805,480,0.847751269806183,0.8580639027957897,2,False,196804,4053.187084514,56.0,60.0,0.1268585368277973,mse,unseen_seastate
tcn,pitch_imu,10,1.0,542880,0.1695185750406337,0.12780533230831817,1.2231442694621246,0.9807921296230174,1.8002917622300492,0.09416172344789737,480,0.9789316005565267,0.982221601155158,2,False,196804,4053.187084514,56.0,60.0,0.1268585368277973,mse,unseen_seastate
tcn,pitch_imu,20,2.0,542880,0.41283084998030495,0.3066326989742816,2.257572208809929,0.966560406676496,1.8000082383159832,0.22934942251516205,480,0.9644452452472422,0.9681802955401698,2,False,196804,4053.187084514,56.0,60.0,0.1268585368277973,mse,unseen_seastate
tcn,pitch_imu,30,3.0,542880,0.6613091523219599,0.4896721394863461,2.9691853078284582,0.9503939712431555,1.7998063081965383,0.36743351176750355,480,0.9477457232413822,0.9524810183646873,2,False,196804,4053.187084514,56.0,60.0,0.1268585368277973,mse,unseen_seastate
tcn,pitch_imu,50,5.0,542880,1.0267628552450294,0.6970617534499078,3.3044457576050816,0.9034520530041854,1.7998293029175254,0.5704779078663991,480,0.8944181273791821,0.912051731958888,2,False,196804,4053.187084514,56.0,60.0,0.1268585368277973,mse,unseen_seastate
tcn,pitch_imu,100,10.0,542880,2.1126874361286525,1.444437094032973,2.1438086472570053,0.028822834713852385,1.7992105920358634,1.1742302126723698,480,-0.04474214029835121,0.09842947177967086,2,False,196804,4053.187084514,56.0,60.0,0.1268585368277973,mse,unseen_seastate
tcn,pitch_imu,150,15.0,542880,2.3575567981269545,1.6767368140871013,2.626382563808782,0.19423507972805587,1.7996361310581732,1.3100185962262982,480,0.1726892037100868,0.21529836622383516,2,False,196804,4053.187084514,56.0,60.0,0.1268585368277973,mse,unseen_seastate
tcn,heave_imu,10,1.0,542880,0.056383723956218296,0.04161986992772254,0.7122510070746891,0.9937332644483079,1.279956080242435,0.04405129584254072,480,0.993406005721275,0.9940450713111567,2,False,196804,4053.187084514,56.0,60.0,0.1268585368277973,mse,unseen_seastate
tcn,heave_imu,20,2.0,542880,0.08870969521272754,0.06642139475290193,1.3591066047549403,0.9957397495770357,1.2799441991988507,0.06930747080087801,480,0.9955547376852522,0.9959073961920514,2,False,196804,4053.187084514,56.0,60.0,0.1268585368277973,mse,unseen_seastate
tcn,heave_imu,30,3.0,542880,0.1486593837232547,0.11458450043686791,1.8841952677681022,0.9937750934118806,1.279989361380127,0.11614110883153375,480,0.9936377430426034,0.9939031357458661,2,False,196804,4053.187084514,56.0,60.0,0.1268585368277973,mse,unseen_seastate
tcn,heave_imu,50,5.0,542880,0.3449901752702402,0.2683067688426346,2.429658364536398,0.9798384911162058,1.2800109763198806,0.2695212632176879,480,0.9792720233857581,0.980375221436105,2,False,196804,4053.187084514,56.0,60.0,0.1268585368277973,mse,unseen_seastate
tcn,heave_imu,100,10.0,542880,0.9437514564876284,0.7123664699803862,1.4297166648914688,0.564272158223145,1.2798538150331629,0.7373900404892526,480,0.5350972275669518,0.5962414968698149,2,False,196804,4053.187084514,56.0,60.0,0.1268585368277973,mse,unseen_seastate
tcn,heave_imu,150,15.0,542880,1.448877065934072,1.1119177524876915,1.8279181666532411,0.3717252904861319,1.2796386511953028,1.132254847554569,480,0.34200035314003774,0.39984320463998196,2,False,196804,4053.187084514,56.0,60.0,0.1268585368277973,mse,unseen_seastate
tcn,roll_rate_imu,10,1.0,542880,0.1999002141801154,0.1503633841492224,1.7509811536257809,0.9869664243943008,3.2990815361648123,0.060592686779272424,480,0.9859366829687646,0.987915958281987,2,False,196804,4053.187084514,56.0,60.0,0.1268585368277973,mse,unseen_seastate
tcn,roll_rate_imu,20,2.0,542880,0.3171714713238942,0.23542996055458038,3.3690572610515965,0.9911371897985181,3.2992658691344117,0.09613395340191443,480,0.9906922064081812,0.9915960179746696,2,False,196804,4053.187084514,56.0,60.0,0.1268585368277973,mse,unseen_seastate
tcn,roll_rate_imu,30,3.0,542880,0.3780620569768118,0.2779204633293751,4.734894767018175,0.993624628108228,3.2997090446012667,0.11457436151692471,480,0.9933447919385463,0.9939076306606427,2,False,196804,4053.187084514,56.0,60.0,0.1268585368277973,mse,unseen_seastate
tcn,roll_rate_imu,50,5.0,542880,0.566049274950686,0.4175401048975267,6.356661484780421,0.9920704177483508,3.300877364902179,0.17148449105362654,480,0.9914527412967133,0.992639848741022,2,False,196804,4053.187084514,56.0,60.0,0.1268585368277973,mse,unseen_seastate
tcn,roll_rate_imu,100,10.0,542880,1.4232892536474295,1.0001393454700733,3.3400949657659016,0.8184197077179478,3.302366199124593,0.4309907405256031,480,0.8079975332533275,0.8285191567003527,2,False,196804,4053.187084514,56.0,60.0,0.1268585368277973,mse,unseen_seastate
tcn,roll_rate_imu,150,15.0,542880,2.1315922275885213,1.5045190049559707,4.761111154164594,0.7995566675176481,3.3037484312244225,0.6452041588404233,480,0.793184833113757,0.8056376760638492,2,False,196804,4053.187084514,56.0,60.0,0.1268585368277973,mse,unseen_seastate
tcn,pitch_rate_imu,10,1.0,542880,0.23007617540167888,0.1704445918717609,0.9755107876390742,0.944373831622457,1.2564114196718152,0.1831216843458623,480,0.9416910801769924,0.9463431643519802,2,False,196804,4053.187084514,56.0,60.0,0.1268585368277973,mse,unseen_seastate
tcn,pitch_rate_imu,20,2.0,542880,0.35236666333071637,0.2544750743851551,1.7519309940480654,0.9595465434308651,1.2565974628813164,0.28041331750165793,480,0.9578732954869852,0.9609687561639371,2,False,196804,4053.187084514,56.0,60.0,0.1268585368277973,mse,unseen_seastate
tcn,pitch_rate_imu,30,3.0,542880,0.41661258004161367,0.29422041877991556,2.206228233831898,0.9643414332444318,1.2565940558968034,0.3315411035780258,480,0.9628652333150677,0.9657588475704102,2,False,196804,4053.187084514,56.0,60.0,0.1268585368277973,mse,unseen_seastate
tcn,pitch_rate_imu,50,5.0,542880,0.9752021660879345,0.6650361724584646,2.1784000592413317,0.7995924705624593,1.2561754499514726,0.7763264010020318,480,0.7886087167654895,0.8112008596819269,2,False,196804,4053.187084514,56.0,60.0,0.1268585368277973,mse,unseen_seastate
tcn,pitch_rate_imu,100,10.0,542880,1.6523244221960933,1.1250248694028673,1.6287184748195807,-0.029197206251493357,1.2560080347798337,1.3155365064887743,480,-0.07892747477085911,0.017260327507552613,2,False,196804,4053.187084514,56.0,60.0,0.1268585368277973,mse,unseen_seastate
tcn,pitch_rate_imu,150,15.0,542880,1.7985902536528895,1.2668058645128075,1.8236128207659046,0.027254573105858104,1.2566876299596323,1.4312150535854835,480,0.00016459889353427124,0.05163368312951633,2,False,196804,4053.187084514,56.0,60.0,0.1268585368277973,mse,unseen_seastate
tcn,heave_rate_imu,10,1.0,542880,0.0497282096486124,0.03771687206522239,0.43734027211668636,0.9870709472969598,0.7288754110229594,0.06822593943568495,480,0.986416652850458,0.9876742988112871,2,False,196804,4053.187084514,56.0,60.0,0.1268585368277973,mse,unseen_seastate
tcn,heave_rate_imu,20,2.0,542880,0.08492370932451734,0.06507843930234726,0.826897160374101,0.9894523694543336,0.7289261951277793,0.1165052235633134,480,0.9890774090124068,0.9898029182601245,2,False,196804,4053.187084514,56.0,60.0,0.1268585368277973,mse,unseen_seastate
tcn,heave_rate_imu,30,3.0,542880,0.14912494701996803,0.11426482951023123,1.1292563364397514,0.9825612427411419,0.7289327181740993,0.20457985120150804,480,0.9820375619068429,0.9830460246249951,2,False,196804,4053.187084514,56.0,60.0,0.1268585368277973,mse,unseen_seastate
tcn,heave_rate_imu,50,5.0,542880,0.22032931487612947,0.17207426504078113,1.3901456242628623,0.974879749033202,0.7287870343818834,0.3023233187223213,480,0.9741326345106919,0.975568027018738,2,False,196804,4053.187084514,56.0,60.0,0.1268585368277973,mse,unseen_seastate
tcn,heave_rate_imu,100,10.0,542880,0.5862959885038267,0.4482998255395514,0.7601176275849791,0.4050612768835895,0.728624840171366,0.8046609944919462,480,0.3800815257325221,0.43271855953251737,2,False,196804,4053.187084514,56.0,60.0,0.1268585368277973,mse,unseen_seastate
tcn,heave_rate_imu,150,15.0,542880,0.8537205702702408,0.6628799408651042,1.100859437662995,0.3985940068022288,0.7286495273493387,1.1716477376659835,480,0.3802675996624839,0.4149177992297515,2,False,196804,4053.187084514,56.0,60.0,0.1268585368277973,mse,unseen_seastate
