regime,model_a,model_b,seed,dof,horizon_samples,horizon_s,skill_diff,ci_lo,ci_hi,n_realizations,n_boot,ci_level,bootstrap_seed
id,tcn,ar20,0,roll_imu,10,1.0,-0.0025627983111828757,-0.003052246244272422,-0.002194434892973516,384,1000,0.95,0
id,tcn,ar20,0,roll_imu,20,2.0,0.00033532699528856917,0.00024097924517122623,0.00044554975452455324,384,1000,0.95,0
id,tcn,ar20,0,roll_imu,30,3.0,0.0027844583029110743,0.0023997963070405376,0.003346047469352567,384,1000,0.95,0
id,tcn,ar20,0,roll_imu,50,5.0,0.00923540811887966,0.008124523185994027,0.010883003048725364,384,1000,0.95,0
id,tcn,ar20,0,roll_imu,100,10.0,0.07423258258360152,0.06474141361530152,0.08662080294998274,384,1000,0.95,0
id,tcn,ar20,0,roll_imu,150,15.0,0.07494166929115798,0.06511058157605977,0.08635229146319809,384,1000,0.95,0
id,tcn,ar20,0,pitch_imu,10,1.0,0.0001002458037079978,-4.808619978790364e-05,0.0002871211628156852,384,1000,0.95,0
id,tcn,ar20,0,pitch_imu,20,2.0,0.012095324221501808,0.011004049434810342,0.013388917299498775,384,1000,0.95,0
id,tcn,ar20,0,pitch_imu,30,3.0,0.032591295718127855,0.02978988986507785,0.03587304723656213,384,1000,0.95,0
id,tcn,ar20,0,pitch_imu,50,5.0,0.05747369406194435,0.051359366838726196,0.06479010141607877,384,1000,0.95,0
id,tcn,ar20,0,pitch_imu,100,10.0,0.2558623577724147,0.23589784458494478,0.27569613089221506,384,1000,0.95,0
id,tcn,ar20,0,pitch_imu,150,15.0,0.14723820103980784,0.12889954709954063,0.16794898133873243,384,1000,0.95,0
id,tcn,ar20,0,heave_imu,10,1.0,-0.002411231662477343,-0.002545669815809708,-0.0022977990647346114,384,1000,0.95,0
id,tcn,ar20,0,heave_imu,20,2.0,-0.000994263179909343,-0.0010328271667380266,-0.0009554142020687106,384,1000,0.95,0
id,tcn,ar20,0,heave_imu,30,3.0,0.0008939612624958451,0.0007015118375884274,0.001133593351888813,384,1000,0.95,0
id,tcn,ar20,0,heave_imu,50,5.0,0.01575885900767449,0.01383387836181113,0.017929411786831974,384,1000,0.95,0
id,tcn,ar20,0,heave_imu,100,10.0,0.2408256707398058,0.21840807079679808,0.2679462091281757,384,1000,0.95,0
id,tcn,ar20,0,heave_imu,150,15.0,0.16796524345314268,0.1483475906533793,0.18953644800222777,384,1000,0.95,0
id,tcn,ar20,0,roll_rate_imu,10,1.0,-0.0009356981213293487,-0.001210084525112912,-0.0006889964135554115,384,1000,0.95,0
id,tcn,ar20,0,roll_rate_imu,20,2.0,0.0037734229931291764,0.003272239735230232,0.004491127144074999,384,1000,0.95,0
id,tcn,ar20,0,roll_rate_imu,30,3.0,0.005207009537225944,0.004585893551796745,0.006092452306999437,384,1000,0.95,0
id,tcn,ar20,0,roll_rate_imu,50,5.0,0.004403697020129193,0.0038763692072230206,0.005150219005166451,384,1000,0.95,0
id,tcn,ar20,0,roll_rate_imu,100,10.0,0.08508096319430027,0.07502728066324697,0.09864618006515712,384,1000,0.95,0
id,tcn,ar20,0,roll_rate_imu,150,15.0,0.06899672359767968,0.06001856091212584,0.0793372845620632,384,1000,0.95,0
id,tcn,ar20,0,pitch_rate_imu,10,1.0,0.011273045841805277,0.010222431443948687,0.012438787996272694,384,1000,0.95,0
id,tcn,ar20,0,pitch_rate_imu,20,2.0,0.022026836135436347,0.020153186848823945,0.024163744966368205,384,1000,0.95,0
id,tcn,ar20,0,pitch_rate_imu,30,3.0,0.019750095410854353,0.017669412932937303,0.02215388172577037,384,1000,0.95,0
id,tcn,ar20,0,pitch_rate_imu,50,5.0,0.08783460845082278,0.08062807309986228,0.09656377499494148,384,1000,0.95,0
id,tcn,ar20,0,pitch_rate_imu,100,10.0,0.1909206349840157,0.17326328385187428,0.21037930524336748,384,1000,0.95,0
id,tcn,ar20,0,pitch_rate_imu,150,15.0,0.10312164624698034,0.09091717125168289,0.11574234037418876,384,1000,0.95,0
id,tcn,ar20,0,heave_rate_imu,10,1.0,-0.004057863441664209,-0.004294093247375086,-0.0038315634193182378,384,1000,0.95,0
id,tcn,ar20,0,heave_rate_imu,20,2.0,0.000773390261623998,0.0005613368897835837,0.0010251794444438012,384,1000,0.95,0
id,tcn,ar20,0,heave_rate_imu,30,3.0,0.007956987978328342,0.007027738581075352,0.00907697929807017,384,1000,0.95,0
id,tcn,ar20,0,heave_rate_imu,50,5.0,0.02184501475336722,0.019215035936847202,0.024700046521328674,384,1000,0.95,0
id,tcn,ar20,0,heave_rate_imu,100,10.0,0.2518775646984471,0.2301125050109718,0.27384607099470665,384,1000,0.95,0
id,tcn,ar20,0,heave_rate_imu,150,15.0,0.15390737857689593,0.1362551535896552,0.17354105350242566,384,1000,0.95,0
id,tcn,ar20,1,roll_imu,10,1.0,-0.0027138825822642463,-0.003250322817917479,-0.002335308828112193,384,1000,0.95,0
id,tcn,ar20,1,roll_imu,20,2.0,0.00029678933845588636,0.00020321381540380136,0.0004082297050478956,384,1000,0.95,0
id,tcn,ar20,1,roll_imu,30,3.0,0.002767496187954585,0.0023849936408382503,0.003307541396268698,384,1000,0.95,0
id,tcn,ar20,1,roll_imu,50,5.0,0.009284888782066604,0.008169181534209324,0.010958205885637198,384,1000,0.95,0
id,tcn,ar20,1,roll_imu,100,10.0,0.07472663338308158,0.06518345706836351,0.08720188029637808,384,1000,0.95,0
id,tcn,ar20,1,roll_imu,150,15.0,0.07530715192855629,0.06543939899468684,0.08678912505769962,384,1000,0.95,0
id,tcn,ar20,1,pitch_imu,10,1.0,0.00021008599886615018,6.610244773934337e-05,0.0003819700884765541,384,1000,0.95,0
id,tcn,ar20,1,pitch_imu,20,2.0,0.012031852324723457,0.010936147454579635,0.013318140541735517,384,1000,0.95,0
id,tcn,ar20,1,pitch_imu,30,3.0,0.03273665973533642,0.02992486941355285,0.03603439853060477,384,1000,0.95,0
id,tcn,ar20,1,pitch_imu,50,5.0,0.05775724182600024,0.05170338985518525,0.06519715244807336,384,1000,0.95,0
id,tcn,ar20,1,pitch_imu,100,10.0,0.255892313340687,0.23590907205467526,0.2754602274328991,384,1000,0.95,0
id,tcn,ar20,1,pitch_imu,150,15.0,0.14679511789757974,0.12882871479670824,0.1675732428245099,384,1000,0.95,0
id,tcn,ar20,1,heave_imu,10,1.0,-0.0017181862049381095,-0.0018293846600617894,-0.0016135843908708276,384,1000,0.95,0
id,tcn,ar20,1,heave_imu,20,2.0,-0.0007996062229385946,-0.0008347920852772891,-0.0007670177652336959,384,1000,0.95,0
id,tcn,ar20,1,heave_imu,30,3.0,0.0009774151847732793,0.0007780381524478781,0.0012182779652026561,384,1000,0.95,0
id,tcn,ar20,1,heave_imu,50,5.0,0.015782462839038995,0.013844846475866862,0.01799190841223463,384,1000,0.95,0
id,tcn,ar20,1,heave_imu,100,10.0,0.24046733589919203,0.21813514221739563,0.2675649918406838,384,1000,0.95,0
id,tcn,ar20,1,heave_imu,150,15.0,0.1683471963656093,0.14870367767621573,0.19000984014532601,384,1000,0.95,0
id,tcn,ar20,1,roll_rate_imu,10,1.0,9.590288034856675e-05,-8.488672415992357e-05,0.00026965932941587495,384,1000,0.95,0
id,tcn,ar20,1,roll_rate_imu,20,2.0,0.0036033225688777144,0.003128379231095313,0.004274193952143099,384,1000,0.95,0
id,tcn,ar20,1,roll_rate_imu,30,3.0,0.005170190547610119,0.004539916932353618,0.006061558294781398,384,1000,0.95,0
id,tcn,ar20,1,roll_rate_imu,50,5.0,0.004452246032168881,0.003916735531257236,0.005196996243114427,384,1000,0.95,0
id,tcn,ar20,1,roll_rate_imu,100,10.0,0.08490512375327537,0.07484448510936961,0.09852600581332255,384,1000,0.95,0
id,tcn,ar20,1,roll_rate_imu,150,15.0,0.0690214312443311,0.06008202632985223,0.07936380640851912,384,1000,0.95,0
id,tcn,ar20,1,pitch_rate_imu,10,1.0,0.011284921862282325,0.010258932246161374,0.012478543110911263,384,1000,0.95,0
id,tcn,ar20,1,pitch_rate_imu,20,2.0,0.022307056791583343,0.02043611055827122,0.024461095424965988,384,1000,0.95,0
id,tcn,ar20,1,pitch_rate_imu,30,3.0,0.01977270091594663,0.017689932064563704,0.02219577046993378,384,1000,0.95,0
id,tcn,ar20,1,pitch_rate_imu,50,5.0,0.08797673869131706,0.08069950147532784,0.09673107905869076,384,1000,0.95,0
id,tcn,ar20,1,pitch_rate_imu,100,10.0,0.19198754042150795,0.17444983653609053,0.2114368870203802,384,1000,0.95,0
id,tcn,ar20,1,pitch_rate_imu,150,15.0,0.10439666954088932,0.09223741194599383,0.11665287343646388,384,1000,0.95,0
id,tcn,ar20,1,heave_rate_imu,10,1.0,-0.002830213509275013,-0.0029481409472649277,-0.002719468984209058,384,1000,0.95,0
id,tcn,ar20,1,heave_rate_imu,20,2.0,0.0008938584762408789,0.0006775290032872836,0.001152191069083195,384,1000,0.95,0
id,tcn,ar20,1,heave_rate_imu,30,3.0,0.008013988661910294,0.007076999896508011,0.009136723482442401,384,1000,0.95,0
id,tcn,ar20,1,heave_rate_imu,50,5.0,0.02187369602021178,0.019245611759201416,0.024707659999033148,384,1000,0.95,0
id,tcn,ar20,1,heave_rate_imu,100,10.0,0.25251327673925217,0.23068975312857837,0.27441127200362536,384,1000,0.95,0
id,tcn,ar20,1,heave_rate_imu,150,15.0,0.15448251409090322,0.13678367044332945,0.17413776795083175,384,1000,0.95,0
id,tcn,ar20,2,roll_imu,10,1.0,-0.002883223094186183,-0.003468740553912093,-0.0024696885378387447,384,1000,0.95,0
id,tcn,ar20,2,roll_imu,20,2.0,0.0002848643560478372,0.00019314698167859204,0.0003946937121437496,384,1000,0.95,0
id,tcn,ar20,2,roll_imu,30,3.0,0.0028109137155444344,0.00243384385922376,0.003362464695048884,384,1000,0.95,0
id,tcn,ar20,2,roll_imu,50,5.0,0.00930174473830808,0.008186678955900315,0.010972131284982882,384,1000,0.95,0
id,tcn,ar20,2,roll_imu,100,10.0,0.07436890489356697,0.064867053112422,0.08680915836864297,384,1000,0.95,0
id,tcn,ar20,2,roll_imu,150,15.0,0.07503994943279638,0.0652286724464704,0.08645063771658065,384,1000,0.95,0
id,tcn,ar20,2,pitch_imu,10,1.0,0.00034043637430648555,0.00019521458485161406,0.0005232418550864738,384,1000,0.95,0
id,tcn,ar20,2,pitch_imu,20,2.0,0.011938875590983016,0.010865728542228791,0.013229679401766342,384,1000,0.95,0
id,tcn,ar20,2,pitch_imu,30,3.0,0.03269146346836828,0.0298768532419467,0.035983544873142655,384,1000,0.95,0
id,tcn,ar20,2,pitch_imu,50,5.0,0.05772197042789419,0.05165609956322017,0.06514997501084542,384,1000,0.95,0
id,tcn,ar20,2,pitch_imu,100,10.0,0.25593423142988997,0.23572039505926898,0.27536108487852784,384,1000,0.95,0
id,tcn,ar20,2,pitch_imu,150,15.0,0.14677215524393936,0.12856505027047604,0.1675168512626635,384,1000,0.95,0
id,tcn,ar20,2,heave_imu,10,1.0,-0.002366496938004949,-0.002490960392986637,-0.0022537703055482408,384,1000,0.95,0
id,tcn,ar20,2,heave_imu,20,2.0,-0.0008008376378898023,-0.0008373447302476774,-0.0007660577237893268,384,1000,0.95,0
id,tcn,ar20,2,heave_imu,30,3.0,0.0010299553552635431,0.0008271250699808236,0.0012671830095331025,384,1000,0.95,0
id,tcn,ar20,2,heave_imu,50,5.0,0.015727633567337765,0.013813600229065937,0.017915903159159974,384,1000,0.95,0
id,tcn,ar20,2,heave_imu,100,10.0,0.24083053071930188,0.21831704774159494,0.26788844067995027,384,1000,0.95,0
id,tcn,ar20,2,heave_imu,150,15.0,0.1680641904064178,0.14825837889303908,0.18960152485049492,384,1000,0.95,0
id,tcn,ar20,2,roll_rate_imu,10,1.0,-0.001389590257420891,-0.0017987115479546818,-0.0010496230160161957,384,1000,0.95,0
id,tcn,ar20,2,roll_rate_imu,20,2.0,0.0036543749158463213,0.0031730013359587386,0.00433908376194329,384,1000,0.95,0
id,tcn,ar20,2,roll_rate_imu,30,3.0,0.005278823544024503,0.0046402073905816655,0.006192081207806876,384,1000,0.95,0
id,tcn,ar20,2,roll_rate_imu,50,5.0,0.004441661133014787,0.003913805098074426,0.005202585279320109,384,1000,0.95,0
id,tcn,ar20,2,roll_rate_imu,100,10.0,0.08483046687643823,0.0748745170414078,0.09833001574810701,384,1000,0.95,0
id,tcn,ar20,2,roll_rate_imu,150,15.0,0.06848092782232858,0.059612288229322595,0.07859905261321884,384,1000,0.95,0
id,tcn,ar20,2,pitch_rate_imu,10,1.0,0.010384949096044519,0.009355587956807175,0.011559503454885846,384,1000,0.95,0
id,tcn,ar20,2,pitch_rate_imu,20,2.0,0.02231715113520155,0.02043684487558542,0.02444705381941681,384,1000,0.95,0
id,tcn,ar20,2,pitch_rate_imu,30,3.0,0.01960086205393072,0.01752714987751058,0.021998764774757245,384,1000,0.95,0
id,tcn,ar20,2,pitch_rate_imu,50,5.0,0.08768923269452585,0.08040782132627126,0.09647549528483032,384,1000,0.95,0
id,tcn,ar20,2,pitch_rate_imu,100,10.0,0.1917548708007959,0.174217013896491,0.2112396495158263,384,1000,0.95,0
id,tcn,ar20,2,pitch_rate_imu,150,15.0,0.10332134930214541,0.09125031844661072,0.11561570171286205,384,1000,0.95,0
id,tcn,ar20,2,heave_rate_imu,10,1.0,-0.0025921768449479825,-0.0027192639009324037,-0.00247109641210959,384,1000,0.95,0
id,tcn,ar20,2,heave_rate_imu,20,2.0,0.0009720430746486877,0.0007456726323230596,0.0012386894872550166,384,1000,0.95,0
id,tcn,ar20,2,heave_rate_imu,30,3.0,0.007942723274400874,0.0070114971778295655,0.009064807137896326,384,1000,0.95,0
id,tcn,ar20,2,heave_rate_imu,50,5.0,0.021860603321875744,0.01923067783078258,0.02470715900206659,384,1000,0.95,0
id,tcn,ar20,2,heave_rate_imu,100,10.0,0.25276300032246873,0.23102589284240824,0.2745157140883627,384,1000,0.95,0
id,tcn,ar20,2,heave_rate_imu,150,15.0,0.15394628445596975,0.13618696841736863,0.17339906452238021,384,1000,0.95,0
id,tcn,dlinear_ols,0,roll_imu,10,1.0,0.0027579891483044067,0.0024277808260207796,0.003104476582036561,384,1000,0.95,0
id,tcn,dlinear_ols,0,roll_imu,20,2.0,0.015294927108343388,0.013937148698747149,0.016919375968250525,384,1000,0.95,0
id,tcn,dlinear_ols,0,roll_imu,30,3.0,0.024599087600798684,0.02217830428463263,0.027187620485529695,384,1000,0.95,0
id,tcn,dlinear_ols,0,roll_imu,50,5.0,0.012126890238556908,0.01122378563956423,0.013127487954511548,384,1000,0.95,0
id,tcn,dlinear_ols,0,roll_imu,100,10.0,0.18141529832898537,0.1728050720251699,0.19229042570915,384,1000,0.95,0
id,tcn,dlinear_ols,0,roll_imu,150,15.0,0.180016385029151,0.16851186355350656,0.19288853979847204,384,1000,0.95,0
id,tcn,dlinear_ols,0,pitch_imu,10,1.0,0.015971835372749644,0.014701477428455586,0.017451167430759702,384,1000,0.95,0
id,tcn,dlinear_ols,0,pitch_imu,20,2.0,0.04111465653377113,0.03773700302495788,0.04486718841207474,384,1000,0.95,0
id,tcn,dlinear_ols,0,pitch_imu,30,3.0,0.05429894557074302,0.04917599851823612,0.060501292614462215,384,1000,0.95,0
id,tcn,dlinear_ols,0,pitch_imu,50,5.0,0.05643280096775879,0.051139805720087084,0.06291986284542629,384,1000,0.95,0
id,tcn,dlinear_ols,0,pitch_imu,100,10.0,0.2928709833390881,0.27691447548930226,0.30899754952448377,384,1000,0.95,0
id,tcn,dlinear_ols,0,pitch_imu,150,15.0,0.16452282661534878,0.1429187414431785,0.18852099924875598,384,1000,0.95,0
id,tcn,dlinear_ols,0,heave_imu,10,1.0,0.006223958211518521,0.004415133622781464,0.008154877035470909,384,1000,0.95,0
id,tcn,dlinear_ols,0,heave_imu,20,2.0,0.034685402359716795,0.02690945940410985,0.04304943766922764,384,1000,0.95,0
id,tcn,dlinear_ols,0,heave_imu,30,3.0,0.0670539266993275,0.05151606952382049,0.08380323139400324,384,1000,0.95,0
id,tcn,dlinear_ols,0,heave_imu,50,5.0,0.03534196761112373,0.02780393358365987,0.04333093535749947,384,1000,0.95,0
id,tcn,dlinear_ols,0,heave_imu,100,10.0,0.3484831544372998,0.3131009217524745,0.3818570930355281,384,1000,0.95,0
id,tcn,dlinear_ols,0,heave_imu,150,15.0,0.26812398768409484,0.22424260993798945,0.31730452495571976,384,1000,0.95,0
id,tcn,dlinear_ols,0,roll_rate_imu,10,1.0,0.005793718118766925,0.00509452255513414,0.006704953251995744,384,1000,0.95,0
id,tcn,dlinear_ols,0,roll_rate_imu,20,2.0,0.019025702674071884,0.017578087713917452,0.020921008082239803,384,1000,0.95,0
id,tcn,dlinear_ols,0,roll_rate_imu,30,3.0,0.02457055596167,0.02311953199565168,0.026299242769221517,384,1000,0.95,0
id,tcn,dlinear_ols,0,roll_rate_imu,50,5.0,0.013444245143701112,0.012691586990581647,0.014343842782017856,384,1000,0.95,0
id,tcn,dlinear_ols,0,roll_rate_imu,100,10.0,0.19879572942618287,0.18907210997109036,0.21052587162108338,384,1000,0.95,0
id,tcn,dlinear_ols,0,roll_rate_imu,150,15.0,0.16688699617826058,0.15994606002050038,0.17437356634438061,384,1000,0.95,0
id,tcn,dlinear_ols,0,pitch_rate_imu,10,1.0,0.02693569671099038,0.02399676519809537,0.030489963389325126,384,1000,0.95,0
id,tcn,dlinear_ols,0,pitch_rate_imu,20,2.0,0.07797283829049252,0.06913957679101426,0.08786966367574954,384,1000,0.95,0
id,tcn,dlinear_ols,0,pitch_rate_imu,30,3.0,0.09210760560348445,0.0827212735013984,0.10229617340328327,384,1000,0.95,0
id,tcn,dlinear_ols,0,pitch_rate_imu,50,5.0,0.1333997303362673,0.1142697038101231,0.15635287049567173,384,1000,0.95,0
id,tcn,dlinear_ols,0,pitch_rate_imu,100,10.0,0.3302948128631567,0.31440963858288,0.3464592867630085,384,1000,0.95,0
id,tcn,dlinear_ols,0,pitch_rate_imu,150,15.0,0.14159468459429267,0.12863454973465227,0.15510710932647445,384,1000,0.95,0
id,tcn,dlinear_ols,0,heave_rate_imu,10,1.0,0.0012482095549245277,0.0006821038258604633,0.0018837604922191872,384,1000,0.95,0
id,tcn,dlinear_ols,0,heave_rate_imu,20,2.0,0.020826296766349353,0.01813312293908085,0.0237748077374731,384,1000,0.95,0
id,tcn,dlinear_ols,0,heave_rate_imu,30,3.0,0.039912396696418266,0.034275484276517346,0.04596019910958048,384,1000,0.95,0
id,tcn,dlinear_ols,0,heave_rate_imu,50,5.0,0.028040346116322824,0.02474163066839692,0.031700843308350095,384,1000,0.95,0
id,tcn,dlinear_ols,0,heave_rate_imu,100,10.0,0.3244436717909867,0.3012482485540322,0.347223637940317,384,1000,0.95,0
id,tcn,dlinear_ols,0,heave_rate_imu,150,15.0,0.18317444461300217,0.16254492831064035,0.20542994908270365,384,1000,0.95,0
id,tcn,dlinear_ols,1,roll_imu,10,1.0,0.002606904877223036,0.002220205334849044,0.003004195458953227,384,1000,0.95,0
id,tcn,dlinear_ols,1,roll_imu,20,2.0,0.015256389451510704,0.013902965152562214,0.016867969245004506,384,1000,0.95,0
id,tcn,dlinear_ols,1,roll_imu,30,3.0,0.024582125485842193,0.02217322311939794,0.027170747977691066,384,1000,0.95,0
id,tcn,dlinear_ols,1,roll_imu,50,5.0,0.012176370901743852,0.011294364099735513,0.013148779673246128,384,1000,0.95,0
id,tcn,dlinear_ols,1,roll_imu,100,10.0,0.1819093491284654,0.1731494787722663,0.19295411346189478,384,1000,0.95,0
id,tcn,dlinear_ols,1,roll_imu,150,15.0,0.18038186766654926,0.16880832827582296,0.19323062438876581,384,1000,0.95,0
id,tcn,dlinear_ols,1,pitch_imu,10,1.0,0.016081675567907794,0.01484412391855295,0.01757099341982918,384,1000,0.95,0
id,tcn,dlinear_ols,1,pitch_imu,20,2.0,0.041051184636992775,0.03767055564240127,0.044829348383514225,384,1000,0.95,0
id,tcn,dlinear_ols,1,pitch_imu,30,3.0,0.054444309587951586,0.049246145532986514,0.06061881648369618,384,1000,0.95,0
id,tcn,dlinear_ols,1,pitch_imu,50,5.0,0.05671634873181468,0.051393469943662,0.06325513667205881,384,1000,0.95,0
id,tcn,dlinear_ols,1,pitch_imu,100,10.0,0.2929009389073604,0.2770273625731579,0.3091894814568781,384,1000,0.95,0
id,tcn,dlinear_ols,1,pitch_imu,150,15.0,0.1640797434731207,0.1425567961142114,0.1877408515355641,384,1000,0.95,0
id,tcn,dlinear_ols,1,heave_imu,10,1.0,0.006917003669057754,0.005139945185782791,0.008822075812565246,384,1000,0.95,0
id,tcn,dlinear_ols,1,heave_imu,20,2.0,0.03488005931668754,0.02710834169370845,0.04324288494352578,384,1000,0.95,0
id,tcn,dlinear_ols,1,heave_imu,30,3.0,0.06713738062160493,0.051613681155780404,0.08388063514326496,384,1000,0.95,0
id,tcn,dlinear_ols,1,heave_imu,50,5.0,0.03536557144248823,0.027830583934009202,0.043364218004652205,384,1000,0.95,0
id,tcn,dlinear_ols,1,heave_imu,100,10.0,0.3481248195966861,0.3128067148422319,0.3813280936758756,384,1000,0.95,0
id,tcn,dlinear_ols,1,heave_imu,150,15.0,0.26850594059656147,0.22500886285367533,0.3178040360092066,384,1000,0.95,0
id,tcn,dlinear_ols,1,roll_rate_imu,10,1.0,0.00682531912044484,0.006042014106789674,0.007834689600379491,384,1000,0.95,0
id,tcn,dlinear_ols,1,roll_rate_imu,20,2.0,0.018855602249820424,0.01740192781848167,0.020749810098004456,384,1000,0.95,0
id,tcn,dlinear_ols,1,roll_rate_imu,30,3.0,0.024533736972054177,0.023078692983318754,0.02627305284561699,384,1000,0.95,0
id,tcn,dlinear_ols,1,roll_rate_imu,50,5.0,0.0134927941557408,0.01273748899696382,0.014400927580892179,384,1000,0.95,0
id,tcn,dlinear_ols,1,roll_rate_imu,100,10.0,0.198619889985158,0.1888198844636046,0.21025141720672,384,1000,0.95,0
id,tcn,dlinear_ols,1,roll_rate_imu,150,15.0,0.16691170382491202,0.15990457182131562,0.17438613039493345,384,1000,0.95,0
id,tcn,dlinear_ols,1,pitch_rate_imu,10,1.0,0.026947572731467428,0.02405296377764374,0.030434187169909088,384,1000,0.95,0
id,tcn,dlinear_ols,1,pitch_rate_imu,20,2.0,0.07825305894663952,0.06941244932776272,0.08813752678482763,384,1000,0.95,0
id,tcn,dlinear_ols,1,pitch_rate_imu,30,3.0,0.09213021110857673,0.08277098473730313,0.10225910924869769,384,1000,0.95,0
id,tcn,dlinear_ols,1,pitch_rate_imu,50,5.0,0.13354186057676162,0.11428803244969918,0.15652330919894594,384,1000,0.95,0
id,tcn,dlinear_ols,1,pitch_rate_imu,100,10.0,0.3313617183006489,0.31541162858176547,0.3473952011037258,384,1000,0.95,0
id,tcn,dlinear_ols,1,pitch_rate_imu,150,15.0,0.14286970788820166,0.12998783305739378,0.15634737528529252,384,1000,0.95,0
id,tcn,dlinear_ols,1,heave_rate_imu,10,1.0,0.002475859487313723,0.0018938490373978788,0.003108812888118686,384,1000,0.95,0
id,tcn,dlinear_ols,1,heave_rate_imu,20,2.0,0.02094676498096623,0.018247601740495053,0.023879905802076145,384,1000,0.95,0
id,tcn,dlinear_ols,1,heave_rate_imu,30,3.0,0.039969397380000216,0.03435247808637222,0.04599574902466814,384,1000,0.95,0
id,tcn,dlinear_ols,1,heave_rate_imu,50,5.0,0.02806902738316739,0.024741554856273173,0.031736381679277934,384,1000,0.95,0
id,tcn,dlinear_ols,1,heave_rate_imu,100,10.0,0.32507938383179175,0.301811179804213,0.34785998760469405,384,1000,0.95,0
id,tcn,dlinear_ols,1,heave_rate_imu,150,15.0,0.18374958012700945,0.16318654934424293,0.2056911620767114,384,1000,0.95,0
id,tcn,dlinear_ols,2,roll_imu,10,1.0,0.0024375643653010994,0.002002029428200166,0.002867256235504541,384,1000,0.95,0
id,tcn,dlinear_ols,2,roll_imu,20,2.0,0.015244464469102655,0.013880089395428731,0.01686154432558264,384,1000,0.95,0
id,tcn,dlinear_ols,2,roll_imu,30,3.0,0.02462554301343204,0.022207690365600555,0.02722310251083015,384,1000,0.95,0
id,tcn,dlinear_ols,2,roll_imu,50,5.0,0.012193226857985327,0.011305733061968868,0.013183683002491028,384,1000,0.95,0
id,tcn,dlinear_ols,2,roll_imu,100,10.0,0.18155162063895083,0.17285746491604156,0.19243375582473182,384,1000,0.95,0
id,tcn,dlinear_ols,2,roll_imu,150,15.0,0.18011466517078936,0.16846876900493657,0.19297988330703356,384,1000,0.95,0
id,tcn,dlinear_ols,2,pitch_imu,10,1.0,0.016212025943348127,0.014945777605605191,0.017690313314296886,384,1000,0.95,0
id,tcn,dlinear_ols,2,pitch_imu,20,2.0,0.04095820790325234,0.03758829952248746,0.044711032862728706,384,1000,0.95,0
id,tcn,dlinear_ols,2,pitch_imu,30,3.0,0.05439911332098344,0.04922632198971052,0.060597909317678264,384,1000,0.95,0
id,tcn,dlinear_ols,2,pitch_imu,50,5.0,0.056681077333708633,0.051398993263138223,0.06318403927658617,384,1000,0.95,0
id,tcn,dlinear_ols,2,pitch_imu,100,10.0,0.29294285699656336,0.27677333118663494,0.30934306074948265,384,1000,0.95,0
id,tcn,dlinear_ols,2,pitch_imu,150,15.0,0.16405678081948033,0.14264117348184258,0.18850441831962492,384,1000,0.95,0
id,tcn,dlinear_ols,2,heave_imu,10,1.0,0.006268692935990916,0.00447137749807746,0.008204755278865715,384,1000,0.95,0
id,tcn,dlinear_ols,2,heave_imu,20,2.0,0.03487882790173633,0.027104691093684085,0.04324108571266533,384,1000,0.95,0
id,tcn,dlinear_ols,2,heave_imu,30,3.0,0.06718992079209518,0.05165883477175059,0.08393689581876249,384,1000,0.95,0
id,tcn,dlinear_ols,2,heave_imu,50,5.0,0.035310742170787,0.02774987853615722,0.043320743729862554,384,1000,0.95,0
id,tcn,dlinear_ols,2,heave_imu,100,10.0,0.348488014416796,0.31313976378353864,0.3819849712025341,384,1000,0.95,0
id,tcn,dlinear_ols,2,heave_imu,150,15.0,0.2682229346373699,0.22457132915188388,0.31744312132482344,384,1000,0.95,0
id,tcn,dlinear_ols,2,roll_rate_imu,10,1.0,0.005339825982675382,0.004746008451261867,0.006110790643673088,384,1000,0.95,0
id,tcn,dlinear_ols,2,roll_rate_imu,20,2.0,0.01890665459678903,0.017480264155452816,0.020754932491757548,384,1000,0.95,0
id,tcn,dlinear_ols,2,roll_rate_imu,30,3.0,0.024642369968468563,0.023184041974797735,0.026382016448754153,384,1000,0.95,0
id,tcn,dlinear_ols,2,roll_rate_imu,50,5.0,0.013482209256586705,0.012725852067464813,0.014383808494113708,384,1000,0.95,0
id,tcn,dlinear_ols,2,roll_rate_imu,100,10.0,0.1985452331083209,0.188781154360115,0.21008614031315492,384,1000,0.95,0
id,tcn,dlinear_ols,2,roll_rate_imu,150,15.0,0.16637120040290948,0.15943296341690033,0.17375241495078672,384,1000,0.95,0
id,tcn,dlinear_ols,2,pitch_rate_imu,10,1.0,0.02604759996522962,0.02316192685578827,0.02953700632839684,384,1000,0.95,0
id,tcn,dlinear_ols,2,pitch_rate_imu,20,2.0,0.07826315329025772,0.06936389599049077,0.08817053834708498,384,1000,0.95,0
id,tcn,dlinear_ols,2,pitch_rate_imu,30,3.0,0.09195837224656081,0.08261005848284218,0.10208470897618371,384,1000,0.95,0
id,tcn,dlinear_ols,2,pitch_rate_imu,50,5.0,0.1332543545799704,0.11401108266138488,0.1562364464777279,384,1000,0.95,0
id,tcn,dlinear_ols,2,pitch_rate_imu,100,10.0,0.3311290486799369,0.3153084691218805,0.3472389575585964,384,1000,0.95,0
id,tcn,dlinear_ols,2,pitch_rate_imu,150,15.0,0.14179438764945776,0.12885950491081977,0.1552885363238949,384,1000,0.95,0
id,tcn,dlinear_ols,2,heave_rate_imu,10,1.0,0.0027138961516407537,0.0021111211905131847,0.0033768239885433966,384,1000,0.95,0
id,tcn,dlinear_ols,2,heave_rate_imu,20,2.0,0.02102494957937404,0.01833271968891532,0.023972410591668727,384,1000,0.95,0
id,tcn,dlinear_ols,2,heave_rate_imu,30,3.0,0.039898131992490794,0.03425667067029621,0.04596196309234929,384,1000,0.95,0
id,tcn,dlinear_ols,2,heave_rate_imu,50,5.0,0.02805593468483135,0.024744099239201758,0.03170457359973157,384,1000,0.95,0
id,tcn,dlinear_ols,2,heave_rate_imu,100,10.0,0.32532910741500837,0.3021186122126606,0.34799768970267203,384,1000,0.95,0
id,tcn,dlinear_ols,2,heave_rate_imu,150,15.0,0.183213350492076,0.16289473042636013,0.2048718416551301,384,1000,0.95,0
id,tcn,damped_persistence,0,roll_imu,10,1.0,1.6351741715936556,1.6150917787240189,1.6527871780380874,384,1000,0.95,0
id,tcn,damped_persistence,0,roll_imu,20,2.0,0.9702531784583208,0.9580936135083673,0.9811116720761225,384,1000,0.95,0
id,tcn,damped_persistence,0,roll_imu,30,3.0,0.6135070923206313,0.6058487219186727,0.6205522243297967,384,1000,0.95,0
id,tcn,damped_persistence,0,roll_imu,50,5.0,0.30524622291307035,0.3021740677939353,0.30823039587767265,384,1000,0.95,0
id,tcn,damped_persistence,0,roll_imu,100,10.0,0.7827827392633833,0.7522261441357315,0.8165012731083303,384,1000,0.95,0
id,tcn,damped_persistence,0,roll_imu,150,15.0,0.5598785718939727,0.5377350165687048,0.582343853416851,384,1000,0.95,0
id,tcn,damped_persistence,0,pitch_imu,10,1.0,1.2137087651297163,1.1781829090216704,1.2508078038473198,384,1000,0.95,0
id,tcn,damped_persistence,0,pitch_imu,20,2.0,0.6338934509616829,0.6147952351502665,0.6537853190536025,384,1000,0.95,0
id,tcn,damped_persistence,0,pitch_imu,30,3.0,0.40057460941332224,0.3891470699295204,0.4122918611093846,384,1000,0.95,0
id,tcn,damped_persistence,0,pitch_imu,50,5.0,0.29346981672360944,0.2888306993371087,0.2987421933315638,384,1000,0.95,0
id,tcn,damped_persistence,0,pitch_imu,100,10.0,0.4033852372289033,0.3771795097302156,0.4300458232549095,384,1000,0.95,0
id,tcn,damped_persistence,0,pitch_imu,150,15.0,0.1737668679988426,0.15321405060387294,0.19504897269879826,384,1000,0.95,0
id,tcn,damped_persistence,0,heave_imu,10,1.0,1.4553648654971731,1.41486134285948,1.4942184708299373,384,1000,0.95,0
id,tcn,damped_persistence,0,heave_imu,20,2.0,0.8305465312280108,0.8069105626925297,0.8530858402378158,384,1000,0.95,0
id,tcn,damped_persistence,0,heave_imu,30,3.0,0.5282186254300487,0.5135466321529926,0.5426634515366707,384,1000,0.95,0
id,tcn,damped_persistence,0,heave_imu,50,5.0,0.3056636052184786,0.29938227506413007,0.3116827692541282,384,1000,0.95,0
id,tcn,damped_persistence,0,heave_imu,100,10.0,0.6677435419216305,0.6254965105011089,0.7196422644132963,384,1000,0.95,0
id,tcn,damped_persistence,0,heave_imu,150,15.0,0.32597765427287695,0.2987025043117166,0.3544783129333993,384,1000,0.95,0
id,tcn,damped_persistence,0,roll_rate_imu,10,1.0,1.5920390732439818,1.5662165461658848,1.6151914132167806,384,1000,0.95,0
id,tcn,damped_persistence,0,roll_rate_imu,20,2.0,0.9344020667890889,0.9196176161797578,0.9480075625912252,384,1000,0.95,0
id,tcn,damped_persistence,0,roll_rate_imu,30,3.0,0.5886135564520604,0.579920731053307,0.596644528663985,384,1000,0.95,0
id,tcn,damped_persistence,0,roll_rate_imu,50,5.0,0.29658883257044477,0.294007637722497,0.2992179593163858,384,1000,0.95,0
id,tcn,damped_persistence,0,roll_rate_imu,100,10.0,0.8429506374536804,0.8116643585634374,0.8757100569945858,384,1000,0.95,0
id,tcn,damped_persistence,0,roll_rate_imu,150,15.0,0.5042847146052966,0.4821905233926611,0.5264765806872831,384,1000,0.95,0
id,tcn,damped_persistence,0,pitch_rate_imu,10,1.0,1.0802346036940753,1.052509941764199,1.1086363894723708,384,1000,0.95,0
id,tcn,damped_persistence,0,pitch_rate_imu,20,2.0,0.5347969958773787,0.5220605924274042,0.5485364255196324,384,1000,0.95,0
id,tcn,damped_persistence,0,pitch_rate_imu,30,3.0,0.34431577738768665,0.3378406021382825,0.35121510881768436,384,1000,0.95,0
id,tcn,damped_persistence,0,pitch_rate_imu,50,5.0,0.3028534319798837,0.2961803765434096,0.3108512065152953,384,1000,0.95,0
id,tcn,damped_persistence,0,pitch_rate_imu,100,10.0,0.2780728274655663,0.25909804237689055,0.29783712209345586,384,1000,0.95,0
id,tcn,damped_persistence,0,pitch_rate_imu,150,15.0,0.11638428563541225,0.10410649376240576,0.12918080912931368,384,1000,0.95,0
id,tcn,damped_persistence,0,heave_rate_imu,10,1.0,1.3593574395280978,1.3220546840304719,1.3935827906978924,384,1000,0.95,0
id,tcn,damped_persistence,0,heave_rate_imu,20,2.0,0.7437789634225029,0.7235627916358992,0.7626950293979181,384,1000,0.95,0
id,tcn,damped_persistence,0,heave_rate_imu,30,3.0,0.4658199745818282,0.4542458004748888,0.477261081343152,384,1000,0.95,0
id,tcn,damped_persistence,0,heave_rate_imu,50,5.0,0.28930655225456614,0.2855460623767876,0.29316002153968906,384,1000,0.95,0
id,tcn,damped_persistence,0,heave_rate_imu,100,10.0,0.6759021101645818,0.6338032292376543,0.7175956875747338,384,1000,0.95,0
id,tcn,damped_persistence,0,heave_rate_imu,150,15.0,0.23534614924615344,0.22069431124370864,0.25035441217766946,384,1000,0.95,0
id,tcn,damped_persistence,1,roll_imu,10,1.0,1.6350230873225742,1.61491914336381,1.6527217484623373,384,1000,0.95,0
id,tcn,damped_persistence,1,roll_imu,20,2.0,0.970214640801488,0.9580723233579951,0.9810724316557391,384,1000,0.95,0
id,tcn,damped_persistence,1,roll_imu,30,3.0,0.6134901302056748,0.6058394777484593,0.6205303676105856,384,1000,0.95,0
id,tcn,damped_persistence,1,roll_imu,50,5.0,0.3052957035762573,0.3022332256411826,0.3082688191886018,384,1000,0.95,0
id,tcn,damped_persistence,1,roll_imu,100,10.0,0.7832767900628634,0.7526274975402715,0.8171281603462842,384,1000,0.95,0
id,tcn,damped_persistence,1,roll_imu,150,15.0,0.5602440545313709,0.538085745897282,0.5826684865170548,384,1000,0.95,0
id,tcn,damped_persistence,1,pitch_imu,10,1.0,1.2138186053248745,1.178224295885735,1.2509770964733409,384,1000,0.95,0
id,tcn,damped_persistence,1,pitch_imu,20,2.0,0.6338299790649046,0.6147525320019099,0.6536790109149091,384,1000,0.95,0
id,tcn,damped_persistence,1,pitch_imu,30,3.0,0.4007199734305308,0.3893178692358731,0.4124541648050933,384,1000,0.95,0
id,tcn,damped_persistence,1,pitch_imu,50,5.0,0.29375336448766537,0.2891444761356249,0.29899013066215996,384,1000,0.95,0
id,tcn,damped_persistence,1,pitch_imu,100,10.0,0.4034151927971756,0.3770401715510622,0.4299890059300094,384,1000,0.95,0
id,tcn,damped_persistence,1,pitch_imu,150,15.0,0.1733237848566145,0.15305164192179913,0.1943957117899631,384,1000,0.95,0
id,tcn,damped_persistence,1,heave_imu,10,1.0,1.4560579109547125,1.415636806764207,1.494902708677353,384,1000,0.95,0
id,tcn,damped_persistence,1,heave_imu,20,2.0,0.8307411881849815,0.8071209217426738,0.8532643951587077,384,1000,0.95,0
id,tcn,damped_persistence,1,heave_imu,30,3.0,0.5283020793523261,0.5136282663112082,0.5427370660013436,384,1000,0.95,0
id,tcn,damped_persistence,1,heave_imu,50,5.0,0.3056872090498431,0.2994083440203178,0.3117210279146713,384,1000,0.95,0
id,tcn,damped_persistence,1,heave_imu,100,10.0,0.6673852070810168,0.6252972306233782,0.7192232895573446,384,1000,0.95,0
id,tcn,damped_persistence,1,heave_imu,150,15.0,0.32635960718534357,0.2988461127212983,0.3546742362900925,384,1000,0.95,0
id,tcn,damped_persistence,1,roll_rate_imu,10,1.0,1.5930706742456597,1.5674297870889489,1.6162139745745296,384,1000,0.95,0
id,tcn,damped_persistence,1,roll_rate_imu,20,2.0,0.9342319663648374,0.9193888990994504,0.9478330517403022,384,1000,0.95,0
id,tcn,damped_persistence,1,roll_rate_imu,30,3.0,0.5885767374624445,0.57989886602029,0.5966077910066853,384,1000,0.95,0
id,tcn,damped_persistence,1,roll_rate_imu,50,5.0,0.2966373815824845,0.29404399615517074,0.2992785535142332,384,1000,0.95,0
id,tcn,damped_persistence,1,roll_rate_imu,100,10.0,0.8427747980126554,0.8115197131794599,0.875563023021839,384,1000,0.95,0
id,tcn,damped_persistence,1,roll_rate_imu,150,15.0,0.504309422251948,0.48224957396568896,0.5263823022656492,384,1000,0.95,0
id,tcn,damped_persistence,1,pitch_rate_imu,10,1.0,1.0802464797145523,1.0524776432260172,1.1086277497656742,384,1000,0.95,0
id,tcn,damped_persistence,1,pitch_rate_imu,20,2.0,0.5350772165335257,0.5224049235335338,0.5487901796033654,384,1000,0.95,0
id,tcn,damped_persistence,1,pitch_rate_imu,30,3.0,0.34433838289277896,0.33785401604775617,0.35123959822307604,384,1000,0.95,0
id,tcn,damped_persistence,1,pitch_rate_imu,50,5.0,0.30299556222037793,0.2962342560931168,0.3109998980722934,384,1000,0.95,0
id,tcn,damped_persistence,1,pitch_rate_imu,100,10.0,0.27913973290305855,0.2602913545495314,0.29864952749475143,384,1000,0.95,0
id,tcn,damped_persistence,1,pitch_rate_imu,150,15.0,0.11765930892932124,0.10539352044460437,0.13035787502523877,384,1000,0.95,0
id,tcn,damped_persistence,1,heave_rate_imu,10,1.0,1.360585089460487,1.3232711484350905,1.394850196920068,384,1000,0.95,0
id,tcn,damped_persistence,1,heave_rate_imu,20,2.0,0.7438994316371198,0.7236971861375641,0.7628387004216711,384,1000,0.95,0
id,tcn,damped_persistence,1,heave_rate_imu,30,3.0,0.4658769752654102,0.45431643412939565,0.47733097977295635,384,1000,0.95,0
id,tcn,damped_persistence,1,heave_rate_imu,50,5.0,0.28933523352141066,0.28556588314734094,0.2931497945024508,384,1000,0.95,0
id,tcn,damped_persistence,1,heave_rate_imu,100,10.0,0.6765378222053869,0.6347158874107683,0.7179281960765105,384,1000,0.95,0
id,tcn,damped_persistence,1,heave_rate_imu,150,15.0,0.23592128476016075,0.2216240164766802,0.2509366130092684,384,1000,0.95,0
id,tcn,damped_persistence,2,roll_imu,10,1.0,1.6348537468106523,1.6146867452171694,1.652562597700791,384,1000,0.95,0
id,tcn,damped_persistence,2,roll_imu,20,2.0,0.97020271581908,0.9580347383680209,0.9810718521993131,384,1000,0.95,0
id,tcn,damped_persistence,2,roll_imu,30,3.0,0.6135335477332646,0.6058820307620151,0.6205831906654451,384,1000,0.95,0
id,tcn,damped_persistence,2,roll_imu,50,5.0,0.3053125595324988,0.3022472553595176,0.30828586995520585,384,1000,0.95,0
id,tcn,damped_persistence,2,roll_imu,100,10.0,0.7829190615733487,0.7524195155619928,0.8166474888714221,384,1000,0.95,0
id,tcn,damped_persistence,2,roll_imu,150,15.0,0.5599768520356111,0.5376176667907645,0.5825498598311024,384,1000,0.95,0
id,tcn,damped_persistence,2,pitch_imu,10,1.0,1.213948955700315,1.1784210224629923,1.2510011873558236,384,1000,0.95,0
id,tcn,damped_persistence,2,pitch_imu,20,2.0,0.633737002331164,0.6146435565402949,0.6535815236789846,384,1000,0.95,0
id,tcn,damped_persistence,2,pitch_imu,30,3.0,0.40067477716356265,0.38923476732432094,0.41236514505069066,384,1000,0.95,0
id,tcn,damped_persistence,2,pitch_imu,50,5.0,0.2937180930895593,0.2891253546776274,0.29899132930900213,384,1000,0.95,0
id,tcn,damped_persistence,2,pitch_imu,100,10.0,0.40345711088637853,0.3769271079053045,0.43015531449760414,384,1000,0.95,0
id,tcn,damped_persistence,2,pitch_imu,150,15.0,0.17330082220297413,0.15303303805707189,0.19466342085490507,384,1000,0.95,0
id,tcn,damped_persistence,2,heave_imu,10,1.0,1.4554096002216457,1.4150010904028723,1.4942100662914897,384,1000,0.95,0
id,tcn,damped_persistence,2,heave_imu,20,2.0,0.8307399567700303,0.8071018071531927,0.8532666516852948,384,1000,0.95,0
id,tcn,damped_persistence,2,heave_imu,30,3.0,0.5283546195228164,0.5136899098793444,0.5427883497763248,384,1000,0.95,0
id,tcn,damped_persistence,2,heave_imu,50,5.0,0.30563237977814184,0.2993745448977911,0.3116705013940006,384,1000,0.95,0
id,tcn,damped_persistence,2,heave_imu,100,10.0,0.6677484019011266,0.6256052081553205,0.7195321652295682,384,1000,0.95,0
id,tcn,damped_persistence,2,heave_imu,150,15.0,0.326076601226152,0.2987265125675515,0.35448275504927335,384,1000,0.95,0
id,tcn,damped_persistence,2,roll_rate_imu,10,1.0,1.5915851811078903,1.5656080359082705,1.614876921357574,384,1000,0.95,0
id,tcn,damped_persistence,2,roll_rate_imu,20,2.0,0.934283018711806,0.9194753268044465,0.9478912321890787,384,1000,0.95,0
id,tcn,damped_persistence,2,roll_rate_imu,30,3.0,0.588685370458859,0.5800305649564312,0.5967043215022132,384,1000,0.95,0
id,tcn,damped_persistence,2,roll_rate_imu,50,5.0,0.2966267966833304,0.29403402417479985,0.29926008485048866,384,1000,0.95,0
id,tcn,damped_persistence,2,roll_rate_imu,100,10.0,0.8427001411358184,0.8113251823703196,0.8753627325253167,384,1000,0.95,0
id,tcn,damped_persistence,2,roll_rate_imu,150,15.0,0.5037689188299453,0.48170971589257566,0.5257740710157381,384,1000,0.95,0
id,tcn,damped_persistence,2,pitch_rate_imu,10,1.0,1.0793465069483146,1.051491023982216,1.1077635856224586,384,1000,0.95,0
id,tcn,damped_persistence,2,pitch_rate_imu,20,2.0,0.5350873108771439,0.5223868933184158,0.5487752879139379,384,1000,0.95,0
id,tcn,damped_persistence,2,pitch_rate_imu,30,3.0,0.3441665440307631,0.33767285331304137,0.35108139594970095,384,1000,0.95,0
id,tcn,damped_persistence,2,pitch_rate_imu,50,5.0,0.3027080562235867,0.2960804475374503,0.3106797423131494,384,1000,0.95,0
id,tcn,damped_persistence,2,pitch_rate_imu,100,10.0,0.2789070632823465,0.2600552970023291,0.29862765033924926,384,1000,0.95,0
id,tcn,damped_persistence,2,pitch_rate_imu,150,15.0,0.11658398869057733,0.10445200846015829,0.12950363546889593,384,1000,0.95,0
id,tcn,damped_persistence,2,heave_rate_imu,10,1.0,1.360823126124814,1.3235179551291054,1.3950668130902562,384,1000,0.95,0
id,tcn,damped_persistence,2,heave_rate_imu,20,2.0,0.7439776162355276,0.7237839568284611,0.7628525232181599,384,1000,0.95,0
id,tcn,damped_persistence,2,heave_rate_imu,30,3.0,0.4658057098779008,0.4542540302587406,0.47725190680228424,384,1000,0.95,0
id,tcn,damped_persistence,2,heave_rate_imu,50,5.0,0.28932214082307467,0.28554351904681546,0.2931501236717738,384,1000,0.95,0
id,tcn,damped_persistence,2,heave_rate_imu,100,10.0,0.6767875457886036,0.6346113937265876,0.7185349753122043,384,1000,0.95,0
id,tcn,damped_persistence,2,heave_rate_imu,150,15.0,0.23538505512522725,0.2209535614434479,0.25044314132658224,384,1000,0.95,0
id,tcn,window_mean,0,roll_imu,10,1.0,4.474076158232065,4.403174761437042,4.535539956309972,384,1000,0.95,0
id,tcn,window_mean,0,roll_imu,20,2.0,1.261620285076607,1.241004437435481,1.2797223659638526,384,1000,0.95,0
id,tcn,window_mean,0,roll_imu,30,3.0,0.6284269741363923,0.6187652361474498,0.6372236967656513,384,1000,0.95,0
id,tcn,window_mean,0,roll_imu,50,5.0,0.288564746048647,0.2853558736769343,0.29170217478267624,384,1000,0.95,0
id,tcn,window_mean,0,roll_imu,100,10.0,0.7841942993461053,0.7535200480041369,0.8180441485575989,384,1000,0.95,0
id,tcn,window_mean,0,roll_imu,150,15.0,0.5598893810873011,0.5377438411642764,0.5823569152404774,384,1000,0.95,0
id,tcn,window_mean,0,pitch_imu,10,1.0,2.118437248387938,2.028559043701288,2.213028984409338,384,1000,0.95,0
id,tcn,window_mean,0,pitch_imu,20,2.0,0.6576286165304482,0.6319430366527051,0.6843133900392765,384,1000,0.95,0
id,tcn,window_mean,0,pitch_imu,30,3.0,0.3832724406149276,0.3705769200780834,0.39620321634143096,384,1000,0.95,0
id,tcn,window_mean,0,pitch_imu,50,5.0,0.2898886828591775,0.28518151262388347,0.29520675845449484,384,1000,0.95,0
id,tcn,window_mean,0,pitch_imu,100,10.0,0.4034097296252198,0.37719720001860857,0.4300762678383789,384,1000,0.95,0
id,tcn,window_mean,0,pitch_imu,150,15.0,0.1737668574370783,0.15321402092768455,0.1950489970444011,384,1000,0.95,0
id,tcn,window_mean,0,heave_imu,10,1.0,3.305147036023572,3.1751377968357684,3.4282721786143506,384,1000,0.95,0
id,tcn,window_mean,0,heave_imu,20,2.0,0.971012223228135,0.9347670329756511,1.0058133972829604,384,1000,0.95,0
id,tcn,window_mean,0,heave_imu,30,3.0,0.5193818071764273,0.5014961305446708,0.5365050387095294,384,1000,0.95,0
id,tcn,window_mean,0,heave_imu,50,5.0,0.29538949777142687,0.2889231350606667,0.301586990032915,384,1000,0.95,0
id,tcn,window_mean,0,heave_imu,100,10.0,0.6681312373540054,0.6258162793859018,0.7201040846263757,384,1000,0.95,0
id,tcn,window_mean,0,heave_imu,150,15.0,0.32597741540448266,0.2987015157776399,0.3544787452793941,384,1000,0.95,0
id,tcn,window_mean,0,roll_rate_imu,10,1.0,4.207424489055621,4.116458439036362,4.288540663757836,384,1000,0.95,0
id,tcn,window_mean,0,roll_rate_imu,20,2.0,1.1889225287148972,1.1644016619620239,1.2113467028821812,384,1000,0.95,0
id,tcn,window_mean,0,roll_rate_imu,30,3.0,0.5966331147706709,0.5857506394512304,0.606711958038682,384,1000,0.95,0
id,tcn,window_mean,0,roll_rate_imu,50,5.0,0.2811493511121497,0.2784599132416771,0.283897487191384,384,1000,0.95,0
id,tcn,window_mean,0,roll_rate_imu,100,10.0,0.8443248828012317,0.8129504672938085,0.8771852756466995,384,1000,0.95,0
id,tcn,window_mean,0,roll_rate_imu,150,15.0,0.504288851253991,0.4821931226697499,0.5264824816323044,384,1000,0.95,0
id,tcn,window_mean,0,pitch_rate_imu,10,1.0,1.6394154145579973,1.5793261772938798,1.7019094002143291,384,1000,0.95,0
id,tcn,window_mean,0,pitch_rate_imu,20,2.0,0.5300148601279505,0.5142465636197349,0.547030659638788,384,1000,0.95,0
id,tcn,window_mean,0,pitch_rate_imu,30,3.0,0.33007980606862036,0.32320215755730464,0.33743323165377603,384,1000,0.95,0
id,tcn,window_mean,0,pitch_rate_imu,50,5.0,0.30149815732585894,0.29473925333396844,0.30955597631293824,384,1000,0.95,0
id,tcn,window_mean,0,pitch_rate_imu,100,10.0,0.27807421121006387,0.259098694093409,0.2978389539077366,384,1000,0.95,0
id,tcn,window_mean,0,pitch_rate_imu,150,15.0,0.1163842861557552,0.10410649332521804,0.1291808118264701,384,1000,0.95,0
id,tcn,window_mean,0,heave_rate_imu,10,1.0,2.7582043590516894,2.649567851588828,2.8600368803794343,384,1000,0.95,0
id,tcn,window_mean,0,heave_rate_imu,20,2.0,0.8221036305187095,0.7922054618421345,0.8498508395167487,384,1000,0.95,0
id,tcn,window_mean,0,heave_rate_imu,30,3.0,0.4502395256536002,0.4366718118465078,0.463509714783383,384,1000,0.95,0
id,tcn,window_mean,0,heave_rate_imu,50,5.0,0.28223916318181136,0.2783942631030271,0.2861551957233928,384,1000,0.95,0
id,tcn,window_mean,0,heave_rate_imu,100,10.0,0.6761077476446561,0.6339770504134086,0.7178349193235444,384,1000,0.95,0
id,tcn,window_mean,0,heave_rate_imu,150,15.0,0.2353457144289648,0.22069368175324205,0.25035405565859237,384,1000,0.95,0
id,tcn,window_mean,1,roll_imu,10,1.0,4.4739250739609835,4.403007643578773,4.535376275705674,384,1000,0.95,0
id,tcn,window_mean,1,roll_imu,20,2.0,1.2615817474197741,1.2409454843475047,1.2796835471351677,384,1000,0.95,0
id,tcn,window_mean,1,roll_imu,30,3.0,0.6284100120214358,0.6187419437403591,0.6371856937510484,384,1000,0.95,0
id,tcn,window_mean,1,roll_imu,50,5.0,0.28861422671183395,0.2854214170057214,0.2917567104851724,384,1000,0.95,0
id,tcn,window_mean,1,roll_imu,100,10.0,0.7846883501455854,0.7539214014086767,0.818670424897806,384,1000,0.95,0
id,tcn,window_mean,1,roll_imu,150,15.0,0.5602548637246993,0.5380945104534898,0.5826818992836951,384,1000,0.95,0
id,tcn,window_mean,1,pitch_imu,10,1.0,2.1185470885830964,2.028653048637783,2.2131620223643056,384,1000,0.95,0
id,tcn,window_mean,1,pitch_imu,20,2.0,0.6575651446336699,0.6319375211833181,0.684255598857414,384,1000,0.95,0
id,tcn,window_mean,1,pitch_imu,30,3.0,0.38341780463213615,0.3707646694483264,0.3963655200371397,384,1000,0.95,0
id,tcn,window_mean,1,pitch_imu,50,5.0,0.29017223062323344,0.2855299871127312,0.29544958767786217,384,1000,0.95,0
id,tcn,window_mean,1,pitch_imu,100,10.0,0.4034396851934921,0.37706072753487063,0.43001945051347873,384,1000,0.95,0
id,tcn,window_mean,1,pitch_imu,150,15.0,0.17332377429485019,0.1530516239993943,0.1943957258281676,384,1000,0.95,0
id,tcn,window_mean,1,heave_imu,10,1.0,3.305840081481111,3.175821863743907,3.428968943235903,384,1000,0.95,0
id,tcn,window_mean,1,heave_imu,20,2.0,0.9712068801851058,0.9349515157481593,1.00599650379025,384,1000,0.95,0
id,tcn,window_mean,1,heave_imu,30,3.0,0.5194652610987047,0.5015783234811826,0.5365786531742022,384,1000,0.95,0
id,tcn,window_mean,1,heave_imu,50,5.0,0.2954131016027914,0.2889492040168545,0.3016118145645029,384,1000,0.95,0
id,tcn,window_mean,1,heave_imu,100,10.0,0.6677729025133917,0.6256274586028411,0.7196868882240477,384,1000,0.95,0
id,tcn,window_mean,1,heave_imu,150,15.0,0.3263593683169493,0.29884533665129936,0.35467471348093066,384,1000,0.95,0
id,tcn,window_mean,1,roll_rate_imu,10,1.0,4.208456090057299,4.117529091370925,4.289485720717959,384,1000,0.95,0
id,tcn,window_mean,1,roll_rate_imu,20,2.0,1.1887524282906459,1.1641840856030876,1.2111564866645492,384,1000,0.95,0
id,tcn,window_mean,1,roll_rate_imu,30,3.0,0.5965962957810551,0.5857151907802454,0.6066884894032049,384,1000,0.95,0
id,tcn,window_mean,1,roll_rate_imu,50,5.0,0.28119790012418944,0.2784966761976664,0.2839561120327609,384,1000,0.95,0
id,tcn,window_mean,1,roll_rate_imu,100,10.0,0.844149043360207,0.8127966658620178,0.8770359546487664,384,1000,0.95,0
id,tcn,window_mean,1,roll_rate_imu,150,15.0,0.5043135589006424,0.4822521732427778,0.5263882032106705,384,1000,0.95,0
id,tcn,window_mean,1,pitch_rate_imu,10,1.0,1.6394272905784744,1.5792942551748224,1.7019304520373832,384,1000,0.95,0
id,tcn,window_mean,1,pitch_rate_imu,20,2.0,0.5302950807840975,0.5145908947258645,0.5473532151038105,384,1000,0.95,0
id,tcn,window_mean,1,pitch_rate_imu,30,3.0,0.3301024115737127,0.32320362412228326,0.3374371240737337,384,1000,0.95,0
id,tcn,window_mean,1,pitch_rate_imu,50,5.0,0.3016402875663532,0.29481572556661434,0.3097045418181397,384,1000,0.95,0
id,tcn,window_mean,1,pitch_rate_imu,100,10.0,0.2791411166475561,0.26029199972827716,0.29865168111791146,384,1000,0.95,0
id,tcn,window_mean,1,pitch_rate_imu,150,15.0,0.1176593094496642,0.10539351967554021,0.13035787770297727,384,1000,0.95,0
id,tcn,window_mean,1,heave_rate_imu,10,1.0,2.7594320089840787,2.650788920150504,2.861292542594918,384,1000,0.95,0
id,tcn,window_mean,1,heave_rate_imu,20,2.0,0.8222240987333264,0.7923060736947088,0.8499643879169303,384,1000,0.95,0
id,tcn,window_mean,1,heave_rate_imu,30,3.0,0.4502965263371822,0.4367578939352871,0.46356540298926663,384,1000,0.95,0
id,tcn,window_mean,1,heave_rate_imu,50,5.0,0.2822678444486559,0.2784107427010441,0.2861391002593363,384,1000,0.95,0
id,tcn,window_mean,1,heave_rate_imu,100,10.0,0.6767434596854612,0.6348897085865227,0.7181674278253212,384,1000,0.95,0
id,tcn,window_mean,1,heave_rate_imu,150,15.0,0.2359208499429721,0.22162346906663932,0.25093625578479256,384,1000,0.95,0
id,tcn,window_mean,2,roll_imu,10,1.0,4.473755733449061,4.402737443972075,4.535258373890619,384,1000,0.95,0
id,tcn,window_mean,2,roll_imu,20,2.0,1.2615698224373662,1.2409440347479772,1.2796826475830767,384,1000,0.95,0
id,tcn,window_mean,2,roll_imu,30,3.0,0.6284534295490256,0.6187983536862929,0.637243620336345,384,1000,0.95,0
id,tcn,window_mean,2,roll_imu,50,5.0,0.2886310826680754,0.2854339317843945,0.29175773268048477,384,1000,0.95,0
id,tcn,window_mean,2,roll_imu,100,10.0,0.7843306216560707,0.753713419430398,0.8181897579052673,384,1000,0.95,0
id,tcn,window_mean,2,roll_imu,150,15.0,0.5599876612289394,0.5376264803872569,0.5825629216547287,384,1000,0.95,0
id,tcn,window_mean,2,pitch_imu,10,1.0,2.1186774389585366,2.028817174927922,2.213258681761033,384,1000,0.95,0
id,tcn,window_mean,2,pitch_imu,20,2.0,0.6574721678999295,0.6318115086302074,0.6841614301078268,384,1000,0.95,0
id,tcn,window_mean,2,pitch_imu,30,3.0,0.383372608365168,0.37070795958074826,0.396276500282737,384,1000,0.95,0
id,tcn,window_mean,2,pitch_imu,50,5.0,0.2901369592251274,0.28547922363495964,0.295437959116788,384,1000,0.95,0
id,tcn,window_mean,2,pitch_imu,100,10.0,0.40348160328269506,0.37694693297744847,0.43018571975613246,384,1000,0.95,0
id,tcn,window_mean,2,pitch_imu,150,15.0,0.1733008116412098,0.15303301296629698,0.1946634277620505,384,1000,0.95,0
id,tcn,window_mean,2,heave_imu,10,1.0,3.305191770748044,3.175286223025494,3.42829860666015,384,1000,0.95,0
id,tcn,window_mean,2,heave_imu,20,2.0,0.9712056487701546,0.9349638526290699,1.0060044382128974,384,1000,0.95,0
id,tcn,window_mean,2,heave_imu,30,3.0,0.519517801269195,0.5016386380214723,0.5366299369491835,384,1000,0.95,0
id,tcn,window_mean,2,heave_imu,50,5.0,0.29535827233109013,0.28891540489432777,0.3015981899186161,384,1000,0.95,0
id,tcn,window_mean,2,heave_imu,100,10.0,0.6681360973335015,0.6259317475441413,0.7199984033772152,384,1000,0.95,0
id,tcn,window_mean,2,heave_imu,150,15.0,0.3260763623577577,0.29872552403347485,0.35448323224011147,384,1000,0.95,0
id,tcn,window_mean,2,roll_rate_imu,10,1.0,4.20697059691953,4.116080900219503,4.288154352283798,384,1000,0.95,0
id,tcn,window_mean,2,roll_rate_imu,20,2.0,1.1888034806376142,1.1642435313000412,1.2112521111892742,384,1000,0.95,0
id,tcn,window_mean,2,roll_rate_imu,30,3.0,0.5967049287774695,0.58589531903246,0.6067900003940689,384,1000,0.95,0
id,tcn,window_mean,2,roll_rate_imu,50,5.0,0.2811873152250353,0.2784726853963271,0.2839351978399844,384,1000,0.95,0
id,tcn,window_mean,2,roll_rate_imu,100,10.0,0.8440743864833699,0.8126114096965454,0.8768379511774302,384,1000,0.95,0
id,tcn,window_mean,2,roll_rate_imu,150,15.0,0.5037730554786398,0.48171240075420924,0.5257795067730824,384,1000,0.95,0
id,tcn,window_mean,2,pitch_rate_imu,10,1.0,1.6385273178122364,1.5783267688335565,1.7009665236823506,384,1000,0.95,0
id,tcn,window_mean,2,pitch_rate_imu,20,2.0,0.5303051751277157,0.5145728645107465,0.5472941557756702,384,1000,0.95,0
id,tcn,window_mean,2,pitch_rate_imu,30,3.0,0.32993057271169673,0.32299534229099985,0.3372697131875406,384,1000,0.95,0
id,tcn,window_mean,2,pitch_rate_imu,50,5.0,0.301352781569562,0.2946791952158037,0.30938657586679713,384,1000,0.95,0
id,tcn,window_mean,2,pitch_rate_imu,100,10.0,0.27890844702684403,0.26005579997389444,0.29862933279467957,384,1000,0.95,0
id,tcn,window_mean,2,pitch_rate_imu,150,15.0,0.1165839892109203,0.10445200801254287,0.12950363753638203,384,1000,0.95,0
id,tcn,window_mean,2,heave_rate_imu,10,1.0,2.7596700456484053,2.651043562035455,2.86149183543393,384,1000,0.95,0
id,tcn,window_mean,2,heave_rate_imu,20,2.0,0.822302283331734,0.7923830750354004,0.8500303907786695,384,1000,0.95,0
id,tcn,window_mean,2,heave_rate_imu,30,3.0,0.4502252609496728,0.43667979930855594,0.46350480299978963,384,1000,0.95,0
id,tcn,window_mean,2,heave_rate_imu,50,5.0,0.28225475175031983,0.2783916707650262,0.2861601347285456,384,1000,0.95,0
id,tcn,window_mean,2,heave_rate_imu,100,10.0,0.6769931832686777,0.6347852149023421,0.7187742070610149,384,1000,0.95,0
id,tcn,window_mean,2,heave_rate_imu,150,15.0,0.2353846203080386,0.2209529326838113,0.2504428176727613,384,1000,0.95,0
unseen_seastate,tcn,ar20,0,roll_imu,10,1.0,-0.005302447678049543,-0.005805416409725719,-0.004856271201229522,480,1000,0.95,0
unseen_seastate,tcn,ar20,0,roll_imu,20,2.0,-0.001139030606723745,-0.0013143117969421504,-0.0009367473421803085,480,1000,0.95,0
unseen_seastate,tcn,ar20,0,roll_imu,30,3.0,0.0021562577700039837,0.0015887309786591038,0.0028079640591618382,480,1000,0.95,0
unseen_seastate,tcn,ar20,0,roll_imu,50,5.0,0.013856197665381969,0.01201091465099496,0.015867213341231756,480,1000,0.95,0
unseen_seastate,tcn,ar20,0,roll_imu,100,10.0,0.06043562902372739,0.04982210801301253,0.07237692017059984,480,1000,0.95,0
unseen_seastate,tcn,ar20,0,roll_imu,150,15.0,0.049584848059939735,0.037111435375584485,0.06450548052466434,480,1000,0.95,0
unseen_seastate,tcn,ar20,0,pitch_imu,10,1.0,-0.011753998256008842,-0.012812363086491139,-0.010764102990859248,480,1000,0.95,0
unseen_seastate,tcn,ar20,0,pitch_imu,20,2.0,0.01293279038699363,0.00847103839096694,0.018270210839156198,480,1000,0.95,0
unseen_seastate,tcn,ar20,0,pitch_imu,30,3.0,0.06355139661069353,0.051694385215912055,0.0771995682629201,480,1000,0.95,0
unseen_seastate,tcn,ar20,0,pitch_imu,50,5.0,0.030285474475890344,0.014427853891326885,0.04807348995068457,480,1000,0.95,0
unseen_seastate,tcn,ar20,0,pitch_imu,100,10.0,-0.17024717981912935,-0.28063587211320523,-0.0674094332456461,480,1000,0.95,0
unseen_seastate,tcn,ar20,0,pitch_imu,150,15.0,-0.2441768704668388,-0.26405842529443774,-0.22356846816457768,480,1000,0.95,0
unseen_seastate,tcn,ar20,0,heave_imu,10,1.0,-0.007216676052899042,-0.007467403815055173,-0.006989914081231473,480,1000,0.95,0
unseen_seastate,tcn,ar20,0,heave_imu,20,2.0,-0.0038099363894614595,-0.003986729789244812,-0.003646750539934862,480,1000,0.95,0
unseen_seastate,tcn,ar20,0,heave_imu,30,3.0,-0.002524853749639616,-0.002824644581720867,-0.002214349852782555,480,1000,0.95,0
unseen_seastate,tcn,ar20,0,heave_imu,50,5.0,0.017161234538974106,0.013949706522139688,0.0209246501775128,480,1000,0.95,0
unseen_seastate,tcn,ar20,0,heave_imu,100,10.0,0.2038471148138514,0.15286133063536617,0.2630137768298754,480,1000,0.95,0
unseen_seastate,tcn,ar20,0,heave_imu,150,15.0,-0.07012254724772404,-0.10572943228869346,-0.02637242766501573,480,1000,0.95,0
unseen_seastate,tcn,ar20,0,roll_rate_imu,10,1.0,-0.005203422897640309,-0.005776599718968143,-0.004669492316950939,480,1000,0.95,0
unseen_seastate,tcn,ar20,0,roll_rate_imu,20,2.0,0.004032458366051898,0.0032143567663643516,0.004980884650454945,480,1000,0.95,0
unseen_seastate,tcn,ar20,0,roll_rate_imu,30,3.0,0.008156070495481412,0.006937993521622817,0.00944964480433252,480,1000,0.95,0
unseen_seastate,tcn,ar20,0,roll_rate_imu,50,5.0,0.0011509932831266325,0.00036193667411697425,0.0020767004129612705,480,1000,0.95,0
unseen_seastate,tcn,ar20,0,roll_rate_imu,100,10.0,-0.0026416237397082834,-0.018705971434670527,0.01630718004517957,480,1000,0.95,0
unseen_seastate,tcn,ar20,0,roll_rate_imu,150,15.0,-0.029572185811538528,-0.04174939426640764,-0.015007822003945058,480,1000,0.95,0
unseen_seastate,tcn,ar20,0,pitch_rate_imu,10,1.0,-0.0009415625767542629,-0.005735445062878906,0.005232997075140878,480,1000,0.95,0
unseen_seastate,tcn,ar20,0,pitch_rate_imu,20,2.0,0.04373529642693395,0.033822808311939,0.05551232922025267,480,1000,0.95,0
unseen_seastate,tcn,ar20,0,pitch_rate_imu,30,3.0,0.025413634883501873,0.019279328417612592,0.03310200380064856,480,1000,0.95,0
unseen_seastate,tcn,ar20,0,pitch_rate_imu,50,5.0,0.06230079089436132,0.02984890247290612,0.09551447576556787,480,1000,0.95,0
unseen_seastate,tcn,ar20,0,pitch_rate_imu,100,10.0,-0.45624549646435963,-0.5168498219506515,-0.38882190242487663,480,1000,0.95,0
unseen_seastate,tcn,ar20,0,pitch_rate_imu,150,15.0,-0.5237201716356902,-0.5451986521892278,-0.5053297314771649,480,1000,0.95,0
unseen_seastate,tcn,ar20,0,heave_rate_imu,10,1.0,-0.010786025899454236,-0.01133703645418717,-0.010283623915782924,480,1000,0.95,0
unseen_seastate,tcn,ar20,0,heave_rate_imu,20,2.0,-0.005703555409795815,-0.006154393612887493,-0.005271808403943753,480,1000,0.95,0
unseen_seastate,tcn,ar20,0,heave_rate_imu,30,3.0,0.003174630176633206,0.0011357886397637186,0.005439801052044642,480,1000,0.95,0
unseen_seastate,tcn,ar20,0,heave_rate_imu,50,5.0,0.03009280498965213,0.02521126785681262,0.03593652515982765,480,1000,0.95,0
unseen_seastate,tcn,ar20,0,heave_rate_imu,100,10.0,0.03257859099570698,-0.02575556505648916,0.09726809920780102,480,1000,0.95,0
unseen_seastate,tcn,ar20,0,heave_rate_imu,150,15.0,-0.1437546987113722,-0.16864388628471902,-0.11374682124141136,480,1000,0.95,0
unseen_seastate,tcn,ar20,1,roll_imu,10,1.0,-0.005341476524505084,-0.00584925079545376,-0.004870980901844406,480,1000,0.95,0
unseen_seastate,tcn,ar20,1,roll_imu,20,2.0,-0.0013391176958401966,-0.0015488881188619626,-0.0011187421256997404,480,1000,0.95,0
unseen_seastate,tcn,ar20,1,roll_imu,30,3.0,0.0019561702296031587,0.0014771961892161704,0.0025025532069728198,480,1000,0.95,0
unseen_seastate,tcn,ar20,1,roll_imu,50,5.0,0.013371956925449827,0.01160167106597295,0.015293612159894538,480,1000,0.95,0
unseen_seastate,tcn,ar20,1,roll_imu,100,10.0,0.06570527969343092,0.054844640588206206,0.07772574246042743,480,1000,0.95,0
unseen_seastate,tcn,ar20,1,roll_imu,150,15.0,0.058022243197048746,0.045623980974779724,0.07226687350916612,480,1000,0.95,0
unseen_seastate,tcn,ar20,1,pitch_imu,10,1.0,-0.016971780805493965,-0.01779473251862226,-0.01620052110789656,480,1000,0.95,0
unseen_seastate,tcn,ar20,1,pitch_imu,20,2.0,-0.0012292720212717862,-0.005492045886096428,0.003956756349846812,480,1000,0.95,0
unseen_seastate,tcn,ar20,1,pitch_imu,30,3.0,0.053187806676131856,0.041467432501822575,0.06677349987954628,480,1000,0.95,0
unseen_seastate,tcn,ar20,1,pitch_imu,50,5.0,0.027510074207326877,0.011674101837981626,0.04532095734539739,480,1000,0.95,0
unseen_seastate,tcn,ar20,1,pitch_imu,100,10.0,-0.12536965040192788,-0.2258468980203632,-0.03151467815348864,480,1000,0.95,0
unseen_seastate,tcn,ar20,1,pitch_imu,150,15.0,-0.24212991999767197,-0.26054035552384713,-0.22295099765170848,480,1000,0.95,0
unseen_seastate,tcn,ar20,1,heave_imu,10,1.0,-0.005657358843723316,-0.005915259006056769,-0.005402490806378897,480,1000,0.95,0
unseen_seastate,tcn,ar20,1,heave_imu,20,2.0,-0.005003126977209862,-0.005183657289681793,-0.004830461617506897,480,1000,0.95,0
unseen_seastate,tcn,ar20,1,heave_imu,30,3.0,-0.0034035418698599583,-0.00365418335714703,-0.003133797477912231,480,1000,0.95,0
unseen_seastate,tcn,ar20,1,heave_imu,50,5.0,0.01841790164737983,0.015265380753473013,0.02208255417443426,480,1000,0.95,0
unseen_seastate,tcn,ar20,1,heave_imu,100,10.0,0.22792173759680448,0.1784262837622481,0.28487023190201033,480,1000,0.95,0
unseen_seastate,tcn,ar20,1,heave_imu,150,15.0,-0.029149139968142588,-0.06381047464074552,0.016293848370831483,480,1000,0.95,0
unseen_seastate,tcn,ar20,1,roll_rate_imu,10,1.0,-0.008141377533240611,-0.008980316086781905,-0.007354995683747894,480,1000,0.95,0
unseen_seastate,tcn,ar20,1,roll_rate_imu,20,2.0,0.002628007631686435,0.0018295899161520324,0.003522633391034406,480,1000,0.95,0
unseen_seastate,tcn,ar20,1,roll_rate_imu,30,3.0,0.007001115452810435,0.00581857933906522,0.008322457896566498,480,1000,0.95,0
unseen_seastate,tcn,ar20,1,roll_rate_imu,50,5.0,0.0022312900315023,0.0014888641870022983,0.003104819479832131,480,1000,0.95,0
unseen_seastate,tcn,ar20,1,roll_rate_imu,100,10.0,0.001093975715462306,-0.014228625669042637,0.019389678049778016,480,1000,0.95,0
unseen_seastate,tcn,ar20,1,roll_rate_imu,150,15.0,-0.018373347009026757,-0.030131066691911835,-0.004151979011538363,480,1000,0.95,0
unseen_seastate,tcn,ar20,1,pitch_rate_imu,10,1.0,-0.02569373481190218,-0.0301702314894343,-0.020131593760603687,480,1000,0.95,0
unseen_seastate,tcn,ar20,1,pitch_rate_imu,20,2.0,0.04201319383144433,0.03225926117320766,0.05381569202137051,480,1000,0.95,0
unseen_seastate,tcn,ar20,1,pitch_rate_imu,30,3.0,0.021786211740263482,0.015375345914063332,0.029704392712204125,480,1000,0.95,0
unseen_seastate,tcn,ar20,1,pitch_rate_imu,50,5.0,0.0692308708239484,0.03970314109268449,0.10064241227952196,480,1000,0.95,0
unseen_seastate,tcn,ar20,1,pitch_rate_imu,100,10.0,-0.4606327347254421,-0.5180262349541072,-0.39400767239554557,480,1000,0.95,0
unseen_seastate,tcn,ar20,1,pitch_rate_imu,150,15.0,-0.5147568336445227,-0.5381815305235282,-0.49544789942209766,480,1000,0.95,0
unseen_seastate,tcn,ar20,1,heave_rate_imu,10,1.0,-0.018499767246903942,-0.01951363752397633,-0.01762592466745704,480,1000,0.95,0
unseen_seastate,tcn,ar20,1,heave_rate_imu,20,2.0,-0.0070304419130373125,-0.0074188994337021676,-0.006599877264402046,480,1000,0.95,0
unseen_seastate,tcn,ar20,1,heave_rate_imu,30,3.0,0.003777557109090341,0.0016993712108967943,0.006006432802957567,480,1000,0.95,0
unseen_seastate,tcn,ar20,1,heave_rate_imu,50,5.0,0.03008355196732559,0.025223553753296563,0.0358542464451399,480,1000,0.95,0
unseen_seastate,tcn,ar20,1,heave_rate_imu,100,10.0,0.03607128771604062,-0.023578496943044393,0.10088281326066567,480,1000,0.95,0
unseen_seastate,tcn,ar20,1,heave_rate_imu,150,15.0,-0.12034245492088912,-0.14582385467770426,-0.09018191099066278,480,1000,0.95,0
unseen_seastate,tcn,ar20,2,roll_imu,10,1.0,-0.007127051283129926,-0.007864653617336449,-0.0064602887010222374,480,1000,0.95,0
unseen_seastate,tcn,ar20,2,roll_imu,20,2.0,-0.002070817442882802,-0.002301522105482813,-0.0018370368742061933,480,1000,0.95,0
unseen_seastate,tcn,ar20,2,roll_imu,30,3.0,0.0012977139977044926,0.0007660787559280039,0.0018818514530486758,480,1000,0.95,0
unseen_seastate,tcn,ar20,2,roll_imu,50,5.0,0.013370475837963951,0.011543148339776486,0.01535316186950062,480,1000,0.95,0
unseen_seastate,tcn,ar20,2,roll_imu,100,10.0,0.06778593901261931,0.05717487736210159,0.0792571860577008,480,1000,0.95,0
unseen_seastate,tcn,ar20,2,roll_imu,150,15.0,0.05854050582504227,0.04669101974648907,0.07298463005923564,480,1000,0.95,0
unseen_seastate,tcn,ar20,2,pitch_imu,10,1.0,-0.01128885135876025,-0.012348744973733217,-0.010470676114060449,480,1000,0.95,0
unseen_seastate,tcn,ar20,2,pitch_imu,20,2.0,0.013440109577439593,0.00956570219887428,0.018169469165074312,480,1000,0.95,0
unseen_seastate,tcn,ar20,2,pitch_imu,30,3.0,0.06251120768183038,0.051098108894677356,0.07578695755785358,480,1000,0.95,0
unseen_seastate,tcn,ar20,2,pitch_imu,50,5.0,0.04003565729777987,0.02517269737251158,0.05691266092394479,480,1000,0.95,0
unseen_seastate,tcn,ar20,2,pitch_imu,100,10.0,-0.13961247378989994,-0.23997873205017464,-0.04299256571517974,480,1000,0.95,0
unseen_seastate,tcn,ar20,2,pitch_imu,150,15.0,-0.23865097202401875,-0.2604315686946791,-0.21700809485864117,480,1000,0.95,0
unseen_seastate,tcn,ar20,2,heave_imu,10,1.0,-0.006244491460801978,-0.00657096026012552,-0.005933051389110568,480,1000,0.95,0
unseen_seastate,tcn,ar20,2,heave_imu,20,2.0,-0.003840099640664405,-0.0040204212409464,-0.0036787074937435385,480,1000,0.95,0
unseen_seastate,tcn,ar20,2,heave_imu,30,3.0,-0.0024535032206430382,-0.002720753537573475,-0.0021434053184191623,480,1000,0.95,0
unseen_seastate,tcn,ar20,2,heave_imu,50,5.0,0.01877922825791372,0.0156522769387172,0.02248998821975682,480,1000,0.95,0
unseen_seastate,tcn,ar20,2,heave_imu,100,10.0,0.23615496073785236,0.1871301129560242,0.29220419284253835,480,1000,0.95,0
unseen_seastate,tcn,ar20,2,heave_imu,150,15.0,-0.030532963458328777,-0.06592915615872047,0.013845700212843405,480,1000,0.95,0
unseen_seastate,tcn,ar20,2,roll_rate_imu,10,1.0,-0.006908004379812994,-0.007572958708611124,-0.006258412890618739,480,1000,0.95,0
unseen_seastate,tcn,ar20,2,roll_rate_imu,20,2.0,0.003076438982301921,0.0022012464485635015,0.004077492516990803,480,1000,0.95,0
unseen_seastate,tcn,ar20,2,roll_rate_imu,30,3.0,0.007561603988196316,0.006341653312799486,0.00893297391460348,480,1000,0.95,0
unseen_seastate,tcn,ar20,2,roll_rate_imu,50,5.0,0.0014100880404681836,0.0006913571954351017,0.00227443008867346,480,1000,0.95,0
unseen_seastate,tcn,ar20,2,roll_rate_imu,100,10.0,0.005054691250986562,-0.01048734748868587,0.023626871061378004,480,1000,0.95,0
unseen_seastate,tcn,ar20,2,roll_rate_imu,150,15.0,-0.023409897845817474,-0.035656460254162706,-0.008931357419664169,480,1000,0.95,0
unseen_seastate,tcn,ar20,2,pitch_rate_imu,10,1.0,0.0006102838686299367,-0.004090963101780944,0.006770325715025086,480,1000,0.95,0
unseen_seastate,tcn,ar20,2,pitch_rate_imu,20,2.0,0.04856682903089122,0.03869505739495983,0.060637328727884236,480,1000,0.95,0
unseen_seastate,tcn,ar20,2,pitch_rate_imu,30,3.0,0.023059883435979766,0.01686393928413894,0.03056858128962792,480,1000,0.95,0
unseen_seastate,tcn,ar20,2,pitch_rate_imu,50,5.0,0.07980457176721825,0.05127014609348897,0.11067371885071915,480,1000,0.95,0
unseen_seastate,tcn,ar20,2,pitch_rate_imu,100,10.0,-0.33942189028360115,-0.39826264932766003,-0.27028553674187805,480,1000,0.95,0
unseen_seastate,tcn,ar20,2,pitch_rate_imu,150,15.0,-0.48240155040250515,-0.5062072140375161,-0.4610837602749414,480,1000,0.95,0
unseen_seastate,tcn,ar20,2,heave_rate_imu,10,1.0,-0.012456233402718724,-0.013084185230577904,-0.011883996905876092,480,1000,0.95,0
unseen_seastate,tcn,ar20,2,heave_rate_imu,20,2.0,-0.005611877906469743,-0.006019121888788548,-0.0052047488815022275,480,1000,0.95,0
unseen_seastate,tcn,ar20,2,heave_rate_imu,30,3.0,0.004589126547368743,0.002526618833598566,0.006848756352306841,480,1000,0.95,0
unseen_seastate,tcn,ar20,2,heave_rate_imu,50,5.0,0.03187228126575337,0.027000819686149202,0.03763580782486321,480,1000,0.95,0
unseen_seastate,tcn,ar20,2,heave_rate_imu,100,10.0,0.0882786222711375,0.03308267483217156,0.14841777093151517,480,1000,0.95,0
unseen_seastate,tcn,ar20,2,heave_rate_imu,150,15.0,-0.10204763352651151,-0.12662799110485923,-0.07214190664595728,480,1000,0.95,0
unseen_seastate,tcn,dlinear_ols,0,roll_imu,10,1.0,0.007002343650889549,0.005532701619159676,0.008687361857956587,480,1000,0.95,0
unseen_seastate,tcn,dlinear_ols,0,roll_imu,20,2.0,0.03836257294164632,0.033603763904525255,0.044061661898522356,480,1000,0.95,0
unseen_seastate,tcn,dlinear_ols,0,roll_imu,30,3.0,0.055874037551450616,0.04859970100568953,0.06448792557270776,480,1000,0.95,0
unseen_seastate,tcn,dlinear_ols,0,roll_imu,50,5.0,0.011500923681405179,0.009986525328538947,0.013240969685808004,480,1000,0.95,0
unseen_seastate,tcn,dlinear_ols,0,roll_imu,100,10.0,0.13847755912643459,0.128019287968794,0.1493576050075808,480,1000,0.95,0
unseen_seastate,tcn,dlinear_ols,0,roll_imu,150,15.0,0.08607207269995332,0.07308830506873547,0.10053950006229152,480,1000,0.95,0
unseen_seastate,tcn,dlinear_ols,0,pitch_imu,10,1.0,0.0031476726361368466,0.00018559849474781106,0.006556946209131002,480,1000,0.95,0
unseen_seastate,tcn,dlinear_ols,0,pitch_imu,20,2.0,0.0347356861277171,0.024097786397994574,0.04751104750642731,480,1000,0.95,0
unseen_seastate,tcn,dlinear_ols,0,pitch_imu,30,3.0,0.05713784245048264,0.03871140323163425,0.078968810971692,480,1000,0.95,0
unseen_seastate,tcn,dlinear_ols,0,pitch_imu,50,5.0,-0.036959924894944866,-0.04739264930356523,-0.027257789888973642,480,1000,0.95,0
unseen_seastate,tcn,dlinear_ols,0,pitch_imu,100,10.0,-0.4565037335892349,-0.5417724997073278,-0.37390748204816115,480,1000,0.95,0
unseen_seastate,tcn,dlinear_ols,0,pitch_imu,150,15.0,-0.3066508409477238,-0.337895892098041,-0.2715581486704663,480,1000,0.95,0
unseen_seastate,tcn,dlinear_ols,0,heave_imu,10,1.0,0.041643127636216914,0.034434861315068545,0.050162234393305555,480,1000,0.95,0
unseen_seastate,tcn,dlinear_ols,0,heave_imu,20,2.0,0.16966087379720582,0.14367160900854986,0.200057873455001,480,1000,0.95,0
unseen_seastate,tcn,dlinear_ols,0,heave_imu,30,3.0,0.26977200507045823,0.22818337439047917,0.3181142482387954,480,1000,0.95,0
unseen_seastate,tcn,dlinear_ols,0,heave_imu,50,5.0,0.050795391843779174,0.04075544045255384,0.06263774221838517,480,1000,0.95,0
unseen_seastate,tcn,dlinear_ols,0,heave_imu,100,10.0,0.108844039514072,0.05334525140843539,0.17181287868755302,480,1000,0.95,0
unseen_seastate,tcn,dlinear_ols,0,heave_imu,150,15.0,-0.07649986985368826,-0.12874168042094272,-0.0061118224079641,480,1000,0.95,0
unseen_seastate,tcn,dlinear_ols,0,roll_rate_imu,10,1.0,-0.0005305711259776265,-0.0016530027436244146,0.0006667079827005631,480,1000,0.95,0
unseen_seastate,tcn,dlinear_ols,0,roll_rate_imu,20,2.0,0.023407874452722133,0.02065458010634478,0.02668754148466726,480,1000,0.95,0
unseen_seastate,tcn,dlinear_ols,0,roll_rate_imu,30,3.0,0.038054777393634914,0.034027026058194756,0.04298841713190177,480,1000,0.95,0
unseen_seastate,tcn,dlinear_ols,0,roll_rate_imu,50,5.0,0.006708619158588108,0.005663093453334514,0.00789021624802861,480,1000,0.95,0
unseen_seastate,tcn,dlinear_ols,0,roll_rate_imu,100,10.0,0.05617821366787558,0.0448755791357487,0.06819689439359117,480,1000,0.95,0
unseen_seastate,tcn,dlinear_ols,0,roll_rate_imu,150,15.0,0.009733103840800766,0.0007481434876342305,0.019784866556340198,480,1000,0.95,0
unseen_seastate,tcn,dlinear_ols,0,pitch_rate_imu,10,1.0,-0.031039321205917552,-0.03385603652354537,-0.028634961983388565,480,1000,0.95,0
unseen_seastate,tcn,dlinear_ols,0,pitch_rate_imu,20,2.0,0.014396000232629994,0.008399933916824233,0.020391682699484635,480,1000,0.95,0
unseen_seastate,tcn,dlinear_ols,0,pitch_rate_imu,30,3.0,0.034823027793232604,0.029986606189718167,0.040600463616680044,480,1000,0.95,0
unseen_seastate,tcn,dlinear_ols,0,pitch_rate_imu,50,5.0,-0.08165681887981233,-0.10050645330660232,-0.0630707705034162,480,1000,0.95,0
unseen_seastate,tcn,dlinear_ols,0,pitch_rate_imu,100,10.0,-0.5523843763522486,-0.6106087760123787,-0.49929245202237216,480,1000,0.95,0
unseen_seastate,tcn,dlinear_ols,0,pitch_rate_imu,150,15.0,-0.5098220107057294,-0.535412332377537,-0.4871369615390296,480,1000,0.95,0
unseen_seastate,tcn,dlinear_ols,0,heave_rate_imu,10,1.0,0.011338013172504924,0.008563504915293237,0.014655749121421134,480,1000,0.95,0
unseen_seastate,tcn,dlinear_ols,0,heave_rate_imu,20,2.0,0.06981720270378089,0.05870789984361557,0.08262489310099998,480,1000,0.95,0
unseen_seastate,tcn,dlinear_ols,0,heave_rate_imu,30,3.0,0.10984484139872355,0.09140999874385285,0.1311984092095005,480,1000,0.95,0
unseen_seastate,tcn,dlinear_ols,0,heave_rate_imu,50,5.0,0.016794282675274736,0.012405069072490308,0.02218511079709694,480,1000,0.95,0
unseen_seastate,tcn,dlinear_ols,0,heave_rate_imu,100,10.0,-0.12326080922312381,-0.1604654161113906,-0.08061865661056489,480,1000,0.95,0
unseen_seastate,tcn,dlinear_ols,0,heave_rate_imu,150,15.0,-0.22231008274032182,-0.24866951369314688,-0.1930215337261962,480,1000,0.95,0
unseen_seastate,tcn,dlinear_ols,1,roll_imu,10,1.0,0.006963314804434008,0.005573634772621451,0.00852006839746215,480,1000,0.95,0
unseen_seastate,tcn,dlinear_ols,1,roll_imu,20,2.0,0.03816248585252987,0.03337680865693479,0.04378709168339512,480,1000,0.95,0
unseen_seastate,tcn,dlinear_ols,1,roll_imu,30,3.0,0.05567395001104979,0.04839107893620453,0.06421033414450436,480,1000,0.95,0
unseen_seastate,tcn,dlinear_ols,1,roll_imu,50,5.0,0.011016682941473037,0.009528777787683178,0.012740405763610393,480,1000,0.95,0
unseen_seastate,tcn,dlinear_ols,1,roll_imu,100,10.0,0.1437472097961381,0.13344177529460327,0.15470320031097048,480,1000,0.95,0
unseen_seastate,tcn,dlinear_ols,1,roll_imu,150,15.0,0.09450946783706234,0.08180070877086695,0.10910403899107506,480,1000,0.95,0
unseen_seastate,tcn,dlinear_ols,1,pitch_imu,10,1.0,-0.0020701099133482743,-0.004873792432994221,0.0012409484336433488,480,1000,0.95,0
unseen_seastate,tcn,dlinear_ols,1,pitch_imu,20,2.0,0.020573623719451685,0.009988470211210498,0.03344408437717102,480,1000,0.95,0
unseen_seastate,tcn,dlinear_ols,1,pitch_imu,30,3.0,0.04677425251592097,0.028235035574782623,0.06893325611639055,480,1000,0.95,0
unseen_seastate,tcn,dlinear_ols,1,pitch_imu,50,5.0,-0.039735325163508334,-0.05024587217320543,-0.029422266843623934,480,1000,0.95,0
unseen_seastate,tcn,dlinear_ols,1,pitch_imu,100,10.0,-0.41162620417203344,-0.484446618441401,-0.33988468395392746,480,1000,0.95,0
unseen_seastate,tcn,dlinear_ols,1,pitch_imu,150,15.0,-0.304603890478557,-0.33467289336549216,-0.27090702051348164,480,1000,0.95,0
unseen_seastate,tcn,dlinear_ols,1,heave_imu,10,1.0,0.043202444845392644,0.036140960710016275,0.05150307464241813,480,1000,0.95,0
unseen_seastate,tcn,dlinear_ols,1,heave_imu,20,2.0,0.1684676832094574,0.14252680102805532,0.19881565044172556,480,1000,0.95,0
unseen_seastate,tcn,dlinear_ols,1,heave_imu,30,3.0,0.2688933169502379,0.2272966165936643,0.3172742018048909,480,1000,0.95,0
unseen_seastate,tcn,dlinear_ols,1,heave_imu,50,5.0,0.052052058952184906,0.04207107956264631,0.06368204748813075,480,1000,0.95,0
unseen_seastate,tcn,dlinear_ols,1,heave_imu,100,10.0,0.1329186622970251,0.07886605333885956,0.19390850499465545,480,1000,0.95,0
unseen_seastate,tcn,dlinear_ols,1,heave_imu,150,15.0,-0.03552646257410681,-0.08896955972022363,0.03379786408242201,480,1000,0.95,0
unseen_seastate,tcn,dlinear_ols,1,roll_rate_imu,10,1.0,-0.0034685257615779275,-0.004734534975429509,-0.002257805050183243,480,1000,0.95,0
unseen_seastate,tcn,dlinear_ols,1,roll_rate_imu,20,2.0,0.022003423718356674,0.019219248190981555,0.02530040213579758,480,1000,0.95,0
unseen_seastate,tcn,dlinear_ols,1,roll_rate_imu,30,3.0,0.03689982235096393,0.03281131619705097,0.04183438911539403,480,1000,0.95,0
unseen_seastate,tcn,dlinear_ols,1,roll_rate_imu,50,5.0,0.0077889159069637745,0.0067581398936755275,0.008911177351874154,480,1000,0.95,0
unseen_seastate,tcn,dlinear_ols,1,roll_rate_imu,100,10.0,0.05991381312304617,0.04947773800143453,0.07147931354238474,480,1000,0.95,0
unseen_seastate,tcn,dlinear_ols,1,roll_rate_imu,150,15.0,0.020931942643312537,0.012563178810008046,0.030063278032886085,480,1000,0.95,0
unseen_seastate,tcn,dlinear_ols,1,pitch_rate_imu,10,1.0,-0.05579149344106547,-0.06037039378434577,-0.05211842962435153,480,1000,0.95,0
unseen_seastate,tcn,dlinear_ols,1,pitch_rate_imu,20,2.0,0.01267389763714037,0.006523676874287967,0.018802408376837547,480,1000,0.95,0
unseen_seastate,tcn,dlinear_ols,1,pitch_rate_imu,30,3.0,0.031195604649994216,0.026329984077587017,0.036979460924134934,480,1000,0.95,0
unseen_seastate,tcn,dlinear_ols,1,pitch_rate_imu,50,5.0,-0.07472673895022526,-0.09151686937732903,-0.057545315145313206,480,1000,0.95,0
unseen_seastate,tcn,dlinear_ols,1,pitch_rate_imu,100,10.0,-0.5567716146133311,-0.6104711962000986,-0.507195434345918,480,1000,0.95,0
unseen_seastate,tcn,dlinear_ols,1,pitch_rate_imu,150,15.0,-0.500858672714562,-0.5282276521493525,-0.47611644804067293,480,1000,0.95,0
unseen_seastate,tcn,dlinear_ols,1,heave_rate_imu,10,1.0,0.0036242718250552165,0.0009806721103509317,0.00684054159565935,480,1000,0.95,0
unseen_seastate,tcn,dlinear_ols,1,heave_rate_imu,20,2.0,0.06849031620053939,0.05737107360639648,0.08148809631797325,480,1000,0.95,0
unseen_seastate,tcn,dlinear_ols,1,heave_rate_imu,30,3.0,0.1104477683311807,0.0919376901821795,0.13200430606538158,480,1000,0.95,0
unseen_seastate,tcn,dlinear_ols,1,heave_rate_imu,50,5.0,0.0167850296529482,0.012427972306789773,0.02219627734541151,480,1000,0.95,0
unseen_seastate,tcn,dlinear_ols,1,heave_rate_imu,100,10.0,-0.11976811250279017,-0.15810836057948782,-0.07697001520326162,480,1000,0.95,0
unseen_seastate,tcn,dlinear_ols,1,heave_rate_imu,150,15.0,-0.19889783894983873,-0.2233887967484016,-0.17025830048988164,480,1000,0.95,0
unseen_seastate,tcn,dlinear_ols,2,roll_imu,10,1.0,0.005177740045809166,0.0037153697098462504,0.006792735746341044,480,1000,0.95,0
unseen_seastate,tcn,dlinear_ols,2,roll_imu,20,2.0,0.037430786105487265,0.03266571174421669,0.043084666900603884,480,1000,0.95,0
unseen_seastate,tcn,dlinear_ols,2,roll_imu,30,3.0,0.055015493779151124,0.04777025930478421,0.06365466176019283,480,1000,0.95,0
unseen_seastate,tcn,dlinear_ols,2,roll_imu,50,5.0,0.011015201853987161,0.009494401007496081,0.012773393087756161,480,1000,0.95,0
unseen_seastate,tcn,dlinear_ols,2,roll_imu,100,10.0,0.1458278691153265,0.13574301705259836,0.15618563531336557,480,1000,0.95,0
unseen_seastate,tcn,dlinear_ols,2,roll_imu,150,15.0,0.09502773046505586,0.08253904217768152,0.10926944527752998,480,1000,0.95,0
unseen_seastate,tcn,dlinear_ols,2,pitch_imu,10,1.0,0.0036128195333854406,0.0008836448805192169,0.00665108807291287,480,1000,0.95,0
unseen_seastate,tcn,dlinear_ols,2,pitch_imu,20,2.0,0.035243005318163066,0.025034985876276433,0.04750018772564782,480,1000,0.95,0
unseen_seastate,tcn,dlinear_ols,2,pitch_imu,30,3.0,0.056097653521619495,0.037957147741970586,0.07776274695878499,480,1000,0.95,0
unseen_seastate,tcn,dlinear_ols,2,pitch_imu,50,5.0,-0.027209742073055338,-0.03649397063197791,-0.018255493474206592,480,1000,0.95,0
unseen_seastate,tcn,dlinear_ols,2,pitch_imu,100,10.0,-0.4258690275600055,-0.5008449167377923,-0.35363714205917995,480,1000,0.95,0
unseen_seastate,tcn,dlinear_ols,2,pitch_imu,150,15.0,-0.30112494250490374,-0.334419267841741,-0.2645167589865374,480,1000,0.95,0
unseen_seastate,tcn,dlinear_ols,2,heave_imu,10,1.0,0.04261531222831398,0.03544823839085425,0.05109851015308382,480,1000,0.95,0
unseen_seastate,tcn,dlinear_ols,2,heave_imu,20,2.0,0.16963071054600287,0.14355059888815846,0.2001886499131462,480,1000,0.95,0
unseen_seastate,tcn,dlinear_ols,2,heave_imu,30,3.0,0.2698433555994548,0.22816405667541265,0.3183258517023877,480,1000,0.95,0
unseen_seastate,tcn,dlinear_ols,2,heave_imu,50,5.0,0.052413385562718795,0.04234489517091812,0.06417302798187773,480,1000,0.95,0
unseen_seastate,tcn,dlinear_ols,2,heave_imu,100,10.0,0.14115188543807297,0.08782969979598926,0.20182969280493082,480,1000,0.95,0
unseen_seastate,tcn,dlinear_ols,2,heave_imu,150,15.0,-0.036910286064293,-0.08951308029178459,0.032934073236421973,480,1000,0.95,0
unseen_seastate,tcn,dlinear_ols,2,roll_rate_imu,10,1.0,-0.0022351526081503107,-0.0034672566385780925,-0.0010252289503297337,480,1000,0.95,0
unseen_seastate,tcn,dlinear_ols,2,roll_rate_imu,20,2.0,0.022451855068972158,0.019653076087209998,0.025772399224177407,480,1000,0.95,0
unseen_seastate,tcn,dlinear_ols,2,roll_rate_imu,30,3.0,0.03746031088634981,0.033357628512010316,0.04241502271118884,480,1000,0.95,0
unseen_seastate,tcn,dlinear_ols,2,roll_rate_imu,50,5.0,0.006967713915929659,0.005928951829220669,0.008082903965793262,480,1000,0.95,0
unseen_seastate,tcn,dlinear_ols,2,roll_rate_imu,100,10.0,0.06387452865857042,0.05314383954892041,0.07524113607759923,480,1000,0.95,0
unseen_seastate,tcn,dlinear_ols,2,roll_rate_imu,150,15.0,0.01589539180652182,0.006904405236167047,0.025626398356332736,480,1000,0.95,0
unseen_seastate,tcn,dlinear_ols,2,pitch_rate_imu,10,1.0,-0.02948747476053335,-0.032421120939852534,-0.026809507279140086,480,1000,0.95,0
unseen_seastate,tcn,dlinear_ols,2,pitch_rate_imu,20,2.0,0.01922753283658726,0.013356970013421529,0.025078175739513875,480,1000,0.95,0
unseen_seastate,tcn,dlinear_ols,2,pitch_rate_imu,30,3.0,0.0324692763457105,0.02706450171005801,0.03878919302848652,480,1000,0.95,0
unseen_seastate,tcn,dlinear_ols,2,pitch_rate_imu,50,5.0,-0.0641530380069554,-0.07940463369752768,-0.047859053748231725,480,1000,0.95,0
unseen_seastate,tcn,dlinear_ols,2,pitch_rate_imu,100,10.0,-0.4355607701714901,-0.49433309341638343,-0.379485478544528,480,1000,0.95,0
unseen_seastate,tcn,dlinear_ols,2,pitch_rate_imu,150,15.0,-0.4685033894725444,-0.4975184427562209,-0.4420001047591123,480,1000,0.95,0
unseen_seastate,tcn,dlinear_ols,2,heave_rate_imu,10,1.0,0.009667805669240437,0.006915637816594201,0.012952195042840132,480,1000,0.95,0
unseen_seastate,tcn,dlinear_ols,2,heave_rate_imu,20,2.0,0.06990888020710696,0.05883035513724298,0.08276925190749099,480,1000,0.95,0
unseen_seastate,tcn,dlinear_ols,2,heave_rate_imu,30,3.0,0.11125933776945908,0.09283111747322967,0.1326556302971504,480,1000,0.95,0
unseen_seastate,tcn,dlinear_ols,2,heave_rate_imu,50,5.0,0.01857375895137598,0.014259020553610675,0.023894361572233867,480,1000,0.95,0
unseen_seastate,tcn,dlinear_ols,2,heave_rate_imu,100,10.0,-0.06756077794769329,-0.10138422106328247,-0.030098268859628283,480,1000,0.95,0
unseen_seastate,tcn,dlinear_ols,2,heave_rate_imu,150,15.0,-0.18060301755546115,-0.2055209286771673,-0.15151154207879794,480,1000,0.95,0
unseen_seastate,tcn,damped_persistence,0,roll_imu,10,1.0,1.7323607143510413,1.7258128301064124,1.7389801405526266,480,1000,0.95,0
unseen_seastate,tcn,damped_persistence,0,roll_imu,20,2.0,1.0059066270145607,1.0017237978801214,1.010198213739373,480,1000,0.95,0
unseen_seastate,tcn,damped_persistence,0,roll_imu,30,3.0,0.6233328296947105,0.6203935241069652,0.6263966593320708,480,1000,0.95,0
unseen_seastate,tcn,damped_persistence,0,roll_imu,50,5.0,0.30071052710266194,0.2991580376272764,0.3025494897557646,480,1000,0.95,0
unseen_seastate,tcn,damped_persistence,0,roll_imu,100,10.0,0.6739041128657735,0.6592063350927898,0.6871811253025294,480,1000,0.95,0
unseen_seastate,tcn,damped_persistence,0,roll_imu,150,15.0,0.48422725124934296,0.4732248402905631,0.4946224366317359,480,1000,0.95,0
unseen_seastate,tcn,damped_persistence,0,pitch_imu,10,1.0,1.372224692759179,1.3436378149122243,1.4016044421604879,480,1000,0.95,0
unseen_seastate,tcn,damped_persistence,0,pitch_imu,20,2.0,0.6673438594813025,0.6520551970676722,0.6828242263532078,480,1000,0.95,0
unseen_seastate,tcn,damped_persistence,0,pitch_imu,30,3.0,0.38721433564841495,0.3780010536672252,0.39638822987584516,480,1000,0.95,0
unseen_seastate,tcn,damped_persistence,0,pitch_imu,50,5.0,0.2008762996380918,0.19014551641662364,0.21077116958674114,480,1000,0.95,0
unseen_seastate,tcn,damped_persistence,0,pitch_imu,100,10.0,-0.3100131429271512,-0.3842859871715537,-0.2344540108890244,480,1000,0.95,0
unseen_seastate,tcn,damped_persistence,0,pitch_imu,150,15.0,-0.32218002110942784,-0.33833849056301674,-0.30622078361471483,480,1000,0.95,0
unseen_seastate,tcn,damped_persistence,0,heave_imu,10,1.0,1.762135571291462,1.7328499297424544,1.792094654809911,480,1000,0.95,0
unseen_seastate,tcn,damped_persistence,0,heave_imu,20,2.0,0.9274789953963067,0.911798117313135,0.9434537289752047,480,1000,0.95,0
unseen_seastate,tcn,damped_persistence,0,heave_imu,30,3.0,0.558560007999353,0.5490781638225996,0.56799251680298,480,1000,0.95,0
unseen_seastate,tcn,damped_persistence,0,heave_imu,50,5.0,0.2902324392896319,0.2862458501681326,0.2946733254147339,480,1000,0.95,0
unseen_seastate,tcn,damped_persistence,0,heave_imu,100,10.0,0.26119658582592364,0.24164149161970355,0.27992557031972,480,1000,0.95,0
unseen_seastate,tcn,damped_persistence,0,heave_imu,150,15.0,-0.12850033826751772,-0.15130622495314822,-0.10607606499723801,480,1000,0.95,0
unseen_seastate,tcn,damped_persistence,0,roll_rate_imu,10,1.0,1.7286626931900493,1.720492487097812,1.7361009885021326,480,1000,0.95,0
unseen_seastate,tcn,damped_persistence,0,roll_rate_imu,20,2.0,0.9819715241464819,0.9770874215807392,0.9867719724826214,480,1000,0.95,0
unseen_seastate,tcn,damped_persistence,0,roll_rate_imu,30,3.0,0.6036021636875649,0.6005354094798618,0.6067410276088046,480,1000,0.95,0
unseen_seastate,tcn,damped_persistence,0,roll_rate_imu,50,5.0,0.2894833251565287,0.2878518306592292,0.29116930336513475,480,1000,0.95,0
unseen_seastate,tcn,damped_persistence,0,roll_rate_imu,100,10.0,0.6615698587989234,0.6514775045920591,0.6720998862611988,480,1000,0.95,0
unseen_seastate,tcn,damped_persistence,0,roll_rate_imu,150,15.0,0.38835711033226067,0.37742636882900743,0.3991967786271726,480,1000,0.95,0
unseen_seastate,tcn,damped_persistence,0,pitch_rate_imu,10,1.0,1.1422037970697794,1.1195119591021239,1.1663557395548585,480,1000,0.95,0
unseen_seastate,tcn,damped_persistence,0,pitch_rate_imu,20,2.0,0.5359835351615335,0.5255508215979098,0.5466327580084467,480,1000,0.95,0
unseen_seastate,tcn,damped_persistence,0,pitch_rate_imu,30,3.0,0.3384847858584484,0.33285694270179583,0.34422391629711296,480,1000,0.95,0
unseen_seastate,tcn,damped_persistence,0,pitch_rate_imu,50,5.0,0.10996575424630933,0.09531237664113554,0.12471398400112989,480,1000,0.95,0
unseen_seastate,tcn,damped_persistence,0,pitch_rate_imu,100,10.0,-0.5433918687530951,-0.5931015394660033,-0.4969884953563417,480,1000,0.95,0
unseen_seastate,tcn,damped_persistence,0,pitch_rate_imu,150,15.0,-0.5297872269100501,-0.5520653928305497,-0.5118385140445976,480,1000,0.95,0
unseen_seastate,tcn,damped_persistence,0,heave_rate_imu,10,1.0,1.6303006427208682,1.6017900684783948,1.6606318738545864,480,1000,0.95,0
unseen_seastate,tcn,damped_persistence,0,heave_rate_imu,20,2.0,0.824487389385829,0.8100169256258102,0.8394683449444487,480,1000,0.95,0
unseen_seastate,tcn,damped_persistence,0,heave_rate_imu,30,3.0,0.4838638172390804,0.4759911466460456,0.4919730953217364,480,1000,0.95,0
unseen_seastate,tcn,damped_persistence,0,heave_rate_imu,50,5.0,0.2683576363505469,0.26608766207462964,0.27098408030983084,480,1000,0.95,0
unseen_seastate,tcn,damped_persistence,0,heave_rate_imu,100,10.0,0.21813384509832162,0.19718518060700962,0.23906666845338356,480,1000,0.95,0
unseen_seastate,tcn,damped_persistence,0,heave_rate_imu,150,15.0,-0.1701342922729835,-0.183908850955974,-0.1575078961530551,480,1000,0.95,0
unseen_seastate,tcn,damped_persistence,1,roll_imu,10,1.0,1.7323216855045858,1.7257701755947443,1.738777664260397,480,1000,0.95,0
unseen_seastate,tcn,damped_persistence,1,roll_imu,20,2.0,1.0057065399254443,1.0015307143645757,1.010044085931759,480,1000,0.95,0
unseen_seastate,tcn,damped_persistence,1,roll_imu,30,3.0,0.6231327421543096,0.6201568162908343,0.6262174484583745,480,1000,0.95,0
unseen_seastate,tcn,damped_persistence,1,roll_imu,50,5.0,0.30022628636272974,0.2986985389354702,0.3020212425100095,480,1000,0.95,0
unseen_seastate,tcn,damped_persistence,1,roll_imu,100,10.0,0.679173763535477,0.6648784535115877,0.6921319987899089,480,1000,0.95,0
unseen_seastate,tcn,damped_persistence,1,roll_imu,150,15.0,0.492664646386452,0.4825950512601307,0.50257964911368,480,1000,0.95,0
unseen_seastate,tcn,damped_persistence,1,pitch_imu,10,1.0,1.3670069102096938,1.337609795354255,1.3969354259231208,480,1000,0.95,0
unseen_seastate,tcn,damped_persistence,1,pitch_imu,20,2.0,0.653181797073037,0.6377335033992488,0.6689051301832508,480,1000,0.95,0
unseen_seastate,tcn,damped_persistence,1,pitch_imu,30,3.0,0.3768507457138533,0.36776036772668513,0.3861139399774096,480,1000,0.95,0
unseen_seastate,tcn,damped_persistence,1,pitch_imu,50,5.0,0.19810089936952838,0.1870948079474362,0.2085732699940264,480,1000,0.95,0
unseen_seastate,tcn,damped_persistence,1,pitch_imu,100,10.0,-0.26513561350994974,-0.3263313840211547,-0.20491410300226942,480,1000,0.95,0
unseen_seastate,tcn,damped_persistence,1,pitch_imu,150,15.0,-0.320133070640261,-0.3372964419895922,-0.3056690794299624,480,1000,0.95,0
unseen_seastate,tcn,damped_persistence,1,heave_imu,10,1.0,1.7636948885006378,1.7344710557117142,1.7936528853037055,480,1000,0.95,0
unseen_seastate,tcn,damped_persistence,1,heave_imu,20,2.0,0.9262858048085583,0.9105815362077855,0.9422184124629882,480,1000,0.95,0
unseen_seastate,tcn,damped_persistence,1,heave_imu,30,3.0,0.5576813198791328,0.5482135537862943,0.5671090683485968,480,1000,0.95,0
unseen_seastate,tcn,damped_persistence,1,heave_imu,50,5.0,0.2914891063980376,0.2875632411603448,0.2959010694761874,480,1000,0.95,0
unseen_seastate,tcn,damped_persistence,1,heave_imu,100,10.0,0.2852712086088767,0.26602089666990547,0.30323297243685604,480,1000,0.95,0
unseen_seastate,tcn,damped_persistence,1,heave_imu,150,15.0,-0.08752693098793628,-0.10762865145942999,-0.06755787529989044,480,1000,0.95,0
unseen_seastate,tcn,damped_persistence,1,roll_rate_imu,10,1.0,1.725724738554449,1.717414166303686,1.7334283569895417,480,1000,0.95,0
unseen_seastate,tcn,damped_persistence,1,roll_rate_imu,20,2.0,0.9805670734121164,0.9756643666757463,0.9854213686711344,480,1000,0.95,0
unseen_seastate,tcn,damped_persistence,1,roll_rate_imu,30,3.0,0.602447208644894,0.5993731551608258,0.6055866183719485,480,1000,0.95,0
unseen_seastate,tcn,damped_persistence,1,roll_rate_imu,50,5.0,0.2905636219049043,0.288981190449458,0.2922156105146058,480,1000,0.95,0
unseen_seastate,tcn,damped_persistence,1,roll_rate_imu,100,10.0,0.665305458254094,0.6545128183881149,0.675205125361692,480,1000,0.95,0
unseen_seastate,tcn,damped_persistence,1,roll_rate_imu,150,15.0,0.39955594913477244,0.3889367751462121,0.4100191941574394,480,1000,0.95,0
unseen_seastate,tcn,damped_persistence,1,pitch_rate_imu,10,1.0,1.1174516248346316,1.0954605444986456,1.141002481682387,480,1000,0.95,0
unseen_seastate,tcn,damped_persistence,1,pitch_rate_imu,20,2.0,0.5342614325660439,0.5243215292954609,0.5444936684667375,480,1000,0.95,0
unseen_seastate,tcn,damped_persistence,1,pitch_rate_imu,30,3.0,0.33485736271521,0.3287665013612213,0.34115903063893155,480,1000,0.95,0
unseen_seastate,tcn,damped_persistence,1,pitch_rate_imu,50,5.0,0.1168958341758964,0.10489585641305209,0.1288406003198859,480,1000,0.95,0
unseen_seastate,tcn,damped_persistence,1,pitch_rate_imu,100,10.0,-0.5477791070141775,-0.5925351385804055,-0.5065501915136958,480,1000,0.95,0
unseen_seastate,tcn,damped_persistence,1,pitch_rate_imu,150,15.0,-0.5208238889188826,-0.5452616762013516,-0.5012184488954531,480,1000,0.95,0
unseen_seastate,tcn,damped_persistence,1,heave_rate_imu,10,1.0,1.6225869013734187,1.5945377181509384,1.6526393069740126,480,1000,0.95,0
unseen_seastate,tcn,damped_persistence,1,heave_rate_imu,20,2.0,0.8231605028825877,0.8087408089606986,0.8380974406799477,480,1000,0.95,0
unseen_seastate,tcn,damped_persistence,1,heave_rate_imu,30,3.0,0.48446674417153757,0.47649200722270824,0.49273736834849863,480,1000,0.95,0
unseen_seastate,tcn,damped_persistence,1,heave_rate_imu,50,5.0,0.26834838332822036,0.2661462678847126,0.2709514427404816,480,1000,0.95,0
unseen_seastate,tcn,damped_persistence,1,heave_rate_imu,100,10.0,0.22162654181865526,0.20161220004090574,0.2416069940580298,480,1000,0.95,0
unseen_seastate,tcn,damped_persistence,1,heave_rate_imu,150,15.0,-0.14672204848250042,-0.15920838908233498,-0.13525344216190918,480,1000,0.95,0
unseen_seastate,tcn,damped_persistence,2,roll_imu,10,1.0,1.7305361107459611,1.7240164230233939,1.7371246627661867,480,1000,0.95,0
unseen_seastate,tcn,damped_persistence,2,roll_imu,20,2.0,1.0049748401784018,1.0007691312431517,1.0093376790229749,480,1000,0.95,0
unseen_seastate,tcn,damped_persistence,2,roll_imu,30,3.0,0.6224742859224109,0.6195231018671716,0.6255786787104936,480,1000,0.95,0
unseen_seastate,tcn,damped_persistence,2,roll_imu,50,5.0,0.30022480527524387,0.2986602389137585,0.3020778702600698,480,1000,0.95,0
unseen_seastate,tcn,damped_persistence,2,roll_imu,100,10.0,0.6812544228546654,0.6668981791806398,0.6944179234084672,480,1000,0.95,0
unseen_seastate,tcn,damped_persistence,2,roll_imu,150,15.0,0.49318290901444545,0.4829992175380379,0.5032636183586909,480,1000,0.95,0
unseen_seastate,tcn,damped_persistence,2,pitch_imu,10,1.0,1.3726898396564275,1.3434624063060887,1.4022790932967362,480,1000,0.95,0
unseen_seastate,tcn,damped_persistence,2,pitch_imu,20,2.0,0.6678511786717484,0.6525608661999602,0.6830383125585325,480,1000,0.95,0
unseen_seastate,tcn,damped_persistence,2,pitch_imu,30,3.0,0.3861741467195518,0.37737961481704185,0.3951693667315439,480,1000,0.95,0
unseen_seastate,tcn,damped_persistence,2,pitch_imu,50,5.0,0.21062648245998136,0.20155451305931044,0.2191791075225347,480,1000,0.95,0
unseen_seastate,tcn,damped_persistence,2,pitch_imu,100,10.0,-0.2793784368979218,-0.34336238375362915,-0.21707572052741425,480,1000,0.95,0
unseen_seastate,tcn,damped_persistence,2,pitch_imu,150,15.0,-0.31665412266660775,-0.33534059799770716,-0.29813020772942445,480,1000,0.95,0
unseen_seastate,tcn,damped_persistence,2,heave_imu,10,1.0,1.763107755883559,1.73376235295756,1.7931161122182482,480,1000,0.95,0
unseen_seastate,tcn,damped_persistence,2,heave_imu,20,2.0,0.9274488321451038,0.9117388161403492,0.9434759309547736,480,1000,0.95,0
unseen_seastate,tcn,damped_persistence,2,heave_imu,30,3.0,0.5586313585283497,0.5491473182645379,0.5681119486384308,480,1000,0.95,0
unseen_seastate,tcn,damped_persistence,2,heave_imu,50,5.0,0.29185043300857155,0.2878694855825488,0.2962405520756329,480,1000,0.95,0
unseen_seastate,tcn,damped_persistence,2,heave_imu,100,10.0,0.29350443174992463,0.27341436052519846,0.31203280094410707,480,1000,0.95,0
unseen_seastate,tcn,damped_persistence,2,heave_imu,150,15.0,-0.08891075447812247,-0.10975104718959315,-0.06785569714351025,480,1000,0.95,0
unseen_seastate,tcn,damped_persistence,2,roll_rate_imu,10,1.0,1.7269581117078767,1.7186841446266685,1.7345590220110454,480,1000,0.95,0
unseen_seastate,tcn,damped_persistence,2,roll_rate_imu,20,2.0,0.9810155047627319,0.9761127332607813,0.9858733794725162,480,1000,0.95,0
unseen_seastate,tcn,damped_persistence,2,roll_rate_imu,30,3.0,0.6030076971802798,0.5998973038465641,0.606160626805398,480,1000,0.95,0
unseen_seastate,tcn,damped_persistence,2,roll_rate_imu,50,5.0,0.28974241991387023,0.28817812049564284,0.2914146352168885,480,1000,0.95,0
unseen_seastate,tcn,damped_persistence,2,roll_rate_imu,100,10.0,0.6692661737896183,0.6586264918799903,0.6798701729022276,480,1000,0.95,0
unseen_seastate,tcn,damped_persistence,2,roll_rate_imu,150,15.0,0.39451939829798177,0.38336817355683694,0.40537786516979896,480,1000,0.95,0
unseen_seastate,tcn,damped_persistence,2,pitch_rate_imu,10,1.0,1.1437556435151637,1.1217509150612115,1.1672902803776817,480,1000,0.95,0
unseen_seastate,tcn,damped_persistence,2,pitch_rate_imu,20,2.0,0.5408150677654907,0.5311411443001346,0.5508181751720127,480,1000,0.95,0
unseen_seastate,tcn,damped_persistence,2,pitch_rate_imu,30,3.0,0.33613103441092623,0.33061813680494107,0.3418421652665786,480,1000,0.95,0
unseen_seastate,tcn,damped_persistence,2,pitch_rate_imu,50,5.0,0.12746953511916626,0.1170978779014247,0.13775434885540488,480,1000,0.95,0
unseen_seastate,tcn,damped_persistence,2,pitch_rate_imu,100,10.0,-0.42656826257233654,-0.4727870139892218,-0.38170919488474175,480,1000,0.95,0
unseen_seastate,tcn,damped_persistence,2,pitch_rate_imu,150,15.0,-0.48846860567686506,-0.5138048347946911,-0.466318236798716,480,1000,0.95,0
unseen_seastate,tcn,damped_persistence,2,heave_rate_imu,10,1.0,1.628630435217604,1.6001974922175928,1.6590486496865962,480,1000,0.95,0
unseen_seastate,tcn,damped_persistence,2,heave_rate_imu,20,2.0,0.8245790668891552,0.810186209124451,0.8394510330028013,480,1000,0.95,0
unseen_seastate,tcn,damped_persistence,2,heave_rate_imu,30,3.0,0.485278313609816,0.47734804622479154,0.49344505090583957,480,1000,0.95,0
unseen_seastate,tcn,damped_persistence,2,heave_rate_imu,50,5.0,0.27013711262664813,0.26794755281428817,0.27267747140791687,480,1000,0.95,0
unseen_seastate,tcn,damped_persistence,2,heave_rate_imu,100,10.0,0.2738338763737521,0.2540951688837516,0.2930819969341167,480,1000,0.95,0
unseen_seastate,tcn,damped_persistence,2,heave_rate_imu,150,15.0,-0.12842722708812282,-0.14067511673945396,-0.11657637028849208,480,1000,0.95,0
unseen_seastate,tcn,window_mean,0,roll_imu,10,1.0,4.630056445641505,4.60964373081799,4.650304956972091,480,1000,0.95,0
unseen_seastate,tcn,window_mean,0,roll_imu,20,2.0,1.3011125725281176,1.2947742354425795,1.3077917867984499,480,1000,0.95,0
unseen_seastate,tcn,window_mean,0,roll_imu,30,3.0,0.6416887693232431,0.6381509651949047,0.6453689998026135,480,1000,0.95,0
unseen_seastate,tcn,window_mean,0,roll_imu,50,5.0,0.286720599792769,0.28511970940323955,0.2886080127754338,480,1000,0.95,0
unseen_seastate,tcn,window_mean,0,roll_imu,100,10.0,0.6748458455559253,0.6601067758991191,0.6881599858746525,480,1000,0.95,0
unseen_seastate,tcn,window_mean,0,roll_imu,150,15.0,0.48423601839792035,0.47323318193472663,0.4946314089238701,480,1000,0.95,0
unseen_seastate,tcn,window_mean,0,pitch_imu,10,1.0,2.3900298504086726,2.3228105354567714,2.4588543680858206,480,1000,0.95,0
unseen_seastate,tcn,window_mean,0,pitch_imu,20,2.0,0.7069493980760859,0.6874656436803076,0.7266375503999644,480,1000,0.95,0
unseen_seastate,tcn,window_mean,0,pitch_imu,30,3.0,0.37694281389075723,0.3670676658415521,0.38676344471141383,480,1000,0.95,0
unseen_seastate,tcn,window_mean,0,pitch_imu,50,5.0,0.19844817553778152,0.18772310007418044,0.20833550824976702,480,1000,0.95,0
unseen_seastate,tcn,window_mean,0,pitch_imu,100,10.0,-0.3099976767785736,-0.3842700299229421,-0.2344398416847867,480,1000,0.95,0
unseen_seastate,tcn,window_mean,0,pitch_imu,150,15.0,-0.3221800287121814,-0.33833850043804187,-0.30622079264036356,480,1000,0.95,0
unseen_seastate,tcn,window_mean,0,heave_imu,10,1.0,3.6832326473171113,3.606771345201954,3.760719434861128,480,1000,0.95,0
unseen_seastate,tcn,window_mean,0,heave_imu,20,2.0,1.0698913910429615,1.0483836269558877,1.0917722007755502,480,1000,0.95,0
unseen_seastate,tcn,window_mean,0,heave_imu,30,3.0,0.5593643799139135,0.5488040090255183,0.5699801425632053,480,1000,0.95,0
unseen_seastate,tcn,window_mean,0,heave_imu,50,5.0,0.28539067296705495,0.2813541910770224,0.2898763935261485,480,1000,0.95,0
unseen_seastate,tcn,window_mean,0,heave_imu,100,10.0,0.26127571002076566,0.2417238718599973,0.28000869829227903,480,1000,0.95,0
unseen_seastate,tcn,window_mean,0,heave_imu,150,15.0,-0.12850025686455852,-0.15130613914986424,-0.10607596319006524,480,1000,0.95,0
unseen_seastate,tcn,window_mean,0,roll_rate_imu,10,1.0,4.437784935392779,4.412605659060599,4.460951910373822,480,1000,0.95,0
unseen_seastate,tcn,window_mean,0,roll_rate_imu,20,2.0,1.2435701416464586,1.2362037279571132,1.2507836560185324,480,1000,0.95,0
unseen_seastate,tcn,window_mean,0,roll_rate_imu,30,3.0,0.6166866591142863,0.6130532702258121,0.6203619967220747,480,1000,0.95,0
unseen_seastate,tcn,window_mean,0,roll_rate_imu,50,5.0,0.27744235939720635,0.2757765560085469,0.27917338430748534,480,1000,0.95,0
unseen_seastate,tcn,window_mean,0,roll_rate_imu,100,10.0,0.6623749352060389,0.6522522562204152,0.6729308751221391,480,1000,0.95,0
unseen_seastate,tcn,window_mean,0,roll_rate_imu,150,15.0,0.3883605477284155,0.37742950956244276,0.3992004557282825,480,1000,0.95,0
unseen_seastate,tcn,window_mean,0,pitch_rate_imu,10,1.0,1.7680358981486703,1.722325928221879,1.8170963236356492,480,1000,0.95,0
unseen_seastate,tcn,window_mean,0,pitch_rate_imu,20,2.0,0.5413953488655907,0.5286671459593011,0.5542452856396141,480,1000,0.95,0
unseen_seastate,tcn,window_mean,0,pitch_rate_imu,30,3.0,0.3281336751127877,0.32224649068911243,0.33412774615977753,480,1000,0.95,0
unseen_seastate,tcn,window_mean,0,pitch_rate_imu,50,5.0,0.10886371028761697,0.09422270706152511,0.12361177894092519,480,1000,0.95,0
unseen_seastate,tcn,window_mean,0,pitch_rate_imu,100,10.0,-0.5433897102952131,-0.5930992825430482,-0.4969864860090737,480,1000,0.95,0
unseen_seastate,tcn,window_mean,0,pitch_rate_imu,150,15.0,-0.5297872281669855,-0.552065394138243,-0.5118385156272489,480,1000,0.95,0
unseen_seastate,tcn,window_mean,0,heave_rate_imu,10,1.0,3.1340107847720255,3.063520572090178,3.208350076075871,480,1000,0.95,0
unseen_seastate,tcn,window_mean,0,heave_rate_imu,20,2.0,0.9145612960503607,0.8955730740333423,0.9346561859558244,480,1000,0.95,0
unseen_seastate,tcn,window_mean,0,heave_rate_imu,30,3.0,0.4785210393058011,0.46979234305697243,0.48746719543044037,480,1000,0.95,0
unseen_seastate,tcn,window_mean,0,heave_rate_imu,50,5.0,0.26483289186193715,0.26254059038053257,0.2674767233519159,480,1000,0.95,0
unseen_seastate,tcn,window_mean,0,heave_rate_imu,100,10.0,0.21819031214911516,0.19724239453957407,0.2391260252212825,480,1000,0.95,0
unseen_seastate,tcn,window_mean,0,heave_rate_imu,150,15.0,-0.17013433336040215,-0.18390888648212703,-0.15750794232642953,480,1000,0.95,0
unseen_seastate,tcn,window_mean,1,roll_imu,10,1.0,4.63001741679505,4.609606821740708,4.650328595946106,480,1000,0.95,0
unseen_seastate,tcn,window_mean,1,roll_imu,20,2.0,1.300912485439001,1.2945461540001906,1.3076125728436707,480,1000,0.95,0
unseen_seastate,tcn,window_mean,1,roll_imu,30,3.0,0.6414886817828422,0.6379016699915124,0.6451413820820693,480,1000,0.95,0
unseen_seastate,tcn,window_mean,1,roll_imu,50,5.0,0.28623635905283684,0.28465678633570035,0.28808810123909573,480,1000,0.95,0
unseen_seastate,tcn,window_mean,1,roll_imu,100,10.0,0.6801154962256288,0.6657833570770694,0.6931086594823145,480,1000,0.95,0
unseen_seastate,tcn,window_mean,1,roll_imu,150,15.0,0.4926734135350294,0.4826033410365261,0.5025887871753708,480,1000,0.95,0
unseen_seastate,tcn,window_mean,1,pitch_imu,10,1.0,2.3848120678591873,2.317011252371208,2.454101290233125,480,1000,0.95,0
unseen_seastate,tcn,window_mean,1,pitch_imu,20,2.0,0.6927873356678205,0.6733286292187869,0.7125087546593186,480,1000,0.95,0
unseen_seastate,tcn,window_mean,1,pitch_imu,30,3.0,0.3665792239561956,0.35684763903510824,0.3765027536957355,480,1000,0.95,0
unseen_seastate,tcn,window_mean,1,pitch_imu,50,5.0,0.19567277526921809,0.1846658292401142,0.20613230239400704,480,1000,0.95,0
unseen_seastate,tcn,window_mean,1,pitch_imu,100,10.0,-0.2651201473613721,-0.3263158327229848,-0.20489889274805226,480,1000,0.95,0
unseen_seastate,tcn,window_mean,1,pitch_imu,150,15.0,-0.3201330782430145,-0.33729645087147403,-0.30566908754558136,480,1000,0.95,0
unseen_seastate,tcn,window_mean,1,heave_imu,10,1.0,3.6847919645262874,3.60838797634685,3.7623783777787136,480,1000,0.95,0
unseen_seastate,tcn,window_mean,1,heave_imu,20,2.0,1.0686982004552132,1.0472111409498006,1.090553816380723,480,1000,0.95,0
unseen_seastate,tcn,window_mean,1,heave_imu,30,3.0,0.5584856917936932,0.5479373482174654,0.5690973625581904,480,1000,0.95,0
unseen_seastate,tcn,window_mean,1,heave_imu,50,5.0,0.28664734007546067,0.2826616257782949,0.2911155140472475,480,1000,0.95,0
unseen_seastate,tcn,window_mean,1,heave_imu,100,10.0,0.28535033280371874,0.2661011424685753,0.3033226890733164,480,1000,0.95,0
unseen_seastate,tcn,window_mean,1,heave_imu,150,15.0,-0.08752684958497707,-0.10762856165001694,-0.06755783086633811,480,1000,0.95,0
unseen_seastate,tcn,window_mean,1,roll_rate_imu,10,1.0,4.434846980757179,4.40935457871241,4.457978226383358,480,1000,0.95,0
unseen_seastate,tcn,window_mean,1,roll_rate_imu,20,2.0,1.2421656909120933,1.2347571523082463,1.2494291941112867,480,1000,0.95,0
unseen_seastate,tcn,window_mean,1,roll_rate_imu,30,3.0,0.6155317040716154,0.6118792805389508,0.61924021808145,480,1000,0.95,0
unseen_seastate,tcn,window_mean,1,roll_rate_imu,50,5.0,0.27852265614558197,0.27690357474136323,0.28021314269724457,480,1000,0.95,0
unseen_seastate,tcn,window_mean,1,roll_rate_imu,100,10.0,0.6661105346612094,0.6552962299076887,0.6760204461509782,480,1000,0.95,0
unseen_seastate,tcn,window_mean,1,roll_rate_imu,150,15.0,0.3995593865309272,0.3889399135761431,0.4100228721468974,480,1000,0.95,0
unseen_seastate,tcn,window_mean,1,pitch_rate_imu,10,1.0,1.7432837259135225,1.698359008700364,1.7917539541787706,480,1000,0.95,0
unseen_seastate,tcn,window_mean,1,pitch_rate_imu,20,2.0,0.539673246270101,0.5274417021161709,0.5521856952404994,480,1000,0.95,0
unseen_seastate,tcn,window_mean,1,pitch_rate_imu,30,3.0,0.3245062519695493,0.31815411202070315,0.3311271091351701,480,1000,0.95,0
unseen_seastate,tcn,window_mean,1,pitch_rate_imu,50,5.0,0.11579379021720404,0.10380352238001499,0.12773216174286733,480,1000,0.95,0
unseen_seastate,tcn,window_mean,1,pitch_rate_imu,100,10.0,-0.5477769485562957,-0.5925329370005284,-0.5065480600361171,480,1000,0.95,0
unseen_seastate,tcn,window_mean,1,pitch_rate_imu,150,15.0,-0.5208238901758181,-0.5452616771259513,-0.501218450477052,480,1000,0.95,0
unseen_seastate,tcn,window_mean,1,heave_rate_imu,10,1.0,3.126297043424576,3.056268336305898,3.2003917700666,480,1000,0.95,0
unseen_seastate,tcn,window_mean,1,heave_rate_imu,20,2.0,0.9132344095471193,0.8942602498907751,0.9331202605153767,480,1000,0.95,0
unseen_seastate,tcn,window_mean,1,heave_rate_imu,30,3.0,0.4791239662382583,0.4702996377378079,0.4883179992249756,480,1000,0.95,0
unseen_seastate,tcn,window_mean,1,heave_rate_imu,50,5.0,0.26482363883961063,0.26259269859343864,0.2674477196500817,480,1000,0.95,0
unseen_seastate,tcn,window_mean,1,heave_rate_imu,100,10.0,0.22168300886944878,0.2016673515075984,0.2416652643875104,480,1000,0.95,0
unseen_seastate,tcn,window_mean,1,heave_rate_imu,150,15.0,-0.14672208956991908,-0.15920842451267644,-0.135253474844391,480,1000,0.95,0
unseen_seastate,tcn,window_mean,2,roll_imu,10,1.0,4.628231842036425,4.60771939962504,4.648576199087793,480,1000,0.95,0
unseen_seastate,tcn,window_mean,2,roll_imu,20,2.0,1.3001807856919585,1.293774551905401,1.3069247614527373,480,1000,0.95,0
unseen_seastate,tcn,window_mean,2,roll_imu,30,3.0,0.6408302255509436,0.6372827783538666,0.6445390951670689,480,1000,0.95,0
unseen_seastate,tcn,window_mean,2,roll_imu,50,5.0,0.28623487796535096,0.2846223560473801,0.28813760361324964,480,1000,0.95,0
unseen_seastate,tcn,window_mean,2,roll_imu,100,10.0,0.6821961555448173,0.6677942312074903,0.6953931971465136,480,1000,0.95,0
unseen_seastate,tcn,window_mean,2,roll_imu,150,15.0,0.49319167616302284,0.4830073620812147,0.5032729852054871,480,1000,0.95,0
unseen_seastate,tcn,window_mean,2,pitch_imu,10,1.0,2.390494997305921,2.3226381271140237,2.4595367236332977,480,1000,0.95,0
unseen_seastate,tcn,window_mean,2,pitch_imu,20,2.0,0.7074567172665318,0.6882565857490615,0.726984606750755,480,1000,0.95,0
unseen_seastate,tcn,window_mean,2,pitch_imu,30,3.0,0.37590262496189414,0.3663572684048162,0.38564187052515514,480,1000,0.95,0
unseen_seastate,tcn,window_mean,2,pitch_imu,50,5.0,0.20819835835967107,0.19911364031336115,0.2167596749031676,480,1000,0.95,0
unseen_seastate,tcn,window_mean,2,pitch_imu,100,10.0,-0.2793629707493442,-0.3433472714992185,-0.21705979343747014,480,1000,0.95,0
unseen_seastate,tcn,window_mean,2,pitch_imu,150,15.0,-0.3166541302693613,-0.33534060197091037,-0.29813021224610375,480,1000,0.95,0
unseen_seastate,tcn,window_mean,2,heave_imu,10,1.0,3.6842048319092084,3.607694110678387,3.7619636704380692,480,1000,0.95,0
unseen_seastate,tcn,window_mean,2,heave_imu,20,2.0,1.0698612277917585,1.0483322474127794,1.0917797764776465,480,1000,0.95,0
unseen_seastate,tcn,window_mean,2,heave_imu,30,3.0,0.5594357304429101,0.5488726291967766,0.5701004787071718,480,1000,0.95,0
unseen_seastate,tcn,window_mean,2,heave_imu,50,5.0,0.28700866668599456,0.2829728277441614,0.29143740955851605,480,1000,0.95,0
unseen_seastate,tcn,window_mean,2,heave_imu,100,10.0,0.29358355594476665,0.2734938092668116,0.31211979158582115,480,1000,0.95,0
unseen_seastate,tcn,window_mean,2,heave_imu,150,15.0,-0.08891067307516326,-0.10975094256471182,-0.067855631725536,480,1000,0.95,0
unseen_seastate,tcn,window_mean,2,roll_rate_imu,10,1.0,4.436080353910606,4.410661737950295,4.459378837486501,480,1000,0.95,0
unseen_seastate,tcn,window_mean,2,roll_rate_imu,20,2.0,1.2426141222627087,1.2352433073568436,1.249858708763977,480,1000,0.95,0
unseen_seastate,tcn,window_mean,2,roll_rate_imu,30,3.0,0.6160921926070012,0.6124065399303215,0.6198176069103901,480,1000,0.95,0
unseen_seastate,tcn,window_mean,2,roll_rate_imu,50,5.0,0.2777014541545479,0.27609174868392605,0.2794121725094891,480,1000,0.95,0
unseen_seastate,tcn,window_mean,2,roll_rate_imu,100,10.0,0.6700712501967336,0.6594134947111117,0.6806929395598554,480,1000,0.95,0
unseen_seastate,tcn,window_mean,2,roll_rate_imu,150,15.0,0.3945228356941366,0.3833714275320017,0.40538150255753913,480,1000,0.95,0
unseen_seastate,tcn,window_mean,2,pitch_rate_imu,10,1.0,1.7695877445940547,1.7244804125300899,1.8179574612766627,480,1000,0.95,0
unseen_seastate,tcn,window_mean,2,pitch_rate_imu,20,2.0,0.5462268814695479,0.5342486824316687,0.5584980484828428,480,1000,0.95,0
unseen_seastate,tcn,window_mean,2,pitch_rate_imu,30,3.0,0.32577992366526554,0.31999550139013444,0.3317565432737332,480,1000,0.95,0
unseen_seastate,tcn,window_mean,2,pitch_rate_imu,50,5.0,0.1263674911604739,0.11599989140206736,0.13663955420285248,480,1000,0.95,0
unseen_seastate,tcn,window_mean,2,pitch_rate_imu,100,10.0,-0.4265661041144546,-0.4727849076631863,-0.3817069986976203,480,1000,0.95,0
unseen_seastate,tcn,window_mean,2,pitch_rate_imu,150,15.0,-0.4884686069338005,-0.5138048358891357,-0.4663182383921702,480,1000,0.95,0
unseen_seastate,tcn,window_mean,2,heave_rate_imu,10,1.0,3.1323405772687614,3.0619273787110597,3.206739522209576,480,1000,0.95,0
unseen_seastate,tcn,window_mean,2,heave_rate_imu,20,2.0,0.9146529735536868,0.8956577794851267,0.9346861794356687,480,1000,0.95,0
unseen_seastate,tcn,window_mean,2,heave_rate_imu,30,3.0,0.47993553567653674,0.4711938089951079,0.4890327246434873,480,1000,0.95,0
unseen_seastate,tcn,window_mean,2,heave_rate_imu,50,5.0,0.2666123681380384,0.2644006511804078,0.269179762322711,480,1000,0.95,0
unseen_seastate,tcn,window_mean,2,heave_rate_imu,100,10.0,0.27389034342454566,0.2541485110744466,0.29314132536194515,480,1000,0.95,0
unseen_seastate,tcn,window_mean,2,heave_rate_imu,150,15.0,-0.12842726817554148,-0.14067515508810205,-0.11657640614319438,480,1000,0.95,0
