regime,grid_kind,ss,heading_deg,speed_kn,model,record,threshold_set,rule,scorable,base_rate,always_yes_sample_f1,n_onsets_true,n_onsets_pred,n_matched,precision,recall,f1,false_alarms_per_min,lead_p10,median_lead_time_s,lead_p90,n_onsets_true_raw,n_excluded_true,n_excluded_pred,n_windows,duration_s,peak_roll_deg,peak_pitch_deg,peak_heave_rate_mps,roll_limit_deg,pitch_limit_deg,heave_rate_limit_mps,sustain_s,n_records
unseen_vessel,mss,SS5,180.0,0.0,always_quiescent,S175_h180.0_u00.0_s000,permissive,point,False,1.0,1.0,0,1131,0,,,,117.0,,,,1,1,0,1131,580.0,1.35975e-06,1.82939,0.399062,3.0,2.0,0.8,2.0,3
unseen_vessel,mss,SS5,180.0,0.0,always_quiescent,S175_h180.0_u00.0_s000,strict,point,True,0.7889655172413793,0.882035466461064,13,1131,13,0.011494252873563218,1.0,0.022727272727272724,115.65517241379311,-0.07999999999999999,0.0,0.2,16,3,0,1131,580.0,1.35975e-06,1.82939,0.399062,1.5,1.0,0.4,3.0,3
unseen_vessel,mss,SS5,180.0,0.0,always_quiescent,S175_h180.0_u00.0_s001,permissive,point,False,1.0,1.0,0,1131,0,,,,117.0,,,,1,1,0,1131,580.0,1.36606e-06,1.88133,0.370724,3.0,2.0,0.8,2.0,3
unseen_vessel,mss,SS5,180.0,0.0,always_quiescent,S175_h180.0_u00.0_s001,strict,point,True,0.8724137931034482,0.9318600368324126,17,1131,17,0.015030946065428824,1.0,0.029616724738675958,115.24137931034483,-0.1,0.1,0.24000000000000005,21,4,0,1131,580.0,1.36606e-06,1.88133,0.370724,1.5,1.0,0.4,3.0,3
unseen_vessel,mss,SS5,180.0,0.0,always_quiescent,S175_h180.0_u00.0_s002,permissive,point,False,1.0,1.0,0,1131,0,,,,117.0,,,,1,1,0,1131,580.0,1.27117e-06,1.95463,0.479135,3.0,2.0,0.8,2.0,3
unseen_vessel,mss,SS5,180.0,0.0,always_quiescent,S175_h180.0_u00.0_s002,strict,point,True,0.8456896551724138,0.916394208313872,11,1131,11,0.009725906277630416,1.0,0.01926444833625219,115.86206896551724,-0.1,0.1,0.3,13,2,0,1131,580.0,1.27117e-06,1.95463,0.479135,1.5,1.0,0.4,3.0,3
unseen_vessel,mss,SS5,180.0,0.0,ar10|0,S175_h180.0_u00.0_s000,permissive,point,False,1.0,1.0,0,0,0,,,,0.0,,,,1,1,0,1131,580.0,1.35975e-06,1.82939,0.399062,3.0,2.0,0.8,2.0,3
unseen_vessel,mss,SS5,180.0,0.0,ar10|0,S175_h180.0_u00.0_s000,strict,point,True,0.7889655172413793,0.882035466461064,13,232,13,0.05603448275862069,1.0,0.10612244897959183,22.655172413793103,1.0,1.6,3.8400000000000016,16,3,0,1131,580.0,1.35975e-06,1.82939,0.399062,1.5,1.0,0.4,3.0,3
unseen_vessel,mss,SS5,180.0,0.0,ar10|0,S175_h180.0_u00.0_s001,permissive,point,False,1.0,1.0,0,0,0,,,,0.0,,,,1,1,0,1131,580.0,1.36606e-06,1.88133,0.370724,3.0,2.0,0.8,2.0,3
unseen_vessel,mss,SS5,180.0,0.0,ar10|0,S175_h180.0_u00.0_s001,strict,point,True,0.8724137931034482,0.9318600368324126,17,181,17,0.09392265193370165,1.0,0.17171717171717168,16.96551724137931,0.96,1.3,3.6000000000000005,21,4,0,1131,580.0,1.36606e-06,1.88133,0.370724,1.5,1.0,0.4,3.0,3
unseen_vessel,mss,SS5,180.0,0.0,ar10|0,S175_h180.0_u00.0_s002,permissive,point,False,1.0,1.0,0,0,0,,,,0.0,,,,1,1,0,1131,580.0,1.27117e-06,1.95463,0.479135,3.0,2.0,0.8,2.0,3
unseen_vessel,mss,SS5,180.0,0.0,ar10|0,S175_h180.0_u00.0_s002,strict,point,True,0.8456896551724138,0.916394208313872,11,202,11,0.054455445544554455,1.0,0.10328638497652581,19.75862068965517,1.1,1.5,2.9,13,2,0,1131,580.0,1.27117e-06,1.95463,0.479135,1.5,1.0,0.4,3.0,3
unseen_vessel,mss,SS5,180.0,0.0,ar20|0,S175_h180.0_u00.0_s000,permissive,point,False,1.0,1.0,0,0,0,,,,0.0,,,,1,1,0,1131,580.0,1.35975e-06,1.82939,0.399062,3.0,2.0,0.8,2.0,3
unseen_vessel,mss,SS5,180.0,0.0,ar20|0,S175_h180.0_u00.0_s000,strict,point,True,0.7889655172413793,0.882035466461064,13,240,13,0.05416666666666667,1.0,0.10276679841897234,23.482758620689655,0.92,1.5,2.1200000000000006,16,3,0,1131,580.0,1.35975e-06,1.82939,0.399062,1.5,1.0,0.4,3.0,3
unseen_vessel,mss,SS5,180.0,0.0,ar20|0,S175_h180.0_u00.0_s001,permissive,point,False,1.0,1.0,0,0,0,,,,0.0,,,,1,1,0,1131,580.0,1.36606e-06,1.88133,0.370724,3.0,2.0,0.8,2.0,3
unseen_vessel,mss,SS5,180.0,0.0,ar20|0,S175_h180.0_u00.0_s001,strict,point,True,0.8724137931034482,0.9318600368324126,17,185,17,0.0918918918918919,1.0,0.16831683168316833,17.379310344827587,1.1,1.7,3.8800000000000012,21,4,0,1131,580.0,1.36606e-06,1.88133,0.370724,1.5,1.0,0.4,3.0,3
unseen_vessel,mss,SS5,180.0,0.0,ar20|0,S175_h180.0_u00.0_s002,permissive,point,False,1.0,1.0,0,0,0,,,,0.0,,,,1,1,0,1131,580.0,1.27117e-06,1.95463,0.479135,3.0,2.0,0.8,2.0,3
unseen_vessel,mss,SS5,180.0,0.0,ar20|0,S175_h180.0_u00.0_s002,strict,point,True,0.8456896551724138,0.916394208313872,11,199,11,0.05527638190954774,1.0,0.10476190476190478,19.448275862068964,1.3,1.6,2.5,13,2,0,1131,580.0,1.27117e-06,1.95463,0.479135,1.5,1.0,0.4,3.0,3
unseen_vessel,mss,SS5,180.0,0.0,ar40|0,S175_h180.0_u00.0_s000,permissive,point,False,1.0,1.0,0,0,0,,,,0.0,,,,1,1,0,1131,580.0,1.35975e-06,1.82939,0.399062,3.0,2.0,0.8,2.0,3
unseen_vessel,mss,SS5,180.0,0.0,ar40|0,S175_h180.0_u00.0_s000,strict,point,True,0.7889655172413793,0.882035466461064,13,234,13,0.05555555555555555,1.0,0.10526315789473684,22.862068965517242,1.1,2.0,5.66,16,3,0,1131,580.0,1.35975e-06,1.82939,0.399062,1.5,1.0,0.4,3.0,3
unseen_vessel,mss,SS5,180.0,0.0,ar40|0,S175_h180.0_u00.0_s001,permissive,point,False,1.0,1.0,0,0,0,,,,0.0,,,,1,1,0,1131,580.0,1.36606e-06,1.88133,0.370724,3.0,2.0,0.8,2.0,3
unseen_vessel,mss,SS5,180.0,0.0,ar40|0,S175_h180.0_u00.0_s001,strict,point,True,0.8724137931034482,0.9318600368324126,17,201,17,0.0845771144278607,1.0,0.1559633027522936,19.03448275862069,1.36,1.9,4.960000000000001,21,4,0,1131,580.0,1.36606e-06,1.88133,0.370724,1.5,1.0,0.4,3.0,3
unseen_vessel,mss,SS5,180.0,0.0,ar40|0,S175_h180.0_u00.0_s002,permissive,point,False,1.0,1.0,0,0,0,,,,0.0,,,,1,1,0,1131,580.0,1.27117e-06,1.95463,0.479135,3.0,2.0,0.8,2.0,3
unseen_vessel,mss,SS5,180.0,0.0,ar40|0,S175_h180.0_u00.0_s002,strict,point,True,0.8456896551724138,0.916394208313872,11,183,11,0.060109289617486336,1.0,0.11340206185567009,17.79310344827586,1.6,2.0,5.8,13,2,0,1131,580.0,1.27117e-06,1.95463,0.479135,1.5,1.0,0.4,3.0,3
unseen_vessel,mss,SS5,180.0,0.0,damped_persistence|0,S175_h180.0_u00.0_s000,permissive,point,False,1.0,1.0,0,0,0,,,,0.0,,,,1,1,0,1131,580.0,1.35975e-06,1.82939,0.399062,3.0,2.0,0.8,2.0,3
unseen_vessel,mss,SS5,180.0,0.0,damped_persistence|0,S175_h180.0_u00.0_s000,strict,point,True,0.7889655172413793,0.882035466461064,13,111,6,0.05405405405405406,0.46153846153846156,0.0967741935483871,10.862068965517242,0.35,0.55,0.7,16,3,0,1131,580.0,1.35975e-06,1.82939,0.399062,1.5,1.0,0.4,3.0,3
unseen_vessel,mss,SS5,180.0,0.0,damped_persistence|0,S175_h180.0_u00.0_s001,permissive,point,False,1.0,1.0,0,0,0,,,,0.0,,,,1,1,0,1131,580.0,1.36606e-06,1.88133,0.370724,3.0,2.0,0.8,2.0,3
unseen_vessel,mss,SS5,180.0,0.0,damped_persistence|0,S175_h180.0_u00.0_s001,strict,point,True,0.8724137931034482,0.9318600368324126,17,74,9,0.12162162162162163,0.5294117647058824,0.19780219780219785,6.724137931034483,0.4,0.6,0.7,21,4,0,1131,580.0,1.36606e-06,1.88133,0.370724,1.5,1.0,0.4,3.0,3
unseen_vessel,mss,SS5,180.0,0.0,damped_persistence|0,S175_h180.0_u00.0_s002,permissive,point,False,1.0,1.0,0,0,0,,,,0.0,,,,1,1,0,1131,580.0,1.27117e-06,1.95463,0.479135,3.0,2.0,0.8,2.0,3
unseen_vessel,mss,SS5,180.0,0.0,damped_persistence|0,S175_h180.0_u00.0_s002,strict,point,True,0.8456896551724138,0.916394208313872,11,95,5,0.05263157894736842,0.45454545454545453,0.09433962264150943,9.310344827586206,0.3,0.4,0.56,13,2,0,1131,580.0,1.27117e-06,1.95463,0.479135,1.5,1.0,0.4,3.0,3
unseen_vessel,mss,SS5,180.0,0.0,dlinear_ols|0,S175_h180.0_u00.0_s000,permissive,point,False,1.0,1.0,0,0,0,,,,0.0,,,,1,1,0,1131,580.0,1.35975e-06,1.82939,0.399062,3.0,2.0,0.8,2.0,3
unseen_vessel,mss,SS5,180.0,0.0,dlinear_ols|0,S175_h180.0_u00.0_s000,strict,point,True,0.7889655172413793,0.882035466461064,13,207,13,0.06280193236714976,1.0,0.11818181818181818,20.06896551724138,1.42,1.7,2.9200000000000004,16,3,0,1131,580.0,1.35975e-06,1.82939,0.399062,1.5,1.0,0.4,3.0,3
unseen_vessel,mss,SS5,180.0,0.0,dlinear_ols|0,S175_h180.0_u00.0_s001,permissive,point,False,1.0,1.0,0,0,0,,,,0.0,,,,1,1,0,1131,580.0,1.36606e-06,1.88133,0.370724,3.0,2.0,0.8,2.0,3
unseen_vessel,mss,SS5,180.0,0.0,dlinear_ols|0,S175_h180.0_u00.0_s001,strict,point,True,0.8724137931034482,0.9318600368324126,17,153,17,0.1111111111111111,1.0,0.19999999999999998,14.068965517241379,1.26,1.7,2.72,21,4,0,1131,580.0,1.36606e-06,1.88133,0.370724,1.5,1.0,0.4,3.0,3
unseen_vessel,mss,SS5,180.0,0.0,dlinear_ols|0,S175_h180.0_u00.0_s002,permissive,point,False,1.0,1.0,0,0,0,,,,0.0,,,,1,1,0,1131,580.0,1.27117e-06,1.95463,0.479135,3.0,2.0,0.8,2.0,3
unseen_vessel,mss,SS5,180.0,0.0,dlinear_ols|0,S175_h180.0_u00.0_s002,strict,point,True,0.8456896551724138,0.916394208313872,11,150,11,0.07333333333333333,1.0,0.13664596273291926,14.379310344827585,1.5,1.9,2.6,13,2,0,1131,580.0,1.27117e-06,1.95463,0.479135,1.5,1.0,0.4,3.0,3
unseen_vessel,mss,SS5,180.0,0.0,dlinear|0,S175_h180.0_u00.0_s000,permissive,point,False,1.0,1.0,0,0,0,,,,0.0,,,,1,1,0,1131,580.0,1.35975e-06,1.82939,0.399062,3.0,2.0,0.8,2.0,3
unseen_vessel,mss,SS5,180.0,0.0,dlinear|0,S175_h180.0_u00.0_s000,strict,point,True,0.7889655172413793,0.882035466461064,13,203,13,0.06403940886699508,1.0,0.12037037037037038,19.655172413793103,1.0,1.4,2.0200000000000005,16,3,0,1131,580.0,1.35975e-06,1.82939,0.399062,1.5,1.0,0.4,3.0,3
unseen_vessel,mss,SS5,180.0,0.0,dlinear|0,S175_h180.0_u00.0_s001,permissive,point,False,1.0,1.0,0,0,0,,,,0.0,,,,1,1,0,1131,580.0,1.36606e-06,1.88133,0.370724,3.0,2.0,0.8,2.0,3
unseen_vessel,mss,SS5,180.0,0.0,dlinear|0,S175_h180.0_u00.0_s001,strict,point,True,0.8724137931034482,0.9318600368324126,17,158,17,0.10759493670886076,1.0,0.1942857142857143,14.586206896551724,0.8200000000000001,1.4,2.1,21,4,0,1131,580.0,1.36606e-06,1.88133,0.370724,1.5,1.0,0.4,3.0,3
unseen_vessel,mss,SS5,180.0,0.0,dlinear|0,S175_h180.0_u00.0_s002,permissive,point,False,1.0,1.0,0,0,0,,,,0.0,,,,1,1,0,1131,580.0,1.27117e-06,1.95463,0.479135,3.0,2.0,0.8,2.0,3
unseen_vessel,mss,SS5,180.0,0.0,dlinear|0,S175_h180.0_u00.0_s002,strict,point,True,0.8456896551724138,0.916394208313872,11,149,11,0.0738255033557047,1.0,0.1375,14.275862068965518,1.1,1.6,2.3,13,2,0,1131,580.0,1.27117e-06,1.95463,0.479135,1.5,1.0,0.4,3.0,3
unseen_vessel,mss,SS5,180.0,0.0,dlinear|1,S175_h180.0_u00.0_s000,permissive,point,False,1.0,1.0,0,0,0,,,,0.0,,,,1,1,0,1131,580.0,1.35975e-06,1.82939,0.399062,3.0,2.0,0.8,2.0,3
unseen_vessel,mss,SS5,180.0,0.0,dlinear|1,S175_h180.0_u00.0_s000,strict,point,True,0.7889655172413793,0.882035466461064,13,207,13,0.06280193236714976,1.0,0.11818181818181818,20.06896551724138,1.0,1.2,2.0200000000000005,16,3,0,1131,580.0,1.35975e-06,1.82939,0.399062,1.5,1.0,0.4,3.0,3
unseen_vessel,mss,SS5,180.0,0.0,dlinear|1,S175_h180.0_u00.0_s001,permissive,point,False,1.0,1.0,0,0,0,,,,0.0,,,,1,1,0,1131,580.0,1.36606e-06,1.88133,0.370724,3.0,2.0,0.8,2.0,3
unseen_vessel,mss,SS5,180.0,0.0,dlinear|1,S175_h180.0_u00.0_s001,strict,point,True,0.8724137931034482,0.9318600368324126,17,159,17,0.1069182389937107,1.0,0.1931818181818182,14.689655172413794,0.56,1.3,2.1,21,4,0,1131,580.0,1.36606e-06,1.88133,0.370724,1.5,1.0,0.4,3.0,3
unseen_vessel,mss,SS5,180.0,0.0,dlinear|1,S175_h180.0_u00.0_s002,permissive,point,False,1.0,1.0,0,0,0,,,,0.0,,,,1,1,0,1131,580.0,1.27117e-06,1.95463,0.479135,3.0,2.0,0.8,2.0,3
unseen_vessel,mss,SS5,180.0,0.0,dlinear|1,S175_h180.0_u00.0_s002,strict,point,True,0.8456896551724138,0.916394208313872,11,146,11,0.07534246575342465,1.0,0.14012738853503182,13.96551724137931,1.0,1.9,2.3,13,2,0,1131,580.0,1.27117e-06,1.95463,0.479135,1.5,1.0,0.4,3.0,3
unseen_vessel,mss,SS5,180.0,0.0,dlinear|2,S175_h180.0_u00.0_s000,permissive,point,False,1.0,1.0,0,0,0,,,,0.0,,,,1,1,0,1131,580.0,1.35975e-06,1.82939,0.399062,3.0,2.0,0.8,2.0,3
unseen_vessel,mss,SS5,180.0,0.0,dlinear|2,S175_h180.0_u00.0_s000,strict,point,True,0.7889655172413793,0.882035466461064,13,201,13,0.06467661691542288,1.0,0.12149532710280372,19.448275862068964,0.92,1.3,2.8200000000000007,16,3,0,1131,580.0,1.35975e-06,1.82939,0.399062,1.5,1.0,0.4,3.0,3
unseen_vessel,mss,SS5,180.0,0.0,dlinear|2,S175_h180.0_u00.0_s001,permissive,point,False,1.0,1.0,0,0,0,,,,0.0,,,,1,1,0,1131,580.0,1.36606e-06,1.88133,0.370724,3.0,2.0,0.8,2.0,3
unseen_vessel,mss,SS5,180.0,0.0,dlinear|2,S175_h180.0_u00.0_s001,strict,point,True,0.8724137931034482,0.9318600368324126,17,154,17,0.11038961038961038,1.0,0.1988304093567251,14.172413793103448,1.1,1.3,2.1,21,4,0,1131,580.0,1.36606e-06,1.88133,0.370724,1.5,1.0,0.4,3.0,3
unseen_vessel,mss,SS5,180.0,0.0,dlinear|2,S175_h180.0_u00.0_s002,permissive,point,False,1.0,1.0,0,0,0,,,,0.0,,,,1,1,0,1131,580.0,1.27117e-06,1.95463,0.479135,3.0,2.0,0.8,2.0,3
unseen_vessel,mss,SS5,180.0,0.0,dlinear|2,S175_h180.0_u00.0_s002,strict,point,True,0.8456896551724138,0.916394208313872,11,148,11,0.07432432432432433,1.0,0.13836477987421383,14.172413793103448,1.0,1.4,2.3,13,2,0,1131,580.0,1.27117e-06,1.95463,0.479135,1.5,1.0,0.4,3.0,3
unseen_vessel,mss,SS5,180.0,0.0,lstm|0,S175_h180.0_u00.0_s000,permissive,point,False,1.0,1.0,0,118,0,,,,12.206896551724139,,,,1,1,0,1131,580.0,1.35975e-06,1.82939,0.399062,3.0,2.0,0.8,2.0,3
unseen_vessel,mss,SS5,180.0,0.0,lstm|0,S175_h180.0_u00.0_s000,strict,point,True,0.7889655172413793,0.882035466461064,13,200,5,0.025,0.38461538461538464,0.046948356807511735,20.17241379310345,0.96,4.5,6.2,16,3,0,1131,580.0,1.35975e-06,1.82939,0.399062,1.5,1.0,0.4,3.0,3
unseen_vessel,mss,SS5,180.0,0.0,lstm|0,S175_h180.0_u00.0_s001,permissive,point,False,1.0,1.0,0,162,0,,,,16.75862068965517,,,,1,1,0,1131,580.0,1.36606e-06,1.88133,0.370724,3.0,2.0,0.8,2.0,3
unseen_vessel,mss,SS5,180.0,0.0,lstm|0,S175_h180.0_u00.0_s001,strict,point,True,0.8724137931034482,0.9318600368324126,17,168,7,0.041666666666666664,0.4117647058823529,0.07567567567567567,16.655172413793103,0.44000000000000006,1.2,7.380000000000001,21,4,0,1131,580.0,1.36606e-06,1.88133,0.370724,1.5,1.0,0.4,3.0,3
unseen_vessel,mss,SS5,180.0,0.0,lstm|0,S175_h180.0_u00.0_s002,permissive,point,False,1.0,1.0,0,118,0,,,,12.206896551724139,,,,1,1,0,1131,580.0,1.27117e-06,1.95463,0.479135,3.0,2.0,0.8,2.0,3
unseen_vessel,mss,SS5,180.0,0.0,lstm|0,S175_h180.0_u00.0_s002,strict,point,True,0.8456896551724138,0.916394208313872,11,193,5,0.025906735751295335,0.45454545454545453,0.049019607843137254,19.448275862068964,0.26,2.1,6.48,13,2,0,1131,580.0,1.27117e-06,1.95463,0.479135,1.5,1.0,0.4,3.0,3
unseen_vessel,mss,SS5,180.0,0.0,lstm|1,S175_h180.0_u00.0_s000,permissive,point,False,1.0,1.0,0,180,0,,,,18.620689655172413,,,,1,1,0,1131,580.0,1.35975e-06,1.82939,0.399062,3.0,2.0,0.8,2.0,3
unseen_vessel,mss,SS5,180.0,0.0,lstm|1,S175_h180.0_u00.0_s000,strict,point,True,0.7889655172413793,0.882035466461064,13,237,10,0.04219409282700422,0.7692307692307693,0.07999999999999999,23.482758620689655,0.49,4.95,10.96,16,3,0,1131,580.0,1.35975e-06,1.82939,0.399062,1.5,1.0,0.4,3.0,3
unseen_vessel,mss,SS5,180.0,0.0,lstm|1,S175_h180.0_u00.0_s001,permissive,point,False,1.0,1.0,0,238,0,,,,24.620689655172413,,,,1,1,0,1131,580.0,1.36606e-06,1.88133,0.370724,3.0,2.0,0.8,2.0,3
unseen_vessel,mss,SS5,180.0,0.0,lstm|1,S175_h180.0_u00.0_s001,strict,point,True,0.8724137931034482,0.9318600368324126,17,213,11,0.051643192488262914,0.6470588235294118,0.0956521739130435,20.896551724137932,0.7,8.5,11.9,21,4,0,1131,580.0,1.36606e-06,1.88133,0.370724,1.5,1.0,0.4,3.0,3
unseen_vessel,mss,SS5,180.0,0.0,lstm|1,S175_h180.0_u00.0_s002,permissive,point,False,1.0,1.0,0,202,0,,,,20.896551724137932,,,,1,1,0,1131,580.0,1.27117e-06,1.95463,0.479135,3.0,2.0,0.8,2.0,3
unseen_vessel,mss,SS5,180.0,0.0,lstm|1,S175_h180.0_u00.0_s002,strict,point,True,0.8456896551724138,0.916394208313872,11,261,6,0.022988505747126436,0.5454545454545454,0.04411764705882353,26.379310344827587,0.55,4.6,10.2,13,2,0,1131,580.0,1.27117e-06,1.95463,0.479135,1.5,1.0,0.4,3.0,3
unseen_vessel,mss,SS5,180.0,0.0,lstm|2,S175_h180.0_u00.0_s000,permissive,point,False,1.0,1.0,0,102,0,,,,10.551724137931034,,,,1,1,0,1131,580.0,1.35975e-06,1.82939,0.399062,3.0,2.0,0.8,2.0,3
unseen_vessel,mss,SS5,180.0,0.0,lstm|2,S175_h180.0_u00.0_s000,strict,point,True,0.7889655172413793,0.882035466461064,13,309,10,0.032362459546925564,0.7692307692307693,0.062111801242236024,30.93103448275862,0.59,2.05,6.31,16,3,0,1131,580.0,1.35975e-06,1.82939,0.399062,1.5,1.0,0.4,3.0,3
unseen_vessel,mss,SS5,180.0,0.0,lstm|2,S175_h180.0_u00.0_s001,permissive,point,False,1.0,1.0,0,94,0,,,,9.724137931034482,,,,1,1,0,1131,580.0,1.36606e-06,1.88133,0.370724,3.0,2.0,0.8,2.0,3
unseen_vessel,mss,SS5,180.0,0.0,lstm|2,S175_h180.0_u00.0_s001,strict,point,True,0.8724137931034482,0.9318600368324126,17,301,13,0.04318936877076412,0.7647058823529411,0.08176100628930819,29.79310344827586,0.34,0.9,10.02,21,4,0,1131,580.0,1.36606e-06,1.88133,0.370724,1.5,1.0,0.4,3.0,3
unseen_vessel,mss,SS5,180.0,0.0,lstm|2,S175_h180.0_u00.0_s002,permissive,point,False,1.0,1.0,0,112,0,,,,11.586206896551724,,,,1,1,0,1131,580.0,1.27117e-06,1.95463,0.479135,3.0,2.0,0.8,2.0,3
unseen_vessel,mss,SS5,180.0,0.0,lstm|2,S175_h180.0_u00.0_s002,strict,point,True,0.8456896551724138,0.916394208313872,11,270,7,0.025925925925925925,0.6363636363636364,0.0498220640569395,27.20689655172414,0.5800000000000001,1.1,5.460000000000001,13,2,0,1131,580.0,1.27117e-06,1.95463,0.479135,1.5,1.0,0.4,3.0,3
unseen_vessel,mss,SS5,180.0,0.0,persistence|0,S175_h180.0_u00.0_s000,permissive,point,False,1.0,1.0,0,0,0,,,,0.0,,,,1,1,0,1131,580.0,1.35975e-06,1.82939,0.399062,3.0,2.0,0.8,2.0,3
unseen_vessel,mss,SS5,180.0,0.0,persistence|0,S175_h180.0_u00.0_s000,strict,point,True,0.7889655172413793,0.882035466461064,13,0,0,0.0,0.0,0.0,0.0,,,,16,3,0,1131,580.0,1.35975e-06,1.82939,0.399062,1.5,1.0,0.4,3.0,3
unseen_vessel,mss,SS5,180.0,0.0,persistence|0,S175_h180.0_u00.0_s001,permissive,point,False,1.0,1.0,0,0,0,,,,0.0,,,,1,1,0,1131,580.0,1.36606e-06,1.88133,0.370724,3.0,2.0,0.8,2.0,3
unseen_vessel,mss,SS5,180.0,0.0,persistence|0,S175_h180.0_u00.0_s001,strict,point,True,0.8724137931034482,0.9318600368324126,17,0,0,0.0,0.0,0.0,0.0,,,,21,4,0,1131,580.0,1.36606e-06,1.88133,0.370724,1.5,1.0,0.4,3.0,3
unseen_vessel,mss,SS5,180.0,0.0,persistence|0,S175_h180.0_u00.0_s002,permissive,point,False,1.0,1.0,0,0,0,,,,0.0,,,,1,1,0,1131,580.0,1.27117e-06,1.95463,0.479135,3.0,2.0,0.8,2.0,3
unseen_vessel,mss,SS5,180.0,0.0,persistence|0,S175_h180.0_u00.0_s002,strict,point,True,0.8456896551724138,0.916394208313872,11,0,0,0.0,0.0,0.0,0.0,,,,13,2,0,1131,580.0,1.27117e-06,1.95463,0.479135,1.5,1.0,0.4,3.0,3
unseen_vessel,mss,SS5,180.0,0.0,rate_matched,S175_h180.0_u00.0_s000,permissive,point,False,1.0,1.0,0,0,0,,,,0.0,,,,1,1,0,1131,580.0,1.35975e-06,1.82939,0.399062,3.0,2.0,0.8,2.0,3
unseen_vessel,mss,SS5,180.0,0.0,rate_matched,S175_h180.0_u00.0_s000,strict,point,True,0.7889655172413793,0.882035466461064,13,13,0,0.0,0.0,0.0,1.3448275862068966,,,,16,3,0,1131,580.0,1.35975e-06,1.82939,0.399062,1.5,1.0,0.4,3.0,3
unseen_vessel,mss,SS5,180.0,0.0,rate_matched,S175_h180.0_u00.0_s001,permissive,point,False,1.0,1.0,0,0,0,,,,0.0,,,,1,1,0,1131,580.0,1.36606e-06,1.88133,0.370724,3.0,2.0,0.8,2.0,3
unseen_vessel,mss,SS5,180.0,0.0,rate_matched,S175_h180.0_u00.0_s001,strict,point,True,0.8724137931034482,0.9318600368324126,17,17,1,0.058823529411764705,0.058823529411764705,0.058823529411764705,1.6551724137931034,0.6,0.6,0.6,21,4,0,1131,580.0,1.36606e-06,1.88133,0.370724,1.5,1.0,0.4,3.0,3
unseen_vessel,mss,SS5,180.0,0.0,rate_matched,S175_h180.0_u00.0_s002,permissive,point,False,1.0,1.0,0,0,0,,,,0.0,,,,1,1,0,1131,580.0,1.27117e-06,1.95463,0.479135,3.0,2.0,0.8,2.0,3
unseen_vessel,mss,SS5,180.0,0.0,rate_matched,S175_h180.0_u00.0_s002,strict,point,True,0.8456896551724138,0.916394208313872,11,11,1,0.09090909090909091,0.09090909090909091,0.09090909090909091,1.0344827586206897,0.2,0.2,0.2,13,2,0,1131,580.0,1.27117e-06,1.95463,0.479135,1.5,1.0,0.4,3.0,3
unseen_vessel,mss,SS5,180.0,0.0,tcn|0,S175_h180.0_u00.0_s000,permissive,point,False,1.0,1.0,0,108,0,,,,11.172413793103448,,,,1,1,0,1131,580.0,1.35975e-06,1.82939,0.399062,3.0,2.0,0.8,2.0,3
unseen_vessel,mss,SS5,180.0,0.0,tcn|0,S175_h180.0_u00.0_s000,strict,point,True,0.7889655172413793,0.882035466461064,13,194,8,0.041237113402061855,0.6153846153846154,0.07729468599033816,19.24137931034483,0.47000000000000003,2.1500000000000004,7.3599999999999985,16,3,0,1131,580.0,1.35975e-06,1.82939,0.399062,1.5,1.0,0.4,3.0,3
unseen_vessel,mss,SS5,180.0,0.0,tcn|0,S175_h180.0_u00.0_s001,permissive,point,False,1.0,1.0,0,145,0,,,,15.0,,,,1,1,0,1131,580.0,1.36606e-06,1.88133,0.370724,3.0,2.0,0.8,2.0,3
unseen_vessel,mss,SS5,180.0,0.0,tcn|0,S175_h180.0_u00.0_s001,strict,point,True,0.8724137931034482,0.9318600368324126,17,170,10,0.058823529411764705,0.5882352941176471,0.10695187165775401,16.551724137931036,0.2,1.35,8.849999999999998,21,4,0,1131,580.0,1.36606e-06,1.88133,0.370724,1.5,1.0,0.4,3.0,3
unseen_vessel,mss,SS5,180.0,0.0,tcn|0,S175_h180.0_u00.0_s002,permissive,point,False,1.0,1.0,0,128,0,,,,13.241379310344827,,,,1,1,0,1131,580.0,1.27117e-06,1.95463,0.479135,3.0,2.0,0.8,2.0,3
unseen_vessel,mss,SS5,180.0,0.0,tcn|0,S175_h180.0_u00.0_s002,strict,point,True,0.8456896551724138,0.916394208313872,11,169,7,0.04142011834319527,0.6363636363636364,0.07777777777777778,16.75862068965517,0.8400000000000001,2.8,8.360000000000001,13,2,0,1131,580.0,1.27117e-06,1.95463,0.479135,1.5,1.0,0.4,3.0,3
unseen_vessel,mss,SS5,180.0,0.0,tcn|1,S175_h180.0_u00.0_s000,permissive,point,False,1.0,1.0,0,129,0,,,,13.344827586206897,,,,1,1,0,1131,580.0,1.35975e-06,1.82939,0.399062,3.0,2.0,0.8,2.0,3
unseen_vessel,mss,SS5,180.0,0.0,tcn|1,S175_h180.0_u00.0_s000,strict,point,True,0.7889655172413793,0.882035466461064,13,189,6,0.031746031746031744,0.46153846153846156,0.0594059405940594,18.93103448275862,0.5,0.8999999999999999,6.3,16,3,0,1131,580.0,1.35975e-06,1.82939,0.399062,1.5,1.0,0.4,3.0,3
unseen_vessel,mss,SS5,180.0,0.0,tcn|1,S175_h180.0_u00.0_s001,permissive,point,False,1.0,1.0,0,172,0,,,,17.79310344827586,,,,1,1,0,1131,580.0,1.36606e-06,1.88133,0.370724,3.0,2.0,0.8,2.0,3
unseen_vessel,mss,SS5,180.0,0.0,tcn|1,S175_h180.0_u00.0_s001,strict,point,True,0.8724137931034482,0.9318600368324126,17,172,9,0.05232558139534884,0.5294117647058824,0.09523809523809525,16.862068965517242,0.2,0.7,4.660000000000001,21,4,0,1131,580.0,1.36606e-06,1.88133,0.370724,1.5,1.0,0.4,3.0,3
unseen_vessel,mss,SS5,180.0,0.0,tcn|1,S175_h180.0_u00.0_s002,permissive,point,False,1.0,1.0,0,166,0,,,,17.17241379310345,,,,1,1,0,1131,580.0,1.27117e-06,1.95463,0.479135,3.0,2.0,0.8,2.0,3
unseen_vessel,mss,SS5,180.0,0.0,tcn|1,S175_h180.0_u00.0_s002,strict,point,True,0.8456896551724138,0.916394208313872,11,213,6,0.028169014084507043,0.5454545454545454,0.053571428571428575,21.413793103448278,0.95,4.85,9.15,13,2,0,1131,580.0,1.27117e-06,1.95463,0.479135,1.5,1.0,0.4,3.0,3
unseen_vessel,mss,SS5,180.0,0.0,tcn|2,S175_h180.0_u00.0_s000,permissive,point,False,1.0,1.0,0,45,0,,,,4.655172413793103,,,,1,1,0,1131,580.0,1.35975e-06,1.82939,0.399062,3.0,2.0,0.8,2.0,3
unseen_vessel,mss,SS5,180.0,0.0,tcn|2,S175_h180.0_u00.0_s000,strict,point,True,0.7889655172413793,0.882035466461064,13,275,10,0.03636363636363636,0.7692307692307693,0.06944444444444443,27.413793103448278,0.59,1.0,8.28,16,3,0,1131,580.0,1.35975e-06,1.82939,0.399062,1.5,1.0,0.4,3.0,3
unseen_vessel,mss,SS5,180.0,0.0,tcn|2,S175_h180.0_u00.0_s001,permissive,point,False,1.0,1.0,0,109,0,,,,11.275862068965518,,,,1,1,0,1131,580.0,1.36606e-06,1.88133,0.370724,3.0,2.0,0.8,2.0,3
unseen_vessel,mss,SS5,180.0,0.0,tcn|2,S175_h180.0_u00.0_s001,strict,point,True,0.8724137931034482,0.9318600368324126,17,202,14,0.06930693069306931,0.8235294117647058,0.12785388127853883,19.448275862068964,0.33,1.6,6.940000000000002,21,4,0,1131,580.0,1.36606e-06,1.88133,0.370724,1.5,1.0,0.4,3.0,3
unseen_vessel,mss,SS5,180.0,0.0,tcn|2,S175_h180.0_u00.0_s002,permissive,point,False,1.0,1.0,0,89,0,,,,9.206896551724139,,,,1,1,0,1131,580.0,1.27117e-06,1.95463,0.479135,3.0,2.0,0.8,2.0,3
unseen_vessel,mss,SS5,180.0,0.0,tcn|2,S175_h180.0_u00.0_s002,strict,point,True,0.8456896551724138,0.916394208313872,11,238,9,0.037815126050420166,0.8181818181818182,0.07228915662650602,23.689655172413794,0.76,5.8,10.7,13,2,0,1131,580.0,1.27117e-06,1.95463,0.479135,1.5,1.0,0.4,3.0,3
unseen_vessel,mss,SS5,180.0,0.0,transformer|0,S175_h180.0_u00.0_s000,permissive,point,False,1.0,1.0,0,5,0,,,,0.5172413793103449,,,,1,1,0,1131,580.0,1.35975e-06,1.82939,0.399062,3.0,2.0,0.8,2.0,3
unseen_vessel,mss,SS5,180.0,0.0,transformer|0,S175_h180.0_u00.0_s000,strict,point,True,0.7889655172413793,0.882035466461064,13,153,2,0.013071895424836602,0.15384615384615385,0.024096385542168676,15.620689655172415,5.26,7.8999999999999995,10.54,16,3,0,1131,580.0,1.35975e-06,1.82939,0.399062,1.5,1.0,0.4,3.0,3
unseen_vessel,mss,SS5,180.0,0.0,transformer|0,S175_h180.0_u00.0_s001,permissive,point,False,1.0,1.0,0,7,0,,,,0.7241379310344828,,,,1,1,0,1131,580.0,1.36606e-06,1.88133,0.370724,3.0,2.0,0.8,2.0,3
unseen_vessel,mss,SS5,180.0,0.0,transformer|0,S175_h180.0_u00.0_s001,strict,point,True,0.8724137931034482,0.9318600368324126,17,69,4,0.057971014492753624,0.23529411764705882,0.0930232558139535,6.724137931034483,2.4400000000000004,4.05,6.010000000000001,21,4,0,1131,580.0,1.36606e-06,1.88133,0.370724,1.5,1.0,0.4,3.0,3
unseen_vessel,mss,SS5,180.0,0.0,transformer|0,S175_h180.0_u00.0_s002,permissive,point,False,1.0,1.0,0,11,0,,,,1.1379310344827587,,,,1,1,0,1131,580.0,1.27117e-06,1.95463,0.479135,3.0,2.0,0.8,2.0,3
unseen_vessel,mss,SS5,180.0,0.0,transformer|0,S175_h180.0_u00.0_s002,strict,point,True,0.8456896551724138,0.916394208313872,11,124,4,0.03225806451612903,0.36363636363636365,0.05925925925925926,12.413793103448276,2.4800000000000004,8.25,10.17,13,2,0,1131,580.0,1.27117e-06,1.95463,0.479135,1.5,1.0,0.4,3.0,3
unseen_vessel,mss,SS5,180.0,0.0,transformer|1,S175_h180.0_u00.0_s000,permissive,point,False,1.0,1.0,0,0,0,,,,0.0,,,,1,1,0,1131,580.0,1.35975e-06,1.82939,0.399062,3.0,2.0,0.8,2.0,3
unseen_vessel,mss,SS5,180.0,0.0,transformer|1,S175_h180.0_u00.0_s000,strict,point,True,0.7889655172413793,0.882035466461064,13,173,2,0.011560693641618497,0.15384615384615385,0.02150537634408602,17.689655172413794,1.13,2.85,4.57,16,3,0,1131,580.0,1.35975e-06,1.82939,0.399062,1.5,1.0,0.4,3.0,3
unseen_vessel,mss,SS5,180.0,0.0,transformer|1,S175_h180.0_u00.0_s001,permissive,point,False,1.0,1.0,0,0,0,,,,0.0,,,,1,1,0,1131,580.0,1.36606e-06,1.88133,0.370724,3.0,2.0,0.8,2.0,3
unseen_vessel,mss,SS5,180.0,0.0,transformer|1,S175_h180.0_u00.0_s001,strict,point,True,0.8724137931034482,0.9318600368324126,17,109,5,0.045871559633027525,0.29411764705882354,0.07936507936507936,10.758620689655173,1.1400000000000001,1.3,3.9400000000000004,21,4,0,1131,580.0,1.36606e-06,1.88133,0.370724,1.5,1.0,0.4,3.0,3
unseen_vessel,mss,SS5,180.0,0.0,transformer|1,S175_h180.0_u00.0_s002,permissive,point,False,1.0,1.0,0,7,0,,,,0.7241379310344828,,,,1,1,0,1131,580.0,1.27117e-06,1.95463,0.479135,3.0,2.0,0.8,2.0,3
unseen_vessel,mss,SS5,180.0,0.0,transformer|1,S175_h180.0_u00.0_s002,strict,point,True,0.8456896551724138,0.916394208313872,11,169,5,0.029585798816568046,0.45454545454545453,0.05555555555555555,16.96551724137931,1.1,2.9,8.66,13,2,0,1131,580.0,1.27117e-06,1.95463,0.479135,1.5,1.0,0.4,3.0,3
unseen_vessel,mss,SS5,180.0,0.0,transformer|2,S175_h180.0_u00.0_s000,permissive,point,False,1.0,1.0,0,2,0,,,,0.20689655172413793,,,,1,1,0,1131,580.0,1.35975e-06,1.82939,0.399062,3.0,2.0,0.8,2.0,3
unseen_vessel,mss,SS5,180.0,0.0,transformer|2,S175_h180.0_u00.0_s000,strict,point,True,0.7889655172413793,0.882035466461064,13,181,4,0.022099447513812154,0.3076923076923077,0.041237113402061855,18.310344827586206,0.97,3.3,6.680000000000001,16,3,0,1131,580.0,1.35975e-06,1.82939,0.399062,1.5,1.0,0.4,3.0,3
unseen_vessel,mss,SS5,180.0,0.0,transformer|2,S175_h180.0_u00.0_s001,permissive,point,False,1.0,1.0,0,0,0,,,,0.0,,,,1,1,0,1131,580.0,1.36606e-06,1.88133,0.370724,3.0,2.0,0.8,2.0,3
unseen_vessel,mss,SS5,180.0,0.0,transformer|2,S175_h180.0_u00.0_s001,strict,point,True,0.8724137931034482,0.9318600368324126,17,104,6,0.057692307692307696,0.35294117647058826,0.09917355371900828,10.137931034482758,1.2,2.15,4.9,21,4,0,1131,580.0,1.36606e-06,1.88133,0.370724,1.5,1.0,0.4,3.0,3
unseen_vessel,mss,SS5,180.0,0.0,transformer|2,S175_h180.0_u00.0_s002,permissive,point,False,1.0,1.0,0,0,0,,,,0.0,,,,1,1,0,1131,580.0,1.27117e-06,1.95463,0.479135,3.0,2.0,0.8,2.0,3
unseen_vessel,mss,SS5,180.0,0.0,transformer|2,S175_h180.0_u00.0_s002,strict,point,True,0.8456896551724138,0.916394208313872,11,179,8,0.0446927374301676,0.7272727272727273,0.08421052631578949,17.689655172413794,1.27,4.75,10.76,13,2,0,1131,580.0,1.27117e-06,1.95463,0.479135,1.5,1.0,0.4,3.0,3
unseen_vessel,mss,SS5,180.0,0.0,window_mean|0,S175_h180.0_u00.0_s000,permissive,point,False,1.0,1.0,0,0,0,,,,0.0,,,,1,1,0,1131,580.0,1.35975e-06,1.82939,0.399062,3.0,2.0,0.8,2.0,3
unseen_vessel,mss,SS5,180.0,0.0,window_mean|0,S175_h180.0_u00.0_s000,strict,point,True,0.7889655172413793,0.882035466461064,13,0,0,0.0,0.0,0.0,0.0,,,,16,3,0,1131,580.0,1.35975e-06,1.82939,0.399062,1.5,1.0,0.4,3.0,3
unseen_vessel,mss,SS5,180.0,0.0,window_mean|0,S175_h180.0_u00.0_s001,permissive,point,False,1.0,1.0,0,0,0,,,,0.0,,,,1,1,0,1131,580.0,1.36606e-06,1.88133,0.370724,3.0,2.0,0.8,2.0,3
unseen_vessel,mss,SS5,180.0,0.0,window_mean|0,S175_h180.0_u00.0_s001,strict,point,True,0.8724137931034482,0.9318600368324126,17,0,0,0.0,0.0,0.0,0.0,,,,21,4,0,1131,580.0,1.36606e-06,1.88133,0.370724,1.5,1.0,0.4,3.0,3
unseen_vessel,mss,SS5,180.0,0.0,window_mean|0,S175_h180.0_u00.0_s002,permissive,point,False,1.0,1.0,0,0,0,,,,0.0,,,,1,1,0,1131,580.0,1.27117e-06,1.95463,0.479135,3.0,2.0,0.8,2.0,3
unseen_vessel,mss,SS5,180.0,0.0,window_mean|0,S175_h180.0_u00.0_s002,strict,point,True,0.8456896551724138,0.916394208313872,11,0,0,0.0,0.0,0.0,0.0,,,,13,2,0,1131,580.0,1.27117e-06,1.95463,0.479135,1.5,1.0,0.4,3.0,3
unseen_vessel,mss,SS5,180.0,6.0,always_quiescent,S175_h180.0_u06.0_s000,permissive,point,False,1.0,1.0,0,1131,0,,,,117.0,,,,1,1,0,1131,580.0,1.63913e-06,1.73749,0.424831,3.0,2.0,0.8,2.0,3
unseen_vessel,mss,SS5,180.0,6.0,always_quiescent,S175_h180.0_u06.0_s000,strict,point,True,0.775,0.8732394366197184,16,1131,16,0.014146772767462422,1.0,0.027898866608544026,115.34482758620689,-0.05,0.1,0.2,18,2,0,1131,580.0,1.63913e-06,1.73749,0.424831,1.5,1.0,0.4,3.0,3
unseen_vessel,mss,SS5,180.0,6.0,always_quiescent,S175_h180.0_u06.0_s001,permissive,point,False,0.9993103448275862,0.9996550534667127,0,1131,0,,,,117.0,,,,2,2,0,1131,580.0,1.38966e-06,2.02718,0.524611,3.0,2.0,0.8,2.0,3
unseen_vessel,mss,SS5,180.0,6.0,always_quiescent,S175_h180.0_u06.0_s001,strict,point,True,0.8212068965517242,0.9018271324434347,16,1131,16,0.014146772767462422,1.0,0.027898866608544026,115.34482758620689,-0.1,0.15000000000000002,0.3,17,1,0,1131,580.0,1.38966e-06,2.02718,0.524611,1.5,1.0,0.4,3.0,3
unseen_vessel,mss,SS5,180.0,6.0,always_quiescent,S175_h180.0_u06.0_s002,permissive,point,False,1.0,1.0,0,1131,0,,,,117.0,,,,1,1,0,1131,580.0,1.52742e-06,1.99797,0.458821,3.0,2.0,0.8,2.0,3
unseen_vessel,mss,SS5,180.0,6.0,always_quiescent,S175_h180.0_u06.0_s002,strict,point,True,0.7808620689655172,0.8769483977151709,14,1131,14,0.01237842617152962,1.0,0.02445414847161572,115.55172413793103,-0.07,0.1,0.2,15,1,0,1131,580.0,1.52742e-06,1.99797,0.458821,1.5,1.0,0.4,3.0,3
unseen_vessel,mss,SS5,180.0,6.0,ar10|0,S175_h180.0_u06.0_s000,permissive,point,False,1.0,1.0,0,33,0,,,,3.413793103448276,,,,1,1,0,1131,580.0,1.63913e-06,1.73749,0.424831,3.0,2.0,0.8,2.0,3
unseen_vessel,mss,SS5,180.0,6.0,ar10|0,S175_h180.0_u06.0_s000,strict,point,True,0.775,0.8732394366197184,16,414,15,0.036231884057971016,0.9375,0.06976744186046512,41.275862068965516,0.64,1.4,5.699999999999999,18,2,0,1131,580.0,1.63913e-06,1.73749,0.424831,1.5,1.0,0.4,3.0,3
unseen_vessel,mss,SS5,180.0,6.0,ar10|0,S175_h180.0_u06.0_s001,permissive,point,False,0.9993103448275862,0.9996550534667127,0,74,0,,,,7.655172413793103,,,,2,2,0,1131,580.0,1.38966e-06,2.02718,0.524611,3.0,2.0,0.8,2.0,3
unseen_vessel,mss,SS5,180.0,6.0,ar10|0,S175_h180.0_u06.0_s001,strict,point,True,0.8212068965517242,0.9018271324434347,16,379,16,0.04221635883905013,1.0,0.0810126582278481,37.55172413793103,0.2,1.0,3.9499999999999997,17,1,0,1131,580.0,1.38966e-06,2.02718,0.524611,1.5,1.0,0.4,3.0,3
unseen_vessel,mss,SS5,180.0,6.0,ar10|0,S175_h180.0_u06.0_s002,permissive,point,False,1.0,1.0,0,78,0,,,,8.068965517241379,,,,1,1,0,1131,580.0,1.52742e-06,1.99797,0.458821,3.0,2.0,0.8,2.0,3
unseen_vessel,mss,SS5,180.0,6.0,ar10|0,S175_h180.0_u06.0_s002,strict,point,True,0.7808620689655172,0.8769483977151709,14,382,13,0.034031413612565446,0.9285714285714286,0.06565656565656565,38.172413793103445,0.7,1.6,3.640000000000001,15,1,0,1131,580.0,1.52742e-06,1.99797,0.458821,1.5,1.0,0.4,3.0,3
unseen_vessel,mss,SS5,180.0,6.0,ar20|0,S175_h180.0_u06.0_s000,permissive,point,False,1.0,1.0,0,47,0,,,,4.862068965517241,,,,1,1,0,1131,580.0,1.63913e-06,1.73749,0.424831,3.0,2.0,0.8,2.0,3
unseen_vessel,mss,SS5,180.0,6.0,ar20|0,S175_h180.0_u06.0_s000,strict,point,True,0.775,0.8732394366197184,16,389,15,0.038560411311053984,0.9375,0.07407407407407406,38.689655172413794,0.9,1.5,6.26,18,2,0,1131,580.0,1.63913e-06,1.73749,0.424831,1.5,1.0,0.4,3.0,3
unseen_vessel,mss,SS5,180.0,6.0,ar20|0,S175_h180.0_u06.0_s001,permissive,point,False,0.9993103448275862,0.9996550534667127,0,88,0,,,,9.10344827586207,,,,2,2,0,1131,580.0,1.38966e-06,2.02718,0.524611,3.0,2.0,0.8,2.0,3
unseen_vessel,mss,SS5,180.0,6.0,ar20|0,S175_h180.0_u06.0_s001,strict,point,True,0.8212068965517242,0.9018271324434347,16,324,16,0.04938271604938271,1.0,0.09411764705882353,31.862068965517242,0.25,1.5,2.55,17,1,0,1131,580.0,1.38966e-06,2.02718,0.524611,1.5,1.0,0.4,3.0,3
unseen_vessel,mss,SS5,180.0,6.0,ar20|0,S175_h180.0_u06.0_s002,permissive,point,False,1.0,1.0,0,95,0,,,,9.827586206896552,,,,1,1,0,1131,580.0,1.52742e-06,1.99797,0.458821,3.0,2.0,0.8,2.0,3
unseen_vessel,mss,SS5,180.0,6.0,ar20|0,S175_h180.0_u06.0_s002,strict,point,True,0.7808620689655172,0.8769483977151709,14,333,14,0.042042042042042045,1.0,0.08069164265129684,33.0,1.1,3.3,5.450000000000002,15,1,0,1131,580.0,1.52742e-06,1.99797,0.458821,1.5,1.0,0.4,3.0,3
unseen_vessel,mss,SS5,180.0,6.0,ar40|0,S175_h180.0_u06.0_s000,permissive,point,False,1.0,1.0,0,60,0,,,,6.206896551724138,,,,1,1,0,1131,580.0,1.63913e-06,1.73749,0.424831,3.0,2.0,0.8,2.0,3
unseen_vessel,mss,SS5,180.0,6.0,ar40|0,S175_h180.0_u06.0_s000,strict,point,True,0.775,0.8732394366197184,16,429,16,0.037296037296037296,1.0,0.07191011235955055,42.724137931034484,0.35,0.8500000000000001,2.3,18,2,0,1131,580.0,1.63913e-06,1.73749,0.424831,1.5,1.0,0.4,3.0,3
unseen_vessel,mss,SS5,180.0,6.0,ar40|0,S175_h180.0_u06.0_s001,permissive,point,False,0.9993103448275862,0.9996550534667127,0,97,0,,,,10.03448275862069,,,,2,2,0,1131,580.0,1.38966e-06,2.02718,0.524611,3.0,2.0,0.8,2.0,3
unseen_vessel,mss,SS5,180.0,6.0,ar40|0,S175_h180.0_u06.0_s001,strict,point,True,0.8212068965517242,0.9018271324434347,16,393,15,0.03816793893129771,0.9375,0.07334963325183376,39.10344827586207,0.34,1.1,8.959999999999999,17,1,0,1131,580.0,1.38966e-06,2.02718,0.524611,1.5,1.0,0.4,3.0,3
unseen_vessel,mss,SS5,180.0,6.0,ar40|0,S175_h180.0_u06.0_s002,permissive,point,False,1.0,1.0,0,119,0,,,,12.310344827586206,,,,1,1,0,1131,580.0,1.52742e-06,1.99797,0.458821,3.0,2.0,0.8,2.0,3
unseen_vessel,mss,SS5,180.0,6.0,ar40|0,S175_h180.0_u06.0_s002,strict,point,True,0.7808620689655172,0.8769483977151709,14,429,12,0.027972027972027972,0.8571428571428571,0.05417607223476298,43.13793103448276,0.61,1.25,4.330000000000001,15,1,0,1131,580.0,1.52742e-06,1.99797,0.458821,1.5,1.0,0.4,3.0,3
unseen_vessel,mss,SS5,180.0,6.0,damped_persistence|0,S175_h180.0_u06.0_s000,permissive,point,False,1.0,1.0,0,0,0,,,,0.0,,,,1,1,0,1131,580.0,1.63913e-06,1.73749,0.424831,3.0,2.0,0.8,2.0,3
unseen_vessel,mss,SS5,180.0,6.0,damped_persistence|0,S175_h180.0_u06.0_s000,strict,point,True,0.775,0.8732394366197184,16,83,5,0.060240963855421686,0.3125,0.10101010101010101,8.068965517241379,0.32,0.5,0.6,18,2,0,1131,580.0,1.63913e-06,1.73749,0.424831,1.5,1.0,0.4,3.0,3
unseen_vessel,mss,SS5,180.0,6.0,damped_persistence|0,S175_h180.0_u06.0_s001,permissive,point,False,0.9993103448275862,0.9996550534667127,0,0,0,,,,0.0,,,,2,2,0,1131,580.0,1.38966e-06,2.02718,0.524611,3.0,2.0,0.8,2.0,3
unseen_vessel,mss,SS5,180.0,6.0,damped_persistence|0,S175_h180.0_u06.0_s001,strict,point,True,0.8212068965517242,0.9018271324434347,16,100,8,0.08,0.5,0.13793103448275865,9.517241379310345,0.37,0.6,0.63,17,1,0,1131,580.0,1.38966e-06,2.02718,0.524611,1.5,1.0,0.4,3.0,3
unseen_vessel,mss,SS5,180.0,6.0,damped_persistence|0,S175_h180.0_u06.0_s002,permissive,point,False,1.0,1.0,0,0,0,,,,0.0,,,,1,1,0,1131,580.0,1.52742e-06,1.99797,0.458821,3.0,2.0,0.8,2.0,3
unseen_vessel,mss,SS5,180.0,6.0,damped_persistence|0,S175_h180.0_u06.0_s002,strict,point,True,0.7808620689655172,0.8769483977151709,14,105,8,0.0761904761904762,0.5714285714285714,0.13445378151260506,10.03448275862069,0.44,0.6,0.7,15,1,0,1131,580.0,1.52742e-06,1.99797,0.458821,1.5,1.0,0.4,3.0,3
unseen_vessel,mss,SS5,180.0,6.0,dlinear_ols|0,S175_h180.0_u06.0_s000,permissive,point,False,1.0,1.0,0,281,0,,,,29.06896551724138,,,,1,1,0,1131,580.0,1.63913e-06,1.73749,0.424831,3.0,2.0,0.8,2.0,3
unseen_vessel,mss,SS5,180.0,6.0,dlinear_ols|0,S175_h180.0_u06.0_s000,strict,point,True,0.775,0.8732394366197184,16,501,15,0.029940119760479042,0.9375,0.058027079303675046,50.275862068965516,0.4,0.7,6.259999999999999,18,2,0,1131,580.0,1.63913e-06,1.73749,0.424831,1.5,1.0,0.4,3.0,3
unseen_vessel,mss,SS5,180.0,6.0,dlinear_ols|0,S175_h180.0_u06.0_s001,permissive,point,False,0.9993103448275862,0.9996550534667127,0,307,0,,,,31.75862068965517,,,,2,2,0,1131,580.0,1.38966e-06,2.02718,0.524611,3.0,2.0,0.8,2.0,3
unseen_vessel,mss,SS5,180.0,6.0,dlinear_ols|0,S175_h180.0_u06.0_s001,strict,point,True,0.8212068965517242,0.9018271324434347,16,473,13,0.02748414376321353,0.8125,0.053169734151329244,47.58620689655172,0.3,1.1,8.36,17,1,0,1131,580.0,1.38966e-06,2.02718,0.524611,1.5,1.0,0.4,3.0,3
unseen_vessel,mss,SS5,180.0,6.0,dlinear_ols|0,S175_h180.0_u06.0_s002,permissive,point,False,1.0,1.0,0,288,0,,,,29.79310344827586,,,,1,1,0,1131,580.0,1.52742e-06,1.99797,0.458821,3.0,2.0,0.8,2.0,3
unseen_vessel,mss,SS5,180.0,6.0,dlinear_ols|0,S175_h180.0_u06.0_s002,strict,point,True,0.7808620689655172,0.8769483977151709,14,494,13,0.02631578947368421,0.9285714285714286,0.051181102362204724,49.758620689655174,0.76,3.2,11.0,15,1,0,1131,580.0,1.52742e-06,1.99797,0.458821,1.5,1.0,0.4,3.0,3
unseen_vessel,mss,SS5,180.0,6.0,dlinear|0,S175_h180.0_u06.0_s000,permissive,point,False,1.0,1.0,0,0,0,,,,0.0,,,,1,1,0,1131,580.0,1.63913e-06,1.73749,0.424831,3.0,2.0,0.8,2.0,3
unseen_vessel,mss,SS5,180.0,6.0,dlinear|0,S175_h180.0_u06.0_s000,strict,point,True,0.775,0.8732394366197184,16,198,16,0.08080808080808081,1.0,0.14953271028037382,18.82758620689655,0.5,1.9500000000000002,3.4,18,2,0,1131,580.0,1.63913e-06,1.73749,0.424831,1.5,1.0,0.4,3.0,3
unseen_vessel,mss,SS5,180.0,6.0,dlinear|0,S175_h180.0_u06.0_s001,permissive,point,False,0.9993103448275862,0.9996550534667127,0,2,0,,,,0.20689655172413793,,,,2,2,0,1131,580.0,1.38966e-06,2.02718,0.524611,3.0,2.0,0.8,2.0,3
unseen_vessel,mss,SS5,180.0,6.0,dlinear|0,S175_h180.0_u06.0_s001,strict,point,True,0.8212068965517242,0.9018271324434347,16,174,16,0.09195402298850575,1.0,0.16842105263157897,16.344827586206897,0.8,2.2,4.1,17,1,0,1131,580.0,1.38966e-06,2.02718,0.524611,1.5,1.0,0.4,3.0,3
unseen_vessel,mss,SS5,180.0,6.0,dlinear|0,S175_h180.0_u06.0_s002,permissive,point,False,1.0,1.0,0,1,0,,,,0.10344827586206896,,,,1,1,0,1131,580.0,1.52742e-06,1.99797,0.458821,3.0,2.0,0.8,2.0,3
unseen_vessel,mss,SS5,180.0,6.0,dlinear|0,S175_h180.0_u06.0_s002,strict,point,True,0.7808620689655172,0.8769483977151709,14,208,14,0.0673076923076923,1.0,0.12612612612612611,20.06896551724138,0.53,1.5,3.020000000000001,15,1,0,1131,580.0,1.52742e-06,1.99797,0.458821,1.5,1.0,0.4,3.0,3
unseen_vessel,mss,SS5,180.0,6.0,dlinear|1,S175_h180.0_u06.0_s000,permissive,point,False,1.0,1.0,0,0,0,,,,0.0,,,,1,1,0,1131,580.0,1.63913e-06,1.73749,0.424831,3.0,2.0,0.8,2.0,3
unseen_vessel,mss,SS5,180.0,6.0,dlinear|1,S175_h180.0_u06.0_s000,strict,point,True,0.775,0.8732394366197184,16,198,16,0.08080808080808081,1.0,0.14953271028037382,18.82758620689655,0.5,1.65,3.9000000000000004,18,2,0,1131,580.0,1.63913e-06,1.73749,0.424831,1.5,1.0,0.4,3.0,3
unseen_vessel,mss,SS5,180.0,6.0,dlinear|1,S175_h180.0_u06.0_s001,permissive,point,False,0.9993103448275862,0.9996550534667127,0,3,0,,,,0.3103448275862069,,,,2,2,0,1131,580.0,1.38966e-06,2.02718,0.524611,3.0,2.0,0.8,2.0,3
unseen_vessel,mss,SS5,180.0,6.0,dlinear|1,S175_h180.0_u06.0_s001,strict,point,True,0.8212068965517242,0.9018271324434347,16,164,16,0.0975609756097561,1.0,0.17777777777777776,15.310344827586206,0.55,2.0,4.85,17,1,0,1131,580.0,1.38966e-06,2.02718,0.524611,1.5,1.0,0.4,3.0,3
unseen_vessel,mss,SS5,180.0,6.0,dlinear|1,S175_h180.0_u06.0_s002,permissive,point,False,1.0,1.0,0,1,0,,,,0.10344827586206896,,,,1,1,0,1131,580.0,1.52742e-06,1.99797,0.458821,3.0,2.0,0.8,2.0,3
unseen_vessel,mss,SS5,180.0,6.0,dlinear|1,S175_h180.0_u06.0_s002,strict,point,True,0.7808620689655172,0.8769483977151709,14,206,14,0.06796116504854369,1.0,0.12727272727272726,19.862068965517242,0.53,1.5,2.54,15,1,0,1131,580.0,1.52742e-06,1.99797,0.458821,1.5,1.0,0.4,3.0,3
unseen_vessel,mss,SS5,180.0,6.0,dlinear|2,S175_h180.0_u06.0_s000,permissive,point,False,1.0,1.0,0,0,0,,,,0.0,,,,1,1,0,1131,580.0,1.63913e-06,1.73749,0.424831,3.0,2.0,0.8,2.0,3
unseen_vessel,mss,SS5,180.0,6.0,dlinear|2,S175_h180.0_u06.0_s000,strict,point,True,0.775,0.8732394366197184,16,198,16,0.08080808080808081,1.0,0.14953271028037382,18.82758620689655,0.5,1.45,4.65,18,2,0,1131,580.0,1.63913e-06,1.73749,0.424831,1.5,1.0,0.4,3.0,3
unseen_vessel,mss,SS5,180.0,6.0,dlinear|2,S175_h180.0_u06.0_s001,permissive,point,False,0.9993103448275862,0.9996550534667127,0,2,0,,,,0.20689655172413793,,,,2,2,0,1131,580.0,1.38966e-06,2.02718,0.524611,3.0,2.0,0.8,2.0,3
unseen_vessel,mss,SS5,180.0,6.0,dlinear|2,S175_h180.0_u06.0_s001,strict,point,True,0.8212068965517242,0.9018271324434347,16,170,16,0.09411764705882353,1.0,0.17204301075268816,15.931034482758621,0.75,1.85,4.1,17,1,0,1131,580.0,1.38966e-06,2.02718,0.524611,1.5,1.0,0.4,3.0,3
unseen_vessel,mss,SS5,180.0,6.0,dlinear|2,S175_h180.0_u06.0_s002,permissive,point,False,1.0,1.0,0,2,0,,,,0.20689655172413793,,,,1,1,0,1131,580.0,1.52742e-06,1.99797,0.458821,3.0,2.0,0.8,2.0,3
unseen_vessel,mss,SS5,180.0,6.0,dlinear|2,S175_h180.0_u06.0_s002,strict,point,True,0.7808620689655172,0.8769483977151709,14,207,14,0.06763285024154589,1.0,0.12669683257918551,19.96551724137931,0.43000000000000005,0.85,2.54,15,1,0,1131,580.0,1.52742e-06,1.99797,0.458821,1.5,1.0,0.4,3.0,3
unseen_vessel,mss,SS5,180.0,6.0,lstm|0,S175_h180.0_u06.0_s000,permissive,point,False,1.0,1.0,0,453,0,,,,46.86206896551724,,,,1,1,0,1131,580.0,1.63913e-06,1.73749,0.424831,3.0,2.0,0.8,2.0,3
unseen_vessel,mss,SS5,180.0,6.0,lstm|0,S175_h180.0_u06.0_s000,strict,point,True,0.775,0.8732394366197184,16,136,4,0.029411764705882353,0.25,0.05263157894736842,13.655172413793103,1.7000000000000002,5.65,6.3100000000000005,18,2,0,1131,580.0,1.63913e-06,1.73749,0.424831,1.5,1.0,0.4,3.0,3
unseen_vessel,mss,SS5,180.0,6.0,lstm|0,S175_h180.0_u06.0_s001,permissive,point,False,0.9993103448275862,0.9996550534667127,0,478,0,,,,49.44827586206897,,,,2,2,0,1131,580.0,1.38966e-06,2.02718,0.524611,3.0,2.0,0.8,2.0,3
unseen_vessel,mss,SS5,180.0,6.0,lstm|0,S175_h180.0_u06.0_s001,strict,point,True,0.8212068965517242,0.9018271324434347,16,148,6,0.04054054054054054,0.375,0.07317073170731707,14.689655172413794,0.25,3.3499999999999996,7.7,17,1,0,1131,580.0,1.38966e-06,2.02718,0.524611,1.5,1.0,0.4,3.0,3
unseen_vessel,mss,SS5,180.0,6.0,lstm|0,S175_h180.0_u06.0_s002,permissive,point,False,1.0,1.0,0,510,0,,,,52.758620689655174,,,,1,1,0,1131,580.0,1.52742e-06,1.99797,0.458821,3.0,2.0,0.8,2.0,3
unseen_vessel,mss,SS5,180.0,6.0,lstm|0,S175_h180.0_u06.0_s002,strict,point,True,0.7808620689655172,0.8769483977151709,14,117,7,0.05982905982905983,0.5,0.10687022900763359,11.379310344827585,0.34,6.8,9.34,15,1,0,1131,580.0,1.52742e-06,1.99797,0.458821,1.5,1.0,0.4,3.0,3
unseen_vessel,mss,SS5,180.0,6.0,lstm|1,S175_h180.0_u06.0_s000,permissive,point,False,1.0,1.0,0,447,0,,,,46.241379310344826,,,,1,1,0,1131,580.0,1.63913e-06,1.73749,0.424831,3.0,2.0,0.8,2.0,3
unseen_vessel,mss,SS5,180.0,6.0,lstm|1,S175_h180.0_u06.0_s000,strict,point,True,0.775,0.8732394366197184,16,214,9,0.04205607476635514,0.5625,0.0782608695652174,21.20689655172414,1.54,3.7,7.720000000000001,18,2,0,1131,580.0,1.63913e-06,1.73749,0.424831,1.5,1.0,0.4,3.0,3
unseen_vessel,mss,SS5,180.0,6.0,lstm|1,S175_h180.0_u06.0_s001,permissive,point,False,0.9993103448275862,0.9996550534667127,0,462,0,,,,47.793103448275865,,,,2,2,0,1131,580.0,1.38966e-06,2.02718,0.524611,3.0,2.0,0.8,2.0,3
unseen_vessel,mss,SS5,180.0,6.0,lstm|1,S175_h180.0_u06.0_s001,strict,point,True,0.8212068965517242,0.9018271324434347,16,184,7,0.03804347826086957,0.4375,0.07,18.310344827586206,0.3,2.8,10.44,17,1,0,1131,580.0,1.38966e-06,2.02718,0.524611,1.5,1.0,0.4,3.0,3
unseen_vessel,mss,SS5,180.0,6.0,lstm|1,S175_h180.0_u06.0_s002,permissive,point,False,1.0,1.0,0,487,0,,,,50.37931034482759,,,,1,1,0,1131,580.0,1.52742e-06,1.99797,0.458821,3.0,2.0,0.8,2.0,3
unseen_vessel,mss,SS5,180.0,6.0,lstm|1,S175_h180.0_u06.0_s002,strict,point,True,0.7808620689655172,0.8769483977151709,14,171,9,0.05263157894736842,0.6428571428571429,0.09729729729729727,16.75862068965517,0.52,5.1,7.720000000000001,15,1,0,1131,580.0,1.52742e-06,1.99797,0.458821,1.5,1.0,0.4,3.0,3
unseen_vessel,mss,SS5,180.0,6.0,lstm|2,S175_h180.0_u06.0_s000,permissive,point,False,1.0,1.0,0,480,0,,,,49.6551724137931,,,,1,1,0,1131,580.0,1.63913e-06,1.73749,0.424831,3.0,2.0,0.8,2.0,3
unseen_vessel,mss,SS5,180.0,6.0,lstm|2,S175_h180.0_u06.0_s000,strict,point,True,0.775,0.8732394366197184,16,258,11,0.04263565891472868,0.6875,0.08029197080291971,25.551724137931036,0.1,3.7,8.0,18,2,0,1131,580.0,1.63913e-06,1.73749,0.424831,1.5,1.0,0.4,3.0,3
unseen_vessel,mss,SS5,180.0,6.0,lstm|2,S175_h180.0_u06.0_s001,permissive,point,False,0.9993103448275862,0.9996550534667127,0,464,0,,,,48.0,,,,2,2,0,1131,580.0,1.38966e-06,2.02718,0.524611,3.0,2.0,0.8,2.0,3
unseen_vessel,mss,SS5,180.0,6.0,lstm|2,S175_h180.0_u06.0_s001,strict,point,True,0.8212068965517242,0.9018271324434347,16,256,7,0.02734375,0.4375,0.051470588235294115,25.75862068965517,0.52,0.9,5.1800000000000015,17,1,0,1131,580.0,1.38966e-06,2.02718,0.524611,1.5,1.0,0.4,3.0,3
unseen_vessel,mss,SS5,180.0,6.0,lstm|2,S175_h180.0_u06.0_s002,permissive,point,False,1.0,1.0,0,501,0,,,,51.827586206896555,,,,1,1,0,1131,580.0,1.52742e-06,1.99797,0.458821,3.0,2.0,0.8,2.0,3
unseen_vessel,mss,SS5,180.0,6.0,lstm|2,S175_h180.0_u06.0_s002,strict,point,True,0.7808620689655172,0.8769483977151709,14,225,4,0.017777777777777778,0.2857142857142857,0.03347280334728034,22.862068965517242,0.9800000000000001,5.1499999999999995,8.41,15,1,0,1131,580.0,1.52742e-06,1.99797,0.458821,1.5,1.0,0.4,3.0,3
unseen_vessel,mss,SS5,180.0,6.0,persistence|0,S175_h180.0_u06.0_s000,permissive,point,False,1.0,1.0,0,0,0,,,,0.0,,,,1,1,0,1131,580.0,1.63913e-06,1.73749,0.424831,3.0,2.0,0.8,2.0,3
unseen_vessel,mss,SS5,180.0,6.0,persistence|0,S175_h180.0_u06.0_s000,strict,point,True,0.775,0.8732394366197184,16,0,0,0.0,0.0,0.0,0.0,,,,18,2,0,1131,580.0,1.63913e-06,1.73749,0.424831,1.5,1.0,0.4,3.0,3
unseen_vessel,mss,SS5,180.0,6.0,persistence|0,S175_h180.0_u06.0_s001,permissive,point,False,0.9993103448275862,0.9996550534667127,0,0,0,,,,0.0,,,,2,2,0,1131,580.0,1.38966e-06,2.02718,0.524611,3.0,2.0,0.8,2.0,3
unseen_vessel,mss,SS5,180.0,6.0,persistence|0,S175_h180.0_u06.0_s001,strict,point,True,0.8212068965517242,0.9018271324434347,16,0,0,0.0,0.0,0.0,0.0,,,,17,1,0,1131,580.0,1.38966e-06,2.02718,0.524611,1.5,1.0,0.4,3.0,3
unseen_vessel,mss,SS5,180.0,6.0,persistence|0,S175_h180.0_u06.0_s002,permissive,point,False,1.0,1.0,0,0,0,,,,0.0,,,,1,1,0,1131,580.0,1.52742e-06,1.99797,0.458821,3.0,2.0,0.8,2.0,3
unseen_vessel,mss,SS5,180.0,6.0,persistence|0,S175_h180.0_u06.0_s002,strict,point,True,0.7808620689655172,0.8769483977151709,14,0,0,0.0,0.0,0.0,0.0,,,,15,1,0,1131,580.0,1.52742e-06,1.99797,0.458821,1.5,1.0,0.4,3.0,3
unseen_vessel,mss,SS5,180.0,6.0,rate_matched,S175_h180.0_u06.0_s000,permissive,point,False,1.0,1.0,0,0,0,,,,0.0,,,,1,1,0,1131,580.0,1.63913e-06,1.73749,0.424831,3.0,2.0,0.8,2.0,3
unseen_vessel,mss,SS5,180.0,6.0,rate_matched,S175_h180.0_u06.0_s000,strict,point,True,0.775,0.8732394366197184,16,16,0,0.0,0.0,0.0,1.6551724137931034,,,,18,2,0,1131,580.0,1.63913e-06,1.73749,0.424831,1.5,1.0,0.4,3.0,3
unseen_vessel,mss,SS5,180.0,6.0,rate_matched,S175_h180.0_u06.0_s001,permissive,point,False,0.9993103448275862,0.9996550534667127,0,0,0,,,,0.0,,,,2,2,0,1131,580.0,1.38966e-06,2.02718,0.524611,3.0,2.0,0.8,2.0,3
unseen_vessel,mss,SS5,180.0,6.0,rate_matched,S175_h180.0_u06.0_s001,strict,point,True,0.8212068965517242,0.9018271324434347,16,16,1,0.0625,0.0625,0.0625,1.5517241379310345,0.3,0.3,0.3,17,1,0,1131,580.0,1.38966e-06,2.02718,0.524611,1.5,1.0,0.4,3.0,3
unseen_vessel,mss,SS5,180.0,6.0,rate_matched,S175_h180.0_u06.0_s002,permissive,point,False,1.0,1.0,0,0,0,,,,0.0,,,,1,1,0,1131,580.0,1.52742e-06,1.99797,0.458821,3.0,2.0,0.8,2.0,3
unseen_vessel,mss,SS5,180.0,6.0,rate_matched,S175_h180.0_u06.0_s002,strict,point,True,0.7808620689655172,0.8769483977151709,14,14,2,0.14285714285714285,0.14285714285714285,0.14285714285714285,1.2413793103448276,-0.38,-0.30000000000000004,-0.22,15,1,0,1131,580.0,1.52742e-06,1.99797,0.458821,1.5,1.0,0.4,3.0,3
unseen_vessel,mss,SS5,180.0,6.0,tcn|0,S175_h180.0_u06.0_s000,permissive,point,False,1.0,1.0,0,218,0,,,,22.551724137931036,,,,1,1,0,1131,580.0,1.63913e-06,1.73749,0.424831,3.0,2.0,0.8,2.0,3
unseen_vessel,mss,SS5,180.0,6.0,tcn|0,S175_h180.0_u06.0_s000,strict,point,True,0.775,0.8732394366197184,16,269,9,0.03345724907063197,0.5625,0.0631578947368421,26.896551724137932,0.6599999999999999,2.2,11.44,18,2,0,1131,580.0,1.63913e-06,1.73749,0.424831,1.5,1.0,0.4,3.0,3
unseen_vessel,mss,SS5,180.0,6.0,tcn|0,S175_h180.0_u06.0_s001,permissive,point,False,0.9993103448275862,0.9996550534667127,0,270,0,,,,27.93103448275862,,,,2,2,0,1131,580.0,1.38966e-06,2.02718,0.524611,3.0,2.0,0.8,2.0,3
unseen_vessel,mss,SS5,180.0,6.0,tcn|0,S175_h180.0_u06.0_s001,strict,point,True,0.8212068965517242,0.9018271324434347,16,237,13,0.05485232067510549,0.8125,0.10276679841897234,23.17241379310345,0.6,1.8,5.080000000000002,17,1,0,1131,580.0,1.38966e-06,2.02718,0.524611,1.5,1.0,0.4,3.0,3
unseen_vessel,mss,SS5,180.0,6.0,tcn|0,S175_h180.0_u06.0_s002,permissive,point,False,1.0,1.0,0,270,0,,,,27.93103448275862,,,,1,1,0,1131,580.0,1.52742e-06,1.99797,0.458821,3.0,2.0,0.8,2.0,3
unseen_vessel,mss,SS5,180.0,6.0,tcn|0,S175_h180.0_u06.0_s002,strict,point,True,0.7808620689655172,0.8769483977151709,14,219,7,0.0319634703196347,0.5,0.06008583690987124,21.93103448275862,0.76,1.2,9.58,15,1,0,1131,580.0,1.52742e-06,1.99797,0.458821,1.5,1.0,0.4,3.0,3
unseen_vessel,mss,SS5,180.0,6.0,tcn|1,S175_h180.0_u06.0_s000,permissive,point,False,1.0,1.0,0,188,0,,,,19.448275862068964,,,,1,1,0,1131,580.0,1.63913e-06,1.73749,0.424831,3.0,2.0,0.8,2.0,3
unseen_vessel,mss,SS5,180.0,6.0,tcn|1,S175_h180.0_u06.0_s000,strict,point,True,0.775,0.8732394366197184,16,289,11,0.03806228373702422,0.6875,0.0721311475409836,28.75862068965517,0.4,1.1,9.0,18,2,0,1131,580.0,1.63913e-06,1.73749,0.424831,1.5,1.0,0.4,3.0,3
unseen_vessel,mss,SS5,180.0,6.0,tcn|1,S175_h180.0_u06.0_s001,permissive,point,False,0.9993103448275862,0.9996550534667127,0,233,0,,,,24.103448275862068,,,,2,2,0,1131,580.0,1.38966e-06,2.02718,0.524611,3.0,2.0,0.8,2.0,3
unseen_vessel,mss,SS5,180.0,6.0,tcn|1,S175_h180.0_u06.0_s001,strict,point,True,0.8212068965517242,0.9018271324434347,16,257,12,0.04669260700389105,0.75,0.0879120879120879,25.344827586206897,0.6,1.75,9.73,17,1,0,1131,580.0,1.38966e-06,2.02718,0.524611,1.5,1.0,0.4,3.0,3
unseen_vessel,mss,SS5,180.0,6.0,tcn|1,S175_h180.0_u06.0_s002,permissive,point,False,1.0,1.0,0,266,0,,,,27.517241379310345,,,,1,1,0,1131,580.0,1.52742e-06,1.99797,0.458821,3.0,2.0,0.8,2.0,3
unseen_vessel,mss,SS5,180.0,6.0,tcn|1,S175_h180.0_u06.0_s002,strict,point,True,0.7808620689655172,0.8769483977151709,14,236,9,0.038135593220338986,0.6428571428571429,0.07200000000000001,23.482758620689655,0.44,1.4,7.420000000000001,15,1,0,1131,580.0,1.52742e-06,1.99797,0.458821,1.5,1.0,0.4,3.0,3
unseen_vessel,mss,SS5,180.0,6.0,tcn|2,S175_h180.0_u06.0_s000,permissive,point,False,1.0,1.0,0,168,0,,,,17.379310344827587,,,,1,1,0,1131,580.0,1.63913e-06,1.73749,0.424831,3.0,2.0,0.8,2.0,3
unseen_vessel,mss,SS5,180.0,6.0,tcn|2,S175_h180.0_u06.0_s000,strict,point,True,0.775,0.8732394366197184,16,286,11,0.038461538461538464,0.6875,0.07284768211920531,28.448275862068964,0.3,1.6,6.6,18,2,0,1131,580.0,1.63913e-06,1.73749,0.424831,1.5,1.0,0.4,3.0,3
unseen_vessel,mss,SS5,180.0,6.0,tcn|2,S175_h180.0_u06.0_s001,permissive,point,False,0.9993103448275862,0.9996550534667127,0,232,0,,,,24.0,,,,2,2,0,1131,580.0,1.38966e-06,2.02718,0.524611,3.0,2.0,0.8,2.0,3
unseen_vessel,mss,SS5,180.0,6.0,tcn|2,S175_h180.0_u06.0_s001,strict,point,True,0.8212068965517242,0.9018271324434347,16,254,14,0.05511811023622047,0.875,0.1037037037037037,24.82758620689655,0.39,1.35,8.510000000000005,17,1,0,1131,580.0,1.38966e-06,2.02718,0.524611,1.5,1.0,0.4,3.0,3
unseen_vessel,mss,SS5,180.0,6.0,tcn|2,S175_h180.0_u06.0_s002,permissive,point,False,1.0,1.0,0,276,0,,,,28.551724137931036,,,,1,1,0,1131,580.0,1.52742e-06,1.99797,0.458821,3.0,2.0,0.8,2.0,3
unseen_vessel,mss,SS5,180.0,6.0,tcn|2,S175_h180.0_u06.0_s002,strict,point,True,0.7808620689655172,0.8769483977151709,14,208,9,0.04326923076923077,0.6428571428571429,0.08108108108108109,20.586206896551722,0.58,1.6,11.62,15,1,0,1131,580.0,1.52742e-06,1.99797,0.458821,1.5,1.0,0.4,3.0,3
unseen_vessel,mss,SS5,180.0,6.0,transformer|0,S175_h180.0_u06.0_s000,permissive,point,False,1.0,1.0,0,65,0,,,,6.724137931034483,,,,1,1,0,1131,580.0,1.63913e-06,1.73749,0.424831,3.0,2.0,0.8,2.0,3
unseen_vessel,mss,SS5,180.0,6.0,transformer|0,S175_h180.0_u06.0_s000,strict,point,True,0.775,0.8732394366197184,16,177,7,0.03954802259887006,0.4375,0.07253886010362694,17.586206896551722,3.46,7.1,10.76,18,2,0,1131,580.0,1.63913e-06,1.73749,0.424831,1.5,1.0,0.4,3.0,3
unseen_vessel,mss,SS5,180.0,6.0,transformer|0,S175_h180.0_u06.0_s001,permissive,point,False,0.9993103448275862,0.9996550534667127,0,128,0,,,,13.241379310344827,,,,2,2,0,1131,580.0,1.38966e-06,2.02718,0.524611,3.0,2.0,0.8,2.0,3
unseen_vessel,mss,SS5,180.0,6.0,transformer|0,S175_h180.0_u06.0_s001,strict,point,True,0.8212068965517242,0.9018271324434347,16,158,3,0.0189873417721519,0.1875,0.034482758620689655,16.03448275862069,0.96,2.4,5.52,17,1,0,1131,580.0,1.38966e-06,2.02718,0.524611,1.5,1.0,0.4,3.0,3
unseen_vessel,mss,SS5,180.0,6.0,transformer|0,S175_h180.0_u06.0_s002,permissive,point,False,1.0,1.0,0,113,0,,,,11.689655172413794,,,,1,1,0,1131,580.0,1.52742e-06,1.99797,0.458821,3.0,2.0,0.8,2.0,3
unseen_vessel,mss,SS5,180.0,6.0,transformer|0,S175_h180.0_u06.0_s002,strict,point,True,0.7808620689655172,0.8769483977151709,14,162,4,0.024691358024691357,0.2857142857142857,0.045454545454545456,16.344827586206897,4.29,5.35,9.770000000000001,15,1,0,1131,580.0,1.52742e-06,1.99797,0.458821,1.5,1.0,0.4,3.0,3
unseen_vessel,mss,SS5,180.0,6.0,transformer|1,S175_h180.0_u06.0_s000,permissive,point,False,1.0,1.0,0,34,0,,,,3.5172413793103448,,,,1,1,0,1131,580.0,1.63913e-06,1.73749,0.424831,3.0,2.0,0.8,2.0,3
unseen_vessel,mss,SS5,180.0,6.0,transformer|1,S175_h180.0_u06.0_s000,strict,point,True,0.775,0.8732394366197184,16,177,7,0.03954802259887006,0.4375,0.07253886010362694,17.586206896551722,1.8400000000000003,5.9,11.54,18,2,0,1131,580.0,1.63913e-06,1.73749,0.424831,1.5,1.0,0.4,3.0,3
unseen_vessel,mss,SS5,180.0,6.0,transformer|1,S175_h180.0_u06.0_s001,permissive,point,False,0.9993103448275862,0.9996550534667127,0,109,0,,,,11.275862068965518,,,,2,2,0,1131,580.0,1.38966e-06,2.02718,0.524611,3.0,2.0,0.8,2.0,3
unseen_vessel,mss,SS5,180.0,6.0,transformer|1,S175_h180.0_u06.0_s001,strict,point,True,0.8212068965517242,0.9018271324434347,16,128,4,0.03125,0.25,0.05555555555555555,12.827586206896552,3.3300000000000005,9.75,10.92,17,1,0,1131,580.0,1.38966e-06,2.02718,0.524611,1.5,1.0,0.4,3.0,3
unseen_vessel,mss,SS5,180.0,6.0,transformer|1,S175_h180.0_u06.0_s002,permissive,point,False,1.0,1.0,0,88,0,,,,9.10344827586207,,,,1,1,0,1131,580.0,1.52742e-06,1.99797,0.458821,3.0,2.0,0.8,2.0,3
unseen_vessel,mss,SS5,180.0,6.0,transformer|1,S175_h180.0_u06.0_s002,strict,point,True,0.7808620689655172,0.8769483977151709,14,220,4,0.01818181818181818,0.2857142857142857,0.034188034188034185,22.344827586206897,2.88,4.9,6.29,15,1,0,1131,580.0,1.52742e-06,1.99797,0.458821,1.5,1.0,0.4,3.0,3
unseen_vessel,mss,SS5,180.0,6.0,transformer|2,S175_h180.0_u06.0_s000,permissive,point,False,1.0,1.0,0,36,0,,,,3.7241379310344827,,,,1,1,0,1131,580.0,1.63913e-06,1.73749,0.424831,3.0,2.0,0.8,2.0,3
unseen_vessel,mss,SS5,180.0,6.0,transformer|2,S175_h180.0_u06.0_s000,strict,point,True,0.775,0.8732394366197184,16,178,5,0.028089887640449437,0.3125,0.051546391752577324,17.896551724137932,2.42,6.2,9.16,18,2,0,1131,580.0,1.63913e-06,1.73749,0.424831,1.5,1.0,0.4,3.0,3
unseen_vessel,mss,SS5,180.0,6.0,transformer|2,S175_h180.0_u06.0_s001,permissive,point,False,0.9993103448275862,0.9996550534667127,0,130,0,,,,13.448275862068966,,,,2,2,0,1131,580.0,1.38966e-06,2.02718,0.524611,3.0,2.0,0.8,2.0,3
unseen_vessel,mss,SS5,180.0,6.0,transformer|2,S175_h180.0_u06.0_s001,strict,point,True,0.8212068965517242,0.9018271324434347,16,143,2,0.013986013986013986,0.125,0.025157232704402517,14.586206896551724,3.1,7.1,11.1,17,1,0,1131,580.0,1.38966e-06,2.02718,0.524611,1.5,1.0,0.4,3.0,3
unseen_vessel,mss,SS5,180.0,6.0,transformer|2,S175_h180.0_u06.0_s002,permissive,point,False,1.0,1.0,0,96,0,,,,9.931034482758621,,,,1,1,0,1131,580.0,1.52742e-06,1.99797,0.458821,3.0,2.0,0.8,2.0,3
unseen_vessel,mss,SS5,180.0,6.0,transformer|2,S175_h180.0_u06.0_s002,strict,point,True,0.7808620689655172,0.8769483977151709,14,161,5,0.031055900621118012,0.35714285714285715,0.05714285714285714,16.137931034482758,1.98,7.3,11.66,15,1,0,1131,580.0,1.52742e-06,1.99797,0.458821,1.5,1.0,0.4,3.0,3
unseen_vessel,mss,SS5,180.0,6.0,window_mean|0,S175_h180.0_u06.0_s000,permissive,point,False,1.0,1.0,0,0,0,,,,0.0,,,,1,1,0,1131,580.0,1.63913e-06,1.73749,0.424831,3.0,2.0,0.8,2.0,3
unseen_vessel,mss,SS5,180.0,6.0,window_mean|0,S175_h180.0_u06.0_s000,strict,point,True,0.775,0.8732394366197184,16,0,0,0.0,0.0,0.0,0.0,,,,18,2,0,1131,580.0,1.63913e-06,1.73749,0.424831,1.5,1.0,0.4,3.0,3
unseen_vessel,mss,SS5,180.0,6.0,window_mean|0,S175_h180.0_u06.0_s001,permissive,point,False,0.9993103448275862,0.9996550534667127,0,0,0,,,,0.0,,,,2,2,0,1131,580.0,1.38966e-06,2.02718,0.524611,3.0,2.0,0.8,2.0,3
unseen_vessel,mss,SS5,180.0,6.0,window_mean|0,S175_h180.0_u06.0_s001,strict,point,True,0.8212068965517242,0.9018271324434347,16,0,0,0.0,0.0,0.0,0.0,,,,17,1,0,1131,580.0,1.38966e-06,2.02718,0.524611,1.5,1.0,0.4,3.0,3
unseen_vessel,mss,SS5,180.0,6.0,window_mean|0,S175_h180.0_u06.0_s002,permissive,point,False,1.0,1.0,0,0,0,,,,0.0,,,,1,1,0,1131,580.0,1.52742e-06,1.99797,0.458821,3.0,2.0,0.8,2.0,3
unseen_vessel,mss,SS5,180.0,6.0,window_mean|0,S175_h180.0_u06.0_s002,strict,point,True,0.7808620689655172,0.8769483977151709,14,0,0,0.0,0.0,0.0,0.0,,,,15,1,0,1131,580.0,1.52742e-06,1.99797,0.458821,1.5,1.0,0.4,3.0,3
unseen_vessel,mss,SS5,180.0,12.0,always_quiescent,S175_h180.0_u12.0_s000,permissive,point,True,0.9975862068965518,0.9987916450889004,1,1131,1,0.0008841732979664014,1.0,0.0017667844522968198,116.89655172413794,0.0,0.0,0.0,3,2,0,1131,580.0,1.42929e-06,2.21797,0.686566,3.0,2.0,0.8,2.0,3
unseen_vessel,mss,SS5,180.0,12.0,always_quiescent,S175_h180.0_u12.0_s000,strict,point,True,0.6529310344827586,0.7900281631375821,21,1131,20,0.01768346595932803,0.9523809523809523,0.034722222222222224,114.93103448275862,-0.1,0.1,0.3,22,1,0,1131,580.0,1.42929e-06,2.21797,0.686566,1.5,1.0,0.4,3.0,3
unseen_vessel,mss,SS5,180.0,12.0,always_quiescent,S175_h180.0_u12.0_s001,permissive,point,False,0.9987931034482759,0.9993961873544381,0,1131,0,,,,117.0,,,,2,2,0,1131,580.0,1.32074e-06,2.09007,0.550241,3.0,2.0,0.8,2.0,3
unseen_vessel,mss,SS5,180.0,12.0,always_quiescent,S175_h180.0_u12.0_s001,strict,point,True,0.7167241379310345,0.8349904589735865,18,1131,18,0.015915119363395226,1.0,0.031331592689295036,115.13793103448276,-0.1,0.1,0.3,19,1,0,1131,580.0,1.32074e-06,2.09007,0.550241,1.5,1.0,0.4,3.0,3
unseen_vessel,mss,SS5,180.0,12.0,always_quiescent,S175_h180.0_u12.0_s002,permissive,point,False,1.0,1.0,0,1131,0,,,,117.0,,,,1,1,0,1131,580.0,1.36213e-06,1.87615,0.671755,3.0,2.0,0.8,2.0,3
unseen_vessel,mss,SS5,180.0,12.0,always_quiescent,S175_h180.0_u12.0_s002,strict,point,True,0.6856896551724138,0.8135419862943644,17,1131,17,0.015030946065428824,1.0,0.029616724738675958,115.24137931034483,-0.039999999999999994,0.2,0.3,19,2,0,1131,580.0,1.36213e-06,1.87615,0.671755,1.5,1.0,0.4,3.0,3
unseen_vessel,mss,SS5,180.0,12.0,ar10|0,S175_h180.0_u12.0_s000,permissive,point,True,0.9975862068965518,0.9987916450889004,1,283,1,0.0035335689045936395,1.0,0.007042253521126761,29.17241379310345,9.0,9.0,9.0,3,2,0,1131,580.0,1.42929e-06,2.21797,0.686566,3.0,2.0,0.8,2.0,3
unseen_vessel,mss,SS5,180.0,12.0,ar10|0,S175_h180.0_u12.0_s000,strict,point,True,0.6529310344827586,0.7900281631375821,21,395,15,0.0379746835443038,0.7142857142857143,0.07211538461538462,39.310344827586206,0.5800000000000001,1.2,2.8199999999999994,22,1,0,1131,580.0,1.42929e-06,2.21797,0.686566,1.5,1.0,0.4,3.0,3
unseen_vessel,mss,SS5,180.0,12.0,ar10|0,S175_h180.0_u12.0_s001,permissive,point,False,0.9987931034482759,0.9993961873544381,0,314,0,,,,32.48275862068966,,,,2,2,0,1131,580.0,1.32074e-06,2.09007,0.550241,3.0,2.0,0.8,2.0,3
unseen_vessel,mss,SS5,180.0,12.0,ar10|0,S175_h180.0_u12.0_s001,strict,point,True,0.7167241379310345,0.8349904589735865,18,329,14,0.0425531914893617,0.7777777777777778,0.08069164265129683,32.58620689655172,0.33,1.5,9.560000000000002,19,1,0,1131,580.0,1.32074e-06,2.09007,0.550241,1.5,1.0,0.4,3.0,3
unseen_vessel,mss,SS5,180.0,12.0,ar10|0,S175_h180.0_u12.0_s002,permissive,point,False,1.0,1.0,0,315,0,,,,32.58620689655172,,,,1,1,0,1131,580.0,1.36213e-06,1.87615,0.671755,3.0,2.0,0.8,2.0,3
unseen_vessel,mss,SS5,180.0,12.0,ar10|0,S175_h180.0_u12.0_s002,strict,point,True,0.6856896551724138,0.8135419862943644,17,337,13,0.03857566765578635,0.7647058823529411,0.07344632768361582,33.51724137931034,0.22000000000000003,1.3,9.180000000000001,19,2,0,1131,580.0,1.36213e-06,1.87615,0.671755,1.5,1.0,0.4,3.0,3
unseen_vessel,mss,SS5,180.0,12.0,ar20|0,S175_h180.0_u12.0_s000,permissive,point,True,0.9975862068965518,0.9987916450889004,1,373,1,0.002680965147453083,1.0,0.0053475935828877,38.48275862068966,0.5,0.5,0.5,3,2,0,1131,580.0,1.42929e-06,2.21797,0.686566,3.0,2.0,0.8,2.0,3
unseen_vessel,mss,SS5,180.0,12.0,ar20|0,S175_h180.0_u12.0_s000,strict,point,True,0.6529310344827586,0.7900281631375821,21,249,15,0.060240963855421686,0.7142857142857143,0.1111111111111111,24.20689655172414,0.2,1.4,3.7199999999999998,22,1,0,1131,580.0,1.42929e-06,2.21797,0.686566,1.5,1.0,0.4,3.0,3
unseen_vessel,mss,SS5,180.0,12.0,ar20|0,S175_h180.0_u12.0_s001,permissive,point,False,0.9987931034482759,0.9993961873544381,0,333,0,,,,34.44827586206897,,,,2,2,0,1131,580.0,1.32074e-06,2.09007,0.550241,3.0,2.0,0.8,2.0,3
unseen_vessel,mss,SS5,180.0,12.0,ar20|0,S175_h180.0_u12.0_s001,strict,point,True,0.7167241379310345,0.8349904589735865,18,189,9,0.047619047619047616,0.5,0.08695652173913042,18.620689655172413,0.78,5.4,11.6,19,1,0,1131,580.0,1.32074e-06,2.09007,0.550241,1.5,1.0,0.4,3.0,3
unseen_vessel,mss,SS5,180.0,12.0,ar20|0,S175_h180.0_u12.0_s002,permissive,point,False,1.0,1.0,0,309,0,,,,31.96551724137931,,,,1,1,0,1131,580.0,1.36213e-06,1.87615,0.671755,3.0,2.0,0.8,2.0,3
unseen_vessel,mss,SS5,180.0,12.0,ar20|0,S175_h180.0_u12.0_s002,strict,point,True,0.6856896551724138,0.8135419862943644,17,216,11,0.05092592592592592,0.6470588235294118,0.09442060085836909,21.20689655172414,0.3,2.0,11.4,19,2,0,1131,580.0,1.36213e-06,1.87615,0.671755,1.5,1.0,0.4,3.0,3
unseen_vessel,mss,SS5,180.0,12.0,ar40|0,S175_h180.0_u12.0_s000,permissive,point,True,0.9975862068965518,0.9987916450889004,1,394,1,0.0025380710659898475,1.0,0.0050632911392405056,40.6551724137931,1.0,1.0,1.0,3,2,0,1131,580.0,1.42929e-06,2.21797,0.686566,3.0,2.0,0.8,2.0,3
unseen_vessel,mss,SS5,180.0,12.0,ar40|0,S175_h180.0_u12.0_s000,strict,point,True,0.6529310344827586,0.7900281631375821,21,144,12,0.08333333333333333,0.5714285714285714,0.14545454545454545,13.655172413793103,0.2,1.1,10.71,22,1,0,1131,580.0,1.42929e-06,2.21797,0.686566,1.5,1.0,0.4,3.0,3
unseen_vessel,mss,SS5,180.0,12.0,ar40|0,S175_h180.0_u12.0_s001,permissive,point,False,0.9987931034482759,0.9993961873544381,0,413,0,,,,42.724137931034484,,,,2,2,0,1131,580.0,1.32074e-06,2.09007,0.550241,3.0,2.0,0.8,2.0,3
unseen_vessel,mss,SS5,180.0,12.0,ar40|0,S175_h180.0_u12.0_s001,strict,point,True,0.7167241379310345,0.8349904589735865,18,127,7,0.05511811023622047,0.3888888888888889,0.09655172413793103,12.413793103448276,0.38,2.0,11.260000000000002,19,1,0,1131,580.0,1.32074e-06,2.09007,0.550241,1.5,1.0,0.4,3.0,3
unseen_vessel,mss,SS5,180.0,12.0,ar40|0,S175_h180.0_u12.0_s002,permissive,point,False,1.0,1.0,0,379,0,,,,39.206896551724135,,,,1,1,0,1131,580.0,1.36213e-06,1.87615,0.671755,3.0,2.0,0.8,2.0,3
unseen_vessel,mss,SS5,180.0,12.0,ar40|0,S175_h180.0_u12.0_s002,strict,point,True,0.6856896551724138,0.8135419862943644,17,125,7,0.056,0.4117647058823529,0.09859154929577464,12.206896551724139,0.42000000000000004,0.7,5.820000000000003,19,2,0,1131,580.0,1.36213e-06,1.87615,0.671755,1.5,1.0,0.4,3.0,3
unseen_vessel,mss,SS5,180.0,12.0,damped_persistence|0,S175_h180.0_u12.0_s000,permissive,point,True,0.9975862068965518,0.9987916450889004,1,0,0,0.0,0.0,0.0,0.0,,,,3,2,0,1131,580.0,1.42929e-06,2.21797,0.686566,3.0,2.0,0.8,2.0,3
unseen_vessel,mss,SS5,180.0,12.0,damped_persistence|0,S175_h180.0_u12.0_s000,strict,point,True,0.6529310344827586,0.7900281631375821,21,127,6,0.047244094488188976,0.2857142857142857,0.08108108108108107,12.517241379310345,0.30000000000000004,0.45,0.6,22,1,0,1131,580.0,1.42929e-06,2.21797,0.686566,1.5,1.0,0.4,3.0,3
unseen_vessel,mss,SS5,180.0,12.0,damped_persistence|0,S175_h180.0_u12.0_s001,permissive,point,False,0.9987931034482759,0.9993961873544381,0,0,0,,,,0.0,,,,2,2,0,1131,580.0,1.32074e-06,2.09007,0.550241,3.0,2.0,0.8,2.0,3
unseen_vessel,mss,SS5,180.0,12.0,damped_persistence|0,S175_h180.0_u12.0_s001,strict,point,True,0.7167241379310345,0.8349904589735865,18,148,11,0.07432432432432433,0.6111111111111112,0.13253012048192772,14.172413793103448,0.3,0.4,0.6,19,1,0,1131,580.0,1.32074e-06,2.09007,0.550241,1.5,1.0,0.4,3.0,3
unseen_vessel,mss,SS5,180.0,12.0,damped_persistence|0,S175_h180.0_u12.0_s002,permissive,point,False,1.0,1.0,0,0,0,,,,0.0,,,,1,1,0,1131,580.0,1.36213e-06,1.87615,0.671755,3.0,2.0,0.8,2.0,3
unseen_vessel,mss,SS5,180.0,12.0,damped_persistence|0,S175_h180.0_u12.0_s002,strict,point,True,0.6856896551724138,0.8135419862943644,17,125,8,0.064,0.47058823529411764,0.11267605633802819,12.10344827586207,0.27,0.45,0.63,19,2,0,1131,580.0,1.36213e-06,1.87615,0.671755,1.5,1.0,0.4,3.0,3
unseen_vessel,mss,SS5,180.0,12.0,dlinear_ols|0,S175_h180.0_u12.0_s000,permissive,point,True,0.9975862068965518,0.9987916450889004,1,766,1,0.0013054830287206266,1.0,0.002607561929595828,79.13793103448276,0.5,0.5,0.5,3,2,0,1131,580.0,1.42929e-06,2.21797,0.686566,3.0,2.0,0.8,2.0,3
unseen_vessel,mss,SS5,180.0,12.0,dlinear_ols|0,S175_h180.0_u12.0_s000,strict,point,True,0.6529310344827586,0.7900281631375821,21,231,8,0.03463203463203463,0.38095238095238093,0.06349206349206349,23.06896551724138,0.41000000000000003,0.6,1.13,22,1,0,1131,580.0,1.42929e-06,2.21797,0.686566,1.5,1.0,0.4,3.0,3
unseen_vessel,mss,SS5,180.0,12.0,dlinear_ols|0,S175_h180.0_u12.0_s001,permissive,point,False,0.9987931034482759,0.9993961873544381,0,759,0,,,,78.51724137931035,,,,2,2,0,1131,580.0,1.32074e-06,2.09007,0.550241,3.0,2.0,0.8,2.0,3
unseen_vessel,mss,SS5,180.0,12.0,dlinear_ols|0,S175_h180.0_u12.0_s001,strict,point,True,0.7167241379310345,0.8349904589735865,18,215,12,0.05581395348837209,0.6666666666666666,0.10300429184549358,21.0,0.41000000000000003,2.3,10.9,19,1,0,1131,580.0,1.32074e-06,2.09007,0.550241,1.5,1.0,0.4,3.0,3
unseen_vessel,mss,SS5,180.0,12.0,dlinear_ols|0,S175_h180.0_u12.0_s002,permissive,point,False,1.0,1.0,0,738,0,,,,76.34482758620689,,,,1,1,0,1131,580.0,1.36213e-06,1.87615,0.671755,3.0,2.0,0.8,2.0,3
unseen_vessel,mss,SS5,180.0,12.0,dlinear_ols|0,S175_h180.0_u12.0_s002,strict,point,True,0.6856896551724138,0.8135419862943644,17,228,9,0.039473684210526314,0.5294117647058824,0.07346938775510203,22.655172413793103,0.8,4.7,9.120000000000001,19,2,0,1131,580.0,1.36213e-06,1.87615,0.671755,1.5,1.0,0.4,3.0,3
unseen_vessel,mss,SS5,180.0,12.0,dlinear|0,S175_h180.0_u12.0_s000,permissive,point,True,0.9975862068965518,0.9987916450889004,1,10,1,0.1,1.0,0.18181818181818182,0.9310344827586207,0.5,0.5,0.5,3,2,0,1131,580.0,1.42929e-06,2.21797,0.686566,3.0,2.0,0.8,2.0,3
unseen_vessel,mss,SS5,180.0,12.0,dlinear|0,S175_h180.0_u12.0_s000,strict,point,True,0.6529310344827586,0.7900281631375821,21,458,20,0.043668122270742356,0.9523809523809523,0.08350730688935282,45.310344827586206,0.66,1.35,4.110000000000003,22,1,0,1131,580.0,1.42929e-06,2.21797,0.686566,1.5,1.0,0.4,3.0,3
unseen_vessel,mss,SS5,180.0,12.0,dlinear|0,S175_h180.0_u12.0_s001,permissive,point,False,0.9987931034482759,0.9993961873544381,0,4,0,,,,0.41379310344827586,,,,2,2,0,1131,580.0,1.32074e-06,2.09007,0.550241,3.0,2.0,0.8,2.0,3
unseen_vessel,mss,SS5,180.0,12.0,dlinear|0,S175_h180.0_u12.0_s001,strict,point,True,0.7167241379310345,0.8349904589735865,18,405,18,0.044444444444444446,1.0,0.0851063829787234,40.03448275862069,0.5,1.8,4.880000000000002,19,1,0,1131,580.0,1.32074e-06,2.09007,0.550241,1.5,1.0,0.4,3.0,3
unseen_vessel,mss,SS5,180.0,12.0,dlinear|0,S175_h180.0_u12.0_s002,permissive,point,False,1.0,1.0,0,1,0,,,,0.10344827586206896,,,,1,1,0,1131,580.0,1.36213e-06,1.87615,0.671755,3.0,2.0,0.8,2.0,3
unseen_vessel,mss,SS5,180.0,12.0,dlinear|0,S175_h180.0_u12.0_s002,strict,point,True,0.6856896551724138,0.8135419862943644,17,416,17,0.040865384615384616,1.0,0.07852193995381063,41.275862068965516,0.62,1.7,7.3,19,2,0,1131,580.0,1.36213e-06,1.87615,0.671755,1.5,1.0,0.4,3.0,3
unseen_vessel,mss,SS5,180.0,12.0,dlinear|1,S175_h180.0_u12.0_s000,permissive,point,True,0.9975862068965518,0.9987916450889004,1,10,1,0.1,1.0,0.18181818181818182,0.9310344827586207,1.5,1.5,1.5,3,2,0,1131,580.0,1.42929e-06,2.21797,0.686566,3.0,2.0,0.8,2.0,3
unseen_vessel,mss,SS5,180.0,12.0,dlinear|1,S175_h180.0_u12.0_s000,strict,point,True,0.6529310344827586,0.7900281631375821,21,452,20,0.04424778761061947,0.9523809523809523,0.08456659619450317,44.689655172413794,0.48000000000000004,1.05,4.030000000000002,22,1,0,1131,580.0,1.42929e-06,2.21797,0.686566,1.5,1.0,0.4,3.0,3
unseen_vessel,mss,SS5,180.0,12.0,dlinear|1,S175_h180.0_u12.0_s001,permissive,point,False,0.9987931034482759,0.9993961873544381,0,4,0,,,,0.41379310344827586,,,,2,2,0,1131,580.0,1.32074e-06,2.09007,0.550241,3.0,2.0,0.8,2.0,3
unseen_vessel,mss,SS5,180.0,12.0,dlinear|1,S175_h180.0_u12.0_s001,strict,point,True,0.7167241379310345,0.8349904589735865,18,406,18,0.04433497536945813,1.0,0.08490566037735849,40.13793103448276,0.47000000000000003,1.55,4.880000000000002,19,1,0,1131,580.0,1.32074e-06,2.09007,0.550241,1.5,1.0,0.4,3.0,3
unseen_vessel,mss,SS5,180.0,12.0,dlinear|1,S175_h180.0_u12.0_s002,permissive,point,False,1.0,1.0,0,1,0,,,,0.10344827586206896,,,,1,1,0,1131,580.0,1.36213e-06,1.87615,0.671755,3.0,2.0,0.8,2.0,3
unseen_vessel,mss,SS5,180.0,12.0,dlinear|1,S175_h180.0_u12.0_s002,strict,point,True,0.6856896551724138,0.8135419862943644,17,417,17,0.0407673860911271,1.0,0.0783410138248848,41.37931034482759,0.46,1.3,7.3,19,2,0,1131,580.0,1.36213e-06,1.87615,0.671755,1.5,1.0,0.4,3.0,3
unseen_vessel,mss,SS5,180.0,12.0,dlinear|2,S175_h180.0_u12.0_s000,permissive,point,True,0.9975862068965518,0.9987916450889004,1,9,1,0.1111111111111111,1.0,0.19999999999999998,0.8275862068965517,1.5,1.5,1.5,3,2,0,1131,580.0,1.42929e-06,2.21797,0.686566,3.0,2.0,0.8,2.0,3
unseen_vessel,mss,SS5,180.0,12.0,dlinear|2,S175_h180.0_u12.0_s000,strict,point,True,0.6529310344827586,0.7900281631375821,21,446,20,0.04484304932735426,0.9523809523809523,0.08565310492505353,44.06896551724138,0.39,1.0,3.6300000000000003,22,1,0,1131,580.0,1.42929e-06,2.21797,0.686566,1.5,1.0,0.4,3.0,3
unseen_vessel,mss,SS5,180.0,12.0,dlinear|2,S175_h180.0_u12.0_s001,permissive,point,False,0.9987931034482759,0.9993961873544381,0,4,0,,,,0.41379310344827586,,,,2,2,0,1131,580.0,1.32074e-06,2.09007,0.550241,3.0,2.0,0.8,2.0,3
unseen_vessel,mss,SS5,180.0,12.0,dlinear|2,S175_h180.0_u12.0_s001,strict,point,True,0.7167241379310345,0.8349904589735865,18,413,18,0.043583535108958835,1.0,0.08352668213457076,40.86206896551724,0.47000000000000003,1.55,6.390000000000001,19,1,0,1131,580.0,1.32074e-06,2.09007,0.550241,1.5,1.0,0.4,3.0,3
unseen_vessel,mss,SS5,180.0,12.0,dlinear|2,S175_h180.0_u12.0_s002,permissive,point,False,1.0,1.0,0,1,0,,,,0.10344827586206896,,,,1,1,0,1131,580.0,1.36213e-06,1.87615,0.671755,3.0,2.0,0.8,2.0,3
unseen_vessel,mss,SS5,180.0,12.0,dlinear|2,S175_h180.0_u12.0_s002,strict,point,True,0.6856896551724138,0.8135419862943644,17,413,17,0.04116222760290557,1.0,0.07906976744186046,40.96551724137931,0.38,1.5,7.3,19,2,0,1131,580.0,1.36213e-06,1.87615,0.671755,1.5,1.0,0.4,3.0,3
unseen_vessel,mss,SS5,180.0,12.0,lstm|0,S175_h180.0_u12.0_s000,permissive,point,True,0.9975862068965518,0.9987916450889004,1,423,1,0.002364066193853428,1.0,0.004716981132075472,43.6551724137931,10.0,10.0,10.0,3,2,0,1131,580.0,1.42929e-06,2.21797,0.686566,3.0,2.0,0.8,2.0,3
unseen_vessel,mss,SS5,180.0,12.0,lstm|0,S175_h180.0_u12.0_s000,strict,point,True,0.6529310344827586,0.7900281631375821,21,173,8,0.046242774566473986,0.38095238095238093,0.08247422680412371,17.06896551724138,0.32000000000000006,1.55,5.169999999999999,22,1,0,1131,580.0,1.42929e-06,2.21797,0.686566,1.5,1.0,0.4,3.0,3
unseen_vessel,mss,SS5,180.0,12.0,lstm|0,S175_h180.0_u12.0_s001,permissive,point,False,0.9987931034482759,0.9993961873544381,0,396,0,,,,40.96551724137931,,,,2,2,0,1131,580.0,1.32074e-06,2.09007,0.550241,3.0,2.0,0.8,2.0,3
unseen_vessel,mss,SS5,180.0,12.0,lstm|0,S175_h180.0_u12.0_s001,strict,point,True,0.7167241379310345,0.8349904589735865,18,137,9,0.06569343065693431,0.5,0.11612903225806452,13.241379310344827,0.32000000000000006,1.9,5.160000000000001,19,1,0,1131,580.0,1.32074e-06,2.09007,0.550241,1.5,1.0,0.4,3.0,3
unseen_vessel,mss,SS5,180.0,12.0,lstm|0,S175_h180.0_u12.0_s002,permissive,point,False,1.0,1.0,0,400,0,,,,41.37931034482759,,,,1,1,0,1131,580.0,1.36213e-06,1.87615,0.671755,3.0,2.0,0.8,2.0,3
unseen_vessel,mss,SS5,180.0,12.0,lstm|0,S175_h180.0_u12.0_s002,strict,point,True,0.6856896551724138,0.8135419862943644,17,156,5,0.03205128205128205,0.29411764705882354,0.057803468208092484,15.620689655172415,0.44000000000000006,0.8,2.5200000000000005,19,2,0,1131,580.0,1.36213e-06,1.87615,0.671755,1.5,1.0,0.4,3.0,3
unseen_vessel,mss,SS5,180.0,12.0,lstm|1,S175_h180.0_u12.0_s000,permissive,point,True,0.9975862068965518,0.9987916450889004,1,486,1,0.00205761316872428,1.0,0.004106776180698153,50.172413793103445,11.5,11.5,11.5,3,2,0,1131,580.0,1.42929e-06,2.21797,0.686566,3.0,2.0,0.8,2.0,3
unseen_vessel,mss,SS5,180.0,12.0,lstm|1,S175_h180.0_u12.0_s000,strict,point,True,0.6529310344827586,0.7900281631375821,21,206,6,0.02912621359223301,0.2857142857142857,0.05286343612334802,20.689655172413794,0.25,1.65,4.4,22,1,0,1131,580.0,1.42929e-06,2.21797,0.686566,1.5,1.0,0.4,3.0,3
unseen_vessel,mss,SS5,180.0,12.0,lstm|1,S175_h180.0_u12.0_s001,permissive,point,False,0.9987931034482759,0.9993961873544381,0,498,0,,,,51.51724137931034,,,,2,2,0,1131,580.0,1.32074e-06,2.09007,0.550241,3.0,2.0,0.8,2.0,3
unseen_vessel,mss,SS5,180.0,12.0,lstm|1,S175_h180.0_u12.0_s001,strict,point,True,0.7167241379310345,0.8349904589735865,18,173,7,0.04046242774566474,0.3888888888888889,0.07329842931937174,17.17241379310345,1.1,2.3,11.24,19,1,0,1131,580.0,1.32074e-06,2.09007,0.550241,1.5,1.0,0.4,3.0,3
unseen_vessel,mss,SS5,180.0,12.0,lstm|1,S175_h180.0_u12.0_s002,permissive,point,False,1.0,1.0,0,508,0,,,,52.55172413793103,,,,1,1,0,1131,580.0,1.36213e-06,1.87615,0.671755,3.0,2.0,0.8,2.0,3
unseen_vessel,mss,SS5,180.0,12.0,lstm|1,S175_h180.0_u12.0_s002,strict,point,True,0.6856896551724138,0.8135419862943644,17,193,8,0.04145077720207254,0.47058823529411764,0.0761904761904762,19.137931034482758,0.21000000000000002,1.05,4.819999999999999,19,2,0,1131,580.0,1.36213e-06,1.87615,0.671755,1.5,1.0,0.4,3.0,3
unseen_vessel,mss,SS5,180.0,12.0,lstm|2,S175_h180.0_u12.0_s000,permissive,point,True,0.9975862068965518,0.9987916450889004,1,554,1,0.0018050541516245488,1.0,0.0036036036036036037,57.206896551724135,10.0,10.0,10.0,3,2,0,1131,580.0,1.42929e-06,2.21797,0.686566,3.0,2.0,0.8,2.0,3
unseen_vessel,mss,SS5,180.0,12.0,lstm|2,S175_h180.0_u12.0_s000,strict,point,True,0.6529310344827586,0.7900281631375821,21,218,7,0.03211009174311927,0.3333333333333333,0.05857740585774059,21.82758620689655,0.6599999999999999,1.1,7.98,22,1,0,1131,580.0,1.42929e-06,2.21797,0.686566,1.5,1.0,0.4,3.0,3
unseen_vessel,mss,SS5,180.0,12.0,lstm|2,S175_h180.0_u12.0_s001,permissive,point,False,0.9987931034482759,0.9993961873544381,0,554,0,,,,57.310344827586206,,,,2,2,0,1131,580.0,1.32074e-06,2.09007,0.550241,3.0,2.0,0.8,2.0,3
unseen_vessel,mss,SS5,180.0,12.0,lstm|2,S175_h180.0_u12.0_s001,strict,point,True,0.7167241379310345,0.8349904589735865,18,181,9,0.049723756906077346,0.5,0.09045226130653267,17.79310344827586,0.48,1.0,11.08,19,1,0,1131,580.0,1.32074e-06,2.09007,0.550241,1.5,1.0,0.4,3.0,3
unseen_vessel,mss,SS5,180.0,12.0,lstm|2,S175_h180.0_u12.0_s002,permissive,point,False,1.0,1.0,0,534,0,,,,55.241379310344826,,,,1,1,0,1131,580.0,1.36213e-06,1.87615,0.671755,3.0,2.0,0.8,2.0,3
unseen_vessel,mss,SS5,180.0,12.0,lstm|2,S175_h180.0_u12.0_s002,strict,point,True,0.6856896551724138,0.8135419862943644,17,203,4,0.019704433497536946,0.23529411764705882,0.03636363636363637,20.586206896551722,0.5700000000000001,2.7,7.7,19,2,0,1131,580.0,1.36213e-06,1.87615,0.671755,1.5,1.0,0.4,3.0,3
unseen_vessel,mss,SS5,180.0,12.0,persistence|0,S175_h180.0_u12.0_s000,permissive,point,True,0.9975862068965518,0.9987916450889004,1,0,0,0.0,0.0,0.0,0.0,,,,3,2,0,1131,580.0,1.42929e-06,2.21797,0.686566,3.0,2.0,0.8,2.0,3
unseen_vessel,mss,SS5,180.0,12.0,persistence|0,S175_h180.0_u12.0_s000,strict,point,True,0.6529310344827586,0.7900281631375821,21,0,0,0.0,0.0,0.0,0.0,,,,22,1,0,1131,580.0,1.42929e-06,2.21797,0.686566,1.5,1.0,0.4,3.0,3
unseen_vessel,mss,SS5,180.0,12.0,persistence|0,S175_h180.0_u12.0_s001,permissive,point,False,0.9987931034482759,0.9993961873544381,0,0,0,,,,0.0,,,,2,2,0,1131,580.0,1.32074e-06,2.09007,0.550241,3.0,2.0,0.8,2.0,3
unseen_vessel,mss,SS5,180.0,12.0,persistence|0,S175_h180.0_u12.0_s001,strict,point,True,0.7167241379310345,0.8349904589735865,18,0,0,0.0,0.0,0.0,0.0,,,,19,1,0,1131,580.0,1.32074e-06,2.09007,0.550241,1.5,1.0,0.4,3.0,3
unseen_vessel,mss,SS5,180.0,12.0,persistence|0,S175_h180.0_u12.0_s002,permissive,point,False,1.0,1.0,0,0,0,,,,0.0,,,,1,1,0,1131,580.0,1.36213e-06,1.87615,0.671755,3.0,2.0,0.8,2.0,3
unseen_vessel,mss,SS5,180.0,12.0,persistence|0,S175_h180.0_u12.0_s002,strict,point,True,0.6856896551724138,0.8135419862943644,17,0,0,0.0,0.0,0.0,0.0,,,,19,2,0,1131,580.0,1.36213e-06,1.87615,0.671755,1.5,1.0,0.4,3.0,3
unseen_vessel,mss,SS5,180.0,12.0,rate_matched,S175_h180.0_u12.0_s000,permissive,point,True,0.9975862068965518,0.9987916450889004,1,1,0,0.0,0.0,0.0,0.10344827586206896,,,,3,2,0,1131,580.0,1.42929e-06,2.21797,0.686566,3.0,2.0,0.8,2.0,3
unseen_vessel,mss,SS5,180.0,12.0,rate_matched,S175_h180.0_u12.0_s000,strict,point,True,0.6529310344827586,0.7900281631375821,21,21,0,0.0,0.0,0.0,2.1724137931034484,,,,22,1,0,1131,580.0,1.42929e-06,2.21797,0.686566,1.5,1.0,0.4,3.0,3
unseen_vessel,mss,SS5,180.0,12.0,rate_matched,S175_h180.0_u12.0_s001,permissive,point,False,0.9987931034482759,0.9993961873544381,0,0,0,,,,0.0,,,,2,2,0,1131,580.0,1.32074e-06,2.09007,0.550241,3.0,2.0,0.8,2.0,3
unseen_vessel,mss,SS5,180.0,12.0,rate_matched,S175_h180.0_u12.0_s001,strict,point,True,0.7167241379310345,0.8349904589735865,18,18,0,0.0,0.0,0.0,1.8620689655172413,,,,19,1,0,1131,580.0,1.32074e-06,2.09007,0.550241,1.5,1.0,0.4,3.0,3
unseen_vessel,mss,SS5,180.0,12.0,rate_matched,S175_h180.0_u12.0_s002,permissive,point,False,1.0,1.0,0,0,0,,,,0.0,,,,1,1,0,1131,580.0,1.36213e-06,1.87615,0.671755,3.0,2.0,0.8,2.0,3
unseen_vessel,mss,SS5,180.0,12.0,rate_matched,S175_h180.0_u12.0_s002,strict,point,True,0.6856896551724138,0.8135419862943644,17,17,0,0.0,0.0,0.0,1.7586206896551724,,,,19,2,0,1131,580.0,1.36213e-06,1.87615,0.671755,1.5,1.0,0.4,3.0,3
unseen_vessel,mss,SS5,180.0,12.0,tcn|0,S175_h180.0_u12.0_s000,permissive,point,True,0.9975862068965518,0.9987916450889004,1,372,1,0.002688172043010753,1.0,0.005361930294906166,38.37931034482759,7.0,7.0,7.0,3,2,0,1131,580.0,1.42929e-06,2.21797,0.686566,3.0,2.0,0.8,2.0,3
unseen_vessel,mss,SS5,180.0,12.0,tcn|0,S175_h180.0_u12.0_s000,strict,point,True,0.6529310344827586,0.7900281631375821,21,277,13,0.04693140794223827,0.6190476190476191,0.087248322147651,27.310344827586206,0.54,1.4,11.360000000000001,22,1,0,1131,580.0,1.42929e-06,2.21797,0.686566,1.5,1.0,0.4,3.0,3
unseen_vessel,mss,SS5,180.0,12.0,tcn|0,S175_h180.0_u12.0_s001,permissive,point,False,0.9987931034482759,0.9993961873544381,0,380,0,,,,39.310344827586206,,,,2,2,0,1131,580.0,1.32074e-06,2.09007,0.550241,3.0,2.0,0.8,2.0,3
unseen_vessel,mss,SS5,180.0,12.0,tcn|0,S175_h180.0_u12.0_s001,strict,point,True,0.7167241379310345,0.8349904589735865,18,242,11,0.045454545454545456,0.6111111111111112,0.08461538461538462,23.896551724137932,0.5,0.9,4.3,19,1,0,1131,580.0,1.32074e-06,2.09007,0.550241,1.5,1.0,0.4,3.0,3
unseen_vessel,mss,SS5,180.0,12.0,tcn|0,S175_h180.0_u12.0_s002,permissive,point,False,1.0,1.0,0,384,0,,,,39.724137931034484,,,,1,1,0,1131,580.0,1.36213e-06,1.87615,0.671755,3.0,2.0,0.8,2.0,3
unseen_vessel,mss,SS5,180.0,12.0,tcn|0,S175_h180.0_u12.0_s002,strict,point,True,0.6856896551724138,0.8135419862943644,17,267,7,0.026217228464419477,0.4117647058823529,0.04929577464788733,26.896551724137932,0.42000000000000004,0.7,5.760000000000003,19,2,0,1131,580.0,1.36213e-06,1.87615,0.671755,1.5,1.0,0.4,3.0,3
unseen_vessel,mss,SS5,180.0,12.0,tcn|1,S175_h180.0_u12.0_s000,permissive,point,True,0.9975862068965518,0.9987916450889004,1,347,1,0.002881844380403458,1.0,0.005747126436781608,35.793103448275865,11.0,11.0,11.0,3,2,0,1131,580.0,1.42929e-06,2.21797,0.686566,3.0,2.0,0.8,2.0,3
unseen_vessel,mss,SS5,180.0,12.0,tcn|1,S175_h180.0_u12.0_s000,strict,point,True,0.6529310344827586,0.7900281631375821,21,317,16,0.050473186119873815,0.7619047619047619,0.09467455621301774,31.137931034482758,0.7,1.55,10.0,22,1,0,1131,580.0,1.42929e-06,2.21797,0.686566,1.5,1.0,0.4,3.0,3
unseen_vessel,mss,SS5,180.0,12.0,tcn|1,S175_h180.0_u12.0_s001,permissive,point,False,0.9987931034482759,0.9993961873544381,0,349,0,,,,36.10344827586207,,,,2,2,0,1131,580.0,1.32074e-06,2.09007,0.550241,3.0,2.0,0.8,2.0,3
unseen_vessel,mss,SS5,180.0,12.0,tcn|1,S175_h180.0_u12.0_s001,strict,point,True,0.7167241379310345,0.8349904589735865,18,282,11,0.03900709219858156,0.6111111111111112,0.07333333333333333,28.03448275862069,0.5,2.0,10.1,19,1,0,1131,580.0,1.32074e-06,2.09007,0.550241,1.5,1.0,0.4,3.0,3
unseen_vessel,mss,SS5,180.0,12.0,tcn|1,S175_h180.0_u12.0_s002,permissive,point,False,1.0,1.0,0,345,0,,,,35.689655172413794,,,,1,1,0,1131,580.0,1.36213e-06,1.87615,0.671755,3.0,2.0,0.8,2.0,3
unseen_vessel,mss,SS5,180.0,12.0,tcn|1,S175_h180.0_u12.0_s002,strict,point,True,0.6856896551724138,0.8135419862943644,17,275,9,0.03272727272727273,0.5294117647058824,0.06164383561643836,27.517241379310345,0.62,2.3,11.56,19,2,0,1131,580.0,1.36213e-06,1.87615,0.671755,1.5,1.0,0.4,3.0,3
unseen_vessel,mss,SS5,180.0,12.0,tcn|2,S175_h180.0_u12.0_s000,permissive,point,True,0.9975862068965518,0.9987916450889004,1,345,1,0.002898550724637681,1.0,0.005780346820809248,35.58620689655172,0.5,0.5,0.5,3,2,0,1131,580.0,1.42929e-06,2.21797,0.686566,3.0,2.0,0.8,2.0,3
unseen_vessel,mss,SS5,180.0,12.0,tcn|2,S175_h180.0_u12.0_s000,strict,point,True,0.6529310344827586,0.7900281631375821,21,280,17,0.060714285714285714,0.8095238095238095,0.11295681063122924,27.20689655172414,0.16000000000000003,1.7,9.9,22,1,0,1131,580.0,1.42929e-06,2.21797,0.686566,1.5,1.0,0.4,3.0,3
unseen_vessel,mss,SS5,180.0,12.0,tcn|2,S175_h180.0_u12.0_s001,permissive,point,False,0.9987931034482759,0.9993961873544381,0,307,0,,,,31.75862068965517,,,,2,2,0,1131,580.0,1.32074e-06,2.09007,0.550241,3.0,2.0,0.8,2.0,3
unseen_vessel,mss,SS5,180.0,12.0,tcn|2,S175_h180.0_u12.0_s001,strict,point,True,0.7167241379310345,0.8349904589735865,18,243,8,0.03292181069958848,0.4444444444444444,0.06130268199233717,24.310344827586206,0.41000000000000003,1.5,6.949999999999999,19,1,0,1131,580.0,1.32074e-06,2.09007,0.550241,1.5,1.0,0.4,3.0,3
unseen_vessel,mss,SS5,180.0,12.0,tcn|2,S175_h180.0_u12.0_s002,permissive,point,False,1.0,1.0,0,331,0,,,,34.241379310344826,,,,1,1,0,1131,580.0,1.36213e-06,1.87615,0.671755,3.0,2.0,0.8,2.0,3
unseen_vessel,mss,SS5,180.0,12.0,tcn|2,S175_h180.0_u12.0_s002,strict,point,True,0.6856896551724138,0.8135419862943644,17,235,8,0.03404255319148936,0.47058823529411764,0.06349206349206349,23.482758620689655,0.27,0.9,8.11,19,2,0,1131,580.0,1.36213e-06,1.87615,0.671755,1.5,1.0,0.4,3.0,3
unseen_vessel,mss,SS5,180.0,12.0,transformer|0,S175_h180.0_u12.0_s000,permissive,point,True,0.9975862068965518,0.9987916450889004,1,232,0,0.0,0.0,0.0,24.0,,,,3,2,0,1131,580.0,1.42929e-06,2.21797,0.686566,3.0,2.0,0.8,2.0,3
unseen_vessel,mss,SS5,180.0,12.0,transformer|0,S175_h180.0_u12.0_s000,strict,point,True,0.6529310344827586,0.7900281631375821,21,136,8,0.058823529411764705,0.38095238095238093,0.1019108280254777,13.241379310344827,3.02,6.45,11.29,22,1,0,1131,580.0,1.42929e-06,2.21797,0.686566,1.5,1.0,0.4,3.0,3
unseen_vessel,mss,SS5,180.0,12.0,transformer|0,S175_h180.0_u12.0_s001,permissive,point,False,0.9987931034482759,0.9993961873544381,0,281,0,,,,29.06896551724138,,,,2,2,0,1131,580.0,1.32074e-06,2.09007,0.550241,3.0,2.0,0.8,2.0,3
unseen_vessel,mss,SS5,180.0,12.0,transformer|0,S175_h180.0_u12.0_s001,strict,point,True,0.7167241379310345,0.8349904589735865,18,133,3,0.022556390977443608,0.16666666666666666,0.039735099337748346,13.448275862068966,3.84,10.0,12.0,19,1,0,1131,580.0,1.32074e-06,2.09007,0.550241,1.5,1.0,0.4,3.0,3
unseen_vessel,mss,SS5,180.0,12.0,transformer|0,S175_h180.0_u12.0_s002,permissive,point,False,1.0,1.0,0,267,0,,,,27.620689655172413,,,,1,1,0,1131,580.0,1.36213e-06,1.87615,0.671755,3.0,2.0,0.8,2.0,3
unseen_vessel,mss,SS5,180.0,12.0,transformer|0,S175_h180.0_u12.0_s002,strict,point,True,0.6856896551724138,0.8135419862943644,17,111,4,0.036036036036036036,0.23529411764705882,0.0625,11.068965517241379,2.3,7.25,11.78,19,2,0,1131,580.0,1.36213e-06,1.87615,0.671755,1.5,1.0,0.4,3.0,3
unseen_vessel,mss,SS5,180.0,12.0,transformer|1,S175_h180.0_u12.0_s000,permissive,point,True,0.9975862068965518,0.9987916450889004,1,247,1,0.004048582995951417,1.0,0.00806451612903226,25.448275862068964,10.5,10.5,10.5,3,2,0,1131,580.0,1.42929e-06,2.21797,0.686566,3.0,2.0,0.8,2.0,3
unseen_vessel,mss,SS5,180.0,12.0,transformer|1,S175_h180.0_u12.0_s000,strict,point,True,0.6529310344827586,0.7900281631375821,21,199,6,0.03015075376884422,0.2857142857142857,0.05454545454545454,19.96551724137931,2.05,6.4,11.600000000000001,22,1,0,1131,580.0,1.42929e-06,2.21797,0.686566,1.5,1.0,0.4,3.0,3
unseen_vessel,mss,SS5,180.0,12.0,transformer|1,S175_h180.0_u12.0_s001,permissive,point,False,0.9987931034482759,0.9993961873544381,0,316,0,,,,32.689655172413794,,,,2,2,0,1131,580.0,1.32074e-06,2.09007,0.550241,3.0,2.0,0.8,2.0,3
unseen_vessel,mss,SS5,180.0,12.0,transformer|1,S175_h180.0_u12.0_s001,strict,point,True,0.7167241379310345,0.8349904589735865,18,181,1,0.0055248618784530384,0.05555555555555555,0.010050251256281407,18.620689655172413,2.8,2.8,2.8,19,1,0,1131,580.0,1.32074e-06,2.09007,0.550241,1.5,1.0,0.4,3.0,3
unseen_vessel,mss,SS5,180.0,12.0,transformer|1,S175_h180.0_u12.0_s002,permissive,point,False,1.0,1.0,0,291,0,,,,30.103448275862068,,,,1,1,0,1131,580.0,1.36213e-06,1.87615,0.671755,3.0,2.0,0.8,2.0,3
unseen_vessel,mss,SS5,180.0,12.0,transformer|1,S175_h180.0_u12.0_s002,strict,point,True,0.6856896551724138,0.8135419862943644,17,171,5,0.029239766081871343,0.29411764705882354,0.05319148936170213,17.17241379310345,2.8000000000000003,9.4,10.36,19,2,0,1131,580.0,1.36213e-06,1.87615,0.671755,1.5,1.0,0.4,3.0,3
unseen_vessel,mss,SS5,180.0,12.0,transformer|2,S175_h180.0_u12.0_s000,permissive,point,True,0.9975862068965518,0.9987916450889004,1,258,1,0.003875968992248062,1.0,0.007722007722007722,26.586206896551722,9.5,9.5,9.5,3,2,0,1131,580.0,1.42929e-06,2.21797,0.686566,3.0,2.0,0.8,2.0,3
unseen_vessel,mss,SS5,180.0,12.0,transformer|2,S175_h180.0_u12.0_s000,strict,point,True,0.6529310344827586,0.7900281631375821,21,132,3,0.022727272727272728,0.14285714285714285,0.0392156862745098,13.344827586206897,7.26,7.9,9.74,22,1,0,1131,580.0,1.42929e-06,2.21797,0.686566,1.5,1.0,0.4,3.0,3
unseen_vessel,mss,SS5,180.0,12.0,transformer|2,S175_h180.0_u12.0_s001,permissive,point,False,0.9987931034482759,0.9993961873544381,0,284,0,,,,29.379310344827587,,,,2,2,0,1131,580.0,1.32074e-06,2.09007,0.550241,3.0,2.0,0.8,2.0,3
unseen_vessel,mss,SS5,180.0,12.0,transformer|2,S175_h180.0_u12.0_s001,strict,point,True,0.7167241379310345,0.8349904589735865,18,133,2,0.015037593984962405,0.1111111111111111,0.026490066225165563,13.551724137931034,3.07,6.15,9.23,19,1,0,1131,580.0,1.32074e-06,2.09007,0.550241,1.5,1.0,0.4,3.0,3
unseen_vessel,mss,SS5,180.0,12.0,transformer|2,S175_h180.0_u12.0_s002,permissive,point,False,1.0,1.0,0,306,0,,,,31.655172413793103,,,,1,1,0,1131,580.0,1.36213e-06,1.87615,0.671755,3.0,2.0,0.8,2.0,3
unseen_vessel,mss,SS5,180.0,12.0,transformer|2,S175_h180.0_u12.0_s002,strict,point,True,0.6856896551724138,0.8135419862943644,17,106,6,0.05660377358490566,0.35294117647058826,0.0975609756097561,10.344827586206897,0.95,6.1,11.100000000000001,19,2,0,1131,580.0,1.36213e-06,1.87615,0.671755,1.5,1.0,0.4,3.0,3
unseen_vessel,mss,SS5,180.0,12.0,window_mean|0,S175_h180.0_u12.0_s000,permissive,point,True,0.9975862068965518,0.9987916450889004,1,0,0,0.0,0.0,0.0,0.0,,,,3,2,0,1131,580.0,1.42929e-06,2.21797,0.686566,3.0,2.0,0.8,2.0,3
unseen_vessel,mss,SS5,180.0,12.0,window_mean|0,S175_h180.0_u12.0_s000,strict,point,True,0.6529310344827586,0.7900281631375821,21,0,0,0.0,0.0,0.0,0.0,,,,22,1,0,1131,580.0,1.42929e-06,2.21797,0.686566,1.5,1.0,0.4,3.0,3
unseen_vessel,mss,SS5,180.0,12.0,window_mean|0,S175_h180.0_u12.0_s001,permissive,point,False,0.9987931034482759,0.9993961873544381,0,0,0,,,,0.0,,,,2,2,0,1131,580.0,1.32074e-06,2.09007,0.550241,3.0,2.0,0.8,2.0,3
unseen_vessel,mss,SS5,180.0,12.0,window_mean|0,S175_h180.0_u12.0_s001,strict,point,True,0.7167241379310345,0.8349904589735865,18,0,0,0.0,0.0,0.0,0.0,,,,19,1,0,1131,580.0,1.32074e-06,2.09007,0.550241,1.5,1.0,0.4,3.0,3
unseen_vessel,mss,SS5,180.0,12.0,window_mean|0,S175_h180.0_u12.0_s002,permissive,point,False,1.0,1.0,0,0,0,,,,0.0,,,,1,1,0,1131,580.0,1.36213e-06,1.87615,0.671755,3.0,2.0,0.8,2.0,3
unseen_vessel,mss,SS5,180.0,12.0,window_mean|0,S175_h180.0_u12.0_s002,strict,point,True,0.6856896551724138,0.8135419862943644,17,0,0,0.0,0.0,0.0,0.0,,,,19,2,0,1131,580.0,1.36213e-06,1.87615,0.671755,1.5,1.0,0.4,3.0,3
unseen_vessel,mss,SS5,135.0,0.0,always_quiescent,S175_h135.0_u00.0_s000,permissive,point,True,0.9805172413793104,0.9901627927222078,6,1131,6,0.005305039787798408,1.0,0.010554089709762531,116.37931034482759,-0.05,0.1,0.25,8,2,0,1131,580.0,2.00587,2.96617,0.81314,3.0,2.0,0.8,2.0,3
unseen_vessel,mss,SS5,135.0,0.0,always_quiescent,S175_h135.0_u00.0_s000,strict,point,True,0.5127586206896552,0.6779120127649875,21,1131,21,0.01856763925729443,1.0,0.036458333333333336,114.82758620689656,-0.1,0.0,0.2,24,3,0,1131,580.0,2.00587,2.96617,0.81314,1.5,1.0,0.4,3.0,3
unseen_vessel,mss,SS5,135.0,0.0,always_quiescent,S175_h135.0_u00.0_s001,permissive,point,True,0.9932758620689656,0.996626589395381,3,1131,3,0.002652519893899204,1.0,0.005291005291005291,116.6896551724138,0.04000000000000001,0.2,0.28,5,2,0,1131,580.0,1.6359,2.30179,0.603759,3.0,2.0,0.8,2.0,3
unseen_vessel,mss,SS5,135.0,0.0,always_quiescent,S175_h135.0_u00.0_s001,strict,point,True,0.5982758620689655,0.7486515641855448,18,1131,18,0.015915119363395226,1.0,0.031331592689295036,115.13793103448276,-0.029999999999999985,0.15000000000000002,0.3,18,0,0,1131,580.0,1.6359,2.30179,0.603759,1.5,1.0,0.4,3.0,3
unseen_vessel,mss,SS5,135.0,0.0,always_quiescent,S175_h135.0_u00.0_s002,permissive,point,True,0.9827586206896551,0.9913043478260869,7,1131,7,0.00618921308576481,1.0,0.012302284710017574,116.27586206896552,-0.1,-0.1,0.040000000000000036,9,2,0,1131,580.0,1.90756,2.49959,0.684496,3.0,2.0,0.8,2.0,3
unseen_vessel,mss,SS5,135.0,0.0,always_quiescent,S175_h135.0_u00.0_s002,strict,point,True,0.5403448275862069,0.7015894336243564,18,1131,18,0.015915119363395226,1.0,0.031331592689295036,115.13793103448276,-0.1,0.2,0.3,19,1,0,1131,580.0,1.90756,2.49959,0.684496,1.5,1.0,0.4,3.0,3
unseen_vessel,mss,SS5,135.0,0.0,ar10|0,S175_h135.0_u00.0_s000,permissive,point,True,0.9805172413793104,0.9901627927222078,6,43,6,0.13953488372093023,1.0,0.24489795918367346,3.8275862068965516,1.15,2.1,2.55,8,2,0,1131,580.0,2.00587,2.96617,0.81314,3.0,2.0,0.8,2.0,3
unseen_vessel,mss,SS5,135.0,0.0,ar10|0,S175_h135.0_u00.0_s000,strict,point,True,0.5127586206896552,0.6779120127649875,21,556,21,0.03776978417266187,1.0,0.07279029462738301,55.3448275862069,1.0,1.7,2.5,24,3,0,1131,580.0,2.00587,2.96617,0.81314,1.5,1.0,0.4,3.0,3
unseen_vessel,mss,SS5,135.0,0.0,ar10|0,S175_h135.0_u00.0_s001,permissive,point,True,0.9932758620689656,0.996626589395381,3,12,3,0.25,1.0,0.4,0.9310344827586207,1.54,1.7,1.78,5,2,0,1131,580.0,1.6359,2.30179,0.603759,3.0,2.0,0.8,2.0,3
unseen_vessel,mss,SS5,135.0,0.0,ar10|0,S175_h135.0_u00.0_s001,strict,point,True,0.5982758620689655,0.7486515641855448,18,477,18,0.03773584905660377,1.0,0.07272727272727272,47.48275862068966,0.7,1.4,4.3000000000000025,18,0,0,1131,580.0,1.6359,2.30179,0.603759,1.5,1.0,0.4,3.0,3
unseen_vessel,mss,SS5,135.0,0.0,ar10|0,S175_h135.0_u00.0_s002,permissive,point,True,0.9827586206896551,0.9913043478260869,7,33,7,0.21212121212121213,1.0,0.35,2.689655172413793,1.46,1.9,2.3600000000000003,9,2,0,1131,580.0,1.90756,2.49959,0.684496,3.0,2.0,0.8,2.0,3
unseen_vessel,mss,SS5,135.0,0.0,ar10|0,S175_h135.0_u00.0_s002,strict,point,True,0.5403448275862069,0.7015894336243564,18,515,18,0.03495145631067961,1.0,0.0675422138836773,51.41379310344828,1.08,2.2,5.560000000000001,19,1,0,1131,580.0,1.90756,2.49959,0.684496,1.5,1.0,0.4,3.0,3
unseen_vessel,mss,SS5,135.0,0.0,ar20|0,S175_h135.0_u00.0_s000,permissive,point,True,0.9805172413793104,0.9901627927222078,6,46,6,0.13043478260869565,1.0,0.23076923076923078,4.137931034482759,1.05,2.45,3.05,8,2,0,1131,580.0,2.00587,2.96617,0.81314,3.0,2.0,0.8,2.0,3
unseen_vessel,mss,SS5,135.0,0.0,ar20|0,S175_h135.0_u00.0_s000,strict,point,True,0.5127586206896552,0.6779120127649875,21,551,21,0.038112522686025406,1.0,0.07342657342657341,54.827586206896555,0.6,1.9,4.4,24,3,0,1131,580.0,2.00587,2.96617,0.81314,1.5,1.0,0.4,3.0,3
unseen_vessel,mss,SS5,135.0,0.0,ar20|0,S175_h135.0_u00.0_s001,permissive,point,True,0.9932758620689656,0.996626589395381,3,12,3,0.25,1.0,0.4,0.9310344827586207,1.6400000000000001,2.2,2.28,5,2,0,1131,580.0,1.6359,2.30179,0.603759,3.0,2.0,0.8,2.0,3
unseen_vessel,mss,SS5,135.0,0.0,ar20|0,S175_h135.0_u00.0_s001,strict,point,True,0.5982758620689655,0.7486515641855448,18,488,18,0.036885245901639344,1.0,0.07114624505928854,48.62068965517241,0.87,1.7,4.920000000000002,18,0,0,1131,580.0,1.6359,2.30179,0.603759,1.5,1.0,0.4,3.0,3
unseen_vessel,mss,SS5,135.0,0.0,ar20|0,S175_h135.0_u00.0_s002,permissive,point,True,0.9827586206896551,0.9913043478260869,7,31,7,0.22580645161290322,1.0,0.3684210526315789,2.4827586206896552,1.7,2.1,2.66,9,2,0,1131,580.0,1.90756,2.49959,0.684496,3.0,2.0,0.8,2.0,3
unseen_vessel,mss,SS5,135.0,0.0,ar20|0,S175_h135.0_u00.0_s002,strict,point,True,0.5403448275862069,0.7015894336243564,18,492,18,0.036585365853658534,1.0,0.07058823529411765,49.03448275862069,0.5800000000000001,2.8,5.5200000000000005,19,1,0,1131,580.0,1.90756,2.49959,0.684496,1.5,1.0,0.4,3.0,3
unseen_vessel,mss,SS5,135.0,0.0,ar40|0,S175_h135.0_u00.0_s000,permissive,point,True,0.9805172413793104,0.9901627927222078,6,42,6,0.14285714285714285,1.0,0.25,3.7241379310344827,1.45,2.6500000000000004,3.6999999999999997,8,2,0,1131,580.0,2.00587,2.96617,0.81314,3.0,2.0,0.8,2.0,3
unseen_vessel,mss,SS5,135.0,0.0,ar40|0,S175_h135.0_u00.0_s000,strict,point,True,0.5127586206896552,0.6779120127649875,21,529,21,0.03969754253308128,1.0,0.07636363636363637,52.55172413793103,1.0,2.2,6.6,24,3,0,1131,580.0,2.00587,2.96617,0.81314,1.5,1.0,0.4,3.0,3
unseen_vessel,mss,SS5,135.0,0.0,ar40|0,S175_h135.0_u00.0_s001,permissive,point,True,0.9932758620689656,0.996626589395381,3,14,3,0.21428571428571427,1.0,0.35294117647058826,1.1379310344827587,1.6400000000000001,2.2,2.28,5,2,0,1131,580.0,1.6359,2.30179,0.603759,3.0,2.0,0.8,2.0,3
unseen_vessel,mss,SS5,135.0,0.0,ar40|0,S175_h135.0_u00.0_s001,strict,point,True,0.5982758620689655,0.7486515641855448,18,446,18,0.04035874439461883,1.0,0.07758620689655173,44.275862068965516,0.37000000000000005,2.3,5.320000000000001,18,0,0,1131,580.0,1.6359,2.30179,0.603759,1.5,1.0,0.4,3.0,3
unseen_vessel,mss,SS5,135.0,0.0,ar40|0,S175_h135.0_u00.0_s002,permissive,point,True,0.9827586206896551,0.9913043478260869,7,32,7,0.21875,1.0,0.358974358974359,2.586206896551724,1.96,2.9,3.9,9,2,0,1131,580.0,1.90756,2.49959,0.684496,3.0,2.0,0.8,2.0,3
unseen_vessel,mss,SS5,135.0,0.0,ar40|0,S175_h135.0_u00.0_s002,strict,point,True,0.5403448275862069,0.7015894336243564,18,456,18,0.039473684210526314,1.0,0.07594936708860758,45.310344827586206,1.05,2.05,5.060000000000001,19,1,0,1131,580.0,1.90756,2.49959,0.684496,1.5,1.0,0.4,3.0,3
unseen_vessel,mss,SS5,135.0,0.0,damped_persistence|0,S175_h135.0_u00.0_s000,permissive,point,True,0.9805172413793104,0.9901627927222078,6,15,4,0.26666666666666666,0.6666666666666666,0.3809523809523809,1.1379310344827587,0.23,0.35,0.54,8,2,0,1131,580.0,2.00587,2.96617,0.81314,3.0,2.0,0.8,2.0,3
unseen_vessel,mss,SS5,135.0,0.0,damped_persistence|0,S175_h135.0_u00.0_s000,strict,point,True,0.5127586206896552,0.6779120127649875,21,288,14,0.04861111111111111,0.6666666666666666,0.09061488673139158,28.344827586206897,0.4,0.55,0.7,24,3,0,1131,580.0,2.00587,2.96617,0.81314,1.5,1.0,0.4,3.0,3
unseen_vessel,mss,SS5,135.0,0.0,damped_persistence|0,S175_h135.0_u00.0_s001,permissive,point,True,0.9932758620689656,0.996626589395381,3,3,1,0.3333333333333333,0.3333333333333333,0.3333333333333333,0.20689655172413793,0.7,0.7,0.7,5,2,0,1131,580.0,1.6359,2.30179,0.603759,3.0,2.0,0.8,2.0,3
unseen_vessel,mss,SS5,135.0,0.0,damped_persistence|0,S175_h135.0_u00.0_s001,strict,point,True,0.5982758620689655,0.7486515641855448,18,223,9,0.04035874439461883,0.5,0.07468879668049792,22.137931034482758,0.38,0.5,0.7,18,0,0,1131,580.0,1.6359,2.30179,0.603759,1.5,1.0,0.4,3.0,3
unseen_vessel,mss,SS5,135.0,0.0,damped_persistence|0,S175_h135.0_u00.0_s002,permissive,point,True,0.9827586206896551,0.9913043478260869,7,9,3,0.3333333333333333,0.42857142857142855,0.375,0.6206896551724138,0.4,0.4,0.48,9,2,0,1131,580.0,1.90756,2.49959,0.684496,3.0,2.0,0.8,2.0,3
unseen_vessel,mss,SS5,135.0,0.0,damped_persistence|0,S175_h135.0_u00.0_s002,strict,point,True,0.5403448275862069,0.7015894336243564,18,258,10,0.03875968992248062,0.5555555555555556,0.07246376811594203,25.655172413793103,0.39,0.6,0.7,19,1,0,1131,580.0,1.90756,2.49959,0.684496,1.5,1.0,0.4,3.0,3
unseen_vessel,mss,SS5,135.0,0.0,dlinear_ols|0,S175_h135.0_u00.0_s000,permissive,point,True,0.9805172413793104,0.9901627927222078,6,34,6,0.17647058823529413,1.0,0.3,2.896551724137931,1.55,2.7,3.05,8,2,0,1131,580.0,2.00587,2.96617,0.81314,3.0,2.0,0.8,2.0,3
unseen_vessel,mss,SS5,135.0,0.0,dlinear_ols|0,S175_h135.0_u00.0_s000,strict,point,True,0.5127586206896552,0.6779120127649875,21,407,21,0.051597051597051594,1.0,0.09813084112149531,39.93103448275862,1.6,2.1,3.1,24,3,0,1131,580.0,2.00587,2.96617,0.81314,1.5,1.0,0.4,3.0,3
unseen_vessel,mss,SS5,135.0,0.0,dlinear_ols|0,S175_h135.0_u00.0_s001,permissive,point,True,0.9932758620689656,0.996626589395381,3,14,3,0.21428571428571427,1.0,0.35294117647058826,1.1379310344827587,1.6400000000000001,2.2,2.28,5,2,0,1131,580.0,1.6359,2.30179,0.603759,3.0,2.0,0.8,2.0,3
unseen_vessel,mss,SS5,135.0,0.0,dlinear_ols|0,S175_h135.0_u00.0_s001,strict,point,True,0.5982758620689655,0.7486515641855448,18,328,18,0.054878048780487805,1.0,0.10404624277456646,32.06896551724138,1.27,1.95,2.66,18,0,0,1131,580.0,1.6359,2.30179,0.603759,1.5,1.0,0.4,3.0,3
unseen_vessel,mss,SS5,135.0,0.0,dlinear_ols|0,S175_h135.0_u00.0_s002,permissive,point,True,0.9827586206896551,0.9913043478260869,7,28,7,0.25,1.0,0.4,2.1724137931034484,1.56,2.4,2.4,9,2,0,1131,580.0,1.90756,2.49959,0.684496,3.0,2.0,0.8,2.0,3
unseen_vessel,mss,SS5,135.0,0.0,dlinear_ols|0,S175_h135.0_u00.0_s002,strict,point,True,0.5403448275862069,0.7015894336243564,18,371,18,0.04851752021563342,1.0,0.09254498714652956,36.51724137931034,1.3699999999999999,2.25,4.670000000000002,19,1,0,1131,580.0,1.90756,2.49959,0.684496,1.5,1.0,0.4,3.0,3
unseen_vessel,mss,SS5,135.0,0.0,dlinear|0,S175_h135.0_u00.0_s000,permissive,point,True,0.9805172413793104,0.9901627927222078,6,34,6,0.17647058823529413,1.0,0.3,2.896551724137931,1.25,2.05,2.5,8,2,0,1131,580.0,2.00587,2.96617,0.81314,3.0,2.0,0.8,2.0,3
unseen_vessel,mss,SS5,135.0,0.0,dlinear|0,S175_h135.0_u00.0_s000,strict,point,True,0.5127586206896552,0.6779120127649875,21,408,21,0.051470588235294115,1.0,0.09790209790209789,40.03448275862069,1.2,1.8,2.9,24,3,0,1131,580.0,2.00587,2.96617,0.81314,1.5,1.0,0.4,3.0,3
unseen_vessel,mss,SS5,135.0,0.0,dlinear|0,S175_h135.0_u00.0_s001,permissive,point,True,0.9932758620689656,0.996626589395381,3,13,3,0.23076923076923078,1.0,0.375,1.0344827586206897,1.14,1.7,1.78,5,2,0,1131,580.0,1.6359,2.30179,0.603759,3.0,2.0,0.8,2.0,3
unseen_vessel,mss,SS5,135.0,0.0,dlinear|0,S175_h135.0_u00.0_s001,strict,point,True,0.5982758620689655,0.7486515641855448,18,324,18,0.05555555555555555,1.0,0.10526315789473684,31.655172413793103,1.08,1.6,2.36,18,0,0,1131,580.0,1.6359,2.30179,0.603759,1.5,1.0,0.4,3.0,3
unseen_vessel,mss,SS5,135.0,0.0,dlinear|0,S175_h135.0_u00.0_s002,permissive,point,True,0.9827586206896551,0.9913043478260869,7,31,7,0.22580645161290322,1.0,0.3684210526315789,2.4827586206896552,0.8200000000000001,1.5,1.9,9,2,0,1131,580.0,1.90756,2.49959,0.684496,3.0,2.0,0.8,2.0,3
unseen_vessel,mss,SS5,135.0,0.0,dlinear|0,S175_h135.0_u00.0_s002,strict,point,True,0.5403448275862069,0.7015894336243564,18,380,18,0.04736842105263158,1.0,0.09045226130653267,37.44827586206897,1.1800000000000002,1.7,5.92,19,1,0,1131,580.0,1.90756,2.49959,0.684496,1.5,1.0,0.4,3.0,3
unseen_vessel,mss,SS5,135.0,0.0,dlinear|1,S175_h135.0_u00.0_s000,permissive,point,True,0.9805172413793104,0.9901627927222078,6,33,6,0.18181818181818182,1.0,0.3076923076923077,2.793103448275862,1.5,2.05,2.5,8,2,0,1131,580.0,2.00587,2.96617,0.81314,3.0,2.0,0.8,2.0,3
unseen_vessel,mss,SS5,135.0,0.0,dlinear|1,S175_h135.0_u00.0_s000,strict,point,True,0.5127586206896552,0.6779120127649875,21,411,21,0.051094890510948905,1.0,0.09722222222222222,40.3448275862069,1.4,1.9,2.9,24,3,0,1131,580.0,2.00587,2.96617,0.81314,1.5,1.0,0.4,3.0,3
unseen_vessel,mss,SS5,135.0,0.0,dlinear|1,S175_h135.0_u00.0_s001,permissive,point,True,0.9932758620689656,0.996626589395381,3,14,3,0.21428571428571427,1.0,0.35294117647058826,1.1379310344827587,1.14,1.7,1.78,5,2,0,1131,580.0,1.6359,2.30179,0.603759,3.0,2.0,0.8,2.0,3
unseen_vessel,mss,SS5,135.0,0.0,dlinear|1,S175_h135.0_u00.0_s001,strict,point,True,0.5982758620689655,0.7486515641855448,18,316,18,0.056962025316455694,1.0,0.10778443113772454,30.82758620689655,1.2,1.8,2.23,18,0,0,1131,580.0,1.6359,2.30179,0.603759,1.5,1.0,0.4,3.0,3
unseen_vessel,mss,SS5,135.0,0.0,dlinear|1,S175_h135.0_u00.0_s002,permissive,point,True,0.9827586206896551,0.9913043478260869,7,29,7,0.2413793103448276,1.0,0.3888888888888889,2.2758620689655173,1.0,1.9,1.9,9,2,0,1131,580.0,1.90756,2.49959,0.684496,3.0,2.0,0.8,2.0,3
unseen_vessel,mss,SS5,135.0,0.0,dlinear|1,S175_h135.0_u00.0_s002,strict,point,True,0.5403448275862069,0.7015894336243564,18,370,18,0.04864864864864865,1.0,0.09278350515463918,36.41379310344828,0.9,1.75,5.92,19,1,0,1131,580.0,1.90756,2.49959,0.684496,1.5,1.0,0.4,3.0,3
unseen_vessel,mss,SS5,135.0,0.0,dlinear|2,S175_h135.0_u00.0_s000,permissive,point,True,0.9805172413793104,0.9901627927222078,6,34,6,0.17647058823529413,1.0,0.3,2.896551724137931,1.3,2.1500000000000004,2.3499999999999996,8,2,0,1131,580.0,2.00587,2.96617,0.81314,3.0,2.0,0.8,2.0,3
unseen_vessel,mss,SS5,135.0,0.0,dlinear|2,S175_h135.0_u00.0_s000,strict,point,True,0.5127586206896552,0.6779120127649875,21,411,21,0.051094890510948905,1.0,0.09722222222222222,40.3448275862069,1.1,1.6,2.9,24,3,0,1131,580.0,2.00587,2.96617,0.81314,1.5,1.0,0.4,3.0,3
unseen_vessel,mss,SS5,135.0,0.0,dlinear|2,S175_h135.0_u00.0_s001,permissive,point,True,0.9932758620689656,0.996626589395381,3,13,3,0.23076923076923078,1.0,0.375,1.0344827586206897,1.14,1.7,1.78,5,2,0,1131,580.0,1.6359,2.30179,0.603759,3.0,2.0,0.8,2.0,3
unseen_vessel,mss,SS5,135.0,0.0,dlinear|2,S175_h135.0_u00.0_s001,strict,point,True,0.5982758620689655,0.7486515641855448,18,320,18,0.05625,1.0,0.10650887573964499,31.24137931034483,1.0100000000000002,1.55,2.2,18,0,0,1131,580.0,1.6359,2.30179,0.603759,1.5,1.0,0.4,3.0,3
unseen_vessel,mss,SS5,135.0,0.0,dlinear|2,S175_h135.0_u00.0_s002,permissive,point,True,0.9827586206896551,0.9913043478260869,7,29,7,0.2413793103448276,1.0,0.3888888888888889,2.2758620689655173,1.06,1.9,2.1,9,2,0,1131,580.0,1.90756,2.49959,0.684496,3.0,2.0,0.8,2.0,3
unseen_vessel,mss,SS5,135.0,0.0,dlinear|2,S175_h135.0_u00.0_s002,strict,point,True,0.5403448275862069,0.7015894336243564,18,373,18,0.04825737265415549,1.0,0.09207161125319692,36.724137931034484,0.9,1.75,5.57,19,1,0,1131,580.0,1.90756,2.49959,0.684496,1.5,1.0,0.4,3.0,3
unseen_vessel,mss,SS5,135.0,0.0,lstm|0,S175_h135.0_u00.0_s000,permissive,point,True,0.9805172413793104,0.9901627927222078,6,202,5,0.024752475247524754,0.8333333333333334,0.04807692307692308,20.379310344827587,0.34,0.7,6.9399999999999995,8,2,0,1131,580.0,2.00587,2.96617,0.81314,3.0,2.0,0.8,2.0,3
unseen_vessel,mss,SS5,135.0,0.0,lstm|0,S175_h135.0_u00.0_s000,strict,point,True,0.5127586206896552,0.6779120127649875,21,289,8,0.02768166089965398,0.38095238095238093,0.05161290322580645,29.06896551724138,0.6,3.85,9.209999999999999,24,3,0,1131,580.0,2.00587,2.96617,0.81314,1.5,1.0,0.4,3.0,3
unseen_vessel,mss,SS5,135.0,0.0,lstm|0,S175_h135.0_u00.0_s001,permissive,point,True,0.9932758620689656,0.996626589395381,3,139,1,0.007194244604316547,0.3333333333333333,0.01408450704225352,14.275862068965518,0.3,0.3,0.3,5,2,0,1131,580.0,1.6359,2.30179,0.603759,3.0,2.0,0.8,2.0,3
unseen_vessel,mss,SS5,135.0,0.0,lstm|0,S175_h135.0_u00.0_s001,strict,point,True,0.5982758620689655,0.7486515641855448,18,280,13,0.04642857142857143,0.7222222222222222,0.087248322147651,27.620689655172413,0.52,3.2,9.000000000000002,18,0,0,1131,580.0,1.6359,2.30179,0.603759,1.5,1.0,0.4,3.0,3
unseen_vessel,mss,SS5,135.0,0.0,lstm|0,S175_h135.0_u00.0_s002,permissive,point,True,0.9827586206896551,0.9913043478260869,7,196,3,0.015306122448979591,0.42857142857142855,0.029556650246305417,19.96551724137931,0.42000000000000004,0.5,8.420000000000002,9,2,0,1131,580.0,1.90756,2.49959,0.684496,3.0,2.0,0.8,2.0,3
unseen_vessel,mss,SS5,135.0,0.0,lstm|0,S175_h135.0_u00.0_s002,strict,point,True,0.5403448275862069,0.7015894336243564,18,248,6,0.024193548387096774,0.3333333333333333,0.04511278195488722,25.03448275862069,4.449999999999999,6.35,9.350000000000001,19,1,0,1131,580.0,1.90756,2.49959,0.684496,1.5,1.0,0.4,3.0,3
unseen_vessel,mss,SS5,135.0,0.0,lstm|1,S175_h135.0_u00.0_s000,permissive,point,True,0.9805172413793104,0.9901627927222078,6,168,6,0.03571428571428571,1.0,0.0689655172413793,16.75862068965517,1.0,1.5,5.8,8,2,0,1131,580.0,2.00587,2.96617,0.81314,3.0,2.0,0.8,2.0,3
unseen_vessel,mss,SS5,135.0,0.0,lstm|1,S175_h135.0_u00.0_s000,strict,point,True,0.5127586206896552,0.6779120127649875,21,350,12,0.03428571428571429,0.5714285714285714,0.0646900269541779,34.96551724137931,0.5,5.2,10.290000000000001,24,3,0,1131,580.0,2.00587,2.96617,0.81314,1.5,1.0,0.4,3.0,3
unseen_vessel,mss,SS5,135.0,0.0,lstm|1,S175_h135.0_u00.0_s001,permissive,point,True,0.9932758620689656,0.996626589395381,3,133,1,0.007518796992481203,0.3333333333333333,0.014705882352941176,13.655172413793103,0.3,0.3,0.3,5,2,0,1131,580.0,1.6359,2.30179,0.603759,3.0,2.0,0.8,2.0,3
unseen_vessel,mss,SS5,135.0,0.0,lstm|1,S175_h135.0_u00.0_s001,strict,point,True,0.5982758620689655,0.7486515641855448,18,336,7,0.020833333333333332,0.3888888888888889,0.03954802259887005,34.03448275862069,0.36,1.0,5.000000000000003,18,0,0,1131,580.0,1.6359,2.30179,0.603759,1.5,1.0,0.4,3.0,3
unseen_vessel,mss,SS5,135.0,0.0,lstm|1,S175_h135.0_u00.0_s002,permissive,point,True,0.9827586206896551,0.9913043478260869,7,152,4,0.02631578947368421,0.5714285714285714,0.050314465408805034,15.310344827586206,0.46,0.75,1.25,9,2,0,1131,580.0,1.90756,2.49959,0.684496,3.0,2.0,0.8,2.0,3
unseen_vessel,mss,SS5,135.0,0.0,lstm|1,S175_h135.0_u00.0_s002,strict,point,True,0.5403448275862069,0.7015894336243564,18,281,7,0.02491103202846975,0.3888888888888889,0.046822742474916385,28.344827586206897,0.72,3.1,6.680000000000001,19,1,0,1131,580.0,1.90756,2.49959,0.684496,1.5,1.0,0.4,3.0,3
unseen_vessel,mss,SS5,135.0,0.0,lstm|2,S175_h135.0_u00.0_s000,permissive,point,True,0.9805172413793104,0.9901627927222078,6,133,5,0.03759398496240601,0.8333333333333334,0.07194244604316546,13.241379310344827,0.5399999999999999,5.1,10.780000000000001,8,2,0,1131,580.0,2.00587,2.96617,0.81314,3.0,2.0,0.8,2.0,3
unseen_vessel,mss,SS5,135.0,0.0,lstm|2,S175_h135.0_u00.0_s000,strict,point,True,0.5127586206896552,0.6779120127649875,21,368,15,0.04076086956521739,0.7142857142857143,0.07712082262210797,36.51724137931034,0.6,1.4,10.08,24,3,0,1131,580.0,2.00587,2.96617,0.81314,1.5,1.0,0.4,3.0,3
unseen_vessel,mss,SS5,135.0,0.0,lstm|2,S175_h135.0_u00.0_s001,permissive,point,True,0.9932758620689656,0.996626589395381,3,87,2,0.022988505747126436,0.6666666666666666,0.044444444444444446,8.793103448275861,1.47,5.35,9.23,5,2,0,1131,580.0,1.6359,2.30179,0.603759,3.0,2.0,0.8,2.0,3
unseen_vessel,mss,SS5,135.0,0.0,lstm|2,S175_h135.0_u00.0_s001,strict,point,True,0.5982758620689655,0.7486515641855448,18,412,12,0.02912621359223301,0.6666666666666666,0.05581395348837209,41.37931034482759,0.3,0.6,2.1900000000000004,18,0,0,1131,580.0,1.6359,2.30179,0.603759,1.5,1.0,0.4,3.0,3
unseen_vessel,mss,SS5,135.0,0.0,lstm|2,S175_h135.0_u00.0_s002,permissive,point,True,0.9827586206896551,0.9913043478260869,7,92,5,0.05434782608695652,0.7142857142857143,0.101010101010101,9.0,0.44,0.9,1.02,9,2,0,1131,580.0,1.90756,2.49959,0.684496,3.0,2.0,0.8,2.0,3
unseen_vessel,mss,SS5,135.0,0.0,lstm|2,S175_h135.0_u00.0_s002,strict,point,True,0.5403448275862069,0.7015894336243564,18,401,9,0.022443890274314215,0.5,0.04295942720763723,40.55172413793103,0.54,4.8,11.719999999999999,19,1,0,1131,580.0,1.90756,2.49959,0.684496,1.5,1.0,0.4,3.0,3
unseen_vessel,mss,SS5,135.0,0.0,persistence|0,S175_h135.0_u00.0_s000,permissive,point,True,0.9805172413793104,0.9901627927222078,6,0,0,0.0,0.0,0.0,0.0,,,,8,2,0,1131,580.0,2.00587,2.96617,0.81314,3.0,2.0,0.8,2.0,3
unseen_vessel,mss,SS5,135.0,0.0,persistence|0,S175_h135.0_u00.0_s000,strict,point,True,0.5127586206896552,0.6779120127649875,21,0,0,0.0,0.0,0.0,0.0,,,,24,3,0,1131,580.0,2.00587,2.96617,0.81314,1.5,1.0,0.4,3.0,3
unseen_vessel,mss,SS5,135.0,0.0,persistence|0,S175_h135.0_u00.0_s001,permissive,point,True,0.9932758620689656,0.996626589395381,3,0,0,0.0,0.0,0.0,0.0,,,,5,2,0,1131,580.0,1.6359,2.30179,0.603759,3.0,2.0,0.8,2.0,3
unseen_vessel,mss,SS5,135.0,0.0,persistence|0,S175_h135.0_u00.0_s001,strict,point,True,0.5982758620689655,0.7486515641855448,18,0,0,0.0,0.0,0.0,0.0,,,,18,0,0,1131,580.0,1.6359,2.30179,0.603759,1.5,1.0,0.4,3.0,3
unseen_vessel,mss,SS5,135.0,0.0,persistence|0,S175_h135.0_u00.0_s002,permissive,point,True,0.9827586206896551,0.9913043478260869,7,0,0,0.0,0.0,0.0,0.0,,,,9,2,0,1131,580.0,1.90756,2.49959,0.684496,3.0,2.0,0.8,2.0,3
unseen_vessel,mss,SS5,135.0,0.0,persistence|0,S175_h135.0_u00.0_s002,strict,point,True,0.5403448275862069,0.7015894336243564,18,0,0,0.0,0.0,0.0,0.0,,,,19,1,0,1131,580.0,1.90756,2.49959,0.684496,1.5,1.0,0.4,3.0,3
unseen_vessel,mss,SS5,135.0,0.0,rate_matched,S175_h135.0_u00.0_s000,permissive,point,True,0.9805172413793104,0.9901627927222078,6,6,0,0.0,0.0,0.0,0.6206896551724138,,,,8,2,0,1131,580.0,2.00587,2.96617,0.81314,3.0,2.0,0.8,2.0,3
unseen_vessel,mss,SS5,135.0,0.0,rate_matched,S175_h135.0_u00.0_s000,strict,point,True,0.5127586206896552,0.6779120127649875,21,21,1,0.047619047619047616,0.047619047619047616,0.047619047619047616,2.0689655172413794,0.2,0.2,0.2,24,3,0,1131,580.0,2.00587,2.96617,0.81314,1.5,1.0,0.4,3.0,3
unseen_vessel,mss,SS5,135.0,0.0,rate_matched,S175_h135.0_u00.0_s001,permissive,point,True,0.9932758620689656,0.996626589395381,3,3,0,0.0,0.0,0.0,0.3103448275862069,,,,5,2,0,1131,580.0,1.6359,2.30179,0.603759,3.0,2.0,0.8,2.0,3
unseen_vessel,mss,SS5,135.0,0.0,rate_matched,S175_h135.0_u00.0_s001,strict,point,True,0.5982758620689655,0.7486515641855448,18,18,0,0.0,0.0,0.0,1.8620689655172413,,,,18,0,0,1131,580.0,1.6359,2.30179,0.603759,1.5,1.0,0.4,3.0,3
unseen_vessel,mss,SS5,135.0,0.0,rate_matched,S175_h135.0_u00.0_s002,permissive,point,True,0.9827586206896551,0.9913043478260869,7,7,0,0.0,0.0,0.0,0.7241379310344828,,,,9,2,0,1131,580.0,1.90756,2.49959,0.684496,3.0,2.0,0.8,2.0,3
unseen_vessel,mss,SS5,135.0,0.0,rate_matched,S175_h135.0_u00.0_s002,strict,point,True,0.5403448275862069,0.7015894336243564,18,18,3,0.16666666666666666,0.16666666666666666,0.16666666666666666,1.5517241379310345,0.0,0.4,0.56,19,1,0,1131,580.0,1.90756,2.49959,0.684496,1.5,1.0,0.4,3.0,3
unseen_vessel,mss,SS5,135.0,0.0,tcn|0,S175_h135.0_u00.0_s000,permissive,point,True,0.9805172413793104,0.9901627927222078,6,112,6,0.05357142857142857,1.0,0.10169491525423728,10.96551724137931,1.25,1.75,7.55,8,2,0,1131,580.0,2.00587,2.96617,0.81314,3.0,2.0,0.8,2.0,3
unseen_vessel,mss,SS5,135.0,0.0,tcn|0,S175_h135.0_u00.0_s000,strict,point,True,0.5127586206896552,0.6779120127649875,21,413,20,0.048426150121065374,0.9523809523809523,0.09216589861751151,40.6551724137931,0.6,2.25,9.56,24,3,0,1131,580.0,2.00587,2.96617,0.81314,1.5,1.0,0.4,3.0,3
unseen_vessel,mss,SS5,135.0,0.0,tcn|0,S175_h135.0_u00.0_s001,permissive,point,True,0.9932758620689656,0.996626589395381,3,63,3,0.047619047619047616,1.0,0.0909090909090909,6.206896551724138,0.54,0.7,1.1800000000000002,5,2,0,1131,580.0,1.6359,2.30179,0.603759,3.0,2.0,0.8,2.0,3
unseen_vessel,mss,SS5,135.0,0.0,tcn|0,S175_h135.0_u00.0_s001,strict,point,True,0.5982758620689655,0.7486515641855448,18,398,17,0.04271356783919598,0.9444444444444444,0.08173076923076923,39.41379310344828,0.46,1.4,3.8400000000000007,18,0,0,1131,580.0,1.6359,2.30179,0.603759,1.5,1.0,0.4,3.0,3
unseen_vessel,mss,SS5,135.0,0.0,tcn|0,S175_h135.0_u00.0_s002,permissive,point,True,0.9827586206896551,0.9913043478260869,7,58,7,0.1206896551724138,1.0,0.21538461538461542,5.275862068965517,0.74,1.4,1.9200000000000004,9,2,0,1131,580.0,1.90756,2.49959,0.684496,3.0,2.0,0.8,2.0,3
unseen_vessel,mss,SS5,135.0,0.0,tcn|0,S175_h135.0_u00.0_s002,strict,point,True,0.5403448275862069,0.7015894336243564,18,389,17,0.043701799485861184,0.9444444444444444,0.08353808353808354,38.48275862068966,0.4,1.3,6.74,19,1,0,1131,580.0,1.90756,2.49959,0.684496,1.5,1.0,0.4,3.0,3
unseen_vessel,mss,SS5,135.0,0.0,tcn|1,S175_h135.0_u00.0_s000,permissive,point,True,0.9805172413793104,0.9901627927222078,6,111,6,0.05405405405405406,1.0,0.10256410256410257,10.862068965517242,0.8999999999999999,1.8499999999999999,8.55,8,2,0,1131,580.0,2.00587,2.96617,0.81314,3.0,2.0,0.8,2.0,3
unseen_vessel,mss,SS5,135.0,0.0,tcn|1,S175_h135.0_u00.0_s000,strict,point,True,0.5127586206896552,0.6779120127649875,21,405,13,0.03209876543209877,0.6190476190476191,0.061032863849765265,40.55172413793103,0.5,0.7,8.980000000000004,24,3,0,1131,580.0,2.00587,2.96617,0.81314,1.5,1.0,0.4,3.0,3
unseen_vessel,mss,SS5,135.0,0.0,tcn|1,S175_h135.0_u00.0_s001,permissive,point,True,0.9932758620689656,0.996626589395381,3,67,3,0.04477611940298507,1.0,0.08571428571428572,6.620689655172414,0.33999999999999997,0.5,0.6599999999999999,5,2,0,1131,580.0,1.6359,2.30179,0.603759,3.0,2.0,0.8,2.0,3
unseen_vessel,mss,SS5,135.0,0.0,tcn|1,S175_h135.0_u00.0_s001,strict,point,True,0.5982758620689655,0.7486515641855448,18,414,15,0.036231884057971016,0.8333333333333334,0.06944444444444445,41.275862068965516,0.44000000000000006,0.9,5.14,18,0,0,1131,580.0,1.6359,2.30179,0.603759,1.5,1.0,0.4,3.0,3
unseen_vessel,mss,SS5,135.0,0.0,tcn|1,S175_h135.0_u00.0_s002,permissive,point,True,0.9827586206896551,0.9913043478260869,7,78,7,0.08974358974358974,1.0,0.1647058823529412,7.344827586206897,0.46,0.9,1.5400000000000005,9,2,0,1131,580.0,1.90756,2.49959,0.684496,3.0,2.0,0.8,2.0,3
unseen_vessel,mss,SS5,135.0,0.0,tcn|1,S175_h135.0_u00.0_s002,strict,point,True,0.5403448275862069,0.7015894336243564,18,398,14,0.035175879396984924,0.7777777777777778,0.0673076923076923,39.724137931034484,0.4,1.35,7.930000000000001,19,1,0,1131,580.0,1.90756,2.49959,0.684496,1.5,1.0,0.4,3.0,3
unseen_vessel,mss,SS5,135.0,0.0,tcn|2,S175_h135.0_u00.0_s000,permissive,point,True,0.9805172413793104,0.9901627927222078,6,104,6,0.057692307692307696,1.0,0.1090909090909091,10.137931034482758,1.25,2.25,6.55,8,2,0,1131,580.0,2.00587,2.96617,0.81314,3.0,2.0,0.8,2.0,3
unseen_vessel,mss,SS5,135.0,0.0,tcn|2,S175_h135.0_u00.0_s000,strict,point,True,0.5127586206896552,0.6779120127649875,21,426,18,0.04225352112676056,0.8571428571428571,0.08053691275167783,42.206896551724135,0.6,4.25,10.99,24,3,0,1131,580.0,2.00587,2.96617,0.81314,1.5,1.0,0.4,3.0,3
unseen_vessel,mss,SS5,135.0,0.0,tcn|2,S175_h135.0_u00.0_s001,permissive,point,True,0.9932758620689656,0.996626589395381,3,66,3,0.045454545454545456,1.0,0.08695652173913045,6.517241379310345,0.26,0.5,1.1400000000000001,5,2,0,1131,580.0,1.6359,2.30179,0.603759,3.0,2.0,0.8,2.0,3
unseen_vessel,mss,SS5,135.0,0.0,tcn|2,S175_h135.0_u00.0_s001,strict,point,True,0.5982758620689655,0.7486515641855448,18,379,17,0.044854881266490766,0.9444444444444444,0.08564231738035265,37.44827586206897,0.36,1.1,7.040000000000001,18,0,0,1131,580.0,1.6359,2.30179,0.603759,1.5,1.0,0.4,3.0,3
unseen_vessel,mss,SS5,135.0,0.0,tcn|2,S175_h135.0_u00.0_s002,permissive,point,True,0.9827586206896551,0.9913043478260869,7,80,7,0.0875,1.0,0.16091954022988506,7.551724137931035,0.46,1.1,1.6600000000000001,9,2,0,1131,580.0,1.90756,2.49959,0.684496,3.0,2.0,0.8,2.0,3
unseen_vessel,mss,SS5,135.0,0.0,tcn|2,S175_h135.0_u00.0_s002,strict,point,True,0.5403448275862069,0.7015894336243564,18,425,17,0.04,0.9444444444444444,0.07674943566591422,42.206896551724135,0.26,0.9,5.760000000000002,19,1,0,1131,580.0,1.90756,2.49959,0.684496,1.5,1.0,0.4,3.0,3
unseen_vessel,mss,SS5,135.0,0.0,transformer|0,S175_h135.0_u00.0_s000,permissive,point,True,0.9805172413793104,0.9901627927222078,6,6,1,0.16666666666666666,0.16666666666666666,0.16666666666666666,0.5172413793103449,6.0,6.0,6.0,8,2,0,1131,580.0,2.00587,2.96617,0.81314,3.0,2.0,0.8,2.0,3
unseen_vessel,mss,SS5,135.0,0.0,transformer|0,S175_h135.0_u00.0_s000,strict,point,True,0.5127586206896552,0.6779120127649875,21,274,4,0.014598540145985401,0.19047619047619047,0.027118644067796606,27.93103448275862,2.9000000000000004,6.05,8.99,24,3,0,1131,580.0,2.00587,2.96617,0.81314,1.5,1.0,0.4,3.0,3
unseen_vessel,mss,SS5,135.0,0.0,transformer|0,S175_h135.0_u00.0_s001,permissive,point,True,0.9932758620689656,0.996626589395381,3,17,0,0.0,0.0,0.0,1.7586206896551724,,,,5,2,0,1131,580.0,1.6359,2.30179,0.603759,3.0,2.0,0.8,2.0,3
unseen_vessel,mss,SS5,135.0,0.0,transformer|0,S175_h135.0_u00.0_s001,strict,point,True,0.5982758620689655,0.7486515641855448,18,216,5,0.023148148148148147,0.2777777777777778,0.042735042735042736,21.82758620689655,5.720000000000001,10.0,11.16,18,0,0,1131,580.0,1.6359,2.30179,0.603759,1.5,1.0,0.4,3.0,3
unseen_vessel,mss,SS5,135.0,0.0,transformer|0,S175_h135.0_u00.0_s002,permissive,point,True,0.9827586206896551,0.9913043478260869,7,20,0,0.0,0.0,0.0,2.0689655172413794,,,,9,2,0,1131,580.0,1.90756,2.49959,0.684496,3.0,2.0,0.8,2.0,3
unseen_vessel,mss,SS5,135.0,0.0,transformer|0,S175_h135.0_u00.0_s002,strict,point,True,0.5403448275862069,0.7015894336243564,18,276,7,0.025362318840579712,0.3888888888888889,0.04761904761904762,27.82758620689655,5.700000000000001,8.1,10.360000000000001,19,1,0,1131,580.0,1.90756,2.49959,0.684496,1.5,1.0,0.4,3.0,3
unseen_vessel,mss,SS5,135.0,0.0,transformer|1,S175_h135.0_u00.0_s000,permissive,point,True,0.9805172413793104,0.9901627927222078,6,1,0,0.0,0.0,0.0,0.10344827586206896,,,,8,2,0,1131,580.0,2.00587,2.96617,0.81314,3.0,2.0,0.8,2.0,3
unseen_vessel,mss,SS5,135.0,0.0,transformer|1,S175_h135.0_u00.0_s000,strict,point,True,0.5127586206896552,0.6779120127649875,21,263,5,0.019011406844106463,0.23809523809523808,0.035211267605633804,26.689655172413794,2.66,5.6,7.04,24,3,0,1131,580.0,2.00587,2.96617,0.81314,1.5,1.0,0.4,3.0,3
unseen_vessel,mss,SS5,135.0,0.0,transformer|1,S175_h135.0_u00.0_s001,permissive,point,True,0.9932758620689656,0.996626589395381,3,1,0,0.0,0.0,0.0,0.10344827586206896,,,,5,2,0,1131,580.0,1.6359,2.30179,0.603759,3.0,2.0,0.8,2.0,3
unseen_vessel,mss,SS5,135.0,0.0,transformer|1,S175_h135.0_u00.0_s001,strict,point,True,0.5982758620689655,0.7486515641855448,18,228,6,0.02631578947368421,0.3333333333333333,0.048780487804878044,22.96551724137931,4.4,8.899999999999999,11.85,18,0,0,1131,580.0,1.6359,2.30179,0.603759,1.5,1.0,0.4,3.0,3
unseen_vessel,mss,SS5,135.0,0.0,transformer|1,S175_h135.0_u00.0_s002,permissive,point,True,0.9827586206896551,0.9913043478260869,7,1,0,0.0,0.0,0.0,0.10344827586206896,,,,9,2,0,1131,580.0,1.90756,2.49959,0.684496,3.0,2.0,0.8,2.0,3
unseen_vessel,mss,SS5,135.0,0.0,transformer|1,S175_h135.0_u00.0_s002,strict,point,True,0.5403448275862069,0.7015894336243564,18,264,6,0.022727272727272728,0.3333333333333333,0.04255319148936171,26.689655172413794,0.3,2.5,7.8500000000000005,19,1,0,1131,580.0,1.90756,2.49959,0.684496,1.5,1.0,0.4,3.0,3
unseen_vessel,mss,SS5,135.0,0.0,transformer|2,S175_h135.0_u00.0_s000,permissive,point,True,0.9805172413793104,0.9901627927222078,6,0,0,0.0,0.0,0.0,0.0,,,,8,2,0,1131,580.0,2.00587,2.96617,0.81314,3.0,2.0,0.8,2.0,3
unseen_vessel,mss,SS5,135.0,0.0,transformer|2,S175_h135.0_u00.0_s000,strict,point,True,0.5127586206896552,0.6779120127649875,21,258,5,0.01937984496124031,0.23809523809523808,0.035842293906810034,26.17241379310345,1.94,8.2,9.82,24,3,0,1131,580.0,2.00587,2.96617,0.81314,1.5,1.0,0.4,3.0,3
unseen_vessel,mss,SS5,135.0,0.0,transformer|2,S175_h135.0_u00.0_s001,permissive,point,True,0.9932758620689656,0.996626589395381,3,0,0,0.0,0.0,0.0,0.0,,,,5,2,0,1131,580.0,1.6359,2.30179,0.603759,3.0,2.0,0.8,2.0,3
unseen_vessel,mss,SS5,135.0,0.0,transformer|2,S175_h135.0_u00.0_s001,strict,point,True,0.5982758620689655,0.7486515641855448,18,205,4,0.01951219512195122,0.2222222222222222,0.035874439461883414,20.79310344827586,3.29,9.649999999999999,11.11,18,0,0,1131,580.0,1.6359,2.30179,0.603759,1.5,1.0,0.4,3.0,3
unseen_vessel,mss,SS5,135.0,0.0,transformer|2,S175_h135.0_u00.0_s002,permissive,point,True,0.9827586206896551,0.9913043478260869,7,3,0,0.0,0.0,0.0,0.3103448275862069,,,,9,2,0,1131,580.0,1.90756,2.49959,0.684496,3.0,2.0,0.8,2.0,3
unseen_vessel,mss,SS5,135.0,0.0,transformer|2,S175_h135.0_u00.0_s002,strict,point,True,0.5403448275862069,0.7015894336243564,18,238,5,0.02100840336134454,0.2777777777777778,0.03906250000000001,24.103448275862068,2.1799999999999997,5.1,10.16,19,1,0,1131,580.0,1.90756,2.49959,0.684496,1.5,1.0,0.4,3.0,3
unseen_vessel,mss,SS5,135.0,0.0,window_mean|0,S175_h135.0_u00.0_s000,permissive,point,True,0.9805172413793104,0.9901627927222078,6,0,0,0.0,0.0,0.0,0.0,,,,8,2,0,1131,580.0,2.00587,2.96617,0.81314,3.0,2.0,0.8,2.0,3
unseen_vessel,mss,SS5,135.0,0.0,window_mean|0,S175_h135.0_u00.0_s000,strict,point,True,0.5127586206896552,0.6779120127649875,21,0,0,0.0,0.0,0.0,0.0,,,,24,3,0,1131,580.0,2.00587,2.96617,0.81314,1.5,1.0,0.4,3.0,3
unseen_vessel,mss,SS5,135.0,0.0,window_mean|0,S175_h135.0_u00.0_s001,permissive,point,True,0.9932758620689656,0.996626589395381,3,0,0,0.0,0.0,0.0,0.0,,,,5,2,0,1131,580.0,1.6359,2.30179,0.603759,3.0,2.0,0.8,2.0,3
unseen_vessel,mss,SS5,135.0,0.0,window_mean|0,S175_h135.0_u00.0_s001,strict,point,True,0.5982758620689655,0.7486515641855448,18,0,0,0.0,0.0,0.0,0.0,,,,18,0,0,1131,580.0,1.6359,2.30179,0.603759,1.5,1.0,0.4,3.0,3
unseen_vessel,mss,SS5,135.0,0.0,window_mean|0,S175_h135.0_u00.0_s002,permissive,point,True,0.9827586206896551,0.9913043478260869,7,0,0,0.0,0.0,0.0,0.0,,,,9,2,0,1131,580.0,1.90756,2.49959,0.684496,3.0,2.0,0.8,2.0,3
unseen_vessel,mss,SS5,135.0,0.0,window_mean|0,S175_h135.0_u00.0_s002,strict,point,True,0.5403448275862069,0.7015894336243564,18,0,0,0.0,0.0,0.0,0.0,,,,19,1,0,1131,580.0,1.90756,2.49959,0.684496,1.5,1.0,0.4,3.0,3
unseen_vessel,mss,SS5,135.0,6.0,always_quiescent,S175_h135.0_u06.0_s000,permissive,point,True,0.9925862068965517,0.9962793112399412,3,1131,3,0.002652519893899204,1.0,0.005291005291005291,116.6896551724138,0.22,0.3,0.3,7,4,0,1131,580.0,1.76382,2.81975,0.828771,3.0,2.0,0.8,2.0,3
unseen_vessel,mss,SS5,135.0,6.0,always_quiescent,S175_h135.0_u06.0_s000,strict,point,True,0.4967241379310345,0.6637484160810966,16,1131,16,0.014146772767462422,1.0,0.027898866608544026,115.34482758620689,-0.1,0.1,0.2,17,1,0,1131,580.0,1.76382,2.81975,0.828771,1.5,1.0,0.4,3.0,3
unseen_vessel,mss,SS5,135.0,6.0,always_quiescent,S175_h135.0_u06.0_s001,permissive,point,True,0.956551724137931,0.9777934437786393,10,1131,10,0.008841732979664015,1.0,0.017528483786152498,115.96551724137932,-0.1,0.05,0.3,12,2,0,1131,580.0,1.91555,3.13522,0.915849,3.0,2.0,0.8,2.0,3
unseen_vessel,mss,SS5,135.0,6.0,always_quiescent,S175_h135.0_u06.0_s001,strict,point,True,0.49844827586206897,0.6652859279714647,19,1131,18,0.015915119363395226,0.9473684210526315,0.03130434782608696,115.13793103448276,0.0,0.2,0.3,20,1,0,1131,580.0,1.91555,3.13522,0.915849,1.5,1.0,0.4,3.0,3
unseen_vessel,mss,SS5,135.0,6.0,always_quiescent,S175_h135.0_u06.0_s002,permissive,point,True,0.9624137931034483,0.9808469513266561,11,1131,11,0.009725906277630416,1.0,0.01926444833625219,115.86206896551724,-0.1,0.0,0.3,13,2,0,1131,580.0,1.86851,2.7272,0.997883,3.0,2.0,0.8,2.0,3
unseen_vessel,mss,SS5,135.0,6.0,always_quiescent,S175_h135.0_u06.0_s002,strict,point,True,0.5703448275862069,0.7263943785682916,15,1131,15,0.013262599469496022,1.0,0.026178010471204192,115.44827586206897,-0.1,0.1,0.2,16,1,0,1131,580.0,1.86851,2.7272,0.997883,1.5,1.0,0.4,3.0,3
unseen_vessel,mss,SS5,135.0,6.0,ar10|0,S175_h135.0_u06.0_s000,permissive,point,True,0.9925862068965517,0.9962793112399412,3,104,3,0.028846153846153848,1.0,0.05607476635514019,10.448275862068966,1.42,2.3,3.5,7,4,0,1131,580.0,1.76382,2.81975,0.828771,3.0,2.0,0.8,2.0,3
unseen_vessel,mss,SS5,135.0,6.0,ar10|0,S175_h135.0_u06.0_s000,strict,point,True,0.4967241379310345,0.6637484160810966,16,503,16,0.03180914512922465,1.0,0.06165703275529865,50.37931034482759,0.7,1.6,5.75,17,1,0,1131,580.0,1.76382,2.81975,0.828771,1.5,1.0,0.4,3.0,3
unseen_vessel,mss,SS5,135.0,6.0,ar10|0,S175_h135.0_u06.0_s001,permissive,point,True,0.956551724137931,0.9777934437786393,10,151,10,0.06622516556291391,1.0,0.12422360248447208,14.586206896551724,0.77,1.95,5.1899999999999995,12,2,0,1131,580.0,1.91555,3.13522,0.915849,3.0,2.0,0.8,2.0,3
unseen_vessel,mss,SS5,135.0,6.0,ar10|0,S175_h135.0_u06.0_s001,strict,point,True,0.49844827586206897,0.6652859279714647,19,589,19,0.03225806451612903,1.0,0.0625,58.96551724137931,0.3,2.0,5.799999999999995,20,1,0,1131,580.0,1.91555,3.13522,0.915849,1.5,1.0,0.4,3.0,3
unseen_vessel,mss,SS5,135.0,6.0,ar10|0,S175_h135.0_u06.0_s002,permissive,point,True,0.9624137931034483,0.9808469513266561,11,165,11,0.06666666666666667,1.0,0.125,15.931034482758621,0.9,2.9,7.0,13,2,0,1131,580.0,1.86851,2.7272,0.997883,3.0,2.0,0.8,2.0,3
unseen_vessel,mss,SS5,135.0,6.0,ar10|0,S175_h135.0_u06.0_s002,strict,point,True,0.5703448275862069,0.7263943785682916,15,407,12,0.029484029484029485,0.8,0.05687203791469195,40.86206896551724,0.92,1.75,6.330000000000001,16,1,0,1131,580.0,1.86851,2.7272,0.997883,1.5,1.0,0.4,3.0,3
unseen_vessel,mss,SS5,135.0,6.0,ar20|0,S175_h135.0_u06.0_s000,permissive,point,True,0.9925862068965517,0.9962793112399412,3,156,3,0.019230769230769232,1.0,0.03773584905660378,15.827586206896552,1.22,1.3,2.1,7,4,0,1131,580.0,1.76382,2.81975,0.828771,3.0,2.0,0.8,2.0,3
unseen_vessel,mss,SS5,135.0,6.0,ar20|0,S175_h135.0_u06.0_s000,strict,point,True,0.4967241379310345,0.6637484160810966,16,446,16,0.03587443946188341,1.0,0.06926406926406925,44.48275862068966,1.2,2.1500000000000004,8.7,17,1,0,1131,580.0,1.76382,2.81975,0.828771,1.5,1.0,0.4,3.0,3
unseen_vessel,mss,SS5,135.0,6.0,ar20|0,S175_h135.0_u06.0_s001,permissive,point,True,0.956551724137931,0.9777934437786393,10,232,10,0.04310344827586207,1.0,0.08264462809917356,22.96551724137931,0.6799999999999999,1.75,7.859999999999999,12,2,0,1131,580.0,1.91555,3.13522,0.915849,3.0,2.0,0.8,2.0,3
unseen_vessel,mss,SS5,135.0,6.0,ar20|0,S175_h135.0_u06.0_s001,strict,point,True,0.49844827586206897,0.6652859279714647,19,447,18,0.040268456375838924,0.9473684210526315,0.07725321888412016,44.37931034482759,0.77,2.25,7.2100000000000035,20,1,0,1131,580.0,1.91555,3.13522,0.915849,1.5,1.0,0.4,3.0,3
unseen_vessel,mss,SS5,135.0,6.0,ar20|0,S175_h135.0_u06.0_s002,permissive,point,True,0.9624137931034483,0.9808469513266561,11,255,11,0.043137254901960784,1.0,0.08270676691729323,25.24137931034483,0.7,3.2,7.8,13,2,0,1131,580.0,1.86851,2.7272,0.997883,3.0,2.0,0.8,2.0,3
unseen_vessel,mss,SS5,135.0,6.0,ar20|0,S175_h135.0_u06.0_s002,strict,point,True,0.5703448275862069,0.7263943785682916,15,350,14,0.04,0.9333333333333333,0.07671232876712329,34.758620689655174,0.93,2.9000000000000004,8.040000000000001,16,1,0,1131,580.0,1.86851,2.7272,0.997883,1.5,1.0,0.4,3.0,3
unseen_vessel,mss,SS5,135.0,6.0,ar40|0,S175_h135.0_u06.0_s000,permissive,point,True,0.9925862068965517,0.9962793112399412,3,189,3,0.015873015873015872,1.0,0.03125,19.24137931034483,1.8800000000000001,2.2,2.28,7,4,0,1131,580.0,1.76382,2.81975,0.828771,3.0,2.0,0.8,2.0,3
unseen_vessel,mss,SS5,135.0,6.0,ar40|0,S175_h135.0_u06.0_s000,strict,point,True,0.4967241379310345,0.6637484160810966,16,494,16,0.032388663967611336,1.0,0.06274509803921569,49.44827586206897,0.7,1.9,9.55,17,1,0,1131,580.0,1.76382,2.81975,0.828771,1.5,1.0,0.4,3.0,3
unseen_vessel,mss,SS5,135.0,6.0,ar40|0,S175_h135.0_u06.0_s001,permissive,point,True,0.956551724137931,0.9777934437786393,10,329,10,0.030395136778115502,1.0,0.05899705014749263,33.0,0.99,1.65,4.8,12,2,0,1131,580.0,1.91555,3.13522,0.915849,3.0,2.0,0.8,2.0,3
unseen_vessel,mss,SS5,135.0,6.0,ar40|0,S175_h135.0_u06.0_s001,strict,point,True,0.49844827586206897,0.6652859279714647,19,412,18,0.043689320388349516,0.9473684210526315,0.08352668213457078,40.758620689655174,0.77,1.5,7.850000000000003,20,1,0,1131,580.0,1.91555,3.13522,0.915849,1.5,1.0,0.4,3.0,3
unseen_vessel,mss,SS5,135.0,6.0,ar40|0,S175_h135.0_u06.0_s002,permissive,point,True,0.9624137931034483,0.9808469513266561,11,294,11,0.03741496598639456,1.0,0.07213114754098361,29.275862068965516,0.9,1.4,4.0,13,2,0,1131,580.0,1.86851,2.7272,0.997883,3.0,2.0,0.8,2.0,3
unseen_vessel,mss,SS5,135.0,6.0,ar40|0,S175_h135.0_u06.0_s002,strict,point,True,0.5703448275862069,0.7263943785682916,15,341,13,0.03812316715542522,0.8666666666666667,0.07303370786516855,33.93103448275862,0.4600000000000001,1.1,5.860000000000003,16,1,0,1131,580.0,1.86851,2.7272,0.997883,1.5,1.0,0.4,3.0,3
unseen_vessel,mss,SS5,135.0,6.0,damped_persistence|0,S175_h135.0_u06.0_s000,permissive,point,True,0.9925862068965517,0.9962793112399412,3,1,0,0.0,0.0,0.0,0.10344827586206896,,,,7,4,0,1131,580.0,1.76382,2.81975,0.828771,3.0,2.0,0.8,2.0,3
unseen_vessel,mss,SS5,135.0,6.0,damped_persistence|0,S175_h135.0_u06.0_s000,strict,point,True,0.4967241379310345,0.6637484160810966,16,253,11,0.043478260869565216,0.6875,0.08178438661710037,25.03448275862069,0.4,0.6,0.7,17,1,0,1131,580.0,1.76382,2.81975,0.828771,1.5,1.0,0.4,3.0,3
unseen_vessel,mss,SS5,135.0,6.0,damped_persistence|0,S175_h135.0_u06.0_s001,permissive,point,True,0.956551724137931,0.9777934437786393,10,25,5,0.2,0.5,0.28571428571428575,2.0689655172413794,0.44,0.6,0.7,12,2,0,1131,580.0,1.91555,3.13522,0.915849,3.0,2.0,0.8,2.0,3
unseen_vessel,mss,SS5,135.0,6.0,damped_persistence|0,S175_h135.0_u06.0_s001,strict,point,True,0.49844827586206897,0.6652859279714647,19,307,10,0.03257328990228013,0.5263157894736842,0.061349693251533735,30.724137931034484,0.3,0.5,0.7,20,1,0,1131,580.0,1.91555,3.13522,0.915849,1.5,1.0,0.4,3.0,3
unseen_vessel,mss,SS5,135.0,6.0,damped_persistence|0,S175_h135.0_u06.0_s002,permissive,point,True,0.9624137931034483,0.9808469513266561,11,21,5,0.23809523809523808,0.45454545454545453,0.31249999999999994,1.6551724137931034,0.24,0.3,0.5,13,2,0,1131,580.0,1.86851,2.7272,0.997883,3.0,2.0,0.8,2.0,3
unseen_vessel,mss,SS5,135.0,6.0,damped_persistence|0,S175_h135.0_u06.0_s002,strict,point,True,0.5703448275862069,0.7263943785682916,15,266,13,0.04887218045112782,0.8666666666666667,0.09252669039145907,26.17241379310345,0.32,0.5,0.68,16,1,0,1131,580.0,1.86851,2.7272,0.997883,1.5,1.0,0.4,3.0,3
unseen_vessel,mss,SS5,135.0,6.0,dlinear_ols|0,S175_h135.0_u06.0_s000,permissive,point,True,0.9925862068965517,0.9962793112399412,3,25,3,0.12,1.0,0.21428571428571425,2.2758620689655173,1.8199999999999998,2.3,2.3,7,4,0,1131,580.0,1.76382,2.81975,0.828771,3.0,2.0,0.8,2.0,3
unseen_vessel,mss,SS5,135.0,6.0,dlinear_ols|0,S175_h135.0_u06.0_s000,strict,point,True,0.4967241379310345,0.6637484160810966,16,610,16,0.02622950819672131,1.0,0.05111821086261981,61.44827586206897,1.05,1.6,3.75,17,1,0,1131,580.0,1.76382,2.81975,0.828771,1.5,1.0,0.4,3.0,3
unseen_vessel,mss,SS5,135.0,6.0,dlinear_ols|0,S175_h135.0_u06.0_s001,permissive,point,True,0.956551724137931,0.9777934437786393,10,79,10,0.12658227848101267,1.0,0.22471910112359553,7.137931034482759,1.39,2.2,3.4199999999999986,12,2,0,1131,580.0,1.91555,3.13522,0.915849,3.0,2.0,0.8,2.0,3
unseen_vessel,mss,SS5,135.0,6.0,dlinear_ols|0,S175_h135.0_u06.0_s001,strict,point,True,0.49844827586206897,0.6652859279714647,19,600,19,0.03166666666666667,1.0,0.06138933764135703,60.10344827586207,0.6599999999999999,2.5,4.56,20,1,0,1131,580.0,1.91555,3.13522,0.915849,1.5,1.0,0.4,3.0,3
unseen_vessel,mss,SS5,135.0,6.0,dlinear_ols|0,S175_h135.0_u06.0_s002,permissive,point,True,0.9624137931034483,0.9808469513266561,11,80,11,0.1375,1.0,0.2417582417582418,7.137931034482759,0.9,1.8,3.3,13,2,0,1131,580.0,1.86851,2.7272,0.997883,3.0,2.0,0.8,2.0,3
unseen_vessel,mss,SS5,135.0,6.0,dlinear_ols|0,S175_h135.0_u06.0_s002,strict,point,True,0.5703448275862069,0.7263943785682916,15,513,15,0.029239766081871343,1.0,0.056818181818181816,51.51724137931034,0.7,3.0,7.7,16,1,0,1131,580.0,1.86851,2.7272,0.997883,1.5,1.0,0.4,3.0,3
unseen_vessel,mss,SS5,135.0,6.0,dlinear|0,S175_h135.0_u06.0_s000,permissive,point,True,0.9925862068965517,0.9962793112399412,3,11,3,0.2727272727272727,1.0,0.42857142857142855,0.8275862068965517,1.8199999999999998,2.3,2.3,7,4,0,1131,580.0,1.76382,2.81975,0.828771,3.0,2.0,0.8,2.0,3
unseen_vessel,mss,SS5,135.0,6.0,dlinear|0,S175_h135.0_u06.0_s000,strict,point,True,0.4967241379310345,0.6637484160810966,16,391,16,0.04092071611253197,1.0,0.07862407862407862,38.793103448275865,0.9,2.3,5.550000000000001,17,1,0,1131,580.0,1.76382,2.81975,0.828771,1.5,1.0,0.4,3.0,3
unseen_vessel,mss,SS5,135.0,6.0,dlinear|0,S175_h135.0_u06.0_s001,permissive,point,True,0.956551724137931,0.9777934437786393,10,64,10,0.15625,1.0,0.2702702702702703,5.586206896551724,1.44,1.85,2.23,12,2,0,1131,580.0,1.91555,3.13522,0.915849,3.0,2.0,0.8,2.0,3
unseen_vessel,mss,SS5,135.0,6.0,dlinear|0,S175_h135.0_u06.0_s001,strict,point,True,0.49844827586206897,0.6652859279714647,19,441,18,0.04081632653061224,0.9473684210526315,0.07826086956521738,43.758620689655174,0.77,2.0,4.400000000000002,20,1,0,1131,580.0,1.91555,3.13522,0.915849,1.5,1.0,0.4,3.0,3
unseen_vessel,mss,SS5,135.0,6.0,dlinear|0,S175_h135.0_u06.0_s002,permissive,point,True,0.9624137931034483,0.9808469513266561,11,50,11,0.22,1.0,0.36065573770491804,4.0344827586206895,0.9,2.0,2.4,13,2,0,1131,580.0,1.86851,2.7272,0.997883,3.0,2.0,0.8,2.0,3
unseen_vessel,mss,SS5,135.0,6.0,dlinear|0,S175_h135.0_u06.0_s002,strict,point,True,0.5703448275862069,0.7263943785682916,15,336,15,0.044642857142857144,1.0,0.08547008547008547,33.206896551724135,0.9800000000000001,2.6,6.66,16,1,0,1131,580.0,1.86851,2.7272,0.997883,1.5,1.0,0.4,3.0,3
unseen_vessel,mss,SS5,135.0,6.0,dlinear|1,S175_h135.0_u06.0_s000,permissive,point,True,0.9925862068965517,0.9962793112399412,3,11,3,0.2727272727272727,1.0,0.42857142857142855,0.8275862068965517,1.8199999999999998,2.3,2.3,7,4,0,1131,580.0,1.76382,2.81975,0.828771,3.0,2.0,0.8,2.0,3
unseen_vessel,mss,SS5,135.0,6.0,dlinear|1,S175_h135.0_u06.0_s000,strict,point,True,0.4967241379310345,0.6637484160810966,16,385,16,0.04155844155844156,1.0,0.0798004987531172,38.172413793103445,0.95,2.35,5.2,17,1,0,1131,580.0,1.76382,2.81975,0.828771,1.5,1.0,0.4,3.0,3
unseen_vessel,mss,SS5,135.0,6.0,dlinear|1,S175_h135.0_u06.0_s001,permissive,point,True,0.956551724137931,0.9777934437786393,10,59,10,0.1694915254237288,1.0,0.2898550724637681,5.068965517241379,1.77,2.05,2.32,12,2,0,1131,580.0,1.91555,3.13522,0.915849,3.0,2.0,0.8,2.0,3
unseen_vessel,mss,SS5,135.0,6.0,dlinear|1,S175_h135.0_u06.0_s001,strict,point,True,0.49844827586206897,0.6652859279714647,19,443,19,0.04288939051918736,1.0,0.08225108225108226,43.86206896551724,0.76,2.3,5.64,20,1,0,1131,580.0,1.91555,3.13522,0.915849,1.5,1.0,0.4,3.0,3
unseen_vessel,mss,SS5,135.0,6.0,dlinear|1,S175_h135.0_u06.0_s002,permissive,point,True,0.9624137931034483,0.9808469513266561,11,54,11,0.2037037037037037,1.0,0.3384615384615384,4.448275862068965,0.9,2.0,2.8,13,2,0,1131,580.0,1.86851,2.7272,0.997883,3.0,2.0,0.8,2.0,3
unseen_vessel,mss,SS5,135.0,6.0,dlinear|1,S175_h135.0_u06.0_s002,strict,point,True,0.5703448275862069,0.7263943785682916,15,358,15,0.04189944134078212,1.0,0.08042895442359249,35.48275862068966,0.9800000000000001,2.5,4.74,16,1,0,1131,580.0,1.86851,2.7272,0.997883,1.5,1.0,0.4,3.0,3
unseen_vessel,mss,SS5,135.0,6.0,dlinear|2,S175_h135.0_u06.0_s000,permissive,point,True,0.9925862068965517,0.9962793112399412,3,11,3,0.2727272727272727,1.0,0.42857142857142855,0.8275862068965517,1.8199999999999998,2.3,2.3,7,4,0,1131,580.0,1.76382,2.81975,0.828771,3.0,2.0,0.8,2.0,3
unseen_vessel,mss,SS5,135.0,6.0,dlinear|2,S175_h135.0_u06.0_s000,strict,point,True,0.4967241379310345,0.6637484160810966,16,384,16,0.041666666666666664,1.0,0.07999999999999999,38.06896551724138,0.7,2.5,5.85,17,1,0,1131,580.0,1.76382,2.81975,0.828771,1.5,1.0,0.4,3.0,3
unseen_vessel,mss,SS5,135.0,6.0,dlinear|2,S175_h135.0_u06.0_s001,permissive,point,True,0.956551724137931,0.9777934437786393,10,61,10,0.16393442622950818,1.0,0.28169014084507044,5.275862068965517,1.44,1.95,2.32,12,2,0,1131,580.0,1.91555,3.13522,0.915849,3.0,2.0,0.8,2.0,3
unseen_vessel,mss,SS5,135.0,6.0,dlinear|2,S175_h135.0_u06.0_s001,strict,point,True,0.49844827586206897,0.6652859279714647,19,428,19,0.04439252336448598,1.0,0.08501118568232661,42.310344827586206,1.12,2.0,6.26,20,1,0,1131,580.0,1.91555,3.13522,0.915849,1.5,1.0,0.4,3.0,3
unseen_vessel,mss,SS5,135.0,6.0,dlinear|2,S175_h135.0_u06.0_s002,permissive,point,True,0.9624137931034483,0.9808469513266561,11,50,11,0.22,1.0,0.36065573770491804,4.0344827586206895,0.9,2.0,2.8,13,2,0,1131,580.0,1.86851,2.7272,0.997883,3.0,2.0,0.8,2.0,3
unseen_vessel,mss,SS5,135.0,6.0,dlinear|2,S175_h135.0_u06.0_s002,strict,point,True,0.5703448275862069,0.7263943785682916,15,352,15,0.04261363636363636,1.0,0.08174386920980925,34.86206896551724,0.9800000000000001,2.5,6.62,16,1,0,1131,580.0,1.86851,2.7272,0.997883,1.5,1.0,0.4,3.0,3
unseen_vessel,mss,SS5,135.0,6.0,lstm|0,S175_h135.0_u06.0_s000,permissive,point,True,0.9925862068965517,0.9962793112399412,3,390,1,0.002564102564102564,0.3333333333333333,0.005089058524173028,40.241379310344826,0.8,0.8,0.8,7,4,0,1131,580.0,1.76382,2.81975,0.828771,3.0,2.0,0.8,2.0,3
unseen_vessel,mss,SS5,135.0,6.0,lstm|0,S175_h135.0_u06.0_s000,strict,point,True,0.4967241379310345,0.6637484160810966,16,286,9,0.03146853146853147,0.5625,0.05960264900662252,28.655172413793103,0.48,3.7,10.04,17,1,0,1131,580.0,1.76382,2.81975,0.828771,1.5,1.0,0.4,3.0,3
unseen_vessel,mss,SS5,135.0,6.0,lstm|0,S175_h135.0_u06.0_s001,permissive,point,True,0.956551724137931,0.9777934437786393,10,328,6,0.018292682926829267,0.6,0.03550295857988166,33.310344827586206,0.6,3.75,10.55,12,2,0,1131,580.0,1.91555,3.13522,0.915849,3.0,2.0,0.8,2.0,3
unseen_vessel,mss,SS5,135.0,6.0,lstm|0,S175_h135.0_u06.0_s001,strict,point,True,0.49844827586206897,0.6652859279714647,19,326,10,0.03067484662576687,0.5263157894736842,0.057971014492753624,32.689655172413794,0.48,1.65,8.499999999999998,20,1,0,1131,580.0,1.91555,3.13522,0.915849,1.5,1.0,0.4,3.0,3
unseen_vessel,mss,SS5,135.0,6.0,lstm|0,S175_h135.0_u06.0_s002,permissive,point,True,0.9624137931034483,0.9808469513266561,11,396,10,0.025252525252525252,0.9090909090909091,0.04914004914004914,39.93103448275862,0.38,2.85,11.44,13,2,0,1131,580.0,1.86851,2.7272,0.997883,3.0,2.0,0.8,2.0,3
unseen_vessel,mss,SS5,135.0,6.0,lstm|0,S175_h135.0_u06.0_s002,strict,point,True,0.5703448275862069,0.7263943785682916,15,221,3,0.013574660633484163,0.2,0.025423728813559324,22.551724137931036,4.2,5.4,5.800000000000001,16,1,0,1131,580.0,1.86851,2.7272,0.997883,1.5,1.0,0.4,3.0,3
unseen_vessel,mss,SS5,135.0,6.0,lstm|1,S175_h135.0_u06.0_s000,permissive,point,True,0.9925862068965517,0.9962793112399412,3,246,1,0.0040650406504065045,0.3333333333333333,0.008032128514056224,25.344827586206897,0.3,0.3,0.3,7,4,0,1131,580.0,1.76382,2.81975,0.828771,3.0,2.0,0.8,2.0,3
unseen_vessel,mss,SS5,135.0,6.0,lstm|1,S175_h135.0_u06.0_s000,strict,point,True,0.4967241379310345,0.6637484160810966,16,343,8,0.023323615160349854,0.5,0.04456824512534819,34.6551724137931,0.55,2.3,7.329999999999998,17,1,0,1131,580.0,1.76382,2.81975,0.828771,1.5,1.0,0.4,3.0,3
unseen_vessel,mss,SS5,135.0,6.0,lstm|1,S175_h135.0_u06.0_s001,permissive,point,True,0.956551724137931,0.9777934437786393,10,270,9,0.03333333333333333,0.9,0.06428571428571428,27.0,0.74,1.8,9.94,12,2,0,1131,580.0,1.91555,3.13522,0.915849,3.0,2.0,0.8,2.0,3
unseen_vessel,mss,SS5,135.0,6.0,lstm|1,S175_h135.0_u06.0_s001,strict,point,True,0.49844827586206897,0.6652859279714647,19,364,14,0.038461538461538464,0.7368421052631579,0.0731070496083551,36.206896551724135,0.39,1.25,8.180000000000005,20,1,0,1131,580.0,1.91555,3.13522,0.915849,1.5,1.0,0.4,3.0,3
unseen_vessel,mss,SS5,135.0,6.0,lstm|1,S175_h135.0_u06.0_s002,permissive,point,True,0.9624137931034483,0.9808469513266561,11,286,10,0.03496503496503497,0.9090909090909091,0.06734006734006734,28.551724137931036,0.3,1.25,5.3699999999999966,13,2,0,1131,580.0,1.86851,2.7272,0.997883,3.0,2.0,0.8,2.0,3
unseen_vessel,mss,SS5,135.0,6.0,lstm|1,S175_h135.0_u06.0_s002,strict,point,True,0.5703448275862069,0.7263943785682916,15,324,8,0.024691358024691357,0.5333333333333333,0.0471976401179941,32.689655172413794,0.2,1.65,9.52,16,1,0,1131,580.0,1.86851,2.7272,0.997883,1.5,1.0,0.4,3.0,3
unseen_vessel,mss,SS5,135.0,6.0,lstm|2,S175_h135.0_u06.0_s000,permissive,point,True,0.9925862068965517,0.9962793112399412,3,255,3,0.011764705882352941,1.0,0.023255813953488372,26.06896551724138,0.9,1.3,8.42,7,4,0,1131,580.0,1.76382,2.81975,0.828771,3.0,2.0,0.8,2.0,3
unseen_vessel,mss,SS5,135.0,6.0,lstm|2,S175_h135.0_u06.0_s000,strict,point,True,0.4967241379310345,0.6637484160810966,16,363,13,0.03581267217630854,0.8125,0.06860158311345647,36.206896551724135,1.76,4.2,11.580000000000002,17,1,0,1131,580.0,1.76382,2.81975,0.828771,1.5,1.0,0.4,3.0,3
unseen_vessel,mss,SS5,135.0,6.0,lstm|2,S175_h135.0_u06.0_s001,permissive,point,True,0.956551724137931,0.9777934437786393,10,258,9,0.03488372093023256,0.9,0.06716417910447763,25.75862068965517,0.4,1.0,5.000000000000001,12,2,0,1131,580.0,1.91555,3.13522,0.915849,3.0,2.0,0.8,2.0,3
unseen_vessel,mss,SS5,135.0,6.0,lstm|2,S175_h135.0_u06.0_s001,strict,point,True,0.49844827586206897,0.6652859279714647,19,399,14,0.03508771929824561,0.7368421052631579,0.06698564593301434,39.827586206896555,0.3,1.5,7.340000000000003,20,1,0,1131,580.0,1.91555,3.13522,0.915849,1.5,1.0,0.4,3.0,3
unseen_vessel,mss,SS5,135.0,6.0,lstm|2,S175_h135.0_u06.0_s002,permissive,point,True,0.9624137931034483,0.9808469513266561,11,296,10,0.033783783783783786,0.9090909090909091,0.06514657980456026,29.586206896551722,0.76,1.5,7.889999999999998,13,2,0,1131,580.0,1.86851,2.7272,0.997883,3.0,2.0,0.8,2.0,3
unseen_vessel,mss,SS5,135.0,6.0,lstm|2,S175_h135.0_u06.0_s002,strict,point,True,0.5703448275862069,0.7263943785682916,15,351,12,0.03418803418803419,0.8,0.06557377049180328,35.06896551724138,-0.06999999999999998,1.75,9.410000000000002,16,1,0,1131,580.0,1.86851,2.7272,0.997883,1.5,1.0,0.4,3.0,3
unseen_vessel,mss,SS5,135.0,6.0,persistence|0,S175_h135.0_u06.0_s000,permissive,point,True,0.9925862068965517,0.9962793112399412,3,0,0,0.0,0.0,0.0,0.0,,,,7,4,0,1131,580.0,1.76382,2.81975,0.828771,3.0,2.0,0.8,2.0,3
unseen_vessel,mss,SS5,135.0,6.0,persistence|0,S175_h135.0_u06.0_s000,strict,point,True,0.4967241379310345,0.6637484160810966,16,0,0,0.0,0.0,0.0,0.0,,,,17,1,0,1131,580.0,1.76382,2.81975,0.828771,1.5,1.0,0.4,3.0,3
unseen_vessel,mss,SS5,135.0,6.0,persistence|0,S175_h135.0_u06.0_s001,permissive,point,True,0.956551724137931,0.9777934437786393,10,0,0,0.0,0.0,0.0,0.0,,,,12,2,0,1131,580.0,1.91555,3.13522,0.915849,3.0,2.0,0.8,2.0,3
unseen_vessel,mss,SS5,135.0,6.0,persistence|0,S175_h135.0_u06.0_s001,strict,point,True,0.49844827586206897,0.6652859279714647,19,0,0,0.0,0.0,0.0,0.0,,,,20,1,0,1131,580.0,1.91555,3.13522,0.915849,1.5,1.0,0.4,3.0,3
unseen_vessel,mss,SS5,135.0,6.0,persistence|0,S175_h135.0_u06.0_s002,permissive,point,True,0.9624137931034483,0.9808469513266561,11,0,0,0.0,0.0,0.0,0.0,,,,13,2,0,1131,580.0,1.86851,2.7272,0.997883,3.0,2.0,0.8,2.0,3
unseen_vessel,mss,SS5,135.0,6.0,persistence|0,S175_h135.0_u06.0_s002,strict,point,True,0.5703448275862069,0.7263943785682916,15,0,0,0.0,0.0,0.0,0.0,,,,16,1,0,1131,580.0,1.86851,2.7272,0.997883,1.5,1.0,0.4,3.0,3
unseen_vessel,mss,SS5,135.0,6.0,rate_matched,S175_h135.0_u06.0_s000,permissive,point,True,0.9925862068965517,0.9962793112399412,3,3,0,0.0,0.0,0.0,0.3103448275862069,,,,7,4,0,1131,580.0,1.76382,2.81975,0.828771,3.0,2.0,0.8,2.0,3
unseen_vessel,mss,SS5,135.0,6.0,rate_matched,S175_h135.0_u06.0_s000,strict,point,True,0.4967241379310345,0.6637484160810966,16,16,1,0.0625,0.0625,0.0625,1.5517241379310345,-0.2,-0.2,-0.2,17,1,0,1131,580.0,1.76382,2.81975,0.828771,1.5,1.0,0.4,3.0,3
unseen_vessel,mss,SS5,135.0,6.0,rate_matched,S175_h135.0_u06.0_s001,permissive,point,True,0.956551724137931,0.9777934437786393,10,10,0,0.0,0.0,0.0,1.0344827586206897,,,,12,2,0,1131,580.0,1.91555,3.13522,0.915849,3.0,2.0,0.8,2.0,3
unseen_vessel,mss,SS5,135.0,6.0,rate_matched,S175_h135.0_u06.0_s001,strict,point,True,0.49844827586206897,0.6652859279714647,19,19,1,0.05263157894736842,0.05263157894736842,0.05263157894736842,1.8620689655172413,-0.4,-0.4,-0.4,20,1,0,1131,580.0,1.91555,3.13522,0.915849,1.5,1.0,0.4,3.0,3
unseen_vessel,mss,SS5,135.0,6.0,rate_matched,S175_h135.0_u06.0_s002,permissive,point,True,0.9624137931034483,0.9808469513266561,11,11,0,0.0,0.0,0.0,1.1379310344827587,,,,13,2,0,1131,580.0,1.86851,2.7272,0.997883,3.0,2.0,0.8,2.0,3
unseen_vessel,mss,SS5,135.0,6.0,rate_matched,S175_h135.0_u06.0_s002,strict,point,True,0.5703448275862069,0.7263943785682916,15,15,1,0.06666666666666667,0.06666666666666667,0.06666666666666667,1.4482758620689655,0.1,0.1,0.1,16,1,0,1131,580.0,1.86851,2.7272,0.997883,1.5,1.0,0.4,3.0,3
unseen_vessel,mss,SS5,135.0,6.0,tcn|0,S175_h135.0_u06.0_s000,permissive,point,True,0.9925862068965517,0.9962793112399412,3,57,3,0.05263157894736842,1.0,0.1,5.586206896551724,0.52,1.8,2.6,7,4,0,1131,580.0,1.76382,2.81975,0.828771,3.0,2.0,0.8,2.0,3
unseen_vessel,mss,SS5,135.0,6.0,tcn|0,S175_h135.0_u06.0_s000,strict,point,True,0.4967241379310345,0.6637484160810966,16,448,14,0.03125,0.875,0.0603448275862069,44.89655172413793,0.56,2.7,7.23,17,1,0,1131,580.0,1.76382,2.81975,0.828771,1.5,1.0,0.4,3.0,3
unseen_vessel,mss,SS5,135.0,6.0,tcn|0,S175_h135.0_u06.0_s001,permissive,point,True,0.956551724137931,0.9777934437786393,10,93,10,0.10752688172043011,1.0,0.19417475728155342,8.586206896551724,0.29,1.5,2.9699999999999993,12,2,0,1131,580.0,1.91555,3.13522,0.915849,3.0,2.0,0.8,2.0,3
unseen_vessel,mss,SS5,135.0,6.0,tcn|0,S175_h135.0_u06.0_s001,strict,point,True,0.49844827586206897,0.6652859279714647,19,465,17,0.03655913978494624,0.8947368421052632,0.07024793388429752,46.3448275862069,0.3,2.0,6.08,20,1,0,1131,580.0,1.91555,3.13522,0.915849,1.5,1.0,0.4,3.0,3
unseen_vessel,mss,SS5,135.0,6.0,tcn|0,S175_h135.0_u06.0_s002,permissive,point,True,0.9624137931034483,0.9808469513266561,11,119,10,0.08403361344537816,0.9090909090909091,0.15384615384615385,11.275862068965518,0.29,1.05,3.729999999999999,13,2,0,1131,580.0,1.86851,2.7272,0.997883,3.0,2.0,0.8,2.0,3
unseen_vessel,mss,SS5,135.0,6.0,tcn|0,S175_h135.0_u06.0_s002,strict,point,True,0.5703448275862069,0.7263943785682916,15,395,14,0.035443037974683546,0.9333333333333333,0.06829268292682927,39.41379310344828,0.4,1.9500000000000002,7.110000000000002,16,1,0,1131,580.0,1.86851,2.7272,0.997883,1.5,1.0,0.4,3.0,3
unseen_vessel,mss,SS5,135.0,6.0,tcn|1,S175_h135.0_u06.0_s000,permissive,point,True,0.9925862068965517,0.9962793112399412,3,67,3,0.04477611940298507,1.0,0.08571428571428572,6.620689655172414,0.38,0.7,1.58,7,4,0,1131,580.0,1.76382,2.81975,0.828771,3.0,2.0,0.8,2.0,3
unseen_vessel,mss,SS5,135.0,6.0,tcn|1,S175_h135.0_u06.0_s000,strict,point,True,0.4967241379310345,0.6637484160810966,16,485,15,0.030927835051546393,0.9375,0.059880239520958084,48.62068965517241,0.44000000000000006,2.2,5.319999999999999,17,1,0,1131,580.0,1.76382,2.81975,0.828771,1.5,1.0,0.4,3.0,3
unseen_vessel,mss,SS5,135.0,6.0,tcn|1,S175_h135.0_u06.0_s001,permissive,point,True,0.956551724137931,0.9777934437786393,10,103,10,0.0970873786407767,1.0,0.17699115044247787,9.620689655172415,0.8400000000000001,1.6,3.9199999999999995,12,2,0,1131,580.0,1.91555,3.13522,0.915849,3.0,2.0,0.8,2.0,3
unseen_vessel,mss,SS5,135.0,6.0,tcn|1,S175_h135.0_u06.0_s001,strict,point,True,0.49844827586206897,0.6652859279714647,19,500,17,0.034,0.8947368421052632,0.06551059730250482,49.96551724137931,0.48,1.8,7.340000000000001,20,1,0,1131,580.0,1.91555,3.13522,0.915849,1.5,1.0,0.4,3.0,3
unseen_vessel,mss,SS5,135.0,6.0,tcn|1,S175_h135.0_u06.0_s002,permissive,point,True,0.9624137931034483,0.9808469513266561,11,147,11,0.07482993197278912,1.0,0.13924050632911392,14.068965517241379,0.3,1.5,5.9,13,2,0,1131,580.0,1.86851,2.7272,0.997883,3.0,2.0,0.8,2.0,3
unseen_vessel,mss,SS5,135.0,6.0,tcn|1,S175_h135.0_u06.0_s002,strict,point,True,0.5703448275862069,0.7263943785682916,15,384,13,0.033854166666666664,0.8666666666666667,0.06516290726817042,38.37931034482759,0.44000000000000006,4.2,9.660000000000002,16,1,0,1131,580.0,1.86851,2.7272,0.997883,1.5,1.0,0.4,3.0,3
unseen_vessel,mss,SS5,135.0,6.0,tcn|2,S175_h135.0_u06.0_s000,permissive,point,True,0.9925862068965517,0.9962793112399412,3,55,3,0.05454545454545454,1.0,0.10344827586206896,5.379310344827586,0.48,1.2,1.28,7,4,0,1131,580.0,1.76382,2.81975,0.828771,3.0,2.0,0.8,2.0,3
unseen_vessel,mss,SS5,135.0,6.0,tcn|2,S175_h135.0_u06.0_s000,strict,point,True,0.4967241379310345,0.6637484160810966,16,452,15,0.033185840707964605,0.9375,0.06410256410256411,45.206896551724135,0.5800000000000001,1.7,7.26,17,1,0,1131,580.0,1.76382,2.81975,0.828771,1.5,1.0,0.4,3.0,3
unseen_vessel,mss,SS5,135.0,6.0,tcn|2,S175_h135.0_u06.0_s001,permissive,point,True,0.956551724137931,0.9777934437786393,10,105,10,0.09523809523809523,1.0,0.17391304347826084,9.827586206896552,0.39,0.9,4.209999999999996,12,2,0,1131,580.0,1.91555,3.13522,0.915849,3.0,2.0,0.8,2.0,3
unseen_vessel,mss,SS5,135.0,6.0,tcn|2,S175_h135.0_u06.0_s001,strict,point,True,0.49844827586206897,0.6652859279714647,19,447,17,0.03803131991051454,0.8947368421052632,0.07296137339055793,44.48275862068966,0.54,1.5,7.32,20,1,0,1131,580.0,1.91555,3.13522,0.915849,1.5,1.0,0.4,3.0,3
unseen_vessel,mss,SS5,135.0,6.0,tcn|2,S175_h135.0_u06.0_s002,permissive,point,True,0.9624137931034483,0.9808469513266561,11,140,10,0.07142857142857142,0.9090909090909091,0.1324503311258278,13.448275862068966,0.39,0.9,2.9399999999999995,13,2,0,1131,580.0,1.86851,2.7272,0.997883,3.0,2.0,0.8,2.0,3
unseen_vessel,mss,SS5,135.0,6.0,tcn|2,S175_h135.0_u06.0_s002,strict,point,True,0.5703448275862069,0.7263943785682916,15,341,14,0.04105571847507331,0.9333333333333333,0.07865168539325842,33.827586206896555,0.43000000000000005,1.15,5.970000000000001,16,1,0,1131,580.0,1.86851,2.7272,0.997883,1.5,1.0,0.4,3.0,3
unseen_vessel,mss,SS5,135.0,6.0,transformer|0,S175_h135.0_u06.0_s000,permissive,point,True,0.9925862068965517,0.9962793112399412,3,133,1,0.007518796992481203,0.3333333333333333,0.014705882352941176,13.655172413793103,10.7,10.7,10.7,7,4,0,1131,580.0,1.76382,2.81975,0.828771,3.0,2.0,0.8,2.0,3
unseen_vessel,mss,SS5,135.0,6.0,transformer|0,S175_h135.0_u06.0_s000,strict,point,True,0.4967241379310345,0.6637484160810966,16,250,5,0.02,0.3125,0.03759398496240601,25.344827586206897,2.9000000000000004,7.1,8.58,17,1,0,1131,580.0,1.76382,2.81975,0.828771,1.5,1.0,0.4,3.0,3
unseen_vessel,mss,SS5,135.0,6.0,transformer|0,S175_h135.0_u06.0_s001,permissive,point,True,0.956551724137931,0.9777934437786393,10,126,0,0.0,0.0,0.0,13.03448275862069,,,,12,2,0,1131,580.0,1.91555,3.13522,0.915849,3.0,2.0,0.8,2.0,3
unseen_vessel,mss,SS5,135.0,6.0,transformer|0,S175_h135.0_u06.0_s001,strict,point,True,0.49844827586206897,0.6652859279714647,19,281,6,0.021352313167259787,0.3157894736842105,0.04,28.448275862068964,4.55,6.75,11.8,20,1,0,1131,580.0,1.91555,3.13522,0.915849,1.5,1.0,0.4,3.0,3
unseen_vessel,mss,SS5,135.0,6.0,transformer|0,S175_h135.0_u06.0_s002,permissive,point,True,0.9624137931034483,0.9808469513266561,11,153,3,0.0196078431372549,0.2727272727272727,0.03658536585365854,15.517241379310345,7.9,8.3,10.219999999999999,13,2,0,1131,580.0,1.86851,2.7272,0.997883,3.0,2.0,0.8,2.0,3
unseen_vessel,mss,SS5,135.0,6.0,transformer|0,S175_h135.0_u06.0_s002,strict,point,True,0.5703448275862069,0.7263943785682916,15,252,4,0.015873015873015872,0.26666666666666666,0.029962546816479398,25.655172413793103,8.73,9.0,11.23,16,1,0,1131,580.0,1.86851,2.7272,0.997883,1.5,1.0,0.4,3.0,3
unseen_vessel,mss,SS5,135.0,6.0,transformer|1,S175_h135.0_u06.0_s000,permissive,point,True,0.9925862068965517,0.9962793112399412,3,97,0,0.0,0.0,0.0,10.03448275862069,,,,7,4,0,1131,580.0,1.76382,2.81975,0.828771,3.0,2.0,0.8,2.0,3
unseen_vessel,mss,SS5,135.0,6.0,transformer|1,S175_h135.0_u06.0_s000,strict,point,True,0.4967241379310345,0.6637484160810966,16,263,4,0.015209125475285171,0.25,0.028673835125448025,26.79310344827586,4.84,8.4,10.14,17,1,0,1131,580.0,1.76382,2.81975,0.828771,1.5,1.0,0.4,3.0,3
unseen_vessel,mss,SS5,135.0,6.0,transformer|1,S175_h135.0_u06.0_s001,permissive,point,True,0.956551724137931,0.9777934437786393,10,77,0,0.0,0.0,0.0,7.9655172413793105,,,,12,2,0,1131,580.0,1.91555,3.13522,0.915849,3.0,2.0,0.8,2.0,3
unseen_vessel,mss,SS5,135.0,6.0,transformer|1,S175_h135.0_u06.0_s001,strict,point,True,0.49844827586206897,0.6652859279714647,19,319,7,0.0219435736677116,0.3684210526315789,0.04142011834319526,32.275862068965516,5.82,11.0,11.74,20,1,0,1131,580.0,1.91555,3.13522,0.915849,1.5,1.0,0.4,3.0,3
unseen_vessel,mss,SS5,135.0,6.0,transformer|1,S175_h135.0_u06.0_s002,permissive,point,True,0.9624137931034483,0.9808469513266561,11,67,2,0.029850746268656716,0.18181818181818182,0.05128205128205129,6.724137931034483,6.74,8.5,10.26,13,2,0,1131,580.0,1.86851,2.7272,0.997883,3.0,2.0,0.8,2.0,3
unseen_vessel,mss,SS5,135.0,6.0,transformer|1,S175_h135.0_u06.0_s002,strict,point,True,0.5703448275862069,0.7263943785682916,15,330,5,0.015151515151515152,0.3333333333333333,0.028985507246376812,33.62068965517241,5.02,8.7,10.36,16,1,0,1131,580.0,1.86851,2.7272,0.997883,1.5,1.0,0.4,3.0,3
unseen_vessel,mss,SS5,135.0,6.0,transformer|2,S175_h135.0_u06.0_s000,permissive,point,True,0.9925862068965517,0.9962793112399412,3,125,1,0.008,0.3333333333333333,0.015625,12.827586206896552,11.2,11.2,11.2,7,4,0,1131,580.0,1.76382,2.81975,0.828771,3.0,2.0,0.8,2.0,3
unseen_vessel,mss,SS5,135.0,6.0,transformer|2,S175_h135.0_u06.0_s000,strict,point,True,0.4967241379310345,0.6637484160810966,16,230,7,0.030434782608695653,0.4375,0.05691056910569106,23.06896551724138,2.0200000000000005,7.1,9.34,17,1,0,1131,580.0,1.76382,2.81975,0.828771,1.5,1.0,0.4,3.0,3
unseen_vessel,mss,SS5,135.0,6.0,transformer|2,S175_h135.0_u06.0_s001,permissive,point,True,0.956551724137931,0.9777934437786393,10,90,0,0.0,0.0,0.0,9.310344827586206,,,,12,2,0,1131,580.0,1.91555,3.13522,0.915849,3.0,2.0,0.8,2.0,3
unseen_vessel,mss,SS5,135.0,6.0,transformer|2,S175_h135.0_u06.0_s001,strict,point,True,0.49844827586206897,0.6652859279714647,19,228,5,0.021929824561403508,0.2631578947368421,0.04048582995951417,23.06896551724138,0.18,4.3,9.7,20,1,0,1131,580.0,1.91555,3.13522,0.915849,1.5,1.0,0.4,3.0,3
unseen_vessel,mss,SS5,135.0,6.0,transformer|2,S175_h135.0_u06.0_s002,permissive,point,True,0.9624137931034483,0.9808469513266561,11,109,1,0.009174311926605505,0.09090909090909091,0.016666666666666666,11.172413793103448,6.3,6.3,6.3,13,2,0,1131,580.0,1.86851,2.7272,0.997883,3.0,2.0,0.8,2.0,3
unseen_vessel,mss,SS5,135.0,6.0,transformer|2,S175_h135.0_u06.0_s002,strict,point,True,0.5703448275862069,0.7263943785682916,15,234,2,0.008547008547008548,0.13333333333333333,0.016064257028112452,24.0,9.27,10.35,11.43,16,1,0,1131,580.0,1.86851,2.7272,0.997883,1.5,1.0,0.4,3.0,3
unseen_vessel,mss,SS5,135.0,6.0,window_mean|0,S175_h135.0_u06.0_s000,permissive,point,True,0.9925862068965517,0.9962793112399412,3,0,0,0.0,0.0,0.0,0.0,,,,7,4,0,1131,580.0,1.76382,2.81975,0.828771,3.0,2.0,0.8,2.0,3
unseen_vessel,mss,SS5,135.0,6.0,window_mean|0,S175_h135.0_u06.0_s000,strict,point,True,0.4967241379310345,0.6637484160810966,16,0,0,0.0,0.0,0.0,0.0,,,,17,1,0,1131,580.0,1.76382,2.81975,0.828771,1.5,1.0,0.4,3.0,3
unseen_vessel,mss,SS5,135.0,6.0,window_mean|0,S175_h135.0_u06.0_s001,permissive,point,True,0.956551724137931,0.9777934437786393,10,0,0,0.0,0.0,0.0,0.0,,,,12,2,0,1131,580.0,1.91555,3.13522,0.915849,3.0,2.0,0.8,2.0,3
unseen_vessel,mss,SS5,135.0,6.0,window_mean|0,S175_h135.0_u06.0_s001,strict,point,True,0.49844827586206897,0.6652859279714647,19,0,0,0.0,0.0,0.0,0.0,,,,20,1,0,1131,580.0,1.91555,3.13522,0.915849,1.5,1.0,0.4,3.0,3
unseen_vessel,mss,SS5,135.0,6.0,window_mean|0,S175_h135.0_u06.0_s002,permissive,point,True,0.9624137931034483,0.9808469513266561,11,0,0,0.0,0.0,0.0,0.0,,,,13,2,0,1131,580.0,1.86851,2.7272,0.997883,3.0,2.0,0.8,2.0,3
unseen_vessel,mss,SS5,135.0,6.0,window_mean|0,S175_h135.0_u06.0_s002,strict,point,True,0.5703448275862069,0.7263943785682916,15,0,0,0.0,0.0,0.0,0.0,,,,16,1,0,1131,580.0,1.86851,2.7272,0.997883,1.5,1.0,0.4,3.0,3
unseen_vessel,mss,SS5,135.0,12.0,always_quiescent,S175_h135.0_u12.0_s000,permissive,point,True,0.9782758620689656,0.9890186508628203,11,1131,11,0.009725906277630416,1.0,0.01926444833625219,115.86206896551724,-0.1,0.1,0.3,14,3,0,1131,580.0,1.84853,2.48865,0.865839,3.0,2.0,0.8,2.0,3
unseen_vessel,mss,SS5,135.0,12.0,always_quiescent,S175_h135.0_u12.0_s000,strict,point,True,0.5872413793103448,0.7399522050836411,21,1131,21,0.01856763925729443,1.0,0.036458333333333336,114.82758620689656,-0.1,0.0,0.3,22,1,0,1131,580.0,1.84853,2.48865,0.865839,1.5,1.0,0.4,3.0,3
unseen_vessel,mss,SS5,135.0,12.0,always_quiescent,S175_h135.0_u12.0_s001,permissive,point,True,0.9591379310344827,0.9791428319985919,12,1131,10,0.008841732979664015,0.8333333333333334,0.017497812773403325,115.96551724137932,-0.009999999999999998,0.05,0.11999999999999994,14,2,0,1131,580.0,2.00297,2.78172,1.06546,3.0,2.0,0.8,2.0,3
unseen_vessel,mss,SS5,135.0,12.0,always_quiescent,S175_h135.0_u12.0_s001,strict,point,True,0.4936206896551724,0.6609719496710147,12,1131,12,0.010610079575596816,1.0,0.02099737532808399,115.75862068965517,0.0,0.1,0.29000000000000004,13,1,0,1131,580.0,2.00297,2.78172,1.06546,1.5,1.0,0.4,3.0,3
unseen_vessel,mss,SS5,135.0,12.0,always_quiescent,S175_h135.0_u12.0_s002,permissive,point,True,0.9668965517241379,0.9831697054698457,7,1131,7,0.00618921308576481,1.0,0.012302284710017574,116.27586206896552,-0.1,0.0,0.24000000000000005,9,2,0,1131,580.0,1.96403,2.97181,0.961082,3.0,2.0,0.8,2.0,3
unseen_vessel,mss,SS5,135.0,12.0,always_quiescent,S175_h135.0_u12.0_s002,strict,point,True,0.4891379310344828,0.6569410675002895,20,1131,20,0.01768346595932803,1.0,0.034752389226759335,114.93103448275862,-0.1,0.1,0.3,22,2,0,1131,580.0,1.96403,2.97181,0.961082,1.5,1.0,0.4,3.0,3
unseen_vessel,mss,SS5,135.0,12.0,ar10|0,S175_h135.0_u12.0_s000,permissive,point,True,0.9782758620689656,0.9890186508628203,11,563,10,0.017761989342806393,0.9090909090909091,0.03484320557491289,57.206896551724135,0.6,1.4500000000000002,5.579999999999997,14,3,0,1131,580.0,1.84853,2.48865,0.865839,3.0,2.0,0.8,2.0,3
unseen_vessel,mss,SS5,135.0,12.0,ar10|0,S175_h135.0_u12.0_s000,strict,point,True,0.5872413793103448,0.7399522050836411,21,335,13,0.03880597014925373,0.6190476190476191,0.07303370786516854,33.310344827586206,0.4,1.8,5.800000000000002,22,1,0,1131,580.0,1.84853,2.48865,0.865839,1.5,1.0,0.4,3.0,3
unseen_vessel,mss,SS5,135.0,12.0,ar10|0,S175_h135.0_u12.0_s001,permissive,point,True,0.9591379310344827,0.9791428319985919,12,477,10,0.020964360587002098,0.8333333333333334,0.0408997955010225,48.310344827586206,0.86,2.55,8.19,14,2,0,1131,580.0,2.00297,2.78172,1.06546,3.0,2.0,0.8,2.0,3
unseen_vessel,mss,SS5,135.0,12.0,ar10|0,S175_h135.0_u12.0_s001,strict,point,True,0.4936206896551724,0.6609719496710147,12,379,12,0.0316622691292876,1.0,0.061381074168797956,37.96551724137931,0.2,0.65,8.680000000000003,13,1,0,1131,580.0,2.00297,2.78172,1.06546,1.5,1.0,0.4,3.0,3
unseen_vessel,mss,SS5,135.0,12.0,ar10|0,S175_h135.0_u12.0_s002,permissive,point,True,0.9668965517241379,0.9831697054698457,7,552,7,0.012681159420289856,1.0,0.025044722719141328,56.37931034482759,0.54,1.0,1.8400000000000003,9,2,0,1131,580.0,1.96403,2.97181,0.961082,3.0,2.0,0.8,2.0,3
unseen_vessel,mss,SS5,135.0,12.0,ar10|0,S175_h135.0_u12.0_s002,strict,point,True,0.4891379310344828,0.6569410675002895,20,358,18,0.05027932960893855,0.9,0.09523809523809523,35.172413793103445,0.3,1.8,9.82,22,2,0,1131,580.0,1.96403,2.97181,0.961082,1.5,1.0,0.4,3.0,3
unseen_vessel,mss,SS5,135.0,12.0,ar20|0,S175_h135.0_u12.0_s000,permissive,point,True,0.9782758620689656,0.9890186508628203,11,507,11,0.021696252465483234,1.0,0.042471042471042476,51.310344827586206,0.6,1.2,6.8,14,3,0,1131,580.0,1.84853,2.48865,0.865839,3.0,2.0,0.8,2.0,3
unseen_vessel,mss,SS5,135.0,12.0,ar20|0,S175_h135.0_u12.0_s000,strict,point,True,0.5872413793103448,0.7399522050836411,21,141,11,0.07801418439716312,0.5238095238095238,0.13580246913580246,13.448275862068966,0.3,1.0,4.4,22,1,0,1131,580.0,1.84853,2.48865,0.865839,1.5,1.0,0.4,3.0,3
unseen_vessel,mss,SS5,135.0,12.0,ar20|0,S175_h135.0_u12.0_s001,permissive,point,True,0.9591379310344827,0.9791428319985919,12,482,9,0.01867219917012448,0.75,0.03643724696356275,48.93103448275862,0.48,0.8,1.7000000000000002,14,2,0,1131,580.0,2.00297,2.78172,1.06546,3.0,2.0,0.8,2.0,3
unseen_vessel,mss,SS5,135.0,12.0,ar20|0,S175_h135.0_u12.0_s001,strict,point,True,0.4936206896551724,0.6609719496710147,12,174,10,0.05747126436781609,0.8333333333333334,0.1075268817204301,16.96551724137931,0.38,1.0,7.55,13,1,0,1131,580.0,2.00297,2.78172,1.06546,1.5,1.0,0.4,3.0,3
unseen_vessel,mss,SS5,135.0,12.0,ar20|0,S175_h135.0_u12.0_s002,permissive,point,True,0.9668965517241379,0.9831697054698457,7,494,7,0.01417004048582996,1.0,0.027944111776447105,50.37931034482759,0.26,1.0,2.1,9,2,0,1131,580.0,1.96403,2.97181,0.961082,3.0,2.0,0.8,2.0,3
unseen_vessel,mss,SS5,135.0,12.0,ar20|0,S175_h135.0_u12.0_s002,strict,point,True,0.4891379310344828,0.6569410675002895,20,201,15,0.07462686567164178,0.75,0.13574660633484162,19.24137931034483,0.34,1.5,7.52,22,2,0,1131,580.0,1.96403,2.97181,0.961082,1.5,1.0,0.4,3.0,3
unseen_vessel,mss,SS5,135.0,12.0,ar40|0,S175_h135.0_u12.0_s000,permissive,point,True,0.9782758620689656,0.9890186508628203,11,466,11,0.023605150214592276,1.0,0.04612159329140462,47.06896551724138,0.7,1.1,8.4,14,3,0,1131,580.0,1.84853,2.48865,0.865839,3.0,2.0,0.8,2.0,3
unseen_vessel,mss,SS5,135.0,12.0,ar40|0,S175_h135.0_u12.0_s000,strict,point,True,0.5872413793103448,0.7399522050836411,21,99,11,0.1111111111111111,0.5238095238095238,0.18333333333333332,9.10344827586207,0.3,1.4,9.2,22,1,0,1131,580.0,1.84853,2.48865,0.865839,1.5,1.0,0.4,3.0,3
unseen_vessel,mss,SS5,135.0,12.0,ar40|0,S175_h135.0_u12.0_s001,permissive,point,True,0.9591379310344827,0.9791428319985919,12,542,11,0.02029520295202952,0.9166666666666666,0.039711191335740074,54.93103448275862,0.6,1.6,10.1,14,2,0,1131,580.0,2.00297,2.78172,1.06546,3.0,2.0,0.8,2.0,3
unseen_vessel,mss,SS5,135.0,12.0,ar40|0,S175_h135.0_u12.0_s001,strict,point,True,0.4936206896551724,0.6609719496710147,12,93,8,0.08602150537634409,0.6666666666666666,0.1523809523809524,8.793103448275861,0.64,1.35,7.2299999999999995,13,1,0,1131,580.0,2.00297,2.78172,1.06546,1.5,1.0,0.4,3.0,3
unseen_vessel,mss,SS5,135.0,12.0,ar40|0,S175_h135.0_u12.0_s002,permissive,point,True,0.9668965517241379,0.9831697054698457,7,514,7,0.013618677042801557,1.0,0.02687140115163148,52.44827586206897,0.2,0.4,1.3600000000000003,9,2,0,1131,580.0,1.96403,2.97181,0.961082,3.0,2.0,0.8,2.0,3
unseen_vessel,mss,SS5,135.0,12.0,ar40|0,S175_h135.0_u12.0_s002,strict,point,True,0.4891379310344828,0.6569410675002895,20,110,12,0.10909090909090909,0.6,0.1846153846153846,10.137931034482758,0.42000000000000004,1.2999999999999998,2.5500000000000003,22,2,0,1131,580.0,1.96403,2.97181,0.961082,1.5,1.0,0.4,3.0,3
unseen_vessel,mss,SS5,135.0,12.0,damped_persistence|0,S175_h135.0_u12.0_s000,permissive,point,True,0.9782758620689656,0.9890186508628203,11,13,5,0.38461538461538464,0.45454545454545453,0.41666666666666663,0.8275862068965517,0.3,0.4,0.52,14,3,0,1131,580.0,1.84853,2.48865,0.865839,3.0,2.0,0.8,2.0,3
unseen_vessel,mss,SS5,135.0,12.0,damped_persistence|0,S175_h135.0_u12.0_s000,strict,point,True,0.5872413793103448,0.7399522050836411,21,258,16,0.06201550387596899,0.7619047619047619,0.11469534050179211,25.03448275862069,0.2,0.4,0.6499999999999999,22,1,0,1131,580.0,1.84853,2.48865,0.865839,1.5,1.0,0.4,3.0,3
unseen_vessel,mss,SS5,135.0,12.0,damped_persistence|0,S175_h135.0_u12.0_s001,permissive,point,True,0.9591379310344827,0.9791428319985919,12,24,8,0.3333333333333333,0.6666666666666666,0.4444444444444444,1.6551724137931034,0.44,0.55,0.6,14,2,0,1131,580.0,2.00297,2.78172,1.06546,3.0,2.0,0.8,2.0,3
unseen_vessel,mss,SS5,135.0,12.0,damped_persistence|0,S175_h135.0_u12.0_s001,strict,point,True,0.4936206896551724,0.6609719496710147,12,315,9,0.02857142857142857,0.75,0.05504587155963303,31.655172413793103,0.2,0.5,0.7,13,1,0,1131,580.0,2.00297,2.78172,1.06546,1.5,1.0,0.4,3.0,3
unseen_vessel,mss,SS5,135.0,12.0,damped_persistence|0,S175_h135.0_u12.0_s002,permissive,point,True,0.9668965517241379,0.9831697054698457,7,15,3,0.2,0.42857142857142855,0.27272727272727276,1.2413793103448276,0.32,0.4,0.48,9,2,0,1131,580.0,1.96403,2.97181,0.961082,3.0,2.0,0.8,2.0,3
unseen_vessel,mss,SS5,135.0,12.0,damped_persistence|0,S175_h135.0_u12.0_s002,strict,point,True,0.4891379310344828,0.6569410675002895,20,307,9,0.029315960912052116,0.45,0.055045871559633024,30.82758620689655,0.3,0.5,0.62,22,2,0,1131,580.0,1.96403,2.97181,0.961082,1.5,1.0,0.4,3.0,3
unseen_vessel,mss,SS5,135.0,12.0,dlinear_ols|0,S175_h135.0_u12.0_s000,permissive,point,True,0.9782758620689656,0.9890186508628203,11,117,11,0.09401709401709402,1.0,0.17187499999999997,10.96551724137931,0.6,1.3,3.1,14,3,0,1131,580.0,1.84853,2.48865,0.865839,3.0,2.0,0.8,2.0,3
unseen_vessel,mss,SS5,135.0,12.0,dlinear_ols|0,S175_h135.0_u12.0_s000,strict,point,True,0.5872413793103448,0.7399522050836411,21,644,21,0.03260869565217391,1.0,0.06315789473684211,64.44827586206897,0.9,2.9,5.3,22,1,0,1131,580.0,1.84853,2.48865,0.865839,1.5,1.0,0.4,3.0,3
unseen_vessel,mss,SS5,135.0,12.0,dlinear_ols|0,S175_h135.0_u12.0_s001,permissive,point,True,0.9591379310344827,0.9791428319985919,12,133,12,0.09022556390977443,1.0,0.16551724137931034,12.517241379310345,1.1300000000000001,3.1,6.250000000000001,14,2,0,1131,580.0,2.00297,2.78172,1.06546,3.0,2.0,0.8,2.0,3
unseen_vessel,mss,SS5,135.0,12.0,dlinear_ols|0,S175_h135.0_u12.0_s001,strict,point,True,0.4936206896551724,0.6609719496710147,12,634,12,0.01892744479495268,1.0,0.03715170278637771,64.34482758620689,0.52,1.1,3.18,13,1,0,1131,580.0,2.00297,2.78172,1.06546,1.5,1.0,0.4,3.0,3
unseen_vessel,mss,SS5,135.0,12.0,dlinear_ols|0,S175_h135.0_u12.0_s002,permissive,point,True,0.9668965517241379,0.9831697054698457,7,110,7,0.06363636363636363,1.0,0.11965811965811964,10.655172413793103,0.8800000000000001,2.9,5.320000000000001,9,2,0,1131,580.0,1.96403,2.97181,0.961082,3.0,2.0,0.8,2.0,3
unseen_vessel,mss,SS5,135.0,12.0,dlinear_ols|0,S175_h135.0_u12.0_s002,strict,point,True,0.4891379310344828,0.6569410675002895,20,741,20,0.02699055330634278,1.0,0.05256241787122208,74.58620689655173,0.3,1.0,3.880000000000001,22,2,0,1131,580.0,1.96403,2.97181,0.961082,1.5,1.0,0.4,3.0,3
unseen_vessel,mss,SS5,135.0,12.0,dlinear|0,S175_h135.0_u12.0_s000,permissive,point,True,0.9782758620689656,0.9890186508628203,11,62,11,0.1774193548387097,1.0,0.3013698630136986,5.275862068965517,0.6,2.3,2.9,14,3,0,1131,580.0,1.84853,2.48865,0.865839,3.0,2.0,0.8,2.0,3
unseen_vessel,mss,SS5,135.0,12.0,dlinear|0,S175_h135.0_u12.0_s000,strict,point,True,0.5872413793103448,0.7399522050836411,21,481,21,0.04365904365904366,1.0,0.08366533864541834,47.58620689655172,0.5,1.8,4.2,22,1,0,1131,580.0,1.84853,2.48865,0.865839,1.5,1.0,0.4,3.0,3
unseen_vessel,mss,SS5,135.0,12.0,dlinear|0,S175_h135.0_u12.0_s001,permissive,point,True,0.9591379310344827,0.9791428319985919,12,74,10,0.13513513513513514,0.8333333333333334,0.23255813953488372,6.620689655172414,0.87,1.1,3.5799999999999987,14,2,0,1131,580.0,2.00297,2.78172,1.06546,3.0,2.0,0.8,2.0,3
unseen_vessel,mss,SS5,135.0,12.0,dlinear|0,S175_h135.0_u12.0_s001,strict,point,True,0.4936206896551724,0.6609719496710147,12,468,12,0.02564102564102564,1.0,0.05,47.172413793103445,0.52,1.5,4.630000000000001,13,1,0,1131,580.0,2.00297,2.78172,1.06546,1.5,1.0,0.4,3.0,3
unseen_vessel,mss,SS5,135.0,12.0,dlinear|0,S175_h135.0_u12.0_s002,permissive,point,True,0.9668965517241379,0.9831697054698457,7,57,7,0.12280701754385964,1.0,0.21875,5.172413793103448,0.4,0.7,3.2200000000000015,9,2,0,1131,580.0,1.96403,2.97181,0.961082,3.0,2.0,0.8,2.0,3
unseen_vessel,mss,SS5,135.0,12.0,dlinear|0,S175_h135.0_u12.0_s002,strict,point,True,0.4891379310344828,0.6569410675002895,20,532,20,0.03759398496240601,1.0,0.07246376811594202,52.96551724137931,0.79,1.1,3.33,22,2,0,1131,580.0,1.96403,2.97181,0.961082,1.5,1.0,0.4,3.0,3
unseen_vessel,mss,SS5,135.0,12.0,dlinear|1,S175_h135.0_u12.0_s000,permissive,point,True,0.9782758620689656,0.9890186508628203,11,62,11,0.1774193548387097,1.0,0.3013698630136986,5.275862068965517,0.6,2.3,2.9,14,3,0,1131,580.0,1.84853,2.48865,0.865839,3.0,2.0,0.8,2.0,3
unseen_vessel,mss,SS5,135.0,12.0,dlinear|1,S175_h135.0_u12.0_s000,strict,point,True,0.5872413793103448,0.7399522050836411,21,483,21,0.043478260869565216,1.0,0.08333333333333333,47.793103448275865,1.0,1.5,3.9,22,1,0,1131,580.0,1.84853,2.48865,0.865839,1.5,1.0,0.4,3.0,3
unseen_vessel,mss,SS5,135.0,12.0,dlinear|1,S175_h135.0_u12.0_s001,permissive,point,True,0.9591379310344827,0.9791428319985919,12,75,10,0.13333333333333333,0.8333333333333334,0.2298850574712644,6.724137931034483,0.6,1.45,3.12,14,2,0,1131,580.0,2.00297,2.78172,1.06546,3.0,2.0,0.8,2.0,3
unseen_vessel,mss,SS5,135.0,12.0,dlinear|1,S175_h135.0_u12.0_s001,strict,point,True,0.4936206896551724,0.6609719496710147,12,475,12,0.02526315789473684,1.0,0.04928131416837782,47.89655172413793,0.71,2.25,4.66,13,1,0,1131,580.0,2.00297,2.78172,1.06546,1.5,1.0,0.4,3.0,3
unseen_vessel,mss,SS5,135.0,12.0,dlinear|1,S175_h135.0_u12.0_s002,permissive,point,True,0.9668965517241379,0.9831697054698457,7,54,7,0.12962962962962962,1.0,0.22950819672131148,4.862068965517241,0.4,1.2,3.820000000000001,9,2,0,1131,580.0,1.96403,2.97181,0.961082,3.0,2.0,0.8,2.0,3
unseen_vessel,mss,SS5,135.0,12.0,dlinear|1,S175_h135.0_u12.0_s002,strict,point,True,0.4891379310344828,0.6569410675002895,20,518,20,0.03861003861003861,1.0,0.07434944237918216,51.51724137931034,0.39,1.0,2.8500000000000005,22,2,0,1131,580.0,1.96403,2.97181,0.961082,1.5,1.0,0.4,3.0,3
unseen_vessel,mss,SS5,135.0,12.0,dlinear|2,S175_h135.0_u12.0_s000,permissive,point,True,0.9782758620689656,0.9890186508628203,11,61,11,0.18032786885245902,1.0,0.3055555555555556,5.172413793103448,0.6,0.8,2.9,14,3,0,1131,580.0,1.84853,2.48865,0.865839,3.0,2.0,0.8,2.0,3
unseen_vessel,mss,SS5,135.0,12.0,dlinear|2,S175_h135.0_u12.0_s000,strict,point,True,0.5872413793103448,0.7399522050836411,21,487,21,0.043121149897330596,1.0,0.08267716535433071,48.206896551724135,0.5,1.4,4.2,22,1,0,1131,580.0,1.84853,2.48865,0.865839,1.5,1.0,0.4,3.0,3
unseen_vessel,mss,SS5,135.0,12.0,dlinear|2,S175_h135.0_u12.0_s001,permissive,point,True,0.9591379310344827,0.9791428319985919,12,76,10,0.13157894736842105,0.8333333333333334,0.22727272727272727,6.827586206896552,0.6,1.0,3.12,14,2,0,1131,580.0,2.00297,2.78172,1.06546,3.0,2.0,0.8,2.0,3
unseen_vessel,mss,SS5,135.0,12.0,dlinear|2,S175_h135.0_u12.0_s001,strict,point,True,0.4936206896551724,0.6609719496710147,12,469,12,0.0255863539445629,1.0,0.0498960498960499,47.275862068965516,0.76,2.25,4.66,13,1,0,1131,580.0,2.00297,2.78172,1.06546,1.5,1.0,0.4,3.0,3
unseen_vessel,mss,SS5,135.0,12.0,dlinear|2,S175_h135.0_u12.0_s002,permissive,point,True,0.9668965517241379,0.9831697054698457,7,51,7,0.13725490196078433,1.0,0.24137931034482762,4.551724137931035,0.9,1.2,1.9000000000000004,9,2,0,1131,580.0,1.96403,2.97181,0.961082,3.0,2.0,0.8,2.0,3
unseen_vessel,mss,SS5,135.0,12.0,dlinear|2,S175_h135.0_u12.0_s002,strict,point,True,0.4891379310344828,0.6569410675002895,20,518,20,0.03861003861003861,1.0,0.07434944237918216,51.51724137931034,0.69,1.3,2.8500000000000005,22,2,0,1131,580.0,1.96403,2.97181,0.961082,1.5,1.0,0.4,3.0,3
unseen_vessel,mss,SS5,135.0,12.0,lstm|0,S175_h135.0_u12.0_s000,permissive,point,True,0.9782758620689656,0.9890186508628203,11,285,8,0.028070175438596492,0.7272727272727273,0.05405405405405405,28.655172413793103,0.68,4.65,11.549999999999999,14,3,0,1131,580.0,1.84853,2.48865,0.865839,3.0,2.0,0.8,2.0,3
unseen_vessel,mss,SS5,135.0,12.0,lstm|0,S175_h135.0_u12.0_s000,strict,point,True,0.5872413793103448,0.7399522050836411,21,298,13,0.0436241610738255,0.6190476190476191,0.08150470219435738,29.482758620689655,0.5200000000000001,5.4,9.34,22,1,0,1131,580.0,1.84853,2.48865,0.865839,1.5,1.0,0.4,3.0,3
unseen_vessel,mss,SS5,135.0,12.0,lstm|0,S175_h135.0_u12.0_s001,permissive,point,True,0.9591379310344827,0.9791428319985919,12,265,9,0.033962264150943396,0.75,0.06498194945848376,26.482758620689655,0.42000000000000004,2.6,11.68,14,2,0,1131,580.0,2.00297,2.78172,1.06546,3.0,2.0,0.8,2.0,3
unseen_vessel,mss,SS5,135.0,12.0,lstm|0,S175_h135.0_u12.0_s001,strict,point,True,0.4936206896551724,0.6609719496710147,12,279,5,0.017921146953405017,0.4166666666666667,0.034364261168384876,28.344827586206897,0.4,1.7,6.1,13,1,0,1131,580.0,2.00297,2.78172,1.06546,1.5,1.0,0.4,3.0,3
unseen_vessel,mss,SS5,135.0,12.0,lstm|0,S175_h135.0_u12.0_s002,permissive,point,True,0.9668965517241379,0.9831697054698457,7,317,3,0.00946372239747634,0.42857142857142855,0.018518518518518517,32.48275862068966,3.9400000000000004,12.5,12.66,9,2,0,1131,580.0,1.96403,2.97181,0.961082,3.0,2.0,0.8,2.0,3
unseen_vessel,mss,SS5,135.0,12.0,lstm|0,S175_h135.0_u12.0_s002,strict,point,True,0.4891379310344828,0.6569410675002895,20,285,10,0.03508771929824561,0.5,0.06557377049180328,28.448275862068964,0.57,2.3,5.1099999999999985,22,2,0,1131,580.0,1.96403,2.97181,0.961082,1.5,1.0,0.4,3.0,3
unseen_vessel,mss,SS5,135.0,12.0,lstm|1,S175_h135.0_u12.0_s000,permissive,point,True,0.9782758620689656,0.9890186508628203,11,211,9,0.04265402843601896,0.8181818181818182,0.0810810810810811,20.896551724137932,0.38,0.8,3.1000000000000005,14,3,0,1131,580.0,1.84853,2.48865,0.865839,3.0,2.0,0.8,2.0,3
unseen_vessel,mss,SS5,135.0,12.0,lstm|1,S175_h135.0_u12.0_s000,strict,point,True,0.5872413793103448,0.7399522050836411,21,361,14,0.038781163434903045,0.6666666666666666,0.07329842931937172,35.89655172413793,0.06000000000000001,1.5499999999999998,6.38,22,1,0,1131,580.0,1.84853,2.48865,0.865839,1.5,1.0,0.4,3.0,3
unseen_vessel,mss,SS5,135.0,12.0,lstm|1,S175_h135.0_u12.0_s001,permissive,point,True,0.9591379310344827,0.9791428319985919,12,250,11,0.044,0.9166666666666666,0.08396946564885496,24.724137931034484,1.0,2.6,9.5,14,2,0,1131,580.0,2.00297,2.78172,1.06546,3.0,2.0,0.8,2.0,3
unseen_vessel,mss,SS5,135.0,12.0,lstm|1,S175_h135.0_u12.0_s001,strict,point,True,0.4936206896551724,0.6609719496710147,12,354,7,0.01977401129943503,0.5833333333333334,0.03825136612021859,35.89655172413793,1.1,4.7,11.4,13,1,0,1131,580.0,2.00297,2.78172,1.06546,1.5,1.0,0.4,3.0,3
unseen_vessel,mss,SS5,135.0,12.0,lstm|1,S175_h135.0_u12.0_s002,permissive,point,True,0.9668965517241379,0.9831697054698457,7,235,4,0.01702127659574468,0.5714285714285714,0.033057851239669415,23.896551724137932,0.23,0.35,0.7500000000000001,9,2,0,1131,580.0,1.96403,2.97181,0.961082,3.0,2.0,0.8,2.0,3
unseen_vessel,mss,SS5,135.0,12.0,lstm|1,S175_h135.0_u12.0_s002,strict,point,True,0.4891379310344828,0.6569410675002895,20,376,12,0.031914893617021274,0.6,0.0606060606060606,37.6551724137931,0.21000000000000002,4.0,9.530000000000001,22,2,0,1131,580.0,1.96403,2.97181,0.961082,1.5,1.0,0.4,3.0,3
unseen_vessel,mss,SS5,135.0,12.0,lstm|2,S175_h135.0_u12.0_s000,permissive,point,True,0.9782758620689656,0.9890186508628203,11,249,9,0.03614457831325301,0.8181818181818182,0.06923076923076922,24.82758620689655,0.3,1.4,4.92,14,3,0,1131,580.0,1.84853,2.48865,0.865839,3.0,2.0,0.8,2.0,3
unseen_vessel,mss,SS5,135.0,12.0,lstm|2,S175_h135.0_u12.0_s000,strict,point,True,0.5872413793103448,0.7399522050836411,21,384,14,0.036458333333333336,0.6666666666666666,0.06913580246913581,38.275862068965516,0.36000000000000004,4.35,10.450000000000003,22,1,0,1131,580.0,1.84853,2.48865,0.865839,1.5,1.0,0.4,3.0,3
unseen_vessel,mss,SS5,135.0,12.0,lstm|2,S175_h135.0_u12.0_s001,permissive,point,True,0.9591379310344827,0.9791428319985919,12,280,11,0.039285714285714285,0.9166666666666666,0.07534246575342465,27.82758620689655,0.5,1.5,8.0,14,2,0,1131,580.0,2.00297,2.78172,1.06546,3.0,2.0,0.8,2.0,3
unseen_vessel,mss,SS5,135.0,12.0,lstm|2,S175_h135.0_u12.0_s001,strict,point,True,0.4936206896551724,0.6609719496710147,12,340,10,0.029411764705882353,0.8333333333333334,0.056818181818181816,34.13793103448276,0.93,4.6,11.09,13,1,0,1131,580.0,2.00297,2.78172,1.06546,1.5,1.0,0.4,3.0,3
unseen_vessel,mss,SS5,135.0,12.0,lstm|2,S175_h135.0_u12.0_s002,permissive,point,True,0.9668965517241379,0.9831697054698457,7,276,7,0.025362318840579712,1.0,0.049469964664310966,27.82758620689655,0.26,0.5,0.9400000000000001,9,2,0,1131,580.0,1.96403,2.97181,0.961082,3.0,2.0,0.8,2.0,3
unseen_vessel,mss,SS5,135.0,12.0,lstm|2,S175_h135.0_u12.0_s002,strict,point,True,0.4891379310344828,0.6569410675002895,20,400,16,0.04,0.8,0.07619047619047618,39.724137931034484,0.25,1.25,8.4,22,2,0,1131,580.0,1.96403,2.97181,0.961082,1.5,1.0,0.4,3.0,3
unseen_vessel,mss,SS5,135.0,12.0,persistence|0,S175_h135.0_u12.0_s000,permissive,point,True,0.9782758620689656,0.9890186508628203,11,0,0,0.0,0.0,0.0,0.0,,,,14,3,0,1131,580.0,1.84853,2.48865,0.865839,3.0,2.0,0.8,2.0,3
unseen_vessel,mss,SS5,135.0,12.0,persistence|0,S175_h135.0_u12.0_s000,strict,point,True,0.5872413793103448,0.7399522050836411,21,0,0,0.0,0.0,0.0,0.0,,,,22,1,0,1131,580.0,1.84853,2.48865,0.865839,1.5,1.0,0.4,3.0,3
unseen_vessel,mss,SS5,135.0,12.0,persistence|0,S175_h135.0_u12.0_s001,permissive,point,True,0.9591379310344827,0.9791428319985919,12,0,0,0.0,0.0,0.0,0.0,,,,14,2,0,1131,580.0,2.00297,2.78172,1.06546,3.0,2.0,0.8,2.0,3
unseen_vessel,mss,SS5,135.0,12.0,persistence|0,S175_h135.0_u12.0_s001,strict,point,True,0.4936206896551724,0.6609719496710147,12,0,0,0.0,0.0,0.0,0.0,,,,13,1,0,1131,580.0,2.00297,2.78172,1.06546,1.5,1.0,0.4,3.0,3
unseen_vessel,mss,SS5,135.0,12.0,persistence|0,S175_h135.0_u12.0_s002,permissive,point,True,0.9668965517241379,0.9831697054698457,7,0,0,0.0,0.0,0.0,0.0,,,,9,2,0,1131,580.0,1.96403,2.97181,0.961082,3.0,2.0,0.8,2.0,3
unseen_vessel,mss,SS5,135.0,12.0,persistence|0,S175_h135.0_u12.0_s002,strict,point,True,0.4891379310344828,0.6569410675002895,20,0,0,0.0,0.0,0.0,0.0,,,,22,2,0,1131,580.0,1.96403,2.97181,0.961082,1.5,1.0,0.4,3.0,3
unseen_vessel,mss,SS5,135.0,12.0,rate_matched,S175_h135.0_u12.0_s000,permissive,point,True,0.9782758620689656,0.9890186508628203,11,11,0,0.0,0.0,0.0,1.1379310344827587,,,,14,3,0,1131,580.0,1.84853,2.48865,0.865839,3.0,2.0,0.8,2.0,3
unseen_vessel,mss,SS5,135.0,12.0,rate_matched,S175_h135.0_u12.0_s000,strict,point,True,0.5872413793103448,0.7399522050836411,21,21,0,0.0,0.0,0.0,2.1724137931034484,,,,22,1,0,1131,580.0,1.84853,2.48865,0.865839,1.5,1.0,0.4,3.0,3
unseen_vessel,mss,SS5,135.0,12.0,rate_matched,S175_h135.0_u12.0_s001,permissive,point,True,0.9591379310344827,0.9791428319985919,12,12,1,0.08333333333333333,0.08333333333333333,0.08333333333333333,1.1379310344827587,-0.4,-0.4,-0.4,14,2,0,1131,580.0,2.00297,2.78172,1.06546,3.0,2.0,0.8,2.0,3
unseen_vessel,mss,SS5,135.0,12.0,rate_matched,S175_h135.0_u12.0_s001,strict,point,True,0.4936206896551724,0.6609719496710147,12,12,0,0.0,0.0,0.0,1.2413793103448276,,,,13,1,0,1131,580.0,2.00297,2.78172,1.06546,1.5,1.0,0.4,3.0,3
unseen_vessel,mss,SS5,135.0,12.0,rate_matched,S175_h135.0_u12.0_s002,permissive,point,True,0.9668965517241379,0.9831697054698457,7,7,0,0.0,0.0,0.0,0.7241379310344828,,,,9,2,0,1131,580.0,1.96403,2.97181,0.961082,3.0,2.0,0.8,2.0,3
unseen_vessel,mss,SS5,135.0,12.0,rate_matched,S175_h135.0_u12.0_s002,strict,point,True,0.4891379310344828,0.6569410675002895,20,20,0,0.0,0.0,0.0,2.0689655172413794,,,,22,2,0,1131,580.0,1.96403,2.97181,0.961082,1.5,1.0,0.4,3.0,3
unseen_vessel,mss,SS5,135.0,12.0,tcn|0,S175_h135.0_u12.0_s000,permissive,point,True,0.9782758620689656,0.9890186508628203,11,205,10,0.04878048780487805,0.9090909090909091,0.0925925925925926,20.17241379310345,0.3,1.1,2.3599999999999994,14,3,0,1131,580.0,1.84853,2.48865,0.865839,3.0,2.0,0.8,2.0,3
unseen_vessel,mss,SS5,135.0,12.0,tcn|0,S175_h135.0_u12.0_s000,strict,point,True,0.5872413793103448,0.7399522050836411,21,407,20,0.04914004914004914,0.9523809523809523,0.09345794392523366,40.03448275862069,0.4,1.95,5.710000000000003,22,1,0,1131,580.0,1.84853,2.48865,0.865839,1.5,1.0,0.4,3.0,3
unseen_vessel,mss,SS5,135.0,12.0,tcn|0,S175_h135.0_u12.0_s001,permissive,point,True,0.9591379310344827,0.9791428319985919,12,208,10,0.04807692307692308,0.8333333333333334,0.09090909090909091,20.482758620689655,0.5,0.6,3.4099999999999997,14,2,0,1131,580.0,2.00297,2.78172,1.06546,3.0,2.0,0.8,2.0,3
unseen_vessel,mss,SS5,135.0,12.0,tcn|0,S175_h135.0_u12.0_s001,strict,point,True,0.4936206896551724,0.6609719496710147,12,357,10,0.028011204481792718,0.8333333333333334,0.05420054200542005,35.89655172413793,0.29,1.1,4.769999999999999,13,1,0,1131,580.0,2.00297,2.78172,1.06546,1.5,1.0,0.4,3.0,3
unseen_vessel,mss,SS5,135.0,12.0,tcn|0,S175_h135.0_u12.0_s002,permissive,point,True,0.9668965517241379,0.9831697054698457,7,221,6,0.027149321266968326,0.8571428571428571,0.052631578947368425,22.24137931034483,0.35,0.55,1.5,9,2,0,1131,580.0,1.96403,2.97181,0.961082,3.0,2.0,0.8,2.0,3
unseen_vessel,mss,SS5,135.0,12.0,tcn|0,S175_h135.0_u12.0_s002,strict,point,True,0.4891379310344828,0.6569410675002895,20,413,15,0.03631961259079903,0.75,0.06928406466512702,41.172413793103445,0.3,0.9,3.6799999999999997,22,2,0,1131,580.0,1.96403,2.97181,0.961082,1.5,1.0,0.4,3.0,3
unseen_vessel,mss,SS5,135.0,12.0,tcn|1,S175_h135.0_u12.0_s000,permissive,point,True,0.9782758620689656,0.9890186508628203,11,204,11,0.05392156862745098,1.0,0.10232558139534884,19.96551724137931,0.3,0.4,3.6,14,3,0,1131,580.0,1.84853,2.48865,0.865839,3.0,2.0,0.8,2.0,3
unseen_vessel,mss,SS5,135.0,12.0,tcn|1,S175_h135.0_u12.0_s000,strict,point,True,0.5872413793103448,0.7399522050836411,21,392,17,0.04336734693877551,0.8095238095238095,0.08232445520581114,38.793103448275865,0.46,1.9,10.28,22,1,0,1131,580.0,1.84853,2.48865,0.865839,1.5,1.0,0.4,3.0,3
unseen_vessel,mss,SS5,135.0,12.0,tcn|1,S175_h135.0_u12.0_s001,permissive,point,True,0.9591379310344827,0.9791428319985919,12,210,10,0.047619047619047616,0.8333333333333334,0.09009009009009009,20.689655172413794,0.59,2.05,3.9899999999999998,14,2,0,1131,580.0,2.00297,2.78172,1.06546,3.0,2.0,0.8,2.0,3
unseen_vessel,mss,SS5,135.0,12.0,tcn|1,S175_h135.0_u12.0_s001,strict,point,True,0.4936206896551724,0.6609719496710147,12,378,11,0.0291005291005291,0.9166666666666666,0.05641025641025641,37.96551724137931,0.5,2.0,7.0,13,1,0,1131,580.0,2.00297,2.78172,1.06546,1.5,1.0,0.4,3.0,3
unseen_vessel,mss,SS5,135.0,12.0,tcn|1,S175_h135.0_u12.0_s002,permissive,point,True,0.9668965517241379,0.9831697054698457,7,227,7,0.030837004405286344,1.0,0.05982905982905983,22.75862068965517,0.32000000000000006,0.5,1.74,9,2,0,1131,580.0,1.96403,2.97181,0.961082,3.0,2.0,0.8,2.0,3
unseen_vessel,mss,SS5,135.0,12.0,tcn|1,S175_h135.0_u12.0_s002,strict,point,True,0.4891379310344828,0.6569410675002895,20,404,17,0.04207920792079208,0.85,0.08018867924528303,40.03448275862069,0.4,1.3,9.02,22,2,0,1131,580.0,1.96403,2.97181,0.961082,1.5,1.0,0.4,3.0,3
unseen_vessel,mss,SS5,135.0,12.0,tcn|2,S175_h135.0_u12.0_s000,permissive,point,True,0.9782758620689656,0.9890186508628203,11,210,10,0.047619047619047616,0.9090909090909091,0.0904977375565611,20.689655172413794,0.19,2.2,11.59,14,3,0,1131,580.0,1.84853,2.48865,0.865839,3.0,2.0,0.8,2.0,3
unseen_vessel,mss,SS5,135.0,12.0,tcn|2,S175_h135.0_u12.0_s000,strict,point,True,0.5872413793103448,0.7399522050836411,21,353,16,0.0453257790368272,0.7619047619047619,0.08556149732620322,34.86206896551724,0.7,2.5999999999999996,7.85,22,1,0,1131,580.0,1.84853,2.48865,0.865839,1.5,1.0,0.4,3.0,3
unseen_vessel,mss,SS5,135.0,12.0,tcn|2,S175_h135.0_u12.0_s001,permissive,point,True,0.9591379310344827,0.9791428319985919,12,201,10,0.04975124378109453,0.8333333333333334,0.09389671361502348,19.75862068965517,0.49,0.9,2.1999999999999997,14,2,0,1131,580.0,2.00297,2.78172,1.06546,3.0,2.0,0.8,2.0,3
unseen_vessel,mss,SS5,135.0,12.0,tcn|2,S175_h135.0_u12.0_s001,strict,point,True,0.4936206896551724,0.6609719496710147,12,349,10,0.02865329512893983,0.8333333333333334,0.055401662049861494,35.06896551724138,0.65,1.85,5.429999999999998,13,1,0,1131,580.0,2.00297,2.78172,1.06546,1.5,1.0,0.4,3.0,3
unseen_vessel,mss,SS5,135.0,12.0,tcn|2,S175_h135.0_u12.0_s002,permissive,point,True,0.9668965517241379,0.9831697054698457,7,234,6,0.02564102564102564,0.8571428571428571,0.04979253112033195,23.586206896551722,0.45,1.1,2.0999999999999996,9,2,0,1131,580.0,1.96403,2.97181,0.961082,3.0,2.0,0.8,2.0,3
unseen_vessel,mss,SS5,135.0,12.0,tcn|2,S175_h135.0_u12.0_s002,strict,point,True,0.4891379310344828,0.6569410675002895,20,376,16,0.0425531914893617,0.8,0.08080808080808081,37.241379310344826,0.5,2.5999999999999996,9.149999999999999,22,2,0,1131,580.0,1.96403,2.97181,0.961082,1.5,1.0,0.4,3.0,3
unseen_vessel,mss,SS5,135.0,12.0,transformer|0,S175_h135.0_u12.0_s000,permissive,point,True,0.9782758620689656,0.9890186508628203,11,290,9,0.03103448275862069,0.8181818181818182,0.059800664451827246,29.06896551724138,4.66,9.8,11.82,14,3,0,1131,580.0,1.84853,2.48865,0.865839,3.0,2.0,0.8,2.0,3
unseen_vessel,mss,SS5,135.0,12.0,transformer|0,S175_h135.0_u12.0_s000,strict,point,True,0.5872413793103448,0.7399522050836411,21,170,9,0.052941176470588235,0.42857142857142855,0.09424083769633508,16.655172413793103,3.4800000000000004,5.3,10.64,22,1,0,1131,580.0,1.84853,2.48865,0.865839,1.5,1.0,0.4,3.0,3
unseen_vessel,mss,SS5,135.0,12.0,transformer|0,S175_h135.0_u12.0_s001,permissive,point,True,0.9591379310344827,0.9791428319985919,12,320,8,0.025,0.6666666666666666,0.04819277108433735,32.275862068965516,5.069999999999999,6.199999999999999,8.85,14,2,0,1131,580.0,2.00297,2.78172,1.06546,3.0,2.0,0.8,2.0,3
unseen_vessel,mss,SS5,135.0,12.0,transformer|0,S175_h135.0_u12.0_s001,strict,point,True,0.4936206896551724,0.6609719496710147,12,156,5,0.03205128205128205,0.4166666666666667,0.05952380952380952,15.620689655172415,3.3,7.3,9.76,13,1,0,1131,580.0,2.00297,2.78172,1.06546,1.5,1.0,0.4,3.0,3
unseen_vessel,mss,SS5,135.0,12.0,transformer|0,S175_h135.0_u12.0_s002,permissive,point,True,0.9668965517241379,0.9831697054698457,7,287,1,0.003484320557491289,0.14285714285714285,0.006802721088435375,29.586206896551722,8.8,8.8,8.8,9,2,0,1131,580.0,1.96403,2.97181,0.961082,3.0,2.0,0.8,2.0,3
unseen_vessel,mss,SS5,135.0,12.0,transformer|0,S175_h135.0_u12.0_s002,strict,point,True,0.4891379310344828,0.6569410675002895,20,151,9,0.059602649006622516,0.45,0.10526315789473684,14.689655172413794,4.74,8.1,11.66,22,2,0,1131,580.0,1.96403,2.97181,0.961082,1.5,1.0,0.4,3.0,3
unseen_vessel,mss,SS5,135.0,12.0,transformer|1,S175_h135.0_u12.0_s000,permissive,point,True,0.9782758620689656,0.9890186508628203,11,216,4,0.018518518518518517,0.36363636363636365,0.03524229074889868,21.93103448275862,4.55,7.75,10.74,14,3,0,1131,580.0,1.84853,2.48865,0.865839,3.0,2.0,0.8,2.0,3
unseen_vessel,mss,SS5,135.0,12.0,transformer|1,S175_h135.0_u12.0_s000,strict,point,True,0.5872413793103448,0.7399522050836411,21,236,10,0.0423728813559322,0.47619047619047616,0.07782101167315175,23.379310344827587,2.87,5.1,8.45,22,1,0,1131,580.0,1.84853,2.48865,0.865839,1.5,1.0,0.4,3.0,3
unseen_vessel,mss,SS5,135.0,12.0,transformer|1,S175_h135.0_u12.0_s001,permissive,point,True,0.9591379310344827,0.9791428319985919,12,238,6,0.025210084033613446,0.5,0.048,24.0,5.05,7.55,10.0,14,2,0,1131,580.0,2.00297,2.78172,1.06546,3.0,2.0,0.8,2.0,3
unseen_vessel,mss,SS5,135.0,12.0,transformer|1,S175_h135.0_u12.0_s001,strict,point,True,0.4936206896551724,0.6609719496710147,12,224,6,0.026785714285714284,0.5,0.05084745762711864,22.551724137931036,2.85,4.4,7.0,13,1,0,1131,580.0,2.00297,2.78172,1.06546,1.5,1.0,0.4,3.0,3
unseen_vessel,mss,SS5,135.0,12.0,transformer|1,S175_h135.0_u12.0_s002,permissive,point,True,0.9668965517241379,0.9831697054698457,7,240,1,0.004166666666666667,0.14285714285714285,0.008097165991902832,24.724137931034484,8.3,8.3,8.3,9,2,0,1131,580.0,1.96403,2.97181,0.961082,3.0,2.0,0.8,2.0,3
unseen_vessel,mss,SS5,135.0,12.0,transformer|1,S175_h135.0_u12.0_s002,strict,point,True,0.4891379310344828,0.6569410675002895,20,224,13,0.05803571428571429,0.65,0.10655737704918034,21.82758620689655,4.42,6.3,10.400000000000002,22,2,0,1131,580.0,1.96403,2.97181,0.961082,1.5,1.0,0.4,3.0,3
unseen_vessel,mss,SS5,135.0,12.0,transformer|2,S175_h135.0_u12.0_s000,permissive,point,True,0.9782758620689656,0.9890186508628203,11,329,7,0.02127659574468085,0.6363636363636364,0.041176470588235294,33.310344827586206,4.2,8.3,11.92,14,3,0,1131,580.0,1.84853,2.48865,0.865839,3.0,2.0,0.8,2.0,3
unseen_vessel,mss,SS5,135.0,12.0,transformer|2,S175_h135.0_u12.0_s000,strict,point,True,0.5872413793103448,0.7399522050836411,21,182,6,0.03296703296703297,0.2857142857142857,0.059113300492610835,18.20689655172414,3.25,5.800000000000001,8.9,22,1,0,1131,580.0,1.84853,2.48865,0.865839,1.5,1.0,0.4,3.0,3
unseen_vessel,mss,SS5,135.0,12.0,transformer|2,S175_h135.0_u12.0_s001,permissive,point,True,0.9591379310344827,0.9791428319985919,12,334,8,0.023952095808383235,0.6666666666666666,0.046242774566473986,33.724137931034484,5.069999999999999,6.3,11.42,14,2,0,1131,580.0,2.00297,2.78172,1.06546,3.0,2.0,0.8,2.0,3
unseen_vessel,mss,SS5,135.0,12.0,transformer|2,S175_h135.0_u12.0_s001,strict,point,True,0.4936206896551724,0.6609719496710147,12,159,4,0.025157232704402517,0.3333333333333333,0.046783625730994156,16.03448275862069,2.7600000000000002,7.0,10.05,13,1,0,1131,580.0,2.00297,2.78172,1.06546,1.5,1.0,0.4,3.0,3
unseen_vessel,mss,SS5,135.0,12.0,transformer|2,S175_h135.0_u12.0_s002,permissive,point,True,0.9668965517241379,0.9831697054698457,7,342,3,0.008771929824561403,0.42857142857142855,0.017191977077363897,35.06896551724138,8.82,10.9,10.98,9,2,0,1131,580.0,1.96403,2.97181,0.961082,3.0,2.0,0.8,2.0,3
unseen_vessel,mss,SS5,135.0,12.0,transformer|2,S175_h135.0_u12.0_s002,strict,point,True,0.4891379310344828,0.6569410675002895,20,162,7,0.043209876543209874,0.35,0.07692307692307693,16.03448275862069,3.92,6.0,9.38,22,2,0,1131,580.0,1.96403,2.97181,0.961082,1.5,1.0,0.4,3.0,3
unseen_vessel,mss,SS5,135.0,12.0,window_mean|0,S175_h135.0_u12.0_s000,permissive,point,True,0.9782758620689656,0.9890186508628203,11,0,0,0.0,0.0,0.0,0.0,,,,14,3,0,1131,580.0,1.84853,2.48865,0.865839,3.0,2.0,0.8,2.0,3
unseen_vessel,mss,SS5,135.0,12.0,window_mean|0,S175_h135.0_u12.0_s000,strict,point,True,0.5872413793103448,0.7399522050836411,21,0,0,0.0,0.0,0.0,0.0,,,,22,1,0,1131,580.0,1.84853,2.48865,0.865839,1.5,1.0,0.4,3.0,3
unseen_vessel,mss,SS5,135.0,12.0,window_mean|0,S175_h135.0_u12.0_s001,permissive,point,True,0.9591379310344827,0.9791428319985919,12,0,0,0.0,0.0,0.0,0.0,,,,14,2,0,1131,580.0,2.00297,2.78172,1.06546,3.0,2.0,0.8,2.0,3
unseen_vessel,mss,SS5,135.0,12.0,window_mean|0,S175_h135.0_u12.0_s001,strict,point,True,0.4936206896551724,0.6609719496710147,12,0,0,0.0,0.0,0.0,0.0,,,,13,1,0,1131,580.0,2.00297,2.78172,1.06546,1.5,1.0,0.4,3.0,3
unseen_vessel,mss,SS5,135.0,12.0,window_mean|0,S175_h135.0_u12.0_s002,permissive,point,True,0.9668965517241379,0.9831697054698457,7,0,0,0.0,0.0,0.0,0.0,,,,9,2,0,1131,580.0,1.96403,2.97181,0.961082,3.0,2.0,0.8,2.0,3
unseen_vessel,mss,SS5,135.0,12.0,window_mean|0,S175_h135.0_u12.0_s002,strict,point,True,0.4891379310344828,0.6569410675002895,20,0,0,0.0,0.0,0.0,0.0,,,,22,2,0,1131,580.0,1.96403,2.97181,0.961082,1.5,1.0,0.4,3.0,3
