source_experiment,model,dof,horizon_samples,horizon_s,n_windows,rmse,mae,rmse_persistence,skill,signal_std,nrmse,n_realizations,skill_ci_lo,skill_ci_hi,regime,seed,deterministic,n_params,fit_time_s,best_epoch,epochs_run,best_val_loss,val_loss_name,matched_n_samples,matched_lookback,matched_stride,matched_max_horizon,matched_lookbacks,matched_n_origins,matched_origin_first,matched_origin_last,matched_origin_stride,matched_windows_before
deep,persistence,roll,10,1.0,418944,1.9461019982798347,1.0387516077010088,1.9461019982798347,0.0,3.687222002970601,0.5277962641554977,384,0.0,0.0,id,0,True,0,0.0,,,,,6000,200,5,150,100|200|400,1091,399,5849,5,1131
deep,persistence,roll,20,2.0,418944,3.747341945419572,1.9913290181076926,3.747341945419572,0.0,3.6877754460978944,1.0161524203933583,384,0.0,0.0,id,0,True,0,0.0,,,,,6000,200,5,150,100|200|400,1091,399,5849,5,1131
deep,persistence,roll,30,3.0,418944,5.271807875224931,2.780773531392883,5.271807875224931,0.0,3.688478647638728,1.4292634928495007,384,0.0,0.0,id,0,True,0,0.0,,,,,6000,200,5,150,100|200|400,1091,399,5849,5,1131
deep,persistence,roll,50,5.0,418944,7.095209199845273,3.6557532379748623,7.095209199845273,0.0,3.69030276033271,1.9226631690256177,384,0.0,0.0,id,0,True,0,0.0,,,,,6000,200,5,150,100|200|400,1091,399,5849,5,1131
deep,persistence,roll,100,10.0,418944,3.8042041036484933,1.8855042578872583,3.8042041036484933,0.0,3.694076084821685,1.0298120602548781,384,0.0,0.0,id,0,True,0,0.0,,,,,6000,200,5,150,100|200|400,1091,399,5849,5,1131
deep,persistence,roll,150,15.0,418944,5.250462508623207,2.7773174780478374,5.250462508623207,0.0,3.6967972023470375,1.4202733396600096,384,0.0,0.0,id,0,True,0,0.0,,,,,6000,200,5,150,100|200|400,1091,399,5849,5,1131
deep,persistence,pitch,10,1.0,418944,0.8961445522125455,0.5664447414183473,0.8961445522125455,0.0,1.2403442750018743,0.7224966247465378,384,0.0,0.0,id,0,True,0,0.0,,,,,6000,200,5,150,100|200|400,1091,399,5849,5,1131
deep,persistence,pitch,20,2.0,418944,1.6391044953318454,1.036390953978283,1.6391044953318454,0.0,1.240393189409016,1.3214394510766339,384,0.0,0.0,id,0,True,0,0.0,,,,,6000,200,5,150,100|200|400,1091,399,5849,5,1131
deep,persistence,pitch,30,3.0,418944,2.1211392967275144,1.3391519034317336,2.1211392967275144,0.0,1.2402854523142828,1.7102025124697078,384,0.0,0.0,id,0,True,0,0.0,,,,,6000,200,5,150,100|200|400,1091,399,5849,5,1131
deep,persistence,pitch,50,5.0,418944,2.2310378683549135,1.3765761082906856,2.2310378683549135,0.0,1.240068055500173,1.7991253451448996,384,0.0,0.0,id,0,True,0,0.0,,,,,6000,200,5,150,100|200|400,1091,399,5849,5,1131
deep,persistence,pitch,100,10.0,418944,1.5609168249297358,0.9846114047002522,1.5609168249297358,0.0,1.2401273775213297,1.2586745952255123,384,0.0,0.0,id,0,True,0,0.0,,,,,6000,200,5,150,100|200|400,1091,399,5849,5,1131
deep,persistence,pitch,150,15.0,418944,1.7818458998404407,1.100853724534028,1.7818458998404407,0.0,1.2404643096284043,1.4364346366194234,384,0.0,0.0,id,0,True,0,0.0,,,,,6000,200,5,150,100|200|400,1091,399,5849,5,1131
deep,persistence,heave,10,1.0,418944,0.44162565007972127,0.29316253379216617,0.44162565007972127,0.0,0.7586744785454769,0.5821016293132748,384,0.0,0.0,id,0,True,0,0.0,,,,,6000,200,5,150,100|200|400,1091,399,5849,5,1131
deep,persistence,heave,20,2.0,418944,0.8379625081057451,0.5539204447391611,0.8379625081057451,0.0,0.7587896097620423,1.1043410417395298,384,0.0,0.0,id,0,True,0,0.0,,,,,6000,200,5,150,100|200|400,1091,399,5849,5,1131
deep,persistence,heave,30,3.0,418944,1.1508797208863502,0.7549037770470962,1.1508797208863502,0.0,0.758921162789381,1.5164680830039616,384,0.0,0.0,id,0,True,0,0.0,,,,,6000,200,5,150,100|200|400,1091,399,5849,5,1131
deep,persistence,heave,50,5.0,418944,1.441163548726843,0.9158137001793102,1.441163548726843,0.0,0.7589656362018378,1.8988521745714229,384,0.0,0.0,id,0,True,0,0.0,,,,,6000,200,5,150,100|200|400,1091,399,5849,5,1131
deep,persistence,heave,100,10.0,418944,0.834510527562901,0.5183215929987142,0.834510527562901,0.0,0.7592839391596414,1.0990757008327066,384,0.0,0.0,id,0,True,0,0.0,,,,,6000,200,5,150,100|200|400,1091,399,5849,5,1131
deep,persistence,heave,150,15.0,418944,1.1055277079321404,0.6987445181267522,1.1055277079321404,0.0,0.759468366891061,1.4556599802276142,384,0.0,0.0,id,0,True,0,0.0,,,,,6000,200,5,150,100|200|400,1091,399,5849,5,1131
deep,persistence,roll_rate,10,1.0,418944,1.0679896361750225,0.5970396428901398,1.0679896361750225,0.0,1.9709759416747037,0.5418582812672845,384,0.0,0.0,id,0,True,0,0.0,,,,,6000,200,5,150,100|200|400,1091,399,5849,5,1131
deep,persistence,roll_rate,20,2.0,418944,2.04926284907427,1.1384119049420267,2.04926284907427,0.0,1.9713738906856482,1.0395099878093303,384,0.0,0.0,id,0,True,0,0.0,,,,,6000,200,5,150,100|200|400,1091,399,5849,5,1131
deep,persistence,roll_rate,30,3.0,418944,2.8671756232230625,1.576336262795029,2.8671756232230625,0.0,1.971717923838755,1.454151016510989,384,0.0,0.0,id,0,True,0,0.0,,,,,6000,200,5,150,100|200|400,1091,399,5849,5,1131
deep,persistence,roll_rate,50,5.0,418944,3.8003090696362802,2.022969933878058,3.8003090696362802,0.0,1.9722164496629107,1.9269229147164986,384,0.0,0.0,id,0,True,0,0.0,,,,,6000,200,5,150,100|200|400,1091,399,5849,5,1131
deep,persistence,roll_rate,100,10.0,418944,1.9637399394759982,1.031916959080427,1.9637399394759982,0.0,1.9739519724102126,0.9948266051672243,384,0.0,0.0,id,0,True,0,0.0,,,,,6000,200,5,150,100|200|400,1091,399,5849,5,1131
deep,persistence,roll_rate,150,15.0,418944,2.896430496995325,1.5734262672939539,2.896430496995325,0.0,1.975553636862926,1.4661360962057717,384,0.0,0.0,id,0,True,0,0.0,,,,,6000,200,5,150,100|200|400,1091,399,5849,5,1131
deep,persistence,pitch_rate,10,1.0,418944,0.7531298125402182,0.466492717296948,0.7531298125402182,0.0,0.9234044534650131,0.8156012348805003,384,0.0,0.0,id,0,True,0,0.0,,,,,6000,200,5,150,100|200|400,1091,399,5849,5,1131
deep,persistence,pitch_rate,20,2.0,418944,1.3418810460639456,0.835652117484951,1.3418810460639456,0.0,0.9235131941570501,1.4530177311530095,384,0.0,0.0,id,0,True,0,0.0,,,,,6000,200,5,150,100|200|400,1091,399,5849,5,1131
deep,persistence,pitch_rate,30,3.0,418944,1.6644452321714636,1.043156818645569,1.6644452321714636,0.0,0.9236561249822394,1.8020182913889826,384,0.0,0.0,id,0,True,0,0.0,,,,,6000,200,5,150,100|200|400,1091,399,5849,5,1131
deep,persistence,pitch_rate,50,5.0,418944,1.5485057653903693,0.9687776593402794,1.5485057653903693,0.0,0.9236585535052279,1.6764915557961158,384,0.0,0.0,id,0,True,0,0.0,,,,,6000,200,5,150,100|200|400,1091,399,5849,5,1131
deep,persistence,pitch_rate,100,10.0,418944,1.274579834785688,0.7936618316724168,1.274579834785688,0.0,0.9237886815931622,1.37973094949329,384,0.0,0.0,id,0,True,0,0.0,,,,,6000,200,5,150,100|200|400,1091,399,5849,5,1131
deep,persistence,pitch_rate,150,15.0,418944,1.3066658062650982,0.8170022400766415,1.3066658062650982,0.0,0.923677262965375,1.4146345900841775,384,0.0,0.0,id,0,True,0,0.0,,,,,6000,200,5,150,100|200|400,1091,399,5849,5,1131
deep,persistence,heave_rate,10,1.0,418944,0.28518621353692575,0.19351981079134054,0.28518621353692575,0.0,0.4494429055050756,0.6345326848945113,384,0.0,0.0,id,0,True,0,0.0,,,,,6000,200,5,150,100|200|400,1091,399,5849,5,1131
deep,persistence,heave_rate,20,2.0,418944,0.5351005334490926,0.36220893214899147,0.5351005334490926,0.0,0.4494530144731941,1.1905594494149436,384,0.0,0.0,id,0,True,0,0.0,,,,,6000,200,5,150,100|200|400,1091,399,5849,5,1131
deep,persistence,heave_rate,30,3.0,418944,0.7214322878430781,0.48584774838970923,0.7214322878430781,0.0,0.4494430721740169,1.6051694474973495,384,0.0,0.0,id,0,True,0,0.0,,,,,6000,200,5,150,100|200|400,1091,399,5849,5,1131
deep,persistence,heave_rate,50,5.0,418944,0.8521061512079104,0.5594398873581867,0.8521061512079104,0.0,0.44946461013569566,1.8958247924139238,384,0.0,0.0,id,0,True,0,0.0,,,,,6000,200,5,150,100|200|400,1091,399,5849,5,1131
deep,persistence,heave_rate,100,10.0,418944,0.47926486717836025,0.3222884401589012,0.47926486717836025,0.0,0.44945174911641034,1.066332188317345,384,0.0,0.0,id,0,True,0,0.0,,,,,6000,200,5,150,100|200|400,1091,399,5849,5,1131
deep,persistence,heave_rate,150,15.0,418944,0.6809671010495266,0.43917276994018206,0.6809671010495266,0.0,0.44946344226262147,1.515066715151524,384,0.0,0.0,id,0,True,0,0.0,,,,,6000,200,5,150,100|200|400,1091,399,5849,5,1131
deep,window_mean,roll,10,1.0,418944,4.119787077808434,2.102586776680775,1.9461019982798347,-3.4814478289911293,3.687222002970601,1.117314627242227,384,-3.5447873687363076,-3.410539224632216,id,0,True,0,0.0,,,,,6000,200,5,150,100|200|400,1091,399,5849,5,1131
deep,window_mean,roll,20,2.0,418944,4.212719732020422,2.1465824712500323,3.747341945419572,-0.26380039037198744,3.6877754460978944,1.142347139514143,384,-0.2826015163275311,-0.24297481577584865,id,0,True,0,0.0,,,,,6000,200,5,150,100|200|400,1091,399,5849,5,1131
deep,window_mean,roll,30,3.0,418944,4.185329082855374,2.1312508888131743,5.271807875224931,0.36971049828345215,3.688478647638728,1.134703351349131,384,0.3606790384546864,0.3793312746769118,id,0,True,0,0.0,,,,,6000,200,5,150,100|200|400,1091,399,5849,5,1131
deep,window_mean,roll,50,5.0,418944,3.823178381469256,1.952973146319016,7.095209199845273,0.7096520837910858,3.69030276033271,1.0360066991155399,384,0.7065592128271302,0.7128730212429529,id,0,True,0,0.0,,,,,6000,200,5,150,100|200|400,1091,399,5849,5,1131
deep,window_mean,roll,100,10.0,418944,3.4278847320261585,1.7910829796850316,3.8042041036484933,0.1880583873603806,3.694076084821685,0.9279410205195122,384,0.152023017354254,0.22129130099503375,id,0,True,0,0.0,,,,,6000,200,5,150,100|200|400,1091,399,5849,5,1131
deep,window_mean,roll,150,15.0,418944,4.112359166424689,2.0861626071856305,5.250462508623207,0.386539007457267,3.6967972023470375,1.1124113499690538,384,0.3647698559276022,0.4069718807371216,id,0,True,0,0.0,,,,,6000,200,5,150,100|200|400,1091,399,5849,5,1131
deep,window_mean,pitch,10,1.0,418944,1.3052265393801987,0.8209181851503538,0.8961445522125455,-1.1213662423644926,1.2403442750018743,1.0523098833815525,384,-1.2153265273918028,-1.0331189857888985,id,0,True,0,0.0,,,,,6000,200,5,150,100|200|400,1091,399,5849,5,1131
deep,window_mean,pitch,20,2.0,418944,1.3337707526998115,0.838292157479181,1.6391044953318454,0.33786110918228085,1.240393189409016,1.0752806159273456,384,0.31067133276722697,0.3632717771299544,id,0,True,0,0.0,,,,,6000,200,5,150,100|200|400,1091,399,5849,5,1131
deep,window_mean,pitch,30,3.0,418944,1.3245413208101837,0.8310962457388524,2.1211392967275144,0.6100646191970751,1.2402854523142828,1.0679326427143732,384,0.5972169159362016,0.622521370890832,id,0,True,0,0.0,,,,,6000,200,5,150,100|200|400,1091,399,5849,5,1131
deep,window_mean,pitch,50,5.0,418944,1.2423624747992248,0.7789409309878338,2.2310378683549135,0.6899135659490918,1.240068055500173,1.0018502365969957,384,0.6840489017236282,0.6950048155983074,id,0,True,0,0.0,,,,,6000,200,5,150,100|200|400,1091,399,5849,5,1131
deep,window_mean,pitch,100,10.0,418944,1.2407726570787339,0.7804804881324,1.5609168249297358,0.36813411940898355,1.2401273775213297,1.0005203332892254,384,0.3376283332005602,0.3992821115527614,id,0,True,0,0.0,,,,,6000,200,5,150,100|200|400,1091,399,5849,5,1131
deep,window_mean,pitch,150,15.0,418944,1.2592360596454275,0.7922033901312112,1.7818458998404407,0.500570697906516,1.2404643096284043,1.0151328416878407,384,0.4809170991421095,0.5189061266547826,id,0,True,0,0.0,,,,,6000,200,5,150,100|200|400,1091,399,5849,5,1131
deep,window_mean,heave,10,1.0,418944,0.8061800170107504,0.5124072882952362,0.44162565007972127,-2.332387360102489,0.7586744785454769,1.0626164973367112,384,-2.4558252089016417,-2.2011838960618273,id,0,True,0,0.0,,,,,6000,200,5,150,100|200|400,1091,399,5849,5,1131
deep,window_mean,heave,20,2.0,418944,0.8296495979287982,0.5268455266185966,0.8379625081057451,0.01974235473495578,0.7587896097620423,1.0933855541181932,384,-0.016036136879272647,0.058011680646482926,id,0,True,0,0.0,,,,,6000,200,5,150,100|200|400,1091,399,5849,5,1131
deep,window_mean,heave,30,3.0,418944,0.8342652350744832,0.5287198854203017,1.1508797208863502,0.47452940594554616,0.758921162789381,1.099277864393949,384,0.4568595926219197,0.4932669533406897,id,0,True,0,0.0,,,,,6000,200,5,150,100|200|400,1091,399,5849,5,1131
deep,window_mean,heave,50,5.0,418944,0.7925986837756682,0.5008509218630194,1.441163548726843,0.6975314979134926,0.7589656362018378,1.0443143219792446,384,0.6912777789545699,0.7039346412050884,id,0,True,0,0.0,,,,,6000,200,5,150,100|200|400,1091,399,5849,5,1131
deep,window_mean,heave,100,10.0,418944,0.731209341769771,0.47220932103574265,0.834510527562901,0.23225000399835816,0.7592839391596414,0.9630249028829153,384,0.16388811974677447,0.2886196125126319,id,0,True,0,0.0,,,,,6000,200,5,150,100|200|400,1091,399,5849,5,1131
deep,window_mean,heave,150,15.0,418944,0.7904543049784192,0.5002918336880144,1.1055277079321404,0.48877242100763485,0.759468366891061,1.0407995111293462,384,0.45975001541004684,0.5170082616477202,id,0,True,0,0.0,,,,,6000,200,5,150,100|200|400,1091,399,5849,5,1131
deep,window_mean,roll_rate,10,1.0,418944,2.1933252368412592,1.1598942158236563,1.0679896361750225,-3.2176641567178343,1.9709759416747037,1.112811775357151,384,-3.2981876884115238,-3.126777425312304,id,0,True,0,0.0,,,,,6000,200,5,150,100|200|400,1091,399,5849,5,1131
deep,window_mean,roll_rate,20,2.0,418944,2.237842040249015,1.1823150023435407,2.04926284907427,-0.19251410038866323,1.9713738906856482,1.1351687525245089,384,-0.21455349041202867,-0.16823462967636857,id,0,True,0,0.0,,,,,6000,200,5,150,100|200|400,1091,399,5849,5,1131
deep,window_mean,roll_rate,30,3.0,418944,2.2191647905768583,1.1720727156009614,2.8671756232230625,0.4009397336740803,1.971717923838755,1.1254981068774517,384,0.39106388288097554,0.4117340573215369,id,0,True,0,0.0,,,,,6000,200,5,150,100|200|400,1091,399,5849,5,1131
deep,window_mean,roll_rate,50,5.0,418944,2.0246411674355493,1.0740499180640408,3.8003090696362802,0.7161700046268638,1.9722164496629107,1.0265816248422424,384,0.7134978247427607,0.718786679973703,id,0,True,0,0.0,,,,,6000,200,5,150,100|200|400,1091,399,5849,5,1131
deep,window_mean,roll_rate,100,10.0,418944,1.8546920021717437,1.0056575471501026,1.9637399394759982,0.10797782201085704,1.9739519724102126,0.9395831449268487,384,0.06944540890173931,0.14546365634098415,id,0,True,0,0.0,,,,,6000,200,5,150,100|200|400,1091,399,5849,5,1131
deep,window_mean,roll_rate,150,15.0,418944,2.1791640051113306,1.1452140240967097,2.896430496995325,0.43395154380398826,1.975553636862926,1.103064965915948,384,0.41389416336105966,0.45280585347694513,id,0,True,0,0.0,,,,,6000,200,5,150,100|200|400,1091,399,5849,5,1131
deep,window_mean,pitch_rate,10,1.0,418944,0.96682766753921,0.6120235092432764,0.7531298125402182,-0.6480047580061301,0.9234044534650131,1.047025129574862,384,-0.7104654060780093,-0.5904309104637288,id,0,True,0,0.0,,,,,6000,200,5,150,100|200|400,1091,399,5849,5,1131
deep,window_mean,pitch_rate,20,2.0,418944,0.9825067754844624,0.6222800343716562,1.3418810460639456,0.46390337778923296,0.9235131941570501,1.0638795219176695,384,0.4470640194792772,0.47949247480781343,id,0,True,0,0.0,,,,,6000,200,5,150,100|200|400,1091,399,5849,5,1131
deep,window_mean,pitch_rate,30,3.0,418944,0.9677700354208673,0.6129573104285474,1.6644452321714636,0.6619310199475876,0.9236561249822394,1.0477601016714702,384,0.6550122435383268,0.6685291853902483,id,0,True,0,0.0,,,,,6000,200,5,150,100|200|400,1091,399,5849,5,1131
deep,window_mean,pitch_rate,50,5.0,418944,0.9080051073765338,0.5749304644259061,1.5485057653903693,0.6561643296903679,0.9236585535052279,0.9830527784652779,384,0.6459784471071096,0.6647834936856741,id,0,True,0,0.0,,,,,6000,200,5,150,100|200|400,1091,399,5849,5,1131
deep,window_mean,pitch_rate,100,10.0,418944,0.9348255055900918,0.5887078727794274,1.274579834785688,0.46206844613065845,0.9237886815931622,1.0119473470684828,384,0.4402072975304868,0.4839200504255737,id,0,True,0,0.0,,,,,6000,200,5,150,100|200|400,1091,399,5849,5,1131
deep,window_mean,pitch_rate,150,15.0,418944,0.9291777050374875,0.5888472624667817,1.3066658062650982,0.4943284633394589,0.923677262965375,1.0059549393415335,384,0.48055422050227464,0.5076482493383594,id,0,True,0,0.0,,,,,6000,200,5,150,100|200|400,1091,399,5849,5,1131
deep,window_mean,heave_rate,10,1.0,418944,0.4747367165862271,0.3146000018577614,0.28518621353692575,-1.771076972870953,0.4494429055050756,1.056278140718957,384,-1.8727233500861502,-1.6624452369024043,id,0,True,0,0.0,,,,,6000,200,5,150,100|200|400,1091,399,5849,5,1131
deep,window_mean,heave_rate,20,2.0,418944,0.4866271131482528,0.3226089646360583,0.5351005334490926,0.1729689073149161,0.4494530144731941,1.0827096436735009,384,0.1447001579413224,0.20316384655105324,id,0,True,0,0.0,,,,,6000,200,5,150,100|200|400,1091,399,5849,5,1131
deep,window_mean,heave_rate,30,3.0,418944,0.4867210372341251,0.322381112585672,0.7214322878430781,0.544834763610516,0.4494430721740169,1.0829425735272535,384,0.5313047424065731,0.5585762862504873,id,0,True,0,0.0,,,,,6000,200,5,150,100|200|400,1091,399,5849,5,1131
deep,window_mean,heave_rate,50,5.0,418944,0.4588159544188129,0.30359637926182115,0.8521061512079104,0.7100723591964377,0.44946461013569566,1.0208055185485994,384,0.706033654841605,0.7139141349976247,id,0,True,0,0.0,,,,,6000,200,5,150,100|200|400,1091,399,5849,5,1131
deep,window_mean,heave_rate,100,10.0,418944,0.4424295208145701,0.2953925642921338,0.47926486717836025,0.14780887558119793,0.44945174911641034,0.9843760129632482,384,0.09285886117056215,0.20135167279784627,id,0,True,0,0.0,,,,,6000,200,5,150,100|200|400,1091,399,5849,5,1131
deep,window_mean,heave_rate,150,15.0,418944,0.46189259918310077,0.3052535006730289,0.6809671010495266,0.5399238229476357,0.44946344226262147,1.0276533211642538,384,0.5198782946974949,0.5582288924903662,id,0,True,0,0.0,,,,,6000,200,5,150,100|200|400,1091,399,5849,5,1131
deep,damped_persistence,roll,10,1.0,418944,2.4916723746632945,1.2905994801880978,1.9461019982798347,-0.6392707026878639,3.687222002970601,0.6757587074105885,384,-0.6572002913672053,-0.6193640974851484,id,0,True,6,0.12776377497357316,,,,,6000,200,5,150,100|200|400,1091,399,5849,5,1131
deep,damped_persistence,roll,20,2.0,418944,3.694524960012077,1.9064810841420978,3.747341945419572,0.02799038419601274,3.6877754460978944,1.0018302399408088,384,0.016770754408448465,0.040238202321211794,id,0,True,6,0.12776377497357316,,,,,6000,200,5,150,100|200|400,1091,399,5849,5,1131
deep,damped_persistence,roll,30,3.0,418944,4.135157317459517,2.124325756976008,5.271807875224931,0.38473115596979146,3.688478647638728,1.1211010588625046,384,0.37748855417572624,0.3922607279482692,id,0,True,6,0.12776377497357316,,,,,6000,200,5,150,100|200|400,1091,399,5849,5,1131
deep,damped_persistence,roll,50,5.0,418944,3.9314150886330963,2.0104694561969896,7.095209199845273,0.6929794889502647,3.69030276033271,1.0653367335851458,384,0.690035208844199,0.6960831793574155,id,0,True,6,0.12776377497357316,,,,,6000,200,5,150,100|200|400,1091,399,5849,5,1131
deep,damped_persistence,roll,100,10.0,418944,3.4249265621685914,1.7894873877182744,3.8042041036484933,0.18945914906758743,3.694076084821685,0.927140233045285,384,0.15354739787833757,0.22257656991082125,id,0,True,6,0.12776377497357316,,,,,6000,200,5,150,100|200|400,1091,399,5849,5,1131
deep,damped_persistence,roll,150,15.0,418944,4.112322240549667,2.0861544781477166,5.250462508623207,0.386550024239276,3.6967972023470375,1.112401361356479,384,0.3647831233127856,0.4069804336388401,id,0,True,6,0.12776377497357316,,,,,6000,200,5,150,100|200|400,1091,399,5849,5,1131
deep,damped_persistence,pitch,10,1.0,418944,0.9887819684664962,0.6256298569478322,0.8961445522125455,-0.21743263081666742,1.2403442750018743,0.7971834823561402,384,-0.25484695688002473,-0.18262206349565013,id,0,True,6,0.12776377497357316,,,,,6000,200,5,150,100|200|400,1091,399,5849,5,1131
deep,damped_persistence,pitch,20,2.0,418944,1.3098372648978993,0.8266564263597471,1.6391044953318454,0.3614110472911596,1.240393189409016,1.0559855343304245,384,0.34128191658787693,0.38022316708394316,id,0,True,6,0.12776377497357316,,,,,6000,200,5,150,100|200|400,1091,399,5849,5,1131
deep,damped_persistence,pitch,30,3.0,418944,1.3536740370791425,0.8510425681823468,2.1211392967275144,0.5927230618861523,1.2402854523142828,1.0914213615529271,384,0.5811068823958665,0.6038946087052715,id,0,True,6,0.12776377497357316,,,,,6000,200,5,150,100|200|400,1091,399,5849,5,1131
deep,damped_persistence,pitch,50,5.0,418944,1.2495090314957111,0.7831441950593837,2.2310378683549135,0.6863358273704578,1.240068055500173,1.0076132724761868,384,0.6805661587332796,0.6913360005804704,id,0,True,6,0.12776377497357316,,,,,6000,200,5,150,100|200|400,1091,399,5849,5,1131
deep,damped_persistence,pitch,100,10.0,418944,1.240749051155904,0.7804681005619329,1.5609168249297358,0.36815816190418726,1.2401273775213297,1.000501298210041,384,0.3376568980265399,0.3992998687342466,id,0,True,6,0.12776377497357316,,,,,6000,200,5,150,100|200|400,1091,399,5849,5,1131
deep,damped_persistence,pitch,150,15.0,418944,1.259236070140789,0.7922033878162053,1.7818458998404407,0.5005706895813239,1.2404643096284043,1.0151328501486738,384,0.4809171221741499,0.5189060896979439,id,0,True,6,0.12776377497357316,,,,,6000,200,5,150,100|200|400,1091,399,5849,5,1131
deep,damped_persistence,heave,10,1.0,418944,0.5338027488403506,0.34546731086738164,0.44162565007972127,-0.46100947446073137,0.7586744785454769,0.7035991903454455,384,-0.5001915326672567,-0.42018360015326467,id,0,True,6,0.12776377497357316,,,,,6000,200,5,150,100|200|400,1091,399,5849,5,1131
deep,damped_persistence,heave,20,2.0,418944,0.7663118258085049,0.49344614525466063,0.8379625081057451,0.1637004185642047,0.7587896097620423,1.0099134410246096,384,0.14100194285372136,0.18822265463200977,id,0,True,6,0.12776377497357316,,,,,6000,200,5,150,100|200|400,1091,399,5849,5,1131
deep,damped_persistence,heave,30,3.0,418944,0.8408392699132784,0.5375444273003155,1.1508797208863502,0.4662153291319956,0.758921162789381,1.10794020662543,384,0.4513246509624676,0.4817791886086164,id,0,True,6,0.12776377497357316,,,,,6000,200,5,150,100|200|400,1091,399,5849,5,1131
deep,damped_persistence,heave,50,5.0,418944,0.8061513413138338,0.5096543160037598,1.441163548726843,0.6870992357930203,0.7589656362018378,1.0621710692306596,384,0.6810238116915648,0.6933028212955815,id,0,True,6,0.12776377497357316,,,,,6000,200,5,150,100|200|400,1091,399,5849,5,1131
deep,damped_persistence,heave,100,10.0,418944,0.7310276092176256,0.47209778324750373,0.834510527562901,0.2326315850850128,0.7592839391596414,0.9627855555942756,384,0.16436711472345114,0.2889288005597324,id,0,True,6,0.12776377497357316,,,,,6000,200,5,150,100|200|400,1091,399,5849,5,1131
deep,damped_persistence,heave,150,15.0,418944,0.790454357438764,0.5002921299695807,1.1055277079321404,0.48877235315000955,0.759468366891061,1.040799580204435,384,0.45975081112176314,0.517007420560828,id,0,True,6,0.12776377497357316,,,,,6000,200,5,150,100|200|400,1091,399,5849,5,1131
deep,damped_persistence,roll_rate,10,1.0,418944,1.3503175095764595,0.7284450569197222,1.0679896361750225,-0.598592318540802,1.9709759416747037,0.6851009598976223,384,-0.6211424336088751,-0.5737457122341915,id,0,True,6,0.12776377497357316,,,,,6000,200,5,150,100|200|400,1091,399,5849,5,1131
deep,damped_persistence,roll_rate,20,2.0,418944,1.98426719252875,1.0652228220240718,2.04926284907427,0.06242726339539195,1.9713738906856482,1.0065402620497412,384,0.04929612958085347,0.07678488500903535,id,0,True,6,0.12776377497357316,,,,,6000,200,5,150,100|200|400,1091,399,5849,5,1131
deep,damped_persistence,roll_rate,30,3.0,418944,2.2040496475616806,1.176196767680514,2.8671756232230625,0.40907256310565143,1.971717923838755,1.11783213050607,384,0.40125320146909393,0.41756071020903845,id,0,True,6,0.12776377497357316,,,,,6000,200,5,150,100|200|400,1091,399,5849,5,1131
deep,damped_persistence,roll_rate,50,5.0,418944,2.0789542935640344,1.1034442510539695,3.8003090696362802,0.7007376745071964,1.9722164496629107,1.0541207553153547,384,0.698182727468863,0.7032552974970822,id,0,True,6,0.12776377497357316,,,,,6000,200,5,150,100|200|400,1091,399,5849,5,1131
deep,damped_persistence,roll_rate,100,10.0,418944,1.8532737975449172,1.0049028885272249,1.9637399394759982,0.1093414838002954,1.9739519724102126,0.9388646853864705,384,0.07090100152973673,0.14672648180733283,id,0,True,6,0.12776377497357316,,,,,6000,200,5,150,100|200|400,1091,399,5849,5,1131
deep,damped_persistence,roll_rate,150,15.0,418944,2.1791557522765603,1.145213492555628,2.896430496995325,0.43395583122386494,1.975553636862926,1.1030607884364727,384,0.41390009968723784,0.45280851427401847,id,0,True,6,0.12776377497357316,,,,,6000,200,5,150,100|200|400,1091,399,5849,5,1131
deep,damped_persistence,pitch_rate,10,1.0,418944,0.7859156325789199,0.496026665646414,0.7531298125402182,-0.088960623023709,0.9234044534650131,0.8511066084095917,384,-0.11743014314364018,-0.0625129883800755,id,0,True,6,0.12776377497357316,,,,,6000,200,5,150,100|200|400,1091,399,5849,5,1131
deep,damped_persistence,pitch_rate,20,2.0,418944,0.9869969239631936,0.6241595736266912,1.3418810460639456,0.45899215691666906,0.9235131941570501,1.068741551509818,384,0.445503977047225,0.4714269111417503,id,0,True,6,0.12776377497357316,,,,,6000,200,5,150,100|200|400,1091,399,5849,5,1131
deep,damped_persistence,pitch_rate,30,3.0,418944,0.9879837195712082,0.6254454711816788,1.6644452321714636,0.6476611298223677,0.9236561249822394,1.0696445277079776,384,0.6411532453801044,0.6538525724275902,id,0,True,6,0.12776377497357316,,,,,6000,200,5,150,100|200|400,1091,399,5849,5,1131
deep,damped_persistence,pitch_rate,50,5.0,418944,0.9097921591402996,0.5760422174831685,1.5485057653903693,0.6548095866607442,0.9236585535052279,0.9849875321217932,384,0.6447299378499224,0.663354399690211,id,0,True,6,0.12776377497357316,,,,,6000,200,5,150,100|200|400,1091,399,5849,5,1131
deep,damped_persistence,pitch_rate,100,10.0,418944,0.9348243420277652,0.5887070800507728,1.274579834785688,0.4620697852393951,0.9237886815931622,1.011946087513836,384,0.4402095428546244,0.48392051075945824,id,0,True,6,0.12776377497357316,,,,,6000,200,5,150,100|200|400,1091,399,5849,5,1131
deep,damped_persistence,pitch_rate,150,15.0,418944,0.9291777043709947,0.5888472615938873,1.3066658062650982,0.4943284640648884,0.923677262965375,1.0059549386199689,384,0.4805542236357423,0.5076482475541487,id,0,True,6,0.12776377497357316,,,,,6000,200,5,150,100|200|400,1091,399,5849,5,1131
deep,damped_persistence,heave_rate,10,1.0,418944,0.3331914725874601,0.2234320117228571,0.28518621353692575,-0.36499387234441927,0.4494429055050756,0.7413432685360241,384,-0.39946904801741423,-0.32798421767840624,id,0,True,6,0.12776377497357316,,,,,6000,200,5,150,100|200|400,1091,399,5849,5,1131
deep,damped_persistence,heave_rate,20,2.0,418944,0.4627180552642694,0.30933827810170506,0.5351005334490926,0.25224018169210616,0.4494530144731941,1.0295137430697252,384,0.23282138846082331,0.2728464845136668,id,0,True,6,0.12776377497357316,,,,,6000,200,5,150,100|200|400,1091,399,5849,5,1131
deep,damped_persistence,heave_rate,30,3.0,418944,0.49494697863747733,0.3292846631772081,0.7214322878430781,0.5293195020253454,0.4494430721740169,1.101245094831147,384,0.5176379028016288,0.5410931331538597,id,0,True,6,0.12776377497357316,,,,,6000,200,5,150,100|200|400,1091,399,5849,5,1131
deep,damped_persistence,heave_rate,50,5.0,418944,0.46441819611208124,0.3072067787915848,0.8521061512079104,0.7029489761028882,0.44946461013569566,1.0332697739469878,384,0.6989938125161175,0.7066989174385827,id,0,True,6,0.12776377497357316,,,,,6000,200,5,150,100|200|400,1091,399,5849,5,1131
deep,damped_persistence,heave_rate,100,10.0,418944,0.4423760181801138,0.29536175289213207,0.47926486717836025,0.1480149726485097,0.44945174911641034,0.984256973189654,384,0.09309592997602822,0.20152825628070162,id,0,True,6,0.12776377497357316,,,,,6000,200,5,150,100|200|400,1091,399,5849,5,1131
deep,damped_persistence,heave_rate,150,15.0,418944,0.4618928140921538,0.3052536146195584,0.6809671010495266,0.5399233948197171,0.44946344226262147,1.0276537993100445,384,0.5198780175352818,0.5582283166362159,id,0,True,6,0.12776377497357316,,,,,6000,200,5,150,100|200|400,1091,399,5849,5,1131
deep,ar10,roll,10,1.0,418944,0.009098101823840075,0.006412699576995119,1.9461019982798347,0.9999781440147498,3.687222002970601,0.0024674678705296866,384,0.9999735929316682,0.9999814529370858,id,0,True,54900,0.017902615974890068,,,,,6000,200,5,150,100|200|400,1091,399,5849,5,1131
deep,ar10,roll,20,2.0,418944,0.06943378598731154,0.04931544927309071,3.747341945419572,0.9996566832091253,3.6877754460978944,0.01882809487784316,384,0.9995888718740364,0.9997067141149447,id,0,True,54900,0.017902615974890068,,,,,6000,200,5,150,100|200|400,1091,399,5849,5,1131
deep,ar10,roll,30,3.0,418944,0.21912786291621683,0.1565448626326866,5.271807875224931,0.9982722692717776,3.688478647638728,0.059408738357885585,384,0.9979485320652446,0.9985021897318913,id,0,True,54900,0.017902615974890068,,,,,6000,200,5,150,100|200|400,1091,399,5849,5,1131
deep,ar10,roll,50,5.0,418944,0.6680919946559113,0.4693825976491688,7.095209199845273,0.991133706047434,3.69030276033271,0.181039886980893,384,0.9895966653203171,0.9922160922004127,id,0,True,54900,0.017902615974890068,,,,,6000,200,5,150,100|200|400,1091,399,5849,5,1131
deep,ar10,roll,100,10.0,418944,1.1123421120971653,0.7772506276590004,3.8042041036484933,0.914503341865585,3.694076084821685,0.30111510606605674,384,0.901188231013425,0.9242206339305695,id,0,True,54900,0.017902615974890068,,,,,6000,200,5,150,100|200|400,1091,399,5849,5,1131
deep,ar10,roll,150,15.0,418944,1.6984822156087163,1.1330344633309197,5.250462508623207,0.8953529755005621,3.6967972023470375,0.4594469543880787,384,0.8837556850298166,0.9047803414260012,id,0,True,54900,0.017902615974890068,,,,,6000,200,5,150,100|200|400,1091,399,5849,5,1131
deep,ar10,pitch,10,1.0,418944,0.011161724182701945,0.007238454665580039,0.8961445522125455,0.9998448661984727,1.2403442750018743,0.008998892007370356,384,0.9998219012985964,0.999865082203971,id,0,True,54900,0.017902615974890068,,,,,6000,200,5,150,100|200|400,1091,399,5849,5,1131
deep,ar10,pitch,20,2.0,418944,0.10915394129000097,0.07246942459697403,1.6391044953318454,0.9955652865748138,1.240393189409016,0.08799946841211474,384,0.9949642162838624,0.9960903779167939,id,0,True,54900,0.017902615974890068,,,,,6000,200,5,150,100|200|400,1091,399,5849,5,1131
deep,ar10,pitch,30,3.0,418944,0.3384085899231949,0.2305931203281494,2.1211392967275144,0.9745466835520404,1.2402854523142828,0.27284734275625744,384,0.9715990113059795,0.9771673639840422,id,0,True,54900,0.017902615974890068,,,,,6000,200,5,150,100|200|400,1091,399,5849,5,1131
deep,ar10,pitch,50,5.0,418944,0.6481387568622639,0.44501679910712544,2.2310378683549135,0.9156039540342291,1.240068055500173,0.5226638602514775,384,0.9068188368914608,0.9229396546659326,id,0,True,54900,0.017902615974890068,,,,,6000,200,5,150,100|200|400,1091,399,5849,5,1131
deep,ar10,pitch,100,10.0,418944,1.0632637508179414,0.7065562153437189,1.5609168249297358,0.5359951796215836,1.2401273775213297,0.8573826931739145,384,0.522356215886793,0.5495680493531502,id,0,True,54900,0.017902615974890068,,,,,6000,200,5,150,100|200|400,1091,399,5849,5,1131
deep,ar10,pitch,150,15.0,418944,1.2290730836285038,0.7974401929610014,1.7818458998404407,0.5242101953779521,1.2404643096284043,0.9908169659445398,384,0.5029083244221516,0.5418619100111671,id,0,True,54900,0.017902615974890068,,,,,6000,200,5,150,100|200|400,1091,399,5849,5,1131
deep,ar10,heave,10,1.0,418944,0.0026769307881015832,0.001872693275077054,0.44162565007972127,0.9999632577535507,0.7586744785454769,0.0035284313151455527,384,0.9999587789233104,0.9999671477377029,id,0,True,54900,0.017902615974890068,,,,,6000,200,5,150,100|200|400,1091,399,5849,5,1131
deep,ar10,heave,20,2.0,418944,0.022393795316786425,0.015617412699798166,0.8379625081057451,0.999285822386454,0.7587896097620423,0.029512522349652567,384,0.9991973518044572,0.9993613592195555,id,0,True,54900,0.017902615974890068,,,,,6000,200,5,150,100|200|400,1091,399,5849,5,1131
deep,ar10,heave,30,3.0,418944,0.0761135576049088,0.05295110734219264,1.1508797208863502,0.995626147148593,0.758921162789381,0.10029178436025792,384,0.9951006986676881,0.996085181741042,id,0,True,54900,0.017902615974890068,,,,,6000,200,5,150,100|200|400,1091,399,5849,5,1131
deep,ar10,heave,50,5.0,418944,0.2590541325656481,0.176955911954642,1.441163548726843,0.9676886940530499,0.7589656362018378,0.3413252461100304,384,0.9644958620481763,0.9706871257678193,id,0,True,54900,0.017902615974890068,,,,,6000,200,5,150,100|200|400,1091,399,5849,5,1131
deep,ar10,heave,100,10.0,418944,0.49651995273478555,0.33692978019811276,0.834510527562901,0.6459946942487833,0.7592839391596414,0.6539318522716585,384,0.61183934225687,0.6758048610575502,id,0,True,54900,0.017902615974890068,,,,,6000,200,5,150,100|200|400,1091,399,5849,5,1131
deep,ar10,heave,150,15.0,418944,0.6512292294363257,0.44195907493305875,1.1055277079321404,0.6530007738073245,0.759468366891061,0.8574803873691011,384,0.6264691791691047,0.6761185824948842,id,0,True,54900,0.017902615974890068,,,,,6000,200,5,150,100|200|400,1091,399,5849,5,1131
deep,ar10,roll_rate,10,1.0,418944,0.02594076863699113,0.018302448800708793,1.0679896361750225,0.9994100277236779,1.9709759416747037,0.013161382687882894,384,0.9992957052934662,0.9994935720784394,id,0,True,54900,0.017902615974890068,,,,,6000,200,5,150,100|200|400,1091,399,5849,5,1131
deep,ar10,roll_rate,20,2.0,418944,0.1035045436386138,0.07376403605150852,2.04926284907427,0.9974489234183687,1.9713738906856482,0.05250376102050063,384,0.9969922767338059,0.9977739065464306,id,0,True,54900,0.017902615974890068,,,,,6000,200,5,150,100|200|400,1091,399,5849,5,1131
deep,ar10,roll_rate,30,3.0,418944,0.20177737658635514,0.1439971514058159,2.8671756232230625,0.995047364671723,1.971717923838755,0.10233582306413941,384,0.9942201644566703,0.99563441267256,id,0,True,54900,0.017902615974890068,,,,,6000,200,5,150,100|200|400,1091,399,5849,5,1131
deep,ar10,roll_rate,50,5.0,418944,0.29562341246282486,0.20533658996869558,3.8003090696362802,0.9939488235711282,1.9722164496629107,0.14989399997822375,384,0.9930003064660496,0.9946531345270087,id,0,True,54900,0.017902615974890068,,,,,6000,200,5,150,100|200|400,1091,399,5849,5,1131
deep,ar10,roll_rate,100,10.0,418944,0.7195417506278128,0.4964303543062058,1.9637399394759982,0.8657408013361297,1.9739519724102126,0.3645183675615198,384,0.84791739165443,0.8789836257952308,id,0,True,54900,0.017902615974890068,,,,,6000,200,5,150,100|200|400,1091,399,5849,5,1131
deep,ar10,roll_rate,150,15.0,418944,1.05325616201689,0.7090339005006289,2.896430496995325,0.8677664083749019,1.975553636862926,0.5331448067840895,384,0.8545549408344517,0.8789305029828375,id,0,True,54900,0.017902615974890068,,,,,6000,200,5,150,100|200|400,1091,399,5849,5,1131
deep,ar10,pitch_rate,10,1.0,418944,0.03680751496168067,0.0239529909123494,0.7531298125402182,0.9976114556162153,0.9234044534650131,0.039860664331391245,384,0.997328893317021,0.9978699754651796,id,0,True,54900,0.017902615974890068,,,,,6000,200,5,150,100|200|400,1091,399,5849,5,1131
deep,ar10,pitch_rate,20,2.0,418944,0.1735991441669275,0.1167148831432467,1.3418810460639456,0.9832634044039117,0.9235131941570501,0.18797689655683003,384,0.981536140114038,0.9848355813413203,id,0,True,54900,0.017902615974890068,,,,,6000,200,5,150,100|200|400,1091,399,5849,5,1131
deep,ar10,pitch_rate,30,3.0,418944,0.283582821843334,0.1954731483901245,1.6644452321714636,0.9709717522841544,0.9236561249822394,0.3070220769106976,384,0.9678824426380919,0.9736514871567682,id,0,True,54900,0.017902615974890068,,,,,6000,200,5,150,100|200|400,1091,399,5849,5,1131
deep,ar10,pitch_rate,50,5.0,418944,0.46844923939624566,0.2974719745001158,1.5485057653903693,0.9084834956687557,0.9236585535052279,0.5071671102037754,384,0.8968250630639333,0.9182304696277163,id,0,True,54900,0.017902615974890068,,,,,6000,200,5,150,100|200|400,1091,399,5849,5,1131
deep,ar10,pitch_rate,100,10.0,418944,0.840391350424489,0.5561436259512119,1.274579834785688,0.5652605402626683,0.9237886815931622,0.9097225016603944,384,0.5493778374499464,0.5794480947120852,id,0,True,54900,0.017902615974890068,,,,,6000,200,5,150,100|200|400,1091,399,5849,5,1131
deep,ar10,pitch_rate,150,15.0,418944,0.9138330041003941,0.585340881160283,1.3066658062650982,0.5108921587133748,0.923677262965375,0.989342317647425,384,0.49530051239933964,0.5248633584479047,id,0,True,54900,0.017902615974890068,,,,,6000,200,5,150,100|200|400,1091,399,5849,5,1131
deep,ar10,heave_rate,10,1.0,418944,0.00790208156067203,0.005519955602048355,0.28518621353692575,0.9992322391515535,0.4494429055050756,0.01758194748183157,384,0.999146289643306,0.9993051372102953,id,0,True,54900,0.017902615974890068,,,,,6000,200,5,150,100|200|400,1091,399,5849,5,1131
deep,ar10,heave_rate,20,2.0,418944,0.035098939447563725,0.024435772411929502,0.5351005334490926,0.9956975362479454,0.4494530144731941,0.07809256655827161,384,0.9952141444671362,0.9961154332296974,id,0,True,54900,0.017902615974890068,,,,,6000,200,5,150,100|200|400,1091,399,5849,5,1131
deep,ar10,heave_rate,30,3.0,418944,0.0748291723729164,0.05172820224657636,0.7214322878430781,0.9892415245540389,0.4494430721740169,0.16649310447918927,384,0.988083483713472,0.9902513055483076,id,0,True,54900,0.017902615974890068,,,,,6000,200,5,150,100|200|400,1091,399,5849,5,1131
deep,ar10,heave_rate,50,5.0,418944,0.1247928297590403,0.08348780293488872,0.8521061512079104,0.9785517499248558,0.44946461013569566,0.27764773231281703,384,0.9765223847496148,0.9803576046751615,id,0,True,54900,0.017902615974890068,,,,,6000,200,5,150,100|200|400,1091,399,5849,5,1131
deep,ar10,heave_rate,100,10.0,418944,0.3084426988617058,0.2103747601939832,0.47926486717836025,0.5858117243694476,0.44945174911641034,0.686264319736394,384,0.5700722793375291,0.6019465464659423,id,0,True,54900,0.017902615974890068,,,,,6000,200,5,150,100|200|400,1091,399,5849,5,1131
deep,ar10,heave_rate,150,15.0,418944,0.4120356629932139,0.2794701110020823,0.6809671010495266,0.6338851430107961,0.44946344226262147,0.9167278676081102,384,0.6099323371585261,0.6551892644786066,id,0,True,54900,0.017902615974890068,,,,,6000,200,5,150,100|200|400,1091,399,5849,5,1131
deep,ar20,roll,10,1.0,418944,0.007393256278769491,0.005028496630821559,1.9461019982798347,0.9999855675412671,3.687222002970601,0.0020051020179455248,384,0.9999816850126096,0.9999882838410843,id,0,True,108900,0.06191736101754941,,,,,6000,200,5,150,100|200|400,1091,399,5849,5,1131
deep,ar20,roll,20,2.0,418944,0.05767127479259968,0.0401012910294049,3.747341945419572,0.9997631505099135,3.6877754460978944,0.01563849958750139,384,0.9997041985193649,0.999803922541395,id,0,True,108900,0.06191736101754941,,,,,6000,200,5,150,100|200|400,1091,399,5849,5,1131
deep,ar20,roll,30,3.0,418944,0.19020031342875787,0.13492050691867702,5.271807875224931,0.9986983227711891,3.688478647638728,0.05156606058991812,384,0.9984002813411191,0.9988981291918982,id,0,True,108900,0.06191736101754941,,,,,6000,200,5,150,100|200|400,1091,399,5849,5,1131
deep,ar20,roll,50,5.0,418944,0.6159070259934895,0.4362036305239489,7.095209199845273,0.9924647111165111,3.69030276033271,0.16689877931261135,384,0.9910365231444235,0.9934183680889803,id,0,True,108900,0.06191736101754941,,,,,6000,200,5,150,100|200|400,1091,399,5849,5,1131
deep,ar20,roll,100,10.0,418944,1.0281617950967274,0.7306924967728844,3.8042041036484933,0.9269541907558629,3.694076084821685,0.2783271842508239,384,0.9143238244840649,0.9358327877827184,id,0,True,108900,0.06191736101754941,,,,,6000,200,5,150,100|200|400,1091,399,5849,5,1131
deep,ar20,roll,150,15.0,418944,1.586532282259243,1.0953271846776311,5.250462508623207,0.9086932881040535,3.6967972023470375,0.42916400208590805,384,0.8975934012371624,0.9169992824800234,id,0,True,108900,0.06191736101754941,,,,,6000,200,5,150,100|200|400,1091,399,5849,5,1131
deep,ar20,pitch,10,1.0,418944,0.008374529801378863,0.0054080149700873985,0.8961445522125455,0.9999126697453055,1.2403442750018743,0.006751778494213801,384,0.9998989091926328,0.999924380432662,id,0,True,108900,0.06191736101754941,,,,,6000,200,5,150,100|200|400,1091,399,5849,5,1131
deep,ar20,pitch,20,2.0,418944,0.0818733429906363,0.054547046767800894,1.6391044953318454,0.9975049930234462,1.240393189409016,0.06600595979541354,384,0.9971635479708186,0.9978025643590722,id,0,True,108900,0.06191736101754941,,,,,6000,200,5,150,100|200|400,1091,399,5849,5,1131
deep,ar20,pitch,30,3.0,418944,0.2669896604178409,0.18273835489969747,2.1211392967275144,0.9841565226912153,1.2402854523142828,0.2152646875924067,384,0.9823438553950782,0.9858089995679891,id,0,True,108900,0.06191736101754941,,,,,6000,200,5,150,100|200|400,1091,399,5849,5,1131
deep,ar20,pitch,50,5.0,418944,0.6009572042425595,0.4125109329473487,2.2310378683549135,0.9274440207280976,1.240068055500173,0.4846163092235833,384,0.9202975231784356,0.9335828327296296,id,0,True,108900,0.06191736101754941,,,,,6000,200,5,150,100|200|400,1091,399,5849,5,1131
deep,ar20,pitch,100,10.0,418944,1.052014577316541,0.6969130509768295,1.5609168249297358,0.5457614470281205,1.2401273775213297,0.8483117108657225,384,0.5325372021481568,0.5591144198296976,id,0,True,108900,0.06191736101754941,,,,,6000,200,5,150,100|200|400,1091,399,5849,5,1131
deep,ar20,pitch,150,15.0,418944,1.2236281857131859,0.7934526763815136,1.7818458998404407,0.5284164360016572,1.2404643096284043,0.9864275628210039,384,0.5072030770336099,0.5461281105795375,id,0,True,108900,0.06191736101754941,,,,,6000,200,5,150,100|200|400,1091,399,5849,5,1131
deep,ar20,heave,10,1.0,418944,0.001837749335172476,0.0012650525446085813,0.44162565007972127,0.9999826833464123,0.7586744785454769,0.002422316009226764,384,0.9999804333735816,0.9999846587288497,id,0,True,108900,0.06191736101754941,,,,,6000,200,5,150,100|200|400,1091,399,5849,5,1131
deep,ar20,heave,20,2.0,418944,0.016075525462985137,0.01104342385969668,0.8379625081057451,0.9996319717306652,0.7587896097620423,0.021185748007311864,384,0.9995839133994441,0.9996746040812733,id,0,True,108900,0.06191736101754941,,,,,6000,200,5,150,100|200|400,1091,399,5849,5,1131
deep,ar20,heave,30,3.0,418944,0.05883726775946104,0.04022535507529839,1.1508797208863502,0.9973863639069311,0.758921162789381,0.0775275096338166,384,0.9970496222007977,0.9976808359910914,id,0,True,108900,0.06191736101754941,,,,,6000,200,5,150,100|200|400,1091,399,5849,5,1131
deep,ar20,heave,50,5.0,418944,0.2256469072600221,0.15112487666409186,1.441163548726843,0.9754849810765925,0.7589656362018378,0.29730846364698127,384,0.9725981294946929,0.9780394067447372,id,0,True,108900,0.06191736101754941,,,,,6000,200,5,150,100|200|400,1091,399,5849,5,1131
deep,ar20,heave,100,10.0,418944,0.47512308264778846,0.3215278139903322,0.834510527562901,0.6758480634724475,0.7592839391596414,0.6257515247506014,384,0.6410713866739262,0.7044672797350571,id,0,True,108900,0.06191736101754941,,,,,6000,200,5,150,100|200|400,1091,399,5849,5,1131
deep,ar20,heave,150,15.0,418944,0.6310844288522915,0.4308664901531616,1.1055277079321404,0.6741365390761241,0.759468366891061,0.8309555162062662,384,0.6493398167613064,0.6952362857193135,id,0,True,108900,0.06191736101754941,,,,,6000,200,5,150,100|200|400,1091,399,5849,5,1131
deep,ar20,roll_rate,10,1.0,418944,0.02089522484880266,0.014292407996336243,1.0679896361750225,0.9996172104959198,1.9709759416747037,0.010601461137596817,384,0.9995218938287947,0.9996854896574179,id,0,True,108900,0.06191736101754941,,,,,6000,200,5,150,100|200|400,1091,399,5849,5,1131
deep,ar20,roll_rate,20,2.0,418944,0.08816739353303582,0.062068923474674416,2.04926284907427,0.9981489392570533,1.9713738906856482,0.044723831409967094,384,0.997737461889621,0.9984378574169428,id,0,True,108900,0.06191736101754941,,,,,6000,200,5,150,100|200|400,1091,399,5849,5,1131
deep,ar20,roll_rate,30,3.0,418944,0.1812912888949488,0.1298811845005085,2.8671756232230625,0.9960019770574559,1.971717923838755,0.0919458542741201,384,0.995210628312872,0.9965321276155219,id,0,True,108900,0.06191736101754941,,,,,6000,200,5,150,100|200|400,1091,399,5849,5,1131
deep,ar20,roll_rate,50,5.0,418944,0.26816005618116073,0.18600420890457145,3.8003090696362802,0.9950209058368689,1.9722164496629107,0.13596887716203482,384,0.9942635657489693,0.995601161541702,id,0,True,108900,0.06191736101754941,,,,,6000,200,5,150,100|200|400,1091,399,5849,5,1131
deep,ar20,roll_rate,100,10.0,418944,0.6685345404749514,0.4612060296456372,1.9637399394759982,0.8841009824312347,1.9739519724102126,0.3386782200474031,384,0.8686002013849616,0.8960466616098833,id,0,True,108900,0.06191736101754941,,,,,6000,200,5,150,100|200|400,1091,399,5849,5,1131
deep,ar20,roll_rate,150,15.0,418944,1.0063772390907348,0.6807630466761081,2.896430496995325,0.879275507430122,1.975553636862926,0.5094152951922927,384,0.8671324446587746,0.889555715287558,id,0,True,108900,0.06191736101754941,,,,,6000,200,5,150,100|200|400,1091,399,5849,5,1131
deep,ar20,pitch_rate,10,1.0,418944,0.027147466251470836,0.01765050797940012,0.7531298125402182,0.9987006716184611,0.9234044534650131,0.029399323502937197,384,0.9985435227746969,0.998843605787245,id,0,True,108900,0.06191736101754941,,,,,6000,200,5,150,100|200|400,1091,399,5849,5,1131
deep,ar20,pitch_rate,20,2.0,418944,0.13371915397071332,0.09028563405697441,1.3418810460639456,0.9900697723855783,0.9235131941570501,0.1447939832551796,384,0.9890469640412705,0.9910078421167597,id,0,True,108900,0.06191736101754941,,,,,6000,200,5,150,100|200|400,1091,399,5849,5,1131
deep,ar20,pitch_rate,30,3.0,418944,0.24508347944140693,0.16854568367372452,1.6644452321714636,0.9783185134327035,0.9236561249822394,0.2653406097925454,384,0.9760949988606624,0.9802639687152878,id,0,True,108900,0.06191736101754941,,,,,6000,200,5,150,100|200|400,1091,399,5849,5,1131
deep,ar20,pitch_rate,50,5.0,418944,0.4280935421978543,0.27720730673641925,1.5485057653903693,0.9235721399356924,0.9236585535052279,0.46347596801141006,384,0.9143421663949384,0.9316856594196862,id,0,True,108900,0.06191736101754941,,,,,6000,200,5,150,100|200|400,1091,399,5849,5,1131
deep,ar20,pitch_rate,100,10.0,418944,0.8204042786004762,0.5490790906880513,1.274579834785688,0.5856935000309815,0.9237886815931622,0.8880865234088063,384,0.571938667697465,0.599302193566403,id,0,True,108900,0.06191736101754941,,,,,6000,200,5,150,100|200|400,1091,399,5849,5,1131
deep,ar20,pitch_rate,150,15.0,418944,0.9095217254419998,0.5863383381102172,1.3066658062650982,0.5154962954117345,0.923677262965375,0.9846748013717148,384,0.4998996993969622,0.5297787429056194,id,0,True,108900,0.06191736101754941,,,,,6000,200,5,150,100|200|400,1091,399,5849,5,1131
deep,ar20,heave_rate,10,1.0,418944,0.005410858499589673,0.003723442913926575,0.28518621353692575,0.9996400225472992,0.4494429055050756,0.012039034176118657,384,0.9995990008888137,0.9996767679683745,id,0,True,108900,0.06191736101754941,,,,,6000,200,5,150,100|200|400,1091,399,5849,5,1131
deep,ar20,heave_rate,20,2.0,418944,0.02626396470656859,0.017994298810398348,0.5351005334490926,0.9975909278645632,0.4494530144731941,0.05843539560492814,384,0.9973116272502326,0.9978504399667992,id,0,True,108900,0.06191736101754941,,,,,6000,200,5,150,100|200|400,1091,399,5849,5,1131
deep,ar20,heave_rate,30,3.0,418944,0.0618148363872832,0.041876434502729064,0.7214322878430781,0.9926583395019404,0.4494430721740169,0.13753652067274388,384,0.9918329413757339,0.9934294795391904,id,0,True,108900,0.06191736101754941,,,,,6000,200,5,150,100|200|400,1091,399,5849,5,1131
deep,ar20,heave_rate,50,5.0,418944,0.11048692697247146,0.07330916964212841,0.8521061512079104,0.9831874190597457,0.44946461013569566,0.24581896879292653,384,0.9815049101990401,0.9846310390641022,id,0,True,108900,0.06191736101754941,,,,,6000,200,5,150,100|200|400,1091,399,5849,5,1131
deep,ar20,heave_rate,100,10.0,418944,0.28923602851498353,0.19638230340870588,0.47926486717836025,0.6357885529467473,0.44945174911641034,0.6435307662804755,384,0.6188004542074701,0.6526589858045264,id,0,True,108900,0.06191736101754941,,,,,6000,200,5,150,100|200|400,1091,399,5849,5,1131
deep,ar20,heave_rate,150,15.0,418944,0.4031254511631495,0.27341348351034345,0.6809671010495266,0.6495482971488675,0.44946344226262147,0.8969037595889797,384,0.6256234336056348,0.6711208705778552,id,0,True,108900,0.06191736101754941,,,,,6000,200,5,150,100|200|400,1091,399,5849,5,1131
deep,ar40,roll,10,1.0,418944,0.005759478478707879,0.003896265413434426,1.9461019982798347,0.9999912413913362,3.687222002970601,0.0015620102272300854,384,0.9999888859293631,0.9999928975213672,id,0,True,216900,0.16494473698548973,,,,,6000,200,5,150,100|200|400,1091,399,5849,5,1131
deep,ar40,roll,20,2.0,418944,0.045640688178313495,0.03152040731898911,3.747341945419572,0.9998516601895697,3.6877754460978944,0.012376211308258148,384,0.999815089415485,0.9998777804618015,id,0,True,216900,0.16494473698548973,,,,,6000,200,5,150,100|200|400,1091,399,5849,5,1131
deep,ar40,roll,30,3.0,418944,0.15715692309260837,0.11067495676306503,5.271807875224931,0.999111314926675,3.688478647638728,0.04260751873762813,384,0.9989157153785458,0.9992496571978385,id,0,True,216900,0.16494473698548973,,,,,6000,200,5,150,100|200|400,1091,399,5849,5,1131
deep,ar40,roll,50,5.0,418944,0.5479114014820343,0.38847847348411696,7.095209199845273,0.9940366504687608,3.69030276033271,0.14847329259039868,384,0.9929562415379937,0.9947671517022947,id,0,True,216900,0.16494473698548973,,,,,6000,200,5,150,100|200|400,1091,399,5849,5,1131
deep,ar40,roll,100,10.0,418944,0.9852485093332928,0.6972822587717258,3.8042041036484933,0.9329244946292101,3.694076084821685,0.26671039976179894,384,0.9215070440124629,0.9410145211807908,id,0,True,216900,0.16494473698548973,,,,,6000,200,5,150,100|200|400,1091,399,5849,5,1131
deep,ar40,roll,150,15.0,418944,1.5417232326642858,1.0583171315473967,5.250462508623207,0.9137780758397581,3.6967972023470375,0.41704295590936674,384,0.9034437763724452,0.9220490535660123,id,0,True,216900,0.16494473698548973,,,,,6000,200,5,150,100|200|400,1091,399,5849,5,1131
deep,ar40,pitch,10,1.0,418944,0.006914549870203959,0.004492967297225969,0.8961445522125455,0.9999404650917696,1.2403442750018743,0.00557470212872431,384,0.9999316917776608,0.9999478707312249,id,0,True,216900,0.16494473698548973,,,,,6000,200,5,150,100|200|400,1091,399,5849,5,1131
deep,ar40,pitch,20,2.0,418944,0.06838360851392628,0.04617650616767744,1.6391044953318454,0.9982594329984958,1.240393189409016,0.055130590120788685,384,0.9980542326078987,0.998441414548038,id,0,True,216900,0.16494473698548973,,,,,6000,200,5,150,100|200|400,1091,399,5849,5,1131
deep,ar40,pitch,30,3.0,418944,0.2320520778364231,0.16174278744174614,2.1211392967275144,0.988031697891533,1.2402854523142828,0.18709570236708875,384,0.9868425530757515,0.9890651990167626,id,0,True,216900,0.16494473698548973,,,,,6000,200,5,150,100|200|400,1091,399,5849,5,1131
deep,ar40,pitch,50,5.0,418944,0.5521155689463404,0.38949280814121334,2.2310378683549135,0.9387584598569717,1.240068055500173,0.44523005531631754,384,0.9331740564092011,0.9434723625623548,id,0,True,216900,0.16494473698548973,,,,,6000,200,5,150,100|200|400,1091,399,5849,5,1131
deep,ar40,pitch,100,10.0,418944,1.014567000904036,0.6808604870126763,1.5609168249297358,0.5775240982436698,1.2401273775213297,0.818115154373798,384,0.565913988663026,0.5890333099788265,id,0,True,216900,0.16494473698548973,,,,,6000,200,5,150,100|200|400,1091,399,5849,5,1131
deep,ar40,pitch,150,15.0,418944,1.2133822810184614,0.7920308064231193,1.7818458998404407,0.5362808690980755,1.2404643096284043,0.9781678292557602,384,0.515387559032493,0.5534663701325131,id,0,True,216900,0.16494473698548973,,,,,6000,200,5,150,100|200|400,1091,399,5849,5,1131
deep,ar40,heave,10,1.0,418944,0.0013299887952502257,0.0009239120565459196,0.44162565007972127,0.999990930415636,0.7586744785454769,0.0017530427513524206,384,0.999989739119348,0.999991851301146,id,0,True,216900,0.16494473698548973,,,,,6000,200,5,150,100|200|400,1091,399,5849,5,1131
deep,ar40,heave,20,2.0,418944,0.011528566911419035,0.00803345043449339,0.8379625081057451,0.9998107214182642,0.7587896097620423,0.015193364225209161,384,0.9997864073831726,0.9998295359623487,id,0,True,216900,0.16494473698548973,,,,,6000,200,5,150,100|200|400,1091,399,5849,5,1131
deep,ar40,heave,30,3.0,418944,0.04408139481504156,0.030581564723158337,1.1508797208863502,0.9985329301883066,0.758921162789381,0.05808428724404304,384,0.998355343809876,0.9986810807514728,id,0,True,216900,0.16494473698548973,,,,,6000,200,5,150,100|200|400,1091,399,5849,5,1131
deep,ar40,heave,50,5.0,418944,0.18722337903114442,0.12606890155038955,1.441163548726843,0.9831230633443405,0.7589656362018378,0.2466822871824392,384,0.9812107417098958,0.9848167059145525,id,0,True,216900,0.16494473698548973,,,,,6000,200,5,150,100|200|400,1091,399,5849,5,1131
deep,ar40,heave,100,10.0,418944,0.4490371091520392,0.30525440956995925,0.834510527562901,0.7104651621832084,0.7592839391596414,0.5913955056773932,384,0.6784204428520885,0.7358872169234584,id,0,True,216900,0.16494473698548973,,,,,6000,200,5,150,100|200|400,1091,399,5849,5,1131
deep,ar40,heave,150,15.0,418944,0.6183859106912354,0.4223028171645856,1.1055277079321404,0.6871184830918986,0.759468366891061,0.8142352435594429,384,0.6632582574665229,0.7077006907958157,id,0,True,216900,0.16494473698548973,,,,,6000,200,5,150,100|200|400,1091,399,5849,5,1131
deep,ar40,roll_rate,10,1.0,418944,0.016141692918495265,0.010976832883341914,1.0679896361750225,0.9997715642427631,1.9709759416747037,0.008189695560048263,384,0.9997160526425147,0.999811978676163,id,0,True,216900,0.16494473698548973,,,,,6000,200,5,150,100|200|400,1091,399,5849,5,1131
deep,ar40,roll_rate,20,2.0,418944,0.07176519553714918,0.05011101663790963,2.04926284907427,0.998773599238991,1.9713738906856482,0.036403645131055824,384,0.9985090826456761,0.9989650110025071,id,0,True,216900,0.16494473698548973,,,,,6000,200,5,150,100|200|400,1091,399,5849,5,1131
deep,ar40,roll_rate,30,3.0,418944,0.15712214800110283,0.11183148838714911,2.8671756232230625,0.9969969246850754,1.971717923838755,0.07968794425482542,384,0.9964382064627614,0.9973965179918188,id,0,True,216900,0.16494473698548973,,,,,6000,200,5,150,100|200|400,1091,399,5849,5,1131
deep,ar40,roll_rate,50,5.0,418944,0.2585015914905235,0.18028057647667806,3.8003090696362802,0.995373116056912,1.9722164496629107,0.1310716131257836,384,0.9946859200513622,0.9958834062225922,id,0,True,216900,0.16494473698548973,,,,,6000,200,5,150,100|200|400,1091,399,5849,5,1131
deep,ar40,roll_rate,100,10.0,418944,0.647556428356027,0.4479546984665213,1.9637399394759982,0.8912605099870734,1.9739519724102126,0.32805075169349485,384,0.8776240802694413,0.902150321698537,id,0,True,216900,0.16494473698548973,,,,,6000,200,5,150,100|200|400,1091,399,5849,5,1131
deep,ar40,roll_rate,150,15.0,418944,0.9795395203387931,0.6619422881042651,2.896430496995325,0.8856285302464862,1.975553636862926,0.4958303849923557,384,0.874348872999209,0.8946546787599844,id,0,True,216900,0.16494473698548973,,,,,6000,200,5,150,100|200|400,1091,399,5849,5,1131
deep,ar40,pitch_rate,10,1.0,418944,0.02217747958954924,0.014554093011183242,0.7531298125402182,0.9991328690298834,0.9234044534650131,0.024017081037815812,384,0.9990383187514656,0.999218976443826,id,0,True,216900,0.16494473698548973,,,,,6000,200,5,150,100|200|400,1091,399,5849,5,1131
deep,ar40,pitch_rate,20,2.0,418944,0.11414617948576412,0.07830398465689352,1.3418810460639456,0.9927640638995368,0.9235131941570501,0.12359994443820879,384,0.992135946623508,0.9933303056620767,id,0,True,216900,0.16494473698548973,,,,,6000,200,5,150,100|200|400,1091,399,5849,5,1131
deep,ar40,pitch_rate,30,3.0,418944,0.22055219982690383,0.15536521528478792,1.6644452321714636,0.9824416472908035,0.9236561249822394,0.238781721748605,384,0.980923079108399,0.9837821637813351,id,0,True,216900,0.16494473698548973,,,,,6000,200,5,150,100|200|400,1091,399,5849,5,1131
deep,ar40,pitch_rate,50,5.0,418944,0.3978548111952029,0.2559058070429465,1.5485057653903693,0.9339878959950381,0.9236585535052279,0.4307379709583895,384,0.9257726149798075,0.9407871335302015,id,0,True,216900,0.16494473698548973,,,,,6000,200,5,150,100|200|400,1091,399,5849,5,1131
deep,ar40,pitch_rate,100,10.0,418944,0.8038570325015997,0.537364307258297,1.274579834785688,0.6022377673763739,0.9237886815931622,0.8701741518582704,384,0.5885300891692008,0.6154262458245938,id,0,True,216900,0.16494473698548973,,,,,6000,200,5,150,100|200|400,1091,399,5849,5,1131
deep,ar40,pitch_rate,150,15.0,418944,0.9053279773905688,0.5821565598195165,1.3066658062650982,0.5199540273368151,0.923677262965375,0.9801345271660172,384,0.5038013732463322,0.5343891653435155,id,0,True,216900,0.16494473698548973,,,,,6000,200,5,150,100|200|400,1091,399,5849,5,1131
deep,ar40,heave_rate,10,1.0,418944,0.0038236564865160457,0.002660935374397375,0.28518621353692575,0.9998202368442761,0.4494429055050756,0.00850754665315963,384,0.9998021886849107,0.9998365701701295,id,0,True,216900,0.16494473698548973,,,,,6000,200,5,150,100|200|400,1091,399,5849,5,1131
deep,ar40,heave_rate,20,2.0,418944,0.01925063335218331,0.013390619521885054,0.5351005334490926,0.998705746711399,0.4494530144731941,0.04283124761049176,384,0.9985783935533902,0.9988231065517549,id,0,True,216900,0.16494473698548973,,,,,6000,200,5,150,100|200|400,1091,399,5849,5,1131
deep,ar40,heave_rate,30,3.0,418944,0.048838004625781514,0.03347280117227839,0.7214322878430781,0.9954172657591717,0.4494430721740169,0.10866338286080478,384,0.9949634496693706,0.9958296124473568,id,0,True,216900,0.16494473698548973,,,,,6000,200,5,150,100|200|400,1091,399,5849,5,1131
deep,ar40,heave_rate,50,5.0,418944,0.10023696850928128,0.06655236302993955,0.8521061512079104,0.9861621554809712,0.44946461013569566,0.22301415116758408,384,0.9846812080986808,0.9874622564747803,id,0,True,216900,0.16494473698548973,,,,,6000,200,5,150,100|200|400,1091,399,5849,5,1131
deep,ar40,heave_rate,100,10.0,418944,0.27352317044163516,0.18640765445046323,0.47926486717836025,0.6742855277394865,0.44945174911641034,0.6085707108257159,384,0.6586928240994031,0.6902243793503562,id,0,True,216900,0.16494473698548973,,,,,6000,200,5,150,100|200|400,1091,399,5849,5,1131
deep,ar40,heave_rate,150,15.0,418944,0.3933281901383795,0.26746096644881723,0.6809671010495266,0.6663755383377672,0.44946344226262147,0.8751060779456182,384,0.6415531789050903,0.6885052969675671,id,0,True,216900,0.16494473698548973,,,,,6000,200,5,150,100|200|400,1091,399,5849,5,1131
deep,ar_attitude_only,roll,10,1.0,418944,0.024822012622394703,0.017505579430061004,1.9461019982798347,0.999837316769798,3.687222002970601,0.006731900764965308,384,0.9997988910904279,0.9998639007083782,id,0,True,108900,0.03918632402201183,,,,,6000,200,5,150,100|200|400,1091,399,5849,5,1131
deep,ar_attitude_only,roll,20,2.0,418944,0.11194347243429474,0.08028236111616571,3.747341945419572,0.9991076177976715,3.6877754460978944,0.03035528439041598,384,0.9989131305993154,0.9992392883637128,id,0,True,108900,0.03918632402201183,,,,,6000,200,5,150,100|200|400,1091,399,5849,5,1131
deep,ar_attitude_only,roll,30,3.0,418944,0.2776580988838489,0.20051379348777876,5.271807875224931,0.9972260313894504,3.688478647638728,0.07527713331392027,384,0.996673486081952,0.9975884737448119,id,0,True,108900,0.03918632402201183,,,,,6000,200,5,150,100|200|400,1091,399,5849,5,1131
deep,ar_attitude_only,roll,50,5.0,418944,0.6661126253049255,0.4680185585090158,7.095209199845273,0.9911861649101923,3.69030276033271,0.18050351653122093,384,0.9897065541888128,0.9922341183562162,id,0,True,108900,0.03918632402201183,,,,,6000,200,5,150,100|200|400,1091,399,5849,5,1131
deep,ar_attitude_only,roll,100,10.0,418944,1.1069615763120206,0.7751204045011328,3.8042041036484933,0.9153284571644968,3.694076084821685,0.2996585752146072,384,0.9019163982020265,0.9248367187395826,id,0,True,108900,0.03918632402201183,,,,,6000,200,5,150,100|200|400,1091,399,5849,5,1131
deep,ar_attitude_only,roll,150,15.0,418944,1.6687717379807625,1.1469526059167074,5.250462508623207,0.8989820040241396,3.6967972023470375,0.4514101387334112,384,0.88731172152985,0.908464331882158,id,0,True,108900,0.03918632402201183,,,,,6000,200,5,150,100|200|400,1091,399,5849,5,1131
deep,ar_attitude_only,pitch,10,1.0,418944,0.02587551083305719,0.01691242901071188,0.8961445522125455,0.9991662771072042,1.2403442750018743,0.0208615554201821,384,0.9990483412532575,0.9992674442470985,id,0,True,108900,0.03918632402201183,,,,,6000,200,5,150,100|200|400,1091,399,5849,5,1131
deep,ar_attitude_only,pitch,20,2.0,418944,0.14962382571722843,0.10114794176840958,1.6391044953318454,0.9916672523991891,1.240393189409016,0.12062612645311002,384,0.9907068246333169,0.9925032917857317,id,0,True,108900,0.03918632402201183,,,,,6000,200,5,150,100|200|400,1091,399,5849,5,1131
deep,ar_attitude_only,pitch,30,3.0,418944,0.36293526594336206,0.25170540804708275,2.1211392967275144,0.9707234457522869,1.2402854523142828,0.29262236791228274,384,0.9679534853454329,0.973156327461339,id,0,True,108900,0.03918632402201183,,,,,6000,200,5,150,100|200|400,1091,399,5849,5,1131
deep,ar_attitude_only,pitch,50,5.0,418944,0.6121280684080855,0.42049762615922864,2.2310378683549135,0.9247215437397995,1.240068055500173,0.493624576242461,384,0.9186266453596905,0.9299141571293572,id,0,True,108900,0.03918632402201183,,,,,6000,200,5,150,100|200|400,1091,399,5849,5,1131
deep,ar_attitude_only,pitch,100,10.0,418944,1.0553653644886476,0.6925081801056768,1.5609168249297358,0.5428632349464405,1.2401273775213297,0.8510136810285004,384,0.5312516878416823,0.5545900191830601,id,0,True,108900,0.03918632402201183,,,,,6000,200,5,150,100|200|400,1091,399,5849,5,1131
deep,ar_attitude_only,pitch,150,15.0,418944,1.2250650540794437,0.7898581696606773,1.7818458998404407,0.5273082540271159,1.2404643096284043,0.9875858939032485,384,0.5073090836657934,0.5445117090868594,id,0,True,108900,0.03918632402201183,,,,,6000,200,5,150,100|200|400,1091,399,5849,5,1131
deep,ar_attitude_only,heave,10,1.0,418944,0.005750382509897764,0.0038923254167143734,0.44162565007972127,0.9998304550379142,0.7586744785454769,0.007579512257908477,384,0.9998074526527555,0.9998508166686862,id,0,True,108900,0.03918632402201183,,,,,6000,200,5,150,100|200|400,1091,399,5849,5,1131
deep,ar_attitude_only,heave,20,2.0,418944,0.029933577836806214,0.020303105488780265,0.8379625081057451,0.9987239488513996,0.7587896097620423,0.03944911402541929,384,0.998555869844445,0.9988713375198288,id,0,True,108900,0.03918632402201183,,,,,6000,200,5,150,100|200|400,1091,399,5849,5,1131
deep,ar_attitude_only,heave,30,3.0,418944,0.08394364545705414,0.05681043538505626,1.1508797208863502,0.9946799492416502,0.758921162789381,0.11060917730706442,384,0.9940364667301813,0.9952416559962882,id,0,True,108900,0.03918632402201183,,,,,6000,200,5,150,100|200|400,1091,399,5849,5,1131
deep,ar_attitude_only,heave,50,5.0,418944,0.2424084949121761,0.16076062717973297,1.441163548726843,0.9717076428250715,0.7589656362018378,0.3193932417352694,384,0.9687327834047558,0.9743945820453503,id,0,True,108900,0.03918632402201183,,,,,6000,200,5,150,100|200|400,1091,399,5849,5,1131
deep,ar_attitude_only,heave,100,10.0,418944,0.5002233847986134,0.3356465316875215,0.834510527562901,0.6406941058200419,0.7592839391596414,0.6588093847372164,384,0.6066699494912423,0.6682457212216613,id,0,True,108900,0.03918632402201183,,,,,6000,200,5,150,100|200|400,1091,399,5849,5,1131
deep,ar_attitude_only,heave,150,15.0,418944,0.6570274243226504,0.44492618648449433,1.1055277079321404,0.6467942775593095,0.759468366891061,0.8651149316623152,384,0.6219522878643284,0.6687048109046965,id,0,True,108900,0.03918632402201183,,,,,6000,200,5,150,100|200|400,1091,399,5849,5,1131
deep,ar_attitude_only,roll_rate,10,1.0,418944,0.08236044628620481,0.05650396722632685,1.0679896361750225,0.9940529265007889,1.9709759416747037,0.0417866319647842,384,0.9930842696185946,0.9947619082178372,id,0,True,108900,0.03918632402201183,,,,,6000,200,5,150,100|200|400,1091,399,5849,5,1131
deep,ar_attitude_only,roll_rate,20,2.0,418944,0.14022280097335954,0.0998398842308462,2.04926284907427,0.9953178864465464,1.9713738906856482,0.07112948063068328,384,0.9944815355940688,0.9959033039595605,id,0,True,108900,0.03918632402201183,,,,,6000,200,5,150,100|200|400,1091,399,5849,5,1131
deep,ar_attitude_only,roll_rate,30,3.0,418944,0.2110234040895287,0.1507992766944165,2.8671756232230625,0.9945830770559053,1.971717923838755,0.10702514874880549,384,0.9936805015566101,0.995197040891024,id,0,True,108900,0.03918632402201183,,,,,6000,200,5,150,100|200|400,1091,399,5849,5,1131
deep,ar_attitude_only,roll_rate,50,5.0,418944,0.2922418428464831,0.20478675484426093,3.8003090696362802,0.994086467889407,1.9722164496629107,0.1481793962809877,384,0.9931793850106935,0.9947722906433643,id,0,True,108900,0.03918632402201183,,,,,6000,200,5,150,100|200|400,1091,399,5849,5,1131
deep,ar_attitude_only,roll_rate,100,10.0,418944,0.6889069702406155,0.47324600231231595,1.9637399394759982,0.8769297135082748,1.9739519724102126,0.3489988509697397,384,0.8610702322540391,0.8891361625998383,id,0,True,108900,0.03918632402201183,,,,,6000,200,5,150,100|200|400,1091,399,5849,5,1131
deep,ar_attitude_only,roll_rate,150,15.0,418944,1.0140795723358818,0.6728958637903906,2.896430496995325,0.8774205000020191,1.975553636862926,0.5133141178318935,384,0.8656414998021742,0.8868329318926744,id,0,True,108900,0.03918632402201183,,,,,6000,200,5,150,100|200|400,1091,399,5849,5,1131
deep,ar_attitude_only,pitch_rate,10,1.0,418944,0.08668649383781044,0.05810505489986405,0.7531298125402182,0.9867516071869975,0.9234044534650131,0.09387705843579723,384,0.9860297188481609,0.9874529692232455,id,0,True,108900,0.03918632402201183,,,,,6000,200,5,150,100|200|400,1091,399,5849,5,1131
deep,ar_attitude_only,pitch_rate,20,2.0,418944,0.2019903127535201,0.1384194183536108,1.3418810460639456,0.9773414013883693,0.9235131941570501,0.21871946609045434,384,0.9756532123206964,0.9788823171779395,id,0,True,108900,0.03918632402201183,,,,,6000,200,5,150,100|200|400,1091,399,5849,5,1131
deep,ar_attitude_only,pitch_rate,30,3.0,418944,0.2718251903996768,0.1873739076207635,1.6644452321714636,0.9733289334600419,0.9236561249822394,0.2942926301765212,384,0.9711595821291855,0.9751281376421713,id,0,True,108900,0.03918632402201183,,,,,6000,200,5,150,100|200|400,1091,399,5849,5,1131
deep,ar_attitude_only,pitch_rate,50,5.0,418944,0.4971663080097403,0.3339081453805235,1.5485057653903693,0.896919212905431,0.9236585535052279,0.5382576777132897,384,0.8862055481465807,0.906048968847955,id,0,True,108900,0.03918632402201183,,,,,6000,200,5,150,100|200|400,1091,399,5849,5,1131
deep,ar_attitude_only,pitch_rate,100,10.0,418944,0.8376322069567144,0.5593009461779022,1.274579834785688,0.5681104968874828,0.9237886815931622,0.9067357325834923,384,0.5527278963502307,0.5822205926521995,id,0,True,108900,0.03918632402201183,,,,,6000,200,5,150,100|200|400,1091,399,5849,5,1131
deep,ar_attitude_only,pitch_rate,150,15.0,418944,0.9111043936071821,0.5888149109402147,1.3066658062650982,0.513808648523318,0.923677262965375,0.9863882441819246,384,0.49796625589760146,0.5278675554920456,id,0,True,108900,0.03918632402201183,,,,,6000,200,5,150,100|200|400,1091,399,5849,5,1131
deep,ar_attitude_only,heave_rate,10,1.0,418944,0.030661164037993835,0.020315777506310324,0.28518621353692575,0.9884410010788596,0.4494429055050756,0.06822037607543807,384,0.9874508017496109,0.9894198571684518,id,0,True,108900,0.03918632402201183,,,,,6000,200,5,150,100|200|400,1091,399,5849,5,1131
deep,ar_attitude_only,heave_rate,20,2.0,418944,0.04827755511620601,0.03200755816140882,0.5351005334490926,0.9918600868937348,0.4494530144731941,0.10741402006790933,384,0.9910101658731326,0.9926873559548656,id,0,True,108900,0.03918632402201183,,,,,6000,200,5,150,100|200|400,1091,399,5849,5,1131
deep,ar_attitude_only,heave_rate,30,3.0,418944,0.07743121217222583,0.05097707567411509,0.7214322878430781,0.9884803054017772,0.4494430721740169,0.1722825803002827,384,0.9872208461691808,0.9896796637072546,id,0,True,108900,0.03918632402201183,,,,,6000,200,5,150,100|200|400,1091,399,5849,5,1131
deep,ar_attitude_only,heave_rate,50,5.0,418944,0.1123230055857305,0.07593356968211042,0.8521061512079104,0.982623991069469,0.44946461013569566,0.24990400368077836,384,0.9808105886360697,0.9841036871704973,id,0,True,108900,0.03918632402201183,,,,,6000,200,5,150,100|200|400,1091,399,5849,5,1131
deep,ar_attitude_only,heave_rate,100,10.0,418944,0.2916284577262312,0.2010317827480243,0.47926486717836025,0.6297384504344398,0.44945174911641034,0.6488537608309494,384,0.6123964873798421,0.6461350127621867,id,0,True,108900,0.03918632402201183,,,,,6000,200,5,150,100|200|400,1091,399,5849,5,1131
deep,ar_attitude_only,heave_rate,150,15.0,418944,0.39843738378853,0.27149192265825006,0.6809671010495266,0.6576519187913837,0.44946344226262147,0.8864733954396297,384,0.633723556205092,0.6795549674909779,id,0,True,108900,0.03918632402201183,,,,,6000,200,5,150,100|200|400,1091,399,5849,5,1131
deep,dlinear,roll,10,1.0,418944,0.04155948503838632,0.02203134902039713,1.9461019982798347,0.9995439535094508,3.687222002970601,0.011271218550145347,384,0.9995021624884943,0.9995826282468833,id,0,False,60300,,,,,mse,6000,200,5,150,100|200|400,1091,399,5849,5,1131
deep,dlinear,roll,20,2.0,418944,0.2855978075286787,0.14942768074780086,3.747341945419572,0.9941915120916679,3.6877754460978944,0.07744446800058696,384,0.9937257463052196,0.9946268207859787,id,0,False,60300,,,,,mse,6000,200,5,150,100|200|400,1091,399,5849,5,1131
deep,dlinear,roll,30,3.0,418944,0.6747105577137624,0.3523545309909393,5.271807875224931,0.9836199258715773,3.688478647638728,0.18292380739297362,384,0.9820538591248907,0.985096581487228,id,0,False,60300,,,,,mse,6000,200,5,150,100|200|400,1091,399,5849,5,1131
deep,dlinear,roll,50,5.0,418944,0.8157142962366135,0.4307992572189743,7.095209199845273,0.9867826089981732,3.69030276033271,0.2210426485882883,384,0.985701149299057,0.9877738544651748,id,0,False,60300,,,,,mse,6000,200,5,150,100|200|400,1091,399,5849,5,1131
deep,dlinear,roll,100,10.0,418944,1.732070112742502,0.9501108024659511,3.8042041036484933,0.7926980838599984,3.694076084821685,0.46887775805681864,384,0.7817044627952723,0.8020404174722074,id,0,False,60300,,,,,mse,6000,200,5,150,100|200|400,1091,399,5849,5,1131
deep,dlinear,roll,150,15.0,418944,2.5297047985118764,1.3682080996893036,5.250462508623207,0.7678628941091137,3.6967972023470375,0.684296340871987,384,0.7568086756284771,0.7777799142504428,id,0,False,60300,,,,,mse,6000,200,5,150,100|200|400,1091,399,5849,5,1131
deep,dlinear,pitch,10,1.0,418944,0.03193397667882233,0.018387842827076117,0.8961445522125455,0.9987301574668763,1.2403442750018743,0.0257460588341685,384,0.9985546587782197,0.9988982839045046,id,0,False,60300,,,,,mse,6000,200,5,150,100|200|400,1091,399,5849,5,1131
deep,dlinear,pitch,20,2.0,418944,0.19589653898775214,0.11641925253372583,1.6391044953318454,0.9857163156749937,1.240393189409016,0.15793100176653405,384,0.9840730435784663,0.9873263938675165,id,0,False,60300,,,,,mse,6000,200,5,150,100|200|400,1091,399,5849,5,1131
deep,dlinear,pitch,30,3.0,418944,0.43561269183881945,0.26547893911929826,2.1211392967275144,0.957824264045799,1.2402854523142828,0.3512197059362405,384,0.9535288551139983,0.9618559404952806,id,0,False,60300,,,,,mse,6000,200,5,150,100|200|400,1091,399,5849,5,1131
deep,dlinear,pitch,50,5.0,418944,0.5244755220823863,0.32259986416950454,2.2310378683549135,0.9447367318891838,1.240068055500173,0.4229409182472995,384,0.9387314638969945,0.9503868011401176,id,0,False,60300,,,,,mse,6000,200,5,150,100|200|400,1091,399,5849,5,1131
deep,dlinear,pitch,100,10.0,418944,1.0871892428713366,0.6847421968388445,1.5609168249297358,0.5148782239423073,1.2401273775213297,0.8766754630031037,384,0.49961922781571055,0.5302976557735551,id,0,False,60300,,,,,mse,6000,200,5,150,100|200|400,1091,399,5849,5,1131
deep,dlinear,pitch,150,15.0,418944,1.243163128918593,0.7792951145442074,1.7818458998404407,0.5132387948854709,1.2404643096284043,1.0021756525111127,384,0.48869482951631693,0.5362347139312307,id,0,False,60300,,,,,mse,6000,200,5,150,100|200|400,1091,399,5849,5,1131
deep,dlinear,heave,10,1.0,418944,0.014559436914307831,0.007968813800599713,0.44162565007972127,0.9989131225495615,0.7586744785454769,0.019190624340258602,384,0.9986308922779205,0.9991710123517431,id,0,False,60300,,,,,mse,6000,200,5,150,100|200|400,1091,399,5849,5,1131
deep,dlinear,heave,20,2.0,418944,0.10204751930935227,0.05744386556629793,0.8379625081057451,0.9851695022361814,0.7587896097620423,0.1344872386185606,384,0.9816412283996105,0.9884141760603351,id,0,False,60300,,,,,mse,6000,200,5,150,100|200|400,1091,399,5849,5,1131
deep,dlinear,heave,30,3.0,418944,0.25699676305565283,0.14226014779801044,1.1508797208863502,0.9501350450112417,0.758921162789381,0.33863433470621984,384,0.9378815325415866,0.961481548761995,id,0,False,60300,,,,,mse,6000,200,5,150,100|200|400,1091,399,5849,5,1131
deep,dlinear,heave,50,5.0,418944,0.3108803544493976,0.17378681536560478,1.441163548726843,0.9534671107608864,0.7589656362018378,0.4096105800061845,384,0.9424486807339449,0.9638453763179782,id,0,False,60300,,,,,mse,6000,200,5,150,100|200|400,1091,399,5849,5,1131
deep,dlinear,heave,100,10.0,418944,0.5727989852908922,0.3612909350915346,0.834510527562901,0.5288699123721409,0.7592839391596414,0.7543936540062383,384,0.48815263060592173,0.5697218373006747,id,0,False,60300,,,,,mse,6000,200,5,150,100|200|400,1091,399,5849,5,1131
deep,dlinear,heave,150,15.0,418944,0.748220694894743,0.4750405281680408,1.1055277079321404,0.541942320568082,0.759468366891061,0.9851900717835541,384,0.487930319793604,0.5890009209800423,id,0,False,60300,,,,,mse,6000,200,5,150,100|200|400,1091,399,5849,5,1131
deep,dlinear,roll_rate,10,1.0,418944,0.021607661436279166,0.012571914595667453,1.0679896361750225,0.9995906625721913,1.9709759416747037,0.010962925005527726,384,0.9995665652296212,0.9996129491492125,id,0,False,60300,,,,,mse,6000,200,5,150,100|200|400,1091,399,5849,5,1131
deep,dlinear,roll_rate,20,2.0,418944,0.1513185287792335,0.08669323737052868,2.04926284907427,0.9945475852171815,1.9713738906856482,0.07675790447169034,384,0.9942825361785902,0.9947790034716016,id,0,False,60300,,,,,mse,6000,200,5,150,100|200|400,1091,399,5849,5,1131
deep,dlinear,roll_rate,30,3.0,418944,0.3537855529089195,0.20227434099679212,2.8671756232230625,0.9847744988236113,1.971717923838755,0.17943010439349827,384,0.9838956750411619,0.9855650190219358,id,0,False,60300,,,,,mse,6000,200,5,150,100|200|400,1091,399,5849,5,1131
deep,dlinear,roll_rate,50,5.0,418944,0.4313398329428968,0.24774853845112915,3.8003090696362802,0.98711746606011,1.9722164496629107,0.21870816107259475,384,0.986454809090594,0.987722978272957,id,0,False,60300,,,,,mse,6000,200,5,150,100|200|400,1091,399,5849,5,1131
deep,dlinear,roll_rate,100,10.0,418944,0.953287059434595,0.5560765906797839,1.9637399394759982,0.7643434859401735,1.9739519724102126,0.48293325914643365,384,0.7491060722846837,0.7772126253000546,id,0,False,60300,,,,,mse,6000,200,5,150,100|200|400,1091,399,5849,5,1131
deep,dlinear,roll_rate,150,15.0,418944,1.3795892922354076,0.7834644901684449,2.896430496995325,0.7731319142372731,1.975553636862926,0.6983304662009187,384,0.7646113505932961,0.7802083657503538,id,0,False,60300,,,,,mse,6000,200,5,150,100|200|400,1091,399,5849,5,1131
deep,dlinear,pitch_rate,10,1.0,418944,0.04808482452152427,0.022076444305562184,0.7531298125402182,0.9959236037619452,0.9234044534650131,0.05207341630321275,384,0.9949973136161944,0.9967944300978491,id,0,False,60300,,,,,mse,6000,200,5,150,100|200|400,1091,399,5849,5,1131
deep,dlinear,pitch_rate,20,2.0,418944,0.25569222067646263,0.1271058823126758,1.3418810460639456,0.9636916099010036,0.9235131941570501,0.2768690499434059,384,0.9565858178768399,0.9703020495289912,id,0,False,60300,,,,,mse,6000,200,5,150,100|200|400,1091,399,5849,5,1131
deep,dlinear,pitch_rate,30,3.0,418944,0.47962854969473806,0.2619439475408224,1.6644452321714636,0.9169631178776809,0.9236561249822394,0.5192717687050045,384,0.9042942065529934,0.9287271517975174,id,0,False,60300,,,,,mse,6000,200,5,150,100|200|400,1091,399,5849,5,1131
deep,dlinear,pitch_rate,50,5.0,418944,0.5428063832115885,0.30708040874284037,1.5485057653903693,0.8771247996353437,0.9236585535052279,0.5876699578558239,384,0.8568677835351786,0.8943591150721232,id,0,False,60300,,,,,mse,6000,200,5,150,100|200|400,1091,399,5849,5,1131
deep,dlinear,pitch_rate,100,10.0,418944,0.9451097700132127,0.5786855143689846,1.274579834785688,0.4501674847680267,0.9237886815931622,1.0230800494148513,384,0.43317567966722403,0.46677693790874,id,0,False,60300,,,,,mse,6000,200,5,150,100|200|400,1091,399,5849,5,1131
deep,dlinear,pitch_rate,150,15.0,418944,0.9491003907071118,0.5946104255429671,1.3066658062650982,0.4724115836253483,0.923677262965375,1.027523821101884,384,0.4539108663920754,0.48974090565535344,id,0,False,60300,,,,,mse,6000,200,5,150,100|200|400,1091,399,5849,5,1131
deep,dlinear,heave_rate,10,1.0,418944,0.007389947310537339,0.004778874593232628,0.28518621353692575,0.9993285315216687,0.4494429055050756,0.016442460699724815,384,0.9992358157259384,0.9994140698999894,id,0,False,60300,,,,,mse,6000,200,5,150,100|200|400,1091,399,5849,5,1131
deep,dlinear,heave_rate,20,2.0,418944,0.05215664452023704,0.034171425676823505,0.5351005334490926,0.9904994550075873,0.4494530144731941,0.11604470954849437,384,0.9893324345068615,0.9915556458354682,id,0,False,60300,,,,,mse,6000,200,5,150,100|200|400,1091,399,5849,5,1131
deep,dlinear,heave_rate,30,3.0,418944,0.12765285278457092,0.08300572325143889,0.7214322878430781,0.9686909493623036,0.4494430721740169,0.2840245198732218,384,0.9644934555792061,0.9724644972095267,id,0,False,60300,,,,,mse,6000,200,5,150,100|200|400,1091,399,5849,5,1131
deep,dlinear,heave_rate,50,5.0,418944,0.15619544662554552,0.1021690156822361,0.8521061512079104,0.9663992216554379,0.44946461013569566,0.3475144496435199,384,0.9620578877191106,0.9702795615474312,id,0,False,60300,,,,,mse,6000,200,5,150,100|200|400,1091,399,5849,5,1131
deep,dlinear,heave_rate,100,10.0,418944,0.33441807844175386,0.22739666953258372,0.47926486717836025,0.5131128571380983,0.44945174911641034,0.7440577973034829,384,0.4889837091131985,0.5376001409461872,id,0,False,60300,,,,,mse,6000,200,5,150,100|200|400,1091,399,5849,5,1131
deep,dlinear,heave_rate,150,15.0,418944,0.43434283984561856,0.29213179561018066,0.6809671010495266,0.5931699054503221,0.44946344226262147,0.9663585488935762,384,0.5699568279700484,0.6156131402334623,id,0,False,60300,,,,,mse,6000,200,5,150,100|200|400,1091,399,5849,5,1131
deep,dlinear,roll,10,1.0,418944,0.034223740278485966,0.018710900628236365,1.9461019982798347,0.999690740004206,3.687222002970601,0.00928171405218175,384,0.9996583568616852,0.9997202682416484,id,1,False,60300,,,,,mse,6000,200,5,150,100|200|400,1091,399,5849,5,1131
deep,dlinear,roll,20,2.0,418944,0.28366244132127133,0.14895600038254977,3.747341945419572,0.9942699683086516,3.6877754460978944,0.0769196621289455,384,0.9937986961011189,0.994715402468803,id,1,False,60300,,,,,mse,6000,200,5,150,100|200|400,1091,399,5849,5,1131
deep,dlinear,roll,30,3.0,418944,0.6791768390112047,0.3544783673341502,5.271807875224931,0.9834023506327483,3.688478647638728,0.18413468096012886,384,0.9818371738225891,0.9848788093570247,id,1,False,60300,,,,,mse,6000,200,5,150,100|200|400,1091,399,5849,5,1131
deep,dlinear,roll,50,5.0,418944,0.8204285073891485,0.4326034433035622,7.095209199845273,0.9866293945125714,3.69030276033271,0.22232010777218192,384,0.9855461806558433,0.9876220013748093,id,1,False,60300,,,,,mse,6000,200,5,150,100|200|400,1091,399,5849,5,1131
deep,dlinear,roll,100,10.0,418944,1.7350736494324754,0.9510488360374633,3.8042041036484933,0.7919785070285216,3.694076084821685,0.4696908264996465,384,0.7810164754623461,0.8012427154233461,id,1,False,60300,,,,,mse,6000,200,5,150,100|200|400,1091,399,5849,5,1131
deep,dlinear,roll,150,15.0,418944,2.5300090101201196,1.3683950432660605,5.250462508623207,0.767807059097442,3.6967972023470375,0.6843786314580246,384,0.7567375232947443,0.7777477372302518,id,1,False,60300,,,,,mse,6000,200,5,150,100|200|400,1091,399,5849,5,1131
deep,dlinear,pitch,10,1.0,418944,0.03225873512462619,0.018689545620360966,0.8961445522125455,0.998704198342511,1.2403442750018743,0.026007888112014255,384,0.9985393942763844,0.9988617699694348,id,1,False,60300,,,,,mse,6000,200,5,150,100|200|400,1091,399,5849,5,1131
deep,dlinear,pitch,20,2.0,418944,0.19681561931389113,0.11697267646350865,1.6391044953318454,0.9855819728321822,1.240393189409016,0.15867196062860012,384,0.9839227628281172,0.9872062835150069,id,1,False,60300,,,,,mse,6000,200,5,150,100|200|400,1091,399,5849,5,1131
deep,dlinear,pitch,30,3.0,418944,0.433960645035703,0.26446615568755294,2.1211392967275144,0.9581435576225785,1.2402854523142828,0.34988771675581926,384,0.9538790310798084,0.9621454301198894,id,1,False,60300,,,,,mse,6000,200,5,150,100|200|400,1091,399,5849,5,1131
deep,dlinear,pitch,50,5.0,418944,0.5242274558242087,0.3223314589265976,2.2310378683549135,0.9447889963306307,1.240068055500173,0.4227408757923089,384,0.9387329882051101,0.9504767232608718,id,1,False,60300,,,,,mse,6000,200,5,150,100|200|400,1091,399,5849,5,1131
deep,dlinear,pitch,100,10.0,418944,1.08708968127215,0.684727493141389,1.5609168249297358,0.5149670719300483,1.2401273775213297,0.8765951796378695,384,0.49973326402266716,0.5303264043804541,id,1,False,60300,,,,,mse,6000,200,5,150,100|200|400,1091,399,5849,5,1131
deep,dlinear,pitch,150,15.0,418944,1.2430522762648164,0.7792280735073401,1.7818458998404407,0.5133255998499037,1.2404643096284043,1.0020862886713664,384,0.4888438323034973,0.5362907792943181,id,1,False,60300,,,,,mse,6000,200,5,150,100|200|400,1091,399,5849,5,1131
deep,dlinear,heave,10,1.0,418944,0.013980915436391022,0.008127040210813412,0.44162565007972127,0.9989977809849896,0.7586744785454769,0.018428081913596323,384,0.9987706875649989,0.9992079388947975,id,1,False,60300,,,,,mse,6000,200,5,150,100|200|400,1091,399,5849,5,1131
deep,dlinear,heave,20,2.0,418944,0.10227680822089447,0.05741574612332053,0.8379625081057451,0.9851027825561376,0.7587896097620423,0.13478941580785303,384,0.9815229692944479,0.9883866445259887,id,1,False,60300,,,,,mse,6000,200,5,150,100|200|400,1091,399,5849,5,1131
deep,dlinear,heave,30,3.0,418944,0.2573015616829963,0.14235426075658142,1.1508797208863502,0.9500166950169725,0.758921162789381,0.3390359556416846,384,0.937741742365515,0.9613815330327806,id,1,False,60300,,,,,mse,6000,200,5,150,100|200|400,1091,399,5849,5,1131
deep,dlinear,heave,50,5.0,418944,0.310775140610733,0.17341943870951254,1.441163548726843,0.9534986024608287,0.7589656362018378,0.4094719520714718,384,0.9424689557659198,0.9639259224800435,id,1,False,60300,,,,,mse,6000,200,5,150,100|200|400,1091,399,5849,5,1131
deep,dlinear,heave,100,10.0,418944,0.5725279484486475,0.36103468218058904,0.834510527562901,0.5293156652575479,0.7592839391596414,0.7540366902562284,384,0.4888409955168582,0.5700239040169426,id,1,False,60300,,,,,mse,6000,200,5,150,100|200|400,1091,399,5849,5,1131
deep,dlinear,heave,150,15.0,418944,0.748362292558926,0.47514781447683796,1.1055277079321404,0.5417689331300051,0.759468366891061,0.985376514919774,384,0.48786330491826113,0.5887883960398632,id,1,False,60300,,,,,mse,6000,200,5,150,100|200|400,1091,399,5849,5,1131
deep,dlinear,roll_rate,10,1.0,418944,0.018745322363672504,0.011325531589852096,1.0679896361750225,0.9996919283389554,1.9709759416747037,0.009510680453940464,384,0.999672111551725,0.9997100226590683,id,1,False,60300,,,,,mse,6000,200,5,150,100|200|400,1091,399,5849,5,1131
deep,dlinear,roll_rate,20,2.0,418944,0.15021279883427138,0.08632770289168817,2.04926284907427,0.9946269789419384,1.9713738906856482,0.07619701140610473,384,0.9943582936330376,0.994863522430647,id,1,False,60300,,,,,mse,6000,200,5,150,100|200|400,1091,399,5849,5,1131
deep,dlinear,roll_rate,30,3.0,418944,0.3560618689833496,0.2032844475470957,2.8671756232230625,0.9845779416116487,1.971717923838755,0.18058458802774874,384,0.9836997016879789,0.9853656790342624,id,1,False,60300,,,,,mse,6000,200,5,150,100|200|400,1091,399,5849,5,1131
deep,dlinear,roll_rate,50,5.0,418944,0.43304169661618874,0.24828741303375307,3.8003090696362802,0.9870156087014144,1.9722164496629107,0.21957108039039214,384,0.9863363708181822,0.9876214050865201,id,1,False,60300,,,,,mse,6000,200,5,150,100|200|400,1091,399,5849,5,1131
deep,dlinear,roll_rate,100,10.0,418944,0.9541495270216169,0.5562908559587143,1.9637399394759982,0.7639168819189003,1.9739519724102126,0.48337018344807653,384,0.7488057412182764,0.7766722018763348,id,1,False,60300,,,,,mse,6000,200,5,150,100|200|400,1091,399,5849,5,1131
deep,dlinear,roll_rate,150,15.0,418944,1.379701081141791,0.7835406999366336,2.896430496995325,0.7730951462471689,1.975553636862926,0.698387052316475,384,0.76452231336368,0.7801809540597839,id,1,False,60300,,,,,mse,6000,200,5,150,100|200|400,1091,399,5849,5,1131
deep,dlinear,pitch_rate,10,1.0,418944,0.047844187538914666,0.02215440821089877,0.7531298125402182,0.9959643017243474,0.9234044534650131,0.05181281870515414,384,0.9950583495178428,0.9968165681632885,id,1,False,60300,,,,,mse,6000,200,5,150,100|200|400,1091,399,5849,5,1131
deep,dlinear,pitch_rate,20,2.0,418944,0.25674927642738016,0.1277526957575713,1.3418810460639456,0.9633907847471282,0.9235131941570501,0.27801365270339395,384,0.9562315907632324,0.9700449097228206,id,1,False,60300,,,,,mse,6000,200,5,150,100|200|400,1091,399,5849,5,1131
deep,dlinear,pitch_rate,30,3.0,418944,0.47773924066383144,0.2607858158495197,1.6644452321714636,0.9176160120521725,0.9236561249822394,0.5172263007220547,384,0.9049997134714062,0.9293529436481064,id,1,False,60300,,,,,mse,6000,200,5,150,100|200|400,1091,399,5849,5,1131
deep,dlinear,pitch_rate,50,5.0,418944,0.5433236287995917,0.3071868804731771,1.5485057653903693,0.8768905100650144,0.9236585535052279,0.5882299543892185,384,0.856565067243535,0.8941520868319908,id,1,False,60300,,,,,mse,6000,200,5,150,100|200|400,1091,399,5849,5,1131
deep,dlinear,pitch_rate,100,10.0,418944,0.9452189952405818,0.5787744449839867,1.274579834785688,0.4500403904268756,0.9237886815931622,1.0231982855759405,384,0.43312287685723,0.4666125077261283,id,1,False,60300,,,,,mse,6000,200,5,150,100|200|400,1091,399,5849,5,1131
deep,dlinear,pitch_rate,150,15.0,418944,0.948930901172542,0.5945170139287237,1.3066658062650982,0.4725999993749864,0.923677262965375,1.0273403267783086,384,0.4541617256159464,0.489904951640029,id,1,False,60300,,,,,mse,6000,200,5,150,100|200|400,1091,399,5849,5,1131
deep,dlinear,heave_rate,10,1.0,418944,0.00759818538163104,0.0050477026982451625,0.28518621353692575,0.9992901563255927,0.4494429055050756,0.016905785559330033,384,0.9992136742491275,0.9993589266661962,id,1,False,60300,,,,,mse,6000,200,5,150,100|200|400,1091,399,5849,5,1131
deep,dlinear,heave_rate,20,2.0,418944,0.05216695595980171,0.03414365585719622,0.5351005334490926,0.9904956980949156,0.4494530144731941,0.11606765174541511,384,0.9893089619951706,0.9915660356003698,id,1,False,60300,,,,,mse,6000,200,5,150,100|200|400,1091,399,5849,5,1131
deep,dlinear,heave_rate,30,3.0,418944,0.1276372492899149,0.0829475924883394,0.7214322878430781,0.9686986029436561,0.4494430721740169,0.28398980247379557,384,0.9644905444695062,0.9724752094269299,id,1,False,60300,,,,,mse,6000,200,5,150,100|200|400,1091,399,5849,5,1131
deep,dlinear,heave_rate,50,5.0,418944,0.1558369065197525,0.10184277269283111,0.8521061512079104,0.9665533029674133,0.44946461013569566,0.3467167447793154,384,0.9621994553537365,0.9704351685391045,id,1,False,60300,,,,,mse,6000,200,5,150,100|200|400,1091,399,5849,5,1131
deep,dlinear,heave_rate,100,10.0,418944,0.33412282604431787,0.22720504879968034,0.47926486717836025,0.5139722074313485,0.44945174911641034,0.7434008805198316,384,0.49002064158952097,0.5382609554096492,id,1,False,60300,,,,,mse,6000,200,5,150,100|200|400,1091,399,5849,5,1131
deep,dlinear,heave_rate,150,15.0,418944,0.4344327304705714,0.29218058754984977,0.6809671010495266,0.5930014947280162,0.44946344226262147,0.9665585443025473,384,0.5698303350487827,0.6153884151941792,id,1,False,60300,,,,,mse,6000,200,5,150,100|200|400,1091,399,5849,5,1131
deep,dlinear,roll,10,1.0,418944,0.05210689764855118,0.027208309736082677,1.9461019982798347,0.9992830989169978,3.687222002970601,0.01413174948689593,384,0.9992537918051978,0.9993114002762501,id,2,False,60300,,,,,mse,6000,200,5,150,100|200|400,1091,399,5849,5,1131
deep,dlinear,roll,20,2.0,418944,0.25110985161192495,0.13368203031257367,3.747341945419572,0.9955096431678121,3.6877754460978944,0.06809250055548503,384,0.9950082314500662,0.9959762383692122,id,2,False,60300,,,,,mse,6000,200,5,150,100|200|400,1091,399,5849,5,1131
deep,dlinear,roll,30,3.0,418944,0.6873163611200295,0.3580232340136992,5.271807875224931,0.9830021412806523,3.688478647638728,0.1863414233291095,384,0.9814659383077328,0.9844503512800682,id,2,False,60300,,,,,mse,6000,200,5,150,100|200|400,1091,399,5849,5,1131
deep,dlinear,roll,50,5.0,418944,0.8120176559275947,0.4292263332073825,7.095209199845273,0.9869021342516962,3.69030276033271,0.2200409312363262,384,0.9858115071764141,0.9878998064466301,id,2,False,60300,,,,,mse,6000,200,5,150,100|200|400,1091,399,5849,5,1131
deep,dlinear,roll,100,10.0,418944,1.7329091671296428,0.9503407087368848,3.8042041036484933,0.7924971916321468,3.694076084821685,0.46910489316932713,384,0.7815158116379566,0.8017930670068457,id,2,False,60300,,,,,mse,6000,200,5,150,100|200|400,1091,399,5849,5,1131
deep,dlinear,roll,150,15.0,418944,2.5317543644069493,1.3689313834171495,5.250462508623207,0.767486586933664,3.6967972023470375,0.6848507575150671,384,0.7564284611046339,0.7774463589328463,id,2,False,60300,,,,,mse,6000,200,5,150,100|200|400,1091,399,5849,5,1131
deep,dlinear,pitch,10,1.0,418944,0.03091834599137092,0.017797698099480466,0.8961445522125455,0.9988096453640647,1.2403442750018743,0.024927229168953274,384,0.9986484106510121,0.9989675077844967,id,2,False,60300,,,,,mse,6000,200,5,150,100|200|400,1091,399,5849,5,1131
deep,dlinear,pitch,20,2.0,418944,0.20100168962815876,0.11988162595125511,1.6391044953318454,0.9849621366678954,1.240393189409016,0.16204675367810248,384,0.983302887576464,0.986555613570195,id,2,False,60300,,,,,mse,6000,200,5,150,100|200|400,1091,399,5849,5,1131
deep,dlinear,pitch,30,3.0,418944,0.43398667788979894,0.26451879779374976,2.1211392967275144,0.9581385356218366,1.2402854523142828,0.3499087061611593,384,0.9538770562139378,0.9621385875105287,id,2,False,60300,,,,,mse,6000,200,5,150,100|200|400,1091,399,5849,5,1131
deep,dlinear,pitch,50,5.0,418944,0.5246583073351252,0.32281404563497684,2.2310378683549135,0.9446982055129849,1.240068055500173,0.42308831761939697,384,0.9387116072261098,0.9503147487492571,id,2,False,60300,,,,,mse,6000,200,5,150,100|200|400,1091,399,5849,5,1131
deep,dlinear,pitch,100,10.0,418944,1.0873384084876399,0.6848635711407133,1.5609168249297358,0.5147450944923502,1.2401273775213297,0.8767957454990852,384,0.4995376826463373,0.5301038343240236,id,2,False,60300,,,,,mse,6000,200,5,150,100|200|400,1091,399,5849,5,1131
deep,dlinear,pitch,150,15.0,418944,1.2430019049178798,0.7792361829431697,1.7818458998404407,0.5133650413904283,1.2404643096284043,1.0020456818223458,384,0.4888536099876798,0.5363771208364223,id,2,False,60300,,,,,mse,6000,200,5,150,100|200|400,1091,399,5849,5,1131
deep,dlinear,heave,10,1.0,418944,0.014895973911619977,0.008531318923023706,0.44162565007972127,0.9988622961530234,0.7586744785454769,0.019634209839480023,384,0.9986201082730819,0.9990818401667506,id,2,False,60300,,,,,mse,6000,200,5,150,100|200|400,1091,399,5849,5,1131
deep,dlinear,heave,20,2.0,418944,0.10159975265393646,0.05742327792073617,0.8379625081057451,0.9852993639618982,0.7587896097620423,0.13389713215208404,384,0.9817560638412995,0.9885611232901587,id,2,False,60300,,,,,mse,6000,200,5,150,100|200|400,1091,399,5849,5,1131
deep,dlinear,heave,30,3.0,418944,0.2568106701313207,0.1422360168010479,1.1508797208863502,0.9502072339019377,0.758921162789381,0.33838912751810013,384,0.938013897629124,0.9614817919258327,id,2,False,60300,,,,,mse,6000,200,5,150,100|200|400,1091,399,5849,5,1131
deep,dlinear,heave,50,5.0,418944,0.31137801863965076,0.17420187399360443,1.441163548726843,0.9533180097447911,0.7589656362018378,0.4102662937388163,384,0.942275218473602,0.9637293133406435,id,2,False,60300,,,,,mse,6000,200,5,150,100|200|400,1091,399,5849,5,1131
deep,dlinear,heave,100,10.0,418944,0.5726813985361753,0.3612563264493365,0.834510527562901,0.5290633239291902,0.7592839391596414,0.7542387886803009,384,0.4884936268375083,0.5697694571569812,id,2,False,60300,,,,,mse,6000,200,5,150,100|200|400,1091,399,5849,5,1131
deep,dlinear,heave,150,15.0,418944,0.7480757125731486,0.47497936942372554,1.1055277079321404,0.5421198185498954,0.759468366891061,0.9849991720332618,384,0.4882039665226734,0.5891779767938004,id,2,False,60300,,,,,mse,6000,200,5,150,100|200|400,1091,399,5849,5,1131
deep,dlinear,roll_rate,10,1.0,418944,0.027744767665886662,0.015514747095617197,1.0679896361750225,0.999325117591142,1.9709759416747037,0.014076664803078428,384,0.9993080139698346,0.999341431633547,id,2,False,60300,,,,,mse,6000,200,5,150,100|200|400,1091,399,5849,5,1131
deep,dlinear,roll_rate,20,2.0,418944,0.13371592752509623,0.0788462763976525,2.04926284907427,0.9957423402819009,1.9713738906856482,0.06782880110002347,384,0.9954593833475011,0.9960007181686131,id,2,False,60300,,,,,mse,6000,200,5,150,100|200|400,1091,399,5849,5,1131
deep,dlinear,roll_rate,30,3.0,418944,0.36071920408347097,0.2053515320161461,2.8671756232230625,0.9841718580356834,1.971717923838755,0.182946657694922,384,0.9833112618813495,0.9849437510062725,id,2,False,60300,,,,,mse,6000,200,5,150,100|200|400,1091,399,5849,5,1131
deep,dlinear,roll_rate,50,5.0,418944,0.42922256163359007,0.24688617053277026,3.8003090696362802,0.9872436258741942,1.9722164496629107,0.2176346119144034,384,0.9865704284433912,0.9878587539990241,id,2,False,60300,,,,,mse,6000,200,5,150,100|200|400,1091,399,5849,5,1131
deep,dlinear,roll_rate,100,10.0,418944,0.95337145626963,0.5560590692681774,1.9637399394759982,0.7643017575979261,1.9739519724102126,0.48297601440908167,384,0.7491188248468362,0.7770937721650566,id,2,False,60300,,,,,mse,6000,200,5,150,100|200|400,1091,399,5849,5,1131
deep,dlinear,roll_rate,150,15.0,418944,1.380271277807304,0.7837153799459031,2.896430496995325,0.7729075590550722,1.975553636862926,0.6986756785804618,384,0.7643606144105055,0.7799749834224632,id,2,False,60300,,,,,mse,6000,200,5,150,100|200|400,1091,399,5849,5,1131
deep,dlinear,pitch_rate,10,1.0,418944,0.047322924256953156,0.021280503728022017,0.7531298125402182,0.9960517606915419,0.9234044534650131,0.051248317115406,384,0.9951141936523059,0.9969346065120012,id,2,False,60300,,,,,mse,6000,200,5,150,100|200|400,1091,399,5849,5,1131
deep,dlinear,pitch_rate,20,2.0,418944,0.25781747360316243,0.1299147633598062,1.3418810460639456,0.9630855281152237,0.9235131941570501,0.2791703196384639,384,0.9560679651697727,0.9696150614906274,id,2,False,60300,,,,,mse,6000,200,5,150,100|200|400,1091,399,5849,5,1131
deep,dlinear,pitch_rate,30,3.0,418944,0.47849664170871076,0.26104478398027875,1.6644452321714636,0.9173545841623592,0.9236561249822394,0.5180463039942614,384,0.9046744610748633,0.9291678229782989,id,2,False,60300,,,,,mse,6000,200,5,150,100|200|400,1091,399,5849,5,1131
deep,dlinear,pitch_rate,50,5.0,418944,0.5424156612191636,0.30698359995102076,1.5485057653903693,0.8773016316157167,0.9236585535052279,0.5872469422393473,384,0.8571563535220462,0.894521365030178,id,2,False,60300,,,,,mse,6000,200,5,150,100|200|400,1091,399,5849,5,1131
deep,dlinear,pitch_rate,100,10.0,418944,0.9452227990193568,0.5787728849099661,1.274579834785688,0.45003596408988966,0.9237886815931622,1.0232024031613263,384,0.4330820446709058,0.4666102906033236,id,2,False,60300,,,,,mse,6000,200,5,150,100|200|400,1091,399,5849,5,1131
deep,dlinear,pitch_rate,150,15.0,418944,0.949004250169673,0.594573999248149,1.3066658062650982,0.4725184639203751,0.923677262965375,1.0274197365462783,384,0.45402218276977957,0.48984953456704244,id,2,False,60300,,,,,mse,6000,200,5,150,100|200|400,1091,399,5849,5,1131
deep,dlinear,heave_rate,10,1.0,418944,0.007764998036894091,0.005089046316652978,0.28518621353692575,0.9992586459806913,0.4494429055050756,0.017276939833254082,384,0.9991823474117736,0.9993306742113202,id,2,False,60300,,,,,mse,6000,200,5,150,100|200|400,1091,399,5849,5,1131
deep,dlinear,heave_rate,20,2.0,418944,0.052547131672908885,0.034552473394553085,0.5351005334490926,0.9903566648322203,0.4494530144731941,0.11691351482979732,384,0.9891766088024534,0.9914456502742679,id,2,False,60300,,,,,mse,6000,200,5,150,100|200|400,1091,399,5849,5,1131
deep,dlinear,heave_rate,30,3.0,418944,0.12755835243894792,0.08293559326404311,0.7214322878430781,0.9687372878637222,0.4494430721740169,0.2838142588825119,384,0.9645774881197762,0.9724819202297947,id,2,False,60300,,,,,mse,6000,200,5,150,100|200|400,1091,399,5849,5,1131
deep,dlinear,heave_rate,50,5.0,418944,0.15653438434305825,0.10244361793653775,0.8521061512079104,0.9662532388149474,0.44946461013569566,0.3482685417563793,384,0.9619054848876059,0.9701431726827086,id,2,False,60300,,,,,mse,6000,200,5,150,100|200|400,1091,399,5849,5,1131
deep,dlinear,heave_rate,100,10.0,418944,0.3343743975380874,0.2273803271729621,0.47926486717836025,0.5132400409405788,0.44945174911641034,0.7439606102222169,384,0.48918533309242684,0.5376698226769037,id,2,False,60300,,,,,mse,6000,200,5,150,100|200|400,1091,399,5849,5,1131
deep,dlinear,heave_rate,150,15.0,418944,0.43427404773549444,0.29210327012906473,0.6809671010495266,0.5932987644151919,0.44946344226262147,0.9662054950439064,384,0.5701134510154616,0.6156982616667908,id,2,False,60300,,,,,mse,6000,200,5,150,100|200|400,1091,399,5849,5,1131
deep,dlinear_ols,roll,10,1.0,418944,0.011614022235166355,0.006152554754412695,1.9461019982798347,0.9999643849048344,3.687222002970601,0.003149802812472248,384,0.9999612972643165,0.9999673094440571,id,0,True,60300,0.10024801100371405,,,,,6000,200,5,150,100|200|400,1091,399,5849,5,1131
deep,dlinear_ols,roll,20,2.0,418944,0.11404920092795152,0.060241770773093305,3.747341945419572,0.9990737294741282,3.6877754460978944,0.03092628675334046,384,0.9989929545224909,0.9991496827357588,id,0,True,60300,0.10024801100371405,,,,,6000,200,5,150,100|200|400,1091,399,5849,5,1131
deep,dlinear_ols,roll,30,3.0,418944,0.40357621281762474,0.2121384875421097,5.271807875224931,0.9941395364101138,3.688478647638728,0.10941535830117498,384,0.9936216274121438,0.9946205995415983,id,0,True,60300,0.10024801100371405,,,,,6000,200,5,150,100|200|400,1091,399,5849,5,1131
deep,dlinear_ols,roll,50,5.0,418944,0.8437224507889215,0.43925711492365466,7.095209199845273,0.9858593686263397,3.69030276033271,0.22863231165153863,384,0.9846338832573862,0.9869835305262362,id,0,True,60300,0.10024801100371405,,,,,6000,200,5,150,100|200|400,1091,399,5849,5,1131
deep,dlinear_ols,roll,100,10.0,418944,1.7436952403313561,0.9432899000843852,3.8042041036484933,0.7899060507867448,3.694076084821685,0.4720247229059239,384,0.7791774760259813,0.7994821286981171,id,0,True,60300,0.10024801100371405,,,,,6000,200,5,150,100|200|400,1091,399,5849,5,1131
deep,dlinear_ols,roll,150,15.0,418944,2.500880793487595,1.3539462346650537,5.250462508623207,0.7731227972156167,3.6967972023470375,0.6764993199788796,384,0.7620609300027565,0.7829049547806288,id,0,True,60300,0.10024801100371405,,,,,6000,200,5,150,100|200|400,1091,399,5849,5,1131
deep,dlinear_ols,pitch,10,1.0,418944,0.009430337141819008,0.005454839671380618,0.8961445522125455,0.9998892615856121,1.2403442750018743,0.0076029996928109,384,0.9998749452821002,0.9999031009815702,id,0,True,60300,0.10024801100371405,,,,,6000,200,5,150,100|200|400,1091,399,5849,5,1131
deep,dlinear_ols,pitch,20,2.0,418944,0.08591316994755771,0.050735782579151546,1.6391044953318454,0.9972526992523005,1.240393189409016,0.06926285203846608,384,0.9969204936699754,0.9975624092896224,id,0,True,60300,0.10024801100371405,,,,,6000,200,5,150,100|200|400,1091,399,5849,5,1131
deep,dlinear_ols,pitch,30,3.0,418944,0.27598980068889073,0.16646590825799829,2.1211392967275144,0.9830703614518382,1.2402854523142828,0.22252119475715348,384,0.9812722620520322,0.9848015706813158,id,0,True,60300,0.10024801100371405,,,,,6000,200,5,150,100|200|400,1091,399,5849,5,1131
deep,dlinear_ols,pitch,50,5.0,418944,0.4775651743043172,0.29441091762420024,2.2310378683549135,0.9541803872440026,1.240068055500173,0.3851120687982681,384,0.9492630809471774,0.9586942905911485,id,0,True,60300,0.10024801100371405,,,,,6000,200,5,150,100|200|400,1091,399,5849,5,1131
deep,dlinear_ols,pitch,100,10.0,418944,1.0253560264717672,0.6453543751648816,1.5609168249297358,0.568491005295185,1.2401273775213297,0.8268150877542669,384,0.5559901030224974,0.5823869153512173,id,0,True,60300,0.10024801100371405,,,,,6000,200,5,150,100|200|400,1091,399,5849,5,1131
deep,dlinear_ols,pitch,150,15.0,418944,1.2383000411552554,0.7764942481649008,1.7818458998404407,0.5170396354894948,1.2404643096284043,0.9982552754993836,384,0.4926574939624269,0.5395553848592938,id,0,True,60300,0.10024801100371405,,,,,6000,200,5,150,100|200|400,1091,399,5849,5,1131
deep,dlinear_ols,heave,10,1.0,418944,0.0043735276293021055,0.0024792216496377314,0.44162565007972127,0.9999019257107408,0.7586744785454769,0.005764695864934048,384,0.999878136276767,0.999923782471557,id,0,True,60300,0.10024801100371405,,,,,6000,200,5,150,100|200|400,1091,399,5849,5,1131
deep,dlinear_ols,heave,20,2.0,418944,0.04308086430618901,0.024268254646751766,0.8379625081057451,0.9973568632115155,0.7587896097620423,0.056775769926131744,384,0.9967129748051962,0.9979508452523842,id,0,True,60300,0.10024801100371405,,,,,6000,200,5,150,100|200|400,1091,399,5849,5,1131
deep,dlinear_ols,heave,30,3.0,418944,0.1532047450185988,0.08537816310547018,1.1508797208863502,0.9822791496733974,0.758921162789381,0.2018717523378865,384,0.9778751514427955,0.9863403278020718,id,0,True,60300,0.10024801100371405,,,,,6000,200,5,150,100|200|400,1091,399,5849,5,1131
deep,dlinear_ols,heave,50,5.0,418944,0.3267846256731608,0.17652879540164543,1.441163548726843,0.9485841885909575,0.7589656362018378,0.43056577279113645,384,0.9354674422264297,0.9610112368354023,id,0,True,60300,0.10024801100371405,,,,,6000,200,5,150,100|200|400,1091,399,5849,5,1131
deep,dlinear_ols,heave,100,10.0,418944,0.58764133405761,0.35828610623924745,0.834510527562901,0.5041377663035294,0.7592839391596414,0.7739414779509209,384,0.45010995634042805,0.558552214495819,id,0,True,60300,0.10024801100371405,,,,,6000,200,5,150,100|200|400,1091,399,5849,5,1131
deep,dlinear_ols,heave,150,15.0,418944,0.7436677495542766,0.47182757815957405,1.1055277079321404,0.5474999491961399,0.759468366891061,0.9791951606865927,384,0.49283894267344336,0.5955483594017247,id,0,True,60300,0.10024801100371405,,,,,6000,200,5,150,100|200|400,1091,399,5849,5,1131
deep,dlinear_ols,roll_rate,10,1.0,418944,0.006218481531975858,0.003639177523603859,1.0679896361750225,0.9999660972738879,1.9709759416747037,0.003155026604075199,384,0.9999642706615659,0.9999677254118935,id,0,True,60300,0.10024801100371405,,,,,6000,200,5,150,100|200|400,1091,399,5849,5,1131
deep,dlinear_ols,roll_rate,20,2.0,418944,0.0607397189747568,0.035312864240207346,2.04926284907427,0.9991214828929165,1.9713738906856482,0.030810856967184136,384,0.9990744956639256,0.9991632168046212,id,0,True,60300,0.10024801100371405,,,,,6000,200,5,150,100|200|400,1091,399,5849,5,1131
deep,dlinear_ols,roll_rate,30,3.0,418944,0.21330634662920497,0.12282548035416783,2.8671756232230625,0.9944652378325166,1.971717923838755,0.10818299314027484,384,0.9941713919749141,0.9947236915658904,id,0,True,60300,0.10024801100371405,,,,,6000,200,5,150,100|200|400,1091,399,5849,5,1131
deep,dlinear_ols,roll_rate,50,5.0,418944,0.4392099051837243,0.24761246484994467,3.8003090696362802,0.9866430772112776,1.9722164496629107,0.22269863191679273,384,0.9859336210039843,0.9872833096650346,id,0,True,60300,0.10024801100371405,,,,,6000,200,5,150,100|200|400,1091,399,5849,5,1131
deep,dlinear_ols,roll_rate,100,10.0,418944,0.9447936336022276,0.5445611474128993,1.9637399394759982,0.768523999381729,1.9739519724102126,0.4786305071286138,384,0.7551014402428643,0.7800916896665439,id,0,True,60300,0.10024801100371405,,,,,6000,200,5,150,100|200|400,1091,399,5849,5,1131
deep,dlinear_ols,roll_rate,150,15.0,418944,1.364519285271361,0.7756717359806877,2.896430496995325,0.778061251361176,1.975553636862926,0.6907022212963779,384,0.7693424727033576,0.7852694206921905,id,0,True,60300,0.10024801100371405,,,,,6000,200,5,150,100|200|400,1091,399,5849,5,1131
deep,dlinear_ols,pitch_rate,10,1.0,418944,0.014271519883704144,0.006526294658324995,0.7531298125402182,0.9996409120968347,0.9234044534650131,0.01545532927651716,384,0.9995600403110532,0.9997181329566079,id,0,True,60300,0.10024801100371405,,,,,6000,200,5,150,100|200|400,1091,399,5849,5,1131
deep,dlinear_ols,pitch_rate,20,2.0,418944,0.11824648201814121,0.05722888209398096,1.3418810460639456,0.9922348755502983,0.9235131941570501,0.12803984043354397,384,0.9905814797099084,0.993740001619403,id,0,True,60300,0.10024801100371405,,,,,6000,200,5,150,100|200|400,1091,399,5849,5,1131
deep,dlinear_ols,pitch_rate,30,3.0,418944,0.33626993788927584,0.17427525126807084,1.6644452321714636,0.959183377160606,0.9236561249822394,0.3640639939411887,384,0.9514986640577113,0.9663194828192764,id,0,True,60300,0.10024801100371405,,,,,6000,200,5,150,100|200|400,1091,399,5849,5,1131
deep,dlinear_ols,pitch_rate,50,5.0,418944,0.44626400194543386,0.2624308458827725,1.5485057653903693,0.9169464772174506,0.9236585535052279,0.4831482372483741,384,0.9056064804837098,0.9264940919357523,id,0,True,60300,0.10024801100371405,,,,,6000,200,5,150,100|200|400,1091,399,5849,5,1131
deep,dlinear_ols,pitch_rate,100,10.0,418944,0.8776170199850792,0.5393213542781649,1.274579834785688,0.525893414556412,0.9237886815931622,0.9500192386764736,384,0.5119539972945069,0.5404571055559282,id,0,True,60300,0.10024801100371405,,,,,6000,200,5,150,100|200|400,1091,399,5849,5,1131
deep,dlinear_ols,pitch_rate,150,15.0,418944,0.9478434110662862,0.5934532796452029,1.3066658062650982,0.4738081245138368,0.923677262965375,1.0261629782066175,384,0.45498981431125957,0.49127463768405744,id,0,True,60300,0.10024801100371405,,,,,6000,200,5,150,100|200|400,1091,399,5849,5,1131
deep,dlinear_ols,heave_rate,10,1.0,418944,0.0022850748848551546,0.0015032133662221693,0.28518621353692575,0.9999357987003131,0.4494429055050756,0.005084238413524917,384,0.9999281650551032,0.9999427537337856,id,0,True,60300,0.10024801100371405,,,,,6000,200,5,150,100|200|400,1091,399,5849,5,1131
deep,dlinear_ols,heave_rate,20,2.0,418944,0.022171870081981983,0.014555307233466349,0.5351005334490926,0.9982831439531212,0.4494530144731941,0.04933078512771737,384,0.998073101339545,0.9984728122410824,id,0,True,60300,0.10024801100371405,,,,,6000,200,5,150,100|200|400,1091,399,5849,5,1131
deep,dlinear_ols,heave_rate,30,3.0,418944,0.07712846951191843,0.05037610929746083,0.7214322878430781,0.9885702093338973,0.4494430721740169,0.17160898517989742,384,0.9871132636039863,0.9898879095877998,id,0,True,60300,0.10024801100371405,,,,,6000,200,5,150,100|200|400,1091,399,5849,5,1131
deep,dlinear_ols,heave_rate,50,5.0,418944,0.15634422322127509,0.10017722403058613,0.8521061512079104,0.966335181501782,0.44946461013569566,0.34784545811977047,384,0.9614100026169362,0.9706662217796885,id,0,True,60300,0.10024801100371405,,,,,6000,200,5,150,100|200|400,1091,399,5849,5,1131
deep,dlinear_ols,heave_rate,100,10.0,418944,0.32541105516180197,0.21908770981524606,0.47926486717836025,0.5389867386238234,0.44945174911641034,0.7240177745476274,384,0.514795128272362,0.564337913275267,id,0,True,60300,0.10024801100371405,,,,,6000,200,5,150,100|200|400,1091,399,5849,5,1131
deep,dlinear_ols,heave_rate,150,15.0,418944,0.43141531973779645,0.29023980476681566,0.6809671010495266,0.5986355856670722,0.44946344226262147,0.9598451824380424,384,0.5751971269063523,0.6207222438317076,id,0,True,60300,0.10024801100371405,,,,,6000,200,5,150,100|200|400,1091,399,5849,5,1131
deep,tcn,roll,10,1.0,418944,0.09559460506801593,0.06803417300281257,1.9461019982798347,0.9975871208564575,3.687222002970601,0.025925915225880183,384,0.9972001796265814,0.9978743501911481,id,0,False,196804,,,,,mse,6000,200,5,150,100|200|400,1091,399,5849,5,1131
deep,tcn,roll,20,2.0,418944,0.10831936587666056,0.07557799936446832,3.747341945419572,0.9991644632257233,3.6877754460978944,0.029372549240023645,384,0.9990158888020361,0.9992704346204753,id,0,False,196804,,,,,mse,6000,200,5,150,100|200|400,1091,399,5849,5,1131
deep,tcn,roll,30,3.0,418944,0.16221996112170844,0.11290579192620415,5.271807875224931,0.9990531320057563,3.688478647638728,0.04398018170053868,384,0.9988855917880051,0.9991750518521242,id,0,False,196804,,,,,mse,6000,200,5,150,100|200|400,1091,399,5849,5,1131
deep,tcn,roll,50,5.0,418944,0.2064797288180694,0.14008134470663655,7.095209199845273,0.9991531150164539,3.69030276033271,0.05595197527897511,384,0.999003776743413,0.999259960034236,id,0,False,196804,,,,,mse,6000,200,5,150,100|200|400,1091,399,5849,5,1131
deep,tcn,roll,100,10.0,418944,0.45261151766560354,0.280673261564543,3.8042041036484933,0.9858445531583191,3.694076084821685,0.12252360462344167,384,0.9838257687539241,0.9875056486430599,id,0,False,196804,,,,,mse,6000,200,5,150,100|200|400,1091,399,5849,5,1131
deep,tcn,roll,150,15.0,418944,0.9274908762895543,0.5564112274301225,5.250462508623207,0.9687950012943386,3.6967972023470375,0.2508903857914373,384,0.9662885050508948,0.9711504956050236,id,0,False,196804,,,,,mse,6000,200,5,150,100|200|400,1091,399,5849,5,1131
deep,tcn,pitch,10,1.0,418944,0.03885388077403315,0.027127544222708876,0.8961445522125455,0.9981201955716352,1.2403442750018743,0.031325077687785065,384,0.9980036202404633,0.9982287188623549,id,0,False,196804,,,,,mse,6000,200,5,150,100|200|400,1091,399,5849,5,1131
deep,tcn,pitch,20,2.0,418944,0.07570416567125302,0.049198446178651836,1.6391044953318454,0.9978668260463068,1.240393189409016,0.06103239385514699,384,0.9976834040801927,0.9980455830954637,id,0,False,196804,,,,,mse,6000,200,5,150,100|200|400,1091,399,5849,5,1131
deep,tcn,pitch,30,3.0,418944,0.10833476708831244,0.06722117751814949,2.1211392967275144,0.9973914610362661,1.2402854523142828,0.08734664015140033,384,0.9971519883097153,0.9976223225075771,id,0,False,196804,,,,,mse,6000,200,5,150,100|200|400,1091,399,5849,5,1131
deep,tcn,pitch,50,5.0,418944,0.22801923129963875,0.12505013137863116,2.2310378683549135,0.9895545039094709,1.240068055500173,0.18387638508087262,384,0.9874257674814225,0.9914188745971017,id,0,False,196804,,,,,mse,6000,200,5,150,100|200|400,1091,399,5849,5,1131
deep,tcn,pitch,100,10.0,418944,0.6340509784959082,0.359371672498168,1.5609168249297358,0.8349981435518739,1.2401273775213297,0.5112789137541661,384,0.8160932706508192,0.8534841480275273,id,0,False,196804,,,,,mse,6000,200,5,150,100|200|400,1091,399,5849,5,1131
deep,tcn,pitch,150,15.0,418944,0.9445950288650453,0.563575936720561,1.7818458998404407,0.7189710716672231,1.2404643096284043,0.7614850516320054,384,0.7049239216934797,0.7324587864056168,id,0,False,196804,,,,,mse,6000,200,5,150,100|200|400,1091,399,5849,5,1131
deep,tcn,heave,10,1.0,418944,0.01899242098671447,0.013127141078656666,0.44162565007972127,0.9981505096181126,0.7586744785454769,0.025033689050838442,384,0.9980301120721171,0.9982687124636517,id,0,False,196804,,,,,mse,6000,200,5,150,100|200|400,1091,399,5849,5,1131
deep,tcn,heave,20,2.0,418944,0.027242881842517188,0.018492308744607562,0.8379625081057451,0.9989430439776963,0.7587896097620423,0.03590307707436927,384,0.998889890421083,0.9989903914754454,id,0,False,196804,,,,,mse,6000,200,5,150,100|200|400,1091,399,5849,5,1131
deep,tcn,heave,30,3.0,418944,0.04106109734021888,0.027519683082060275,1.1508797208863502,0.9987270796551634,0.758921162789381,0.05410456230960886,384,0.9986685780983514,0.9987811106857633,id,0,False,196804,,,,,mse,6000,200,5,150,100|200|400,1091,399,5849,5,1131
deep,tcn,heave,50,5.0,418944,0.09170682626785348,0.05538429354537281,1.441163548726843,0.9959507294973738,0.7589656362018378,0.12083132871046767,384,0.995598356311395,0.9963146269754404,id,0,False,196804,,,,,mse,6000,200,5,150,100|200|400,1091,399,5849,5,1131
deep,tcn,heave,100,10.0,418944,0.2567634446617142,0.15325975671746367,0.834510527562901,0.9053320991477547,0.7592839391596414,0.338165252047731,384,0.8881029084545413,0.919477563848272,id,0,False,196804,,,,,mse,6000,200,5,150,100|200|400,1091,399,5849,5,1131
deep,tcn,heave,150,15.0,418944,0.44805921359460726,0.2792140935581391,1.1055277079321404,0.8357400973982356,0.759468366891061,0.5899642870298473,384,0.828987730118653,0.8423472457952994,id,0,False,196804,,,,,mse,6000,200,5,150,100|200|400,1091,399,5849,5,1131
deep,tcn,roll_rate,10,1.0,418944,0.07936978899502137,0.056988555108682074,1.0679896361750225,0.9944769830651768,1.9709759416747037,0.04026928351422811,384,0.9933999391909132,0.9952364806862476,id,0,False,196804,,,,,mse,6000,200,5,150,100|200|400,1091,399,5849,5,1131
deep,tcn,roll_rate,20,2.0,418944,0.10104509479444944,0.07298259853096957,2.04926284907427,0.9975687191036687,1.9713738906856482,0.05125617990167544,384,0.9971294023780053,0.9978666334905483,id,0,False,196804,,,,,mse,6000,200,5,150,100|200|400,1091,399,5849,5,1131
deep,tcn,roll_rate,30,3.0,418944,0.10323072525966777,0.0742086727909401,2.8671756232230625,0.9987036885238049,1.971717923838755,0.0523557269584926,384,0.998507204442983,0.998847078043387,id,0,False,196804,,,,,mse,6000,200,5,150,100|200|400,1091,399,5849,5,1131
deep,tcn,roll_rate,50,5.0,418944,0.14634244249294293,0.10122085531087578,3.8003090696362802,0.998517131081787,1.9722164496629107,0.07420201901163315,384,0.9982669611050461,0.9987049174570467,id,0,False,196804,,,,,mse,6000,200,5,150,100|200|400,1091,399,5849,5,1131
deep,tcn,roll_rate,100,10.0,418944,0.3617909987675459,0.21862358264900902,1.9637399394759982,0.9660572075209626,1.9739519724102126,0.18328257415796997,384,0.9612781906104815,0.9701092562435664,id,0,False,196804,,,,,mse,6000,200,5,150,100|200|400,1091,399,5849,5,1131
deep,tcn,roll_rate,150,15.0,418944,0.625134200553236,0.3806717920547818,2.896430496995325,0.9534177678236034,1.975553636862926,0.31643494202765143,384,0.9496505592639605,0.9569558285353824,id,0,False,196804,,,,,mse,6000,200,5,150,100|200|400,1091,399,5849,5,1131
deep,tcn,pitch_rate,10,1.0,418944,0.04307610801914281,0.02811179957406354,0.7531298125402182,0.9967286031148889,0.9234044534650131,0.046649231393137224,384,0.9964564280752598,0.9969886524402805,id,0,False,196804,,,,,mse,6000,200,5,150,100|200|400,1091,399,5849,5,1131
deep,tcn,pitch_rate,20,2.0,418944,0.07061868759782784,0.044459275869381996,1.3418810460639456,0.997230437008305,0.9235131941570501,0.07646743765505815,384,0.9969870316161501,0.9974921005856705,id,0,False,196804,,,,,mse,6000,200,5,150,100|200|400,1091,399,5849,5,1131
deep,tcn,pitch_rate,30,3.0,418944,0.10566464138343157,0.06378501383953392,1.6644452321714636,0.9959698580059548,0.9236561249822394,0.11439824684263676,384,0.9954035896923915,0.9964790824135681,id,0,False,196804,,,,,mse,6000,200,5,150,100|200|400,1091,399,5849,5,1131
deep,tcn,pitch_rate,50,5.0,418944,0.2320522383854159,0.12566486869262944,1.5485057653903693,0.9775433034436037,0.9236585535052279,0.2512316239640631,384,0.9743128987245568,0.9807956407497579,id,0,False,196804,,,,,mse,6000,200,5,150,100|200|400,1091,399,5849,5,1131
deep,tcn,pitch_rate,100,10.0,418944,0.5741014428054235,0.32042372514611844,1.274579834785688,0.7971181528664724,0.9237886815931622,0.6214640363587596,384,0.7828144726973787,0.8123701850313203,id,0,False,196804,,,,,mse,6000,200,5,150,100|200|400,1091,399,5849,5,1131
deep,tcn,pitch_rate,150,15.0,418944,0.775033071182563,0.4627711686366438,1.3066658062650982,0.6481873781533192,0.923677262965375,0.8390734537455167,384,0.6336567687578892,0.6632849324395782,id,0,False,196804,,,,,mse,6000,200,5,150,100|200|400,1091,399,5849,5,1131
deep,tcn,heave_rate,10,1.0,418944,0.016358656891711558,0.011531981196021387,0.28518621353692575,0.9967096792746181,0.4494429055050756,0.036397630691996356,384,0.9965267779389991,0.9968833563921748,id,0,False,196804,,,,,mse,6000,200,5,150,100|200|400,1091,399,5849,5,1131
deep,tcn,heave_rate,20,2.0,418944,0.022149865436621067,0.01526199816798023,0.5351005334490926,0.9982865500764091,0.4494530144731941,0.04928182640533188,384,0.9982111407440923,0.9983571426103797,id,0,False,196804,,,,,mse,6000,200,5,150,100|200|400,1091,399,5849,5,1131
deep,tcn,heave_rate,30,3.0,418944,0.031766907169375976,0.020763629819015014,0.7214322878430781,0.9980610852382263,0.4494430721740169,0.07068060258602975,384,0.9979405890972964,0.998185726414705,id,0,False,196804,,,,,mse,6000,200,5,150,100|200|400,1091,399,5849,5,1131
deep,tcn,heave_rate,50,5.0,418944,0.05207062555703064,0.032725326319141664,0.8521061512079104,0.9962657947131046,0.44946461013569566,0.11585033478233192,384,0.9960021451609608,0.9965152299655541,id,0,False,196804,,,,,mse,6000,200,5,150,100|200|400,1091,399,5849,5,1131
deep,tcn,heave_rate,100,10.0,418944,0.1737775590099401,0.10497691274776835,0.47926486717836025,0.868527113726814,0.44945174911641034,0.38664341467482155,384,0.8557017257700761,0.8798919892021083,id,0,False,196804,,,,,mse,6000,200,5,150,100|200|400,1091,399,5849,5,1131
deep,tcn,heave_rate,150,15.0,418944,0.2966423225375655,0.1867954860474663,0.6809671010495266,0.8102359397762678,0.44946344226262147,0.6599921031269044,384,0.8010291312309163,0.8191165879922148,id,0,False,196804,,,,,mse,6000,200,5,150,100|200|400,1091,399,5849,5,1131
deep,tcn,roll,10,1.0,418944,0.11076867826934715,0.0755804980087928,1.9461019982798347,0.9967603152616755,3.687222002970601,0.030041228377381848,384,0.9960823896381025,0.9972465469224128,id,1,False,196804,,,,,mse,6000,200,5,150,100|200|400,1091,399,5849,5,1131
deep,tcn,roll,20,2.0,418944,0.1131176213691441,0.07907612600228137,3.747341945419572,0.9990887996459796,3.6877754460978944,0.03067367387806544,384,0.9989037897236931,0.9992162672815535,id,1,False,196804,,,,,mse,6000,200,5,150,100|200|400,1091,399,5849,5,1131
deep,tcn,roll,30,3.0,418944,0.1526828702127001,0.10700060330466313,5.271807875224931,0.9991611940897739,3.688478647638728,0.041394538181871776,384,0.9990046845372301,0.9992691933109157,id,1,False,196804,,,,,mse,6000,200,5,150,100|200|400,1091,399,5849,5,1131
deep,tcn,roll,50,5.0,418944,0.2014346865494642,0.13905747377401242,7.095209199845273,0.9991939943166317,3.69030276033271,0.05458486732164579,384,0.9990543574099544,0.9992905726008859,id,1,False,196804,,,,,mse,6000,200,5,150,100|200|400,1091,399,5849,5,1131
deep,tcn,roll,100,10.0,418944,0.4524453676376228,0.28309540194768196,3.8042041036484933,0.9858549439509091,3.694076084821685,0.12247862719900166,384,0.983821459501505,0.9875311416342276,id,1,False,196804,,,,,mse,6000,200,5,150,100|200|400,1091,399,5849,5,1131
deep,tcn,roll,150,15.0,418944,0.9274686708846467,0.5552279954554746,5.250462508623207,0.9687964954574714,3.6967972023470375,0.25088437913116024,384,0.9662815238900713,0.9711762368870778,id,1,False,196804,,,,,mse,6000,200,5,150,100|200|400,1091,399,5849,5,1131
deep,tcn,pitch,10,1.0,418944,0.038241190187590694,0.026571876864635347,0.8961445522125455,0.9981790137652047,1.2403442750018743,0.030831109522017917,384,0.9980924063309292,0.9982612967433353,id,1,False,196804,,,,,mse,6000,200,5,150,100|200|400,1091,399,5849,5,1131
deep,tcn,pitch,20,2.0,418944,0.07474271940006272,0.04834451287010103,1.6391044953318454,0.997920664792452,1.240393189409016,0.060257279738591435,384,0.9977523696522468,0.9980807257880044,id,1,False,196804,,,,,mse,6000,200,5,150,100|200|400,1091,399,5849,5,1131
deep,tcn,pitch,30,3.0,418944,0.11122522429461609,0.06953271075824421,2.1211392967275144,0.9972504083474649,1.2402854523142828,0.08967711754344766,384,0.9969932425485143,0.9975006805695688,id,1,False,196804,,,,,mse,6000,200,5,150,100|200|400,1091,399,5849,5,1131
deep,tcn,pitch,50,5.0,418944,0.23093909426433418,0.12657539315997723,2.2310378683549135,0.9892852749093,1.240068055500173,0.18623098404965077,384,0.9870698984854765,0.9911658424696453,id,1,False,196804,,,,,mse,6000,200,5,150,100|200|400,1091,399,5849,5,1131
deep,tcn,pitch,100,10.0,418944,0.6357053802785716,0.3617017428787948,1.5609168249297358,0.8341359557740956,1.2401273775213297,0.5126129717006733,384,0.8151479857767007,0.8525157665696893,id,1,False,196804,,,,,mse,6000,200,5,150,100|200|400,1091,399,5849,5,1131
deep,tcn,pitch,150,15.0,418944,0.9469440669589957,0.5672968187993473,1.7818458998404407,0.7175715968187288,1.2404643096284043,0.7633787281172676,384,0.7034558330783129,0.7312221364058525,id,1,False,196804,,,,,mse,6000,200,5,150,100|200|400,1091,399,5849,5,1131
deep,tcn,heave,10,1.0,418944,0.02121772700207936,0.015029783371134683,0.44162565007972127,0.9976917165643956,0.7586744785454769,0.02796683900947581,384,0.9975376107804588,0.9978343736458232,id,1,False,196804,,,,,mse,6000,200,5,150,100|200|400,1091,399,5849,5,1131
deep,tcn,heave,20,2.0,418944,0.026073882297792585,0.01828437979360183,0.8379625081057451,0.9990318063599898,0.7587896097620423,0.034362466172895276,384,0.9989777266845268,0.999079795161313,id,1,False,196804,,,,,mse,6000,200,5,150,100|200|400,1091,399,5849,5,1131
deep,tcn,heave,30,3.0,418944,0.040217977343637024,0.027248113093546255,1.1508797208863502,0.9987788174918073,0.758921162789381,0.05299361688085971,384,0.9987184194968003,0.9988314971797684,id,1,False,196804,,,,,mse,6000,200,5,150,100|200|400,1091,399,5849,5,1131
deep,tcn,heave,50,5.0,418944,0.09250054967536893,0.05585068462517272,1.441163548726843,0.9958803332244786,0.7589656362018378,0.12187712494900035,384,0.9955299364935727,0.9962325586764446,id,1,False,196804,,,,,mse,6000,200,5,150,100|200|400,1091,399,5849,5,1131
deep,tcn,heave,100,10.0,418944,0.2573775256072001,0.15377398456368205,0.834510527562901,0.9048787381087334,0.7592839391596414,0.3389740152966489,384,0.8876401982562471,0.9191214932925243,id,1,False,196804,,,,,mse,6000,200,5,150,100|200|400,1091,399,5849,5,1131
deep,tcn,heave,150,15.0,418944,0.4485213893345463,0.27959272848637023,1.1055277079321404,0.8354010524947453,0.759468366891061,0.5905728386958383,384,0.8285808758276735,0.8419589758611079,id,1,False,196804,,,,,mse,6000,200,5,150,100|200|400,1091,399,5849,5,1131
deep,tcn,roll_rate,10,1.0,418944,0.06795306047429898,0.04897820198113703,1.0679896361750225,0.995951594874858,1.9709759416747037,0.034476859426584607,384,0.9951418161912502,0.9965093629887091,id,1,False,196804,,,,,mse,6000,200,5,150,100|200|400,1091,399,5849,5,1131
deep,tcn,roll_rate,20,2.0,418944,0.09366001669045121,0.06690080306645328,2.04926284907427,0.9979111217495836,1.9713738906856482,0.04751002188523256,384,0.9975146914040816,0.9981952255629786,id,1,False,196804,,,,,mse,6000,200,5,150,100|200|400,1091,399,5849,5,1131
deep,tcn,roll_rate,30,3.0,418944,0.10663995495595802,0.07617429827010522,2.8671756232230625,0.9986166524199717,1.971717923838755,0.0540847925895707,384,0.998388146631987,0.9987764002220408,id,1,False,196804,,,,,mse,6000,200,5,150,100|200|400,1091,399,5849,5,1131
deep,tcn,roll_rate,50,5.0,418944,0.14650495386244083,0.10066521396324019,3.8003090696362802,0.9985138358400397,1.9722164496629107,0.07428441938382642,384,0.9982620328888483,0.9987016402913048,id,1,False,196804,,,,,mse,6000,200,5,150,100|200|400,1091,399,5849,5,1131
deep,tcn,roll_rate,100,10.0,418944,0.36437610187806896,0.22230734404246244,1.9637399394759982,0.965570412090204,1.9739519724102126,0.18459218206467432,384,0.9605867341848678,0.9696980151693816,id,1,False,196804,,,,,mse,6000,200,5,150,100|200|400,1091,399,5849,5,1131
deep,tcn,roll_rate,150,15.0,418944,0.6283546691041488,0.3856853082794522,2.896430496995325,0.9529365814489655,1.975553636862926,0.3180651020449855,384,0.9491035861314626,0.9564746940957373,id,1,False,196804,,,,,mse,6000,200,5,150,100|200|400,1091,399,5849,5,1131
deep,tcn,pitch_rate,10,1.0,418944,0.04387235233630087,0.02923773184172654,0.7531298125402182,0.9966065444646678,0.9234044534650131,0.04751152344097196,384,0.9963533409876283,0.996852273022111,id,1,False,196804,,,,,mse,6000,200,5,150,100|200|400,1091,399,5849,5,1131
deep,tcn,pitch_rate,20,2.0,418944,0.07482821420295825,0.046259148598101756,1.3418810460639456,0.9968904129110715,0.9235131941570501,0.08102560383152811,384,0.9966015078886906,0.9971874395444065,id,1,False,196804,,,,,mse,6000,200,5,150,100|200|400,1091,399,5849,5,1131
deep,tcn,pitch_rate,30,3.0,418944,0.10455819644491786,0.06127345717971696,1.6644452321714636,0.9960538176680215,0.9236561249822394,0.11320034980218247,384,0.9954957959735643,0.9965659199762994,id,1,False,196804,,,,,mse,6000,200,5,150,100|200|400,1091,399,5849,5,1131
deep,tcn,pitch_rate,50,5.0,418944,0.2337214685992852,0.12672592369483618,1.5485057653903693,0.9772190642186522,0.9236585535052279,0.2530388179834707,384,0.9738727397364767,0.9805138178890254,id,1,False,196804,,,,,mse,6000,200,5,150,100|200|400,1091,399,5849,5,1131
deep,tcn,pitch_rate,100,10.0,418944,0.5767497573612069,0.32243334009867847,1.274579834785688,0.7952420586005197,0.9237886815931622,0.6243308332881354,384,0.7808264791968761,0.8104894018850405,id,1,False,196804,,,,,mse,6000,200,5,150,100|200|400,1091,399,5849,5,1131
deep,tcn,pitch_rate,150,15.0,418944,0.776923726603103,0.46522601538370956,1.3066658062650982,0.6464688250395558,0.923677262965375,0.8411203325595196,384,0.6318202880228835,0.661778679726668,id,1,False,196804,,,,,mse,6000,200,5,150,100|200|400,1091,399,5849,5,1131
deep,tcn,heave_rate,10,1.0,418944,0.015801915692032754,0.01118466001185706,0.28518621353692575,0.9969298299788995,0.4494429055050756,0.035158894485774236,384,0.996780273367627,0.9970742221264597,id,1,False,196804,,,,,mse,6000,200,5,150,100|200|400,1091,399,5849,5,1131
deep,tcn,heave_rate,20,2.0,418944,0.02330549467898768,0.015917150324039012,0.5351005334490926,0.9981030936803285,0.4494530144731941,0.05185301673035647,384,0.998012188360367,0.9981971932428815,id,1,False,196804,,,,,mse,6000,200,5,150,100|200|400,1091,399,5849,5,1131
deep,tcn,heave_rate,30,3.0,418944,0.03255059281983928,0.02117730386088779,0.7214322878430781,0.9979642396371029,0.4494430721740169,0.07242428426449575,384,0.9978334731217579,0.9980991950043323,id,1,False,196804,,,,,mse,6000,200,5,150,100|200|400,1091,399,5849,5,1131
deep,tcn,heave_rate,50,5.0,418944,0.05233696401402642,0.03301566661034578,0.8521061512079104,0.9962274964967721,0.44946461013569566,0.11644290303128788,384,0.9959704488421602,0.9964691856530956,id,1,False,196804,,,,,mse,6000,200,5,150,100|200|400,1091,399,5849,5,1131
deep,tcn,heave_rate,100,10.0,418944,0.17517607974384197,0.10620429811599504,0.47926486717836025,0.866402473240676,0.44945174911641034,0.3897550295181307,384,0.8538691583084141,0.8776734016105231,id,1,False,196804,,,,,mse,6000,200,5,150,100|200|400,1091,399,5849,5,1131
deep,tcn,heave_rate,150,15.0,418944,0.29784787881147773,0.18826926194512145,0.6809671010495266,0.8086904009245308,0.44946344226262147,0.6626743152059188,384,0.7995181231570333,0.8176314083098579,id,1,False,196804,,,,,mse,6000,200,5,150,100|200|400,1091,399,5849,5,1131
deep,tcn,roll,10,1.0,418944,0.09926587380293173,0.06726861322500383,1.9461019982798347,0.9973982309532277,3.687222002970601,0.02692158858971834,384,0.9968385652908472,0.9978066809490692,id,2,False,196804,,,,,mse,6000,200,5,150,100|200|400,1091,399,5849,5,1131
deep,tcn,roll,20,2.0,418944,0.11563802963320859,0.07976232230989917,3.747341945419572,0.9990477418079022,3.6877754460978944,0.0313571233724568,384,0.9988507414953677,0.9991872884263014,id,2,False,196804,,,,,mse,6000,200,5,150,100|200|400,1091,399,5849,5,1131
deep,tcn,roll,30,3.0,418944,0.16964512874261894,0.1194125357234791,5.271807875224931,0.9989644677275669,3.688478647638728,0.045993252218288296,384,0.9987595992489346,0.9991113108608632,id,2,False,196804,,,,,mse,6000,200,5,150,100|200|400,1091,399,5849,5,1131
deep,tcn,roll,50,5.0,418944,0.20843067319880423,0.14267246296040764,7.095209199845273,0.999137035654879,3.69030276033271,0.05648064311666736,384,0.9989837851872806,0.999246000203154,id,2,False,196804,,,,,mse,6000,200,5,150,100|200|400,1091,399,5849,5,1131
deep,tcn,roll,100,10.0,418944,0.45640275809057224,0.28729284730553933,3.8042041036484933,0.9856064175112671,3.694076084821685,0.12354990736813777,384,0.9835118950510744,0.9872773986874591,id,2,False,196804,,,,,mse,6000,200,5,150,100|200|400,1091,399,5849,5,1131
deep,tcn,roll,150,15.0,418944,0.9296995604847932,0.5600298564298433,5.250462508623207,0.9686462040327242,3.6967972023470375,0.25148784463874346,384,0.966127654747126,0.9710172014424471,id,2,False,196804,,,,,mse,6000,200,5,150,100|200|400,1091,399,5849,5,1131
deep,tcn,pitch,10,1.0,418944,0.03681473991673609,0.025322298518684568,0.8961445522125455,0.9983123307580545,1.2403442750018743,0.029681065699827945,384,0.9982118695557954,0.9984015603412899,id,2,False,196804,,,,,mse,6000,200,5,150,100|200|400,1091,399,5849,5,1131
deep,tcn,pitch,20,2.0,418944,0.07235977515903863,0.04599601588771674,1.6391044953318454,0.9980511377884813,1.240393189409016,0.05833615967652512,384,0.9978774757791927,0.9982291837469446,id,2,False,196804,,,,,mse,6000,200,5,150,100|200|400,1091,399,5849,5,1131
deep,tcn,pitch,30,3.0,418944,0.10961203743936483,0.0681598656258931,2.1211392967275144,0.9973295889219319,1.2402854523142828,0.08837645981804972,384,0.9970832111239822,0.9975714772629365,id,2,False,196804,,,,,mse,6000,200,5,150,100|200|400,1091,399,5849,5,1131
deep,tcn,pitch,50,5.0,418944,0.2267944430213664,0.12393165007428696,2.2310378683549135,0.9896664169387163,1.240068055500173,0.18288870680560382,384,0.9875531003230791,0.991491568512134,id,2,False,196804,,,,,mse,6000,200,5,150,100|200|400,1091,399,5849,5,1131
deep,tcn,pitch,100,10.0,418944,0.6337018016138433,0.36043732264443845,1.5609168249297358,0.8351798291615518,1.2401273775213297,0.5109973484178998,384,0.8163203161537618,0.8535986165795252,id,2,False,196804,,,,,mse,6000,200,5,150,100|200|400,1091,399,5849,5,1131
deep,tcn,pitch,150,15.0,418944,0.9455691716412977,0.5644663875916006,1.7818458998404407,0.7183911332703568,1.2404643096284043,0.7622703565929714,384,0.7041695338586952,0.7322097391339636,id,2,False,196804,,,,,mse,6000,200,5,150,100|200|400,1091,399,5849,5,1131
deep,tcn,heave,10,1.0,418944,0.020362026318600346,0.014263194418058692,0.44162565007972127,0.9978741461232292,0.7586744785454769,0.02683894989803561,384,0.997756608653706,0.9979721636037762,id,2,False,196804,,,,,mse,6000,200,5,150,100|200|400,1091,399,5849,5,1131
deep,tcn,heave,20,2.0,418944,0.02886684816401021,0.020020225904182627,0.8379625081057451,0.9988132764527586,0.7587896097620423,0.038043283398494214,384,0.9987528532302496,0.9988641774821259,id,2,False,196804,,,,,mse,6000,200,5,150,100|200|400,1091,399,5849,5,1131
deep,tcn,heave,30,3.0,418944,0.04318075630486856,0.029124860155429245,1.1508797208863502,0.998592265954174,0.758921162789381,0.05689755197517435,384,0.9985275431873152,0.998650709249116,id,2,False,196804,,,,,mse,6000,200,5,150,100|200|400,1091,399,5849,5,1131
deep,tcn,heave,50,5.0,418944,0.09236472185732775,0.05572314965608087,1.441163548726843,0.9958924229800146,0.7589656362018378,0.1216981605643664,384,0.9955474452624182,0.9962559823959688,id,2,False,196804,,,,,mse,6000,200,5,150,100|200|400,1091,399,5849,5,1131
deep,tcn,heave,100,10.0,418944,0.25609348055196784,0.1530420347684978,0.834510527562901,0.9058254820810846,0.7592839391596414,0.33728288897484965,384,0.8887258433823197,0.9200064652365915,id,2,False,196804,,,,,mse,6000,200,5,150,100|200|400,1091,399,5849,5,1131
deep,tcn,heave,150,15.0,418944,0.4476310631631127,0.2794449173301979,1.1055277079321404,0.8360538699734814,0.759468366891061,0.5894005368459558,384,0.8290977803428508,0.8425405481676257,id,2,False,196804,,,,,mse,6000,200,5,150,100|200|400,1091,399,5849,5,1131
deep,tcn,roll_rate,10,1.0,418944,0.06912144539579768,0.048540550992237225,1.0679896361750225,0.9958111814747234,1.9709759416747037,0.03506965454741492,384,0.9949018565658391,0.9964442472201855,id,2,False,196804,,,,,mse,6000,200,5,150,100|200|400,1091,399,5849,5,1131
deep,tcn,roll_rate,20,2.0,418944,0.09376018066836098,0.06807263014263361,2.04926284907427,0.9979066514912553,1.9713738906856482,0.0475608311093899,384,0.9975303677863918,0.9981758628302364,id,2,False,196804,,,,,mse,6000,200,5,150,100|200|400,1091,399,5849,5,1131
deep,tcn,roll_rate,30,3.0,418944,0.10189859667674883,0.07330531624261628,2.8671756232230625,0.9987369288517695,1.971717923838755,0.05168010872384908,384,0.9985354081959646,0.9988776047840361,id,2,False,196804,,,,,mse,6000,200,5,150,100|200|400,1091,399,5849,5,1131
deep,tcn,roll_rate,50,5.0,418944,0.15011415232997224,0.10441561329537478,3.8003090696362802,0.998439709586639,1.9722164496629107,0.07611444086455603,384,0.9981679960790052,0.9986318208089373,id,2,False,196804,,,,,mse,6000,200,5,150,100|200|400,1091,399,5849,5,1131
deep,tcn,roll_rate,100,10.0,418944,0.3597105462627626,0.21814874022976585,1.9637399394759982,0.9664464561797762,1.9739519724102126,0.18222862120781635,384,0.9617090379968196,0.9705035570393615,id,2,False,196804,,,,,mse,6000,200,5,150,100|200|400,1091,399,5849,5,1131
deep,tcn,roll_rate,150,15.0,418944,0.6229246239539848,0.3788201885591343,2.896430496995325,0.9537464815910933,1.975553636862926,0.3153164825953073,384,0.9499029299022752,0.9573624651537477,id,2,False,196804,,,,,mse,6000,200,5,150,100|200|400,1091,399,5849,5,1131
deep,tcn,pitch_rate,10,1.0,418944,0.047240947186229634,0.03199572092651026,0.7531298125402182,0.9960654278415355,0.9234044534650131,0.05115954012238208,384,0.9957589027965659,0.9963842870681563,id,2,False,196804,,,,,mse,6000,200,5,150,100|200|400,1091,399,5849,5,1131
deep,tcn,pitch_rate,20,2.0,418944,0.0737748091748956,0.04637542079165544,1.3418810460639456,0.996977347978483,0.9235131941570501,0.0798849541529665,384,0.9967366466241518,0.9972380323113241,id,2,False,196804,,,,,mse,6000,200,5,150,100|200|400,1091,399,5849,5,1131
deep,tcn,pitch_rate,30,3.0,418944,0.10444432532958488,0.06327058147160397,1.6644452321714636,0.9960624083191368,0.9236561249822394,0.11307706678347768,384,0.9955107489783949,0.9965648116668353,id,2,False,196804,,,,,mse,6000,200,5,150,100|200|400,1091,399,5849,5,1131
deep,tcn,pitch_rate,50,5.0,418944,0.23280467029220583,0.12728291129925415,1.5485057653903693,0.9773974351710121,0.9236585535052279,0.25204624523718894,384,0.9741423197053669,0.9806753997484323,id,2,False,196804,,,,,mse,6000,200,5,150,100|200|400,1091,399,5849,5,1131
deep,tcn,pitch_rate,100,10.0,418944,0.5742362372031896,0.3206416857922641,1.274579834785688,0.797022871632774,0.9237886815931622,0.6216099511122654,384,0.7827883063018867,0.8123635676785214,id,2,False,196804,,,,,mse,6000,200,5,150,100|200|400,1091,399,5849,5,1131
deep,tcn,pitch_rate,150,15.0,418944,0.7754696192802385,0.46511756578830915,1.3066658062650982,0.647790939883963,0.923677262965375,0.8395460734744835,384,0.6332975873098341,0.6628367301341579,id,2,False,196804,,,,,mse,6000,200,5,150,100|200|400,1091,399,5849,5,1131
deep,tcn,heave_rate,10,1.0,418944,0.018764181551152958,0.013233849783758866,0.28518621353692575,0.9956708543401654,0.4494429055050756,0.04174986704944451,384,0.9954092741886754,0.9958935921204957,id,2,False,196804,,,,,mse,6000,200,5,150,100|200|400,1091,399,5849,5,1131
deep,tcn,heave_rate,20,2.0,418944,0.02367311540235213,0.01639609808264848,0.5351005334490926,0.9980427781180315,0.4494530144731941,0.052670945883185355,384,0.9979588222808017,0.9981217224526993,id,2,False,196804,,,,,mse,6000,200,5,150,100|200|400,1091,399,5849,5,1131
deep,tcn,heave_rate,30,3.0,418944,0.03151540823126351,0.020486416233553992,0.7214322878430781,0.9980916645259965,0.4494430721740169,0.07012102351209736,384,0.9979782946113949,0.9982082157465438,id,2,False,196804,,,,,mse,6000,200,5,150,100|200|400,1091,399,5849,5,1131
deep,tcn,heave_rate,50,5.0,418944,0.05247410108950881,0.03328724336040611,0.8521061512079104,0.9962077006256743,0.44946461013569566,0.11674801509659818,384,0.9959669249415226,0.9964412923628058,id,2,False,196804,,,,,mse,6000,200,5,150,100|200|400,1091,399,5849,5,1131
deep,tcn,heave_rate,100,10.0,418944,0.1738420036208076,0.10542628761356017,0.47926486717836025,0.8684295834118726,0.44945174911641034,0.3867867996121239,384,0.8559461716604158,0.8795840229533848,id,2,False,196804,,,,,mse,6000,200,5,150,100|200|400,1091,399,5849,5,1131
deep,tcn,heave_rate,150,15.0,418944,0.2968824110092838,0.18771761753545635,0.6809671010495266,0.8099286430968681,0.44946344226262147,0.6605262699781831,384,0.8007002289899805,0.8188158582760903,id,2,False,196804,,,,,mse,6000,200,5,150,100|200|400,1091,399,5849,5,1131
deep,transformer,roll,10,1.0,418944,0.2566004166519729,0.15983579608998963,1.9461019982798347,0.9826146468381004,3.687222002970601,0.06959180012628571,384,0.9812234697579882,0.9837751264061337,id,0,False,2712708,,,,,mse,6000,200,5,150,100|200|400,1091,399,5849,5,1131
deep,transformer,roll,20,2.0,418944,0.2545136536543447,0.15832526853316853,3.747341945419572,0.9953870842546662,3.6877754460978944,0.06901549657088,384,0.9950268796252256,0.9956863268209634,id,0,False,2712708,,,,,mse,6000,200,5,150,100|200|400,1091,399,5849,5,1131
deep,transformer,roll,30,3.0,418944,0.25525586253246146,0.160857245514996,5.271807875224931,0.9976555968198965,3.688478647638728,0.06920356247578385,384,0.9974686522464391,0.9978184537534917,id,0,False,2712708,,,,,mse,6000,200,5,150,100|200|400,1091,399,5849,5,1131
deep,transformer,roll,50,5.0,418944,0.27091071576391773,0.1773080844961747,7.095209199845273,0.9985421193980898,3.69030276033271,0.07341151481551964,384,0.998405114146245,0.9986589674029263,id,0,False,2712708,,,,,mse,6000,200,5,150,100|200|400,1091,399,5849,5,1131
deep,transformer,roll,100,10.0,418944,0.5135616948541609,0.32535496322620594,3.8042041036484933,0.9817754158447594,3.694076084821685,0.13902304204407062,384,0.9793641227328078,0.9837748657827253,id,0,False,2712708,,,,,mse,6000,200,5,150,100|200|400,1091,399,5849,5,1131
deep,transformer,roll,150,15.0,418944,0.9699239816137923,0.5853875337502485,5.250462508623207,0.9658744019125974,3.6967972023470375,0.2623687285301999,384,0.9630925585519815,0.9685764186791607,id,0,False,2712708,,,,,mse,6000,200,5,150,100|200|400,1091,399,5849,5,1131
deep,transformer,pitch,10,1.0,418944,0.07522431509631819,0.051524111715803116,0.8961445522125455,0.9929537127045636,1.2403442750018743,0.060647931878594366,384,0.9924890062586396,0.9933959179651854,id,0,False,2712708,,,,,mse,6000,200,5,150,100|200|400,1091,399,5849,5,1131
deep,transformer,pitch,20,2.0,418944,0.10170816208795899,0.0675603477880135,1.6391044953318454,0.9961496666568704,1.240393189409016,0.08199671116899451,384,0.9958494071463447,0.9964715554874732,id,0,False,2712708,,,,,mse,6000,200,5,150,100|200|400,1091,399,5849,5,1131
deep,transformer,pitch,30,3.0,418944,0.13234385025979223,0.08528948704459428,2.1211392967275144,0.9961071367228644,1.2402854523142828,0.1067043477877195,384,0.9957912138245831,0.9964406419327267,id,0,False,2712708,,,,,mse,6000,200,5,150,100|200|400,1091,399,5849,5,1131
deep,transformer,pitch,50,5.0,418944,0.2583498583085851,0.14731368758596602,2.2310378683549135,0.9865908091583796,1.240068055500173,0.20833522576660635,384,0.9841236450487274,0.9887763597710825,id,0,False,2712708,,,,,mse,6000,200,5,150,100|200|400,1091,399,5849,5,1131
deep,transformer,pitch,100,10.0,418944,0.677334150275772,0.39099542994485015,1.5609168249297358,0.8117016902086667,1.2401273775213297,0.5461811121608935,384,0.7909536922985196,0.8311052294207953,id,0,False,2712708,,,,,mse,6000,200,5,150,100|200|400,1091,399,5849,5,1131
deep,transformer,pitch,150,15.0,418944,0.9747856902036495,0.582946854533756,1.7818458998404407,0.7007197856814151,1.2404643096284043,0.7858232458906117,384,0.6860958183113536,0.7144010554335717,id,0,False,2712708,,,,,mse,6000,200,5,150,100|200|400,1091,399,5849,5,1131
deep,transformer,heave,10,1.0,418944,0.040456996895145106,0.026355266963312873,0.44162565007972127,0.9916077443558408,0.7586744785454769,0.05332589673071494,384,0.9911370064427121,0.9921043725653351,id,0,False,2712708,,,,,mse,6000,200,5,150,100|200|400,1091,399,5849,5,1131
deep,transformer,heave,20,2.0,418944,0.04549381579133515,0.029775025841196567,0.8379625081057451,0.9970524881918716,0.7587896097620423,0.05995577061947657,384,0.9968867074956977,0.9972199662975125,id,0,False,2712708,,,,,mse,6000,200,5,150,100|200|400,1091,399,5849,5,1131
deep,transformer,heave,30,3.0,418944,0.056449814524772844,0.037584370368645315,1.1508797208863502,0.9975941687410436,0.758921162789381,0.07438165819133842,384,0.9974788791792314,0.9977054619199235,id,0,False,2712708,,,,,mse,6000,200,5,150,100|200|400,1091,399,5849,5,1131
deep,transformer,heave,50,5.0,418944,0.10903358274618997,0.06758864659122331,1.441163548726843,0.9942760737731553,0.7589656362018378,0.1436607634725557,384,0.9939006259394291,0.9946711902054736,id,0,False,2712708,,,,,mse,6000,200,5,150,100|200|400,1091,399,5849,5,1131
deep,transformer,heave,100,10.0,418944,0.28307830624881797,0.17023567605105136,0.834510527562901,0.8849333320264441,0.7592839391596414,0.3728227236863758,384,0.8656370499153465,0.9009330670820906,id,0,False,2712708,,,,,mse,6000,200,5,150,100|200|400,1091,399,5849,5,1131
deep,transformer,heave,150,15.0,418944,0.4706275231604313,0.29241700739811144,1.1055277079321404,0.8187761384372412,0.759468366891061,0.6196802180016784,384,0.811667703059463,0.8258006895763224,id,0,False,2712708,,,,,mse,6000,200,5,150,100|200|400,1091,399,5849,5,1131
deep,transformer,roll_rate,10,1.0,418944,0.13347192557861573,0.08585701658869206,1.0679896361750225,0.9843812679113442,1.9709759416747037,0.06771869851704378,384,0.9832167315818005,0.9854121740253415,id,0,False,2712708,,,,,mse,6000,200,5,150,100|200|400,1091,399,5849,5,1131
deep,transformer,roll_rate,20,2.0,418944,0.14861797765819,0.09649904997285233,2.04926284907427,0.9947404648620758,1.9713738906856482,0.0753880217042442,384,0.9943427605562984,0.9950715224094786,id,0,False,2712708,,,,,mse,6000,200,5,150,100|200|400,1091,399,5849,5,1131
deep,transformer,roll_rate,30,3.0,418944,0.1566090697835888,0.1026913929301012,2.8671756232230625,0.9970165055883146,1.971717923838755,0.07942772538106527,384,0.9967858879342212,0.9972053378448135,id,0,False,2712708,,,,,mse,6000,200,5,150,100|200|400,1091,399,5849,5,1131
deep,transformer,roll_rate,50,5.0,418944,0.1788314005318004,0.11707883290557024,3.8003090696362802,0.9977856323953023,1.9722164496629107,0.09067534172649563,384,0.9975509055609632,0.9979681484204512,id,0,False,2712708,,,,,mse,6000,200,5,150,100|200|400,1091,399,5849,5,1131
deep,transformer,roll_rate,100,10.0,418944,0.39793924385231744,0.24102744965183764,1.9637399394759982,0.9589355893236025,1.9739519724102126,0.20159520059975428,384,0.953713148319061,0.9634185796858004,id,0,False,2712708,,,,,mse,6000,200,5,150,100|200|400,1091,399,5849,5,1131
deep,transformer,roll_rate,150,15.0,418944,0.6532457311072122,0.3912744891563378,2.896430496995325,0.9491340760635595,1.975553636862926,0.33066463948026825,384,0.9450260643637357,0.9527981593836324,id,0,False,2712708,,,,,mse,6000,200,5,150,100|200|400,1091,399,5849,5,1131
deep,transformer,pitch_rate,10,1.0,418944,0.06877383412720034,0.045993513548857425,0.7531298125402182,0.9916611378447548,0.9234044534650131,0.074478560146782,384,0.9910821485298926,0.9922543435856558,id,0,False,2712708,,,,,mse,6000,200,5,150,100|200|400,1091,399,5849,5,1131
deep,transformer,pitch_rate,20,2.0,418944,0.08718202666829779,0.05431953680737895,1.3418810460639456,0.9957788976372683,0.9235131941570501,0.0944025783495973,384,0.9954118318045996,0.9961564481607367,id,0,False,2712708,,,,,mse,6000,200,5,150,100|200|400,1091,399,5849,5,1131
deep,transformer,pitch_rate,30,3.0,418944,0.12022723708547615,0.07003502429294652,1.6644452321714636,0.9947824488579722,0.9236561249822394,0.13016449935606497,384,0.9939659386217264,0.9955464047242406,id,0,False,2712708,,,,,mse,6000,200,5,150,100|200|400,1091,399,5849,5,1131
deep,transformer,pitch_rate,50,5.0,418944,0.2582893798676933,0.14762748045780372,1.5485057653903693,0.9721780576850741,0.9236585535052279,0.2796372955000534,384,0.9685931052186827,0.9758173889417515,id,0,False,2712708,,,,,mse,6000,200,5,150,100|200|400,1091,399,5849,5,1131
deep,transformer,pitch_rate,100,10.0,418944,0.6017245260924721,0.34489717934808783,1.274579834785688,0.7771250079396698,0.9237886815931622,0.6513659867046004,384,0.762053188317453,0.7938145708393975,id,0,False,2712708,,,,,mse,6000,200,5,150,100|200|400,1091,399,5849,5,1131
deep,transformer,pitch_rate,150,15.0,418944,0.7913384143457175,0.4745597253398942,1.3066658062650982,0.6332286159157277,0.923677262965375,0.8567260947889995,384,0.6183948527481247,0.6478476934590239,id,0,False,2712708,,,,,mse,6000,200,5,150,100|200|400,1091,399,5849,5,1131
deep,transformer,heave_rate,10,1.0,418944,0.026897304116570275,0.01763590968663705,0.28518621353692575,0.9911047030076572,0.4494429055050756,0.05984587538731662,384,0.9906162264171947,0.9915721084742173,id,0,False,2712708,,,,,mse,6000,200,5,150,100|200|400,1091,399,5849,5,1131
deep,transformer,heave_rate,20,2.0,418944,0.030641929981782973,0.020275539067650825,0.5351005334490926,0.9967208486366957,0.4494530144731941,0.06817604731764569,384,0.9965665355286586,0.9968792133986903,id,0,False,2712708,,,,,mse,6000,200,5,150,100|200|400,1091,399,5849,5,1131
deep,transformer,heave_rate,30,3.0,418944,0.03986251628891506,0.0255567628884514,0.7214322878430781,0.9969469194063805,0.4494430721740169,0.0886931377006095,384,0.996765578135013,0.9971319189838712,id,0,False,2712708,,,,,mse,6000,200,5,150,100|200|400,1091,399,5849,5,1131
deep,transformer,heave_rate,50,5.0,418944,0.05868417704700357,0.03698793820472147,0.8521061512079104,0.995256983488798,0.44946461013569566,0.13056462227201052,384,0.994909711231522,0.995619629708316,id,0,False,2712708,,,,,mse,6000,200,5,150,100|200|400,1091,399,5849,5,1131
deep,transformer,heave_rate,100,10.0,418944,0.18571114753677273,0.11484355812133505,0.47926486717836025,0.8498501995658276,0.44945174911641034,0.4131948488394303,384,0.835740093006083,0.8628951270087547,id,0,False,2712708,,,,,mse,6000,200,5,150,100|200|400,1091,399,5849,5,1131
deep,transformer,heave_rate,150,15.0,418944,0.3075516753154471,0.1949707816908714,0.6809671010495266,0.7960217165672161,0.44946344226262147,0.6842640499685949,384,0.786388353416362,0.8052103773633014,id,0,False,2712708,,,,,mse,6000,200,5,150,100|200|400,1091,399,5849,5,1131
deep,transformer,roll,10,1.0,418944,0.21424297028340372,0.12328121866458942,1.9461019982798347,0.9878805764232272,3.687222002970601,0.05810416896807391,384,0.9864025114871537,0.9891783371181297,id,1,False,2712708,,,,,mse,6000,200,5,150,100|200|400,1091,399,5849,5,1131
deep,transformer,roll,20,2.0,418944,0.23170444629577763,0.1325620678568813,3.747341945419572,0.9961768434052696,3.6877754460978944,0.06283041082150176,384,0.9958048386315055,0.996520845251,id,1,False,2712708,,,,,mse,6000,200,5,150,100|200|400,1091,399,5849,5,1131
deep,transformer,roll,30,3.0,418944,0.2551552777285547,0.14759335219986636,5.271807875224931,0.997657444102623,3.688478647638728,0.06917629247817354,384,0.9974698149627323,0.9978258424925888,id,1,False,2712708,,,,,mse,6000,200,5,150,100|200|400,1091,399,5849,5,1131
deep,transformer,roll,50,5.0,418944,0.2811707646717273,0.16659489934098815,7.095209199845273,0.998429601347324,3.69030276033271,0.07619178775629172,384,0.9983017111926957,0.998539965032619,id,1,False,2712708,,,,,mse,6000,200,5,150,100|200|400,1091,399,5849,5,1131
deep,transformer,roll,100,10.0,418944,0.538787063001536,0.3330319430778004,3.8042041036484933,0.979941119137167,3.694076084821685,0.1458516420967392,384,0.9773835649413002,0.9821477689268685,id,1,False,2712708,,,,,mse,6000,200,5,150,100|200|400,1091,399,5849,5,1131
deep,transformer,roll,150,15.0,418944,0.9941734324250475,0.5957883037162254,5.250462508623207,0.9641466960465612,3.6967972023470375,0.26892831226821495,384,0.9612642586858186,0.9669169356899338,id,1,False,2712708,,,,,mse,6000,200,5,150,100|200|400,1091,399,5849,5,1131
deep,transformer,pitch,10,1.0,418944,0.0840292257402927,0.05588953674554878,0.8961445522125455,0.9912076577349428,1.2403442750018743,0.0677466953601779,384,0.9905038970431393,0.9919204245578125,id,1,False,2712708,,,,,mse,6000,200,5,150,100|200|400,1091,399,5849,5,1131
deep,transformer,pitch,20,2.0,418944,0.11064014054289556,0.07234160596287112,1.6391044953318454,0.9954437016444558,1.240393189409016,0.0891976362717776,384,0.9950441197339301,0.9958428640228367,id,1,False,2712708,,,,,mse,6000,200,5,150,100|200|400,1091,399,5849,5,1131
deep,transformer,pitch,30,3.0,418944,0.14203408682154414,0.08889379943726426,2.1211392967275144,0.9955161942759734,1.2402854523142828,0.11451725613367376,384,0.9951652219072229,0.9958898096382814,id,1,False,2712708,,,,,mse,6000,200,5,150,100|200|400,1091,399,5849,5,1131
deep,transformer,pitch,50,5.0,418944,0.2738016054430149,0.1564705453283054,2.2310378683549135,0.9849388512787466,1.240068055500173,0.2207956282952381,384,0.9823814709935796,0.9872416458992068,id,1,False,2712708,,,,,mse,6000,200,5,150,100|200|400,1091,399,5849,5,1131
deep,transformer,pitch,100,10.0,418944,0.6866545311132254,0.3997897803829997,1.5609168249297358,0.8064839205731311,1.2401273775213297,0.5536967762824954,384,0.7866269328982015,0.8253206840746241,id,1,False,2712708,,,,,mse,6000,200,5,150,100|200|400,1091,399,5849,5,1131
deep,transformer,pitch,150,15.0,418944,0.9756570385738477,0.5847132970304046,1.7818458998404407,0.7001845010904584,1.2404643096284043,0.7865256831662631,384,0.6857115229170042,0.714103078614285,id,1,False,2712708,,,,,mse,6000,200,5,150,100|200|400,1091,399,5849,5,1131
deep,transformer,heave,10,1.0,418944,0.04902052775591118,0.028820746856539133,0.44162565007972127,0.9876789594847751,0.7586744785454769,0.06461338708782302,384,0.9866510210170573,0.988731119732641,id,1,False,2712708,,,,,mse,6000,200,5,150,100|200|400,1091,399,5849,5,1131
deep,transformer,heave,20,2.0,418944,0.05441737225125644,0.03188350535083744,0.8379625081057451,0.9957827829193192,0.7587896097620423,0.07171602187373363,384,0.9954236732010254,0.9961564693990695,id,1,False,2712708,,,,,mse,6000,200,5,150,100|200|400,1091,399,5849,5,1131
deep,transformer,heave,30,3.0,418944,0.06728255908005659,0.04006544647156083,1.1508797208863502,0.9965822119452777,0.758921162789381,0.08865553153474141,384,0.9963429672877522,0.9968319640581736,id,1,False,2712708,,,,,mse,6000,200,5,150,100|200|400,1091,399,5849,5,1131
deep,transformer,heave,50,5.0,418944,0.1190549174595907,0.07069500916530547,1.441163548726843,0.9931755424209411,0.7589656362018378,0.15686470082543957,384,0.9928080348376486,0.9935749095552904,id,1,False,2712708,,,,,mse,6000,200,5,150,100|200|400,1091,399,5849,5,1131
deep,transformer,heave,100,10.0,418944,0.29021734166057483,0.175382398767341,0.834510527562901,0.879056347577552,0.7592839391596414,0.3822250500672791,384,0.860429730624091,0.8947474371441512,id,1,False,2712708,,,,,mse,6000,200,5,150,100|200|400,1091,399,5849,5,1131
deep,transformer,heave,150,15.0,418944,0.47421489425091456,0.2950437616719801,1.1055277079321404,0.8160028411780023,0.759468366891061,0.6244037473109614,384,0.8089217003652641,0.8229085461119886,id,1,False,2712708,,,,,mse,6000,200,5,150,100|200|400,1091,399,5849,5,1131
deep,transformer,roll_rate,10,1.0,418944,0.12043634683023635,0.07206710170781533,1.0679896361750225,0.9872831054300126,1.9709759416747037,0.06110492994039476,384,0.9858711292320522,0.9885616801992315,id,1,False,2712708,,,,,mse,6000,200,5,150,100|200|400,1091,399,5849,5,1131
deep,transformer,roll_rate,20,2.0,418944,0.13124200410552805,0.07970455870368179,2.04926284907427,0.9958984276806692,1.9713738906856482,0.0665738776016161,384,0.9954678041400307,0.996269738790393,id,1,False,2712708,,,,,mse,6000,200,5,150,100|200|400,1091,399,5849,5,1131
deep,transformer,roll_rate,30,3.0,418944,0.1373964107873381,0.08282257001844226,2.8671756232230625,0.9977036283092928,1.971717923838755,0.06968360388987073,384,0.9974911066322387,0.9978907679841664,id,1,False,2712708,,,,,mse,6000,200,5,150,100|200|400,1091,399,5849,5,1131
deep,transformer,roll_rate,50,5.0,418944,0.1862505462320215,0.11424677708313463,3.8003090696362802,0.9975980869931715,1.9722164496629107,0.09443717309215997,384,0.9973611583711106,0.9978083916105452,id,1,False,2712708,,,,,mse,6000,200,5,150,100|200|400,1091,399,5849,5,1131
deep,transformer,roll_rate,100,10.0,418944,0.40998115687296777,0.24459798407764965,1.9637399394759982,0.9564127121095275,1.9739519724102126,0.20769560891209385,384,0.9509612282433396,0.9613582704560896,id,1,False,2712708,,,,,mse,6000,200,5,150,100|200|400,1091,399,5849,5,1131
deep,transformer,roll_rate,150,15.0,418944,0.6660033817019387,0.39747865453489906,2.896430496995325,0.9471278896211585,1.975553636862926,0.33712239914655856,384,0.9429856503328319,0.9510138965627576,id,1,False,2712708,,,,,mse,6000,200,5,150,100|200|400,1091,399,5849,5,1131
deep,transformer,pitch_rate,10,1.0,418944,0.07367333415853283,0.046454874284213764,0.7531298125402182,0.9904306823607235,0.9234044534650131,0.07978446918041017,384,0.989658123349356,0.9912103016301939,id,1,False,2712708,,,,,mse,6000,200,5,150,100|200|400,1091,399,5849,5,1131
deep,transformer,pitch_rate,20,2.0,418944,0.09470157255014487,0.05844126868482113,1.3418810460639456,0.9950193463289285,0.9235131941570501,0.10254490477159353,384,0.9945758127581786,0.9954868653188271,id,1,False,2712708,,,,,mse,6000,200,5,150,100|200|400,1091,399,5849,5,1131
deep,transformer,pitch_rate,30,3.0,418944,0.1308986845604377,0.0768302941112043,1.6644452321714636,0.9938151161873799,0.9236561249822394,0.14171798466984098,384,0.9929354450001786,0.9946483622913376,id,1,False,2712708,,,,,mse,6000,200,5,150,100|200|400,1091,399,5849,5,1131
deep,transformer,pitch_rate,50,5.0,418944,0.26277644710734965,0.15069727592543594,1.5485057653903693,0.9712030017816652,0.9236585535052279,0.28449522403070815,384,0.9677028938158287,0.97481969307525,id,1,False,2712708,,,,,mse,6000,200,5,150,100|200|400,1091,399,5849,5,1131
deep,transformer,pitch_rate,100,10.0,418944,0.6075116042274951,0.34770392251711,1.274579834785688,0.7728173979592227,0.9237886815931622,0.6576304909687604,384,0.7569806527636302,0.7894346296142625,id,1,False,2712708,,,,,mse,6000,200,5,150,100|200|400,1091,399,5849,5,1131
deep,transformer,pitch_rate,150,15.0,418944,0.7943115777211875,0.47759312520474206,1.3066658062650982,0.6304674210866297,0.923677262965375,0.8599449283520614,384,0.616403841524005,0.6449836539969861,id,1,False,2712708,,,,,mse,6000,200,5,150,100|200|400,1091,399,5849,5,1131
deep,transformer,heave_rate,10,1.0,418944,0.029571445756787443,0.01787693861505911,0.28518621353692575,0.9892480295632647,0.4494429055050756,0.06579577827256079,384,0.9884052943209234,0.9900579260023294,id,1,False,2712708,,,,,mse,6000,200,5,150,100|200|400,1091,399,5849,5,1131
deep,transformer,heave_rate,20,2.0,418944,0.03574080326327151,0.021828917681821484,0.5351005334490926,0.9955387367588422,0.4494530144731941,0.07952066648204255,384,0.9952459939566656,0.9958383732827266,id,1,False,2712708,,,,,mse,6000,200,5,150,100|200|400,1091,399,5849,5,1131
deep,transformer,heave_rate,30,3.0,418944,0.04571687809574151,0.027849426366557073,0.7214322878430781,0.9959842933411802,0.4494430721740169,0.1017189515784564,384,0.9957265436598064,0.9962532524512956,id,1,False,2712708,,,,,mse,6000,200,5,150,100|200|400,1091,399,5849,5,1131
deep,transformer,heave_rate,50,5.0,418944,0.06265322562628362,0.038599489755173785,0.8521061512079104,0.9945937083671342,0.44946461013569566,0.13939523649563484,384,0.9942410491448238,0.994949729325894,id,1,False,2712708,,,,,mse,6000,200,5,150,100|200|400,1091,399,5849,5,1131
deep,transformer,heave_rate,100,10.0,418944,0.1887077719861972,0.11633916596930885,0.47926486717836025,0.844965488089988,0.44945174911641034,0.4198621372754318,384,0.8307622591393631,0.8580037678319463,id,1,False,2712708,,,,,mse,6000,200,5,150,100|200|400,1091,399,5849,5,1131
deep,transformer,heave_rate,150,15.0,418944,0.3086877098900123,0.1965103664686493,0.6809671010495266,0.7945120232271836,0.44946344226262147,0.6867915849530786,384,0.7845669694917377,0.8036258933966357,id,1,False,2712708,,,,,mse,6000,200,5,150,100|200|400,1091,399,5849,5,1131
deep,transformer,roll,10,1.0,418944,0.2073474805421712,0.1282879941275993,1.9461019982798347,0.9886481582518493,3.687222002970601,0.05623406466307758,384,0.9875778404634749,0.9895342488630093,id,2,False,2712708,,,,,mse,6000,200,5,150,100|200|400,1091,399,5849,5,1131
deep,transformer,roll,20,2.0,418944,0.20561962908929274,0.12958259297816524,3.747341945419572,0.9969891959319964,3.6877754460978944,0.05575709044509822,384,0.9967202568828413,0.9972071577753513,id,2,False,2712708,,,,,mse,6000,200,5,150,100|200|400,1091,399,5849,5,1131
deep,transformer,roll,30,3.0,418944,0.2120244144572856,0.13677293138786972,5.271807875224931,0.9983824690623125,3.688478647638728,0.057482890566011094,384,0.9982378437609518,0.998505198155175,id,2,False,2712708,,,,,mse,6000,200,5,150,100|200|400,1091,399,5849,5,1131
deep,transformer,roll,50,5.0,418944,0.22363044919800004,0.14235721866448303,7.095209199845273,0.9990065832867838,3.69030276033271,0.060599485657875395,384,0.9989017103461304,0.9990857140490348,id,2,False,2712708,,,,,mse,6000,200,5,150,100|200|400,1091,399,5849,5,1131
deep,transformer,roll,100,10.0,418944,0.49693352401756397,0.30943064445503365,3.8042041036484933,0.9829364663755432,3.694076084821685,0.13452173496354805,384,0.9806789060210775,0.98483282611148,id,2,False,2712708,,,,,mse,6000,200,5,150,100|200|400,1091,399,5849,5,1131
deep,transformer,roll,150,15.0,418944,0.9665576416077226,0.5791982098324618,5.250462508623207,0.9661108720125285,3.6967972023470375,0.2614581186639263,384,0.9633375935092439,0.9687571110697096,id,2,False,2712708,,,,,mse,6000,200,5,150,100|200|400,1091,399,5849,5,1131
deep,transformer,pitch,10,1.0,418944,0.09461929163510241,0.06427027338125428,0.8961445522125455,0.988851838623037,1.2403442750018743,0.07628470058037672,384,0.9881993705994995,0.9894925256778329,id,2,False,2712708,,,,,mse,6000,200,5,150,100|200|400,1091,399,5849,5,1131
deep,transformer,pitch,20,2.0,418944,0.12016865681051703,0.08244078612303235,1.6391044953318454,0.9946251155646837,1.240393189409016,0.0968794877596605,384,0.9943476973017032,0.9949322687586636,id,2,False,2712708,,,,,mse,6000,200,5,150,100|200|400,1091,399,5849,5,1131
deep,transformer,pitch,30,3.0,418944,0.14075160603541562,0.09152961353835783,2.1211392967275144,0.9955968007493542,1.2402854523142828,0.11348323547033735,384,0.9952968105136695,0.9958945237529075,id,2,False,2712708,,,,,mse,6000,200,5,150,100|200|400,1091,399,5849,5,1131
deep,transformer,pitch,50,5.0,418944,0.2628204313530773,0.1524036648864847,2.2310378683549135,0.9861227195913497,1.240068055500173,0.2119403287483851,384,0.9836587897843561,0.9883672561671537,id,2,False,2712708,,,,,mse,6000,200,5,150,100|200|400,1091,399,5849,5,1131
deep,transformer,pitch,100,10.0,418944,0.6870993590603821,0.3950137189435578,1.5609168249297358,0.8062331125203828,1.2401273775213297,0.5540554716513904,384,0.7836403880980525,0.8274606730214603,id,2,False,2712708,,,,,mse,6000,200,5,150,100|200|400,1091,399,5849,5,1131
deep,transformer,pitch,150,15.0,418944,0.9866478520323891,0.5832235029863997,1.7818458998404407,0.6933915883000257,1.2404643096284043,0.7953859247493796,384,0.6766686145633684,0.7096895427229147,id,2,False,2712708,,,,,mse,6000,200,5,150,100|200|400,1091,399,5849,5,1131
deep,transformer,heave,10,1.0,418944,0.04723292824781103,0.03069060096811017,0.44162565007972127,0.9885611816784373,0.7586744785454769,0.06225717298196919,384,0.9879894583429688,0.9891370770691709,id,2,False,2712708,,,,,mse,6000,200,5,150,100|200|400,1091,399,5849,5,1131
deep,transformer,heave,20,2.0,418944,0.049866544414257474,0.03305051049392049,0.8379625081057451,0.9964586457515541,0.7587896097620423,0.06571853880536886,384,0.9962685514250481,0.9966425626573299,id,2,False,2712708,,,,,mse,6000,200,5,150,100|200|400,1091,399,5849,5,1131
deep,transformer,heave,30,3.0,418944,0.05841251292940856,0.03901772474948215,1.1508797208863502,0.9974239641359258,0.758921162789381,0.076967827217673,384,0.9972922429313618,0.9975494858731037,id,2,False,2712708,,,,,mse,6000,200,5,150,100|200|400,1091,399,5849,5,1131
deep,transformer,heave,50,5.0,418944,0.10782997119638828,0.06592419400718481,1.441163548726843,0.9944017480454695,0.7589656362018378,0.1420749057045742,384,0.9939941036450054,0.9948115095965362,id,2,False,2712708,,,,,mse,6000,200,5,150,100|200|400,1091,399,5849,5,1131
deep,transformer,heave,100,10.0,418944,0.2857970106584917,0.17136981553102584,0.834510527562901,0.8827125013768566,0.7592839391596414,0.37640333993473574,384,0.8625417754270231,0.8991767163414306,id,2,False,2712708,,,,,mse,6000,200,5,150,100|200|400,1091,399,5849,5,1131
deep,transformer,heave,150,15.0,418944,0.47727435307496774,0.2940543004772925,1.1055277079321404,0.8136210195545123,0.759468366891061,0.6284321689772611,384,0.8051170402308114,0.8219697086604377,id,2,False,2712708,,,,,mse,6000,200,5,150,100|200|400,1091,399,5849,5,1131
deep,transformer,roll_rate,10,1.0,418944,0.11342413114812357,0.07100743215456554,1.0679896361750225,0.9887208377048186,1.9709759416747037,0.05754719210410507,384,0.9875584533233515,0.9896904365054771,id,2,False,2712708,,,,,mse,6000,200,5,150,100|200|400,1091,399,5849,5,1131
deep,transformer,roll_rate,20,2.0,418944,0.12176262494879342,0.07665132603574927,2.04926284907427,0.9964695288220368,1.9713738906856482,0.06176536349806485,384,0.9961338299285548,0.9967446066785125,id,2,False,2712708,,,,,mse,6000,200,5,150,100|200|400,1091,399,5849,5,1131
deep,transformer,roll_rate,30,3.0,418944,0.12365352696879503,0.07714521805623183,2.8671756232230625,0.9981400364846684,1.971717923838755,0.06271359887425118,384,0.9979869120157197,0.998263361993815,id,2,False,2712708,,,,,mse,6000,200,5,150,100|200|400,1091,399,5849,5,1131
deep,transformer,roll_rate,50,5.0,418944,0.15809469157612865,0.10306196046608544,3.8003090696362802,0.9982693998419716,1.9722164496629107,0.08016092331201784,384,0.9980717322576256,0.9984292697199995,id,2,False,2712708,,,,,mse,6000,200,5,150,100|200|400,1091,399,5849,5,1131
deep,transformer,roll_rate,100,10.0,418944,0.3924914610913826,0.23429713705386904,1.9637399394759982,0.9600522356392092,1.9739519724102126,0.1988353650834509,384,0.9548712749549608,0.9644522409255715,id,2,False,2712708,,,,,mse,6000,200,5,150,100|200|400,1091,399,5849,5,1131
deep,transformer,roll_rate,150,15.0,418944,0.6529957071225191,0.3880894154957632,2.896430496995325,0.9491730055707536,1.975553636862926,0.330538080534954,384,0.94511949380251,0.9529978568658743,id,2,False,2712708,,,,,mse,6000,200,5,150,100|200|400,1091,399,5849,5,1131
deep,transformer,pitch_rate,10,1.0,418944,0.08599440489422908,0.05700064124389951,0.7531298125402182,0.9869623081559024,0.9234044534650131,0.09312756135357682,384,0.986122305339471,0.9878771558947899,id,2,False,2712708,,,,,mse,6000,200,5,150,100|200|400,1091,399,5849,5,1131
deep,transformer,pitch_rate,20,2.0,418944,0.09487535848343734,0.058650414319915925,1.3418810460639456,0.9950010496582272,0.9235131941570501,0.10273308392744315,384,0.9945631783790501,0.9954692760003995,id,2,False,2712708,,,,,mse,6000,200,5,150,100|200|400,1091,399,5849,5,1131
deep,transformer,pitch_rate,30,3.0,418944,0.1256183916822862,0.07715125003192055,1.6644452321714636,0.994304033340416,0.9236561249822394,0.13600125445462904,384,0.9935716146137068,0.9950061108502791,id,2,False,2712708,,,,,mse,6000,200,5,150,100|200|400,1091,399,5849,5,1131
deep,transformer,pitch_rate,50,5.0,418944,0.25487269240349597,0.1443517974030189,1.5485057653903693,0.9729092542646751,0.9236585535052279,0.2759382148698452,384,0.9692480534266663,0.9765254178698,id,2,False,2712708,,,,,mse,6000,200,5,150,100|200|400,1091,399,5849,5,1131
deep,transformer,pitch_rate,100,10.0,418944,0.6064531572154874,0.34185481611259094,1.274579834785688,0.7736083335440167,0.9237886815931622,0.6564847235079789,384,0.7556929646976451,0.7922022280137649,id,2,False,2712708,,,,,mse,6000,200,5,150,100|200|400,1091,399,5849,5,1131
deep,transformer,pitch_rate,150,15.0,418944,0.8020552568435886,0.47668689917429735,1.3066658062650982,0.6232272139285402,0.923677262965375,0.8683284616844081,384,0.6062631454572013,0.6405120908329419,id,2,False,2712708,,,,,mse,6000,200,5,150,100|200|400,1091,399,5849,5,1131
deep,transformer,heave_rate,10,1.0,418944,0.03077796476461657,0.020557781728186095,0.28518621353692575,0.9883527675722806,0.4494429055050756,0.06848025497260628,384,0.9877668632292063,0.9889095993317092,id,2,False,2712708,,,,,mse,6000,200,5,150,100|200|400,1091,399,5849,5,1131
deep,transformer,heave_rate,20,2.0,418944,0.032989004326518495,0.02166217929675952,0.5351005334490926,0.9961992644950013,0.4494530144731941,0.07339811562991752,384,0.9959972128827449,0.9963987800305214,id,2,False,2712708,,,,,mse,6000,200,5,150,100|200|400,1091,399,5849,5,1131
deep,transformer,heave_rate,30,3.0,418944,0.04069984000727231,0.02600486358287179,0.7214322878430781,0.9968173106323354,0.4494430721740169,0.09055616278698363,384,0.9966224093651238,0.997023014932377,id,2,False,2712708,,,,,mse,6000,200,5,150,100|200|400,1091,399,5849,5,1131
deep,transformer,heave_rate,50,5.0,418944,0.05770635119256707,0.0363243997309988,0.8521061512079104,0.9954137277880293,0.44946461013569566,0.1283890875749822,384,0.9950556943796576,0.9957564100188026,id,2,False,2712708,,,,,mse,6000,200,5,150,100|200|400,1091,399,5849,5,1131
deep,transformer,heave_rate,100,10.0,418944,0.18586820721968353,0.11263961218188667,0.47926486717836025,0.8495961227110023,0.44945174911641034,0.41354429610094295,384,0.834693823918454,0.8633467453553691,id,2,False,2712708,,,,,mse,6000,200,5,150,100|200|400,1091,399,5849,5,1131
deep,transformer,heave_rate,150,15.0,418944,0.31083895196885697,0.1949334147078793,0.6809671010495266,0.7916379553276714,0.44946344226262147,0.69157782978762,384,0.7811825709358352,0.801658899860645,id,2,False,2712708,,,,,mse,6000,200,5,150,100|200|400,1091,399,5849,5,1131
deep,lstm,roll,10,1.0,418944,0.15273325395712606,0.09988056945093604,1.9461019982798347,0.9938406339956486,3.687222002970601,0.04142231030138053,384,0.9928418265744904,0.9946229709275909,id,0,False,317828,,,,,mse,6000,200,5,150,100|200|400,1091,399,5849,5,1131
deep,lstm,roll,20,2.0,418944,0.16089982397402272,0.10473987503027596,3.747341945419572,0.9981564093821809,3.6877754460978944,0.043630591484162595,384,0.9978968293343147,0.9983650610555842,id,0,False,317828,,,,,mse,6000,200,5,150,100|200|400,1091,399,5849,5,1131
deep,lstm,roll,30,3.0,418944,0.17298604795692427,0.1123299700192488,5.271807875224931,0.9989232794431574,3.688478647638728,0.04689902382047558,384,0.9987836598726014,0.999035706091645,id,0,False,317828,,,,,mse,6000,200,5,150,100|200|400,1091,399,5849,5,1131
deep,lstm,roll,50,5.0,418944,0.18181512022182375,0.1220155907550559,7.095209199845273,0.9993433565978578,3.69030276033271,0.04926834789171382,384,0.999256716443018,0.9994084066081506,id,0,False,317828,,,,,mse,6000,200,5,150,100|200|400,1091,399,5849,5,1131
deep,lstm,roll,100,10.0,418944,0.3983413925336235,0.23518209012266375,3.8042041036484933,0.989035640795227,3.694076084821685,0.10783248189454972,384,0.9875774574492895,0.9903094005689262,id,0,False,317828,,,,,mse,6000,200,5,150,100|200|400,1091,399,5849,5,1131
deep,lstm,roll,150,15.0,418944,0.8482434979023462,0.4891528631649691,5.250462508623207,0.97389967259602,3.6967972023470375,0.22945361930154295,384,0.9718537681816758,0.9759473578331845,id,0,False,317828,,,,,mse,6000,200,5,150,100|200|400,1091,399,5849,5,1131
deep,lstm,pitch,10,1.0,418944,0.0752241388121105,0.05246209655032968,0.8961445522125455,0.9929537457297287,1.2403442750018743,0.060647789753370554,384,0.9922177883839616,0.9936678197548521,id,0,False,317828,,,,,mse,6000,200,5,150,100|200|400,1091,399,5849,5,1131
deep,lstm,pitch,20,2.0,418944,0.08033527261895039,0.05351848303314736,1.6391044953318454,0.9975978547686452,1.240393189409016,0.06476597364842517,384,0.9974448772528179,0.997753403704039,id,0,False,317828,,,,,mse,6000,200,5,150,100|200|400,1091,399,5849,5,1131
deep,lstm,pitch,30,3.0,418944,0.10093737093331549,0.06576257562854979,2.1211392967275144,0.9977355350777934,1.2402854523142828,0.08138237108640892,384,0.9975373242668646,0.9979352407023125,id,0,False,317828,,,,,mse,6000,200,5,150,100|200|400,1091,399,5849,5,1131
deep,lstm,pitch,50,5.0,418944,0.17700993358599706,0.10092937294798555,2.2310378683549135,0.993705207848722,1.240068055500173,0.14274211225818675,384,0.9923558758508467,0.9948888811138616,id,0,False,317828,,,,,mse,6000,200,5,150,100|200|400,1091,399,5849,5,1131
deep,lstm,pitch,100,10.0,418944,0.5703952931109981,0.31521159778757774,1.5609168249297358,0.8664658511848913,1.2401273775213297,0.4599489564137032,384,0.8483103659735582,0.8842595109766058,id,0,False,317828,,,,,mse,6000,200,5,150,100|200|400,1091,399,5849,5,1131
deep,lstm,pitch,150,15.0,418944,0.8967478812493038,0.5246911298042645,1.7818458998404407,0.7467202700962481,1.2404643096284043,0.7229130852768632,384,0.730485450922366,0.7617371611384895,id,0,False,317828,,,,,mse,6000,200,5,150,100|200|400,1091,399,5849,5,1131
deep,lstm,heave,10,1.0,418944,0.03920380771308779,0.026902683956418986,0.44162565007972127,0.9921196061875145,0.7586744785454769,0.05167408265564559,384,0.9912975003494228,0.9928397207542138,id,0,False,317828,,,,,mse,6000,200,5,150,100|200|400,1091,399,5849,5,1131
deep,lstm,heave,20,2.0,418944,0.03713028607449078,0.024766476873907643,0.8379625081057451,0.9980366062026295,0.7587896097620423,0.04893357209534656,384,0.9978699368233904,0.9981783757208577,id,0,False,317828,,,,,mse,6000,200,5,150,100|200|400,1091,399,5849,5,1131
deep,lstm,heave,30,3.0,418944,0.042725163613079216,0.02936680318643096,1.1508797208863502,0.9986218147621966,0.758921162789381,0.056297235744546606,384,0.9985250408649816,0.9987100195144254,id,0,False,317828,,,,,mse,6000,200,5,150,100|200|400,1091,399,5849,5,1131
deep,lstm,heave,50,5.0,418944,0.07914849464572773,0.05113783226396285,1.441163548726843,0.9969838094110554,0.7589656362018378,0.10428468809446749,384,0.9966702734742636,0.9972917885287766,id,0,False,317828,,,,,mse,6000,200,5,150,100|200|400,1091,399,5849,5,1131
deep,lstm,heave,100,10.0,418944,0.21971932272902592,0.12693113531119787,0.834510527562901,0.9306777159136643,0.7592839391596414,0.28937701878984345,384,0.9159722736218016,0.9431259639094185,id,0,False,317828,,,,,mse,6000,200,5,150,100|200|400,1091,399,5849,5,1131
deep,lstm,heave,150,15.0,418944,0.411987319554919,0.25250689157252504,1.1055277079321404,0.8611236048787254,0.759468366891061,0.5424680441154107,384,0.8534553373687191,0.8688573589072653,id,0,False,317828,,,,,mse,6000,200,5,150,100|200|400,1091,399,5849,5,1131
deep,lstm,roll_rate,10,1.0,418944,0.0938026135540153,0.06297839172204223,1.0679896361750225,0.9922857128370837,1.9709759416747037,0.047591962728024406,384,0.9911961854757679,0.9931533408004586,id,0,False,317828,,,,,mse,6000,200,5,150,100|200|400,1091,399,5849,5,1131
deep,lstm,roll_rate,20,2.0,418944,0.09832636919178422,0.06842355889263771,2.04926284907427,0.9976977914013665,1.9713738906856482,0.04987707793856704,384,0.9973717508887344,0.9979369834532389,id,0,False,317828,,,,,mse,6000,200,5,150,100|200|400,1091,399,5849,5,1131
deep,lstm,roll_rate,30,3.0,418944,0.097356818825767,0.0675829524785754,2.8671756232230625,0.998847013670236,1.971717923838755,0.049376646450635366,384,0.9986903474457334,0.9989623260950382,id,0,False,317828,,,,,mse,6000,200,5,150,100|200|400,1091,399,5849,5,1131
deep,lstm,roll_rate,50,5.0,418944,0.10771313200618676,0.06913080510313951,3.8003090696362802,0.9991966598517532,1.9722164496629107,0.054615269041385896,384,0.9990623042464715,0.9992945136008432,id,0,False,317828,,,,,mse,6000,200,5,150,100|200|400,1091,399,5849,5,1131
deep,lstm,roll_rate,100,10.0,418944,0.28741849511226114,0.1747827476177823,1.9637399394759982,0.9785779279292018,1.9739519724102126,0.14560561712214337,384,0.9751376505509489,0.9814400168151622,id,0,False,317828,,,,,mse,6000,200,5,150,100|200|400,1091,399,5849,5,1131
deep,lstm,roll_rate,150,15.0,418944,0.5466985000402701,0.32830479808257107,2.896430496995325,0.9643737967312663,1.975553636862926,0.27673179297141137,384,0.9611245023833009,0.9671676192638106,id,0,False,317828,,,,,mse,6000,200,5,150,100|200|400,1091,399,5849,5,1131
deep,lstm,pitch_rate,10,1.0,418944,0.07413775340095656,0.053862965272000705,0.7531298125402182,0.9903096566785456,0.9234044534650131,0.08028741157004347,384,0.9897051729305066,0.990865173424374,id,0,False,317828,,,,,mse,6000,200,5,150,100|200|400,1091,399,5849,5,1131
deep,lstm,pitch_rate,20,2.0,418944,0.07874007498813582,0.05557197969773792,1.3418810460639456,0.9965567892070766,0.9235131941570501,0.08526145103969732,384,0.9962895617616668,0.9968224770146836,id,0,False,317828,,,,,mse,6000,200,5,150,100|200|400,1091,399,5849,5,1131
deep,lstm,pitch_rate,30,3.0,418944,0.08439856199916954,0.05391108438719884,1.6644452321714636,0.9974288283240771,0.9236561249822394,0.09137444089464833,384,0.9972321163902202,0.9976374246884412,id,0,False,317828,,,,,mse,6000,200,5,150,100|200|400,1091,399,5849,5,1131
deep,lstm,pitch_rate,50,5.0,418944,0.18915664420829248,0.09484267356063927,1.5485057653903693,0.9850783259831878,0.9236585535052279,0.2047906593734823,384,0.9820506320161836,0.9879885994485825,id,0,False,317828,,,,,mse,6000,200,5,150,100|200|400,1091,399,5849,5,1131
deep,lstm,pitch_rate,100,10.0,418944,0.5268394086168403,0.28795131659386536,1.274579834785688,0.8291470740342831,0.9237886815931622,0.5703029481896825,384,0.8140596539641569,0.8447600821138038,id,0,False,317828,,,,,mse,6000,200,5,150,100|200|400,1091,399,5849,5,1131
deep,lstm,pitch_rate,150,15.0,418944,0.7476264988178584,0.4370529777239356,1.3066658062650982,0.6726289137011869,0.923677262965375,0.8094022975272521,384,0.6557293598245919,0.6898514422709209,id,0,False,317828,,,,,mse,6000,200,5,150,100|200|400,1091,399,5849,5,1131
deep,lstm,heave_rate,10,1.0,418944,0.028328114524190106,0.021183452051915224,0.28518621353692575,0.9901331554749377,0.4494429055050756,0.06302939522953532,384,0.9895198522651254,0.9906264679953902,id,0,False,317828,,,,,mse,6000,200,5,150,100|200|400,1091,399,5849,5,1131
deep,lstm,heave_rate,20,2.0,418944,0.031229437366088283,0.02350045399863652,0.5351005334490926,0.9965938987622525,0.4494530144731941,0.06948320816735971,384,0.9963433718751238,0.9968055365196521,id,0,False,317828,,,,,mse,6000,200,5,150,100|200|400,1091,399,5849,5,1131
deep,lstm,heave_rate,30,3.0,418944,0.03377750194809154,0.024094234333242717,0.7214322878430781,0.9978078821184885,0.4494430721740169,0.07515412749540268,384,0.9976587776799887,0.99794383301254,id,0,False,317828,,,,,mse,6000,200,5,150,100|200|400,1091,399,5849,5,1131
deep,lstm,heave_rate,50,5.0,418944,0.04671921108816026,0.028715132314815546,0.8521061512079104,0.9969938987769004,0.44946461013569566,0.10394413716811984,384,0.996729769536024,0.9972579748270275,id,0,False,317828,,,,,mse,6000,200,5,150,100|200|400,1091,399,5849,5,1131
deep,lstm,heave_rate,100,10.0,418944,0.15732120218998888,0.09393733105987756,0.47926486717836025,0.8922484998908516,0.44945174911641034,0.35002912437046024,384,0.8806481388729127,0.903524346727475,id,0,False,317828,,,,,mse,6000,200,5,150,100|200|400,1091,399,5849,5,1131
deep,lstm,heave_rate,150,15.0,418944,0.2788975082155291,0.17259404296826472,0.6809671010495266,0.8322598578368504,0.44946344226262147,0.6205121084187517,384,0.8237363553036601,0.841378522824272,id,0,False,317828,,,,,mse,6000,200,5,150,100|200|400,1091,399,5849,5,1131
deep,lstm,roll,10,1.0,418944,0.16995074511270547,0.11556614138054427,1.9461019982798347,0.9923736813254936,3.687222002970601,0.04609181247448217,384,0.9914216970562455,0.9930939435491049,id,1,False,317828,,,,,mse,6000,200,5,150,100|200|400,1091,399,5849,5,1131
deep,lstm,roll,20,2.0,418944,0.16596616706032488,0.10851012814947415,3.747341945419572,0.998038481178259,3.6877754460978944,0.04500441241234925,384,0.9977849905592151,0.99822793187299,id,1,False,317828,,,,,mse,6000,200,5,150,100|200|400,1091,399,5849,5,1131
deep,lstm,roll,30,3.0,418944,0.1641548666275497,0.10373392904843066,5.271807875224931,0.9990304094453318,3.688478647638728,0.04450476261605514,384,0.9988863676171711,0.9991372840817011,id,1,False,317828,,,,,mse,6000,200,5,150,100|200|400,1091,399,5849,5,1131
deep,lstm,roll,50,5.0,418944,0.17199452194040413,0.10704131777196578,7.095209199845273,0.999412376954741,3.69030276033271,0.04660715749102858,384,0.9993292835387806,0.9994776640941931,id,1,False,317828,,,,,mse,6000,200,5,150,100|200|400,1091,399,5849,5,1131
deep,lstm,roll,100,10.0,418944,0.398948444727918,0.2300355598861526,3.8042041036484933,0.9890021970703402,3.694076084821685,0.10799681315908127,384,0.9875443149188016,0.9902710497999617,id,1,False,317828,,,,,mse,6000,200,5,150,100|200|400,1091,399,5849,5,1131
deep,lstm,roll,150,15.0,418944,0.8505316389366258,0.48181162706682545,5.250462508623207,0.9737586711513969,3.6967972023470375,0.23007257157537253,384,0.971643196005736,0.9758567445365169,id,1,False,317828,,,,,mse,6000,200,5,150,100|200|400,1091,399,5849,5,1131
deep,lstm,pitch,10,1.0,418944,0.06124739275435275,0.04125598655046654,0.8961445522125455,0.9953289009791957,1.2403442750018743,0.04937934893460141,384,0.9949412689417969,0.9956982777713759,id,1,False,317828,,,,,mse,6000,200,5,150,100|200|400,1091,399,5849,5,1131
deep,lstm,pitch,20,2.0,418944,0.06314077541186341,0.040888290756833666,1.6391044953318454,0.9985160934927518,1.240393189409016,0.05090383916244071,384,0.9983911739083497,0.9986376110763626,id,1,False,317828,,,,,mse,6000,200,5,150,100|200|400,1091,399,5849,5,1131
deep,lstm,pitch,30,3.0,418944,0.08691237266846262,0.05342373257070986,2.1211392967275144,0.9983210999869122,1.2402854523142828,0.07007449172792475,384,0.9981475895896055,0.9984995746213539,id,1,False,317828,,,,,mse,6000,200,5,150,100|200|400,1091,399,5849,5,1131
deep,lstm,pitch,50,5.0,418944,0.17248497266824914,0.10041044289281459,2.2310378683549135,0.9940229258336006,1.240068055500173,0.1390931504954206,384,0.9927547309675572,0.9951299188032887,id,1,False,317828,,,,,mse,6000,200,5,150,100|200|400,1091,399,5849,5,1131
deep,lstm,pitch,100,10.0,418944,0.565835138639828,0.30766462567150876,1.5609168249297358,0.8685924543082743,1.2401273775213297,0.45627179021785275,384,0.850310545580351,0.8857336964453532,id,1,False,317828,,,,,mse,6000,200,5,150,100|200|400,1091,399,5849,5,1131
deep,lstm,pitch,150,15.0,418944,0.8942481168093662,0.5233858631796314,1.7818458998404407,0.748130381475028,1.2404643096284043,0.7208979007846255,384,0.7324291772325199,0.7627622820053752,id,1,False,317828,,,,,mse,6000,200,5,150,100|200|400,1091,399,5849,5,1131
deep,lstm,heave,10,1.0,418944,0.03751436703507686,0.025846655914414495,0.44162565007972127,0.9927841637875606,0.7586744785454769,0.0494472505612671,384,0.9924332948230301,0.9930879254795788,id,1,False,317828,,,,,mse,6000,200,5,150,100|200|400,1091,399,5849,5,1131
deep,lstm,heave,20,2.0,418944,0.03774626293079643,0.02658516314268601,0.8379625081057451,0.9979709219838454,0.7587896097620423,0.04974536082885178,384,0.9978614230936346,0.9980597682176436,id,1,False,317828,,,,,mse,6000,200,5,150,100|200|400,1091,399,5849,5,1131
deep,lstm,heave,30,3.0,418944,0.04123062911626899,0.029158431923117435,1.1508797208863502,0.9987165467685184,0.758921162789381,0.05432794753637867,384,0.9986436653517162,0.9987750764377926,id,1,False,317828,,,,,mse,6000,200,5,150,100|200|400,1091,399,5849,5,1131
deep,lstm,heave,50,5.0,418944,0.07317162694709532,0.04569033279662389,1.441163548726843,0.9974221426275114,0.7589656362018378,0.0964096705527735,384,0.9971316751882083,0.9977003944680314,id,1,False,317828,,,,,mse,6000,200,5,150,100|200|400,1091,399,5849,5,1131
deep,lstm,heave,100,10.0,418944,0.21605944578696112,0.12461363020648909,0.834510527562901,0.9329678921861371,0.7592839391596414,0.28455684974199624,384,0.9185931759884934,0.9448780124907754,id,1,False,317828,,,,,mse,6000,200,5,150,100|200|400,1091,399,5849,5,1131
deep,lstm,heave,150,15.0,418944,0.4094221498097273,0.2509984628771133,1.1055277079321404,0.862847602056587,0.759468366891061,0.5390904580867886,384,0.8556451307316215,0.8701631258050065,id,1,False,317828,,,,,mse,6000,200,5,150,100|200|400,1091,399,5849,5,1131
deep,lstm,roll_rate,10,1.0,418944,0.08590409520601831,0.05736842100222673,1.0679896361750225,0.9935301582325122,1.9709759416747037,0.04358454783219074,384,0.9924776801854605,0.9943144955075588,id,1,False,317828,,,,,mse,6000,200,5,150,100|200|400,1091,399,5849,5,1131
deep,lstm,roll_rate,20,2.0,418944,0.08826323183961965,0.05862333718343554,2.04926284907427,0.9981449128491376,1.9713738906856482,0.04477244639215624,384,0.9979005630991267,0.9983384426625792,id,1,False,317828,,,,,mse,6000,200,5,150,100|200|400,1091,399,5849,5,1131
deep,lstm,roll_rate,30,3.0,418944,0.09438424162396064,0.06227356258509273,2.8671756232230625,0.9989163466198027,1.971717923838755,0.047869038711279316,384,0.9987902585426839,0.9990120406876574,id,1,False,317828,,,,,mse,6000,200,5,150,100|200|400,1091,399,5849,5,1131
deep,lstm,roll_rate,50,5.0,418944,0.1064467216237527,0.06852871051287833,3.8003090696362802,0.9992154389479843,1.9722164496629107,0.05397314358773676,384,0.9990924573654116,0.9993090862291593,id,1,False,317828,,,,,mse,6000,200,5,150,100|200|400,1091,399,5849,5,1131
deep,lstm,roll_rate,100,10.0,418944,0.2838157638465165,0.17020687675080723,1.9637399394759982,0.9791116045381124,1.9739519724102126,0.14378048088980352,384,0.9757542123612375,0.981937276302246,id,1,False,317828,,,,,mse,6000,200,5,150,100|200|400,1091,399,5849,5,1131
deep,lstm,roll_rate,150,15.0,418944,0.5436417236398752,0.32170827955025566,2.896430496995325,0.9647710792745928,1.975553636862926,0.2751844918284017,384,0.961571168386083,0.9675817690949344,id,1,False,317828,,,,,mse,6000,200,5,150,100|200|400,1091,399,5849,5,1131
deep,lstm,pitch_rate,10,1.0,418944,0.05297293742179298,0.03373730978843863,0.7531298125402182,0.9950526978767359,0.9234044534650131,0.05736699365377283,384,0.9946477455816448,0.9954279290503578,id,1,False,317828,,,,,mse,6000,200,5,150,100|200|400,1091,399,5849,5,1131
deep,lstm,pitch_rate,20,2.0,418944,0.06569868531027356,0.04075437149052571,1.3418810460639456,0.9976029045867104,0.9235131941570501,0.0711399530899404,384,0.9973918925403371,0.9978363134499353,id,1,False,317828,,,,,mse,6000,200,5,150,100|200|400,1091,399,5849,5,1131
deep,lstm,pitch_rate,30,3.0,418944,0.07906145823647907,0.04888547093435343,1.6644452321714636,0.9977437323230294,0.9236561249822394,0.08559620414794447,384,0.9975560575416279,0.9979436062928932,id,1,False,317828,,,,,mse,6000,200,5,150,100|200|400,1091,399,5849,5,1131
deep,lstm,pitch_rate,50,5.0,418944,0.1886728896184691,0.09531958365985686,1.5485057653903693,0.9851545506171845,0.9236585535052279,0.2042669219079572,384,0.9822872713997984,0.987950621158324,id,1,False,317828,,,,,mse,6000,200,5,150,100|200|400,1091,399,5849,5,1131
deep,lstm,pitch_rate,100,10.0,418944,0.5254426750438485,0.2884463999455898,1.274579834785688,0.8300517887657988,0.9237886815931622,0.5687909859835825,384,0.8156878912104814,0.845473522371978,id,1,False,317828,,,,,mse,6000,200,5,150,100|200|400,1091,399,5849,5,1131
deep,lstm,pitch_rate,150,15.0,418944,0.7453246426854581,0.4357246328098562,1.3066658062650982,0.6746416863347082,0.923677262965375,0.806910240804961,384,0.6586720085054182,0.6910098044236446,id,1,False,317828,,,,,mse,6000,200,5,150,100|200|400,1091,399,5849,5,1131
deep,lstm,heave_rate,10,1.0,418944,0.021945398408802674,0.015284495883028217,0.28518621353692575,0.9940785252016686,0.4494429055050756,0.04882800048682678,384,0.9936584566790996,0.9944390235922042,id,1,False,317828,,,,,mse,6000,200,5,150,100|200|400,1091,399,5849,5,1131
deep,lstm,heave_rate,20,2.0,418944,0.02445816904795039,0.01675950524538186,0.5351005334490926,0.9979108139517233,0.4494530144731941,0.054417632678730433,384,0.9977980784695162,0.9980150290259314,id,1,False,317828,,,,,mse,6000,200,5,150,100|200|400,1091,399,5849,5,1131
deep,lstm,heave_rate,30,3.0,418944,0.02852193704978558,0.018971265371680986,0.7214322878430781,0.9984369715489481,0.4494430721740169,0.06346062230266697,384,0.9983456327905955,0.998531770638317,id,1,False,317828,,,,,mse,6000,200,5,150,100|200|400,1091,399,5849,5,1131
deep,lstm,heave_rate,50,5.0,418944,0.0447759811093221,0.027209418335243412,0.8521061512079104,0.9972387684913508,0.44946461013569566,0.09962070449952445,384,0.9970105891831998,0.9974763005450205,id,1,False,317828,,,,,mse,6000,200,5,150,100|200|400,1091,399,5849,5,1131
deep,lstm,heave_rate,100,10.0,418944,0.15619924446474492,0.09243553396297274,0.47926486717836025,0.8937799088185829,0.44945174911641034,0.347532843674146,384,0.8823618769241208,0.9046060397878183,id,1,False,317828,,,,,mse,6000,200,5,150,100|200|400,1091,399,5849,5,1131
deep,lstm,heave_rate,150,15.0,418944,0.27742326944612833,0.17122081491252877,0.6809671010495266,0.8340285035549475,0.44946344226262147,0.6172321113583025,384,0.8256674200147023,0.8427673122700444,id,1,False,317828,,,,,mse,6000,200,5,150,100|200|400,1091,399,5849,5,1131
deep,lstm,roll,10,1.0,418944,0.1420931570350238,0.09562887424753669,1.9461019982798347,0.9946689208571603,3.687222002970601,0.0385366427409434,384,0.9937340858650007,0.995394593758704,id,2,False,317828,,,,,mse,6000,200,5,150,100|200|400,1091,399,5849,5,1131
deep,lstm,roll,20,2.0,418944,0.14832988914106346,0.10165428109542238,3.747341945419572,0.9984332103441071,3.6877754460978944,0.04022205020590778,384,0.9981648978563751,0.9986383778343445,id,2,False,317828,,,,,mse,6000,200,5,150,100|200|400,1091,399,5849,5,1131
deep,lstm,roll,30,3.0,418944,0.16178283642949765,0.11055558108830148,5.271807875224931,0.9990582280706598,3.688478647638728,0.043861670863424136,384,0.9989072790883065,0.9991729625763752,id,2,False,317828,,,,,mse,6000,200,5,150,100|200|400,1091,399,5849,5,1131
deep,lstm,roll,50,5.0,418944,0.16882455953905365,0.10773778208774067,7.095209199845273,0.9994338378385265,3.69030276033271,0.04574815956938795,384,0.9993683940748871,0.999483403802939,id,2,False,317828,,,,,mse,6000,200,5,150,100|200|400,1091,399,5849,5,1131
deep,lstm,roll,100,10.0,418944,0.39541948733340365,0.2285086121892409,3.8042041036484933,0.9891959019224238,3.694076084821685,0.1070415113966151,384,0.9877473335551011,0.9904503609226303,id,2,False,317828,,,,,mse,6000,200,5,150,100|200|400,1091,399,5849,5,1131
deep,lstm,roll,150,15.0,418944,0.8441473160732051,0.4922225205565421,5.250462508623207,0.9741511417742966,3.6967972023470375,0.228345583992887,384,0.9720416515036144,0.9762337600549184,id,2,False,317828,,,,,mse,6000,200,5,150,100|200|400,1091,399,5849,5,1131
deep,lstm,pitch,10,1.0,418944,0.06341402425443353,0.041636959909619256,0.8961445522125455,0.9949925745672488,1.2403442750018743,0.05112614741930236,384,0.9945586158641735,0.9954103345548397,id,2,False,317828,,,,,mse,6000,200,5,150,100|200|400,1091,399,5849,5,1131
deep,lstm,pitch,20,2.0,418944,0.07152793662147366,0.04982435074731131,1.6391044953318454,0.9980956879681612,1.240393189409016,0.057665534793490014,384,0.9979439046678524,0.9982438320974475,id,2,False,317828,,,,,mse,6000,200,5,150,100|200|400,1091,399,5849,5,1131
deep,lstm,pitch,30,3.0,418944,0.08888023092772303,0.058784783468283607,2.1211392967275144,0.9982442124351361,1.2402854523142828,0.07166110895026541,384,0.9980375655756122,0.9984488899292571,id,2,False,317828,,,,,mse,6000,200,5,150,100|200|400,1091,399,5849,5,1131
deep,lstm,pitch,50,5.0,418944,0.16811585164905568,0.09079873108291849,2.2310378683549135,0.9943218946453684,1.240068055500173,0.13556985917296877,384,0.9929937365415833,0.9955003795056244,id,2,False,317828,,,,,mse,6000,200,5,150,100|200|400,1091,399,5849,5,1131
deep,lstm,pitch,100,10.0,418944,0.5639573963666482,0.3044868145034831,1.5609168249297358,0.8694631675730393,1.2401273775213297,0.4547576374725655,384,0.8506895252850106,0.8875515277899216,id,2,False,317828,,,,,mse,6000,200,5,150,100|200|400,1091,399,5849,5,1131
deep,lstm,pitch,150,15.0,418944,0.8901494993416774,0.5201089298226919,1.7818458998404407,0.7504338842348077,1.2404643096284043,0.7175938013148739,384,0.7340882361141798,0.7657457003768283,id,2,False,317828,,,,,mse,6000,200,5,150,100|200|400,1091,399,5849,5,1131
deep,lstm,heave,10,1.0,418944,0.03386795413103691,0.022628748530602778,0.44162565007972127,0.9941187539868569,0.7586744785454769,0.04464095615285255,384,0.9937972409516443,0.994434153454516,id,2,False,317828,,,,,mse,6000,200,5,150,100|200|400,1091,399,5849,5,1131
deep,lstm,heave,20,2.0,418944,0.03413330003813572,0.02394574593244439,0.8379625081057451,0.9983407669849581,0.7587896097620423,0.04498387906081105,384,0.9982426693052795,0.9984297473755465,id,2,False,317828,,,,,mse,6000,200,5,150,100|200|400,1091,399,5849,5,1131
deep,lstm,heave,30,3.0,418944,0.040164030197483096,0.02860328831872524,1.1508797208863502,0.9987820914071739,0.758921162789381,0.052922532888478147,384,0.9987050911650965,0.9988425684029493,id,2,False,317828,,,,,mse,6000,200,5,150,100|200|400,1091,399,5849,5,1131
deep,lstm,heave,50,5.0,418944,0.07196147321439773,0.043695516116106746,1.441163548726843,0.9975067056464241,0.7589656362018378,0.09481519291772052,384,0.9971899786112333,0.9978018613424392,id,2,False,317828,,,,,mse,6000,200,5,150,100|200|400,1091,399,5849,5,1131
deep,lstm,heave,100,10.0,418944,0.21578856557760248,0.12550585991908134,0.834510527562901,0.9331358671517636,0.7592839391596414,0.28420009228225274,384,0.9186638882735622,0.9452741944286442,id,2,False,317828,,,,,mse,6000,200,5,150,100|200|400,1091,399,5849,5,1131
deep,lstm,heave,150,15.0,418944,0.4081802110292979,0.24960817633586802,1.1055277079321404,0.8636784146322687,0.759468366891061,0.5374551842102566,384,0.8560972260426595,0.871671467482083,id,2,False,317828,,,,,mse,6000,200,5,150,100|200|400,1091,399,5849,5,1131
deep,lstm,roll_rate,10,1.0,418944,0.08885770716301719,0.059860925605399795,1.0679896361750225,0.993077608954926,1.9709759416747037,0.04508310085587161,384,0.9921248730471264,0.9938354617804471,id,2,False,317828,,,,,mse,6000,200,5,150,100|200|400,1091,399,5849,5,1131
deep,lstm,roll_rate,20,2.0,418944,0.09414214756979396,0.06347198465118858,2.04926284907427,0.9978895606846716,1.9713738906856482,0.04775458781035753,384,0.9975938766825334,0.998099800215818,id,2,False,317828,,,,,mse,6000,200,5,150,100|200|400,1091,399,5849,5,1131
deep,lstm,roll_rate,30,3.0,418944,0.09322384462752135,0.06203085780619425,2.8671756232230625,0.9989428285452203,1.971717923838755,0.047280517918112254,384,0.9988128466643295,0.9990352216819391,id,2,False,317828,,,,,mse,6000,200,5,150,100|200|400,1091,399,5849,5,1131
deep,lstm,roll_rate,50,5.0,418944,0.1107621191987151,0.07609715696163816,3.8003090696362802,0.9991505365901102,1.9722164496629107,0.05616123890339038,384,0.9990137926199939,0.9992545557246654,id,2,False,317828,,,,,mse,6000,200,5,150,100|200|400,1091,399,5849,5,1131
deep,lstm,roll_rate,100,10.0,418944,0.28154922931924786,0.17206796871599317,1.9637399394759982,0.9794438991558685,1.9739519724102126,0.14263225917065944,384,0.9760891479344083,0.982234857076183,id,2,False,317828,,,,,mse,6000,200,5,150,100|200|400,1091,399,5849,5,1131
deep,lstm,roll_rate,150,15.0,418944,0.5409985939236257,0.3228790655611839,2.896430496995325,0.9651128052548354,1.975553636862926,0.273846573349789,384,0.9618343941468563,0.9679182930673106,id,2,False,317828,,,,,mse,6000,200,5,150,100|200|400,1091,399,5849,5,1131
deep,lstm,pitch_rate,10,1.0,418944,0.06435571398603446,0.0473965695182066,0.7531298125402182,0.992698122429378,0.9234044534650131,0.06969396102059501,384,0.9920695106916583,0.9933262718613809,id,2,False,317828,,,,,mse,6000,200,5,150,100|200|400,1091,399,5849,5,1131
deep,lstm,pitch_rate,20,2.0,418944,0.06710163651587238,0.04202112862645359,1.3418810460639456,0.9974994347754332,0.9235131941570501,0.07265909890667058,384,0.9972261073950741,0.9977860780640342,id,2,False,317828,,,,,mse,6000,200,5,150,100|200|400,1091,399,5849,5,1131
deep,lstm,pitch_rate,30,3.0,418944,0.07831892779617064,0.04823648531040291,1.6644452321714636,0.9977859141950525,0.9236561249822394,0.0847923005952855,384,0.9975746079469702,0.9980033671691295,id,2,False,317828,,,,,mse,6000,200,5,150,100|200|400,1091,399,5849,5,1131
deep,lstm,pitch_rate,50,5.0,418944,0.18751248836059972,0.09558305411503581,1.5485057653903693,0.9853365980036578,0.9236585535052279,0.20301061214558266,384,0.9822942040328809,0.988285526723402,id,2,False,317828,,,,,mse,6000,200,5,150,100|200|400,1091,399,5849,5,1131
deep,lstm,pitch_rate,100,10.0,418944,0.5212797953702712,0.2814704673126622,1.274579834785688,0.8327339897590884,0.9237886815931622,0.5642846743600216,384,0.8176022357457984,0.8484274231193955,id,2,False,317828,,,,,mse,6000,200,5,150,100|200|400,1091,399,5849,5,1131
deep,lstm,pitch_rate,150,15.0,418944,0.7429157429784744,0.4328610153987508,1.3066658062650982,0.6767414129428879,0.923677262965375,0.8043022955804027,384,0.6601553798718947,0.6936713053606699,id,2,False,317828,,,,,mse,6000,200,5,150,100|200|400,1091,399,5849,5,1131
deep,lstm,heave_rate,10,1.0,418944,0.02370794676061914,0.01702169138170688,0.28518621353692575,0.993089160091592,0.4494429055050756,0.05274962953075561,384,0.9926459415506536,0.9935039583470018,id,2,False,317828,,,,,mse,6000,200,5,150,100|200|400,1091,399,5849,5,1131
deep,lstm,heave_rate,20,2.0,418944,0.024628244267818684,0.017011563588553845,0.5351005334490926,0.9978816577079209,0.4494530144731941,0.05479603757177057,384,0.9977646284093685,0.9979889997535523,id,2,False,317828,,,,,mse,6000,200,5,150,100|200|400,1091,399,5849,5,1131
deep,lstm,heave_rate,30,3.0,418944,0.02669925612365835,0.017268673398559024,0.7214322878430781,0.9986303576619886,0.4494430721740169,0.059405201184902987,384,0.9985408331661599,0.9987150354256852,id,2,False,317828,,,,,mse,6000,200,5,150,100|200|400,1091,399,5849,5,1131
deep,lstm,heave_rate,50,5.0,418944,0.04549071805192977,0.02880332695901701,0.8521061512079104,0.9971499125666424,0.44946461013569566,0.10121090076078713,384,0.9969326225878228,0.9973767790266781,id,2,False,317828,,,,,mse,6000,200,5,150,100|200|400,1091,399,5849,5,1131
deep,lstm,heave_rate,100,10.0,418944,0.1545178796450718,0.0898594413523737,0.47926486717836025,0.8960543565291177,0.44945174911641034,0.3437919197084955,384,0.8845538077672894,0.9070845021861761,id,2,False,317828,,,,,mse,6000,200,5,150,100|200|400,1091,399,5849,5,1131
deep,lstm,heave_rate,150,15.0,418944,0.2761034470912812,0.1692764089760385,0.6809671010495266,0.8356039433303388,0.44946344226262147,0.614295671526393,384,0.826934463244566,0.8445228966902326,id,2,False,317828,,,,,mse,6000,200,5,150,100|200|400,1091,399,5849,5,1131
deep,persistence,roll,10,1.0,523680,3.2590780805687816,2.2051193038268293,3.2590780805687816,0.0,6.257511233296725,0.520826564917209,480,0.0,0.0,unseen_seastate,0,True,0,0.0,,,,,6000,200,5,150,100|200|400,1091,399,5849,5,1131
deep,persistence,roll,20,2.0,523680,6.285047933974578,4.25081852782317,6.285047933974578,0.0,6.258161704504171,1.004296186442587,480,0.0,0.0,unseen_seastate,0,True,0,0.0,,,,,6000,200,5,150,100|200|400,1091,399,5849,5,1131
deep,persistence,roll,30,3.0,523680,8.864075676903322,5.991118757441393,8.864075676903322,0.0,6.258595534998139,1.4163042854160024,480,0.0,0.0,unseen_seastate,0,True,0,0.0,,,,,6000,200,5,150,100|200|400,1091,399,5849,5,1131
deep,persistence,roll,50,5.0,523680,12.021278604552123,8.107713378893276,12.021278604552123,0.0,6.259860183654315,1.9203749367984235,480,0.0,0.0,unseen_seastate,0,True,0,0.0,,,,,6000,200,5,150,100|200|400,1091,399,5849,5,1131
deep,persistence,roll,100,10.0,523680,6.568449713232539,4.380390963950771,6.568449713232539,0.0,6.264046458694406,1.0485953060127173,480,0.0,0.0,unseen_seastate,0,True,0,0.0,,,,,6000,200,5,150,100|200|400,1091,399,5849,5,1131
deep,persistence,roll,150,15.0,523680,8.7564747038118,5.9424655716589285,8.7564747038118,0.0,6.268761829209168,1.3968427805011168,480,0.0,0.0,unseen_seastate,0,True,0,0.0,,,,,6000,200,5,150,100|200|400,1091,399,5849,5,1131
deep,persistence,pitch,10,1.0,523680,1.2222269593969717,0.8335162657925936,1.2222269593969717,0.0,1.7978631101886102,0.6798220356547336,480,0.0,0.0,unseen_seastate,0,True,0,0.0,,,,,6000,200,5,150,100|200|400,1091,399,5849,5,1131
deep,persistence,pitch,20,2.0,523680,2.2561846272019164,1.5445573122003162,2.2561846272019164,0.0,1.7976679627472303,1.2550619324349377,480,0.0,0.0,unseen_seastate,0,True,0,0.0,,,,,6000,200,5,150,100|200|400,1091,399,5849,5,1131
deep,persistence,pitch,30,3.0,523680,2.967056377161456,2.042687838826331,2.967056377161456,0.0,1.7976874939255332,1.650485074401014,480,0.0,0.0,unseen_seastate,0,True,0,0.0,,,,,6000,200,5,150,100|200|400,1091,399,5849,5,1131
deep,persistence,pitch,50,5.0,523680,3.300416172166559,2.2987493912351114,3.300416172166559,0.0,1.79747298987243,1.8361422901830617,480,0.0,0.0,unseen_seastate,0,True,0,0.0,,,,,6000,200,5,150,100|200|400,1091,399,5849,5,1131
deep,persistence,pitch,100,10.0,523680,2.144295333366592,1.4903536879163086,2.144295333366592,0.0,1.7977594151426086,1.1927598961824901,480,0.0,0.0,unseen_seastate,0,True,0,0.0,,,,,6000,200,5,150,100|200|400,1091,399,5849,5,1131
deep,persistence,pitch,150,15.0,523680,2.6217643609330046,1.8014638341085958,2.6217643609330046,0.0,1.798277604223273,1.4579308304656435,480,0.0,0.0,unseen_seastate,0,True,0,0.0,,,,,6000,200,5,150,100|200|400,1091,399,5849,5,1131
deep,persistence,heave,10,1.0,523680,0.7225299860835978,0.570826278872083,0.7225299860835978,0.0,1.3040230845977787,0.5540776038535081,480,0.0,0.0,unseen_seastate,0,True,0,0.0,,,,,6000,200,5,150,100|200|400,1091,399,5849,5,1131
deep,persistence,heave,20,2.0,523680,1.3792122114373386,1.0910788418047443,1.3792122114373386,0.0,1.3041370652244855,1.0575669139500534,480,0.0,0.0,unseen_seastate,0,True,0,0.0,,,,,6000,200,5,150,100|200|400,1091,399,5849,5,1131
deep,persistence,heave,30,3.0,523680,1.9132137912678973,1.5165523370695504,1.9132137912678973,0.0,1.3043478521287997,1.4667972106868423,480,0.0,0.0,unseen_seastate,0,True,0,0.0,,,,,6000,200,5,150,100|200|400,1091,399,5849,5,1131
deep,persistence,heave,50,5.0,523680,2.472256983384014,1.9682441840814244,2.472256983384014,0.0,1.3046969314690733,1.894889858137615,480,0.0,0.0,unseen_seastate,0,True,0,0.0,,,,,6000,200,5,150,100|200|400,1091,399,5849,5,1131
deep,persistence,heave,100,10.0,523680,1.47333246045951,1.153913398434624,1.47333246045951,0.0,1.3052530857962559,1.1287714823219277,480,0.0,0.0,unseen_seastate,0,True,0,0.0,,,,,6000,200,5,150,100|200|400,1091,399,5849,5,1131
deep,persistence,heave,150,15.0,523680,1.8506807982960018,1.4418965532560388,1.8506807982960018,0.0,1.3055953746109255,1.4174995058078501,480,0.0,0.0,unseen_seastate,0,True,0,0.0,,,,,6000,200,5,150,100|200|400,1091,399,5849,5,1131
deep,persistence,roll_rate,10,1.0,523680,1.750457006043312,1.1901469395792885,1.750457006043312,0.0,3.298699647865669,0.530650617789921,480,0.0,0.0,unseen_seastate,0,True,0,0.0,,,,,6000,200,5,150,100|200|400,1091,399,5849,5,1131
deep,persistence,roll_rate,20,2.0,523680,3.3683169500888286,2.2886167915399653,3.3683169500888286,0.0,3.2989945899356385,1.0210131778829448,480,0.0,0.0,unseen_seastate,0,True,0,0.0,,,,,6000,200,5,150,100|200|400,1091,399,5849,5,1131
deep,persistence,roll_rate,30,3.0,523680,4.733862565687478,3.213154375264369,4.733862565687478,0.0,3.2994705657891945,1.4347339887710726,480,0.0,0.0,unseen_seastate,0,True,0,0.0,,,,,6000,200,5,150,100|200|400,1091,399,5849,5,1131
deep,persistence,roll_rate,50,5.0,523680,6.355381178148954,4.301275540464527,6.355381178148954,0.0,3.300289267129817,1.9257042833933393,480,0.0,0.0,unseen_seastate,0,True,0,0.0,,,,,6000,200,5,150,100|200|400,1091,399,5849,5,1131
deep,persistence,roll_rate,100,10.0,523680,3.3423295852122696,2.241226498823584,3.3423295852122696,0.0,3.3024285854413846,1.012082320249645,480,0.0,0.0,unseen_seastate,0,True,0,0.0,,,,,6000,200,5,150,100|200|400,1091,399,5849,5,1131
deep,persistence,roll_rate,150,15.0,523680,4.759767557952644,3.2407371805840333,4.759767557952644,0.0,3.3050619125013023,1.4401447488620287,480,0.0,0.0,unseen_seastate,0,True,0,0.0,,,,,6000,200,5,150,100|200|400,1091,399,5849,5,1131
deep,persistence,pitch_rate,10,1.0,523680,0.9749874850307381,0.6412057756955396,0.9749874850307381,0.0,1.2556883011928568,0.7764566127633239,480,0.0,0.0,unseen_seastate,0,True,0,0.0,,,,,6000,200,5,150,100|200|400,1091,399,5849,5,1131
deep,persistence,pitch_rate,20,2.0,523680,1.7512436883306457,1.1604808976830157,1.7512436883306457,0.0,1.2557790553604302,1.3945476163623454,480,0.0,0.0,unseen_seastate,0,True,0,0.0,,,,,6000,200,5,150,100|200|400,1091,399,5849,5,1131
deep,persistence,pitch_rate,30,3.0,523680,2.2051006987242707,1.47738908189694,2.2051006987242707,0.0,1.255593182987374,1.7562222610015912,480,0.0,0.0,unseen_seastate,0,True,0,0.0,,,,,6000,200,5,150,100|200|400,1091,399,5849,5,1131
deep,persistence,pitch_rate,50,5.0,523680,2.1766629752588056,1.4947485037316544,2.1766629752588056,0.0,1.2554485176421812,1.7337731851774603,480,0.0,0.0,unseen_seastate,0,True,0,0.0,,,,,6000,200,5,150,100|200|400,1091,399,5849,5,1131
deep,persistence,pitch_rate,100,10.0,523680,1.6285427338449476,1.1020910465935503,1.6285427338449476,0.0,1.2555608277890915,1.297063987503208,480,0.0,0.0,unseen_seastate,0,True,0,0.0,,,,,6000,200,5,150,100|200|400,1091,399,5849,5,1131
deep,persistence,pitch_rate,150,15.0,523680,1.8210095949629055,1.2275399554653117,1.8210095949629055,0.0,1.2558718343800095,1.4499963651640373,480,0.0,0.0,unseen_seastate,0,True,0,0.0,,,,,6000,200,5,150,100|200|400,1091,399,5849,5,1131
deep,persistence,heave_rate,10,1.0,523680,0.43962286303504644,0.33981846303259094,0.43962286303504644,0.0,0.7338878453162084,0.5990327620777358,480,0.0,0.0,unseen_seastate,0,True,0,0.0,,,,,6000,200,5,150,100|200|400,1091,399,5849,5,1131
deep,persistence,heave_rate,20,2.0,523680,0.831330600503321,0.6443671361344636,0.831330600503321,0.0,0.7339772507555338,1.1326381024038206,480,0.0,0.0,unseen_seastate,0,True,0,0.0,,,,,6000,200,5,150,100|200|400,1091,399,5849,5,1131
deep,persistence,heave_rate,30,3.0,523680,1.1355935168796936,0.8840183728436023,1.1355935168796936,0.0,0.7339926584626707,1.5471456066851756,480,0.0,0.0,unseen_seastate,0,True,0,0.0,,,,,6000,200,5,150,100|200|400,1091,399,5849,5,1131
deep,persistence,heave_rate,50,5.0,523680,1.3992727536215406,1.102185362276996,1.3992727536215406,0.0,0.7339870840063342,1.9063996957328817,480,0.0,0.0,unseen_seastate,0,True,0,0.0,,,,,6000,200,5,150,100|200|400,1091,399,5849,5,1131
deep,persistence,heave_rate,100,10.0,523680,0.7686188880550284,0.612321959753909,0.7686188880550284,0.0,0.7341792711661705,1.046909001985515,480,0.0,0.0,unseen_seastate,0,True,0,0.0,,,,,6000,200,5,150,100|200|400,1091,399,5849,5,1131
deep,persistence,heave_rate,150,15.0,523680,1.1062898408719488,0.8488641565148665,1.1062898408719488,0.0,0.7344735022919635,1.506235197620762,480,0.0,0.0,unseen_seastate,0,True,0,0.0,,,,,6000,200,5,150,100|200|400,1091,399,5849,5,1131
deep,window_mean,roll,10,1.0,523680,7.019275485303902,4.7250528432930805,3.2590780805687816,-3.6386867351283216,6.257511233296725,1.1217359783477123,480,-3.658728890593972,-3.6178917216552238,unseen_seastate,0,True,0,0.0,,,,,6000,200,5,150,100|200|400,1091,399,5849,5,1131
deep,window_mean,roll,20,2.0,523680,7.180779555609467,4.8310159692381305,6.285047933974578,-0.3053470749934373,6.258161704504171,1.1474263361461663,480,-0.3119384458486178,-0.2987216377653885,unseen_seastate,0,True,0,0.0,,,,,6000,200,5,150,100|200|400,1091,399,5849,5,1131
deep,window_mean,roll,30,3.0,523680,7.132629084699483,4.797488496866589,8.864075676903322,0.35251103690489727,6.258595534998139,1.1396533047732096,480,0.34885068802338115,0.3560076623802135,unseen_seastate,0,True,0,0.0,,,,,6000,200,5,150,100|200|400,1091,399,5849,5,1131
deep,window_mean,roll,50,5.0,523680,6.500548479519909,4.374363626758202,12.021278604552123,0.7075856522707467,6.259860183654315,1.0384494683274361,480,0.7057450017642066,0.709202093692719,unseen_seastate,0,True,0,0.0,,,,,6000,200,5,150,100|200|400,1091,399,5849,5,1131
deep,window_mean,roll,100,10.0,523680,5.784366013818045,3.909371710903082,6.568449713232539,0.2244929099087658,6.264046458694406,0.9234232300096415,480,0.2088271247923882,0.24047607350568698,unseen_seastate,0,True,0,0.0,,,,,6000,200,5,150,100|200|400,1091,399,5849,5,1131
deep,window_mean,roll,150,15.0,523680,7.009615733146131,4.709775910278618,8.7564747038118,0.3591891943245522,6.268761829209168,1.1181818553840999,480,0.350105356465916,0.3682156882447429,unseen_seastate,0,True,0,0.0,,,,,6000,200,5,150,100|200|400,1091,399,5849,5,1131
deep,window_mean,pitch,10,1.0,523680,1.8967691783811078,1.3201578772018001,1.2222269593969717,-1.408381319251356,1.7978631101886102,1.055013125099453,480,-1.4773097274085367,-1.34119373153152,unseen_seastate,0,True,0,0.0,,,,,6000,200,5,150,100|200|400,1091,399,5849,5,1131
deep,window_mean,pitch,20,2.0,523680,1.9413163015345802,1.3521418612151348,2.2561846272019164,0.25963934455803483,1.7976679627472303,1.0799081597737459,480,0.24041746173063444,0.2785787158334523,unseen_seastate,0,True,0,0.0,,,,,6000,200,5,150,100|200|400,1091,399,5849,5,1131
deep,window_mean,pitch,30,3.0,523680,1.9350733959373638,1.3487587264569758,2.967056377161456,0.5746530848577586,1.7976874939255332,1.076423684581477,480,0.5655030516861476,0.583806318517746,unseen_seastate,0,True,0,0.0,,,,,6000,200,5,150,100|200|400,1091,399,5849,5,1131
deep,window_mean,pitch,50,5.0,523680,1.822199309806746,1.2707675494605464,3.300416172166559,0.6951723608151807,1.79747298987243,1.013756156600757,480,0.6921248500544931,0.6977397176519867,unseen_seastate,0,True,0,0.0,,,,,6000,200,5,150,100|200|400,1091,399,5849,5,1131
deep,window_mean,pitch,100,10.0,523680,1.782161563438622,1.2370731594417923,2.144295333366592,0.30924355645866286,1.7977594151426086,0.9913237268721248,480,0.2936751175630763,0.32617214121390414,unseen_seastate,0,True,0,0.0,,,,,6000,200,5,150,100|200|400,1091,399,5849,5,1131
deep,window_mean,pitch,150,15.0,523680,1.8359117866125763,1.2783725092810168,2.6217643609330046,0.5096385631611211,1.798277604223273,1.0209279047355753,480,0.49768885763329834,0.5204975485225188,unseen_seastate,0,True,0,0.0,,,,,6000,200,5,150,100|200|400,1091,399,5849,5,1131
deep,window_mean,heave,10,1.0,523680,1.3933463551470044,1.1098906587395896,0.7225299860835978,-2.718830810023254,1.3040230845977787,1.0684982279871045,480,-2.797799014952067,-2.6407135619391298,unseen_seastate,0,True,0,0.0,,,,,6000,200,5,150,100|200|400,1091,399,5849,5,1131
deep,window_mean,heave,20,2.0,523680,1.4351559488522891,1.1436891080379148,1.3792122114373386,-0.08276947456096595,1.3041370652244855,1.1004640440958948,480,-0.10558739126825001,-0.06090222425833673,unseen_seastate,0,True,0,0.0,,,,,6000,200,5,150,100|200|400,1091,399,5849,5,1131
deep,window_mean,heave,30,3.0,523680,1.4447964209110062,1.1519171337764835,1.9132137912678973,0.4297224059782492,1.3043478521287997,1.107677233916538,480,0.41894515747595806,0.4407158312361394,unseen_seastate,0,True,0,0.0,,,,,6000,200,5,150,100|200|400,1091,399,5849,5,1131
deep,window_mean,heave,50,5.0,523680,1.3748523241485588,1.0966596079308044,2.472256983384014,0.6907391966484588,1.3046969314690733,1.05377140927318,480,0.6865154925319202,0.6946758928136342,unseen_seastate,0,True,0,0.0,,,,,6000,200,5,150,100|200|400,1091,399,5849,5,1131
deep,window_mean,heave,100,10.0,523680,1.244407836936841,0.9913021586193548,1.47333246045951,0.2866150214196622,1.3052530857962559,0.953384328662746,480,0.2530265537743274,0.3193542912436696,unseen_seastate,0,True,0,0.0,,,,,6000,200,5,150,100|200|400,1091,399,5849,5,1131
deep,window_mean,heave,150,15.0,523680,1.3689728789986113,1.0904780506183844,1.8506807982960018,0.4528244908532678,1.3055953746109255,1.048542990899131,480,0.4356099794493516,0.4701632654426683,unseen_seastate,0,True,0,0.0,,,,,6000,200,5,150,100|200|400,1091,399,5849,5,1131
deep,window_mean,roll_rate,10,1.0,523680,3.6933336098435703,2.4952776851498673,1.750457006043312,-3.4517849794572166,3.298699647865669,1.1196331900763496,480,-3.4745330430183454,-3.4273534415624387,unseen_seastate,0,True,0,0.0,,,,,6000,200,5,150,100|200|400,1091,399,5849,5,1131
deep,window_mean,roll_rate,20,2.0,523680,3.769151752528672,2.5453990162836013,3.3683169500888286,-0.2521643788644772,3.2989945899356385,1.1425152875446838,480,-0.25908955436704345,-0.2449060835829206,unseen_seastate,0,True,0,0.0,,,,,6000,200,5,150,100|200|400,1091,399,5849,5,1131
deep,window_mean,roll_rate,30,3.0,523680,3.7359419379737178,2.522434188733435,4.733862565687478,0.3771708283759714,3.2994705657891945,1.132285275313594,480,0.3736759620354372,0.38079026505475255,unseen_seastate,0,True,0,0.0,,,,,6000,200,5,150,100|200|400,1091,399,5849,5,1131
deep,window_mean,roll_rate,50,5.0,523680,3.397076030582023,2.2949485871993,6.355381178148954,0.714288759302915,3.300289267129817,1.0293267515718036,480,0.7128600361179157,0.7156364544765502,unseen_seastate,0,True,0,0.0,,,,,6000,200,5,150,100|200|400,1091,399,5849,5,1131
deep,window_mean,roll_rate,100,10.0,523680,3.082035279463088,2.09092802929601,3.3423295852122696,0.14969121703396537,3.3024285854413846,0.9332632636024618,480,0.13467087047858592,0.16568293725581995,unseen_seastate,0,True,0,0.0,,,,,6000,200,5,150,100|200|400,1091,399,5849,5,1131
deep,window_mean,roll_rate,150,15.0,523680,3.674008154763191,2.477654719075963,4.759767557952644,0.40418869036820615,3.3050619125013023,1.1116306598875985,480,0.39630520353851556,0.41240895177874154,unseen_seastate,0,True,0,0.0,,,,,6000,200,5,150,100|200|400,1091,399,5849,5,1131
deep,window_mean,pitch_rate,10,1.0,523680,1.3172502502516705,0.8986591868535927,0.9749874850307381,-0.8253178350091419,1.2556883011928568,1.049026457441972,480,-0.8741837474675012,-0.7792093999119335,unseen_seastate,0,True,0,0.0,,,,,6000,200,5,150,100|200|400,1091,399,5849,5,1131
deep,window_mean,pitch_rate,20,2.0,523680,1.341111400968632,0.9163720726105715,1.7512436883306457,0.41354250237162815,1.2557790553604302,1.0679517190893981,480,0.4006914141111494,0.4260312934681681,unseen_seastate,0,True,0,0.0,,,,,6000,200,5,150,100|200|400,1091,399,5849,5,1131
deep,window_mean,pitch_rate,30,3.0,523680,1.3253370177416035,0.9071198009726965,2.2051006987242707,0.6387600255060555,1.255593182987374,1.0555465223124987,480,0.6335139221937507,0.6438585214764744,unseen_seastate,0,True,0,0.0,,,,,6000,200,5,150,100|200|400,1091,399,5849,5,1131
deep,window_mean,pitch_rate,50,5.0,523680,1.2444059920684034,0.8519224396191761,2.1766629752588056,0.6731550288760173,1.2554485176421812,0.9912043182825876,480,0.669233194086145,0.6768607062415165,unseen_seastate,0,True,0,0.0,,,,,6000,200,5,150,100|200|400,1091,399,5849,5,1131
deep,window_mean,pitch_rate,100,10.0,523680,1.2639904537236828,0.857123751852994,1.6285427338449476,0.3975940267050444,1.2555608277890915,1.0067138331716154,480,0.39073836023283687,0.4040288938013501,unseen_seastate,0,True,0,0.0,,,,,6000,200,5,150,100|200|400,1091,399,5849,5,1131
deep,window_mean,pitch_rate,150,15.0,523680,1.2682513991117115,0.8659662391849652,1.8210095949629055,0.5149503093257599,1.2558718343800095,1.0098573472171335,480,0.5086602878065555,0.5207535917098602,unseen_seastate,0,True,0,0.0,,,,,6000,200,5,150,100|200|400,1091,399,5849,5,1131
deep,window_mean,heave_rate,10,1.0,523680,0.78097353824836,0.6169073137364454,0.43962286303504644,-2.155819077945798,0.7338878453162084,1.0641592488997607,480,-2.229961981795069,-2.084478232506,unseen_seastate,0,True,0,0.0,,,,,6000,200,5,150,100|200|400,1091,399,5849,5,1131
deep,window_mean,heave_rate,20,2.0,523680,0.801016465265883,0.6335993073548175,0.831330600503321,0.0715995269716444,0.7339772507555338,1.0913369105668345,480,0.05120840646377485,0.09103924471533194,unseen_seastate,0,True,0,0.0,,,,,6000,200,5,150,100|200|400,1091,399,5849,5,1131
deep,window_mean,heave_rate,30,3.0,523680,0.8022048758567345,0.635312628506337,1.1355935168796936,0.5009721475988931,0.7339926584626707,1.0929331058118927,480,0.49160448540873536,0.5099453310692343,unseen_seastate,0,True,0,0.0,,,,,6000,200,5,150,100|200|400,1091,399,5849,5,1131
deep,window_mean,heave_rate,50,5.0,523680,0.7566993274282218,0.6003152276680689,1.3992727536215406,0.7075565218623743,0.7339870840063342,1.0309436554358926,480,0.704906322952069,0.7099769130516522,unseen_seastate,0,True,0,0.0,,,,,6000,200,5,150,100|200|400,1091,399,5849,5,1131
deep,window_mean,heave_rate,100,10.0,523680,0.7136183216703904,0.5612629229783728,0.7686188880550284,0.13799481482952913,0.7341792711661705,0.9719946472159026,480,0.1093716668245915,0.16717817955902833,unseen_seastate,0,True,0,0.0,,,,,6000,200,5,150,100|200|400,1091,399,5849,5,1131
deep,window_mean,heave_rate,150,15.0,523680,0.7631948298021414,0.6031664535152497,1.1062898408719488,0.5240810577091819,0.7344735022919635,1.0391046476429053,480,0.5124520758045129,0.5350874247944747,unseen_seastate,0,True,0,0.0,,,,,6000,200,5,150,100|200|400,1091,399,5849,5,1131
deep,damped_persistence,roll,10,1.0,523680,4.297602484529126,2.896375930004785,3.2590780805687816,-0.7388533381190845,6.257511233296725,0.686791013919597,480,-0.7452587713968413,-0.7322846254772273,unseen_seastate,0,True,6,0.160031668987358,,,,,6000,200,5,150,100|200|400,1091,399,5849,5,1131
deep,damped_persistence,roll,20,2.0,523680,6.315971463908671,4.25433191593601,6.285047933974578,-0.009864556272271896,6.258161704504171,1.009237498507412,480,-0.014055136631683972,-0.005550447381941603,unseen_seastate,0,True,6,0.160031668987358,,,,,6000,200,5,150,100|200|400,1091,399,5849,5,1131
deep,damped_persistence,roll,30,3.0,523680,7.030471722410839,4.732826078257313,8.864075676903322,0.37092558675341036,6.258595534998139,1.1233305752219263,480,0.3678890821269635,0.37382297750264976,unseen_seastate,0,True,6,0.160031668987358,,,,,6000,200,5,150,100|200|400,1091,399,5849,5,1131
deep,damped_persistence,roll,50,5.0,523680,6.654191948280438,4.478797280618089,12.021278604552123,0.6935996027528617,6.259860183654315,1.0629937016254452,480,0.6918176391309585,0.6951613069672651,unseen_seastate,0,True,6,0.160031668987358,,,,,6000,200,5,150,100|200|400,1091,399,5849,5,1131
deep,damped_persistence,roll,100,10.0,523680,5.780860897691596,3.9069700091407906,6.568449713232539,0.2254324835190733,6.264046458694406,0.9228636690054949,480,0.20980925270543613,0.24137556803656168,unseen_seastate,0,True,6,0.160031668987358,,,,,6000,200,5,150,100|200|400,1091,399,5849,5,1131
deep,damped_persistence,roll,150,15.0,523680,7.009567530436638,4.709746424019498,8.7564747038118,0.35919800756398657,6.268761829209168,1.1181741660331872,480,0.35011476483788423,0.36822387927226924,unseen_seastate,0,True,6,0.160031668987358,,,,,6000,200,5,150,100|200|400,1091,399,5849,5,1131
deep,damped_persistence,pitch,10,1.0,523680,1.4416202036400518,1.000549643316525,1.2222269593969717,-0.39122701501109747,1.7978631101886102,0.8018520406088172,480,-0.42149520853736105,-0.36166192105323797,unseen_seastate,0,True,6,0.160031668987358,,,,,6000,200,5,150,100|200|400,1091,399,5849,5,1131
deep,damped_persistence,pitch,20,2.0,523680,1.8888385340125566,1.3133375537221008,2.2561846272019164,0.29912527812971323,1.7976679627472303,1.0507160238456927,480,0.2840472639169643,0.3138871707030038,unseen_seastate,0,True,6,0.160031668987358,,,,,6000,200,5,150,100|200|400,1091,399,5849,5,1131
deep,damped_persistence,pitch,30,3.0,523680,1.9583440202921956,1.3641068021661746,2.967056377161456,0.5643613780366689,1.7976874939255332,1.0893684396812728,480,0.5559123458542364,0.5728120406756271,unseen_seastate,0,True,6,0.160031668987358,,,,,6000,200,5,150,100|200|400,1091,399,5849,5,1131
deep,damped_persistence,pitch,50,5.0,523680,1.829441965749798,1.2758177910422004,3.300416172166559,0.6927443615597092,1.79747298987243,1.0177855111356287,480,0.689716194275167,0.6952900656534704,unseen_seastate,0,True,6,0.160031668987358,,,,,6000,200,5,150,100|200|400,1091,399,5849,5,1131
deep,damped_persistence,pitch,100,10.0,523680,1.7821417288422594,1.237059742799235,2.144295333366592,0.3092589319434468,1.7977594151426086,0.9913126939184406,480,0.29369188611417135,0.3261861782962302,unseen_seastate,0,True,6,0.160031668987358,,,,,6000,200,5,150,100|200|400,1091,399,5849,5,1131
deep,damped_persistence,pitch,150,15.0,523680,1.835911800002084,1.278372515396238,2.6217643609330046,0.5096385560086006,1.798277604223273,1.0209279121813153,480,0.4976888557756481,0.5204975364656764,unseen_seastate,0,True,6,0.160031668987358,,,,,6000,200,5,150,100|200|400,1091,399,5849,5,1131
deep,damped_persistence,heave,10,1.0,523680,0.9630328010724092,0.7667678530723852,0.7225299860835978,-0.7765212540502044,1.3040230845977787,0.7385090129516022,480,-0.8071675546971053,-0.7466974992773389,unseen_seastate,0,True,6,0.160031668987358,,,,,6000,200,5,150,100|200|400,1091,399,5849,5,1131
deep,damped_persistence,heave,20,2.0,523680,1.3353503418587278,1.0639477915128654,1.3792122114373386,0.06259286140786224,1.3041370652244855,1.0239340460957373,480,0.046077736472433795,0.0784481182710619,unseen_seastate,0,True,6,0.160031668987358,,,,,6000,200,5,150,100|200|400,1091,399,5849,5,1131
deep,damped_persistence,heave,30,3.0,523680,1.4431857118175135,1.1505664527420147,1.9132137912678973,0.4309932276342455,1.3043478521287997,1.106442356969515,480,0.4213967694423627,0.4407431537260479,unseen_seastate,0,True,6,0.160031668987358,,,,,6000,200,5,150,100|200|400,1091,399,5849,5,1131
deep,damped_persistence,heave,50,5.0,523680,1.3856697896486443,1.1053139288024034,2.472256983384014,0.6858534659536051,1.3046969314690733,1.0620625803790285,480,0.6816889046555369,0.689740074162542,unseen_seastate,0,True,6,0.160031668987358,,,,,6000,200,5,150,100|200|400,1091,399,5849,5,1131
deep,damped_persistence,heave,100,10.0,523680,1.2443413627328226,0.9912513976667889,1.47333246045951,0.2866912350702163,1.3052530857962559,0.9533334004521623,480,0.2531136629664289,0.3194198119913522,unseen_seastate,0,True,6,0.160031668987358,,,,,6000,200,5,150,100|200|400,1091,399,5849,5,1131
deep,damped_persistence,heave,150,15.0,523680,1.3689727435715011,1.090477931062587,1.8506807982960018,0.45282459911311035,1.3055953746109255,1.0485428871708913,480,0.43561014106578144,0.4701633179284839,unseen_seastate,0,True,6,0.160031668987358,,,,,6000,200,5,150,100|200|400,1091,399,5849,5,1131
deep,damped_persistence,roll_rate,10,1.0,523680,2.309477804663595,1.5628378702555445,1.750457006043312,-0.7407030450092871,3.298699647865669,0.7001176376145303,480,-0.7479870415537757,-0.7329006848341342,unseen_seastate,0,True,6,0.160031668987358,,,,,6000,200,5,150,100|200|400,1091,399,5849,5,1131
deep,damped_persistence,roll_rate,20,2.0,523680,3.351939367548733,2.2669256175038357,3.3683169500888286,0.009700848745572088,3.2989945899356385,1.016048761575607,480,0.005151938906506501,0.014445307605507137,unseen_seastate,0,True,6,0.160031668987358,,,,,6000,200,5,150,100|200|400,1091,399,5849,5,1131
deep,damped_persistence,roll_rate,30,3.0,523680,3.69629624796899,2.498190193199716,4.733862565687478,0.3903195735780156,3.2994705657891945,1.1202695021117364,480,0.3874138432406363,0.39336252191613713,unseen_seastate,0,True,6,0.160031668987358,,,,,6000,200,5,150,100|200|400,1091,399,5849,5,1131
deep,damped_persistence,roll_rate,50,5.0,523680,3.467919019339172,2.3431697112431604,6.355381178148954,0.7022479993958397,3.300289267129817,1.0507924423107124,480,0.7008581311108071,0.7035645896375032,unseen_seastate,0,True,6,0.160031668987358,,,,,6000,200,5,150,100|200|400,1091,399,5849,5,1131
deep,damped_persistence,roll_rate,100,10.0,523680,3.0805792085381296,2.0899308480930068,3.3423295852122696,0.15049446379704556,3.3024285854413846,0.9328223544692932,480,0.13549866749569917,0.16645725598018443,unseen_seastate,0,True,6,0.160031668987358,,,,,6000,200,5,150,100|200|400,1091,399,5849,5,1131
deep,damped_persistence,roll_rate,150,15.0,523680,3.6739974618850852,2.4776485233393255,4.759767557952644,0.40419215847615164,3.3050619125013023,1.1116274245841795,480,0.3963089594960005,0.4124121073116352,unseen_seastate,0,True,6,0.160031668987358,,,,,6000,200,5,150,100|200|400,1091,399,5849,5,1131
deep,damped_persistence,pitch_rate,10,1.0,523680,1.0677787965774617,0.7234686704260576,0.9749874850307381,-0.19940126616595943,1.2556883011928568,0.8503533843256419,480,-0.22321685092637725,-0.1770062052274262,unseen_seastate,0,True,6,0.160031668987358,,,,,6000,200,5,150,100|200|400,1091,399,5849,5,1131
deep,damped_persistence,pitch_rate,20,2.0,523680,1.3349593374392335,0.9086713048825742,1.7512436883306457,0.4189106596899782,1.2557790553604302,1.0630527175467799,480,0.40829444806681514,0.4291669209715962,unseen_seastate,0,True,6,0.160031668987358,,,,,6000,200,5,150,100|200|400,1091,399,5849,5,1131
deep,damped_persistence,pitch_rate,30,3.0,523680,1.344220593143165,0.9188741097181138,2.2051006987242707,0.6283927015220471,1.255593182987374,1.0705860874020707,480,0.6234292814544464,0.6332181916432436,unseen_seastate,0,True,6,0.160031668987358,,,,,6000,200,5,150,100|200|400,1091,399,5849,5,1131
deep,damped_persistence,pitch_rate,50,5.0,523680,1.246503476408035,0.853406552386622,2.1766629752588056,0.6720522859249306,1.2554485176421812,0.9928750234609813,480,0.6681554439128,0.6757347504340316,unseen_seastate,0,True,6,0.160031668987358,,,,,6000,200,5,150,100|200|400,1091,399,5849,5,1131
deep,damped_persistence,pitch_rate,100,10.0,523680,1.263988193138312,0.8571221613032546,1.6285427338449476,0.3975961814506105,1.2555608277890915,1.006712032712951,480,0.3907406750830914,0.40403090569266314,unseen_seastate,0,True,6,0.160031668987358,,,,,6000,200,5,150,100|200|400,1091,399,5849,5,1131
deep,damped_persistence,pitch_rate,150,15.0,523680,1.2682514006905257,0.8659662397545559,1.8210095949629055,0.5149503081181077,1.2558718343800095,1.0098573484742794,480,0.508660286976646,0.5207535900849762,unseen_seastate,0,True,6,0.160031668987358,,,,,6000,200,5,150,100|200|400,1091,399,5849,5,1131
deep,damped_persistence,heave_rate,10,1.0,523680,0.5638431796412053,0.4440992579422405,0.43962286303504644,-0.6449629568058242,0.7338878453162084,0.7682961139631133,480,-0.6755374756200936,-0.6161219671509199,unseen_seastate,0,True,6,0.160031668987358,,,,,6000,200,5,150,100|200|400,1091,399,5849,5,1131
deep,damped_persistence,heave_rate,20,2.0,523680,0.7607650578642852,0.6004399675089583,0.831330600503321,0.16256023185910295,0.7339772507555338,1.0364967811756793,480,0.14720112870404178,0.1774366991277006,unseen_seastate,0,True,6,0.160031668987358,,,,,6000,200,5,150,100|200|400,1091,399,5849,5,1131
deep,damped_persistence,heave_rate,30,3.0,523680,0.8063916465873566,0.6378804916971483,1.1355935168796936,0.4957496229797005,0.7339926584626707,1.0986372101818072,480,0.48727230094225127,0.5038390086357435,unseen_seastate,0,True,6,0.160031668987358,,,,,6000,200,5,150,100|200|400,1091,399,5849,5,1131
deep,damped_persistence,heave_rate,50,5.0,523680,0.7612617836885363,0.6038662589993071,1.3992727536215406,0.7040193626863887,0.7339870840063342,1.0371596452805791,480,0.7013955650818585,0.7064161358918004,unseen_seastate,0,True,6,0.160031668987358,,,,,6000,200,5,150,100|200|400,1091,399,5849,5,1131
deep,damped_persistence,heave_rate,100,10.0,523680,0.7135951400671136,0.5612460497274994,0.7686188880550284,0.1380508177012436,0.7341792711661705,0.9719630723619299,480,0.10943178718159888,0.16722991953806685,unseen_seastate,0,True,6,0.160031668987358,,,,,6000,200,5,150,100|200|400,1091,399,5849,5,1131
deep,damped_persistence,heave_rate,150,15.0,523680,0.763194861185896,0.6031664670185337,1.1062898408719488,0.5240810185681316,0.7344735022919635,1.0391046903724994,480,0.5124520486304687,0.5350873739394106,unseen_seastate,0,True,6,0.160031668987358,,,,,6000,200,5,150,100|200|400,1091,399,5849,5,1131
deep,ar10,roll,10,1.0,523680,0.017453595320360654,0.013629837023106111,3.2590780805687816,0.9999713199255983,6.257511233296725,0.002789223170305897,480,0.9999680990052667,0.9999743769084998,unseen_seastate,0,True,54900,0.022421175992349163,,,,,6000,200,5,150,100|200|400,1091,399,5849,5,1131
deep,ar10,roll,20,2.0,523680,0.1368251026430259,0.1066200790275017,6.285047933974578,0.9995260698078351,6.258161704504171,0.021863465519682736,480,0.9994714560817411,0.9995777636037326,unseen_seastate,0,True,54900,0.022421175992349163,,,,,6000,200,5,150,100|200|400,1091,399,5849,5,1131
deep,ar10,roll,30,3.0,523680,0.4414727677404391,0.3422126511990209,8.864075676903322,0.9975194903085499,6.258595534998139,0.0705386320735568,480,0.9972211498038166,0.9977943479212817,unseen_seastate,0,True,54900,0.022421175992349163,,,,,6000,200,5,150,100|200|400,1091,399,5849,5,1131
deep,ar10,roll,50,5.0,523680,1.3964859302736825,1.0722786589928932,12.021278604552123,0.986505033708424,6.259860183654315,0.22308580212704635,480,0.9848569708044271,0.9880569194617145,unseen_seastate,0,True,54900,0.022421175992349163,,,,,6000,200,5,150,100|200|400,1091,399,5849,5,1131
deep,ar10,roll,100,10.0,523680,2.030441650889995,1.5679162742132662,6.568449713232539,0.9044445925958514,6.264046458694406,0.3241421761921595,480,0.8979936443456156,0.9107148733070657,unseen_seastate,0,True,54900,0.022421175992349163,,,,,6000,200,5,150,100|200|400,1091,399,5849,5,1131
deep,ar10,roll,150,15.0,523680,3.2399656567161697,2.456974386779312,8.7564747038118,0.8630940829354399,6.268761829209168,0.5168429978659607,480,0.8534516943622812,0.8715698052930124,unseen_seastate,0,True,54900,0.022421175992349163,,,,,6000,200,5,150,100|200|400,1091,399,5849,5,1131
deep,ar10,pitch,10,1.0,523680,0.022902121661406087,0.016903004156959216,1.2222269593969717,0.9996488863473332,1.7978631101886102,0.012738523601501269,480,0.9995984535036548,0.999691022588079,unseen_seastate,0,True,54900,0.022421175992349163,,,,,6000,200,5,150,100|200|400,1091,399,5849,5,1131
deep,ar10,pitch,20,2.0,523680,0.22012027602993692,0.16220699888463277,2.2561846272019164,0.9904814493342333,1.7976679627472303,0.12244768254841953,480,0.9890677622541396,0.9916520751362953,unseen_seastate,0,True,54900,0.022421175992349163,,,,,6000,200,5,150,100|200|400,1091,399,5849,5,1131
deep,ar10,pitch,30,3.0,523680,0.6813302000754581,0.5001810736430218,2.967056377161456,0.9472692823253859,1.7976874939255332,0.3790036935661529,480,0.9392330181462036,0.9537132606778143,unseen_seastate,0,True,54900,0.022421175992349163,,,,,6000,200,5,150,100|200|400,1091,399,5849,5,1131
deep,ar10,pitch,50,5.0,523680,1.302049633291463,0.9906282889847833,3.300416172166559,0.8443612743745942,1.79747298987243,0.7243778574852866,480,0.8298192546712372,0.857568577145858,unseen_seastate,0,True,54900,0.022421175992349163,,,,,6000,200,5,150,100|200|400,1091,399,5849,5,1131
deep,ar10,pitch,100,10.0,523680,1.9890995593882204,1.4549044886690037,2.144295333366592,0.13951393519040511,1.7977594151426086,1.1064325641317436,480,0.09909895051956441,0.17950658669870428,unseen_seastate,0,True,54900,0.022421175992349163,,,,,6000,200,5,150,100|200|400,1091,399,5849,5,1131
deep,ar10,pitch,150,15.0,523680,2.0581463963628837,1.509944438641324,2.6217643609330046,0.3837382472330595,1.798277604223273,1.1445098307009474,480,0.3553034206160831,0.41016725230472123,unseen_seastate,0,True,54900,0.022421175992349163,,,,,6000,200,5,150,100|200|400,1091,399,5849,5,1131
deep,ar10,heave,10,1.0,523680,0.004878027355396037,0.003740852118277208,0.7225299860835978,0.9999544197490897,1.3040230845977787,0.0037407523018663795,480,0.9999509286458662,0.9999574155803379,unseen_seastate,0,True,54900,0.022421175992349163,,,,,6000,200,5,150,100|200|400,1091,399,5849,5,1131
deep,ar10,heave,20,2.0,523680,0.04200102680202574,0.03213449569907708,1.3792122114373386,0.9990726202082253,1.3041370652244855,0.032205991166117165,480,0.9989988725436616,0.9991371494603435,unseen_seastate,0,True,54900,0.022421175992349163,,,,,6000,200,5,150,100|200|400,1091,399,5849,5,1131
deep,ar10,heave,30,3.0,523680,0.15190851298411176,0.11594650470995946,1.9132137912678973,0.9936956949505391,1.3043478521287997,0.1164631909625833,480,0.9931752347346166,0.9941538250555921,unseen_seastate,0,True,54900,0.022421175992349163,,,,,6000,200,5,150,100|200|400,1091,399,5849,5,1131
deep,ar10,heave,50,5.0,523680,0.6073998195310383,0.4657527902053444,2.472256983384014,0.9396382124505547,1.3046969314690733,0.4655485920757959,480,0.9349943891487573,0.9438714379565132,unseen_seastate,0,True,54900,0.022421175992349163,,,,,6000,200,5,150,100|200|400,1091,399,5849,5,1131
deep,ar10,heave,100,10.0,523680,1.1962871358497453,0.9184512616039077,1.47333246045951,0.3407208357737087,1.3052530857962559,0.9165173780224875,480,0.32384212280425523,0.3578104928318523,unseen_seastate,0,True,54900,0.022421175992349163,,,,,6000,200,5,150,100|200|400,1091,399,5849,5,1131
deep,ar10,heave,150,15.0,523680,1.4110754561133014,1.119518729653958,1.8506807982960018,0.4186503198034772,1.3055953746109255,1.0807907898217008,480,0.3850299026631813,0.4498835728960432,unseen_seastate,0,True,54900,0.022421175992349163,,,,,6000,200,5,150,100|200|400,1091,399,5849,5,1131
deep,ar10,roll_rate,10,1.0,523680,0.050076881603906845,0.03910407915682055,1.750457006043312,0.9991815886256527,3.298699647865669,0.015180794540147868,480,0.9990905898936886,0.9992678611351267,unseen_seastate,0,True,54900,0.022421175992349163,,,,,6000,200,5,150,100|200|400,1091,399,5849,5,1131
deep,ar10,roll_rate,20,2.0,523680,0.20638351563480148,0.16040281378083274,3.3683169500888286,0.99624574203532,3.2989945899356385,0.06255951927427317,480,0.995806764061404,0.9966515509071565,unseen_seastate,0,True,54900,0.022421175992349163,,,,,6000,200,5,150,100|200|400,1091,399,5849,5,1131
deep,ar10,roll_rate,30,3.0,523680,0.4106465742162737,0.3165496467508545,4.733862565687478,0.992475024024919,3.2994705657891945,0.12445832324558163,480,0.991548104681088,0.993316647621817,unseen_seastate,0,True,54900,0.022421175992349163,,,,,6000,200,5,150,100|200|400,1091,399,5849,5,1131
deep,ar10,roll_rate,50,5.0,523680,0.6311329962011036,0.4957785733201645,6.355381178148954,0.9901381460788794,3.300289267129817,0.1912356600032169,480,0.9891128342666622,0.9910967889643778,unseen_seastate,0,True,54900,0.022421175992349163,,,,,6000,200,5,150,100|200|400,1091,399,5849,5,1131
deep,ar10,roll_rate,100,10.0,523680,1.5701148665233118,1.2253761358026913,3.3423295852122696,0.779319324321396,3.3024285854413846,0.47544248903521974,480,0.7638986252552502,0.7936080591169662,unseen_seastate,0,True,54900,0.022421175992349163,,,,,6000,200,5,150,100|200|400,1091,399,5849,5,1131
deep,ar10,roll_rate,150,15.0,523680,2.235856067211709,1.7097756340052401,4.759767557952644,0.7793437689724773,3.3050619125013023,0.6764944580174572,480,0.7640682630139766,0.7925087236474122,unseen_seastate,0,True,54900,0.022421175992349163,,,,,6000,200,5,150,100|200|400,1091,399,5849,5,1131
deep,ar10,pitch_rate,10,1.0,523680,0.07433007695341103,0.05490288806904956,0.9749874850307381,0.9941879267030311,1.2556883011928568,0.05919468779218556,480,0.9933045733776614,0.9949006580104116,unseen_seastate,0,True,54900,0.022421175992349163,,,,,6000,200,5,150,100|200|400,1091,399,5849,5,1131
deep,ar10,pitch_rate,20,2.0,523680,0.34696993161461404,0.2555841677666751,1.7512436883306457,0.9607454037434531,1.2557790553604302,0.27629854960037353,480,0.9545339741247616,0.9657316716453779,unseen_seastate,0,True,54900,0.022421175992349163,,,,,6000,200,5,150,100|200|400,1091,399,5849,5,1131
deep,ar10,pitch_rate,30,3.0,523680,0.5557707536348931,0.4129966161200594,2.2051006987242707,0.9364764845220424,1.255593182987374,0.4426360075582553,480,0.9268714431020417,0.9441760629540016,unseen_seastate,0,True,54900,0.022421175992349163,,,,,6000,200,5,150,100|200|400,1091,399,5849,5,1131
deep,ar10,pitch_rate,50,5.0,523680,0.9093082188829857,0.7179579054540596,2.1766629752588056,0.8254821504063745,1.2554485176421812,0.7242895316732932,480,0.8111465237085883,0.8380087758728444,unseen_seastate,0,True,54900,0.022421175992349163,,,,,6000,200,5,150,100|200|400,1091,399,5849,5,1131
deep,ar10,pitch_rate,100,10.0,523680,1.342913936435644,1.0595200426840794,1.6285427338449476,0.32001701855276865,1.2555608277890915,1.0695729802277856,480,0.27237978895158604,0.35919560309535487,unseen_seastate,0,True,54900,0.022421175992349163,,,,,6000,200,5,150,100|200|400,1091,399,5849,5,1131
deep,ar10,pitch_rate,150,15.0,523680,1.2889985210453716,0.9379784836453293,1.8210095949629055,0.4989508036482172,1.2558718343800095,1.026377442154928,480,0.48847870040066493,0.5082452182056089,unseen_seastate,0,True,54900,0.022421175992349163,,,,,6000,200,5,150,100|200|400,1091,399,5849,5,1131
deep,ar10,heave_rate,10,1.0,523680,0.014390916284002814,0.011023990210696671,0.43962286303504644,0.9989284403467585,0.7338878453162084,0.01960914923969375,480,0.998834018504937,0.9990115405798512,unseen_seastate,0,True,54900,0.022421175992349163,,,,,6000,200,5,150,100|200|400,1091,399,5849,5,1131
deep,ar10,heave_rate,20,2.0,523680,0.0677419500206843,0.05172889499324031,0.831330600503321,0.9933600034357565,0.7339772507555338,0.09229434556854835,480,0.9927286706485231,0.993927774124199,unseen_seastate,0,True,54900,0.022421175992349163,,,,,6000,200,5,150,100|200|400,1091,399,5849,5,1131
deep,ar10,heave_rate,30,3.0,523680,0.16035617780728498,0.12236763676077513,1.1355935168796936,0.9800599802977267,0.7339926584626707,0.218471092262894,480,0.9781585774597227,0.9818665362291258,unseen_seastate,0,True,54900,0.022421175992349163,,,,,6000,200,5,150,100|200|400,1091,399,5849,5,1131
deep,ar10,heave_rate,50,5.0,523680,0.2946481802336753,0.2288693284215681,1.3992727536215406,0.9556592769242134,0.7339870840063342,0.40143510240724145,480,0.9522354122952642,0.9589750064412456,unseen_seastate,0,True,54900,0.022421175992349163,,,,,6000,200,5,150,100|200|400,1091,399,5849,5,1131
deep,ar10,heave_rate,100,10.0,523680,0.6432416995421233,0.5038248525729359,0.7686188880550284,0.2996320299958738,0.7341792711661705,0.8761371027547509,480,0.2739215062723288,0.3243716156298062,unseen_seastate,0,True,54900,0.022421175992349163,,,,,6000,200,5,150,100|200|400,1091,399,5849,5,1131
deep,ar10,heave_rate,150,15.0,523680,0.7781567261193001,0.6186059432763363,1.1062898408719488,0.5052380382121596,0.7344735022919635,1.0594755613252498,480,0.4730749496892572,0.5339396902381747,unseen_seastate,0,True,54900,0.022421175992349163,,,,,6000,200,5,150,100|200|400,1091,399,5849,5,1131
deep,ar20,roll,10,1.0,523680,0.011562807701763383,0.008720301869544929,3.2590780805687816,0.9999874125697976,6.257511233296725,0.0018478285169088863,480,0.9999857104588186,0.9999889870456707,unseen_seastate,0,True,108900,0.12658080499386415,,,,,6000,200,5,150,100|200|400,1091,399,5849,5,1131
deep,ar20,roll,20,2.0,523680,0.09763430548498417,0.07452566567193063,6.285047933974578,0.9997586831242244,6.258161704504171,0.015601115806054368,480,0.9997275213441985,0.9997879538108411,unseen_seastate,0,True,108900,0.12658080499386415,,,,,6000,200,5,150,100|200|400,1091,399,5849,5,1131
deep,ar20,roll,30,3.0,523680,0.3475574534867814,0.2671530732526349,8.864075676903322,0.9984626020320391,6.258595534998139,0.05553281907150512,480,0.9982766706790939,0.9986402741716711,unseen_seastate,0,True,108900,0.12658080499386415,,,,,6000,200,5,150,100|200|400,1091,399,5849,5,1131
deep,ar20,roll,50,5.0,523680,1.2844052497159446,0.9871784378406859,12.021278604552123,0.9885842928536661,6.259860183654315,0.20518114015865258,480,0.9872276299937336,0.989870711259338,unseen_seastate,0,True,108900,0.12658080499386415,,,,,6000,200,5,150,100|200|400,1091,399,5849,5,1131
deep,ar20,roll,100,10.0,523680,1.9161548519094158,1.4777058270716317,6.568449713232539,0.9148988463350258,6.264046458694406,0.30589729251605735,480,0.9088157584313087,0.9207026015066361,unseen_seastate,0,True,108900,0.12658080499386415,,,,,6000,200,5,150,100|200|400,1091,399,5849,5,1131
deep,ar20,roll,150,15.0,523680,3.0931705011371733,2.3468679626649687,8.7564747038118,0.8752188095192088,6.268761829209168,0.493426068083271,480,0.8673749693658624,0.8822724157837213,unseen_seastate,0,True,108900,0.12658080499386415,,,,,6000,200,5,150,100|200|400,1091,399,5849,5,1131
deep,ar20,pitch,10,1.0,523680,0.017737294583658133,0.012829807897850144,1.2222269593969717,0.9997893938544604,1.7978631101886102,0.00986576479774222,480,0.9997581781847176,0.999816037763045,unseen_seastate,0,True,108900,0.12658080499386415,,,,,6000,200,5,150,100|200|400,1091,399,5849,5,1131
deep,ar20,pitch,20,2.0,523680,0.1728566571438269,0.12317690066764918,2.2561846272019164,0.994130204805156,1.7976679627472303,0.09615605369061819,480,0.9932096915730587,0.9948927307873385,unseen_seastate,0,True,108900,0.12658080499386415,,,,,6000,200,5,150,100|200|400,1091,399,5849,5,1131
deep,ar20,pitch,30,3.0,523680,0.5583485673738178,0.39224537852259017,2.967056377161456,0.9645872857206278,1.7976874939255332,0.3105926749006725,480,0.9587752496802493,0.9694032189320635,unseen_seastate,0,True,108900,0.12658080499386415,,,,,6000,200,5,150,100|200|400,1091,399,5849,5,1131
deep,ar20,pitch,50,5.0,523680,1.2007367194058198,0.9026755366217785,3.300416172166559,0.8676395695862338,1.79747298987243,0.6680137761018808,480,0.8550220395916155,0.8789729546926207,unseen_seastate,0,True,108900,0.12658080499386415,,,,,6000,200,5,150,100|200|400,1091,399,5849,5,1131
deep,ar20,pitch,100,10.0,523680,1.966166355832711,1.4481092321334719,2.144295333366592,0.1592413970196721,1.7977594151426086,1.0936760165301336,480,0.11634462828836004,0.20147648138547444,unseen_seastate,0,True,108900,0.12658080499386415,,,,,6000,200,5,150,100|200|400,1091,399,5849,5,1131
deep,ar20,pitch,150,15.0,523680,2.0525142945548502,1.5036597771853448,2.6217643609330046,0.38710642353225944,1.798277604223273,1.141377888338541,480,0.35901157118567634,0.4136982724772745,unseen_seastate,0,True,108900,0.12658080499386415,,,,,6000,200,5,150,100|200|400,1091,399,5849,5,1131
deep,ar20,heave,10,1.0,523680,0.003448651843470913,0.002567664173261377,0.7225299860835978,0.9999772182567037,1.3040230845977787,0.0026446248415415417,480,0.9999750704072639,0.9999790837868981,unseen_seastate,0,True,108900,0.12658080499386415,,,,,6000,200,5,150,100|200|400,1091,399,5849,5,1131
deep,ar20,heave,20,2.0,523680,0.031187865022943812,0.023181501856199587,1.3792122114373386,0.9994886607800942,1.3041370652244855,0.023914560711895218,480,0.9994406149353795,0.9995305684997086,unseen_seastate,0,True,108900,0.12658080499386415,,,,,6000,200,5,150,100|200|400,1091,399,5849,5,1131
deep,ar20,heave,30,3.0,523680,0.12129887313263778,0.09030449639694194,1.9132137912678973,0.9959803658523978,1.3043478521287997,0.09299580087832272,480,0.9956035139738512,0.9963078493945595,unseen_seastate,0,True,108900,0.12658080499386415,,,,,6000,200,5,150,100|200|400,1091,399,5849,5,1131
deep,ar20,heave,50,5.0,523680,0.5346869788290503,0.40801152511476746,2.472256983384014,0.9532251944037553,1.3046969314690733,0.4098169972907034,480,0.9495674475335937,0.9564772685687877,unseen_seastate,0,True,108900,0.12658080499386415,,,,,6000,200,5,150,100|200|400,1091,399,5849,5,1131
deep,ar20,heave,100,10.0,523680,1.1462656965013562,0.8756754802313297,1.47333246045951,0.39470222586648995,1.3052530857962559,0.8781942053805519,480,0.37383586954521725,0.4147037116027069,unseen_seastate,0,True,108900,0.12658080499386415,,,,,6000,200,5,150,100|200|400,1091,399,5849,5,1131
deep,ar20,heave,150,15.0,523680,1.3750107025376632,1.090483295970056,1.8506807982960018,0.44798723691646947,1.3055953746109255,1.053167565753229,480,0.4142092846512224,0.4777213477356269,unseen_seastate,0,True,108900,0.12658080499386415,,,,,6000,200,5,150,100|200|400,1091,399,5849,5,1131
deep,ar20,roll_rate,10,1.0,523680,0.0334840967244565,0.025353360815673447,1.750457006043312,0.9996340899995932,3.298699647865669,0.010150695819221203,480,0.9995860064748531,0.9996791496729569,unseen_seastate,0,True,108900,0.12658080499386415,,,,,6000,200,5,150,100|200|400,1091,399,5849,5,1131
deep,ar20,roll_rate,20,2.0,523680,0.15661343785451615,0.12022586658508122,3.3683169500888286,0.9978381172094073,3.2989945899356385,0.047473081141843156,480,0.9975714789438807,0.9980921813702257,unseen_seastate,0,True,108900,0.12658080499386415,,,,,6000,200,5,150,100|200|400,1091,399,5849,5,1131
deep,ar20,roll_rate,30,3.0,523680,0.3541575358539612,0.2729664431097579,4.733862565687478,0.9944029178142457,3.2994705657891945,0.10733768609002604,480,0.9937270328901641,0.9950352942711846,unseen_seastate,0,True,108900,0.12658080499386415,,,,,6000,200,5,150,100|200|400,1091,399,5849,5,1131
deep,ar20,roll_rate,50,5.0,523680,0.6021614106815715,0.4698013965360291,6.355381178148954,0.9910227641732882,3.300289267129817,0.18245716115825716,480,0.9900632377615446,0.9919285635240104,unseen_seastate,0,True,108900,0.12658080499386415,,,,,6000,200,5,150,100|200|400,1091,399,5849,5,1131
deep,ar20,roll_rate,100,10.0,523680,1.4845714053408126,1.1537601652250256,3.3423295852122696,0.8027106526586838,3.3024285854413846,0.4495392911403087,480,0.7881440670933214,0.8163358805701141,unseen_seastate,0,True,108900,0.12658080499386415,,,,,6000,200,5,150,100|200|400,1091,399,5849,5,1131
deep,ar20,roll_rate,150,15.0,523680,2.1510799752894565,1.6318560657728396,4.759767557952644,0.7957596125781836,3.3050619125013023,0.6508440786398154,480,0.7801192643415451,0.8093008181826267,unseen_seastate,0,True,108900,0.12658080499386415,,,,,6000,200,5,150,100|200|400,1091,399,5849,5,1131
deep,ar20,pitch_rate,10,1.0,523680,0.05713929880150304,0.04117198916373771,0.9749874850307381,0.9965654350719108,1.2556883011928568,0.0455043650141702,480,0.9960211986674343,0.9970083015751525,unseen_seastate,0,True,108900,0.12658080499386415,,,,,6000,200,5,150,100|200|400,1091,399,5849,5,1131
deep,ar20,pitch_rate,20,2.0,523680,0.2791377326290977,0.19732312953274947,1.7512436883306457,0.974593553460954,1.2557790553604302,0.22228251971361343,480,0.970249595872027,0.9780541844180605,unseen_seastate,0,True,108900,0.12658080499386415,,,,,6000,200,5,150,100|200|400,1091,399,5849,5,1131
deep,ar20,pitch_rate,30,3.0,523680,0.48729728158202734,0.347838936728625,2.2051006987242707,0.9511650077012038,1.255593182987374,0.3881012482264548,480,0.9434112058931731,0.9572021026216211,unseen_seastate,0,True,108900,0.12658080499386415,,,,,6000,200,5,150,100|200|400,1091,399,5849,5,1131
deep,ar20,pitch_rate,50,5.0,523680,0.8373144669291628,0.6576393733813858,2.1766629752588056,0.8520227985199748,1.2554485176421812,0.6669444865024788,480,0.8379560319234062,0.8640585254815394,unseen_seastate,0,True,108900,0.12658080499386415,,,,,6000,200,5,150,100|200|400,1091,399,5849,5,1131
deep,ar20,pitch_rate,100,10.0,523680,1.2872597222687239,1.0151491858262418,1.6285427338449476,0.37521003887318805,1.2555608277890915,1.025246801093222,480,0.3332066391951511,0.4101614477396314,unseen_seastate,0,True,108900,0.12658080499386415,,,,,6000,200,5,150,100|200|400,1091,399,5849,5,1131
deep,ar20,pitch_rate,150,15.0,523680,1.2743723891917464,0.9278677143224235,1.8210095949629055,0.5102569985440266,1.2558718343800095,1.0147312443079592,480,0.501027591216194,0.5183638404791306,unseen_seastate,0,True,108900,0.12658080499386415,,,,,6000,200,5,150,100|200|400,1091,399,5849,5,1131
deep,ar20,heave_rate,10,1.0,523680,0.010189391284480686,0.007580981233164833,0.43962286303504644,0.9994628000798821,0.7338878453162084,0.013884125959451486,480,0.9994071225846923,0.9995128677658576,unseen_seastate,0,True,108900,0.12658080499386415,,,,,6000,200,5,150,100|200|400,1091,399,5849,5,1131
deep,ar20,heave_rate,20,2.0,523680,0.05230289631134616,0.03886908018364939,0.831330600503321,0.9960417434027796,0.7339772507555338,0.07125956050750504,480,0.9956181775578192,0.996413842222378,unseen_seastate,0,True,108900,0.12658080499386415,,,,,6000,200,5,150,100|200|400,1091,399,5849,5,1131
deep,ar20,heave_rate,30,3.0,523680,0.13467422046132627,0.10107791979129767,1.1355935168796936,0.9859355377460224,0.7339926584626707,0.18348169959001778,480,0.9845073813876241,0.987268078016441,unseen_seastate,0,True,108900,0.12658080499386415,,,,,6000,200,5,150,100|200|400,1091,399,5849,5,1131
deep,ar20,heave_rate,50,5.0,523680,0.25752896536463865,0.20152655221944504,1.3992727536215406,0.9661274875813265,0.7339870840063342,0.3508630750815994,480,0.9637064760681907,0.9684590546198859,unseen_seastate,0,True,108900,0.12658080499386415,,,,,6000,200,5,150,100|200|400,1091,399,5849,5,1131
deep,ar20,heave_rate,100,10.0,523680,0.5979990998347304,0.47017067654046407,0.7686188880550284,0.39468845773037364,0.7341792711661705,0.8145137343429331,480,0.37445178748038943,0.4144531458934801,unseen_seastate,0,True,108900,0.12658080499386415,,,,,6000,200,5,150,100|200|400,1091,399,5849,5,1131
deep,ar20,heave_rate,150,15.0,523680,0.7628878045128815,0.6066585809011766,1.1062898408719488,0.5244638951030272,0.7344735022919635,1.0386866267227473,480,0.49299743813654034,0.5514280533540874,unseen_seastate,0,True,108900,0.12658080499386415,,,,,6000,200,5,150,100|200|400,1091,399,5849,5,1131
deep,ar40,roll,10,1.0,523680,0.009845735873032035,0.0076863809282429665,3.2590780805687816,0.9999908734459273,6.257511233296725,0.0015734267995624323,480,0.9999898753594522,0.9999918165369981,unseen_seastate,0,True,216900,0.12354534299811348,,,,,6000,200,5,150,100|200|400,1091,399,5849,5,1131
deep,ar40,roll,20,2.0,523680,0.08599868031464412,0.06726248514977205,6.285047933974578,0.9998127739024276,6.258161704504171,0.01374184375145636,480,0.9997927445187553,0.9998321522908122,unseen_seastate,0,True,216900,0.12354534299811348,,,,,6000,200,5,150,100|200|400,1091,399,5849,5,1131
deep,ar40,roll,30,3.0,523680,0.32186216906142223,0.25140257651153725,8.864075676903322,0.9986815217891101,6.258595534998139,0.05142721993481848,480,0.9985394296358934,0.9988171740492735,unseen_seastate,0,True,216900,0.12354534299811348,,,,,6000,200,5,150,100|200|400,1091,399,5849,5,1131
deep,ar40,roll,50,5.0,523680,1.2880170765292165,0.9901392283161157,12.021278604552123,0.9885199992360338,6.259860183654315,0.2057581221849769,480,0.9872090327707478,0.9897000553304758,unseen_seastate,0,True,216900,0.12354534299811348,,,,,6000,200,5,150,100|200|400,1091,399,5849,5,1131
deep,ar40,roll,100,10.0,523680,2.126385684372153,1.611468056991591,6.568449713232539,0.8952007147295783,6.264046458694406,0.3394587984609789,480,0.8870989747067911,0.9027603320510413,unseen_seastate,0,True,216900,0.12354534299811348,,,,,6000,200,5,150,100|200|400,1091,399,5849,5,1131
deep,ar40,roll,150,15.0,523680,3.2738952074074024,2.4604876567431972,8.7564747038118,0.8602116580965904,6.268761829209168,0.5222554782912241,480,0.8496100551835599,0.8692429833585169,unseen_seastate,0,True,216900,0.12354534299811348,,,,,6000,200,5,150,100|200|400,1091,399,5849,5,1131
deep,ar40,pitch,10,1.0,523680,0.01527059276061715,0.011245178432922037,1.2222269593969717,0.999843898141765,1.7978631101886102,0.008493746088941746,480,0.9998210983552253,0.9998629095384582,unseen_seastate,0,True,216900,0.12354534299811348,,,,,6000,200,5,150,100|200|400,1091,399,5849,5,1131
deep,ar40,pitch,20,2.0,523680,0.15070255630469148,0.10912100660470996,2.2561846272019164,0.9955383862829132,1.7976679627472303,0.08383225346820164,480,0.9948399470066723,0.9961047812142249,unseen_seastate,0,True,216900,0.12354534299811348,,,,,6000,200,5,150,100|200|400,1091,399,5849,5,1131
deep,ar40,pitch,30,3.0,523680,0.5089549752275727,0.3601355759582738,2.967056377161456,0.9705756328231494,1.7976874939255332,0.28311649101824116,480,0.965725544960716,0.9745372255675636,unseen_seastate,0,True,216900,0.12354534299811348,,,,,6000,200,5,150,100|200|400,1091,399,5849,5,1131
deep,ar40,pitch,50,5.0,523680,1.205642639538522,0.8906344916700146,3.300416172166559,0.8665557745580331,1.79747298987243,0.6707431189962352,480,0.8527983415216163,0.8788415077554863,unseen_seastate,0,True,216900,0.12354534299811348,,,,,6000,200,5,150,100|200|400,1091,399,5849,5,1131
deep,ar40,pitch,100,10.0,523680,2.048995132607033,1.504834234012475,2.144295333366592,0.08691196346145436,1.7977594151426086,1.1397493543063963,480,0.02858421504802918,0.1438092035168602,unseen_seastate,0,True,216900,0.12354534299811348,,,,,6000,200,5,150,100|200|400,1091,399,5849,5,1131
deep,ar40,pitch,150,15.0,523680,2.16627692704979,1.589484580750053,2.6217643609330046,0.3172831259350355,1.798277604223273,1.2046398853893676,480,0.2778876222175129,0.35333038008869594,unseen_seastate,0,True,216900,0.12354534299811348,,,,,6000,200,5,150,100|200|400,1091,399,5849,5,1131
deep,ar40,heave,10,1.0,523680,0.002179360880396307,0.001626049089985577,0.7225299860835978,0.9999909019870492,1.3040230845977787,0.0016712594325494806,480,0.9999900380487284,0.9999916582213985,unseen_seastate,0,True,216900,0.12354534299811348,,,,,6000,200,5,150,100|200|400,1091,399,5849,5,1131
deep,ar40,heave,20,2.0,523680,0.021040981205095836,0.015652000791929768,1.3792122114373386,0.9997672606648084,1.3041370652244855,0.01613402591350625,480,0.9997445892529385,0.9997870484637194,unseen_seastate,0,True,216900,0.12354534299811348,,,,,6000,200,5,150,100|200|400,1091,399,5849,5,1131
deep,ar40,heave,30,3.0,523680,0.0893799453882002,0.06598265957499354,1.9132137912678973,0.9978175054677615,1.3043478521287997,0.06852462342949774,480,0.9975991711454905,0.9980071841786226,unseen_seastate,0,True,216900,0.12354534299811348,,,,,6000,200,5,150,100|200|400,1091,399,5849,5,1131
deep,ar40,heave,50,5.0,523680,0.45172394522752635,0.3399484982433856,2.472256983384014,0.9666144142490736,1.3046969314690733,0.34622902402237626,480,0.9636786165603639,0.9691053489824105,unseen_seastate,0,True,216900,0.12354534299811348,,,,,6000,200,5,150,100|200|400,1091,399,5849,5,1131
deep,ar40,heave,100,10.0,523680,1.140267133764575,0.8519594918881394,1.47333246045951,0.4010208588774897,1.3052530857962559,0.873598496853173,480,0.3676369004688389,0.43369388778943463,unseen_seastate,0,True,216900,0.12354534299811348,,,,,6000,200,5,150,100|200|400,1091,399,5849,5,1131
deep,ar40,heave,150,15.0,523680,1.4176131993291223,1.1103248966530153,1.8506807982960018,0.4132508642634538,1.3055953746109255,1.0857982701965214,480,0.36485712748449345,0.4550065610107901,unseen_seastate,0,True,216900,0.12354534299811348,,,,,6000,200,5,150,100|200|400,1091,399,5849,5,1131
deep,ar40,roll_rate,10,1.0,523680,0.02857265456787829,0.022310571301443885,1.750457006043312,0.9997335606993922,3.298699647865669,0.00866179331797165,480,0.9997041438723722,0.9997610824717407,unseen_seastate,0,True,216900,0.12354534299811348,,,,,6000,200,5,150,100|200|400,1091,399,5849,5,1131
deep,ar40,roll_rate,20,2.0,523680,0.1420322455777292,0.11108183155240739,3.3683169500888286,0.9982219334765026,3.2989945899356385,0.043053191421117236,480,0.9980259259640272,0.9984047100284912,unseen_seastate,0,True,216900,0.12354534299811348,,,,,6000,200,5,150,100|200|400,1091,399,5849,5,1131
deep,ar40,roll_rate,30,3.0,523680,0.34351883167989716,0.26706132542124256,4.733862565687478,0.9947341339260481,3.2994705657891945,0.1041133190402417,480,0.9941604668875608,0.99527247819878,unseen_seastate,0,True,216900,0.12354534299811348,,,,,6000,200,5,150,100|200|400,1091,399,5849,5,1131
deep,ar40,roll_rate,50,5.0,523680,0.6203329116108838,0.47743716686760385,6.355381178148954,0.99047277461481,3.300289267129817,0.18796319395068437,480,0.9893576208327761,0.9914539041832806,unseen_seastate,0,True,216900,0.12354534299811348,,,,,6000,200,5,150,100|200|400,1091,399,5849,5,1131
deep,ar40,roll_rate,100,10.0,523680,1.5051105195695689,1.1489785633942062,3.3423295852122696,0.7972138752625044,3.3024285854413846,0.45575868807724845,480,0.7791628152156311,0.8134172774619923,unseen_seastate,0,True,216900,0.12354534299811348,,,,,6000,200,5,150,100|200|400,1091,399,5849,5,1131
deep,ar40,roll_rate,150,15.0,523680,2.2000871817614804,1.6295392464969969,4.759767557952644,0.7863473458478285,3.3050619125013023,0.6656720025242836,480,0.7655223486114169,0.8040792509356836,unseen_seastate,0,True,216900,0.12354534299811348,,,,,6000,200,5,150,100|200|400,1091,399,5849,5,1131
deep,ar40,pitch_rate,10,1.0,523680,0.04869110750255722,0.03570221142407203,0.9749874850307381,0.9975059725820864,1.2556883011928568,0.038776428398912766,480,0.9971090255829262,0.997831189971647,unseen_seastate,0,True,216900,0.12354534299811348,,,,,6000,200,5,150,100|200|400,1091,399,5849,5,1131
deep,ar40,pitch_rate,20,2.0,523680,0.24918966108391866,0.17830931462182692,1.7512436883306457,0.9797527114234924,1.2557790553604302,0.19843431853734567,480,0.9762884265721903,0.982561993783837,unseen_seastate,0,True,216900,0.12354534299811348,,,,,6000,200,5,150,100|200|400,1091,399,5849,5,1131
deep,ar40,pitch_rate,30,3.0,523680,0.4660967007116054,0.32898536807941503,2.2051006987242707,0.9553218477432852,1.255593182987374,0.37121633585381797,480,0.9479108589705999,0.9611738649353452,unseen_seastate,0,True,216900,0.12354534299811348,,,,,6000,200,5,150,100|200|400,1091,399,5849,5,1131
deep,ar40,pitch_rate,50,5.0,523680,0.8247349708918779,0.6476582293053781,2.1766629752588056,0.8564357057777245,1.2554485176421812,0.6569245646494425,480,0.843949699613676,0.8672786301180178,unseen_seastate,0,True,216900,0.12354534299811348,,,,,6000,200,5,150,100|200|400,1091,399,5849,5,1131
deep,ar40,pitch_rate,100,10.0,523680,1.2921258972282696,1.0197532381046681,1.6285427338449476,0.3704773748395942,1.2555608277890915,1.0291224993882337,480,0.3271184918389509,0.40635848559016813,unseen_seastate,0,True,216900,0.12354534299811348,,,,,6000,200,5,150,100|200|400,1091,399,5849,5,1131
deep,ar40,pitch_rate,150,15.0,523680,1.2782405926845135,0.9346140310061934,1.8210095949629055,0.5072793748055768,1.2558718343800095,1.0178113384599845,480,0.496550416097533,0.5169036762497604,unseen_seastate,0,True,216900,0.12354534299811348,,,,,6000,200,5,150,100|200|400,1091,399,5849,5,1131
deep,ar40,heave_rate,10,1.0,523680,0.006489025478069631,0.004847347870878712,0.43962286303504644,0.9997821295059831,0.7338878453162084,0.008841985215429914,480,0.9997606641463951,0.9998017616960365,unseen_seastate,0,True,216900,0.12354534299811348,,,,,6000,200,5,150,100|200|400,1091,399,5849,5,1131
deep,ar40,heave_rate,20,2.0,523680,0.03721206862091712,0.02757165941139351,0.831330600503321,0.9979963581567113,0.7339772507555338,0.050699212520023136,480,0.9977864135738367,0.9981931515818514,unseen_seastate,0,True,216900,0.12354534299811348,,,,,6000,200,5,150,100|200|400,1091,399,5849,5,1131
deep,ar40,heave_rate,30,3.0,523680,0.1071391724308588,0.07912912597196232,1.1355935168796936,0.9910987547715653,0.7339926584626707,0.14596763495599413,480,0.9901561698712847,0.9919865340964577,unseen_seastate,0,True,216900,0.12354534299811348,,,,,6000,200,5,150,100|200|400,1091,399,5849,5,1131
deep,ar40,heave_rate,50,5.0,523680,0.2437315319693076,0.1901295497498488,1.3992727536215406,0.9696597831094156,0.7339870840063342,0.3320651511181146,480,0.9674805469563877,0.9716377043897865,unseen_seastate,0,True,216900,0.12354534299811348,,,,,6000,200,5,150,100|200|400,1091,399,5849,5,1131
deep,ar40,heave_rate,100,10.0,523680,0.5872312527583816,0.46219629212913416,0.7686188880550284,0.4162912325488144,0.7341792711661705,0.7998472250866241,480,0.39764820704175935,0.43479838106477076,unseen_seastate,0,True,216900,0.12354534299811348,,,,,6000,200,5,150,100|200|400,1091,399,5849,5,1131
deep,ar40,heave_rate,150,15.0,523680,0.7617128131669741,0.6056173642887129,1.1062898408719488,0.5259275979272567,0.7344735022919635,1.03708685308593,480,0.49508718737372526,0.5537895737337267,unseen_seastate,0,True,216900,0.12354534299811348,,,,,6000,200,5,150,100|200|400,1091,399,5849,5,1131
deep,ar_attitude_only,roll,10,1.0,523680,0.042248167483329845,0.03306068570684505,3.2590780805687816,0.9998319547575663,6.257511233296725,0.006751592751208167,480,0.9998132492924459,0.9998494188119589,unseen_seastate,0,True,108900,0.04634898199583404,,,,,6000,200,5,150,100|200|400,1091,399,5849,5,1131
deep,ar_attitude_only,roll,20,2.0,523680,0.21593379094724466,0.16956764460074736,6.285047933974578,0.9988196140536877,6.258161704504171,0.034504348264416236,480,0.9986928078246867,0.9989399647586924,unseen_seastate,0,True,108900,0.04634898199583404,,,,,6000,200,5,150,100|200|400,1091,399,5849,5,1131
deep,ar_attitude_only,roll,30,3.0,523680,0.5855652284183983,0.4588064583810872,8.864075676903322,0.9956360109782251,6.258595534998139,0.09356176240242892,480,0.9951600449178901,0.9960797403705661,unseen_seastate,0,True,108900,0.04634898199583404,,,,,6000,200,5,150,100|200|400,1091,399,5849,5,1131
deep,ar_attitude_only,roll,50,5.0,523680,1.5847879272913223,1.2286609695316608,12.021278604552123,0.9826203517122758,6.259860183654315,0.2531666651963737,480,0.9806725234320858,0.9844492394366203,unseen_seastate,0,True,108900,0.04634898199583404,,,,,6000,200,5,150,100|200|400,1091,399,5849,5,1131
deep,ar_attitude_only,roll,100,10.0,523680,2.3350684247157925,1.791539536100542,6.568449713232539,0.8736214221955303,6.264046458694406,0.37277316509598224,480,0.8644036911346256,0.8825805824843234,unseen_seastate,0,True,108900,0.04634898199583404,,,,,6000,200,5,150,100|200|400,1091,399,5849,5,1131
deep,ar_attitude_only,roll,150,15.0,523680,3.479445964562084,2.628767327701502,8.7564747038118,0.8421074648596243,6.268761829209168,0.5550451683057532,480,0.8311965705251919,0.8516550950042057,unseen_seastate,0,True,108900,0.04634898199583404,,,,,6000,200,5,150,100|200|400,1091,399,5849,5,1131
deep,ar_attitude_only,pitch,10,1.0,523680,0.05409981141146358,0.03966754838022454,1.2222269593969717,0.9980407593431312,1.7978631101886102,0.030091173852378604,480,0.9977386606821452,0.9982848408055668,unseen_seastate,0,True,108900,0.04634898199583404,,,,,6000,200,5,150,100|200|400,1091,399,5849,5,1131
deep,ar_attitude_only,pitch,20,2.0,523680,0.31423265824098306,0.22721604328309655,2.2561846272019164,0.9806021602543709,1.7976679627472303,0.17480016596655967,480,0.977475585978069,0.9831016891826879,unseen_seastate,0,True,108900,0.04634898199583404,,,,,6000,200,5,150,100|200|400,1091,399,5849,5,1131
deep,ar_attitude_only,pitch,30,3.0,523680,0.7538156410085878,0.5376906228051268,2.967056377161456,0.9354526091232428,1.7976874939255332,0.4193251850256314,480,0.9247520730455997,0.9440428368437929,unseen_seastate,0,True,108900,0.04634898199583404,,,,,6000,200,5,150,100|200|400,1091,399,5849,5,1131
deep,ar_attitude_only,pitch,50,5.0,523680,1.1935499846254551,0.9150617848918918,3.300416172166559,0.8692192540930888,1.79747298987243,0.6640155325561602,480,0.8580445607131297,0.8793392543414551,unseen_seastate,0,True,108900,0.04634898199583404,,,,,6000,200,5,150,100|200|400,1091,399,5849,5,1131
deep,ar_attitude_only,pitch,100,10.0,523680,1.9044745055391559,1.4203408240474813,2.144295333366592,0.21117416516627951,1.7977594151426086,1.0593600509042986,480,0.1712815319466036,0.24962296783198895,unseen_seastate,0,True,108900,0.04634898199583404,,,,,6000,200,5,150,100|200|400,1091,399,5849,5,1131
deep,ar_attitude_only,pitch,150,15.0,523680,1.9585082842573942,1.4541540999607534,2.6217643609330046,0.4419623326310995,1.798277604223273,1.0891023052602211,480,0.41563877791385967,0.46480028576254595,unseen_seastate,0,True,108900,0.04634898199583404,,,,,6000,200,5,150,100|200|400,1091,399,5849,5,1131
deep,ar_attitude_only,heave,10,1.0,523680,0.009283846913886852,0.006966538281231765,0.7225299860835978,0.9998349010961947,1.3040230845977787,0.007119388470603971,480,0.9998201747104155,0.9998478000099859,unseen_seastate,0,True,108900,0.04634898199583404,,,,,6000,200,5,150,100|200|400,1091,399,5849,5,1131
deep,ar_attitude_only,heave,20,2.0,523680,0.05284515107281123,0.039699751284355204,1.3792122114373386,0.9985319254830967,1.3041370652244855,0.040521163366915594,480,0.9984006836713253,0.9986462165340736,unseen_seastate,0,True,108900,0.04634898199583404,,,,,6000,200,5,150,100|200|400,1091,399,5849,5,1131
deep,ar_attitude_only,heave,30,3.0,523680,0.16413336552595698,0.12375790813101775,1.9132137912678973,0.9926401876093428,1.3043478521287997,0.12583557772420773,480,0.9919999492590684,0.9932044022421325,unseen_seastate,0,True,108900,0.04634898199583404,,,,,6000,200,5,150,100|200|400,1091,399,5849,5,1131
deep,ar_attitude_only,heave,50,5.0,523680,0.5610346827389999,0.4331400939547268,2.472256983384014,0.9485017827468937,1.3046969314690733,0.4300114986146871,480,0.9449240102744441,0.9516338741753686,unseen_seastate,0,True,108900,0.04634898199583404,,,,,6000,200,5,150,100|200|400,1091,399,5849,5,1131
deep,ar_attitude_only,heave,100,10.0,523680,1.2110085234203367,0.9230072641725473,1.47333246045951,0.32439495334421864,1.3052530857962559,0.9277959474668269,480,0.299856133869493,0.3476162801959892,unseen_seastate,0,True,108900,0.04634898199583404,,,,,6000,200,5,150,100|200|400,1091,399,5849,5,1131
deep,ar_attitude_only,heave,150,15.0,523680,1.4329830596335558,1.1321073490634113,1.8506807982960018,0.40045874224954403,1.3055953746109255,1.09757057010147,480,0.3591571702503113,0.4363220459130011,unseen_seastate,0,True,108900,0.04634898199583404,,,,,6000,200,5,150,100|200|400,1091,399,5849,5,1131
deep,ar_attitude_only,roll_rate,10,1.0,523680,0.140558733817996,0.10877162715626774,1.750457006043312,0.9935521819152803,3.298699647865669,0.04261034614319632,480,0.9929001803371419,0.9941753107691116,unseen_seastate,0,True,108900,0.04634898199583404,,,,,6000,200,5,150,100|200|400,1091,399,5849,5,1131
deep,ar_attitude_only,roll_rate,20,2.0,523680,0.2502578908998314,0.19484858277930384,3.3683169500888286,0.9944798655106646,3.2989945899356385,0.07585883640528,480,0.9939353690852667,0.9950235532112378,unseen_seastate,0,True,108900,0.04634898199583404,,,,,6000,200,5,150,100|200|400,1091,399,5849,5,1131
deep,ar_attitude_only,roll_rate,30,3.0,523680,0.4445767928305167,0.34746743302884997,4.733862565687478,0.991180127916166,3.2994705657891945,0.13474185750894224,480,0.9902759482705691,0.9920606776585703,unseen_seastate,0,True,108900,0.04634898199583404,,,,,6000,200,5,150,100|200|400,1091,399,5849,5,1131
deep,ar_attitude_only,roll_rate,50,5.0,523680,0.6767210977752506,0.53283541322084,6.355381178148954,0.9886620059165337,3.300289267129817,0.20504902540369704,480,0.9874922757753753,0.9897046190720682,unseen_seastate,0,True,108900,0.04634898199583404,,,,,6000,200,5,150,100|200|400,1091,399,5849,5,1131
deep,ar_attitude_only,roll_rate,100,10.0,523680,1.5014657671874503,1.1653337134542723,3.3423295852122696,0.798194813603867,3.3024285854413846,0.4546550298791011,480,0.7828491679715578,0.8120978837139959,unseen_seastate,0,True,108900,0.04634898199583404,,,,,6000,200,5,150,100|200|400,1091,399,5849,5,1131
deep,ar_attitude_only,roll_rate,150,15.0,523680,2.1867604246292096,1.6525629751060684,4.759767557952644,0.7889278558208315,3.3050619125013023,0.661639776355732,480,0.7720927325887531,0.8031963164183799,unseen_seastate,0,True,108900,0.04634898199583404,,,,,6000,200,5,150,100|200|400,1091,399,5849,5,1131
deep,ar_attitude_only,pitch_rate,10,1.0,523680,0.16253650735397254,0.12621036482836753,0.9749874850307381,0.9722090262357072,1.2556883011928568,0.12944017014379203,480,0.9687813940469617,0.97499093067967,unseen_seastate,0,True,108900,0.04634898199583404,,,,,6000,200,5,150,100|200|400,1091,399,5849,5,1131
deep,ar_attitude_only,pitch_rate,20,2.0,523680,0.40482549170817167,0.30015609191523995,1.7512436883306457,0.9465629422287952,1.2557790553604302,0.32236999811402317,480,0.9380266983866353,0.9533724509146334,unseen_seastate,0,True,108900,0.04634898199583404,,,,,6000,200,5,150,100|200|400,1091,399,5849,5,1131
deep,ar_attitude_only,pitch_rate,30,3.0,523680,0.5127126047756971,0.38406378943231384,2.2051006987242707,0.9459381211173897,1.255593182987374,0.4083429344175189,480,0.9387918024463258,0.951958426109371,unseen_seastate,0,True,108900,0.04634898199583404,,,,,6000,200,5,150,100|200|400,1091,399,5849,5,1131
deep,ar_attitude_only,pitch_rate,50,5.0,523680,0.9694499113896102,0.7519483940742818,2.1766629752588056,0.8016334818017876,1.2554485176421812,0.7721940786630613,480,0.7789167085531484,0.8205754824100956,unseen_seastate,0,True,108900,0.04634898199583404,,,,,6000,200,5,150,100|200|400,1091,399,5849,5,1131
deep,ar_attitude_only,pitch_rate,100,10.0,523680,1.2947917942750353,1.0122603450617629,1.6285427338449476,0.3678770496317274,1.2555608277890915,1.0312457713060588,480,0.3303444088150373,0.3988504276098506,unseen_seastate,0,True,108900,0.04634898199583404,,,,,6000,200,5,150,100|200|400,1091,399,5849,5,1131
deep,ar_attitude_only,pitch_rate,150,15.0,523680,1.2802178674399203,0.9223333425478146,1.8210095949629055,0.5057538442055707,1.2558718343800095,1.0193857624587384,480,0.4966657406871924,0.5140512629598063,unseen_seastate,0,True,108900,0.04634898199583404,,,,,6000,200,5,150,100|200|400,1091,399,5849,5,1131
deep,ar_attitude_only,heave_rate,10,1.0,523680,0.056633211470392054,0.043471675673592024,0.43962286303504644,0.9834048249144149,0.7338878453162084,0.0771687551876413,480,0.9818765904483963,0.9847303406574707,unseen_seastate,0,True,108900,0.04634898199583404,,,,,6000,200,5,150,100|200|400,1091,399,5849,5,1131
deep,ar_attitude_only,heave_rate,20,2.0,523680,0.08719825297665312,0.06531672062418593,0.831330600503321,0.9889980913596501,0.7339772507555338,0.11880239188189266,480,0.9878216409461844,0.9899788345125965,unseen_seastate,0,True,108900,0.04634898199583404,,,,,6000,200,5,150,100|200|400,1091,399,5849,5,1131
deep,ar_attitude_only,heave_rate,30,3.0,523680,0.15675572369401364,0.11849715317202132,1.1355935168796936,0.9809453486892596,0.7339926584626707,0.21356579236410156,480,0.9790546450534965,0.9825587264394129,unseen_seastate,0,True,108900,0.04634898199583404,,,,,6000,200,5,150,100|200|400,1091,399,5849,5,1131
deep,ar_attitude_only,heave_rate,50,5.0,523680,0.22897739488647723,0.18054560851995832,1.3992727536215406,0.9732218564956853,0.7339870840063342,0.3119637932000738,480,0.9716075826688614,0.9746952484475192,unseen_seastate,0,True,108900,0.04634898199583404,,,,,6000,200,5,150,100|200|400,1091,399,5849,5,1131
deep,ar_attitude_only,heave_rate,100,10.0,523680,0.5733432018509704,0.450968782533027,0.7686188880550284,0.4435742374861017,0.7341792711661705,0.780930794927337,480,0.42492048792148485,0.46157118601389086,unseen_seastate,0,True,108900,0.04634898199583404,,,,,6000,200,5,150,100|200|400,1091,399,5849,5,1131
deep,ar_attitude_only,heave_rate,150,15.0,523680,0.7213931118514938,0.5754825793938705,1.1062898408719488,0.5747873914823953,0.7344735022919635,0.9821907932693941,480,0.5520779428073663,0.5954405909549301,unseen_seastate,0,True,108900,0.04634898199583404,,,,,6000,200,5,150,100|200|400,1091,399,5849,5,1131
deep,dlinear,roll,10,1.0,523680,0.1130214694682704,0.06952438952462175,3.2590780805687816,0.9987973690719897,6.257511233296725,0.01806172857778888,480,0.9986197221698535,0.9989512856567632,unseen_seastate,0,False,60300,,,,,mse,6000,200,5,150,100|200|400,1091,399,5849,5,1131
deep,dlinear,roll,20,2.0,523680,0.802330758716982,0.5007525820565613,6.285047933974578,0.9837036743209906,6.258161704504171,0.12820550132789355,480,0.9815417100331367,0.9855902689758373,unseen_seastate,0,False,60300,,,,,mse,6000,200,5,150,100|200|400,1091,399,5849,5,1131
deep,dlinear,roll,30,3.0,523680,1.8533162120945401,1.146591813865241,8.864075676903322,0.9562848332599531,6.258595534998139,0.2961233397702047,480,0.9502538072791265,0.9616020172943078,unseen_seastate,0,False,60300,,,,,mse,6000,200,5,150,100|200|400,1091,399,5849,5,1131
deep,dlinear,roll,50,5.0,523680,1.561859405173231,0.9721358831899725,12.021278604552123,0.9831196071559433,6.259860183654315,0.24950388017475902,480,0.9808848772002345,0.9850985371639842,unseen_seastate,0,False,60300,,,,,mse,6000,200,5,150,100|200|400,1091,399,5849,5,1131
deep,dlinear,roll,100,10.0,523680,3.0712969490453186,2.045906959117796,6.568449713232539,0.7813659207391874,6.264046458694406,0.490305582708826,480,0.7712304820268889,0.7913289637011695,unseen_seastate,0,False,60300,,,,,mse,6000,200,5,150,100|200|400,1091,399,5849,5,1131
deep,dlinear,roll,150,15.0,523680,4.30541344568123,2.884094202555839,8.7564747038118,0.7582474126814597,6.268761829209168,0.6868044380981655,480,0.7426475321205321,0.7711883558297363,unseen_seastate,0,False,60300,,,,,mse,6000,200,5,150,100|200|400,1091,399,5849,5,1131
deep,dlinear,pitch,10,1.0,523680,0.057277125321346795,0.035585853163651565,1.2222269593969717,0.9978038666446223,1.7978631101886102,0.031858446283676164,480,0.9974379421586642,0.9981052560874436,unseen_seastate,0,False,60300,,,,,mse,6000,200,5,150,100|200|400,1091,399,5849,5,1131
deep,dlinear,pitch,20,2.0,523680,0.36786337996597346,0.22562041234320332,2.2561846272019164,0.9734157849057042,1.7976679627472303,0.20463366293951063,480,0.9684571488069547,0.9775130584603663,unseen_seastate,0,False,60300,,,,,mse,6000,200,5,150,100|200|400,1091,399,5849,5,1131
deep,dlinear,pitch,30,3.0,523680,0.8304704559900302,0.4979390264986543,2.967056377161456,0.9216576170932881,1.7976874939255332,0.46196597506308923,480,0.9057562074747407,0.9350558338450704,unseen_seastate,0,False,60300,,,,,mse,6000,200,5,150,100|200|400,1091,399,5849,5,1131
deep,dlinear,pitch,50,5.0,523680,0.8170763723609732,0.5185416092194917,3.300416172166559,0.9387102441819883,1.79747298987243,0.4545694855859629,480,0.9302627924637675,0.9461457325535074,unseen_seastate,0,False,60300,,,,,mse,6000,200,5,150,100|200|400,1091,399,5849,5,1131
deep,dlinear,pitch,100,10.0,523680,1.5503226915643071,1.057957582099493,2.144295333366592,0.47727291140883055,1.7977594151426086,0.8623638282775044,480,0.459064069166461,0.4951981208535272,unseen_seastate,0,False,60300,,,,,mse,6000,200,5,150,100|200|400,1091,399,5849,5,1131
deep,dlinear,pitch,150,15.0,523680,1.8827945925548917,1.2903671776653856,2.6217643609330046,0.4842745380769302,1.798277604223273,1.0469988549783023,480,0.44140479496439144,0.5186957748632071,unseen_seastate,0,False,60300,,,,,mse,6000,200,5,150,100|200|400,1091,399,5849,5,1131
deep,dlinear,heave,10,1.0,523680,0.05658624383656353,0.03771015903285169,0.7225299860835978,0.9938664772286844,1.3040230845977787,0.04339359057743779,480,0.9927365915810668,0.9948339646802896,unseen_seastate,0,False,60300,,,,,mse,6000,200,5,150,100|200|400,1091,399,5849,5,1131
deep,dlinear,heave,20,2.0,523680,0.38394850983209283,0.25555938817294294,1.3792122114373386,0.9225031972649222,1.3041370652244855,0.2944080956444578,480,0.9082932895261335,0.9346783731191844,unseen_seastate,0,False,60300,,,,,mse,6000,200,5,150,100|200|400,1091,399,5849,5,1131
deep,dlinear,heave,30,3.0,523680,0.9083959299523333,0.6006859532873712,1.9132137912678973,0.7745639564745075,1.3043478521287997,0.6964368657254725,480,0.7331438014388545,0.8100167429078713,unseen_seastate,0,False,60300,,,,,mse,6000,200,5,150,100|200|400,1091,399,5849,5,1131
deep,dlinear,heave,50,5.0,523680,0.7954159636326914,0.5266417151094595,2.472256983384014,0.8964854541644441,1.3046969314690733,0.6096557326436435,480,0.8779054842742824,0.9121667703901626,unseen_seastate,0,False,60300,,,,,mse,6000,200,5,150,100|200|400,1091,399,5849,5,1131
deep,dlinear,heave,100,10.0,523680,1.1759740872525664,0.8621823944486985,1.47333246045951,0.3629199733563664,1.3052530857962559,0.9009548416697868,480,0.3149201466561778,0.4094965867290548,unseen_seastate,0,False,60300,,,,,mse,6000,200,5,150,100|200|400,1091,399,5849,5,1131
deep,dlinear,heave,150,15.0,523680,1.525223980770297,1.1393773485473706,1.8506807982960018,0.32078978009674286,1.3055953746109255,1.1682210357284868,480,0.22749879657187333,0.3984760260682906,unseen_seastate,0,False,60300,,,,,mse,6000,200,5,150,100|200|400,1091,399,5849,5,1131
deep,dlinear,roll_rate,10,1.0,523680,0.050297770212648515,0.03262065811509261,1.750457006043312,0.9991743526936836,3.298699647865669,0.015247756868435195,480,0.9990750646391547,0.9992582611477114,unseen_seastate,0,False,60300,,,,,mse,6000,200,5,150,100|200|400,1091,399,5849,5,1131
deep,dlinear,roll_rate,20,2.0,523680,0.3630907142705118,0.23694167484647516,3.3683169500888286,0.9883800466858105,3.2989945899356385,0.11006102143307712,480,0.9871635602617095,0.9894145099802728,unseen_seastate,0,False,60300,,,,,mse,6000,200,5,150,100|200|400,1091,399,5849,5,1131
deep,dlinear,roll_rate,30,3.0,523680,0.8295197347190678,0.5363981114893323,4.733862565687478,0.9692940771334446,3.2994705657891945,0.25140995143887773,480,0.9658861840641408,0.972208100262428,unseen_seastate,0,False,60300,,,,,mse,6000,200,5,150,100|200|400,1091,399,5849,5,1131
deep,dlinear,roll_rate,50,5.0,523680,0.710446615326151,0.46629748623482115,6.355381178148954,0.9875037503714711,3.300289267129817,0.21526798344679934,480,0.9862877378004784,0.9885968456398544,unseen_seastate,0,False,60300,,,,,mse,6000,200,5,150,100|200|400,1091,399,5849,5,1131
deep,dlinear,roll_rate,100,10.0,523680,1.5514118848547642,1.0567143106550987,3.3423295852122696,0.7845454441453386,3.3024285854413846,0.4697790867285056,480,0.7783424005155799,0.790858488726091,unseen_seastate,0,False,60300,,,,,mse,6000,200,5,150,100|200|400,1091,399,5849,5,1131
deep,dlinear,roll_rate,150,15.0,523680,2.192688075531376,1.4926708690883332,4.759767557952644,0.7877819984749728,3.3050619125013023,0.663433283121746,480,0.7794711146565664,0.7948799263344761,unseen_seastate,0,False,60300,,,,,mse,6000,200,5,150,100|200|400,1091,399,5849,5,1131
deep,dlinear,pitch_rate,10,1.0,523680,0.05545809888632513,0.029963293564302555,0.9749874850307381,0.9967645710037051,1.2556883011928568,0.04416549778606842,480,0.9962869011362735,0.9972496152881939,unseen_seastate,0,False,60300,,,,,mse,6000,200,5,150,100|200|400,1091,399,5849,5,1131
deep,dlinear,pitch_rate,20,2.0,523680,0.2905945780282031,0.17052606916747973,1.7512436883306457,0.9724652049866792,1.2557790553604302,0.23140581680174419,480,0.9691514001843075,0.9757650533460648,unseen_seastate,0,False,60300,,,,,mse,6000,200,5,150,100|200|400,1091,399,5849,5,1131
deep,dlinear,pitch_rate,30,3.0,523680,0.5288090675677423,0.3344346224382773,2.2051006987242707,0.9424903223693747,1.255593182987374,0.4211627418281864,480,0.936793025384032,0.9480169230650121,unseen_seastate,0,False,60300,,,,,mse,6000,200,5,150,100|200|400,1091,399,5849,5,1131
deep,dlinear,pitch_rate,50,5.0,523680,0.6849362096795995,0.4132673345743096,2.1766629752588056,0.9009811513595429,1.2554485176421812,0.5455709254935892,480,0.8899477535731218,0.9121408720782257,unseen_seastate,0,False,60300,,,,,mse,6000,200,5,150,100|200|400,1091,399,5849,5,1131
deep,dlinear,pitch_rate,100,10.0,523680,1.2356126770227438,0.812910419722099,1.6285427338449476,0.4243395505554337,1.2555608277890915,0.9841121590250038,480,0.40384339588512463,0.4445853080627628,unseen_seastate,0,False,60300,,,,,mse,6000,200,5,150,100|200|400,1091,399,5849,5,1131
deep,dlinear,pitch_rate,150,15.0,523680,1.2966550796016847,0.8856633016073387,1.8210095949629055,0.4929807328391145,1.2558718343800095,1.0324740503809522,480,0.478610890500213,0.5052392707987818,unseen_seastate,0,False,60300,,,,,mse,6000,200,5,150,100|200|400,1091,399,5849,5,1131
deep,dlinear,heave_rate,10,1.0,523680,0.02255545586531099,0.016048488760282035,0.43962286303504644,0.9973676557919611,0.7338878453162084,0.03073420006784903,480,0.9969177854300848,0.9977451859058928,unseen_seastate,0,False,60300,,,,,mse,6000,200,5,150,100|200|400,1091,399,5849,5,1131
deep,dlinear,heave_rate,20,2.0,523680,0.15223051739672838,0.10781446902790989,0.831330600503321,0.9664682736420923,0.7339772507555338,0.20740495327345218,480,0.9607090647594214,0.9713151031972138,unseen_seastate,0,False,60300,,,,,mse,6000,200,5,150,100|200|400,1091,399,5849,5,1131
deep,dlinear,heave_rate,30,3.0,523680,0.356995735225079,0.2503983761194993,1.1355935168796936,0.9011719452998052,0.7339926584626707,0.486375076247762,480,0.884041265010211,0.9156459062915384,unseen_seastate,0,False,60300,,,,,mse,6000,200,5,150,100|200|400,1091,399,5849,5,1131
deep,dlinear,heave_rate,50,5.0,523680,0.31766911220649785,0.22711146413244582,1.3992727536215406,0.9484599039969281,0.7339870840063342,0.43279932185258513,480,0.940286150755048,0.9552985746912838,unseen_seastate,0,False,60300,,,,,mse,6000,200,5,150,100|200|400,1091,399,5849,5,1131
deep,dlinear,heave_rate,100,10.0,523680,0.5554475503228806,0.4298436769075989,0.7686188880550284,0.4777673670488567,0.7341792711661705,0.7565557516226351,480,0.4517429422331504,0.501939619588026,unseen_seastate,0,False,60300,,,,,mse,6000,200,5,150,100|200|400,1091,399,5849,5,1131
deep,dlinear,heave_rate,150,15.0,523680,0.7346841682550433,0.5734572848520494,1.1062898408719488,0.5589746897931982,0.7344735022919635,1.0002868258179805,480,0.5209731077818487,0.589754391138494,unseen_seastate,0,False,60300,,,,,mse,6000,200,5,150,100|200|400,1091,399,5849,5,1131
deep,dlinear,roll,10,1.0,523680,0.12278520325524284,0.07627858519646874,3.2590780805687816,0.9985806074014959,6.257511233296725,0.019622050792636663,480,0.9983864172287579,0.9987472728012523,unseen_seastate,1,False,60300,,,,,mse,6000,200,5,150,100|200|400,1091,399,5849,5,1131
deep,dlinear,roll,20,2.0,523680,0.7898189079239053,0.48802788418139326,6.285047933974578,0.9842079734968436,6.258161704504171,0.12620621601315463,480,0.9819842169420365,0.9861312398443061,unseen_seastate,1,False,60300,,,,,mse,6000,200,5,150,100|200|400,1091,399,5849,5,1131
deep,dlinear,roll,30,3.0,523680,1.8488212204612668,1.1412705730359556,8.864075676903322,0.9564966276800867,6.258595534998139,0.2954051288540116,480,0.9504333984358233,0.9618249365966383,unseen_seastate,1,False,60300,,,,,mse,6000,200,5,150,100|200|400,1091,399,5849,5,1131
deep,dlinear,roll,50,5.0,523680,1.586917537246215,0.9909821232703735,12.021278604552123,0.9825736114017051,6.259860183654315,0.25350686607824857,480,0.9803232642928006,0.9845644076204595,unseen_seastate,1,False,60300,,,,,mse,6000,200,5,150,100|200|400,1091,399,5849,5,1131
deep,dlinear,roll,100,10.0,523680,3.0884338347629297,2.057372847749543,6.568449713232539,0.7789192931251541,6.264046458694406,0.4930413360003466,480,0.7688190855816714,0.7888469228835276,unseen_seastate,1,False,60300,,,,,mse,6000,200,5,150,100|200|400,1091,399,5849,5,1131
deep,dlinear,roll,150,15.0,523680,4.295257466853573,2.876780158935687,8.7564747038118,0.759386600999018,6.268761829209168,0.6851843448318468,480,0.7436988911430742,0.7724044727891259,unseen_seastate,1,False,60300,,,,,mse,6000,200,5,150,100|200|400,1091,399,5849,5,1131
deep,dlinear,pitch,10,1.0,523680,0.05859005524806507,0.036090151891808586,1.2222269593969717,0.9977020313629467,1.7978631101886102,0.032588718749515085,480,0.9973080731802563,0.9980303543340363,unseen_seastate,1,False,60300,,,,,mse,6000,200,5,150,100|200|400,1091,399,5849,5,1131
deep,dlinear,pitch,20,2.0,523680,0.3703960838933923,0.22715312395051165,2.2561846272019164,0.973048465244376,1.7976679627472303,0.20604254599239002,480,0.9680153038260898,0.9772032704548298,unseen_seastate,1,False,60300,,,,,mse,6000,200,5,150,100|200|400,1091,399,5849,5,1131
deep,dlinear,pitch,30,3.0,523680,0.8308608742501421,0.49808336368285294,2.967056377161456,0.9215839396104216,1.7976874939255332,0.46218315311068153,480,0.9056587227816176,0.9350057475525396,unseen_seastate,1,False,60300,,,,,mse,6000,200,5,150,100|200|400,1091,399,5849,5,1131
deep,dlinear,pitch,50,5.0,523680,0.8180774170329613,0.5187210767677495,3.300416172166559,0.9385599733639519,1.79747298987243,0.45512640336866583,480,0.9300603556676477,0.9460570878370145,unseen_seastate,1,False,60300,,,,,mse,6000,200,5,150,100|200|400,1091,399,5849,5,1131
deep,dlinear,pitch,100,10.0,523680,1.5497930917000997,1.0576241139308649,2.144295333366592,0.4776299840520415,1.7977594151426086,0.8620692394355566,480,0.45947701800568846,0.49554856469840003,unseen_seastate,1,False,60300,,,,,mse,6000,200,5,150,100|200|400,1091,399,5849,5,1131
deep,dlinear,pitch,150,15.0,523680,1.8845639891124817,1.2914209989861245,2.6217643609330046,0.48330475449878396,1.798277604223273,1.0479827945844202,480,0.44020400691540534,0.5179555583594878,unseen_seastate,1,False,60300,,,,,mse,6000,200,5,150,100|200|400,1091,399,5849,5,1131
deep,dlinear,heave,10,1.0,523680,0.05873399502976593,0.03902606562321338,0.7225299860835978,0.9933920411028077,1.3040230845977787,0.0450406098814441,480,0.9921775396155856,0.9944294349862769,unseen_seastate,1,False,60300,,,,,mse,6000,200,5,150,100|200|400,1091,399,5849,5,1131
deep,dlinear,heave,20,2.0,523680,0.38572068233574275,0.2564094423789851,1.3792122114373386,0.9217861497916907,1.3041370652244855,0.29576698080377567,480,0.9074086298060745,0.9340853833620918,unseen_seastate,1,False,60300,,,,,mse,6000,200,5,150,100|200|400,1091,399,5849,5,1131
deep,dlinear,heave,30,3.0,523680,0.9086660111990766,0.600660163614595,1.9132137912678973,0.774429884762148,1.3043478521287997,0.6966439280105083,480,0.7330004074074352,0.8098890374428079,unseen_seastate,1,False,60300,,,,,mse,6000,200,5,150,100|200|400,1091,399,5849,5,1131
deep,dlinear,heave,50,5.0,523680,0.7976303727189258,0.5274804122003053,2.472256983384014,0.8959082904253163,1.3046969314690733,0.6113529920092656,480,0.8772172035401171,0.9116905662144399,unseen_seastate,1,False,60300,,,,,mse,6000,200,5,150,100|200|400,1091,399,5849,5,1131
deep,dlinear,heave,100,10.0,523680,1.1753053576964387,0.8617043076569849,1.47333246045951,0.3636443313396107,1.3052530857962559,0.9004425045886454,480,0.3157723448488133,0.4100240742499364,unseen_seastate,1,False,60300,,,,,mse,6000,200,5,150,100|200|400,1091,399,5849,5,1131
deep,dlinear,heave,150,15.0,523680,1.5275163187056835,1.1409058766151774,1.8506807982960018,0.31874660557917145,1.3055953746109255,1.1699768154899381,480,0.22510503354209088,0.3967521431887358,unseen_seastate,1,False,60300,,,,,mse,6000,200,5,150,100|200|400,1091,399,5849,5,1131
deep,dlinear,roll_rate,10,1.0,523680,0.05523747913301419,0.03596438035312846,1.750457006043312,0.9990042167782299,3.298699647865669,0.01674522843228666,480,0.9988945513775911,0.9990962730795521,unseen_seastate,1,False,60300,,,,,mse,6000,200,5,150,100|200|400,1091,399,5849,5,1131
deep,dlinear,roll_rate,20,2.0,523680,0.35325731970758173,0.22873471019523262,3.3683169500888286,0.989000918060693,3.2989945899356385,0.10708029676231556,480,0.9877463214720973,0.9900626547643886,unseen_seastate,1,False,60300,,,,,mse,6000,200,5,150,100|200|400,1091,399,5849,5,1131
deep,dlinear,roll_rate,30,3.0,523680,0.8253107504037426,0.5325344205977853,4.733862565687478,0.9696048903871102,3.2994705657891945,0.25013429698723133,480,0.9661761252601885,0.9725336158034831,unseen_seastate,1,False,60300,,,,,mse,6000,200,5,150,100|200|400,1091,399,5849,5,1131
deep,dlinear,roll_rate,50,5.0,523680,0.7239067734168128,0.4757610098038576,6.355381178148954,0.9870257556313529,3.300289267129817,0.2193464617258769,480,0.9857991167422164,0.9881262010821977,unseen_seastate,1,False,60300,,,,,mse,6000,200,5,150,100|200|400,1091,399,5849,5,1131
deep,dlinear,roll_rate,100,10.0,523680,1.5596453603731788,1.0619981672651515,3.3423295852122696,0.7822525043355459,3.3024285854413846,0.4722722445078173,480,0.7760855775466032,0.7885301314251226,unseen_seastate,1,False,60300,,,,,mse,6000,200,5,150,100|200|400,1091,399,5849,5,1131
deep,dlinear,roll_rate,150,15.0,523680,2.186597058626287,1.4886153692754995,4.759767557952644,0.7889593917166827,3.3050619125013023,0.6615903473261865,480,0.7805986848372051,0.7960619381955846,unseen_seastate,1,False,60300,,,,,mse,6000,200,5,150,100|200|400,1091,399,5849,5,1131
deep,dlinear,pitch_rate,10,1.0,523680,0.05605593549603753,0.03021319278664312,0.9749874850307381,0.996694439370574,1.2556883011928568,0.044641600501323854,480,0.9962098025693134,0.9971872490894671,unseen_seastate,1,False,60300,,,,,mse,6000,200,5,150,100|200|400,1091,399,5849,5,1131
deep,dlinear,pitch_rate,20,2.0,523680,0.292494519785464,0.17198507365170698,1.7512436883306457,0.972103976457232,1.2557790553604302,0.23291877543021533,480,0.9687667955664148,0.975427951605467,unseen_seastate,1,False,60300,,,,,mse,6000,200,5,150,100|200|400,1091,399,5849,5,1131
deep,dlinear,pitch_rate,30,3.0,523680,0.5285878576237301,0.33453360984344893,2.2051006987242707,0.9425384268838133,1.255593182987374,0.4209865621969098,480,0.9368653200537046,0.9480254524132001,unseen_seastate,1,False,60300,,,,,mse,6000,200,5,150,100|200|400,1091,399,5849,5,1131
deep,dlinear,pitch_rate,50,5.0,523680,0.6860723185970005,0.4138766680463246,2.1766629752588056,0.9006523922882886,1.2554485176421812,0.5464758681506842,480,0.8895189110447514,0.9117660007424346,unseen_seastate,1,False,60300,,,,,mse,6000,200,5,150,100|200|400,1091,399,5849,5,1131
deep,dlinear,pitch_rate,100,10.0,523680,1.2359812636761736,0.8131310925506672,1.6285427338449476,0.4239960571459368,1.2555608277890915,0.9844057223835221,480,0.40354455398243216,0.4441772935139228,unseen_seastate,1,False,60300,,,,,mse,6000,200,5,150,100|200|400,1091,399,5849,5,1131
deep,dlinear,pitch_rate,150,15.0,523680,1.2971625105018203,0.8860586361558546,1.8210095949629055,0.49258382299254133,1.2558718343800095,1.0328780971047058,480,0.4781532620166471,0.5048847472944249,unseen_seastate,1,False,60300,,,,,mse,6000,200,5,150,100|200|400,1091,399,5849,5,1131
deep,dlinear,heave_rate,10,1.0,523680,0.023272262882031828,0.016450047789274967,0.43962286303504644,0.9971976867030433,0.7338878453162084,0.03171092562788605,480,0.9967089072052367,0.997608294628829,unseen_seastate,1,False,60300,,,,,mse,6000,200,5,150,100|200|400,1091,399,5849,5,1131
deep,dlinear,heave_rate,20,2.0,523680,0.1527783417311188,0.10800677165872247,0.831330600503321,0.9662265015102037,0.7339772507555338,0.20815133108533462,480,0.960396115070347,0.9711194947039713,unseen_seastate,1,False,60300,,,,,mse,6000,200,5,150,100|200|400,1091,399,5849,5,1131
deep,dlinear,heave_rate,30,3.0,523680,0.35699666806418284,0.25026508690648497,1.1355935168796936,0.9011714288185964,0.7339926584626707,0.4863763471584354,480,0.8840251501278904,0.9156639139676935,unseen_seastate,1,False,60300,,,,,mse,6000,200,5,150,100|200|400,1091,399,5849,5,1131
deep,dlinear,heave_rate,50,5.0,523680,0.3179605401424615,0.2269689212896936,1.3992727536215406,0.9483652954060616,0.7339870840063342,0.43319636962401586,480,0.9401246359031815,0.9552604356006327,unseen_seastate,1,False,60300,,,,,mse,6000,200,5,150,100|200|400,1091,399,5849,5,1131
deep,dlinear,heave_rate,100,10.0,523680,0.5548569702332564,0.4294238443729504,0.7686188880550284,0.4788773052634505,0.7341792711661705,0.7557513430635565,480,0.45304454588057874,0.5029535569237313,unseen_seastate,1,False,60300,,,,,mse,6000,200,5,150,100|200|400,1091,399,5849,5,1131
deep,dlinear,heave_rate,150,15.0,523680,0.7355645124259508,0.5740844981583536,1.1062898408719488,0.5579171287543017,0.7344735022919635,1.0014854315786514,480,0.5197752170108937,0.5888638127217156,unseen_seastate,1,False,60300,,,,,mse,6000,200,5,150,100|200|400,1091,399,5849,5,1131
deep,dlinear,roll,10,1.0,523680,0.1192776049860943,0.07405770997039815,3.2590780805687816,0.998660544500592,6.257511233296725,0.019061508727528684,480,0.9984775642340442,0.9988186324378657,unseen_seastate,2,False,60300,,,,,mse,6000,200,5,150,100|200|400,1091,399,5849,5,1131
deep,dlinear,roll,20,2.0,523680,0.7874814767322211,0.4870934492151968,6.285047933974578,0.9843013066752828,6.258161704504171,0.1258327147675729,480,0.9821033474042444,0.9862091162991612,unseen_seastate,2,False,60300,,,,,mse,6000,200,5,150,100|200|400,1091,399,5849,5,1131
deep,dlinear,roll,30,3.0,523680,1.8708368418239443,1.159845414285918,8.864075676903322,0.9554543893158947,6.258595534998139,0.29892279048265746,480,0.949396422928738,0.9607910876837191,unseen_seastate,2,False,60300,,,,,mse,6000,200,5,150,100|200|400,1091,399,5849,5,1131
deep,dlinear,roll,50,5.0,523680,1.5954997829373132,0.999225265085575,12.021278604552123,0.9823846136021726,6.259860183654315,0.25487786246463884,480,0.9801545351375763,0.9843563004408642,unseen_seastate,2,False,60300,,,,,mse,6000,200,5,150,100|200|400,1091,399,5849,5,1131
deep,dlinear,roll,100,10.0,523680,3.0750612048447254,2.047670998424753,6.568449713232539,0.7808296658895205,6.264046458694406,0.4909065130857363,480,0.7705605392116168,0.7908462068447965,unseen_seastate,2,False,60300,,,,,mse,6000,200,5,150,100|200|400,1091,399,5849,5,1131
deep,dlinear,roll,150,15.0,523680,4.308257224395152,2.8862291329630643,8.7564747038118,0.7579279460756958,6.268761829209168,0.6872580809053735,480,0.7423874554461608,0.7708112297109251,unseen_seastate,2,False,60300,,,,,mse,6000,200,5,150,100|200|400,1091,399,5849,5,1131
deep,dlinear,pitch,10,1.0,523680,0.05741249178268042,0.03538260762070896,1.2222269593969717,0.9977934738711585,1.7978631101886102,0.03193373925818935,480,0.9974173598325484,0.9981026958597152,unseen_seastate,2,False,60300,,,,,mse,6000,200,5,150,100|200|400,1091,399,5849,5,1131
deep,dlinear,pitch,20,2.0,523680,0.3689418188739054,0.22618745503620358,2.2561846272019164,0.973259686323705,1.7976679627472303,0.2052335728952312,480,0.9682660546505916,0.9773836550868377,unseen_seastate,2,False,60300,,,,,mse,6000,200,5,150,100|200|400,1091,399,5849,5,1131
deep,dlinear,pitch,30,3.0,523680,0.8313159072444904,0.49795055253993514,2.967056377161456,0.9214980247076419,1.7976874939255332,0.4624362744100653,480,0.9055172684693394,0.9349614028944597,unseen_seastate,2,False,60300,,,,,mse,6000,200,5,150,100|200|400,1091,399,5849,5,1131
deep,dlinear,pitch,50,5.0,523680,0.8163536253210804,0.5177240753571655,3.300416172166559,0.9388186242541139,1.79747298987243,0.45416739495986447,480,0.9303649406430613,0.9462674669746219,unseen_seastate,2,False,60300,,,,,mse,6000,200,5,150,100|200|400,1091,399,5849,5,1131
deep,dlinear,pitch,100,10.0,523680,1.5506988856174981,1.0582448069255594,2.144295333366592,0.47701919560896644,1.7977594151426086,0.8625730854506402,480,0.45879803063034524,0.49501872632730304,unseen_seastate,2,False,60300,,,,,mse,6000,200,5,150,100|200|400,1091,399,5849,5,1131
deep,dlinear,pitch,150,15.0,523680,1.8813099695243691,1.2895403861780674,2.6217643609330046,0.4850875381063201,1.798277604223273,1.0461732744188625,480,0.4424289837869454,0.5193154608369223,unseen_seastate,2,False,60300,,,,,mse,6000,200,5,150,100|200|400,1091,399,5849,5,1131
deep,dlinear,heave,10,1.0,523680,0.057268825782103405,0.038091542432553166,0.7225299860835978,0.9937176112630949,1.3040230845977787,0.04391703372319346,480,0.992562784967284,0.9947050164731331,unseen_seastate,2,False,60300,,,,,mse,6000,200,5,150,100|200|400,1091,399,5849,5,1131
deep,dlinear,heave,20,2.0,523680,0.3845113345397767,0.255741956087133,1.3792122114373386,0.9222758277969583,1.3041370652244855,0.2948396643213185,480,0.9079848396671027,0.9345022388218337,unseen_seastate,2,False,60300,,,,,mse,6000,200,5,150,100|200|400,1091,399,5849,5,1131
deep,dlinear,heave,30,3.0,523680,0.9104811471300879,0.6018194969309445,1.9132137912678973,0.773527794529375,1.3043478521287997,0.6980355321964996,480,0.7319146246741661,0.8091353034015721,unseen_seastate,2,False,60300,,,,,mse,6000,200,5,150,100|200|400,1091,399,5849,5,1131
deep,dlinear,heave,50,5.0,523680,0.7959297723477651,0.5264082078676875,2.472256983384014,0.896351677985657,1.3046969314690733,0.610049547255053,480,0.8777453098065707,0.9120666247235409,unseen_seastate,2,False,60300,,,,,mse,6000,200,5,150,100|200|400,1091,399,5849,5,1131
deep,dlinear,heave,100,10.0,523680,1.1759649726406824,0.862123072562909,1.47333246045951,0.3629298489390713,1.3052530857962559,0.9009478586471201,480,0.31498382279360304,0.4094136137862593,unseen_seastate,2,False,60300,,,,,mse,6000,200,5,150,100|200|400,1091,399,5849,5,1131
deep,dlinear,heave,150,15.0,523680,1.5230078306968644,1.1380275068586534,1.8506807982960018,0.32276213071143833,1.3055953746109255,1.1665236108474488,480,0.22987351504106632,0.4000664036109667,unseen_seastate,2,False,60300,,,,,mse,6000,200,5,150,100|200|400,1091,399,5849,5,1131
deep,dlinear,roll_rate,10,1.0,523680,0.05363645352657292,0.03492099602404599,1.750457006043312,0.999061104598282,3.298699647865669,0.016259877907125273,480,0.9989581458919101,0.9991476741580112,unseen_seastate,2,False,60300,,,,,mse,6000,200,5,150,100|200|400,1091,399,5849,5,1131
deep,dlinear,roll_rate,20,2.0,523680,0.35270757361479216,0.2286258590300228,3.3683169500888286,0.989035125404654,3.2989945899356385,0.10691365626691533,480,0.9877965936307026,0.9900871568816594,unseen_seastate,2,False,60300,,,,,mse,6000,200,5,150,100|200|400,1091,399,5849,5,1131
deep,dlinear,roll_rate,30,3.0,523680,0.8391496116492873,0.5432883698475256,4.733862565687478,0.9685770101368241,3.2994705657891945,0.25432856420968636,480,0.9651519923559155,0.97150380176399,unseen_seastate,2,False,60300,,,,,mse,6000,200,5,150,100|200|400,1091,399,5849,5,1131
deep,dlinear,roll_rate,50,5.0,523680,0.7302678976569953,0.48078393432316024,6.355381178148954,0.9867967388815763,3.300289267129817,0.22127390617856108,480,0.9855833493031654,0.9878846649453339,unseen_seastate,2,False,60300,,,,,mse,6000,200,5,150,100|200|400,1091,399,5849,5,1131
deep,dlinear,roll_rate,100,10.0,523680,1.5517974456956527,1.0566381375075724,3.3423295852122696,0.784438340205981,3.3024285854413846,0.46989583742603414,480,0.7782264250266824,0.7907102619211197,unseen_seastate,2,False,60300,,,,,mse,6000,200,5,150,100|200|400,1091,399,5849,5,1131
deep,dlinear,roll_rate,150,15.0,523680,2.194528384929362,1.4938521845622323,4.759767557952644,0.7874256225009113,3.3050619125013023,0.6639900985299614,480,0.7791462264932639,0.7944718163725547,unseen_seastate,2,False,60300,,,,,mse,6000,200,5,150,100|200|400,1091,399,5849,5,1131
deep,dlinear,pitch_rate,10,1.0,523680,0.05567397316145315,0.02979630327523422,0.9749874850307381,0.9967393337425478,1.2556883011928568,0.04433741487323324,480,0.9962587862687278,0.9972308098751529,unseen_seastate,2,False,60300,,,,,mse,6000,200,5,150,100|200|400,1091,399,5849,5,1131
deep,dlinear,pitch_rate,20,2.0,523680,0.2910839472676218,0.1709938424304196,1.7512436883306457,0.972372388199446,1.2557790553604302,0.2317955105439115,480,0.9690593254786362,0.9756728983483353,unseen_seastate,2,False,60300,,,,,mse,6000,200,5,150,100|200|400,1091,399,5849,5,1131
deep,dlinear,pitch_rate,30,3.0,523680,0.5290298174529178,0.33445118467212803,2.2051006987242707,0.942442297835335,1.255593182987374,0.4213385550519014,480,0.9367278977857958,0.9479840194952859,unseen_seastate,2,False,60300,,,,,mse,6000,200,5,150,100|200|400,1091,399,5849,5,1131
deep,dlinear,pitch_rate,50,5.0,523680,0.6855646325003663,0.413392898790516,2.1766629752588056,0.9007993701978688,1.2554485176421812,0.5460714819177961,480,0.8896767723301832,0.911917280486171,unseen_seastate,2,False,60300,,,,,mse,6000,200,5,150,100|200|400,1091,399,5849,5,1131
deep,dlinear,pitch_rate,100,10.0,523680,1.2362657434223574,0.8133962548931237,1.6285427338449476,0.42373087462598447,1.2555608277890915,0.984632298221098,480,0.403216256678307,0.44396950760591564,unseen_seastate,2,False,60300,,,,,mse,6000,200,5,150,100|200|400,1091,399,5849,5,1131
deep,dlinear,pitch_rate,150,15.0,523680,1.2963192410723476,0.885365618406886,1.8210095949629055,0.49324333861079195,1.2558718343800095,1.0322066357291195,480,0.4789651777823426,0.5054388194934815,unseen_seastate,2,False,60300,,,,,mse,6000,200,5,150,100|200|400,1091,399,5849,5,1131
deep,dlinear,heave_rate,10,1.0,523680,0.022736711146929302,0.01610711882653408,0.43962286303504644,0.9973251788512851,0.7338878453162084,0.030981179606718777,480,0.9968624777516517,0.9977135339032821,unseen_seastate,2,False,60300,,,,,mse,6000,200,5,150,100|200|400,1091,399,5849,5,1131
deep,dlinear,heave_rate,20,2.0,523680,0.15238654841991936,0.10782100109726005,0.831330600503321,0.966399500692137,0.7339772507555338,0.2076175361880185,480,0.9606138088561188,0.9712555538423365,unseen_seastate,2,False,60300,,,,,mse,6000,200,5,150,100|200|400,1091,399,5849,5,1131
deep,dlinear,heave_rate,30,3.0,523680,0.3575903959602621,0.2505960186476212,1.1355935168796936,0.9008424281385392,0.7339926584626707,0.4871852488405351,480,0.8836207385031791,0.915388414952542,unseen_seastate,2,False,60300,,,,,mse,6000,200,5,150,100|200|400,1091,399,5849,5,1131
deep,dlinear,heave_rate,50,5.0,523680,0.3172826790182692,0.22654072404546802,1.3992727536215406,0.9485852211197661,0.7339870840063342,0.4322728368548936,480,0.9403917690939058,0.9554438900139446,unseen_seastate,2,False,60300,,,,,mse,6000,200,5,150,100|200|400,1091,399,5849,5,1131
deep,dlinear,heave_rate,100,10.0,523680,0.5551983787000361,0.42965680202076845,0.7686188880550284,0.4782358050342951,0.7341792711661705,0.7562163636384869,480,0.45233690088352874,0.5023972322716423,unseen_seastate,2,False,60300,,,,,mse,6000,200,5,150,100|200|400,1091,399,5849,5,1131
deep,dlinear,heave_rate,150,15.0,523680,0.7340339593524217,0.5730181051947117,1.1062898408719488,0.5597549752602662,0.7344735022919635,0.9994015537140956,480,0.5219144663785555,0.5903906629754896,unseen_seastate,2,False,60300,,,,,mse,6000,200,5,150,100|200|400,1091,399,5849,5,1131
deep,dlinear_ols,roll,10,1.0,523680,0.03725627042379989,0.023087069413309225,3.2590780805687816,0.9998693199705172,6.257511233296725,0.00595384794925437,480,0.9998512736302705,0.9998851565659245,unseen_seastate,0,True,60300,0.08205144701059908,,,,,6000,200,5,150,100|200|400,1091,399,5849,5,1131
deep,dlinear_ols,roll,20,2.0,523680,0.35400364798954836,0.2187892572658382,6.285047933974578,0.9968275244306798,6.258161704504171,0.05656671474863972,480,0.9963859217757107,0.9972153954884937,unseen_seastate,0,True,60300,0.08205144701059908,,,,,6000,200,5,150,100|200|400,1091,399,5849,5,1131
deep,dlinear_ols,roll,30,3.0,523680,1.1947968328816496,0.7353562773600346,8.864075676903322,0.981831410396371,6.258595534998139,0.19090494444006356,480,0.9792700351700812,0.9840846134569045,unseen_seastate,0,True,60300,0.08205144701059908,,,,,6000,200,5,150,100|200|400,1091,399,5849,5,1131
deep,dlinear_ols,roll,50,5.0,523680,1.9419200234879639,1.1777820499080618,12.021278604552123,0.9739047564347187,6.259860183654315,0.31021779504895114,480,0.9700261005061289,0.977308898725548,unseen_seastate,0,True,60300,0.08205144701059908,,,,,6000,200,5,150,100|200|400,1091,399,5849,5,1131
deep,dlinear_ols,roll,100,10.0,523680,3.193731158385231,2.0583827727585997,6.568449713232539,0.7635872189257082,6.264046458694406,0.5098511288900769,480,0.7440656112267021,0.7821843616289342,unseen_seastate,0,True,60300,0.08205144701059908,,,,,6000,200,5,150,100|200|400,1091,399,5849,5,1131
deep,dlinear_ols,roll,150,15.0,523680,4.413967002533998,2.9178034761754077,8.7564747038118,0.7459029812782659,6.268761829209168,0.7041210246602781,480,0.7248087242074689,0.7636179347963865,unseen_seastate,0,True,60300,0.08205144701059908,,,,,6000,200,5,150,100|200|400,1091,399,5849,5,1131
deep,dlinear_ols,pitch,10,1.0,523680,0.017940933276032522,0.010987383277496978,1.2222269593969717,0.9997845302319878,1.7978631101886102,0.009979031870869398,480,0.9997464061360599,0.999816577797377,unseen_seastate,0,True,60300,0.08205144701059908,,,,,6000,200,5,150,100|200|400,1091,399,5849,5,1131
deep,dlinear_ols,pitch,20,2.0,523680,0.16649547922236366,0.10118792040109142,2.2561846272019164,0.9945542760830755,1.7976679627472303,0.0926174814663338,480,0.993517387372384,0.9954120383479454,unseen_seastate,0,True,60300,0.08205144701059908,,,,,6000,200,5,150,100|200|400,1091,399,5849,5,1131
deep,dlinear_ols,pitch,30,3.0,523680,0.5481114868876501,0.32770039086143116,2.967056377161456,0.965873935235101,1.7976874939255332,0.3048980919874803,480,0.958992946237169,0.9716233723223409,unseen_seastate,0,True,60300,0.08205144701059908,,,,,6000,200,5,150,100|200|400,1091,399,5849,5,1131
deep,dlinear_ols,pitch,50,5.0,523680,0.901872607294764,0.5247794540010016,3.300416172166559,0.925328826002614,1.79747298987243,0.5017447340662247,480,0.9102063962476241,0.9381079941927564,unseen_seastate,0,True,60300,0.08205144701059908,,,,,6000,200,5,150,100|200|400,1091,399,5849,5,1131
deep,dlinear_ols,pitch,100,10.0,523680,1.5906075347165574,1.0481174532152155,2.144295333366592,0.44975403072985354,1.7977594151426086,0.8847721899375403,480,0.4017853063540412,0.49176447830116093,unseen_seastate,0,True,60300,0.08205144701059908,,,,,6000,200,5,150,100|200|400,1091,399,5849,5,1131
deep,dlinear_ols,pitch,150,15.0,523680,1.9659920684660523,1.3233423159934705,2.6217643609330046,0.4376894760329495,1.798277604223273,1.0932639453713375,480,0.37467887448801773,0.48834307646613667,unseen_seastate,0,True,60300,0.08205144701059908,,,,,6000,200,5,150,100|200|400,1091,399,5849,5,1131
deep,dlinear_ols,heave,10,1.0,523680,0.018359567812052856,0.012118059000561517,0.7225299860835978,0.9993543262122051,1.3040230845977787,0.014079173926369409,480,0.9992332050346155,0.9994583931529756,unseen_seastate,0,True,60300,0.08205144701059908,,,,,6000,200,5,150,100|200|400,1091,399,5849,5,1131
deep,dlinear_ols,heave,20,2.0,523680,0.17592822039969538,0.11571556618627087,1.3792122114373386,0.9837292028085142,1.3041370652244855,0.13490009991351046,480,0.980662504226726,0.9863558961628636,unseen_seastate,0,True,60300,0.08205144701059908,,,,,6000,200,5,150,100|200|400,1091,399,5849,5,1131
deep,dlinear_ols,heave,30,3.0,523680,0.6013609928084438,0.3934939292273873,1.9132137912678973,0.9012030578801804,1.3043478521287997,0.4610434186148846,480,0.8824178319054553,0.9171119212432948,unseen_seastate,0,True,60300,0.08205144701059908,,,,,6000,200,5,150,100|200|400,1091,399,5849,5,1131
deep,dlinear_ols,heave,50,5.0,523680,1.0351948207537136,0.665220991754909,2.472256983384014,0.8246697079019775,1.3046969314690733,0.7934370011801105,480,0.7918493538527936,0.8525313737240013,unseen_seastate,0,True,60300,0.08205144701059908,,,,,6000,200,5,150,100|200|400,1091,399,5849,5,1131
deep,dlinear_ols,heave,100,10.0,523680,1.4628876013259773,1.004106977299853,1.47333246045951,0.014128292388767005,1.3052530857962559,1.120769310752909,480,-0.09432877589033199,0.11657184996207197,unseen_seastate,0,True,60300,0.08205144701059908,,,,,6000,200,5,150,100|200|400,1091,399,5849,5,1131
deep,dlinear_ols,heave,150,15.0,523680,1.737212864337964,1.2535012828011096,1.8506807982960018,0.11886381698099335,1.3055953746109255,1.3305905475160427,480,-0.025502825252686292,0.2375435429386359,unseen_seastate,0,True,60300,0.08205144701059908,,,,,6000,200,5,150,100|200|400,1091,399,5849,5,1131
deep,dlinear_ols,roll_rate,10,1.0,523680,0.016743476353684672,0.010898498102903428,1.750457006043312,0.9999085068943216,3.298699647865669,0.005075780804875057,480,0.9998985217271711,0.9999170295044509,unseen_seastate,0,True,60300,0.08205144701059908,,,,,6000,200,5,150,100|200|400,1091,399,5849,5,1131
deep,dlinear_ols,roll_rate,20,2.0,523680,0.1585256316013474,0.10279835185673063,3.3683169500888286,0.9977850033034336,3.2989945899356385,0.048052710387876126,480,0.997540268401823,0.99799475809008,unseen_seastate,0,True,60300,0.08205144701059908,,,,,6000,200,5,150,100|200|400,1091,399,5849,5,1131
deep,dlinear_ols,roll_rate,30,3.0,523680,0.532200283899213,0.34330843569605335,4.733862565687478,0.9873608195814534,3.2994705657891945,0.1612986911953,480,0.9859380405724357,0.9885885396110414,unseen_seastate,0,True,60300,0.08205144701059908,,,,,6000,200,5,150,100|200|400,1091,399,5849,5,1131
deep,dlinear_ols,roll_rate,50,5.0,523680,0.8516161747424853,0.5428252261516925,6.355381178148954,0.9820442067594185,3.300289267129817,0.25804288830812566,480,0.9799294479465901,0.983915685981677,unseen_seastate,0,True,60300,0.08205144701059908,,,,,6000,200,5,150,100|200|400,1091,399,5849,5,1131
deep,dlinear_ols,roll_rate,100,10.0,523680,1.5234051456578472,1.019879657799636,3.3423295852122696,0.792254182025516,3.3024285854413846,0.46129843726938224,480,0.7807958072312291,0.8031569575575772,unseen_seastate,0,True,60300,0.08205144701059908,,,,,6000,200,5,150,100|200|400,1091,399,5849,5,1131
deep,dlinear_ols,roll_rate,150,15.0,523680,2.188957859241432,1.4815250583604394,4.759767557952644,0.7885034377906741,3.3050619125013023,0.6623046457803896,480,0.777019971047083,0.7980010151986898,unseen_seastate,0,True,60300,0.08205144701059908,,,,,6000,200,5,150,100|200|400,1091,399,5849,5,1131
deep,dlinear_ols,pitch_rate,10,1.0,523680,0.016848737075100824,0.009085948771467569,0.9749874850307381,0.9997013678065947,1.2556883011928568,0.013417929480664234,480,0.9996575300235443,0.9997463391297663,unseen_seastate,0,True,60300,0.08205144701059908,,,,,6000,200,5,150,100|200|400,1091,399,5849,5,1131
deep,dlinear_ols,pitch_rate,20,2.0,523680,0.1367229296733888,0.07810593135082525,1.7512436883306457,0.9939047777561132,1.2557790553604302,0.1088749880719638,480,0.9931206415268662,0.9947161004944631,unseen_seastate,0,True,60300,0.08205144701059908,,,,,6000,200,5,150,100|200|400,1091,399,5849,5,1131
deep,dlinear_ols,pitch_rate,30,3.0,523680,0.37972116939580886,0.23105992531423356,2.2051006987242707,0.9703467181438848,1.255593182987374,0.3024237265229141,480,0.9670728824478194,0.9737740399096837,unseen_seastate,0,True,60300,0.08205144701059908,,,,,6000,200,5,150,100|200|400,1091,399,5849,5,1131
deep,dlinear_ols,pitch_rate,50,5.0,523680,0.5363293785064459,0.3400825239698459,2.1766629752588056,0.939287125715013,1.2554485176421812,0.427201411264326,480,0.9326965311192881,0.9454623735210812,unseen_seastate,0,True,60300,0.08205144701059908,,,,,6000,200,5,150,100|200|400,1091,399,5849,5,1131
deep,dlinear_ols,pitch_rate,100,10.0,523680,1.168518381430997,0.7706275458494136,1.6285427338449476,0.48515941087342396,1.2555608277890915,0.9306744488744787,480,0.4626059727913027,0.5073923447853365,unseen_seastate,0,True,60300,0.08205144701059908,,,,,6000,200,5,150,100|200|400,1091,399,5849,5,1131
deep,dlinear_ols,pitch_rate,150,15.0,523680,1.3022271742297729,0.8910875684181859,1.8210095949629055,0.48861375871487156,1.2558718343800095,1.0369108842007335,480,0.46864637809059523,0.5052124904918518,unseen_seastate,0,True,60300,0.08205144701059908,,,,,6000,200,5,150,100|200|400,1091,399,5849,5,1131
deep,dlinear_ols,heave_rate,10,1.0,523680,0.007230999890048863,0.005089109675949685,0.43962286303504644,0.9997294570823522,0.7338878453162084,0.009853004019889797,480,0.9996817140046105,0.9997696541646679,unseen_seastate,0,True,60300,0.08205144701059908,,,,,6000,200,5,150,100|200|400,1091,399,5849,5,1131
deep,dlinear_ols,heave_rate,20,2.0,523680,0.06895476153288962,0.04828622710298116,0.831330600503321,0.9931201180204712,0.7339772507555338,0.09394672854221257,480,0.9919012689346148,0.994150533521977,unseen_seastate,0,True,60300,0.08205144701059908,,,,,6000,200,5,150,100|200|400,1091,399,5849,5,1131
deep,dlinear_ols,heave_rate,30,3.0,523680,0.2341046715177325,0.16270270378981613,1.1355935168796936,0.9575014266630971,0.7339926584626707,0.31894688430271073,480,0.9499576206107959,0.9639191893245956,unseen_seastate,0,True,60300,0.08205144701059908,,,,,6000,200,5,150,100|200|400,1091,399,5849,5,1131
deep,dlinear_ols,heave_rate,50,5.0,523680,0.3957637750779862,0.26989811181555057,1.3992727536215406,0.9200041744675755,0.7339870840063342,0.5391971925688148,480,0.9054540836534157,0.9321815633781192,unseen_seastate,0,True,60300,0.08205144701059908,,,,,6000,200,5,150,100|200|400,1091,399,5849,5,1131
deep,dlinear_ols,heave_rate,100,10.0,523680,0.6153092280881304,0.45653164817713454,0.7686188880550284,0.3591376593005948,0.7341792711661705,0.8380912567999543,480,0.29528795412917014,0.4144064326587323,unseen_seastate,0,True,60300,0.08205144701059908,,,,,6000,200,5,150,100|200|400,1091,399,5849,5,1131
deep,dlinear_ols,heave_rate,150,15.0,523680,0.7838527379458907,0.6012039279271736,1.1062898408719488,0.4979683347703392,0.7344735022919635,1.067230792533477,480,0.4407617533005386,0.5453683308539005,unseen_seastate,0,True,60300,0.08205144701059908,,,,,6000,200,5,150,100|200|400,1091,399,5849,5,1131
deep,tcn,roll,10,1.0,523680,0.20559797802568017,0.15315908547495882,3.2590780805687816,0.9960203200438017,6.257511233296725,0.03285619000277245,480,0.9956702485817173,0.9963270597955024,unseen_seastate,0,False,196804,,,,,mse,6000,200,5,150,100|200|400,1091,399,5849,5,1131
deep,tcn,roll,20,2.0,523680,0.33246832300146933,0.24235374291738945,6.285047933974578,0.997201770330528,6.258161704504171,0.053125556465276814,480,0.9968968086939927,0.9974804626927113,unseen_seastate,0,False,196804,,,,,mse,6000,200,5,150,100|200|400,1091,399,5849,5,1131
deep,tcn,roll,30,3.0,523680,0.5621993190704819,0.40686597991586093,8.864075676903322,0.9959773363587502,6.258595534998139,0.08982835141313364,480,0.9955927986687623,0.9963226599627759,unseen_seastate,0,False,196804,,,,,mse,6000,200,5,150,100|200|400,1091,399,5849,5,1131
deep,tcn,roll,50,5.0,523680,0.8007145359665815,0.5644910932377647,12.021278604552123,0.9955633609196779,6.259860183654315,0.12791252719308321,480,0.9951914367983082,0.9959032552590771,unseen_seastate,0,False,196804,,,,,mse,6000,200,5,150,100|200|400,1091,399,5849,5,1131
deep,tcn,roll,100,10.0,523680,1.4290893430603646,1.063926328885043,6.568449713232539,0.9526638423679303,6.264046458694406,0.22814156192548818,480,0.9497216287500053,0.9551472102448224,unseen_seastate,0,False,196804,,,,,mse,6000,200,5,150,100|200|400,1091,399,5849,5,1131
deep,tcn,roll,150,15.0,523680,2.6196400359075342,1.9630672959566098,8.7564747038118,0.9104996685933773,6.268761829209168,0.417887950966868,480,0.9056303051694432,0.9145237960529312,unseen_seastate,0,False,196804,,,,,mse,6000,200,5,150,100|200|400,1091,399,5849,5,1131
deep,tcn,pitch,10,1.0,523680,0.12775193632936063,0.09525211143861256,1.2222269593969717,0.9890747529864721,1.7978631101886102,0.07105765483778041,480,0.9882653894272962,0.9897048853594855,unseen_seastate,0,False,196804,,,,,mse,6000,200,5,150,100|200|400,1091,399,5849,5,1131
deep,tcn,pitch,20,2.0,523680,0.29007409485151425,0.21198250731970092,2.2561846272019164,0.9834701611389255,1.7976679627472303,0.1613613308256423,480,0.9823988306525363,0.9843020386343899,unseen_seastate,0,False,196804,,,,,mse,6000,200,5,150,100|200|400,1091,399,5849,5,1131
deep,tcn,pitch,30,3.0,523680,0.4609720998036952,0.33783680585143877,2.967056377161456,0.9758622000060448,1.7976874939255332,0.25642504682339984,480,0.9742372615265963,0.9771386600900186,unseen_seastate,0,False,196804,,,,,mse,6000,200,5,150,100|200|400,1091,399,5849,5,1131
deep,tcn,pitch,50,5.0,523680,0.8734750754872058,0.5691391432809482,3.300416172166559,0.9299571803295941,1.79747298987243,0.48594614795808305,480,0.9226157314039072,0.9367677468671431,unseen_seastate,0,False,196804,,,,,mse,6000,200,5,150,100|200|400,1091,399,5849,5,1131
deep,tcn,pitch,100,10.0,523680,1.8700662449625636,1.293026895910082,2.144295333366592,0.23942020947757048,1.7977594151426086,1.0402205262900648,480,0.19043201308595886,0.28786943301503154,unseen_seastate,0,False,196804,,,,,mse,6000,200,5,150,100|200|400,1091,399,5849,5,1131
deep,tcn,pitch,150,15.0,523680,2.4546494497276816,1.7625729345005132,2.6217643609330046,0.12341981990543072,1.798277604223273,1.3650002891449644,480,0.09007703256433026,0.15543449102822643,unseen_seastate,0,False,196804,,,,,mse,6000,200,5,150,100|200|400,1091,399,5849,5,1131
deep,tcn,heave,10,1.0,523680,0.05058362320799731,0.03771631497795661,0.7225299860835978,0.9950987357695473,1.3040230845977787,0.038790435388342565,480,0.9948767933183726,0.9953236501748143,unseen_seastate,0,False,196804,,,,,mse,6000,200,5,150,100|200|400,1091,399,5849,5,1131
deep,tcn,heave,20,2.0,523680,0.08520860826094945,0.064375461265623,1.3792122114373386,0.9961831529563624,1.3041370652244855,0.06533715706200115,480,0.9960544741620951,0.996311269713135,unseen_seastate,0,False,196804,,,,,mse,6000,200,5,150,100|200|400,1091,399,5849,5,1131
deep,tcn,heave,30,3.0,523680,0.14922326787622106,0.11231972650247123,1.9132137912678973,0.9939166040071318,1.3043478521287997,0.11440450308763632,480,0.9937538004305755,0.994075172672495,unseen_seastate,0,False,196804,,,,,mse,6000,200,5,150,100|200|400,1091,399,5849,5,1131
deep,tcn,heave,50,5.0,523680,0.33312161780962213,0.256268492295005,2.472256983384014,0.9818440737752365,1.3046969314690733,0.25532490325897456,480,0.9812812854336723,0.9823354167193187,unseen_seastate,0,False,196804,,,,,mse,6000,200,5,150,100|200|400,1091,399,5849,5,1131
deep,tcn,heave,100,10.0,523680,0.9121777330112191,0.68734820780239,1.47333246045951,0.6166835843525715,1.3052530857962559,0.6988512365437195,480,0.5868203456904232,0.6466406415885779,unseen_seastate,0,False,196804,,,,,mse,6000,200,5,150,100|200|400,1091,399,5849,5,1131
deep,tcn,heave,150,15.0,523680,1.4326781392109047,1.105128954102175,1.8506807982960018,0.40071386448901003,1.3055953746109255,1.0973370211562297,480,0.37756297643934394,0.4220936486185529,unseen_seastate,0,False,196804,,,,,mse,6000,200,5,150,100|200|400,1091,399,5849,5,1131
deep,tcn,roll_rate,10,1.0,523680,0.17804825788467124,0.133271043846393,1.750457006043312,0.9896539979344265,3.298699647865669,0.053975286291940025,480,0.9888410767990251,0.990382107478901,unseen_seastate,0,False,196804,,,,,mse,6000,200,5,150,100|200|400,1091,399,5849,5,1131
deep,tcn,roll_rate,20,2.0,523680,0.2804573038683716,0.20916979691961463,3.3683169500888286,0.993067216982041,3.2989945899356385,0.08501296265352261,480,0.9926079869296057,0.9934932608247425,unseen_seastate,0,False,196804,,,,,mse,6000,200,5,150,100|200|400,1091,399,5849,5,1131
deep,tcn,roll_rate,30,3.0,523680,0.345006295441345,0.25667518840953096,4.733862565687478,0.9946884319585082,3.2994705657891945,0.10456413796157735,480,0.994368298696383,0.9949870146377059,unseen_seastate,0,False,196804,,,,,mse,6000,200,5,150,100|200|400,1091,399,5849,5,1131
deep,tcn,roll_rate,50,5.0,523680,0.506324473554308,0.37537750788594876,6.355381178148954,0.9936529103475478,3.300289267129817,0.1534182105178454,480,0.9931756509754158,0.9941128719262258,unseen_seastate,0,False,196804,,,,,mse,6000,200,5,150,100|200|400,1091,399,5849,5,1131
deep,tcn,roll_rate,100,10.0,523680,1.3374709382187135,0.9276266806124729,3.3423295852122696,0.839870937245611,3.3024285854413846,0.40499617285136674,480,0.8311160386285483,0.8493219442652514,unseen_seastate,0,False,196804,,,,,mse,6000,200,5,150,100|200|400,1091,399,5849,5,1131
deep,tcn,roll_rate,150,15.0,523680,2.1111537980565678,1.4746533466971083,4.759767557952644,0.8032710578471266,3.3050619125013023,0.6387637671993946,480,0.7965732095912174,0.8103886153208653,unseen_seastate,0,False,196804,,,,,mse,6000,200,5,150,100|200|400,1091,399,5849,5,1131
deep,tcn,pitch_rate,10,1.0,523680,0.17513607625833294,0.13072606451978702,0.9749874850307381,0.9677334041896146,1.2556883011928568,0.13947416416316075,480,0.9655427192492023,0.9694189582102266,unseen_seastate,0,False,196804,,,,,mse,6000,200,5,150,100|200|400,1091,399,5849,5,1131
deep,tcn,pitch_rate,20,2.0,523680,0.2808589867370683,0.2079182747349294,1.7512436883306457,0.9742792585808044,1.2557790553604302,0.2236531860745654,480,0.9726652008327022,0.9756749978959748,unseen_seastate,0,False,196804,,,,,mse,6000,200,5,150,100|200|400,1091,399,5849,5,1131
deep,tcn,pitch_rate,30,3.0,523680,0.3358330484829382,0.23884626281696725,2.2051006987242707,0.9768052332404193,1.255593182987374,0.26746963350335046,480,0.9754369797772249,0.9781047411337037,unseen_seastate,0,False,196804,,,,,mse,6000,200,5,150,100|200|400,1091,399,5849,5,1131
deep,tcn,pitch_rate,50,5.0,523680,0.7461665618588715,0.508444561266898,2.1766629752588056,0.8824861145456537,1.2554485176421812,0.5943426204845291,480,0.8765386399032642,0.8886054957173561,unseen_seastate,0,False,196804,,,,,mse,6000,200,5,150,100|200|400,1091,399,5849,5,1131
deep,tcn,pitch_rate,100,10.0,523680,1.578324858747057,1.0625366291775726,1.6285427338449476,0.06072129744809107,1.2555608277890915,1.257067617764341,480,0.02977265991223533,0.08990824300718792,unseen_seastate,0,False,196804,,,,,mse,6000,200,5,150,100|200|400,1091,399,5849,5,1131
deep,tcn,pitch_rate,150,15.0,523680,1.746638568231682,1.2181375626527615,1.8210095949629055,0.08001314243627455,1.2558718343800095,1.3907777214336134,480,0.0523775660663389,0.10711320524656966,unseen_seastate,0,False,196804,,,,,mse,6000,200,5,150,100|200|400,1091,399,5849,5,1131
deep,tcn,heave_rate,10,1.0,523680,0.051123832914514764,0.03816996293613031,0.43962286303504644,0.9864765881948796,0.7338878453162084,0.06966164277116099,480,0.9857793021543876,0.9871564013276466,unseen_seastate,0,False,196804,,,,,mse,6000,200,5,150,100|200|400,1091,399,5849,5,1131
deep,tcn,heave_rate,20,2.0,523680,0.07946492109489077,0.059065113986821384,0.831330600503321,0.9908630051643058,0.7339772507555338,0.1082661908296095,480,0.9904625980692229,0.991223717344933,unseen_seastate,0,False,196804,,,,,mse,6000,200,5,150,100|200|400,1091,399,5849,5,1131
deep,tcn,heave_rate,30,3.0,523680,0.11630481595768424,0.08791535623409164,1.1355935168796936,0.9895106255811055,0.7339926584626707,0.15845501261726755,480,0.9892058459665402,0.9897726436004226,unseen_seastate,0,False,196804,,,,,mse,6000,200,5,150,100|200|400,1091,399,5849,5,1131
deep,tcn,heave_rate,50,5.0,523680,0.16303925828948537,0.1263060807866982,1.3992727536215406,0.9864237562598248,0.7339870840063342,0.22212823882344826,480,0.9861280569410578,0.9867180158098942,unseen_seastate,0,False,196804,,,,,mse,6000,200,5,150,100|200|400,1091,399,5849,5,1131
deep,tcn,heave_rate,100,10.0,523680,0.5214276309204361,0.3901177416183146,0.7686188880550284,0.5397794819450579,0.7341792711661705,0.7102184049574163,480,0.5122862465033918,0.5668282839442899,unseen_seastate,0,False,196804,,,,,mse,6000,200,5,150,100|200|400,1091,399,5849,5,1131
deep,tcn,heave_rate,150,15.0,523680,0.8115937431628483,0.6265480654626486,1.1062898408719488,0.4618051570256603,0.7344735022919635,1.1050007122520105,480,0.44816627789270835,0.4740427088494234,unseen_seastate,0,False,196804,,,,,mse,6000,200,5,150,100|200|400,1091,399,5849,5,1131
deep,tcn,roll,10,1.0,523680,0.23491178112565123,0.17339680125156298,3.2590780805687816,0.9948045871429738,6.257511233296725,0.03754076858474765,480,0.9942438675506491,0.995331071714806,unseen_seastate,1,False,196804,,,,,mse,6000,200,5,150,100|200|400,1091,399,5849,5,1131
deep,tcn,roll,20,2.0,523680,0.351538839482887,0.24692124225717765,6.285047933974578,0.9968715483970015,6.258161704504171,0.056172859712121985,480,0.9966478211287843,0.9970918256167394,unseen_seastate,1,False,196804,,,,,mse,6000,200,5,150,100|200|400,1091,399,5849,5,1131
deep,tcn,roll,30,3.0,523680,0.5810151277256258,0.4028088868107543,8.864075676903322,0.9957035677294531,6.258595534998139,0.09283474614657274,480,0.9954341812387594,0.9959672222129053,unseen_seastate,1,False,196804,,,,,mse,6000,200,5,150,100|200|400,1091,399,5849,5,1131
deep,tcn,roll,50,5.0,523680,0.835098418864065,0.5827908523324044,12.021278604552123,0.9951741480094614,6.259860183654315,0.13340528292383683,480,0.994846674830466,0.9955082066102108,unseen_seastate,1,False,196804,,,,,mse,6000,200,5,150,100|200|400,1091,399,5849,5,1131
deep,tcn,roll,100,10.0,523680,1.5029187609084622,1.0943060429549754,6.568449713232539,0.947646556439973,6.264046458694406,0.23992778004103607,480,0.9444316765132289,0.9504593771455332,unseen_seastate,1,False,196804,,,,,mse,6000,200,5,150,100|200|400,1091,399,5849,5,1131
deep,tcn,roll,150,15.0,523680,2.6052987307990203,1.914945722038936,8.7564747038118,0.9114769312095834,6.268761829209168,0.4156002097032438,480,0.9069712269676965,0.9152193818881538,unseen_seastate,1,False,196804,,,,,mse,6000,200,5,150,100|200|400,1091,399,5849,5,1131
deep,tcn,pitch,10,1.0,523680,0.11890950105812727,0.08893092215266594,1.2222269593969717,0.9905348087041356,1.7978631101886102,0.06613935198083724,480,0.9896755916249493,0.9911655360701217,unseen_seastate,1,False,196804,,,,,mse,6000,200,5,150,100|200|400,1091,399,5849,5,1131
deep,tcn,pitch,20,2.0,523680,0.28490740010112625,0.2064007763120646,2.2561846272019164,0.984053763983731,1.7976679627472303,0.1584872212250617,480,0.9828413080754808,0.984968670043122,unseen_seastate,1,False,196804,,,,,mse,6000,200,5,150,100|200|400,1091,399,5849,5,1131
deep,tcn,pitch,30,3.0,523680,0.4766658718453667,0.34648308779715986,2.967056377161456,0.9741906824982217,1.7976874939255332,0.2651550246948049,480,0.9723711153267912,0.9756296859133724,unseen_seastate,1,False,196804,,,,,mse,6000,200,5,150,100|200|400,1091,399,5849,5,1131
deep,tcn,pitch,50,5.0,523680,0.8000136491436449,0.5332851646010845,3.300416172166559,0.9412433021593454,1.79747298987243,0.4450768682762924,480,0.9355581552804071,0.946553805556558,unseen_seastate,1,False,196804,,,,,mse,6000,200,5,150,100|200|400,1091,399,5849,5,1131
deep,tcn,pitch,100,10.0,523680,1.7942470243126167,1.2448976472803157,2.144295333366592,0.2998432687737965,1.7977594151426086,0.9980462397802471,480,0.25608684801745946,0.34482473156890575,unseen_seastate,1,False,196804,,,,,mse,6000,200,5,150,100|200|400,1091,399,5849,5,1131
deep,tcn,pitch,150,15.0,523680,2.409263338240538,1.712079695430764,2.6217643609330046,0.15553581949690598,1.798277604223273,1.339761632232064,480,0.12481351326678713,0.18486295676344708,unseen_seastate,1,False,196804,,,,,mse,6000,200,5,150,100|200|400,1091,399,5849,5,1131
deep,tcn,heave,10,1.0,523680,0.0509778741533932,0.038020501559324196,0.7225299860835978,0.9950220367014436,1.3040230845977787,0.039092769718196474,480,0.9947664520244585,0.9952606052253059,unseen_seastate,1,False,196804,,,,,mse,6000,200,5,150,100|200|400,1091,399,5849,5,1131
deep,tcn,heave,20,2.0,523680,0.08350265744763642,0.061513787824984706,1.3792122114373386,0.9963344562567596,1.3041370652244855,0.06402905007018019,480,0.9961905336757613,0.9964782951969601,unseen_seastate,1,False,196804,,,,,mse,6000,200,5,150,100|200|400,1091,399,5849,5,1131
deep,tcn,heave,30,3.0,523680,0.1501210615263549,0.11068306250654043,1.9132137912678973,0.9938431829624919,1.3043478521287997,0.11509281153899657,480,0.9936260420525013,0.9940400941472931,unseen_seastate,1,False,196804,,,,,mse,6000,200,5,150,100|200|400,1091,399,5849,5,1131
deep,tcn,heave,50,5.0,523680,0.33188359287604596,0.2548484685718208,2.472256983384014,0.9819787736571518,1.3046969314690733,0.2543760047801668,480,0.9814242039272508,0.9825050313136114,unseen_seastate,1,False,196804,,,,,mse,6000,200,5,150,100|200|400,1091,399,5849,5,1131
deep,tcn,heave,100,10.0,523680,0.8845380154073366,0.667735040010626,1.47333246045951,0.6395612369749804,1.3052530857962559,0.6776754830406959,480,0.6113147542476686,0.6671786958544303,unseen_seastate,1,False,196804,,,,,mse,6000,200,5,150,100|200|400,1091,399,5849,5,1131
deep,tcn,heave,150,15.0,523680,1.3767474328356735,1.063578379423213,1.8506807982960018,0.446591898337504,1.3055953746109255,1.0544977866867458,480,0.4254601189589802,0.46652176374698473,unseen_seastate,1,False,196804,,,,,mse,6000,200,5,150,100|200|400,1091,399,5849,5,1131
deep,tcn,roll_rate,10,1.0,523680,0.2124121842473973,0.15500980687420776,1.750457006043312,0.9852749779731679,3.298699647865669,0.06439270225309317,480,0.9843558272132062,0.9861749501178152,unseen_seastate,1,False,196804,,,,,mse,6000,200,5,150,100|200|400,1091,399,5849,5,1131
deep,tcn,roll_rate,20,2.0,523680,0.2905878864548156,0.2065583436545725,3.3683169500888286,0.9925573240431141,3.2989945899356385,0.08808377174710214,480,0.992197829260528,0.9929502432017013,unseen_seastate,1,False,196804,,,,,mse,6000,200,5,150,100|200|400,1091,399,5849,5,1131
deep,tcn,roll_rate,30,3.0,523680,0.32441085281875165,0.2322480151004881,4.733862565687478,0.995303660780283,3.2994705657891945,0.09832209330261335,480,0.9950604817876509,0.9955692730935469,unseen_seastate,1,False,196804,,,,,mse,6000,200,5,150,100|200|400,1091,399,5849,5,1131
deep,tcn,roll_rate,50,5.0,523680,0.4919975074901006,0.3574322988640695,6.355381178148954,0.9940070231748291,3.300289267129817,0.14907708617856372,480,0.9936051345044116,0.9944117032857881,unseen_seastate,1,False,196804,,,,,mse,6000,200,5,150,100|200|400,1091,399,5849,5,1131
deep,tcn,roll_rate,100,10.0,523680,1.298253192973791,0.8925059521423432,3.3423295852122696,0.8491239684636672,3.3024285854413846,0.3931207471668229,480,0.8405016254668629,0.8581233494571441,unseen_seastate,1,False,196804,,,,,mse,6000,200,5,150,100|200|400,1091,399,5849,5,1131
deep,tcn,roll_rate,150,15.0,523680,2.088957845199974,1.4534428207285919,4.759767557952644,0.8073859943599988,3.3050619125013023,0.6320480222468907,480,0.8002662692104383,0.8146458322422118,unseen_seastate,1,False,196804,,,,,mse,6000,200,5,150,100|200|400,1091,399,5849,5,1131
deep,tcn,pitch_rate,10,1.0,523680,0.1635723125852069,0.11920173272808679,0.9749874850307381,0.9718536874918877,1.2556883011928568,0.13026506054872006,480,0.9695883893208592,0.9736508945004366,unseen_seastate,1,False,196804,,,,,mse,6000,200,5,150,100|200|400,1091,399,5849,5,1131
deep,tcn,pitch_rate,20,2.0,523680,0.28073118122684615,0.20615078691375122,1.7512436883306457,0.9743026618165902,1.2557790553604302,0.2235514121919094,480,0.9727764186805412,0.9755930205823835,unseen_seastate,1,False,196804,,,,,mse,6000,200,5,150,100|200|400,1091,399,5849,5,1131
deep,tcn,pitch_rate,30,3.0,523680,0.31242818382036575,0.22679259102187302,2.2051006987242707,0.9799255546496658,1.255593182987374,0.2488291494837683,480,0.9787580765018459,0.9810306282730014,unseen_seastate,1,False,196804,,,,,mse,6000,200,5,150,100|200|400,1091,399,5849,5,1131
deep,tcn,pitch_rate,50,5.0,523680,0.7190260385363914,0.4799525940035464,2.1766629752588056,0.8908793721785139,1.2554485176421812,0.5727244314938312,480,0.8848241396127634,0.8972815893345283,unseen_seastate,1,False,196804,,,,,mse,6000,200,5,150,100|200|400,1091,399,5849,5,1131
deep,tcn,pitch_rate,100,10.0,523680,1.5811061782406768,1.0652613450732646,1.6285427338449476,0.05740799225262683,1.2555608277890915,1.2592828186785947,480,0.022454229719970506,0.08829322599370502,unseen_seastate,1,False,196804,,,,,mse,6000,200,5,150,100|200|400,1091,399,5849,5,1131
deep,tcn,pitch_rate,150,15.0,523680,1.6980583522793549,1.1963190181739787,1.8210095949629055,0.13047764417476482,1.2558718343800095,1.3520952582853656,480,0.1085762335149336,0.15118952890792542,unseen_seastate,1,False,196804,,,,,mse,6000,200,5,150,100|200|400,1091,399,5849,5,1131
deep,tcn,heave_rate,10,1.0,523680,0.04985560328006582,0.036495694892243066,0.43962286303504644,0.9871392169799857,0.7338878453162084,0.06793354542966257,480,0.9863561022756258,0.987803626013406,unseen_seastate,1,False,196804,,,,,mse,6000,200,5,150,100|200|400,1091,399,5849,5,1131
deep,tcn,heave_rate,20,2.0,523680,0.08641994737712712,0.0636295217196605,0.831330600503321,0.9891936143684161,0.7339772507555338,0.11774199716431137,480,0.9885840854313643,0.9897193025667667,unseen_seastate,1,False,196804,,,,,mse,6000,200,5,150,100|200|400,1091,399,5849,5,1131
deep,tcn,heave_rate,30,3.0,523680,0.12150863470958849,0.09186724859815923,1.1355935168796936,0.9885509758026487,0.7339926584626707,0.1655447548536593,480,0.9881630746708828,0.988908380791846,unseen_seastate,1,False,196804,,,,,mse,6000,200,5,150,100|200|400,1091,399,5849,5,1131
deep,tcn,heave_rate,50,5.0,523680,0.16562060507709156,0.12847179082492743,1.3992727536215406,0.9859904566797785,0.7339870840063342,0.2256451219455822,480,0.9856706716428937,0.9862736945448387,unseen_seastate,1,False,196804,,,,,mse,6000,200,5,150,100|200|400,1091,399,5849,5,1131
deep,tcn,heave_rate,100,10.0,523680,0.5285047670763355,0.39761394655823096,0.7686188880550284,0.5272019107935056,0.7341792711661705,0.7198579254857719,480,0.5003389634292519,0.5528222422591926,unseen_seastate,1,False,196804,,,,,mse,6000,200,5,150,100|200|400,1091,399,5849,5,1131
deep,tcn,heave_rate,150,15.0,523680,0.8030311285157733,0.6218711959586513,1.1062898408719488,0.473101560324965,0.7344735022919635,1.0933425453877805,480,0.46048791952144397,0.4845704532769688,unseen_seastate,1,False,196804,,,,,mse,6000,200,5,150,100|200|400,1091,399,5849,5,1131
deep,tcn,roll,10,1.0,523680,0.26980931780167394,0.19930192384424714,3.2590780805687816,0.9931463115770405,6.257511233296725,0.043117672145116845,480,0.9924238420253402,0.9938187572488193,unseen_seastate,2,False,196804,,,,,mse,6000,200,5,150,100|200|400,1091,399,5849,5,1131
deep,tcn,roll,20,2.0,523680,0.36636506972369254,0.26292918161243795,6.285047933974578,0.9966020973535036,6.258161704504171,0.058541962803551326,480,0.9962359385964072,0.9969541782728872,unseen_seastate,2,False,196804,,,,,mse,6000,200,5,150,100|200|400,1091,399,5849,5,1131
deep,tcn,roll,30,3.0,523680,0.564624454244027,0.4062742001282949,8.864075676903322,0.9959425567220468,6.258595534998139,0.09021584013324403,480,0.99557963492513,0.9963052694811811,unseen_seastate,2,False,196804,,,,,mse,6000,200,5,150,100|200|400,1091,399,5849,5,1131
deep,tcn,roll,50,5.0,523680,0.8043311004158414,0.5606255704137119,12.021278604552123,0.9955231927290694,6.259860183654315,0.12849026604717192,480,0.9951503390505612,0.9958766562151006,unseen_seastate,2,False,196804,,,,,mse,6000,200,5,150,100|200|400,1091,399,5849,5,1131
deep,tcn,roll,100,10.0,523680,1.4929787597163688,1.1176032011706143,6.568449713232539,0.9483367765860194,6.264046458694406,0.2383409461537655,480,0.9447922257050256,0.9514286009960274,unseen_seastate,2,False,196804,,,,,mse,6000,200,5,150,100|200|400,1091,399,5849,5,1131
deep,tcn,roll,150,15.0,523680,2.6760762818630566,2.001847507645569,8.7564747038118,0.9066018265533008,6.268761829209168,0.4268907249584653,480,0.9016469222102244,0.9107454521985499,unseen_seastate,2,False,196804,,,,,mse,6000,200,5,150,100|200|400,1091,399,5849,5,1131
deep,tcn,pitch,10,1.0,523680,0.10874543521753048,0.08097936603352654,1.2222269593969717,0.9920837709172952,1.7978631101886102,0.060485937222507564,480,0.991356031974801,0.9926586085703418,unseen_seastate,2,False,196804,,,,,mse,6000,200,5,150,100|200|400,1091,399,5849,5,1131
deep,tcn,pitch,20,2.0,523680,0.2581645355343982,0.18952654500691968,2.2561846272019164,0.9869068575451615,1.7976679627472303,0.14361080070641427,480,0.9861329325142468,0.9875710963150701,unseen_seastate,2,False,196804,,,,,mse,6000,200,5,150,100|200|400,1091,399,5849,5,1131
deep,tcn,pitch,30,3.0,523680,0.42709391712349604,0.3168397946213508,2.967056377161456,0.9792797412158796,1.7976874939255332,0.23757962302495042,480,0.9781162578303323,0.9802845167965202,unseen_seastate,2,False,196804,,,,,mse,6000,200,5,150,100|200|400,1091,399,5849,5,1131
deep,tcn,pitch,50,5.0,523680,0.8184234801531467,0.543831704892333,3.300416172166559,0.9385079816476868,1.79747298987243,0.4553189309460676,480,0.932336642560141,0.9443040463594943,unseen_seastate,2,False,196804,,,,,mse,6000,200,5,150,100|200|400,1091,399,5849,5,1131
deep,tcn,pitch,100,10.0,523680,1.8091123146928603,1.2482476710802806,2.144295333366592,0.2881936484897404,1.7977594151426086,1.0063150271691672,480,0.23936806812034367,0.33780279861606294,unseen_seastate,2,False,196804,,,,,mse,6000,200,5,150,100|200|400,1091,399,5849,5,1131
deep,tcn,pitch,150,15.0,523680,2.400591164064788,1.7152323835431342,2.6217643609330046,0.16160419742279797,1.798277604223273,1.3349391431150426,480,0.13289627117479677,0.18833392548787786,unseen_seastate,2,False,196804,,,,,mse,6000,200,5,150,100|200|400,1091,399,5849,5,1131
deep,tcn,heave,10,1.0,523680,0.054260827152768434,0.04022774023546059,0.7225299860835978,0.9943602342159773,1.3040230845977787,0.04161032714348381,480,0.9941128002881263,0.9946012338942045,unseen_seastate,2,False,196804,,,,,mse,6000,200,5,150,100|200|400,1091,399,5849,5,1131
deep,tcn,heave,20,2.0,523680,0.0822510017866764,0.06185919472358377,1.3792122114373386,0.9964435213576199,1.3041370652244855,0.06306929231592559,480,0.9963254780601482,0.9965561516078217,unseen_seastate,2,False,196804,,,,,mse,6000,200,5,150,100|200|400,1091,399,5849,5,1131
deep,tcn,heave,30,3.0,523680,0.14152985508349877,0.10683194434239644,1.9132137912678973,0.9945277098243365,1.3043478521287997,0.10850622006431089,480,0.9943867911288665,0.9946565484241379,unseen_seastate,2,False,196804,,,,,mse,6000,200,5,150,100|200|400,1091,399,5849,5,1131
deep,tcn,heave,50,5.0,523680,0.327008947961061,0.25154652517031,2.472256983384014,0.9825042707916136,1.3046969314690733,0.25063977700388457,480,0.9818760306283791,0.9830729941333992,unseen_seastate,2,False,196804,,,,,mse,6000,200,5,150,100|200|400,1091,399,5849,5,1131
deep,tcn,heave,100,10.0,523680,0.8818588575020417,0.6613141059892931,1.47333246045951,0.6417413804907136,1.3052530857962559,0.6756228865485294,480,0.6112261640981363,0.6704491691121632,unseen_seastate,2,False,196804,,,,,mse,6000,200,5,150,100|200|400,1091,399,5849,5,1131
deep,tcn,heave,150,15.0,523680,1.3854926564627035,1.0689353015312562,1.8506807982960018,0.43953897268946773,1.3055953746109255,1.0611960515527927,480,0.41708302822040766,0.4601230031180825,unseen_seastate,2,False,196804,,,,,mse,6000,200,5,150,100|200|400,1091,399,5849,5,1131
deep,tcn,roll_rate,10,1.0,523680,0.16762539177116312,0.12321760066582495,1.750457006043312,0.9908298441818734,3.298699647865669,0.050815596951853566,480,0.9899097853358749,0.9916910517742964,unseen_seastate,2,False,196804,,,,,mse,6000,200,5,150,100|200|400,1091,399,5849,5,1131
deep,tcn,roll_rate,20,2.0,523680,0.2648841643925231,0.1959266678678656,3.3683169500888286,0.9938157635005607,3.2989945899356385,0.0802923912638762,480,0.9934097637151776,0.9942391876382353,unseen_seastate,2,False,196804,,,,,mse,6000,200,5,150,100|200|400,1091,399,5849,5,1131
deep,tcn,roll_rate,30,3.0,523680,0.32919873199149263,0.2397562622552843,4.733862565687478,0.9951640142004162,3.2994705657891945,0.09977319858671088,480,0.9949281310999549,0.9953943031184715,unseen_seastate,2,False,196804,,,,,mse,6000,200,5,150,100|200|400,1091,399,5849,5,1131
deep,tcn,roll_rate,50,5.0,523680,0.4622995849920851,0.33895931881220287,6.355381178148954,0.9947086827614895,3.300289267129817,0.14007850451064735,480,0.994321665541222,0.9950796354884791,unseen_seastate,2,False,196804,,,,,mse,6000,200,5,150,100|200|400,1091,399,5849,5,1131
deep,tcn,roll_rate,100,10.0,523680,1.3347083141912945,0.9169582150785247,3.3423295852122696,0.8405317658386443,3.3024285854413846,0.40415962969655095,480,0.8311559719645973,0.8504538341476904,unseen_seastate,2,False,196804,,,,,mse,6000,200,5,150,100|200|400,1091,399,5849,5,1131
deep,tcn,roll_rate,150,15.0,523680,2.136015263963816,1.4746273420149778,4.759767557952644,0.7986103187532041,3.3050619125013023,0.6462860062876279,480,0.7902913831686756,0.8072660600455799,unseen_seastate,2,False,196804,,,,,mse,6000,200,5,150,100|200|400,1091,399,5849,5,1131
deep,tcn,pitch_rate,10,1.0,523680,0.16272212014344467,0.12087183993859928,0.9749874850307381,0.9721455167434915,1.2556883011928568,0.12958798771069602,480,0.9702770908860168,0.9735892635515134,unseen_seastate,2,False,196804,,,,,mse,6000,200,5,150,100|200|400,1091,399,5849,5,1131
deep,tcn,pitch_rate,20,2.0,523680,0.26244387024242644,0.19503517609318127,1.7512436883306457,0.9775415540522583,1.2557790553604302,0.2089888895042134,480,0.9764322750167624,0.9784164565598277,unseen_seastate,2,False,196804,,,,,mse,6000,200,5,150,100|200|400,1091,399,5849,5,1131
deep,tcn,pitch_rate,30,3.0,523680,0.3195737851940505,0.23114196134807047,2.2051006987242707,0.9789968013654872,1.255593182987374,0.25452016586590853,480,0.9778025520266949,0.9802243138484846,unseen_seastate,2,False,196804,,,,,mse,6000,200,5,150,100|200|400,1091,399,5849,5,1131
deep,tcn,pitch_rate,50,5.0,523680,0.7092031240949942,0.4669681381301815,2.1766629752588056,0.893840491293484,1.2554485176421812,0.5649002042926671,480,0.8872630695342371,0.9007163326475277,unseen_seastate,2,False,196804,,,,,mse,6000,200,5,150,100|200|400,1091,399,5849,5,1131
deep,tcn,pitch_rate,100,10.0,523680,1.581275973810257,1.075658869846705,1.6285427338449476,0.05720553078249435,1.2555608277890915,1.2594180535201271,480,0.026091357779105546,0.08597756259473958,unseen_seastate,2,False,196804,,,,,mse,6000,200,5,150,100|200|400,1091,399,5849,5,1131
deep,tcn,pitch_rate,150,15.0,523680,1.7440903676816677,1.212721204431677,1.8210095949629055,0.08269555307527066,1.2558718343800095,1.388748692292059,480,0.053878646446055445,0.1109342782637711,unseen_seastate,2,False,196804,,,,,mse,6000,200,5,150,100|200|400,1091,399,5849,5,1131
deep,tcn,heave_rate,10,1.0,523680,0.04846212854856981,0.03635989897674799,0.43962286303504644,0.987848093200809,0.7338878453162084,0.06603478836427527,480,0.987338436106335,0.988327557865861,unseen_seastate,2,False,196804,,,,,mse,6000,200,5,150,100|200|400,1091,399,5849,5,1131
deep,tcn,heave_rate,20,2.0,523680,0.08120651286533637,0.061296456117654004,0.831330600503321,0.9904581147453811,0.7339772507555338,0.11063900520315155,480,0.9900936755531786,0.9907925053888763,unseen_seastate,2,False,196804,,,,,mse,6000,200,5,150,100|200|400,1091,399,5849,5,1131
deep,tcn,heave_rate,30,3.0,523680,0.11635078312094264,0.08846582235835632,1.1355935168796936,0.9895023325097337,0.7339926584626707,0.15851763880668296,480,0.9891857543704027,0.9897935100190818,unseen_seastate,2,False,196804,,,,,mse,6000,200,5,150,100|200|400,1091,399,5849,5,1131
deep,tcn,heave_rate,50,5.0,523680,0.15880183318591035,0.12300435867694204,1.3992727536215406,0.9871202845687673,0.7339870840063342,0.21635507851053673,480,0.9868305160379892,0.987392047458149,unseen_seastate,2,False,196804,,,,,mse,6000,200,5,150,100|200|400,1091,399,5849,5,1131
deep,tcn,heave_rate,100,10.0,523680,0.5237078407544636,0.39277155093710114,0.7686188880550284,0.5357455803746272,0.7341792711661705,0.7133241993098034,480,0.5085763404077638,0.5622371784755835,unseen_seastate,2,False,196804,,,,,mse,6000,200,5,150,100|200|400,1091,399,5849,5,1131
deep,tcn,heave_rate,150,15.0,523680,0.8217734924479404,0.6347032136578545,1.1062898408719488,0.4482194240895869,0.7344735022919635,1.1188606394697054,480,0.4343634614078664,0.4611245371579063,unseen_seastate,2,False,196804,,,,,mse,6000,200,5,150,100|200|400,1091,399,5849,5,1131
deep,transformer,roll,10,1.0,523680,1.5987768693474793,0.7815612775889661,3.2590780805687816,0.7593498248808234,6.257511233296725,0.2554972431915516,480,0.7399214020054339,0.7789684190546091,unseen_seastate,0,False,2712708,,,,,mse,6000,200,5,150,100|200|400,1091,399,5849,5,1131
deep,transformer,roll,20,2.0,523680,1.6902669140354292,0.8352335464702861,6.285047933974578,0.9276741756228234,6.258161704504171,0.2700900030785235,480,0.9218448799998752,0.9335615131096093,unseen_seastate,0,False,2712708,,,,,mse,6000,200,5,150,100|200|400,1091,399,5849,5,1131
deep,transformer,roll,30,3.0,523680,1.7929039780636882,0.92794618596466,8.864075676903322,0.959088335305569,6.258595534998139,0.28647065752016543,480,0.9559242958185502,0.9623224959002309,unseen_seastate,0,False,2712708,,,,,mse,6000,200,5,150,100|200|400,1091,399,5849,5,1131
deep,transformer,roll,50,5.0,523680,1.9100484155894626,1.0338869152595243,12.021278604552123,0.9747542994411079,6.259860183654315,0.30512637016669514,480,0.9730114314872057,0.976571965763093,unseen_seastate,0,False,2712708,,,,,mse,6000,200,5,150,100|200|400,1091,399,5849,5,1131
deep,transformer,roll,100,10.0,523680,2.466679524726587,1.596540106355825,6.568449713232539,0.8589738340621561,6.264046458694406,0.3937837212721933,480,0.8507537272188365,0.8668135924850522,unseen_seastate,0,False,2712708,,,,,mse,6000,200,5,150,100|200|400,1091,399,5849,5,1131
deep,transformer,roll,150,15.0,523680,3.6538758699888225,2.4391086791507,8.7564747038118,0.8258798695302398,6.268761829209168,0.5828704247406024,480,0.8194137670230079,0.8322448658968187,unseen_seastate,0,False,2712708,,,,,mse,6000,200,5,150,100|200|400,1091,399,5849,5,1131
deep,transformer,pitch,10,1.0,523680,0.4922489863594239,0.3081441211057867,1.2222269593969717,0.8377943629129694,1.7978631101886102,0.27379669985429705,480,0.8250469092163888,0.8491396739224555,unseen_seastate,0,False,2712708,,,,,mse,6000,200,5,150,100|200|400,1091,399,5849,5,1131
deep,transformer,pitch,20,2.0,523680,0.5825879767915879,0.3778856024163001,2.2561846272019164,0.9333233512344756,1.7976679627472303,0.32407985727312283,480,0.9285063733552321,0.9375467333213976,unseen_seastate,0,False,2712708,,,,,mse,6000,200,5,150,100|200|400,1091,399,5849,5,1131
deep,transformer,pitch,30,3.0,523680,0.6803367817119014,0.4508666416253783,2.967056377161456,0.9474229390224428,1.7976874939255332,0.37845108452430687,480,0.9439564750735009,0.9505695756725033,unseen_seastate,0,False,2712708,,,,,mse,6000,200,5,150,100|200|400,1091,399,5849,5,1131
deep,transformer,pitch,50,5.0,523680,0.9963276892531443,0.6943331287444084,3.300416172166559,0.9088688213707696,1.79747298987243,0.5542935525967795,480,0.903677606703319,0.9132050494150242,unseen_seastate,0,False,2712708,,,,,mse,6000,200,5,150,100|200|400,1091,399,5849,5,1131
deep,transformer,pitch,100,10.0,523680,1.9114541200877313,1.363956981361212,2.144295333366592,0.20538171266397487,1.7977594151426086,1.0632424472304063,480,0.16930511323302716,0.24623727506253207,unseen_seastate,0,False,2712708,,,,,mse,6000,200,5,150,100|200|400,1091,399,5849,5,1131
deep,transformer,pitch,150,15.0,523680,2.5157054371143843,1.8178819216671271,2.6217643609330046,0.07927005995314007,1.798277604223273,1.3989527708103715,480,0.05008175313890657,0.10735774546316117,unseen_seastate,0,False,2712708,,,,,mse,6000,200,5,150,100|200|400,1091,399,5849,5,1131
deep,transformer,heave,10,1.0,523680,0.3226710800681585,0.18146377621526513,0.7225299860835978,0.8005618053465287,1.3040230845977787,0.24744276683390556,480,0.7861923062269455,0.8153178867190934,unseen_seastate,0,False,2712708,,,,,mse,6000,200,5,150,100|200|400,1091,399,5849,5,1131
deep,transformer,heave,20,2.0,523680,0.35227345738624366,0.20662911827589073,1.3792122114373386,0.9347624479792166,1.3041370652244855,0.27011996421220164,480,0.9303058488880492,0.9395015465525396,unseen_seastate,0,False,2712708,,,,,mse,6000,200,5,150,100|200|400,1091,399,5849,5,1131
deep,transformer,heave,30,3.0,523680,0.3840997750114017,0.2443457752339472,1.9132137912678973,0.9596947981957877,1.3043478521287997,0.2944764882960632,480,0.9572254835384182,0.9622753884975958,unseen_seastate,0,False,2712708,,,,,mse,6000,200,5,150,100|200|400,1091,399,5849,5,1131
deep,transformer,heave,50,5.0,523680,0.4681858580817345,0.34469241334110845,2.472256983384014,0.9641367735820711,1.3046969314690733,0.35884644685610073,480,0.9627720265112253,0.9654020260278026,unseen_seastate,0,False,2712708,,,,,mse,6000,200,5,150,100|200|400,1091,399,5849,5,1131
deep,transformer,heave,100,10.0,523680,0.9355672708147245,0.7262801205481028,1.47333246045951,0.5967740014487031,1.3052530857962559,0.7167707787827152,480,0.5707754165717412,0.6238577786762775,unseen_seastate,0,False,2712708,,,,,mse,6000,200,5,150,100|200|400,1091,399,5849,5,1131
deep,transformer,heave,150,15.0,523680,1.3995115414456316,1.0925182160482316,1.8506807982960018,0.4281397224161432,1.3055953746109255,1.071933593409592,480,0.4067817664627764,0.4480798215530192,unseen_seastate,0,False,2712708,,,,,mse,6000,200,5,150,100|200|400,1091,399,5849,5,1131
deep,transformer,roll_rate,10,1.0,523680,0.8558531701449197,0.43936089494924563,1.750457006043312,0.7609462114845567,3.298699647865669,0.2594516814220038,480,0.7425951433797002,0.779482179248513,unseen_seastate,0,False,2712708,,,,,mse,6000,200,5,150,100|200|400,1091,399,5849,5,1131
deep,transformer,roll_rate,20,2.0,523680,0.9433628058137151,0.5016428999134107,3.3683169500888286,0.9215610815287893,3.2989945899356385,0.28595463863192316,480,0.9159292004807468,0.9272384914107547,unseen_seastate,0,False,2712708,,,,,mse,6000,200,5,150,100|200|400,1091,399,5849,5,1131
deep,transformer,roll_rate,30,3.0,523680,0.9856423797746452,0.5239695345792696,4.733862565687478,0.9566481688253337,3.2994705657891945,0.29872743524199047,480,0.9536715075382712,0.9597458367689652,unseen_seastate,0,False,2712708,,,,,mse,6000,200,5,150,100|200|400,1091,399,5849,5,1131
deep,transformer,roll_rate,50,5.0,523680,1.0390648791021824,0.6197889066225185,6.355381178148954,0.9732698051531561,3.300289267129817,0.3148405472971866,480,0.9716218909758122,0.9749847379233049,unseen_seastate,0,False,2712708,,,,,mse,6000,200,5,150,100|200|400,1091,399,5849,5,1131
deep,transformer,roll_rate,100,10.0,523680,1.5369704763628476,1.0260643807008345,3.3423295852122696,0.7885379178979247,3.3024285854413846,0.46540612055579833,480,0.7777885957159129,0.7999116273718793,unseen_seastate,0,False,2712708,,,,,mse,6000,200,5,150,100|200|400,1091,399,5849,5,1131
deep,transformer,roll_rate,150,15.0,523680,2.277069891520822,1.5400157515103154,4.759767557952644,0.7711340246015612,3.3050619125013023,0.688964367931466,480,0.7632502363672996,0.7793467680383737,unseen_seastate,0,False,2712708,,,,,mse,6000,200,5,150,100|200|400,1091,399,5849,5,1131
deep,transformer,pitch_rate,10,1.0,523680,0.3377586876687661,0.21883508260728515,0.9749874850307381,0.8799906800187408,1.2556883011928568,0.2689829055092,480,0.8723515941045769,0.8867896085923928,unseen_seastate,0,False,2712708,,,,,mse,6000,200,5,150,100|200|400,1091,399,5849,5,1131
deep,transformer,pitch_rate,20,2.0,523680,0.3757639365063554,0.25377963076664184,1.7512436883306457,0.9539598184366754,1.2557790553604302,0.2992277462363829,480,0.9512504051134868,0.9562625625912878,unseen_seastate,0,False,2712708,,,,,mse,6000,200,5,150,100|200|400,1091,399,5849,5,1131
deep,transformer,pitch_rate,30,3.0,523680,0.4380907192691236,0.2960662320437584,2.2051006987242707,0.960529625032543,1.255593182987374,0.34891135536973433,480,0.9589191095304934,0.9620058808327918,unseen_seastate,0,False,2712708,,,,,mse,6000,200,5,150,100|200|400,1091,399,5849,5,1131
deep,transformer,pitch_rate,50,5.0,523680,0.7679997006223472,0.5484563385239984,2.1766629752588056,0.8755084938048744,1.2554485176421812,0.6117333286311919,480,0.8717535514221834,0.8789022205713848,unseen_seastate,0,False,2712708,,,,,mse,6000,200,5,150,100|200|400,1091,399,5849,5,1131
deep,transformer,pitch_rate,100,10.0,523680,1.5742710839928937,1.0672885334281876,1.6285427338449476,0.06553999432545654,1.2555608277890915,1.2538389611636873,480,0.040058179097466645,0.09053043092216637,unseen_seastate,0,False,2712708,,,,,mse,6000,200,5,150,100|200|400,1091,399,5849,5,1131
deep,transformer,pitch_rate,150,15.0,523680,1.7405105301672663,1.228844536885394,1.8210095949629055,0.08645732006249696,1.2558718343800095,1.385898212317589,480,0.06636083190318232,0.1064763438162733,unseen_seastate,0,False,2712708,,,,,mse,6000,200,5,150,100|200|400,1091,399,5849,5,1131
deep,transformer,heave_rate,10,1.0,523680,0.1844837553328277,0.10626117221260689,0.43962286303504644,0.8239014741386725,0.7338878453162084,0.25137867660601415,480,0.8112454571854217,0.8368868203500627,unseen_seastate,0,False,2712708,,,,,mse,6000,200,5,150,100|200|400,1091,399,5849,5,1131
deep,transformer,heave_rate,20,2.0,523680,0.1950219031522563,0.11794775590791243,0.831330600503321,0.9449674994033328,0.7339772507555338,0.26570565089245846,480,0.9410571698537714,0.9487587282309894,unseen_seastate,0,False,2712708,,,,,mse,6000,200,5,150,100|200|400,1091,399,5849,5,1131
deep,transformer,heave_rate,30,3.0,523680,0.2131922941673959,0.14093901574158818,1.1355935168796936,0.9647550257826742,0.7339926584626707,0.2904556220138793,480,0.962556174956205,0.9668974708700374,unseen_seastate,0,False,2712708,,,,,mse,6000,200,5,150,100|200|400,1091,399,5849,5,1131
deep,transformer,heave_rate,50,5.0,523680,0.2511313589631694,0.17592291252337666,1.3992727536215406,0.9677895243449341,0.7339870840063342,0.34214683668875323,480,0.966500006343375,0.9690460357480913,unseen_seastate,0,False,2712708,,,,,mse,6000,200,5,150,100|200|400,1091,399,5849,5,1131
deep,transformer,heave_rate,100,10.0,523680,0.5576253054253609,0.4159808789661997,0.7686188880550284,0.4736642819297402,0.7341792711661705,0.7595219959556047,480,0.4422399905810162,0.5032037287643492,unseen_seastate,0,False,2712708,,,,,mse,6000,200,5,150,100|200|400,1091,399,5849,5,1131
deep,transformer,heave_rate,150,15.0,523680,0.8003524428634198,0.6130626419959505,1.1062898408719488,0.47661086708033507,0.7344735022919635,1.0896954626216977,480,0.4664203163740987,0.4858162607935088,unseen_seastate,0,False,2712708,,,,,mse,6000,200,5,150,100|200|400,1091,399,5849,5,1131
deep,transformer,roll,10,1.0,523680,1.1259585199233697,0.6526744258097834,3.2590780805687816,0.8806409778274956,6.257511233296725,0.17993711524352574,480,0.8722226399023024,0.8884225867586613,unseen_seastate,1,False,2712708,,,,,mse,6000,200,5,150,100|200|400,1091,399,5849,5,1131
deep,transformer,roll,20,2.0,523680,1.225877130018399,0.7189873659225973,6.285047933974578,0.9619568300562514,6.258161704504171,0.1958845405250717,480,0.9591517541677668,0.9644224959586124,unseen_seastate,1,False,2712708,,,,,mse,6000,200,5,150,100|200|400,1091,399,5849,5,1131
deep,transformer,roll,30,3.0,523680,1.3640742210539567,0.8176370908652012,8.864075676903322,0.9763185062582147,6.258595534998139,0.21795212894427157,480,0.974719239003882,0.9778642164182639,unseen_seastate,1,False,2712708,,,,,mse,6000,200,5,150,100|200|400,1091,399,5849,5,1131
deep,transformer,roll,50,5.0,523680,1.5691654313776455,0.9443946025339336,12.021278604552123,0.982961312441673,6.259860183654315,0.25067100308007434,480,0.9818909324792174,0.984023693160829,unseen_seastate,1,False,2712708,,,,,mse,6000,200,5,150,100|200|400,1091,399,5849,5,1131
deep,transformer,roll,100,10.0,523680,2.225969455528918,1.524405055819637,6.568449713232539,0.885154854412703,6.264046458694406,0.35535647288172717,480,0.8778153096349547,0.8924091911580726,unseen_seastate,1,False,2712708,,,,,mse,6000,200,5,150,100|200|400,1091,399,5849,5,1131
deep,transformer,roll,150,15.0,523680,3.357920292160067,2.354837067477985,8.7564747038118,0.8529441955911289,6.268761829209168,0.5356592551520949,480,0.8468995540480789,0.8589414823973991,unseen_seastate,1,False,2712708,,,,,mse,6000,200,5,150,100|200|400,1091,399,5849,5,1131
deep,transformer,pitch,10,1.0,523680,0.49900778393266104,0.3144123251278287,1.2222269593969717,0.8333094719586326,1.7978631101886102,0.27755605034930114,480,0.8215221240354986,0.843954822298816,unseen_seastate,1,False,2712708,,,,,mse,6000,200,5,150,100|200|400,1091,399,5849,5,1131
deep,transformer,pitch,20,2.0,523680,0.6167467053594814,0.4006477637481486,2.2561846272019164,0.9252752613435429,1.7976679627472303,0.343081546837469,480,0.9200925980844349,0.9298797674312309,unseen_seastate,1,False,2712708,,,,,mse,6000,200,5,150,100|200|400,1091,399,5849,5,1131
deep,transformer,pitch,30,3.0,523680,0.7355949144583755,0.48524530657448195,2.967056377161456,0.9385352896636777,1.7976874939255332,0.40918953763876303,480,0.9345159863535449,0.9421778631109653,unseen_seastate,1,False,2712708,,,,,mse,6000,200,5,150,100|200|400,1091,399,5849,5,1131
deep,transformer,pitch,50,5.0,523680,1.014513390200208,0.7055634258679325,3.300416172166559,0.905511674195054,1.79747298987243,0.5644109235111288,480,0.8996189472185556,0.9105943035877966,unseen_seastate,1,False,2712708,,,,,mse,6000,200,5,150,100|200|400,1091,399,5849,5,1131
deep,transformer,pitch,100,10.0,523680,1.8991988044218386,1.3260267580113703,2.144295333366592,0.21553846110412844,1.7977594151426086,1.056425452941479,480,0.1803124375769647,0.2587329496320305,unseen_seastate,1,False,2712708,,,,,mse,6000,200,5,150,100|200|400,1091,399,5849,5,1131
deep,transformer,pitch,150,15.0,523680,2.4708366931354586,1.7390082398172677,2.6217643609330046,0.11182044227204213,1.798277604223273,1.374001815588802,480,0.07457527648271976,0.1483226842282811,unseen_seastate,1,False,2712708,,,,,mse,6000,200,5,150,100|200|400,1091,399,5849,5,1131
deep,transformer,heave,10,1.0,523680,0.27228920141782076,0.16406428707141654,0.7225299860835978,0.8579801384064633,1.3040230845977787,0.2088070407908518,480,0.8494285158335283,0.8673147409901463,unseen_seastate,1,False,2712708,,,,,mse,6000,200,5,150,100|200|400,1091,399,5849,5,1131
deep,transformer,heave,20,2.0,523680,0.3150493527863501,0.19517558702934248,1.3792122114373386,0.9478210907768845,1.3041370652244855,0.24157687193111071,480,0.9447941910240027,0.9510144841967664,unseen_seastate,1,False,2712708,,,,,mse,6000,200,5,150,100|200|400,1091,399,5849,5,1131
deep,transformer,heave,30,3.0,523680,0.36424311819110977,0.24049667419119197,1.9132137912678973,0.9637543656593305,1.3043478521287997,0.2792530517044483,480,0.9619620994512021,0.9656413257479318,unseen_seastate,1,False,2712708,,,,,mse,6000,200,5,150,100|200|400,1091,399,5849,5,1131
deep,transformer,heave,50,5.0,523680,0.4520861690513538,0.34127105415790143,2.472256983384014,0.966560850991304,1.3046969314690733,0.34650665464684594,480,0.9657000841729931,0.9673862767116732,unseen_seastate,1,False,2712708,,,,,mse,6000,200,5,150,100|200|400,1091,399,5849,5,1131
deep,transformer,heave,100,10.0,523680,0.9354751289629536,0.7252014411402014,1.47333246045951,0.5968534231252464,1.3052530857962559,0.716700185690254,480,0.5699881475474229,0.6246644773053773,unseen_seastate,1,False,2712708,,,,,mse,6000,200,5,150,100|200|400,1091,399,5849,5,1131
deep,transformer,heave,150,15.0,523680,1.4033833252599157,1.0911635977003638,1.8506807982960018,0.4249712139622609,1.3055953746109255,1.0748991246067578,480,0.4031677935349409,0.4450724152087196,unseen_seastate,1,False,2712708,,,,,mse,6000,200,5,150,100|200|400,1091,399,5849,5,1131
deep,transformer,roll_rate,10,1.0,523680,0.5838607609793809,0.35011574381345795,1.750457006043312,0.8887459879738505,3.298699647865669,0.17699724840276124,480,0.8818616614456377,0.8950032188020873,unseen_seastate,1,False,2712708,,,,,mse,6000,200,5,150,100|200|400,1091,399,5849,5,1131
deep,transformer,roll_rate,20,2.0,523680,0.6878159231760653,0.415963378241441,3.3683169500888286,0.9583016807726434,3.2989945899356385,0.20849258900709025,480,0.9559012513790509,0.9605888223767914,unseen_seastate,1,False,2712708,,,,,mse,6000,200,5,150,100|200|400,1091,399,5849,5,1131
deep,transformer,roll_rate,30,3.0,523680,0.7479706817006553,0.44925486792136937,4.733862565687478,0.975034638463717,3.2994705657891945,0.2266941519212339,480,0.9736219975101132,0.976394779241126,unseen_seastate,1,False,2712708,,,,,mse,6000,200,5,150,100|200|400,1091,399,5849,5,1131
deep,transformer,roll_rate,50,5.0,523680,0.8739928552751116,0.5795818136487709,6.355381178148954,0.9810882134355359,3.300289267129817,0.2648231062591681,480,0.9800114359620328,0.9821446108308324,unseen_seastate,1,False,2712708,,,,,mse,6000,200,5,150,100|200|400,1091,399,5849,5,1131
deep,transformer,roll_rate,100,10.0,523680,1.4403277558976064,1.0043975527461735,3.3423295852122696,0.8142947792316465,3.3024285854413846,0.43614198418922057,480,0.804886226578657,0.8239351695000536,unseen_seastate,1,False,2712708,,,,,mse,6000,200,5,150,100|200|400,1091,399,5849,5,1131
deep,transformer,roll_rate,150,15.0,523680,2.1360557889804506,1.483825374932665,4.759767557952644,0.7986026770497578,3.3050619125013023,0.6462982677876261,480,0.7922678577957372,0.8052509559064768,unseen_seastate,1,False,2712708,,,,,mse,6000,200,5,150,100|200|400,1091,399,5849,5,1131
deep,transformer,pitch_rate,10,1.0,523680,0.3341426664282121,0.2137993496234937,0.9749874850307381,0.882546547938749,1.2556883011928568,0.26610319305419117,480,0.8751364638036787,0.8893341769092429,unseen_seastate,1,False,2712708,,,,,mse,6000,200,5,150,100|200|400,1091,399,5849,5,1131
deep,transformer,pitch_rate,20,2.0,523680,0.39192283767384656,0.2609956664287637,1.7512436883306457,0.9499149656763395,1.2557790553604302,0.3120953769700817,480,0.9471206972341585,0.9525309648264123,unseen_seastate,1,False,2712708,,,,,mse,6000,200,5,150,100|200|400,1091,399,5849,5,1131
deep,transformer,pitch_rate,30,3.0,523680,0.4559134234858442,0.3053855535288579,2.2051006987242707,0.957252777179124,1.255593182987374,0.36310600412875027,480,0.9557700452554918,0.9586592814331579,unseen_seastate,1,False,2712708,,,,,mse,6000,200,5,150,100|200|400,1091,399,5849,5,1131
deep,transformer,pitch_rate,50,5.0,523680,0.8198483128412781,0.5861308537806986,2.1766629752588056,0.8581319385170634,1.2554485176421812,0.6530322042842582,480,0.8529839911477877,0.8627215081839567,unseen_seastate,1,False,2712708,,,,,mse,6000,200,5,150,100|200|400,1091,399,5849,5,1131
deep,transformer,pitch_rate,100,10.0,523680,1.6036718641389305,1.0729859751373823,1.6285427338449476,0.030310481912308784,1.2555608277890915,1.2772554133938898,480,0.004632415983555957,0.05578084370223805,unseen_seastate,1,False,2712708,,,,,mse,6000,200,5,150,100|200|400,1091,399,5849,5,1131
deep,transformer,pitch_rate,150,15.0,523680,1.615525693230165,1.1144216423516184,1.8210095949629055,0.2129482832069015,1.2558718343800095,1.2863778364993008,480,0.1943418553239521,0.2322739011215135,unseen_seastate,1,False,2712708,,,,,mse,6000,200,5,150,100|200|400,1091,399,5849,5,1131
deep,transformer,heave_rate,10,1.0,523680,0.16563663744324475,0.10054427370036922,0.43962286303504644,0.8580444847915739,0.7338878453162084,0.22569748020813357,480,0.8487010573303058,0.8674416652919611,unseen_seastate,1,False,2712708,,,,,mse,6000,200,5,150,100|200|400,1091,399,5849,5,1131
deep,transformer,heave_rate,20,2.0,523680,0.1785285924095835,0.11445188872112853,0.831330600503321,0.9538822587668809,0.7339772507555338,0.243234503829392,480,0.9511336790308553,0.9566760811670634,unseen_seastate,1,False,2712708,,,,,mse,6000,200,5,150,100|200|400,1091,399,5849,5,1131
deep,transformer,heave_rate,30,3.0,523680,0.19532735805301032,0.13612351050035637,1.1355935168796936,0.9704144026080135,0.7339926584626707,0.26611622854936806,480,0.9691162024727387,0.9717546571656608,unseen_seastate,1,False,2712708,,,,,mse,6000,200,5,150,100|200|400,1091,399,5849,5,1131
deep,transformer,heave_rate,50,5.0,523680,0.24481152566364528,0.17511273722937934,1.3992727536215406,0.9693903075944195,0.7339870840063342,0.3335365580650089,480,0.9685285794498975,0.970282400059073,unseen_seastate,1,False,2712708,,,,,mse,6000,200,5,150,100|200|400,1091,399,5849,5,1131
deep,transformer,heave_rate,100,10.0,523680,0.5651777806510897,0.4174110265566983,0.7686188880550284,0.459310352664524,0.7341792711661705,0.7698089592659858,480,0.4245514548874193,0.49403275486439746,unseen_seastate,1,False,2712708,,,,,mse,6000,200,5,150,100|200|400,1091,399,5849,5,1131
deep,transformer,heave_rate,150,15.0,523680,0.7919733349816624,0.6052218071139365,1.1062898408719488,0.48751250765707554,0.7344735022919635,1.0782871437979282,480,0.4777168537944237,0.49691658823504986,unseen_seastate,1,False,2712708,,,,,mse,6000,200,5,150,100|200|400,1091,399,5849,5,1131
deep,transformer,roll,10,1.0,523680,1.1089871186958453,0.6303824721900858,3.2590780805687816,0.8842120212763539,6.257511233296725,0.17722495051943893,480,0.875113403804486,0.8923908576271773,unseen_seastate,2,False,2712708,,,,,mse,6000,200,5,150,100|200|400,1091,399,5849,5,1131
deep,transformer,roll,20,2.0,523680,1.2081806810308644,0.6925750271435414,6.285047933974578,0.9630472651722131,6.258161704504171,0.19305680135451014,480,0.960142948156055,0.9656636033608464,unseen_seastate,2,False,2712708,,,,,mse,6000,200,5,150,100|200|400,1091,399,5849,5,1131
deep,transformer,roll,30,3.0,523680,1.3050934246490216,0.773290459766228,8.864075676903322,0.9783221457081605,6.258595534998139,0.20852816216528516,480,0.976758466536228,0.9797763734992644,unseen_seastate,2,False,2712708,,,,,mse,6000,200,5,150,100|200|400,1091,399,5849,5,1131
deep,transformer,roll,50,5.0,523680,1.3752471472327616,0.8480596810764177,12.021278604552123,0.9869123949524806,6.259860183654315,0.21969294950449428,480,0.9860728007508288,0.9876760411286292,unseen_seastate,2,False,2712708,,,,,mse,6000,200,5,150,100|200|400,1091,399,5849,5,1131
deep,transformer,roll,100,10.0,523680,1.9482809443879725,1.369001015600348,6.568449713232539,0.9120213270512652,6.264046458694406,0.31102594101673475,480,0.9067739773612892,0.917106474506976,unseen_seastate,2,False,2712708,,,,,mse,6000,200,5,150,100|200|400,1091,399,5849,5,1131
deep,transformer,roll,150,15.0,523680,3.0972084687712114,2.20848830761483,8.7564747038118,0.8748928066099333,6.268761829209168,0.49407020926203193,480,0.8704052373168631,0.878956031212261,unseen_seastate,2,False,2712708,,,,,mse,6000,200,5,150,100|200|400,1091,399,5849,5,1131
deep,transformer,pitch,10,1.0,523680,0.4541985350309267,0.28084144897012175,1.2222269593969717,0.8619018882948376,1.7978631101886102,0.25263243483719827,480,0.8529714334408884,0.8697967707364651,unseen_seastate,2,False,2712708,,,,,mse,6000,200,5,150,100|200|400,1091,399,5849,5,1131
deep,transformer,pitch,20,2.0,523680,0.5735331609502757,0.37343369329303366,2.2561846272019164,0.9353798748075968,1.7976679627472303,0.3190428782375314,480,0.9318093990053582,0.9384490898186114,unseen_seastate,2,False,2712708,,,,,mse,6000,200,5,150,100|200|400,1091,399,5849,5,1131
deep,transformer,pitch,30,3.0,523680,0.6789817281565796,0.45125027361555275,2.967056377161456,0.9476321700528644,1.7976874939255332,0.37769730859834616,480,0.9448514342426704,0.9502065734620033,unseen_seastate,2,False,2712708,,,,,mse,6000,200,5,150,100|200|400,1091,399,5849,5,1131
deep,transformer,pitch,50,5.0,523680,0.978245506980042,0.6756162433607664,3.300416172166559,0.9121466531924873,1.79747298987243,0.5442337729088602,480,0.9066672559085308,0.9170378345884662,unseen_seastate,2,False,2712708,,,,,mse,6000,200,5,150,100|200|400,1091,399,5849,5,1131
deep,transformer,pitch,100,10.0,523680,1.9603588383326074,1.3762104608439918,2.144295333366592,0.16420080360878964,1.7977594151426086,1.0904455967914375,480,0.12351266612011587,0.20987522071625536,unseen_seastate,2,False,2712708,,,,,mse,6000,200,5,150,100|200|400,1091,399,5849,5,1131
deep,transformer,pitch,150,15.0,523680,2.577561585463571,1.818382497305603,2.6217643609330046,0.03343561166090614,1.798277604223273,1.4333502121197204,480,-0.0015921910622645654,0.06665737771630915,unseen_seastate,2,False,2712708,,,,,mse,6000,200,5,150,100|200|400,1091,399,5849,5,1131
deep,transformer,heave,10,1.0,523680,0.26991411104416835,0.15687138290611286,0.7225299860835978,0.8604469191785927,1.3040230845977787,0.20698568471080586,480,0.8524648545275396,0.8687919258568821,unseen_seastate,2,False,2712708,,,,,mse,6000,200,5,150,100|200|400,1091,399,5849,5,1131
deep,transformer,heave,20,2.0,523680,0.30009796371813846,0.1821216257622598,1.3792122114373386,0.9526561131642967,1.3041370652244855,0.2301122878264959,480,0.9500890691177505,0.9553348648476174,unseen_seastate,2,False,2712708,,,,,mse,6000,200,5,150,100|200|400,1091,399,5849,5,1131
deep,transformer,heave,30,3.0,523680,0.33219116776109586,0.21932228880731539,1.9132137912678973,0.9698526490221075,1.3043478521287997,0.2546798901987176,480,0.9684396126714815,0.9712703481589814,unseen_seastate,2,False,2712708,,,,,mse,6000,200,5,150,100|200|400,1091,399,5849,5,1131
deep,transformer,heave,50,5.0,523680,0.41580807455081753,0.31631405835250337,2.472256983384014,0.9717122364890125,1.3046969314690733,0.31870089100510307,480,0.9710891514669252,0.9722816933363441,unseen_seastate,2,False,2712708,,,,,mse,6000,200,5,150,100|200|400,1091,399,5849,5,1131
deep,transformer,heave,100,10.0,523680,0.9366122018530882,0.7225039976872676,1.47333246045951,0.5958727756944432,1.3052530857962559,0.7175713369654421,480,0.5682388976582574,0.6237281972628427,unseen_seastate,2,False,2712708,,,,,mse,6000,200,5,150,100|200|400,1091,399,5849,5,1131
deep,transformer,heave,150,15.0,523680,1.460233095227152,1.131420670459292,1.8506807982960018,0.3774398236400839,1.3055953746109255,1.1184423012086033,480,0.3520851670058555,0.4006088666677623,unseen_seastate,2,False,2712708,,,,,mse,6000,200,5,150,100|200|400,1091,399,5849,5,1131
deep,transformer,roll_rate,10,1.0,523680,0.5900367959211955,0.347996425299294,1.750457006043312,0.8863798664476709,3.298699647865669,0.1788695119008371,480,0.8783954752050133,0.8935301148547304,unseen_seastate,2,False,2712708,,,,,mse,6000,200,5,150,100|200|400,1091,399,5849,5,1131
deep,transformer,roll_rate,20,2.0,523680,0.652713840148502,0.39621057285625055,3.3683169500888286,0.9624491526369094,3.2989945899356385,0.19785235239238028,480,0.9600048282207776,0.9646322852567668,unseen_seastate,2,False,2712708,,,,,mse,6000,200,5,150,100|200|400,1091,399,5849,5,1131
deep,transformer,roll_rate,30,3.0,523680,0.6878448216516263,0.4176098065774894,4.733862565687478,0.9788870142942151,3.2994705657891945,0.20847127074979738,480,0.9775960940239372,0.9800785326084652,unseen_seastate,2,False,2712708,,,,,mse,6000,200,5,150,100|200|400,1091,399,5849,5,1131
deep,transformer,roll_rate,50,5.0,523680,0.7942422597396541,0.5301230375606715,6.355381178148954,0.9843820950523596,3.300289267129817,0.24065837732775092,480,0.9835197985404053,0.9852195963361007,unseen_seastate,2,False,2712708,,,,,mse,6000,200,5,150,100|200|400,1091,399,5849,5,1131
deep,transformer,roll_rate,100,10.0,523680,1.3725566410387964,0.9456567296273111,3.3423295852122696,0.8313594521159162,3.3024285854413846,0.4156203852793831,480,0.82266907190644,0.8407104060452837,unseen_seastate,2,False,2712708,,,,,mse,6000,200,5,150,100|200|400,1091,399,5849,5,1131
deep,transformer,roll_rate,150,15.0,523680,2.111804344007667,1.4576914833675094,4.759767557952644,0.8031497962550809,3.3050619125013023,0.6389606004110929,480,0.7961703680069231,0.8103141653455486,unseen_seastate,2,False,2712708,,,,,mse,6000,200,5,150,100|200|400,1091,399,5849,5,1131
deep,transformer,pitch_rate,10,1.0,523680,0.3303243315702647,0.20703364545044928,0.9749874850307381,0.885215552682885,1.2556883011928568,0.2630623628940948,480,0.8790359390782816,0.8906241437929092,unseen_seastate,2,False,2712708,,,,,mse,6000,200,5,150,100|200|400,1091,399,5849,5,1131
deep,transformer,pitch_rate,20,2.0,523680,0.37786043533545816,0.24450385528993504,1.7512436883306457,0.9534446415230462,1.2557790553604302,0.300897226882802,480,0.9512280610224609,0.9553441173530148,unseen_seastate,2,False,2712708,,,,,mse,6000,200,5,150,100|200|400,1091,399,5849,5,1131
deep,transformer,pitch_rate,30,3.0,523680,0.44218388732133446,0.28944547871231835,2.2051006987242707,0.959788620446384,1.255593182987374,0.3521713030244932,480,0.9584695312233729,0.9610191703007155,unseen_seastate,2,False,2712708,,,,,mse,6000,200,5,150,100|200|400,1091,399,5849,5,1131
deep,transformer,pitch_rate,50,5.0,523680,0.8212833892418013,0.5793855466147715,2.1766629752588056,0.8576348473141054,1.2554485176421812,0.6541752829373108,480,0.8531458838735425,0.8620286032519697,unseen_seastate,2,False,2712708,,,,,mse,6000,200,5,150,100|200|400,1091,399,5849,5,1131
deep,transformer,pitch_rate,100,10.0,523680,1.6375225490524539,1.0988391744857622,1.6285427338449476,-0.011058441949587383,1.2555608277890915,1.3042160226804433,480,-0.03812489662600689,0.01539226875696273,unseen_seastate,2,False,2712708,,,,,mse,6000,200,5,150,100|200|400,1091,399,5849,5,1131
deep,transformer,pitch_rate,150,15.0,523680,1.8300855432203686,1.2676992839159595,1.8210095949629055,-0.009992880472994292,1.2558718343800095,1.4572231760606633,480,-0.03894992036017189,0.019709638157854554,unseen_seastate,2,False,2712708,,,,,mse,6000,200,5,150,100|200|400,1091,399,5849,5,1131
deep,transformer,heave_rate,10,1.0,523680,0.16136921710311797,0.0947509786212348,0.43962286303504644,0.8652648707087154,0.7338878453162084,0.21988266753973723,480,0.8580277768734326,0.8726608036414402,unseen_seastate,2,False,2712708,,,,,mse,6000,200,5,150,100|200|400,1091,399,5849,5,1131
deep,transformer,heave_rate,20,2.0,523680,0.16886217581285495,0.10531502283590109,0.831330600503321,0.9587411395975608,0.7339772507555338,0.23006459074723826,480,0.9566263528932248,0.9609073308443147,unseen_seastate,2,False,2712708,,,,,mse,6000,200,5,150,100|200|400,1091,399,5849,5,1131
deep,transformer,heave_rate,30,3.0,523680,0.1855797591934412,0.1281840239017296,1.1355935168796936,0.9732935965977384,0.7339926584626707,0.2528359882810454,480,0.972306381000329,0.9742822538102589,unseen_seastate,2,False,2712708,,,,,mse,6000,200,5,150,100|200|400,1091,399,5849,5,1131
deep,transformer,heave_rate,50,5.0,523680,0.22257677200460987,0.1632436906427901,1.3992727536215406,0.9746979957812736,0.7339870840063342,0.3032434450885911,480,0.9741336016344122,0.9753261915797302,unseen_seastate,2,False,2712708,,,,,mse,6000,200,5,150,100|200|400,1091,399,5849,5,1131
deep,transformer,heave_rate,100,10.0,523680,0.5579919687193816,0.41499509734982715,0.7686188880550284,0.47297187634721816,0.7341792711661705,0.76002141525062,480,0.4390352345043583,0.5065887806180213,unseen_seastate,2,False,2712708,,,,,mse,6000,200,5,150,100|200|400,1091,399,5849,5,1131
deep,transformer,heave_rate,150,15.0,523680,0.8282228532202808,0.633006661829041,1.1062898408719488,0.43952457986683646,0.7344735022919635,1.1276415699623845,480,0.42805309480272896,0.4501302363238229,unseen_seastate,2,False,2712708,,,,,mse,6000,200,5,150,100|200|400,1091,399,5849,5,1131
deep,lstm,roll,10,1.0,523680,1.364947590282849,0.7633699280334522,3.2590780805687816,0.8245948171999189,6.257511233296725,0.21812946703472974,480,0.8088794005585607,0.8395394165630379,unseen_seastate,0,False,317828,,,,,mse,6000,200,5,150,100|200|400,1091,399,5849,5,1131
deep,lstm,roll,20,2.0,523680,1.378227561730062,0.800912678141185,6.285047933974578,0.951913333367769,6.258161704504171,0.22022881906968203,480,0.9484717283291512,0.9553270456530616,unseen_seastate,0,False,317828,,,,,mse,6000,200,5,150,100|200|400,1091,399,5849,5,1131
deep,lstm,roll,30,3.0,523680,1.5272083688409763,0.9220725054798952,8.864075676903322,0.9703155039652058,6.258595534998139,0.24401774492389058,480,0.9684895166150734,0.9721037189677848,unseen_seastate,0,False,317828,,,,,mse,6000,200,5,150,100|200|400,1091,399,5849,5,1131
deep,lstm,roll,50,5.0,523680,1.7843292212134854,1.0774358770620536,12.021278604552123,0.9779682674611997,6.259860183654315,0.285042983207949,480,0.976456369658738,0.9793482905120812,unseen_seastate,0,False,317828,,,,,mse,6000,200,5,150,100|200|400,1091,399,5849,5,1131
deep,lstm,roll,100,10.0,523680,2.0383172692550295,1.3739244093403271,6.568449713232539,0.9037018798751459,6.264046458694406,0.325399449492568,480,0.8971214542720991,0.9104007843849009,unseen_seastate,0,False,317828,,,,,mse,6000,200,5,150,100|200|400,1091,399,5849,5,1131
deep,lstm,roll,150,15.0,523680,3.0549495784459717,2.156173258773194,8.7564747038118,0.8782834879621831,6.268761829209168,0.487329023127262,480,0.8714042037662239,0.8847400052613348,unseen_seastate,0,False,317828,,,,,mse,6000,200,5,150,100|200|400,1091,399,5849,5,1131
deep,lstm,pitch,10,1.0,523680,0.5210217983525619,0.3410894287967913,1.2222269593969717,0.8182777651701261,1.7978631101886102,0.2898005946058388,480,0.8016737072968637,0.8302606896008305,unseen_seastate,0,False,317828,,,,,mse,6000,200,5,150,100|200|400,1091,399,5849,5,1131
deep,lstm,pitch,20,2.0,523680,0.6283459534909288,0.41058067739400933,2.2561846272019164,0.9224381117199475,1.7976679627472303,0.34953393313561565,480,0.9152566863066312,0.9280319965462807,unseen_seastate,0,False,317828,,,,,mse,6000,200,5,150,100|200|400,1091,399,5849,5,1131
deep,lstm,pitch,30,3.0,523680,0.7580949668425508,0.5142491515933534,2.967056377161456,0.9347176725284554,1.7976874939255332,0.421705646506519,480,0.9297633612378284,0.9388606431528884,unseen_seastate,0,False,317828,,,,,mse,6000,200,5,150,100|200|400,1091,399,5849,5,1131
deep,lstm,pitch,50,5.0,523680,0.9002656361503791,0.6141267835333903,3.300416172166559,0.925594689533592,1.79747298987243,0.5008507172139887,480,0.9202068309191593,0.9304803927323986,unseen_seastate,0,False,317828,,,,,mse,6000,200,5,150,100|200|400,1091,399,5849,5,1131
deep,lstm,pitch,100,10.0,523680,1.7409064385670239,1.2052514842355055,2.144295333366592,0.3408539375079267,1.7977594151426086,0.9683756479889859,480,0.2951786706767269,0.38492655148697635,unseen_seastate,0,False,317828,,,,,mse,6000,200,5,150,100|200|400,1091,399,5849,5,1131
deep,lstm,pitch,150,15.0,523680,2.3013763807963112,1.6272561923550106,2.6217643609330046,0.22947276825696095,1.798277604223273,1.2797670256202411,480,0.2153479127906363,0.24319527393989965,unseen_seastate,0,False,317828,,,,,mse,6000,200,5,150,100|200|400,1091,399,5849,5,1131
deep,lstm,heave,10,1.0,523680,0.24349797038528156,0.156096343872584,0.7225299860835978,0.8864259952243768,1.3040230845977787,0.18672826674720075,480,0.8793539317814821,0.8925851064808841,unseen_seastate,0,False,317828,,,,,mse,6000,200,5,150,100|200|400,1091,399,5849,5,1131
deep,lstm,heave,20,2.0,523680,0.26412691861448767,0.17209082420916255,1.3792122114373386,0.9633255894684691,1.3041370652244855,0.20253002974731235,480,0.9613206804290721,0.965195890167442,unseen_seastate,0,False,317828,,,,,mse,6000,200,5,150,100|200|400,1091,399,5849,5,1131
deep,lstm,heave,30,3.0,523680,0.31684249974187934,0.2082752089509034,1.9132137912678973,0.9725741651529416,1.3043478521287997,0.24291257828559085,480,0.9712096901712559,0.9738000857459049,unseen_seastate,0,False,317828,,,,,mse,6000,200,5,150,100|200|400,1091,399,5849,5,1131
deep,lstm,heave,50,5.0,523680,0.39249153150864396,0.2864689890583956,2.472256983384014,0.9747957744830386,1.3046969314690733,0.3008296578629208,480,0.9740693688199332,0.9754736967621997,unseen_seastate,0,False,317828,,,,,mse,6000,200,5,150,100|200|400,1091,399,5849,5,1131
deep,lstm,heave,100,10.0,523680,0.8388100193023705,0.6318618059532791,1.47333246045951,0.6758651676046652,1.3052530857962559,0.6426416672983104,480,0.6502569110586093,0.6995263982578871,unseen_seastate,0,False,317828,,,,,mse,6000,200,5,150,100|200|400,1091,399,5849,5,1131
deep,lstm,heave,150,15.0,523680,1.2985140505017865,1.008539300459474,1.8506807982960018,0.50769950941239,1.3055953746109255,0.994576172490463,480,0.4965464135626132,0.5185877757822036,unseen_seastate,0,False,317828,,,,,mse,6000,200,5,150,100|200|400,1091,399,5849,5,1131
deep,lstm,roll_rate,10,1.0,523680,0.7530420218813002,0.45258481170767817,1.750457006043312,0.8149302122362888,3.298699647865669,0.22828450670509964,480,0.8028290138825632,0.8267898815866206,unseen_seastate,0,False,317828,,,,,mse,6000,200,5,150,100|200|400,1091,399,5849,5,1131
deep,lstm,roll_rate,20,2.0,523680,0.8709745177736768,0.5171283877191303,3.3683169500888286,0.9331371327307527,3.2989945899356385,0.26401210854688584,480,0.9281336475765561,0.9378273011302118,unseen_seastate,0,False,317828,,,,,mse,6000,200,5,150,100|200|400,1091,399,5849,5,1131
deep,lstm,roll_rate,30,3.0,523680,0.9209939030985121,0.540719820270212,4.733862565687478,0.962148576238802,3.2994705657891945,0.279133844274262,480,0.9592409500182845,0.9649612324429074,unseen_seastate,0,False,317828,,,,,mse,6000,200,5,150,100|200|400,1091,399,5849,5,1131
deep,lstm,roll_rate,50,5.0,523680,0.9003482502311042,0.5671411964770053,6.355381178148954,0.9799304403864436,3.300289267129817,0.2728088895717058,480,0.9787336130958821,0.9811612464072054,unseen_seastate,0,False,317828,,,,,mse,6000,200,5,150,100|200|400,1091,399,5849,5,1131
deep,lstm,roll_rate,100,10.0,523680,1.298027486090734,0.9090605312832014,3.3423295852122696,0.8491764247931327,3.3024285854413846,0.3930524014396655,480,0.8406730404405532,0.8577279860315788,unseen_seastate,0,False,317828,,,,,mse,6000,200,5,150,100|200|400,1091,399,5849,5,1131
deep,lstm,roll_rate,150,15.0,523680,2.0164140962198345,1.4430381263015823,4.759767557952644,0.8205316126133488,3.3050619125013023,0.610098736302883,480,0.8145172435481234,0.8271264637921362,unseen_seastate,0,False,317828,,,,,mse,6000,200,5,150,100|200|400,1091,399,5849,5,1131
deep,lstm,pitch_rate,10,1.0,523680,0.4971965699902624,0.33499844405136286,0.9749874850307381,0.7399492170960336,1.2556883011928568,0.3959554051096473,480,0.7201351404273469,0.75555276713923,unseen_seastate,0,False,317828,,,,,mse,6000,200,5,150,100|200|400,1091,399,5849,5,1131
deep,lstm,pitch_rate,20,2.0,523680,0.5044073929235087,0.3417930403094311,1.7512436883306457,0.9170398133680785,1.2557790553604302,0.40166890088697577,480,0.91235018669365,0.9209136531126503,unseen_seastate,0,False,317828,,,,,mse,6000,200,5,150,100|200|400,1091,399,5849,5,1131
deep,lstm,pitch_rate,30,3.0,523680,0.51158272838336,0.34723722217922204,2.2051006987242707,0.9461761333482,1.255593182987374,0.4074430598342173,480,0.9430068879045297,0.9486098339030165,unseen_seastate,0,False,317828,,,,,mse,6000,200,5,150,100|200|400,1091,399,5849,5,1131
deep,lstm,pitch_rate,50,5.0,523680,0.8277144352944645,0.5661450684280303,2.1766629752588056,0.8553965420185466,1.2554485176421812,0.6592977917158795,480,0.8466399067800746,0.863164209163048,unseen_seastate,0,False,317828,,,,,mse,6000,200,5,150,100|200|400,1091,399,5849,5,1131
deep,lstm,pitch_rate,100,10.0,523680,1.5294338888629884,1.0251006462744703,1.6285427338449476,0.11801114043226546,1.2555608277890915,1.218128070749195,480,0.08364543315182264,0.15122886896080578,unseen_seastate,0,False,317828,,,,,mse,6000,200,5,150,100|200|400,1091,399,5849,5,1131
deep,lstm,pitch_rate,150,15.0,523680,1.6820110796801817,1.1686489749523243,1.8210095949629055,0.1468345963312554,1.2558718343800095,1.3393174634818894,480,0.13147424325131604,0.16258463701566953,unseen_seastate,0,False,317828,,,,,mse,6000,200,5,150,100|200|400,1091,399,5849,5,1131
deep,lstm,heave_rate,10,1.0,523680,0.16987452157223049,0.11118094546409082,0.43962286303504644,0.8506875737118161,0.7338878453162084,0.23147204665726148,480,0.8411257618729048,0.8591068915057477,unseen_seastate,0,False,317828,,,,,mse,6000,200,5,150,100|200|400,1091,399,5849,5,1131
deep,lstm,heave_rate,20,2.0,523680,0.18888096048731298,0.12578101467049613,0.831330600503321,0.9483787125810087,0.7339772507555338,0.25733898467954514,480,0.9454294068625592,0.9510569201680561,unseen_seastate,0,False,317828,,,,,mse,6000,200,5,150,100|200|400,1091,399,5849,5,1131
deep,lstm,heave_rate,30,3.0,523680,0.18439624557252363,0.128455851937235,1.1355935168796936,0.9736331444672979,0.7339926584626707,0.2512235557760713,480,0.9724874176823555,0.974681609142989,unseen_seastate,0,False,317828,,,,,mse,6000,200,5,150,100|200|400,1091,399,5849,5,1131
deep,lstm,heave_rate,50,5.0,523680,0.23528431284689402,0.17162081804165077,1.3992727536215406,0.9717263948092698,0.7339870840063342,0.3205564756843372,480,0.9708818102411909,0.9725118566522112,unseen_seastate,0,False,317828,,,,,mse,6000,200,5,150,100|200|400,1091,399,5849,5,1131
deep,lstm,heave_rate,100,10.0,523680,0.5548195854547229,0.4195671371362568,0.7686188880550284,0.4789475266042723,0.7341792711661705,0.7557004225595301,480,0.4541629093569075,0.5043102580573793,unseen_seastate,0,False,317828,,,,,mse,6000,200,5,150,100|200|400,1091,399,5849,5,1131
deep,lstm,heave_rate,150,15.0,523680,0.8165044514591351,0.6265679993982356,1.1062898408719488,0.45527254473988454,0.7344735022919635,1.1116867373856099,480,0.44225850096502844,0.46855300860202687,unseen_seastate,0,False,317828,,,,,mse,6000,200,5,150,100|200|400,1091,399,5849,5,1131
deep,lstm,roll,10,1.0,523680,1.8452236122612982,0.9089457834879295,3.2590780805687816,0.6794406298864096,6.257511233296725,0.29488139029502874,480,0.6465405636708196,0.7111027872172762,unseen_seastate,1,False,317828,,,,,mse,6000,200,5,150,100|200|400,1091,399,5849,5,1131
deep,lstm,roll,20,2.0,523680,1.6667831874584178,0.8557708760883564,6.285047933974578,0.9296699325691122,6.258161704504171,0.26633750710832355,480,0.9226330867722609,0.9363902805857094,unseen_seastate,1,False,317828,,,,,mse,6000,200,5,150,100|200|400,1091,399,5849,5,1131
deep,lstm,roll,30,3.0,523680,1.6966993106085289,0.929654423700526,8.864075676903322,0.9633610637304935,6.258595534998139,0.2710990510763264,480,0.9601299555134162,0.9664164609535748,unseen_seastate,1,False,317828,,,,,mse,6000,200,5,150,100|200|400,1091,399,5849,5,1131
deep,lstm,roll,50,5.0,523680,2.035811752446308,1.1134133512845608,12.021278604552123,0.971320345879142,6.259860183654315,0.32521680879745524,480,0.9690839807171081,0.9735437183160945,unseen_seastate,1,False,317828,,,,,mse,6000,200,5,150,100|200|400,1091,399,5849,5,1131
deep,lstm,roll,100,10.0,523680,2.02702815878189,1.3359603909790305,6.568449713232539,0.9047656098986065,6.264046458694406,0.3235972421578075,480,0.8996215606654115,0.9099316128018977,unseen_seastate,1,False,317828,,,,,mse,6000,200,5,150,100|200|400,1091,399,5849,5,1131
deep,lstm,roll,150,15.0,523680,3.0964257970832754,2.202207977817647,8.7564747038118,0.8749560283705458,6.268761829209168,0.4939453565862947,480,0.8708279844554323,0.8792535634812638,unseen_seastate,1,False,317828,,,,,mse,6000,200,5,150,100|200|400,1091,399,5849,5,1131
deep,lstm,pitch,10,1.0,523680,0.5694656697130213,0.3773161922347667,1.2222269593969717,0.7829142194279834,1.7978631101886102,0.31674584482312435,480,0.7640890748003384,0.7982210832603907,unseen_seastate,1,False,317828,,,,,mse,6000,200,5,150,100|200|400,1091,399,5849,5,1131
deep,lstm,pitch,20,2.0,523680,0.5807602686110721,0.39119852621167694,2.2561846272019164,0.9337410539736734,1.7976679627472303,0.3230631466133174,480,0.9286664731652029,0.9378978567500447,unseen_seastate,1,False,317828,,,,,mse,6000,200,5,150,100|200|400,1091,399,5849,5,1131
deep,lstm,pitch,30,3.0,523680,0.679214597678155,0.4639410512457067,2.967056377161456,0.9475962428335302,1.7976874939255332,0.3778268469760465,480,0.9449690756525554,0.9497648385011696,unseen_seastate,1,False,317828,,,,,mse,6000,200,5,150,100|200|400,1091,399,5849,5,1131
deep,lstm,pitch,50,5.0,523680,0.8047785847381483,0.553894428271488,3.300416172166559,0.9405413000197071,1.79747298987243,0.4477277763129364,480,0.9362068189483469,0.9443835645890497,unseen_seastate,1,False,317828,,,,,mse,6000,200,5,150,100|200|400,1091,399,5849,5,1131
deep,lstm,pitch,100,10.0,523680,1.767396227606228,1.2065339460483335,2.144295333366592,0.3206420742078113,1.7977594151426086,0.983110538996136,480,0.2690313344610247,0.36819724677661975,unseen_seastate,1,False,317828,,,,,mse,6000,200,5,150,100|200|400,1091,399,5849,5,1131
deep,lstm,pitch,150,15.0,523680,2.3319132529102036,1.6639211912138574,2.6217643609330046,0.2088889144557079,1.798277604223273,1.296748203633122,480,0.1935401201263205,0.2237828508411539,unseen_seastate,1,False,317828,,,,,mse,6000,200,5,150,100|200|400,1091,399,5849,5,1131
deep,lstm,heave,10,1.0,523680,0.28743711223226953,0.17605514012858842,0.7225299860835978,0.8417389908379855,1.3040230845977787,0.22042333117203097,480,0.8281719531945422,0.8540663845896161,unseen_seastate,1,False,317828,,,,,mse,6000,200,5,150,100|200|400,1091,399,5849,5,1131
deep,lstm,heave,20,2.0,523680,0.29181405641142993,0.17975699889137345,1.3792122114373386,0.9552338002912999,1.3041370652244855,0.2237602658438352,480,0.9513986353259145,0.9587019711979006,unseen_seastate,1,False,317828,,,,,mse,6000,200,5,150,100|200|400,1091,399,5849,5,1131
deep,lstm,heave,30,3.0,523680,0.3160776064964796,0.2018014367997761,1.9132137912678973,0.9727064233848366,1.3043478521287997,0.24232616014249247,480,0.9710562208819412,0.9743202843166073,unseen_seastate,1,False,317828,,,,,mse,6000,200,5,150,100|200|400,1091,399,5849,5,1131
deep,lstm,heave,50,5.0,523680,0.41164091634635025,0.29649390337126064,2.472256983384014,0.9722763857123801,1.3046969314690733,0.3155069245720134,480,0.9714785038006664,0.9731296310771353,unseen_seastate,1,False,317828,,,,,mse,6000,200,5,150,100|200|400,1091,399,5849,5,1131
deep,lstm,heave,100,10.0,523680,0.9106024467777747,0.6838780551953647,1.47333246045951,0.6180063784873759,1.3052530857962559,0.6976443547132251,480,0.5879862897673224,0.6468406153544923,unseen_seastate,1,False,317828,,,,,mse,6000,200,5,150,100|200|400,1091,399,5849,5,1131
deep,lstm,heave,150,15.0,523680,1.4038339744166592,1.0863786305342733,1.8506807982960018,0.4246018525208194,1.3055953746109255,1.075244292156756,480,0.4108254304474744,0.43752541096618097,unseen_seastate,1,False,317828,,,,,mse,6000,200,5,150,100|200|400,1091,399,5849,5,1131
deep,lstm,roll_rate,10,1.0,523680,0.8922520059481789,0.47583070288611784,1.750457006043312,0.7401802446825188,3.298699647865669,0.27048597968762794,480,0.7163990434941178,0.762081654286778,unseen_seastate,1,False,317828,,,,,mse,6000,200,5,150,100|200|400,1091,399,5849,5,1131
deep,lstm,roll_rate,20,2.0,523680,1.0546644978904027,0.5595611776104524,3.3683169500888286,0.9019601241653835,3.2989945899356385,0.31969270307623593,480,0.8934693917027845,0.910219396132828,unseen_seastate,1,False,317828,,,,,mse,6000,200,5,150,100|200|400,1091,399,5849,5,1131
deep,lstm,roll_rate,30,3.0,523680,1.0955866539319825,0.5769162362537451,4.733862565687478,0.9464373351570459,3.2994705657891945,0.33204922792512653,480,0.9418624537896007,0.9510989179007507,unseen_seastate,1,False,317828,,,,,mse,6000,200,5,150,100|200|400,1091,399,5849,5,1131
deep,lstm,roll_rate,50,5.0,523680,0.9495152327682439,0.5563005648018841,6.355381178148954,0.9776786392802571,3.300289267129817,0.28770666929872324,480,0.976109805012688,0.9793205006204728,unseen_seastate,1,False,317828,,,,,mse,6000,200,5,150,100|200|400,1091,399,5849,5,1131
deep,lstm,roll_rate,100,10.0,523680,1.3533344808297518,0.9383368253850186,3.3423295852122696,0.836049876634092,3.3024285854413846,0.40979977183938787,480,0.8262170308239885,0.8460003880993214,unseen_seastate,1,False,317828,,,,,mse,6000,200,5,150,100|200|400,1091,399,5849,5,1131
deep,lstm,roll_rate,150,15.0,523680,2.1410505948693133,1.5339766604650273,4.759767557952644,0.7976597085646315,3.3050619125013023,0.6478095271894455,480,0.7904598241675316,0.8050593710525332,unseen_seastate,1,False,317828,,,,,mse,6000,200,5,150,100|200|400,1091,399,5849,5,1131
deep,lstm,pitch_rate,10,1.0,523680,0.42350110264519847,0.2880416085839926,0.9749874850307381,0.8113264553980908,1.2556883011928568,0.3372661051655003,480,0.8000859109261829,0.820232422642164,unseen_seastate,1,False,317828,,,,,mse,6000,200,5,150,100|200|400,1091,399,5849,5,1131
deep,lstm,pitch_rate,20,2.0,523680,0.5271635173747833,0.3571362100815655,1.7512436883306457,0.9093855355559166,1.2557790553604302,0.41979002207795085,480,0.9044485730433878,0.9132035744497555,unseen_seastate,1,False,317828,,,,,mse,6000,200,5,150,100|200|400,1091,399,5849,5,1131
deep,lstm,pitch_rate,30,3.0,523680,0.5325590186504123,0.36350877645651314,2.2051006987242707,0.9416717920447355,1.255593182987374,0.4241493390266102,480,0.9382692967841166,0.9443360662050871,unseen_seastate,1,False,317828,,,,,mse,6000,200,5,150,100|200|400,1091,399,5849,5,1131
deep,lstm,pitch_rate,50,5.0,523680,0.7468980228077285,0.4995236101018617,2.1766629752588056,0.8822556058256561,1.2554485176421812,0.5949252496712923,480,0.8760567624705963,0.8883604991310685,unseen_seastate,1,False,317828,,,,,mse,6000,200,5,150,100|200|400,1091,399,5849,5,1131
deep,lstm,pitch_rate,100,10.0,523680,1.4462565327880592,0.9937473049169557,1.6285427338449476,0.21133539726562778,1.2555608277890915,1.151880897188201,480,0.1848499090224908,0.2335098759436885,unseen_seastate,1,False,317828,,,,,mse,6000,200,5,150,100|200|400,1091,399,5849,5,1131
deep,lstm,pitch_rate,150,15.0,523680,1.7907877376687653,1.2497973429497522,1.8210095949629055,0.03291698542926347,1.2558718343800095,1.4259319212719104,480,0.014687455918469218,0.05121930188916818,unseen_seastate,1,False,317828,,,,,mse,6000,200,5,150,100|200|400,1091,399,5849,5,1131
deep,lstm,heave_rate,10,1.0,523680,0.16649611187579105,0.10784845057100426,0.43962286303504644,0.8565674724578598,0.7338878453162084,0.22686860524860347,480,0.8485947311256756,0.8637996843350966,unseen_seastate,1,False,317828,,,,,mse,6000,200,5,150,100|200|400,1091,399,5849,5,1131
deep,lstm,heave_rate,20,2.0,523680,0.19671743328056226,0.12909302472404682,0.831330600503321,0.9440064290930821,0.7339772507555338,0.2680157090401199,480,0.9408827029196827,0.9468121671552056,unseen_seastate,1,False,317828,,,,,mse,6000,200,5,150,100|200|400,1091,399,5849,5,1131
deep,lstm,heave_rate,30,3.0,523680,0.20777625566762262,0.13929671657468384,1.1355935168796936,0.9665230393169224,0.7339926584626707,0.28307674916368347,480,0.9642960372616322,0.9685526141910864,unseen_seastate,1,False,317828,,,,,mse,6000,200,5,150,100|200|400,1091,399,5849,5,1131
deep,lstm,heave_rate,50,5.0,523680,0.22593224913207355,0.16520861730231218,1.3992727536215406,0.9739293598011636,0.7339870840063342,0.3078150202573916,480,0.9729505766066369,0.9748251103492421,unseen_seastate,1,False,317828,,,,,mse,6000,200,5,150,100|200|400,1091,399,5849,5,1131
deep,lstm,heave_rate,100,10.0,523680,0.5386916856976757,0.412469534391221,0.7686188880550284,0.508799907479177,0.7341792711661705,0.7337331723381643,480,0.48830017959169725,0.5302923181870174,unseen_seastate,1,False,317828,,,,,mse,6000,200,5,150,100|200|400,1091,399,5849,5,1131
deep,lstm,heave_rate,150,15.0,523680,0.8385893522409643,0.645483552047541,1.1062898408719488,0.42540632770401665,0.7344735022919635,1.1417557605878248,480,0.4133651643436513,0.4374205219591753,unseen_seastate,1,False,317828,,,,,mse,6000,200,5,150,100|200|400,1091,399,5849,5,1131
deep,lstm,roll,10,1.0,523680,1.4552230475529053,0.8189674164266374,3.2590780805687816,0.8006255060645457,6.257511233296725,0.23255620218618953,480,0.7868293103816041,0.8139296596805663,unseen_seastate,2,False,317828,,,,,mse,6000,200,5,150,100|200|400,1091,399,5849,5,1131
deep,lstm,roll,20,2.0,523680,1.38844664563488,0.7897180990817219,6.285047933974578,0.9511975974732917,6.258161704504171,0.22186174010741475,480,0.9477106346399148,0.9547400722625774,unseen_seastate,2,False,317828,,,,,mse,6000,200,5,150,100|200|400,1091,399,5849,5,1131
deep,lstm,roll,30,3.0,523680,1.4186323953198232,0.8548503938707843,8.864075676903322,0.974386269503508,6.258595534998139,0.22666944802341266,480,0.9728873276507617,0.9759385186313401,unseen_seastate,2,False,317828,,,,,mse,6000,200,5,150,100|200|400,1091,399,5849,5,1131
deep,lstm,roll,50,5.0,523680,1.49396858629147,0.9175548360200625,12.021278604552123,0.9845552242697805,6.259860183654315,0.23865845920848297,480,0.9838564932061752,0.9853035297908883,unseen_seastate,2,False,317828,,,,,mse,6000,200,5,150,100|200|400,1091,399,5849,5,1131
deep,lstm,roll,100,10.0,523680,1.700292963534096,1.2181314668802983,6.568449713232539,0.9329927559236598,6.264046458694406,0.27143683795226553,480,0.9291674254222102,0.9364748553436125,unseen_seastate,2,False,317828,,,,,mse,6000,200,5,150,100|200|400,1091,399,5849,5,1131
deep,lstm,roll,150,15.0,523680,2.9193643260634827,2.1121871856794487,8.7564747038118,0.8888478164515303,6.268761829209168,0.4657003098220711,480,0.8847020388820657,0.8926334662212757,unseen_seastate,2,False,317828,,,,,mse,6000,200,5,150,100|200|400,1091,399,5849,5,1131
deep,lstm,pitch,10,1.0,523680,0.5222224087172253,0.34894686074912923,1.2222269593969717,0.8174393013024324,1.7978631101886102,0.29046839314837486,480,0.8006133734016164,0.8309328995265901,unseen_seastate,2,False,317828,,,,,mse,6000,200,5,150,100|200|400,1091,399,5849,5,1131
deep,lstm,pitch,20,2.0,523680,0.5757534944960294,0.3924158271773864,2.2561846272019164,0.9348785752596329,1.7976679627472303,0.3202779970646815,480,0.93005890912098,0.938641737229665,unseen_seastate,2,False,317828,,,,,mse,6000,200,5,150,100|200|400,1091,399,5849,5,1131
deep,lstm,pitch,30,3.0,523680,0.7187319790342351,0.4896143721049784,2.967056377161456,0.941321049131513,1.7976874939255332,0.3998091890069118,480,0.9375770206763112,0.944360493296968,unseen_seastate,2,False,317828,,,,,mse,6000,200,5,150,100|200|400,1091,399,5849,5,1131
deep,lstm,pitch,50,5.0,523680,0.8406124827240335,0.5637107449709787,3.300416172166559,0.9351284527234102,1.79747298987243,0.4676634850483586,480,0.9303605566380378,0.9395017235237731,unseen_seastate,2,False,317828,,,,,mse,6000,200,5,150,100|200|400,1091,399,5849,5,1131
deep,lstm,pitch,100,10.0,523680,1.7045226732794092,1.1602834992293432,2.144295333366592,0.36811744698967164,1.7977594151426086,0.9481372529172357,480,0.3241862775318674,0.41097920698977425,unseen_seastate,2,False,317828,,,,,mse,6000,200,5,150,100|200|400,1091,399,5849,5,1131
deep,lstm,pitch,150,15.0,523680,2.1968011645169363,1.558462427083195,2.6217643609330046,0.2979077339020083,1.798277604223273,1.2216140374309987,480,0.2860270265125944,0.31021105954724804,unseen_seastate,2,False,317828,,,,,mse,6000,200,5,150,100|200|400,1091,399,5849,5,1131
deep,lstm,heave,10,1.0,523680,0.21547447384199114,0.14218729417390966,0.7225299860835978,0.9110635261746091,1.3040230845977787,0.16523823572375904,480,0.9070538160577094,0.9149426672992635,unseen_seastate,2,False,317828,,,,,mse,6000,200,5,150,100|200|400,1091,399,5849,5,1131
deep,lstm,heave,20,2.0,523680,0.23463131096709816,0.15537947538399105,1.3792122114373386,0.9710592523158714,1.3041370652244855,0.17991307602833165,480,0.9698605691712894,0.9722025518553364,unseen_seastate,2,False,317828,,,,,mse,6000,200,5,150,100|200|400,1091,399,5849,5,1131
deep,lstm,heave,30,3.0,523680,0.28161247892057567,0.18776006373890736,1.9132137912678973,0.9783340974483434,1.3043478521287997,0.21590289619518419,480,0.9774934792238953,0.9791777429904993,unseen_seastate,2,False,317828,,,,,mse,6000,200,5,150,100|200|400,1091,399,5849,5,1131
deep,lstm,heave,50,5.0,523680,0.40404075376126436,0.2945845592085609,2.472256983384014,0.9732906622076714,1.3046969314690733,0.30968169236538273,480,0.9724753138332763,0.9740455514039676,unseen_seastate,2,False,317828,,,,,mse,6000,200,5,150,100|200|400,1091,399,5849,5,1131
deep,lstm,heave,100,10.0,523680,0.9220120770692275,0.6932961239610222,1.47333246045951,0.6083738304931376,1.3052530857962559,0.7063856711794432,480,0.5791596832575538,0.6358991096025504,unseen_seastate,2,False,317828,,,,,mse,6000,200,5,150,100|200|400,1091,399,5849,5,1131
deep,lstm,heave,150,15.0,523680,1.3685381522782636,1.0601654231744235,1.8506807982960018,0.45317195434108704,1.3055953746109255,1.0482100188859014,480,0.436937518216989,0.4688353255989312,unseen_seastate,2,False,317828,,,,,mse,6000,200,5,150,100|200|400,1091,399,5849,5,1131
deep,lstm,roll_rate,10,1.0,523680,0.8201300110048858,0.4987509089091184,1.750457006043312,0.7804858541763158,3.298699647865669,0.24862221437332976,480,0.7696895065982833,0.7914927378711211,unseen_seastate,2,False,317828,,,,,mse,6000,200,5,150,100|200|400,1091,399,5849,5,1131
deep,lstm,roll_rate,20,2.0,523680,0.8604054004941447,0.5114883771374925,3.3683169500888286,0.934750024373078,3.2989945899356385,0.26080836965268583,480,0.9316773816794144,0.937963844237601,unseen_seastate,2,False,317828,,,,,mse,6000,200,5,150,100|200|400,1091,399,5849,5,1131
deep,lstm,roll_rate,30,3.0,523680,0.860909128905785,0.49528262183596633,4.733862565687478,0.9669262579053451,3.2994705657891945,0.2609234153600839,480,0.9650638734207121,0.9688819923489572,unseen_seastate,2,False,317828,,,,,mse,6000,200,5,150,100|200|400,1091,399,5849,5,1131
deep,lstm,roll_rate,50,5.0,523680,0.7739256277610334,0.47441429277517416,6.355381178148954,0.9851708844474503,3.300289267129817,0.23450236179875772,480,0.9843664834355288,0.985967660353411,unseen_seastate,2,False,317828,,,,,mse,6000,200,5,150,100|200|400,1091,399,5849,5,1131
deep,lstm,roll_rate,100,10.0,523680,1.164707060125261,0.8138891236348109,3.3423295852122696,0.8785675185875462,3.3024285854413846,0.3526819823628654,480,0.8716408589875433,0.8852858938313702,unseen_seastate,2,False,317828,,,,,mse,6000,200,5,150,100|200|400,1091,399,5849,5,1131
deep,lstm,roll_rate,150,15.0,523680,1.984008981361869,1.3886417805656273,4.759767557952644,0.8262536145430557,3.3050619125013023,0.6002940440714323,480,0.8208021914909039,0.8318020133148855,unseen_seastate,2,False,317828,,,,,mse,6000,200,5,150,100|200|400,1091,399,5849,5,1131
deep,lstm,pitch_rate,10,1.0,523680,0.4703686851597406,0.3216778572882584,0.9749874850307381,0.7672558791592792,1.2556883011928568,0.3745903220671149,480,0.7498207882939454,0.7813229766029125,unseen_seastate,2,False,317828,,,,,mse,6000,200,5,150,100|200|400,1091,399,5849,5,1131
deep,lstm,pitch_rate,20,2.0,523680,0.5226624202444222,0.35090818064159224,1.7512436883306457,0.9109263222424443,1.2557790553604302,0.41620571549858276,480,0.9049765271366608,0.9157975027320797,unseen_seastate,2,False,317828,,,,,mse,6000,200,5,150,100|200|400,1091,399,5849,5,1131
deep,lstm,pitch_rate,30,3.0,523680,0.51258592929612,0.34709734215134597,2.2051006987242707,0.9459648318647629,1.255593182987374,0.40824204546615034,480,0.9433640019440132,0.9479674152590113,unseen_seastate,2,False,317828,,,,,mse,6000,200,5,150,100|200|400,1091,399,5849,5,1131
deep,lstm,pitch_rate,50,5.0,523680,0.7919522458625303,0.5336295579483796,2.1766629752588056,0.867622062778683,1.2554485176421812,0.6308122035540503,480,0.860663507385675,0.874037805461466,unseen_seastate,2,False,317828,,,,,mse,6000,200,5,150,100|200|400,1091,399,5849,5,1131
deep,lstm,pitch_rate,100,10.0,523680,1.4680292316864005,0.9771595959538062,1.6285427338449476,0.18741072026818606,1.2555608277890915,1.1692219119892766,480,0.15490332867439346,0.21810152028165733,unseen_seastate,2,False,317828,,,,,mse,6000,200,5,150,100|200|400,1091,399,5849,5,1131
deep,lstm,pitch_rate,150,15.0,523680,1.6878946548260696,1.1683204270241212,1.8210095949629055,0.1408555132364493,1.2558718343800095,1.344002316653067,480,0.12186754498859248,0.15904196999391604,unseen_seastate,2,False,317828,,,,,mse,6000,200,5,150,100|200|400,1091,399,5849,5,1131
deep,lstm,heave_rate,10,1.0,523680,0.17995043543961273,0.11794640711580615,0.43962286303504644,0.8324496793754647,0.7338878453162084,0.2452015476044271,480,0.8229146646450359,0.8411225074615524,unseen_seastate,2,False,317828,,,,,mse,6000,200,5,150,100|200|400,1091,399,5849,5,1131
deep,lstm,heave_rate,20,2.0,523680,0.17508631709723058,0.11663040591458523,0.831330600503321,0.9556435397117986,0.7339772507555338,0.2385446100911194,480,0.9532280144963408,0.9578166809905649,unseen_seastate,2,False,317828,,,,,mse,6000,200,5,150,100|200|400,1091,399,5849,5,1131
deep,lstm,heave_rate,30,3.0,523680,0.1729468241916987,0.12149350011969731,1.1355935168796936,0.9768058012610042,0.7339926584626707,0.23562473302380368,480,0.9758064679166124,0.977717271762306,unseen_seastate,2,False,317828,,,,,mse,6000,200,5,150,100|200|400,1091,399,5849,5,1131
deep,lstm,heave_rate,50,5.0,523680,0.20796724567377592,0.15425708723802234,1.3992727536215406,0.9779105387059488,0.7339870840063342,0.2833391080107633,480,0.9774871293945723,0.9783645365718223,unseen_seastate,2,False,317828,,,,,mse,6000,200,5,150,100|200|400,1091,399,5849,5,1131
deep,lstm,heave_rate,100,10.0,523680,0.5442234868955337,0.41710059838798463,0.7686188880550284,0.4986598854760964,0.7341792711661705,0.741267845973217,480,0.47701483202128625,0.520184759053312,unseen_seastate,2,False,317828,,,,,mse,6000,200,5,150,100|200|400,1091,399,5849,5,1131
deep,lstm,heave_rate,150,15.0,523680,0.8196032466866111,0.6353169987508219,1.1062898408719488,0.4511300027619214,0.7344735022919635,1.1159058075328732,480,0.4381284577329425,0.464932268110661,unseen_seastate,2,False,317828,,,,,mse,6000,200,5,150,100|200|400,1091,399,5849,5,1131
deep,persistence,roll,10,1.0,523680,2.6978975128886376,1.6323867302392838,2.6978975128886376,0.0,5.056322481397262,0.5335691152640054,480,0.0,0.0,unseen_heading,0,True,0,0.0,,,,,6000,200,5,150,100|200|400,1091,399,5849,5,1131
deep,persistence,roll,20,2.0,523680,5.190221153779305,3.1265416448646444,5.190221153779305,0.0,5.056996988280291,1.0263445214240317,480,0.0,0.0,unseen_heading,0,True,0,0.0,,,,,6000,200,5,150,100|200|400,1091,399,5849,5,1131
deep,persistence,roll,30,3.0,523680,7.290482390340638,4.3591915601889095,7.290482390340638,0.0,5.057530912723518,1.4415101985831775,480,0.0,0.0,unseen_heading,0,True,0,0.0,,,,,6000,200,5,150,100|200|400,1091,399,5849,5,1131
deep,persistence,roll,50,5.0,523680,9.760571515162436,5.693792320711837,9.760571515162436,0.0,5.058598032252167,1.9295013070680527,480,0.0,0.0,unseen_heading,0,True,0,0.0,,,,,6000,200,5,150,100|200|400,1091,399,5849,5,1131
deep,persistence,roll,100,10.0,523680,5.0288206238444655,2.8024777071505365,5.0288206238444655,0.0,5.062743782240931,0.9932994518672936,480,0.0,0.0,unseen_heading,0,True,0,0.0,,,,,6000,200,5,150,100|200|400,1091,399,5849,5,1131
deep,persistence,roll,150,15.0,523680,7.3753549279801005,4.439947166531545,7.3753549279801005,0.0,5.066780440794619,1.4556294700670767,480,0.0,0.0,unseen_heading,0,True,0,0.0,,,,,6000,200,5,150,100|200|400,1091,399,5849,5,1131
deep,persistence,pitch,10,1.0,523680,0.06420293830905709,0.047908556051119926,0.06420293830905709,0.0,0.09332436934600122,0.6879546977812828,480,0.0,0.0,unseen_heading,0,True,0,0.0,,,,,6000,200,5,150,100|200|400,1091,399,5849,5,1131
deep,persistence,pitch,20,2.0,523680,0.11934868235086321,0.08882302697434423,0.11934868235086321,0.0,0.09333665010532012,1.2786904417095684,480,0.0,0.0,unseen_heading,0,True,0,0.0,,,,,6000,200,5,150,100|200|400,1091,399,5849,5,1131
deep,persistence,pitch,30,3.0,523680,0.15817580952707133,0.11713059587632568,0.15817580952707133,0.0,0.09335358633520026,1.6943731434067997,480,0.0,0.0,unseen_heading,0,True,0,0.0,,,,,6000,200,5,150,100|200|400,1091,399,5849,5,1131
deep,persistence,pitch,50,5.0,523680,0.17475317044267974,0.12637452151365086,0.17475317044267974,0.0,0.09335704034097117,1.8718799332586236,480,0.0,0.0,unseen_heading,0,True,0,0.0,,,,,6000,200,5,150,100|200|400,1091,399,5849,5,1131
deep,persistence,pitch,100,10.0,523680,0.1063766786670643,0.07994320048026424,0.1063766786670643,0.0,0.0933970173286122,1.1389729748304902,480,0.0,0.0,unseen_heading,0,True,0,0.0,,,,,6000,200,5,150,100|200|400,1091,399,5849,5,1131
deep,persistence,pitch,150,15.0,523680,0.13937788114588798,0.09910250147840602,0.13937788114588798,0.0,0.09341040339836806,1.492102336304898,480,0.0,0.0,unseen_heading,0,True,0,0.0,,,,,6000,200,5,150,100|200|400,1091,399,5849,5,1131
deep,persistence,heave,10,1.0,523680,0.44205195638216316,0.30056781565922686,0.44205195638216316,0.0,0.7795114815459023,0.5670884481463953,480,0.0,0.0,unseen_heading,0,True,0,0.0,,,,,6000,200,5,150,100|200|400,1091,399,5849,5,1131
deep,persistence,heave,20,2.0,523680,0.8432697274661302,0.5706984111709242,0.8432697274661302,0.0,0.7797270150985163,1.0814935370163947,480,0.0,0.0,unseen_heading,0,True,0,0.0,,,,,6000,200,5,150,100|200|400,1091,399,5849,5,1131
deep,persistence,heave,30,3.0,523680,1.167873357571095,0.7838294566971197,1.167873357571095,0.0,0.7799869447915249,1.4972985963031016,480,0.0,0.0,unseen_heading,0,True,0,0.0,,,,,6000,200,5,150,100|200|400,1091,399,5849,5,1131
deep,persistence,heave,50,5.0,523680,1.495302537129683,0.9719363954549122,1.495302537129683,0.0,0.7803116436734177,1.9162888946400358,480,0.0,0.0,unseen_heading,0,True,0,0.0,,,,,6000,200,5,150,100|200|400,1091,399,5849,5,1131
deep,persistence,heave,100,10.0,523680,0.8096850048687823,0.49691617951430045,0.8096850048687823,0.0,0.7809870809852986,1.0367457088371785,480,0.0,0.0,unseen_heading,0,True,0,0.0,,,,,6000,200,5,150,100|200|400,1091,399,5849,5,1131
deep,persistence,heave,150,15.0,523680,1.1503925650286964,0.7650544932536272,1.1503925650286964,0.0,0.7811825468654663,1.4726296300969646,480,0.0,0.0,unseen_heading,0,True,0,0.0,,,,,6000,200,5,150,100|200|400,1091,399,5849,5,1131
deep,persistence,roll_rate,10,1.0,523680,1.496365800803394,0.9494011620970882,1.496365800803394,0.0,2.7329053966256955,0.547536626277276,480,0.0,0.0,unseen_heading,0,True,0,0.0,,,,,6000,200,5,150,100|200|400,1091,399,5849,5,1131
deep,persistence,roll_rate,20,2.0,523680,2.8692372611215187,1.8103199065534565,2.8692372611215187,0.0,2.733103738947202,1.0498091310016486,480,0.0,0.0,unseen_heading,0,True,0,0.0,,,,,6000,200,5,150,100|200|400,1091,399,5849,5,1131
deep,persistence,roll_rate,30,3.0,523680,4.0088531458929,2.505488279583507,4.0088531458929,0.0,2.7334550855651965,1.4665882629873135,480,0.0,0.0,unseen_heading,0,True,0,0.0,,,,,6000,200,5,150,100|200|400,1091,399,5849,5,1131
deep,persistence,roll_rate,50,5.0,523680,5.2834712249933995,3.198106154034872,5.2834712249933995,0.0,2.7343446430162044,1.9322623570835977,480,0.0,0.0,unseen_heading,0,True,0,0.0,,,,,6000,200,5,150,100|200|400,1091,399,5849,5,1131
deep,persistence,roll_rate,100,10.0,523680,2.6429837700458685,1.5646012297619587,2.6429837700458685,0.0,2.7365812696344305,0.965797653946135,480,0.0,0.0,unseen_heading,0,True,0,0.0,,,,,6000,200,5,150,100|200|400,1091,399,5849,5,1131
deep,persistence,roll_rate,150,15.0,523680,4.094001103855046,2.5380716897687545,4.094001103855046,0.0,2.7388693489929,1.4947778014166453,480,0.0,0.0,unseen_heading,0,True,0,0.0,,,,,6000,200,5,150,100|200|400,1091,399,5849,5,1131
deep,persistence,pitch_rate,10,1.0,523680,0.04871387351515087,0.03689922595580992,0.04871387351515087,0.0,0.06577974949658247,0.7405603379149651,480,0.0,0.0,unseen_heading,0,True,0,0.0,,,,,6000,200,5,150,100|200|400,1091,399,5849,5,1131
deep,persistence,pitch_rate,20,2.0,523680,0.08950701497098114,0.06768326547117169,0.08950701497098114,0.0,0.06577715932011105,1.3607613325985453,480,0.0,0.0,unseen_heading,0,True,0,0.0,,,,,6000,200,5,150,100|200|400,1091,399,5849,5,1131
deep,persistence,pitch_rate,30,3.0,523680,0.11623753086061682,0.08759618772147187,0.11623753086061682,0.0,0.06577136566147114,1.7672969033195665,480,0.0,0.0,unseen_heading,0,True,0,0.0,,,,,6000,200,5,150,100|200|400,1091,399,5849,5,1131
deep,persistence,pitch_rate,50,5.0,523680,0.11925019059267393,0.08828901780213669,0.11925019059267393,0.0,0.06578308851738435,1.812778835416947,480,0.0,0.0,unseen_heading,0,True,0,0.0,,,,,6000,200,5,150,100|200|400,1091,399,5849,5,1131
deep,persistence,pitch_rate,100,10.0,523680,0.08393345585625119,0.06421417672161062,0.08393345585625119,0.0,0.06580276410079416,1.2755308535016117,480,0.0,0.0,unseen_heading,0,True,0,0.0,,,,,6000,200,5,150,100|200|400,1091,399,5849,5,1131
deep,persistence,pitch_rate,150,15.0,523680,0.09491203609082535,0.06902221216801331,0.09491203609082535,0.0,0.06580895137545853,1.4422359588944909,480,0.0,0.0,unseen_heading,0,True,0,0.0,,,,,6000,200,5,150,100|200|400,1091,399,5849,5,1131
deep,persistence,heave_rate,10,1.0,523680,0.2706847189471826,0.19149671501652332,0.2706847189471826,0.0,0.4491058818542492,0.6027191579624632,480,0.0,0.0,unseen_heading,0,True,0,0.0,,,,,6000,200,5,150,100|200|400,1091,399,5849,5,1131
deep,persistence,heave_rate,20,2.0,523680,0.5128844770374408,0.361417705474152,0.5128844770374408,0.0,0.44918603230426235,1.1418086052373762,480,0.0,0.0,unseen_heading,0,True,0,0.0,,,,,6000,200,5,150,100|200|400,1091,399,5849,5,1131
deep,persistence,heave_rate,30,3.0,523680,0.7022250494754589,0.49132645509118705,0.7022250494754589,0.0,0.449227566067434,1.5631833451868962,480,0.0,0.0,unseen_heading,0,True,0,0.0,,,,,6000,200,5,150,100|200|400,1091,399,5849,5,1131
deep,persistence,heave_rate,50,5.0,523680,0.8648560633370971,0.5877820921084913,0.8648560633370971,0.0,0.44938743218437077,1.9245221414698386,480,0.0,0.0,unseen_heading,0,True,0,0.0,,,,,6000,200,5,150,100|200|400,1091,399,5849,5,1131
deep,persistence,heave_rate,100,10.0,523680,0.4407535771484572,0.2978948908695812,0.4407535771484572,0.0,0.44966469020344285,0.9801827600673871,480,0.0,0.0,unseen_heading,0,True,0,0.0,,,,,6000,200,5,150,100|200|400,1091,399,5849,5,1131
deep,persistence,heave_rate,150,15.0,523680,0.6919525909599663,0.47126023495996533,0.6919525909599663,0.0,0.4497908308267742,1.538387498224602,480,0.0,0.0,unseen_heading,0,True,0,0.0,,,,,6000,200,5,150,100|200|400,1091,399,5849,5,1131
deep,window_mean,roll,10,1.0,523680,5.654895502155317,3.254513136409324,2.6978975128886376,-3.3933749789634726,5.056322481397262,1.1183811006834052,480,-3.4367966074807867,-3.335838161110535,unseen_heading,0,True,0,0.0,,,,,6000,200,5,150,100|200|400,1091,399,5849,5,1131
deep,window_mean,roll,20,2.0,523680,5.771284429516557,3.316687153189864,5.190221153779305,-0.236440522660466,5.056996988280291,1.1412473534968766,480,-0.24841588872184012,-0.22080635682298896,unseen_heading,0,True,0,0.0,,,,,6000,200,5,150,100|200|400,1091,399,5849,5,1131
deep,window_mean,roll,30,3.0,523680,5.721226684454475,3.2876849808947965,7.290482390340638,0.38416299654551544,5.057530912723518,1.1312292071337142,480,0.37895964614772826,0.39095300204156724,unseen_heading,0,True,0,0.0,,,,,6000,200,5,150,100|200|400,1091,399,5849,5,1131
deep,window_mean,roll,50,5.0,523680,5.202247084595537,3.004389641938743,9.760571515162436,0.7159260204549971,5.058598032252167,1.0283970087023133,480,0.7147403794423648,0.7173195259906122,unseen_heading,0,True,0,0.0,,,,,6000,200,5,150,100|200|400,1091,399,5849,5,1131
deep,window_mean,roll,100,10.0,523680,4.724457389958109,2.7968809330556885,5.0288206238444655,0.11738443234943485,5.062743782240931,0.933181214212447,480,0.09479469686701156,0.1347883629845738,unseen_heading,0,True,0,0.0,,,,,6000,200,5,150,100|200|400,1091,399,5849,5,1131
deep,window_mean,roll,150,15.0,523680,5.637821934084964,3.222545646503232,7.3753549279801005,0.41567178132384996,5.066780440794619,1.1127030270924447,480,0.40495751810215097,0.4285434373758597,unseen_heading,0,True,0,0.0,,,,,6000,200,5,150,100|200|400,1091,399,5849,5,1131
deep,window_mean,pitch,10,1.0,523680,0.09815832828968492,0.07141001498975819,0.06420293830905709,-1.3374616699947017,0.09332436934600122,1.0517973920162453,480,-1.376032083504619,-1.2956790659292465,unseen_heading,0,True,0,0.0,,,,,6000,200,5,150,100|200|400,1091,399,5849,5,1131
deep,window_mean,pitch,20,2.0,523680,0.10050093929251305,0.07307866339905336,0.11934868235086321,0.2909040837342456,0.09333665010532012,1.0767575135716658,480,0.2802415515712989,0.302575439426475,unseen_heading,0,True,0,0.0,,,,,6000,200,5,150,100|200|400,1091,399,5849,5,1131
deep,window_mean,pitch,30,3.0,523680,0.10008704665885756,0.07266011802244116,0.15817580952707133,0.5996170112167718,0.09335358633520026,1.0721285661107844,480,0.59450347405101,0.6052658467239936,unseen_heading,0,True,0,0.0,,,,,6000,200,5,150,100|200|400,1091,399,5849,5,1131
deep,window_mean,pitch,50,5.0,523680,0.09342752441811308,0.06770734558242801,0.17475317044267974,0.7141754322246155,0.09335704034097117,1.0007549947693766,480,0.7134259453056272,0.7149231761751585,unseen_heading,0,True,0,0.0,,,,,6000,200,5,150,100|200|400,1091,399,5849,5,1131
deep,window_mean,pitch,100,10.0,523680,0.09371485814295828,0.06877878268683707,0.1063766786670643,0.22388862036436996,0.0933970173286122,1.0034031152539675,480,0.21140124531222035,0.23661197526002,unseen_heading,0,True,0,0.0,,,,,6000,200,5,150,100|200|400,1091,399,5849,5,1131
deep,window_mean,pitch,150,15.0,523680,0.09497177994910445,0.0687830757143395,0.13937788114588798,0.5356970541159418,0.09341040339836806,1.0167152318578219,480,0.527243664856315,0.5440908876426662,unseen_heading,0,True,0,0.0,,,,,6000,200,5,150,100|200|400,1091,399,5849,5,1131
deep,window_mean,heave,10,1.0,523680,0.8377483587704474,0.5372135206686879,0.44205195638216316,-2.5915385923940724,0.7795114815459023,1.0747094540660922,480,-2.672701966264482,-2.495692054423968,unseen_heading,0,True,0,0.0,,,,,6000,200,5,150,100|200|400,1091,399,5849,5,1131
deep,window_mean,heave,20,2.0,523680,0.8618284508107148,0.5522089023272363,0.8432697274661302,-0.04450045673483172,0.7797270150985163,1.1052951021606263,480,-0.06694638093464318,-0.017908756752767655,unseen_heading,0,True,0,0.0,,,,,6000,200,5,150,100|200|400,1091,399,5849,5,1131
deep,window_mean,heave,30,3.0,523680,0.8654229018330851,0.554216372118668,1.167873357571095,0.45088252418966,0.7799869447915249,1.1095351115965095,480,0.44054122106521754,0.4630829375935385,unseen_heading,0,True,0,0.0,,,,,6000,200,5,150,100|200|400,1091,399,5849,5,1131
deep,window_mean,heave,50,5.0,523680,0.8154226396243737,0.5225399669743207,1.495302537129683,0.7026229903877812,0.7803116436734177,1.0449961194807582,480,0.700396544806677,0.7050677800544891,unseen_heading,0,True,0,0.0,,,,,6000,200,5,150,100|200|400,1091,399,5849,5,1131
deep,window_mean,heave,100,10.0,523680,0.7422100460886633,0.4897813956509274,0.8096850048687823,0.15972495828776168,0.7809870809852986,0.9503486858608289,480,0.12185107064880335,0.1904920283448902,unseen_heading,0,True,0,0.0,,,,,6000,200,5,150,100|200|400,1091,399,5849,5,1131
deep,window_mean,heave,150,15.0,523680,0.8292924693645688,0.528392840362524,1.1503925650286964,0.48033518750323434,0.7811825468654663,1.0615860181364087,480,0.463767749117041,0.4986731733086435,unseen_heading,0,True,0,0.0,,,,,6000,200,5,150,100|200|400,1091,399,5849,5,1131
deep,window_mean,roll_rate,10,1.0,523680,3.0390760426301044,1.816867724005029,1.496365800803394,-3.1248445487271175,2.7329053966256955,1.1120311908280602,480,-3.183629594929842,-3.0548719105720346,unseen_heading,0,True,0,0.0,,,,,6000,200,5,150,100|200|400,1091,399,5849,5,1131
deep,window_mean,roll_rate,20,2.0,523680,3.096436633630692,1.8499882154297143,2.8692372611215187,-0.16463937656623617,2.733103738947202,1.1329378352917723,480,-0.18031537944510836,-0.1456648500271795,unseen_heading,0,True,0,0.0,,,,,6000,200,5,150,100|200|400,1091,399,5849,5,1131
deep,window_mean,roll_rate,30,3.0,523680,3.0664807213036718,1.832784489053765,4.0088531458929,0.4148864133493969,2.7334550855651965,1.1218332203434085,480,0.4083757125439659,0.42306381160804524,unseen_heading,0,True,0,0.0,,,,,6000,200,5,150,100|200|400,1091,399,5849,5,1131
deep,window_mean,roll_rate,50,5.0,523680,2.7912648157363535,1.6781409907453366,5.2834712249933995,0.7208977166080783,2.7343446430162044,1.020816751416296,480,0.7197825737831984,0.722215953470524,unseen_heading,0,True,0,0.0,,,,,6000,200,5,150,100|200|400,1091,399,5849,5,1131
deep,window_mean,roll_rate,100,10.0,523680,2.5853541461989575,1.5928047448189102,2.6429837700458685,0.043134070262996316,2.7365812696344305,0.9447386689686453,480,0.017511628684433157,0.06281121736030527,unseen_heading,0,True,0,0.0,,,,,6000,200,5,150,100|200|400,1091,399,5849,5,1131
deep,window_mean,roll_rate,150,15.0,523680,3.0161643488287684,1.7902376952858967,4.094001103855046,0.45723217664016014,2.7388693489929,1.1012443327893064,480,0.44623874596886537,0.4701232973434459,unseen_heading,0,True,0,0.0,,,,,6000,200,5,150,100|200|400,1091,399,5849,5,1131
deep,window_mean,pitch_rate,10,1.0,523680,0.06884345878194643,0.051404951944500336,0.04871387351515087,-0.9971929994840434,0.06577974949658247,1.0465752653181377,480,-1.0168143466938897,-0.9759683770467197,unseen_heading,0,True,0,0.0,,,,,6000,200,5,150,100|200|400,1091,399,5849,5,1131
deep,window_mean,pitch_rate,20,2.0,523680,0.07031791734524465,0.052467137909809725,0.08950701497098114,0.3828114630356365,0.06577715932011105,1.0690324433597922,480,0.37734554178414753,0.38879964137784423,unseen_heading,0,True,0,0.0,,,,,6000,200,5,150,100|200|400,1091,399,5849,5,1131
deep,window_mean,pitch_rate,30,3.0,523680,0.06969032161351672,0.051915661930646895,0.11623753086061682,0.6405386628892047,0.06577136566147114,1.0595845306332343,480,0.6378934962952384,0.6433889696882072,unseen_heading,0,True,0,0.0,,,,,6000,200,5,150,100|200|400,1091,399,5849,5,1131
deep,window_mean,pitch_rate,50,5.0,523680,0.06489149049851121,0.048257508846976736,0.11925019059267393,0.7038870945579728,0.06578308851738435,0.9864463946742557,480,0.703190627294231,0.7045419343362516,unseen_heading,0,True,0,0.0,,,,,6000,200,5,150,100|200|400,1091,399,5849,5,1131
deep,window_mean,pitch_rate,100,10.0,523680,0.0669028173624628,0.05012431890792862,0.08393345585625119,0.36464185222092227,0.06580276410079416,1.0167174324164197,480,0.35685832774126963,0.37290383415390566,unseen_heading,0,True,0,0.0,,,,,6000,200,5,150,100|200|400,1091,399,5849,5,1131
deep,window_mean,pitch_rate,150,15.0,523680,0.06615149644429826,0.04926579675522865,0.09491203609082535,0.5142232044348898,0.06580895137545853,1.0052051440067082,480,0.5072524847252313,0.5209783028356928,unseen_heading,0,True,0,0.0,,,,,6000,200,5,150,100|200|400,1091,399,5849,5,1131
deep,window_mean,heave_rate,10,1.0,523680,0.47833514979308384,0.32292685021191203,0.2706847189471826,-2.1227492516399655,0.4491058818542492,1.0650832445528304,480,-2.1965037712868307,-2.040414624282454,unseen_heading,0,True,0,0.0,,,,,6000,200,5,150,100|200|400,1091,399,5849,5,1131
deep,window_mean,heave_rate,20,2.0,523680,0.4909027074872116,0.3314749018215648,0.5128844770374408,0.08388130673047367,0.44918603230426235,1.0928717105671084,480,0.06380174899693422,0.10651280471031788,unseen_heading,0,True,0,0.0,,,,,6000,200,5,150,100|200|400,1091,399,5849,5,1131
deep,window_mean,heave_rate,30,3.0,523680,0.4916323882199966,0.3318487535237359,0.7022250494754589,0.509850755820898,0.449227566067434,1.0943949689547705,480,0.5008917922072237,0.5201512200695423,unseen_heading,0,True,0,0.0,,,,,6000,200,5,150,100|200|400,1091,399,5849,5,1131
deep,window_mean,heave_rate,50,5.0,523680,0.4617024560746536,0.31162597293602357,0.8648560633370971,0.7150053544331578,0.44938743218437077,1.0274040238073021,480,0.713359137386716,0.7168116024491058,unseen_heading,0,True,0,0.0,,,,,6000,200,5,150,100|200|400,1091,399,5849,5,1131
deep,window_mean,heave_rate,100,10.0,523680,0.43664552124914935,0.3012691661912288,0.4407535771484572,0.01855418304930756,0.44966469020344285,0.9710469395575552,480,-0.01864798540604645,0.050544747613882376,unseen_heading,0,True,0,0.0,,,,,6000,200,5,150,100|200|400,1091,399,5849,5,1131
deep,window_mean,heave_rate,150,15.0,523680,0.47007096703656104,0.3152738195386443,0.6919525909599663,0.5384973727442328,0.4497908308267742,1.045087927142733,480,0.5259590287521564,0.5517239957744731,unseen_heading,0,True,0,0.0,,,,,6000,200,5,150,100|200|400,1091,399,5849,5,1131
deep,damped_persistence,roll,10,1.0,523680,3.416756778403766,1.9990723609175156,2.6978975128886376,-0.6038998021372048,5.056322481397262,0.6757394907018629,480,-0.6155752844093414,-0.5885424532194202,unseen_heading,0,True,6,0.14946888797567226,,,,,6000,200,5,150,100|200|400,1091,399,5849,5,1131
deep,damped_persistence,roll,20,2.0,523680,5.0667387101273365,2.9537390525167373,5.190221153779305,0.047016700105682485,5.056996988280291,1.0019263847436772,480,0.040119506283967,0.055979933079627744,unseen_heading,0,True,6,0.14946888797567226,,,,,6000,200,5,150,100|200|400,1091,399,5849,5,1131
deep,damped_persistence,roll,30,3.0,523680,5.6645053543622215,3.288204097928638,7.290482390340638,0.3963135156969402,5.057530912723518,1.12001398550263,480,0.3923047005838252,0.4015164434792992,unseen_heading,0,True,6,0.14946888797567226,,,,,6000,200,5,150,100|200|400,1091,399,5849,5,1131
deep,damped_persistence,roll,50,5.0,523680,5.359759204986424,3.0996615772886957,9.760571515162436,0.6984633803322506,5.058598032252167,1.0595345134786633,480,0.697323282977818,0.6997662436869992,unseen_heading,0,True,6,0.14946888797567226,,,,,6000,200,5,150,100|200|400,1091,399,5849,5,1131
deep,damped_persistence,roll,100,10.0,523680,4.719757563556944,2.79398037443998,5.0288206238444655,0.11913958700441774,5.062743782240931,0.9322528981444582,480,0.09662637623663928,0.13649218722108358,unseen_heading,0,True,6,0.14946888797567226,,,,,6000,200,5,150,100|200|400,1091,399,5849,5,1131
deep,damped_persistence,roll,150,15.0,523680,5.637781593287004,3.222543887539399,7.3753549279801005,0.41568014348305027,5.066780440794619,1.1126950652716334,480,0.4049670351933289,0.4285502335920925,unseen_heading,0,True,6,0.14946888797567226,,,,,6000,200,5,150,100|200|400,1091,399,5849,5,1131
deep,damped_persistence,pitch,10,1.0,523680,0.07321083697867345,0.05372990738839832,0.06420293830905709,-0.30029213301700075,0.09332436934600122,0.7844771680936133,480,-0.31524206438955193,-0.2839742080570817,unseen_heading,0,True,6,0.14946888797567226,,,,,6000,200,5,150,100|200|400,1091,399,5849,5,1131
deep,damped_persistence,pitch,20,2.0,523680,0.09791627248751128,0.07163090214535935,0.11934868235086321,0.3269079094275763,0.09333665010532012,1.049065639028437,480,0.319061620980126,0.3354758206994946,unseen_heading,0,True,6,0.14946888797567226,,,,,6000,200,5,150,100|200|400,1091,399,5849,5,1131
deep,damped_persistence,pitch,30,3.0,523680,0.10211355857199533,0.07436279208542802,0.15817580952707133,0.583239365177403,0.09335358633520026,1.0938364832106295,480,0.5786985762012604,0.5882684953473858,unseen_heading,0,True,6,0.14946888797567226,,,,,6000,200,5,150,100|200|400,1091,399,5849,5,1131
deep,damped_persistence,pitch,50,5.0,523680,0.09408616724935485,0.06817784251443329,0.17475317044267974,0.7101312303509989,0.09335704034097117,1.0078100902269467,480,0.7093918985962131,0.710860719282475,unseen_heading,0,True,6,0.14946888797567226,,,,,6000,200,5,150,100|200|400,1091,399,5849,5,1131
deep,damped_persistence,pitch,100,10.0,523680,0.09371186467923844,0.06877691485075427,0.1063766786670643,0.2239382010647719,0.0933970173286122,1.0033710642976794,480,0.21145226256549718,0.2366595668721368,unseen_heading,0,True,6,0.14946888797567226,,,,,6000,200,5,150,100|200|400,1091,399,5849,5,1131
deep,damped_persistence,pitch,150,15.0,523680,0.09497178699039975,0.06878307907289154,0.13937788114588798,0.5356969852682425,0.09341040339836806,1.0167153072380262,480,0.5272436101245218,0.5440908052848588,unseen_heading,0,True,6,0.14946888797567226,,,,,6000,200,5,150,100|200|400,1091,399,5849,5,1131
deep,damped_persistence,heave,10,1.0,523680,0.5505850257781945,0.36008848500492363,0.44205195638216316,-0.5513227362055293,0.7795114815459023,0.7063206108090824,480,-0.5773140114314258,-0.5209033298103853,unseen_heading,0,True,6,0.14946888797567226,,,,,6000,200,5,150,100|200|400,1091,399,5849,5,1131
deep,damped_persistence,heave,20,2.0,523680,0.7904366981482418,0.5144732526683204,0.8432697274661302,0.12137982590462393,0.7797270150985163,1.0137351699278656,480,0.1068027861238439,0.13857629074659672,unseen_heading,0,True,6,0.14946888797567226,,,,,6000,200,5,150,100|200|400,1091,399,5849,5,1131
deep,damped_persistence,heave,30,3.0,523680,0.8681491866498343,0.5616087615022289,1.167873357571095,0.44741737746476995,0.7799869447915249,1.1130304070433814,480,0.43885823533432805,0.45745570398614316,unseen_heading,0,True,6,0.14946888797567226,,,,,6000,200,5,150,100|200|400,1091,399,5849,5,1131
deep,damped_persistence,heave,50,5.0,523680,0.8291044107267507,0.5318876758466871,1.495302537129683,0.6925600430149188,0.7803116436734177,1.0625298461825263,480,0.690430924622153,0.6948980921016021,unseen_heading,0,True,6,0.14946888797567226,,,,,6000,200,5,150,100|200|400,1091,399,5849,5,1131
deep,damped_persistence,heave,100,10.0,523680,0.7420078664659928,0.4896410830658158,0.8096850048687823,0.16018268141625902,0.7809870809852986,0.95008980882228,480,0.12235002013910387,0.1909182243003348,unseen_heading,0,True,6,0.14946888797567226,,,,,6000,200,5,150,100|200|400,1091,399,5849,5,1131
deep,damped_persistence,heave,150,15.0,523680,0.8292924509083933,0.5283935299528686,1.1503925650286964,0.4803352106338552,0.7811825468654663,1.0615859945104642,480,0.4637682026091177,0.49867278928996495,unseen_heading,0,True,6,0.14946888797567226,,,,,6000,200,5,150,100|200|400,1091,399,5849,5,1131
deep,damped_persistence,roll_rate,10,1.0,523680,1.8694610271514605,1.1414230763325157,1.496365800803394,-0.5608360376303771,2.7329053966256955,0.6840562536338339,480,-0.5768014012813596,-0.5416731751086981,unseen_heading,0,True,6,0.14946888797567226,,,,,6000,200,5,150,100|200|400,1091,399,5849,5,1131
deep,damped_persistence,roll_rate,20,2.0,523680,2.7494650957683575,1.6715358119956594,2.8692372611215187,0.08174458690877384,2.733103738947202,1.005986365094015,480,0.07287870624877747,0.09283013477510249,unseen_heading,0,True,6,0.14946888797567226,,,,,6000,200,5,150,100|200|400,1091,399,5849,5,1131
deep,damped_persistence,roll_rate,30,3.0,523680,3.05288075630439,1.8462257617738251,4.0088531458929,0.4200649088632713,2.7334550855651965,1.1168578450130802,480,0.41509138960129843,0.4263618487965245,unseen_heading,0,True,6,0.14946888797567226,,,,,6000,200,5,150,100|200|400,1091,399,5849,5,1131
deep,damped_persistence,roll_rate,50,5.0,523680,2.8712516303686404,1.7279171128389599,5.2834712249933995,0.7046725492425604,2.7343446430162044,1.050069396958467,480,0.7036179241770604,0.7059290277368887,unseen_heading,0,True,6,0.14946888797567226,,,,,6000,200,5,150,100|200|400,1091,399,5849,5,1131
deep,damped_persistence,roll_rate,100,10.0,523680,2.5831123961933704,1.5914285422823091,2.6429837700458685,0.04479273990608845,2.7365812696344305,0.9439194899329405,480,0.019240170479435468,0.06441963451085951,unseen_heading,0,True,6,0.14946888797567226,,,,,6000,200,5,150,100|200|400,1091,399,5849,5,1131
deep,damped_persistence,roll_rate,150,15.0,523680,3.016157391486906,1.7902417305805758,4.094001103855046,0.45723468062635375,2.7388693489929,1.10124179256523,480,0.4462422406719654,0.470124663029785,unseen_heading,0,True,6,0.14946888797567226,,,,,6000,200,5,150,100|200|400,1091,399,5849,5,1131
deep,damped_persistence,pitch_rate,10,1.0,523680,0.05443084234708957,0.04082246507039159,0.04871387351515087,-0.2484891783435117,0.06577974949658247,0.8274711102376193,480,-0.2575453407538863,-0.23864897711708047,unseen_heading,0,True,6,0.14946888797567226,,,,,6000,200,5,150,100|200|400,1091,399,5849,5,1131
deep,damped_persistence,pitch_rate,20,2.0,523680,0.06968354996050961,0.052136609298506574,0.08950701497098114,0.3938970651281577,0.06577715932011105,1.0593882539285062,480,0.38954990151834257,0.39861651244663476,unseen_heading,0,True,6,0.14946888797567226,,,,,6000,200,5,150,100|200|400,1091,399,5849,5,1131
deep,damped_persistence,pitch_rate,30,3.0,523680,0.07094130332308493,0.05291449485757469,0.11623753086061682,0.6275177569151623,0.06577136566147114,1.078604687763726,480,0.6250770171795064,0.6301810295136077,unseen_heading,0,True,6,0.14946888797567226,,,,,6000,200,5,150,100|200|400,1091,399,5849,5,1131
deep,damped_persistence,pitch_rate,50,5.0,523680,0.06508962710771293,0.04840096597303614,0.11925019059267393,0.7020760596161667,0.06578308851738435,0.9894583634593539,480,0.7013847944480571,0.7027248071788433,unseen_heading,0,True,6,0.14946888797567226,,,,,6000,200,5,150,100|200|400,1091,399,5849,5,1131
deep,damped_persistence,pitch_rate,100,10.0,523680,0.06690254688644579,0.05012416555687738,0.08393345585625119,0.36464698948720153,0.06580276410079416,1.0167133220113218,480,0.3568637573636769,0.3729086230291601,unseen_heading,0,True,6,0.14946888797567226,,,,,6000,200,5,150,100|200|400,1091,399,5849,5,1131
deep,damped_persistence,pitch_rate,150,15.0,523680,0.06615149665100238,0.0492657967296799,0.09491203609082535,0.5142232013990683,0.06580895137545853,1.005205147147681,480,0.5072524829316337,0.5209782985546526,unseen_heading,0,True,6,0.14946888797567226,,,,,6000,200,5,150,100|200|400,1091,399,5849,5,1131
deep,damped_persistence,heave_rate,10,1.0,523680,0.3316766546814921,0.22742340991868595,0.2706847189471826,-0.5014204632877137,0.4491058818542492,0.7385266327665977,480,-0.5273921192159694,-0.4721735081643607,unseen_heading,0,True,6,0.14946888797567226,,,,,6000,200,5,150,100|200|400,1091,399,5849,5,1131
deep,damped_persistence,heave_rate,20,2.0,523680,0.4617409249171896,0.31538460803977914,0.5128844770374408,0.18949140011721188,0.44918603230426235,1.0279503183759353,480,0.17568953630630463,0.2050629215262973,unseen_heading,0,True,6,0.14946888797567226,,,,,6000,200,5,150,100|200|400,1091,399,5849,5,1131
deep,damped_persistence,heave_rate,30,3.0,523680,0.4964978738238126,0.33735491570201886,0.7022250494754589,0.5001011342914605,0.449227566067434,1.1052257504368794,480,0.4923897998104089,0.5089356000083293,unseen_heading,0,True,6,0.14946888797567226,,,,,6000,200,5,150,100|200|400,1091,399,5849,5,1131
deep,damped_persistence,heave_rate,50,5.0,523680,0.46710628120598635,0.3153870497448177,0.8648560633370971,0.7082950857511899,0.44938743218437077,1.0394288930945137,480,0.7066940705848999,0.7100434038976525,unseen_heading,0,True,6,0.14946888797567226,,,,,6000,200,5,150,100|200|400,1091,399,5849,5,1131
deep,damped_persistence,heave_rate,100,10.0,523680,0.4365905873010151,0.30123245962847,0.4407535771484572,0.01880111700146725,0.44966469020344285,0.9709247730870026,480,-0.018386370643889923,0.050777717278601926,unseen_heading,0,True,6,0.14946888797567226,,,,,6000,200,5,150,100|200|400,1091,399,5849,5,1131
deep,damped_persistence,heave_rate,150,15.0,523680,0.47007115072925815,0.3152739910687236,0.6919525909599663,0.5384970120553801,0.4497908308267742,1.0450883355385572,480,0.5259587528500294,0.5517235438403774,unseen_heading,0,True,6,0.14946888797567226,,,,,6000,200,5,150,100|200|400,1091,399,5849,5,1131
deep,ar10,roll,10,1.0,523680,0.011717730291814391,0.008558700013987947,2.6978975128886376,0.9999811358995809,5.056322481397262,0.002317441250024132,480,0.9999792671700541,0.99998264579622,unseen_heading,0,True,54900,0.01784621100523509,,,,,6000,200,5,150,100|200|400,1091,399,5849,5,1131
deep,ar10,roll,20,2.0,523680,0.09249311968647636,0.06743373145249017,5.190221153779305,0.9996824243986767,5.056996988280291,0.018290127500734395,480,0.9996506001658886,0.9997086518692063,unseen_heading,0,True,54900,0.01784621100523509,,,,,6000,200,5,150,100|200|400,1091,399,5849,5,1131
deep,ar10,roll,30,3.0,523680,0.3114740821035085,0.2257268670224694,7.290482390340638,0.9981747124197893,5.057530912723518,0.06158619442540934,480,0.997996132305839,0.9983236284166267,unseen_heading,0,True,54900,0.01784621100523509,,,,,6000,200,5,150,100|200|400,1091,399,5849,5,1131
deep,ar10,roll,50,5.0,523680,1.1193015476712334,0.7922742300358746,9.760571515162436,0.9868494561780584,5.058598032252167,0.22126714566662312,480,0.9857093196045017,0.9877736665538166,unseen_heading,0,True,54900,0.01784621100523509,,,,,6000,200,5,150,100|200|400,1091,399,5849,5,1131
deep,ar10,roll,100,10.0,523680,1.4697834073947043,1.0904704470127786,5.0288206238444655,0.9145770842902865,5.062743782240931,0.2903136067344359,480,0.9044567018086734,0.9221133851690719,unseen_heading,0,True,54900,0.01784621100523509,,,,,6000,200,5,150,100|200|400,1091,399,5849,5,1131
deep,ar10,roll,150,15.0,523680,2.3710737721873927,1.7134282682868534,7.3753549279801005,0.896646715379901,5.066780440794619,0.4679645782747869,480,0.889762012805835,0.9022891471095661,unseen_heading,0,True,54900,0.01784621100523509,,,,,6000,200,5,150,100|200|400,1091,399,5849,5,1131
deep,ar10,pitch,10,1.0,523680,0.018529690732272796,0.011343562240097027,0.06420293830905709,0.9167035422986943,0.09332436934600122,0.1985514701264548,480,0.9095361701006317,0.9242933271400521,unseen_heading,0,True,54900,0.01784621100523509,,,,,6000,200,5,150,100|200|400,1091,399,5849,5,1131
deep,ar10,pitch,20,2.0,523680,0.1890830486496301,0.11554625834367548,0.11934868235086321,-1.5099781144337672,0.09333665010532012,2.0258178157912323,480,-1.7224304829351968,-1.2835121793063877,unseen_heading,0,True,54900,0.01784621100523509,,,,,6000,200,5,150,100|200|400,1091,399,5849,5,1131
deep,ar10,pitch,30,3.0,523680,0.6301821276168467,0.38260238241038197,0.15817580952707133,-14.87274475870831,0.09335358633520026,6.7504865357189585,480,-16.204296689247773,-13.432512310052863,unseen_heading,0,True,54900,0.01784621100523509,,,,,6000,200,5,150,100|200|400,1091,399,5849,5,1131
deep,ar10,pitch,50,5.0,523680,1.164613501799476,0.7070310448132601,0.17475317044267974,-43.4133481524961,0.09335704034097117,12.47483315179999,480,-46.82465060755104,-39.68438075480917,unseen_heading,0,True,54900,0.01784621100523509,,,,,6000,200,5,150,100|200|400,1091,399,5849,5,1131
deep,ar10,pitch,100,10.0,523680,0.7601157516565091,0.4707316369779063,0.1063766786670643,-50.05833068846987,0.0933970173286122,8.138544178365827,480,-53.69659122960747,-45.95166999817822,unseen_heading,0,True,54900,0.01784621100523509,,,,,6000,200,5,150,100|200|400,1091,399,5849,5,1131
deep,ar10,pitch,150,15.0,523680,0.5365204828121222,0.3584591587646276,0.13937788114588798,-13.817839878524248,0.09341040339836806,5.7436908876629,480,-14.793315012411249,-12.773080767197696,unseen_heading,0,True,54900,0.01784621100523509,,,,,6000,200,5,150,100|200|400,1091,399,5849,5,1131
deep,ar10,heave,10,1.0,523680,0.003945483219181435,0.0027976054409395708,0.44205195638216316,0.9999203375301231,0.7795114815459023,0.0050614818544518145,480,0.9999195002167509,0.9999211323877418,unseen_heading,0,True,54900,0.01784621100523509,,,,,6000,200,5,150,100|200|400,1091,399,5849,5,1131
deep,ar10,heave,20,2.0,523680,0.034554620923038605,0.024186296052223267,0.8432697274661302,0.998320889620775,0.7797270150985163,0.04431630590441031,480,0.9983029986548115,0.9983389283324484,unseen_heading,0,True,54900,0.01784621100523509,,,,,6000,200,5,150,100|200|400,1091,399,5849,5,1131
deep,ar10,heave,30,3.0,523680,0.1210749589743709,0.08417893129535561,1.167873357571095,0.9892522598236023,0.7799869447915249,0.1552269044794485,480,0.9891475875165928,0.9893560293448629,unseen_heading,0,True,54900,0.01784621100523509,,,,,6000,200,5,150,100|200|400,1091,399,5849,5,1131
deep,ar10,heave,50,5.0,523680,0.3787869762513325,0.26415181041255403,1.495302537129683,0.9358300152198566,0.7803116436734177,0.48543037813474627,480,0.9347081671531223,0.9367327216235218,unseen_heading,0,True,54900,0.01784621100523509,,,,,6000,200,5,150,100|200|400,1091,399,5849,5,1131
deep,ar10,heave,100,10.0,523680,0.5756400505519793,0.41058574983718366,0.8096850048687823,0.49455976251288725,0.7809870809852986,0.7370673146420654,480,0.45979226740363616,0.5225576118630731,unseen_heading,0,True,54900,0.01784621100523509,,,,,6000,200,5,150,100|200|400,1091,399,5849,5,1131
deep,ar10,heave,150,15.0,523680,0.6692695824170105,0.48259134734771936,1.1503925650286964,0.6615379020734721,0.7811825468654663,0.856739036352627,480,0.6531471665631302,0.6689075552974718,unseen_heading,0,True,54900,0.01784621100523509,,,,,6000,200,5,150,100|200|400,1091,399,5849,5,1131
deep,ar10,roll_rate,10,1.0,523680,0.03359265257284935,0.024547683781477734,1.496365800803394,0.9994960202939801,2.7329053966256955,0.012291919293776517,480,0.9994524870799457,0.9995326260647762,unseen_heading,0,True,54900,0.01784621100523509,,,,,6000,200,5,150,100|200|400,1091,399,5849,5,1131
deep,ar10,roll_rate,20,2.0,523680,0.14244004324747206,0.10356154156971241,2.8692372611215187,0.9975354861140769,2.733103738947202,0.05211658863060218,480,0.9973268826497905,0.9977151760551531,unseen_heading,0,True,54900,0.01784621100523509,,,,,6000,200,5,150,100|200|400,1091,399,5849,5,1131
deep,ar10,roll_rate,30,3.0,523680,0.30850450745253116,0.22180878440342355,4.0088531458929,0.9940778045957377,2.7334550855651965,0.11286247543692188,480,0.9936155260549764,0.9944589559438428,unseen_heading,0,True,54900,0.01784621100523509,,,,,6000,200,5,150,100|200|400,1091,399,5849,5,1131
deep,ar10,roll_rate,50,5.0,523680,0.5070670574741963,0.35525986815849875,5.2834712249933995,0.9907893113830676,2.7343446430162044,0.18544372552644284,480,0.9902215285238315,0.9912539039578618,unseen_heading,0,True,54900,0.01784621100523509,,,,,6000,200,5,150,100|200|400,1091,399,5849,5,1131
deep,ar10,roll_rate,100,10.0,523680,1.1850856733118533,0.8440839099032891,2.6429837700458685,0.7989470252119968,2.7365812696344305,0.43305334523106065,480,0.7819119481037562,0.8121295596542785,unseen_heading,0,True,54900,0.01784621100523509,,,,,6000,200,5,150,100|200|400,1091,399,5849,5,1131
deep,ar10,roll_rate,150,15.0,523680,1.6437234361078348,1.167617395833422,4.094001103855046,0.8388012819028191,2.7388693489929,0.6001467126251357,480,0.8301450364578307,0.8460606167985697,unseen_heading,0,True,54900,0.01784621100523509,,,,,6000,200,5,150,100|200|400,1091,399,5849,5,1131
deep,ar10,pitch_rate,10,1.0,523680,0.06099476361155873,0.03736381369777429,0.04871387351515087,-0.5677607115570662,0.06577974949658247,0.9272574626439959,480,-0.714597637406745,-0.41501242441809566,unseen_heading,0,True,54900,0.01784621100523509,,,,,6000,200,5,150,100|200|400,1091,399,5849,5,1131
deep,ar10,pitch_rate,20,2.0,523680,0.3083116558441873,0.18783311400946257,0.08950701497098114,-10.864945285518296,0.06577715932011105,4.68721451383691,480,-11.992650048522401,-9.691666799858153,unseen_heading,0,True,54900,0.01784621100523509,,,,,6000,200,5,150,100|200|400,1091,399,5849,5,1131
deep,ar10,pitch_rate,30,3.0,523680,0.5340987424906123,0.3222588784388291,0.11623753086061682,-20.11301998742871,0.06577136566147114,8.120535997985021,480,-22.15750352706107,-17.97328407822126,unseen_heading,0,True,54900,0.01784621100523509,,,,,6000,200,5,150,100|200|400,1091,399,5849,5,1131
deep,ar10,pitch_rate,50,5.0,523680,0.3599403447766401,0.23921840885358137,0.11925019059267393,-8.110514275848448,0.06578308851738435,5.471624286559903,480,-8.606405679029674,-7.578626800583557,unseen_heading,0,True,54900,0.01784621100523509,,,,,6000,200,5,150,100|200|400,1091,399,5849,5,1131
deep,ar10,pitch_rate,100,10.0,523680,0.6253781032034437,0.3969653963750705,0.08393345585625119,-54.51561199911053,0.06580276410079416,9.50382725937642,480,-58.83947135546158,-49.886045261763236,unseen_heading,0,True,54900,0.01784621100523509,,,,,6000,200,5,150,100|200|400,1091,399,5849,5,1131
deep,ar10,pitch_rate,150,15.0,523680,0.2911514711304058,0.2007755831298016,0.09491203609082535,-8.410125107290945,0.06580895137545853,4.424192530728912,480,-8.954042218198554,-7.8264378443422995,unseen_heading,0,True,54900,0.01784621100523509,,,,,6000,200,5,150,100|200|400,1091,399,5849,5,1131
deep,ar10,heave_rate,10,1.0,523680,0.011754953902438645,0.008292633946211938,0.2706847189471826,0.9981141185768074,0.4491058818542492,0.026174125918603634,480,0.9980684399695748,0.9981606447775899,unseen_heading,0,True,54900,0.01784621100523509,,,,,6000,200,5,150,100|200|400,1091,399,5849,5,1131
deep,ar10,heave_rate,20,2.0,523680,0.05538177759367168,0.038533962705716254,0.5128844770374408,0.988340104111153,0.44918603230426235,0.12329363250582571,480,0.9880344184902677,0.9886567234640629,unseen_heading,0,True,54900,0.01784621100523509,,,,,6000,200,5,150,100|200|400,1091,399,5849,5,1131
deep,ar10,heave_rate,30,3.0,523680,0.11750295043607709,0.08150582215190952,0.7022250494754589,0.9720008460453896,0.449227566067434,0.2615666519859972,480,0.9713720775621175,0.9726656804665255,unseen_heading,0,True,54900,0.01784621100523509,,,,,6000,200,5,150,100|200|400,1091,399,5849,5,1131
deep,ar10,heave_rate,50,5.0,523680,0.11662181061941986,0.08357933652774897,0.8648560633370971,0.9818167340596103,0.44938743218437077,0.25951284407876646,480,0.9815469173216593,0.9820679428791965,unseen_heading,0,True,54900,0.01784621100523509,,,,,6000,200,5,150,100|200|400,1091,399,5849,5,1131
deep,ar10,heave_rate,100,10.0,523680,0.2750589937233449,0.19618616877419676,0.4407535771484572,0.6105425569126812,0.44966469020344285,0.6116980045706931,480,0.5992452306708923,0.6197149189056789,unseen_heading,0,True,54900,0.01784621100523509,,,,,6000,200,5,150,100|200|400,1091,399,5849,5,1131
deep,ar10,heave_rate,150,15.0,523680,0.3989483649664787,0.27946343207648255,0.6919525909599663,0.667584933756819,0.4497908308267742,0.8869642011891606,480,0.6588254127890779,0.6764622594145183,unseen_heading,0,True,54900,0.01784621100523509,,,,,6000,200,5,150,100|200|400,1091,399,5849,5,1131
deep,ar20,roll,10,1.0,523680,0.009259412434743942,0.006715858134883213,2.6978975128886376,0.9999882207954807,5.056322481397262,0.0018312543293688814,480,0.9999870844707085,0.9999891409882758,unseen_heading,0,True,108900,0.13650214500376023,,,,,6000,200,5,150,100|200|400,1091,399,5849,5,1131
deep,ar20,roll,20,2.0,523680,0.07780135103728011,0.056034632771333484,5.190221153779305,0.9997753002700139,5.056996988280291,0.01538489170897008,480,0.9997541124493845,0.9997928668115207,unseen_heading,0,True,108900,0.13650214500376023,,,,,6000,200,5,150,100|200|400,1091,399,5849,5,1131
deep,ar20,roll,30,3.0,523680,0.27979007569503506,0.19999676317185514,7.290482390340638,0.9985271718338576,5.057530912723518,0.055321476135944375,480,0.9983936542808084,0.9986382977257232,unseen_heading,0,True,108900,0.13650214500376023,,,,,6000,200,5,150,100|200|400,1091,399,5849,5,1131
deep,ar20,roll,50,5.0,523680,1.0782375452266646,0.7566797382777185,9.760571515162436,0.9877966686135411,5.058598032252167,0.21314948101274936,480,0.9867884193980802,0.9886314936784714,unseen_heading,0,True,108900,0.13650214500376023,,,,,6000,200,5,150,100|200|400,1091,399,5849,5,1131
deep,ar20,roll,100,10.0,523680,1.3256071061792019,0.9794313584624701,5.0288206238444655,0.9305139927151795,5.062743782240931,0.26183570869795153,480,0.9224956297185779,0.93660223857451,unseen_heading,0,True,108900,0.13650214500376023,,,,,6000,200,5,150,100|200|400,1091,399,5849,5,1131
deep,ar20,roll,150,15.0,523680,2.2178700735287746,1.5986666700500116,7.3753549279801005,0.9095712865889275,5.066780440794619,0.4377276851532465,480,0.9034442951078329,0.9145872446996571,unseen_heading,0,True,108900,0.13650214500376023,,,,,6000,200,5,150,100|200|400,1091,399,5849,5,1131
deep,ar20,pitch,10,1.0,523680,0.013616438672344277,0.00829147813117683,0.06420293830905709,0.9550202269458661,0.09332436934600122,0.14590442740482035,480,0.9510760117743468,0.9593026143943515,unseen_heading,0,True,108900,0.13650214500376023,,,,,6000,200,5,150,100|200|400,1091,399,5849,5,1131
deep,ar20,pitch,20,2.0,523680,0.14707472157722015,0.08841710337839742,0.11934868235086321,-0.5185909682149605,0.09333665010532012,1.5757445913396564,480,-0.653848620941813,-0.3715366252503803,unseen_heading,0,True,108900,0.13650214500376023,,,,,6000,200,5,150,100|200|400,1091,399,5849,5,1131
deep,ar20,pitch,30,3.0,523680,0.5289493223179429,0.3151350629370813,0.15817580952707133,-10.182734100162083,0.09335358633520026,5.666084647446429,480,-11.17567415015554,-9.094334003107168,unseen_heading,0,True,108900,0.13650214500376023,,,,,6000,200,5,150,100|200|400,1091,399,5849,5,1131
deep,ar20,pitch,50,5.0,523680,1.1070748523753198,0.6696796147229129,0.17475317044267974,-39.133205064067205,0.09335704034097117,11.85850417206792,480,-42.183200272006395,-35.71980078112491,unseen_heading,0,True,108900,0.13650214500376023,,,,,6000,200,5,150,100|200|400,1091,399,5849,5,1131
deep,ar20,pitch,100,10.0,523680,0.7550726745564659,0.46612536247394465,0.1063766786670643,-49.383073215493404,0.0933970173286122,8.084548052533462,480,-53.01736579046063,-45.32502724410104,unseen_heading,0,True,108900,0.13650214500376023,,,,,6000,200,5,150,100|200|400,1091,399,5849,5,1131
deep,ar20,pitch,150,15.0,523680,0.5262482354857919,0.3485504761177634,0.13937788114588798,-13.2558655018651,0.09341040339836806,5.633721901847453,480,-14.22958516135206,-12.246521088301844,unseen_heading,0,True,108900,0.13650214500376023,,,,,6000,200,5,150,100|200|400,1091,399,5849,5,1131
deep,ar20,heave,10,1.0,523680,0.0031086647163127783,0.0020739508054329722,0.44205195638216316,0.9999505460330878,0.7795114815459023,0.003987965270438061,480,0.9999495603153169,0.9999516507792167,unseen_heading,0,True,108900,0.13650214500376023,,,,,6000,200,5,150,100|200|400,1091,399,5849,5,1131
deep,ar20,heave,20,2.0,523680,0.027560877567017524,0.01838488927242095,0.8432697274661302,0.9989317987940229,0.7797270150985163,0.03534682912523595,480,0.9989115664332046,0.9989541942952103,unseen_heading,0,True,108900,0.13650214500376023,,,,,6000,200,5,150,100|200|400,1091,399,5849,5,1131
deep,ar20,heave,30,3.0,523680,0.09856995443259413,0.06647169432807017,1.167873357571095,0.9928764314249622,0.7799869447915249,0.1263738516276576,480,0.9927758468379142,0.992982071547407,unseen_heading,0,True,108900,0.13650214500376023,,,,,6000,200,5,150,100|200|400,1091,399,5849,5,1131
deep,ar20,heave,50,5.0,523680,0.31847150707628613,0.22428949334827847,1.495302537129683,0.9546389576389828,0.7803116436734177,0.4081337368965052,480,0.9537291529085072,0.955356789113719,unseen_heading,0,True,108900,0.13650214500376023,,,,,6000,200,5,150,100|200|400,1091,399,5849,5,1131
deep,ar20,heave,100,10.0,523680,0.5334695906788207,0.3814690508698977,0.8096850048687823,0.5659026405034455,0.7809870809852986,0.6830709542669924,480,0.53324825608848,0.5919427424404311,unseen_heading,0,True,108900,0.13650214500376023,,,,,6000,200,5,150,100|200|400,1091,399,5849,5,1131
deep,ar20,heave,150,15.0,523680,0.6332762285831622,0.45626765303284605,1.1503925650286964,0.6969639894850096,0.7811825468654663,0.8106635652885673,480,0.6877637782144312,0.7048979500518986,unseen_heading,0,True,108900,0.13650214500376023,,,,,6000,200,5,150,100|200|400,1091,399,5849,5,1131
deep,ar20,roll_rate,10,1.0,523680,0.026724984035973204,0.019340825635663902,1.496365800803394,0.9996810230059237,2.7329053966256955,0.009778964200140409,480,0.9996549652569311,0.9997026617962085,unseen_heading,0,True,108900,0.13650214500376023,,,,,6000,200,5,150,100|200|400,1091,399,5849,5,1131
deep,ar20,roll_rate,20,2.0,523680,0.12488249275667268,0.08959042162020246,2.8692372611215187,0.9981056065049632,2.733103738947202,0.04569255494296668,480,0.9979586294860454,0.9982334559334335,unseen_heading,0,True,108900,0.13650214500376023,,,,,6000,200,5,150,100|200|400,1091,399,5849,5,1131
deep,ar20,roll_rate,30,3.0,523680,0.2889009200199651,0.20537495902212666,4.0088531458929,0.9948065308616324,2.7334550855651965,0.10569075070799236,480,0.9944250901928247,0.9951278722918812,unseen_heading,0,True,108900,0.13650214500376023,,,,,6000,200,5,150,100|200|400,1091,399,5849,5,1131
deep,ar20,roll_rate,50,5.0,523680,0.4859016350876038,0.341164779129397,5.2834712249933995,0.9915421879891787,2.7343446430162044,0.1777031422606679,480,0.991030027726809,0.991954935818181,unseen_heading,0,True,108900,0.13650214500376023,,,,,6000,200,5,150,100|200|400,1091,399,5849,5,1131
deep,ar20,roll_rate,100,10.0,523680,1.1317660070851994,0.8063065646519261,2.6429837700458685,0.8166316830607281,2.7365812696344305,0.41356930256136254,480,0.8021190313683914,0.8282191010110771,unseen_heading,0,True,108900,0.13650214500376023,,,,,6000,200,5,150,100|200|400,1091,399,5849,5,1131
deep,ar20,roll_rate,150,15.0,523680,1.5869156702565859,1.1261136995715988,4.094001103855046,0.8497509320835911,2.7388693489929,0.5794053925354654,480,0.8422775033919327,0.8561372148691547,unseen_heading,0,True,108900,0.13650214500376023,,,,,6000,200,5,150,100|200|400,1091,399,5849,5,1131
deep,ar20,pitch_rate,10,1.0,523680,0.04502797947057481,0.027303998485730552,0.04871387351515087,0.14560324444419592,0.06577974949658247,0.6845264662024018,480,0.06293612874710978,0.2330163983893426,unseen_heading,0,True,108900,0.13650214500376023,,,,,6000,200,5,150,100|200|400,1091,399,5849,5,1131
deep,ar20,pitch_rate,20,2.0,523680,0.2513876698996175,0.1501596580576615,0.08950701497098114,-6.888125243258782,0.06577715932011105,3.821807942118853,480,-7.675893570648814,-6.068215174169836,unseen_heading,0,True,108900,0.13650214500376023,,,,,6000,200,5,150,100|200|400,1091,399,5849,5,1131
deep,ar20,pitch_rate,30,3.0,523680,0.4872788734490153,0.2885831337859646,0.11623753086061682,-16.57366781134586,0.06577136566147114,7.408678055387608,480,-18.331605867421615,-14.73310347489467,unseen_heading,0,True,108900,0.13650214500376023,,,,,6000,200,5,150,100|200|400,1091,399,5849,5,1131
deep,ar20,pitch_rate,50,5.0,523680,0.3367299738218734,0.22032973858315366,0.11925019059267393,-6.973433739106551,0.06578308851738435,5.118792404112899,480,-7.483513047063323,-6.428143168333109,unseen_heading,0,True,108900,0.13650214500376023,,,,,6000,200,5,150,100|200|400,1091,399,5849,5,1131
deep,ar20,pitch_rate,100,10.0,523680,0.6401473025345406,0.39769397387177813,0.08393345585625119,-57.168736376812596,0.06580276410079416,9.728273747801648,480,-61.75854812486647,-52.3029287935128,unseen_heading,0,True,108900,0.13650214500376023,,,,,6000,200,5,150,100|200|400,1091,399,5849,5,1131
deep,ar20,pitch_rate,150,15.0,523680,0.34025288922018554,0.22970565165578732,0.09491203609082535,-11.851714317618875,0.06580895137545853,5.170313188534905,480,-12.568627124321656,-11.070503310511985,unseen_heading,0,True,108900,0.13650214500376023,,,,,6000,200,5,150,100|200|400,1091,399,5849,5,1131
deep,ar20,heave_rate,10,1.0,523680,0.009228754583578296,0.00614335179726136,0.2706847189471826,0.9988375916631885,0.4491058818542492,0.020549173271734958,480,0.9987925518394026,0.9988883476802013,unseen_heading,0,True,108900,0.13650214500376023,,,,,6000,200,5,150,100|200|400,1091,399,5849,5,1131
deep,ar20,heave_rate,20,2.0,523680,0.04469442779779775,0.02993051340912533,0.5128844770374408,0.9924060513988028,0.44918603230426235,0.09950092964494356,480,0.9921315719579507,0.9927117421826351,unseen_heading,0,True,108900,0.13650214500376023,,,,,6000,200,5,150,100|200|400,1091,399,5849,5,1131
deep,ar20,heave_rate,30,3.0,523680,0.09737379266345833,0.06669735398681609,0.7022250494754589,0.9807721140676148,0.449227566067434,0.2167582758018938,480,0.9802766072762834,0.9813244991342565,unseen_heading,0,True,108900,0.13650214500376023,,,,,6000,200,5,150,100|200|400,1091,399,5849,5,1131
deep,ar20,heave_rate,50,5.0,523680,0.1071300096309336,0.07875114540438792,0.8648560633370971,0.9846561402964518,0.44938743218437077,0.23839120090697424,480,0.984253823682006,0.9849931444948606,unseen_heading,0,True,108900,0.13650214500376023,,,,,6000,200,5,150,100|200|400,1091,399,5849,5,1131
deep,ar20,heave_rate,100,10.0,523680,0.26532850273555453,0.18953144926359422,0.4407535771484572,0.6376100699754715,0.44966469020344285,0.5900585670080328,480,0.6272644311519954,0.6460578398391379,unseen_heading,0,True,108900,0.13650214500376023,,,,,6000,200,5,150,100|200|400,1091,399,5849,5,1131
deep,ar20,heave_rate,150,15.0,523680,0.39578153305323205,0.27662601023461947,0.6919525909599663,0.6728413758539968,0.4497908308267742,0.8799235242873538,480,0.6631820935777152,0.6824630799574185,unseen_heading,0,True,108900,0.13650214500376023,,,,,6000,200,5,150,100|200|400,1091,399,5849,5,1131
deep,ar40,roll,10,1.0,523680,0.007664180732527657,0.005548628893642158,2.6978975128886376,0.9999919298690951,5.056322481397262,0.0015157618527546408,480,0.9999912328924494,0.999992525526684,unseen_heading,0,True,216900,0.1502671240014024,,,,,6000,200,5,150,100|200|400,1091,399,5849,5,1131
deep,ar40,roll,20,2.0,523680,0.0667710329896809,0.04812951824853363,5.190221153779305,0.99983449753621,5.056996988280291,0.01320369245708952,480,0.9998206498225014,0.9998462768640726,unseen_heading,0,True,216900,0.1502671240014024,,,,,6000,200,5,150,100|200|400,1091,399,5849,5,1131
deep,ar40,roll,30,3.0,523680,0.2531576764539069,0.18127558952235143,7.290482390340638,0.9987942155708308,5.057530912723518,0.05005558657427555,480,0.998697565946685,0.9988742381921489,unseen_heading,0,True,216900,0.1502671240014024,,,,,6000,200,5,150,100|200|400,1091,399,5849,5,1131
deep,ar40,roll,50,5.0,523680,1.0508535491429534,0.7378206592480031,9.760571515162436,0.988408653323459,5.058598032252167,0.20773612420734228,480,0.9875608790653803,0.9890925252977152,unseen_heading,0,True,216900,0.1502671240014024,,,,,6000,200,5,150,100|200|400,1091,399,5849,5,1131
deep,ar40,roll,100,10.0,523680,1.383919745872426,1.015311275628126,5.0288206238444655,0.9242662394339857,5.062743782240931,0.2733537001668805,480,0.9167161685166435,0.9299439393516051,unseen_heading,0,True,216900,0.1502671240014024,,,,,6000,200,5,150,100|200|400,1091,399,5849,5,1131
deep,ar40,roll,150,15.0,523680,2.1762400859307953,1.5638882765316056,7.3753549279801005,0.9129341666019944,5.066780440794619,0.4295114247321712,480,0.9074856752813172,0.9174064028681895,unseen_heading,0,True,216900,0.1502671240014024,,,,,6000,200,5,150,100|200|400,1091,399,5849,5,1131
deep,ar40,pitch,10,1.0,523680,0.010734311476353208,0.0069236340935486555,0.06420293830905709,0.972046346525444,0.09332436934600122,0.11502152708426693,480,0.9700676234245753,0.9741887823157018,unseen_heading,0,True,216900,0.1502671240014024,,,,,6000,200,5,150,100|200|400,1091,399,5849,5,1131
deep,ar40,pitch,20,2.0,523680,0.1183969043957436,0.07531745560072389,0.11934868235086321,0.015885937450614063,0.09333665010532012,1.2684931831402322,480,-0.0583320314833447,0.09549695981342401,unseen_heading,0,True,216900,0.1502671240014024,,,,,6000,200,5,150,100|200|400,1091,399,5849,5,1131
deep,ar40,pitch,30,3.0,523680,0.44475227941880596,0.28110286873953894,0.15817580952707133,-6.905989505961993,0.09335358633520026,4.764169185979157,480,-7.500699945270315,-6.262840704554221,unseen_heading,0,True,216900,0.1502671240014024,,,,,6000,200,5,150,100|200|400,1091,399,5849,5,1131
deep,ar40,pitch,50,5.0,523680,1.0326517240173247,0.669314134341248,0.17475317044267974,-33.918664200871206,0.09335704034097117,11.061315999797497,480,-35.96689076474259,-31.668139498615208,unseen_heading,0,True,216900,0.1502671240014024,,,,,6000,200,5,150,100|200|400,1091,399,5849,5,1131
deep,ar40,pitch,100,10.0,523680,0.7201635590282327,0.499861847529461,0.1063766786670643,-44.83206559048249,0.0933970173286122,7.710776849483076,480,-46.42776861926175,-43.06360055349628,unseen_heading,0,True,216900,0.1502671240014024,,,,,6000,200,5,150,100|200|400,1091,399,5849,5,1131
deep,ar40,pitch,150,15.0,523680,0.5325036612599034,0.38461113257634005,0.13937788114588798,-13.596794043379623,0.09341040339836806,5.700689022709077,480,-14.048075952308816,-13.132981407113304,unseen_heading,0,True,216900,0.1502671240014024,,,,,6000,200,5,150,100|200|400,1091,399,5849,5,1131
deep,ar40,heave,10,1.0,523680,0.0021040894556889275,0.0014701169312326809,0.44205195638216316,0.9999773440766853,0.7795114815459023,0.002699241134352716,480,0.999976961195037,0.9999777310879601,unseen_heading,0,True,216900,0.1502671240014024,,,,,6000,200,5,150,100|200|400,1091,399,5849,5,1131
deep,ar40,heave,20,2.0,523680,0.019032252172241564,0.01326021507931581,0.8432697274661302,0.9994906135984575,0.7797270150985163,0.024408865928336333,480,0.9994819859178086,0.9994989993007273,unseen_heading,0,True,216900,0.1502671240014024,,,,,6000,200,5,150,100|200|400,1091,399,5849,5,1131
deep,ar40,heave,30,3.0,523680,0.07189330859566054,0.050445745595992235,1.167873357571095,0.9962104692173812,0.7799869447915249,0.09217245118746982,480,0.9961577121703487,0.996261315409335,unseen_heading,0,True,216900,0.1502671240014024,,,,,6000,200,5,150,100|200|400,1091,399,5849,5,1131
deep,ar40,heave,50,5.0,523680,0.2610101639817278,0.1881606239343321,1.495302537129683,0.9695311053894482,0.7803116436734177,0.3344947702599808,480,0.9686111093515241,0.9702503948437426,unseen_heading,0,True,216900,0.1502671240014024,,,,,6000,200,5,150,100|200|400,1091,399,5849,5,1131
deep,ar40,heave,100,10.0,523680,0.5238198183708555,0.3760800646378755,0.8096850048687823,0.5814651186724367,0.7809870809852986,0.670715087514637,480,0.5534830473806345,0.6036698866388346,unseen_heading,0,True,216900,0.1502671240014024,,,,,6000,200,5,150,100|200|400,1091,399,5849,5,1131
deep,ar40,heave,150,15.0,523680,0.6206194939420981,0.44708523938467076,1.1503925650286964,0.7089559713559275,0.7811825468654663,0.7944615460654678,480,0.7020257411137099,0.7149304779132358,unseen_heading,0,True,216900,0.1502671240014024,,,,,6000,200,5,150,100|200|400,1091,399,5849,5,1131
deep,ar40,roll_rate,10,1.0,523680,0.022133536393943446,0.016008695445776006,1.496365800803394,0.999781210704306,2.7329053966256955,0.008098903248268898,480,0.9997652510818154,0.9997950261604643,unseen_heading,0,True,216900,0.1502671240014024,,,,,6000,200,5,150,100|200|400,1091,399,5849,5,1131
deep,ar40,roll_rate,20,2.0,523680,0.11071244661357246,0.07954929573207241,2.8692372611215187,0.9985111190532655,2.733103738947202,0.04050795622423727,480,0.9984092941453502,0.9985976358569654,unseen_heading,0,True,216900,0.1502671240014024,,,,,6000,200,5,150,100|200|400,1091,399,5849,5,1131
deep,ar40,roll_rate,30,3.0,523680,0.2738205682025458,0.1948600893373688,4.0088531458929,0.9953345682550296,2.7334550855651965,0.10017379456810352,480,0.9950433715847685,0.9955808734657431,unseen_heading,0,True,216900,0.1502671240014024,,,,,6000,200,5,150,100|200|400,1091,399,5849,5,1131
deep,ar40,roll_rate,50,5.0,523680,0.49466454682079997,0.34495984640239646,5.2834712249933995,0.9912343752034971,2.7343446430162044,0.18090789984511418,480,0.9907724344486263,0.9916014428544001,unseen_heading,0,True,216900,0.1502671240014024,,,,,6000,200,5,150,100|200|400,1091,399,5849,5,1131
deep,ar40,roll_rate,100,10.0,523680,1.1527763162209426,0.8171352653146333,2.6429837700458685,0.8097603237609865,2.7365812696344305,0.42124687799786686,480,0.7958875610023929,0.8204447821069792,unseen_heading,0,True,216900,0.1502671240014024,,,,,6000,200,5,150,100|200|400,1091,399,5849,5,1131
deep,ar40,roll_rate,150,15.0,523680,1.6494437692716148,1.1636958397573844,4.094001103855046,0.8376773520809228,2.7388693489929,0.6022352873013552,480,0.8309536354864113,0.8435231261824861,unseen_heading,0,True,216900,0.1502671240014024,,,,,6000,200,5,150,100|200|400,1091,399,5849,5,1131
deep,ar40,pitch_rate,10,1.0,523680,0.03535600901512198,0.022694894699210273,0.04871387351515087,0.4732298664902683,0.06577974949658247,0.5374907822803259,480,0.4310506310963744,0.5186700948758671,unseen_heading,0,True,216900,0.1502671240014024,,,,,6000,200,5,150,100|200|400,1091,399,5849,5,1131
deep,ar40,pitch_rate,20,2.0,523680,0.20695262483906532,0.130884847009093,0.08950701497098114,-4.345984934225635,0.06577715932011105,3.146268810909117,480,-4.799714752912394,-3.86444194428316,unseen_heading,0,True,216900,0.1502671240014024,,,,,6000,200,5,150,100|200|400,1091,399,5849,5,1131
deep,ar40,pitch_rate,30,3.0,523680,0.4295631832340501,0.2714119287689405,0.11623753086061682,-12.657190018444487,0.06577136566147114,6.531158033802059,480,-13.827139698712461,-11.435912845849831,unseen_heading,0,True,216900,0.1502671240014024,,,,,6000,200,5,150,100|200|400,1091,399,5849,5,1131
deep,ar40,pitch_rate,50,5.0,523680,0.28991835764686485,0.19316676447463094,0.11925019059267393,-4.910623115300224,0.06578308851738435,4.407186773698665,480,-5.247895352662058,-4.556887285069333,unseen_heading,0,True,216900,0.1502671240014024,,,,,6000,200,5,150,100|200|400,1091,399,5849,5,1131
deep,ar40,pitch_rate,100,10.0,523680,0.5770413118916663,0.35850627115760525,0.08393345585625119,-46.26542888769185,0.06580276410079416,8.769256425273815,480,-50.07294567685685,-42.216622949436626,unseen_heading,0,True,216900,0.1502671240014024,,,,,6000,200,5,150,100|200|400,1091,399,5849,5,1131
deep,ar40,pitch_rate,150,15.0,523680,0.30985505911578515,0.2074025661916621,0.09491203609082535,-9.657972677085517,0.06580895137545853,4.7084029245197225,480,-10.292527430863666,-8.962032968951501,unseen_heading,0,True,216900,0.1502671240014024,,,,,6000,200,5,150,100|200|400,1091,399,5849,5,1131
deep,ar40,heave_rate,10,1.0,523680,0.006188791434112917,0.004310395636996371,0.2706847189471826,0.9994772618268953,0.4491058818542492,0.013780250235336262,480,0.9994607443349064,0.9994952182554655,unseen_heading,0,True,216900,0.1502671240014024,,,,,6000,200,5,150,100|200|400,1091,399,5849,5,1131
deep,ar40,heave_rate,20,2.0,523680,0.03176988310789806,0.022174433769142098,0.5128844770374408,0.99616299713024,0.44918603230426235,0.0707276736654587,480,0.9960490276666374,0.9962859920215211,unseen_heading,0,True,216900,0.1502671240014024,,,,,6000,200,5,150,100|200|400,1091,399,5849,5,1131
deep,ar40,heave_rate,30,3.0,523680,0.07519896758451604,0.05328793728403209,0.7022250494754589,0.9885324373475927,0.449227566067434,0.16739615567854052,480,0.9882808517830625,0.9887910883050675,unseen_heading,0,True,216900,0.1502671240014024,,,,,6000,200,5,150,100|200|400,1091,399,5849,5,1131
deep,ar40,heave_rate,50,5.0,523680,0.09813074525455542,0.07169821449322192,0.8648560633370971,0.9871257326014122,0.44938743218437077,0.21836557550700528,480,0.9868119447254241,0.987398115307387,unseen_heading,0,True,216900,0.1502671240014024,,,,,6000,200,5,150,100|200|400,1091,399,5849,5,1131
deep,ar40,heave_rate,100,10.0,523680,0.24284241623290959,0.17341729398745073,0.4407535771484572,0.6964310144673992,0.44966469020344285,0.5400522245209866,480,0.6859384274134241,0.7051441214936212,unseen_heading,0,True,216900,0.1502671240014024,,,,,6000,200,5,150,100|200|400,1091,399,5849,5,1131
deep,ar40,heave_rate,150,15.0,523680,0.385357669377594,0.26946253016103294,0.6919525909599663,0.6898474660155183,0.4497908308267742,0.856748610613641,480,0.6808984188354357,0.6985010558209641,unseen_heading,0,True,216900,0.1502671240014024,,,,,6000,200,5,150,100|200|400,1091,399,5849,5,1131
deep,ar_attitude_only,roll,10,1.0,523680,0.03465012360434516,0.024957857491380863,2.6978975128886376,0.9998350475840321,5.056322481397262,0.006852831031214203,480,0.9998200877320729,0.9998478422575335,unseen_heading,0,True,108900,0.04083550500217825,,,,,6000,200,5,150,100|200|400,1091,399,5849,5,1131
deep,ar_attitude_only,roll,20,2.0,523680,0.1705634664472674,0.12245900663467432,5.190221153779305,0.9989200583252493,5.056996988280291,0.03372821198876571,480,0.9988250000573953,0.999001624393562,unseen_heading,0,True,108900,0.04083550500217825,,,,,6000,200,5,150,100|200|400,1091,399,5849,5,1131
deep,ar_attitude_only,roll,30,3.0,523680,0.4605616610467582,0.32863053614175547,7.290482390340638,0.9960091717763548,5.057530912723518,0.09106452713676887,480,0.9956698187066866,0.9962931453666293,unseen_heading,0,True,108900,0.04083550500217825,,,,,6000,200,5,150,100|200|400,1091,399,5849,5,1131
deep,ar_attitude_only,roll,50,5.0,523680,1.275750712281109,0.890927317112612,9.760571515162436,0.9829163311976464,5.058598032252167,0.2521945219104758,480,0.9816612320771688,0.9839482309882824,unseen_heading,0,True,108900,0.04083550500217825,,,,,6000,200,5,150,100|200|400,1091,399,5849,5,1131
deep,ar_attitude_only,roll,100,10.0,523680,1.6204704065822564,1.1824423959360753,5.0288206238444655,0.8961635291830399,5.062743782240931,0.3200775066410698,480,0.8858261508934279,0.9041502416396247,unseen_heading,0,True,108900,0.04083550500217825,,,,,6000,200,5,150,100|200|400,1091,399,5849,5,1131
deep,ar_attitude_only,roll,150,15.0,523680,2.339855106018285,1.6862612548999152,7.3753549279801005,0.8993503938426926,5.066780440794619,0.46180313778335486,480,0.892288975631521,0.9050928001951652,unseen_heading,0,True,108900,0.04083550500217825,,,,,6000,200,5,150,100|200|400,1091,399,5849,5,1131
deep,ar_attitude_only,pitch,10,1.0,523680,0.044095048073547825,0.02659434073129005,0.06420293830905709,0.5282957035389027,0.09332436934600122,0.47249232309371314,480,0.48622901270490587,0.573242381954481,unseen_heading,0,True,108900,0.04083550500217825,,,,,6000,200,5,150,100|200|400,1091,399,5849,5,1131
deep,ar_attitude_only,pitch,20,2.0,523680,0.274017286180818,0.16516199376920757,0.11934868235086321,-4.271335575186085,0.09333665010532012,2.9357951659034227,480,-4.73677418588712,-3.7750017031379226,unseen_heading,0,True,108900,0.04083550500217825,,,,,6000,200,5,150,100|200|400,1091,399,5849,5,1131
deep,ar_attitude_only,pitch,30,3.0,523680,0.7077525067804958,0.42906730540743315,0.15817580952707133,-19.020858716374445,0.09335358633520026,7.581417431990269,480,-20.739189715537844,-17.21122474025844,unseen_heading,0,True,108900,0.04083550500217825,,,,,6000,200,5,150,100|200|400,1091,399,5849,5,1131
deep,ar_attitude_only,pitch,50,5.0,523680,0.8951635680231929,0.5698405539702993,0.17475317044267974,-25.239446521515664,0.09335704034097117,9.58860268870731,480,-26.944828635436913,-23.330108841008748,unseen_heading,0,True,108900,0.04083550500217825,,,,,6000,200,5,150,100|200|400,1091,399,5849,5,1131
deep,ar_attitude_only,pitch,100,10.0,523680,0.46640045881611125,0.33227380249774957,0.1063766786670643,-18.22317346786507,0.0933970173286122,4.993740401528105,480,-18.719119400027395,-17.69054508953307,unseen_heading,0,True,108900,0.04083550500217825,,,,,6000,200,5,150,100|200|400,1091,399,5849,5,1131
deep,ar_attitude_only,pitch,150,15.0,523680,0.4191594768296822,0.30247208953162236,0.13937788114588798,-8.044214695509114,0.09341040339836806,4.487289012574858,480,-8.35233714859367,-7.740643159338178,unseen_heading,0,True,108900,0.04083550500217825,,,,,6000,200,5,150,100|200|400,1091,399,5849,5,1131
deep,ar_attitude_only,heave,10,1.0,523680,0.009052651706094997,0.006144133069338678,0.44205195638216316,0.9995806226325661,0.7795114815459023,0.011613237162513715,480,0.9995718683618502,0.9995899965696305,unseen_heading,0,True,108900,0.04083550500217825,,,,,6000,200,5,150,100|200|400,1091,399,5849,5,1131
deep,ar_attitude_only,heave,20,2.0,523680,0.04788262028022942,0.03269478412719095,0.8432697274661302,0.9967757938887952,0.7797270150985163,0.06140946684293039,480,0.9967118058062651,0.9968428946815501,unseen_heading,0,True,108900,0.04083550500217825,,,,,6000,200,5,150,100|200|400,1091,399,5849,5,1131
deep,ar_attitude_only,heave,30,3.0,523680,0.12921338172452787,0.08956028464647653,1.167873357571095,0.9877588143790981,0.7799869447915249,0.16566095443951828,480,0.9875760552389453,0.9879457283086968,unseen_heading,0,True,108900,0.04083550500217825,,,,,6000,200,5,150,100|200|400,1091,399,5849,5,1131
deep,ar_attitude_only,heave,50,5.0,523680,0.2922613665110317,0.21099576002622533,1.495302537129683,0.9617981248638262,0.7803116436734177,0.3745444129670725,480,0.9607293474946397,0.9626755565172909,unseen_heading,0,True,108900,0.04083550500217825,,,,,6000,200,5,150,100|200|400,1091,399,5849,5,1131
deep,ar_attitude_only,heave,100,10.0,523680,0.5578927893833223,0.3965193390045504,0.8096850048687823,0.5252452660631666,0.7809870809852986,0.7143431728467019,480,0.49506917988789795,0.549460161559,unseen_heading,0,True,108900,0.04083550500217825,,,,,6000,200,5,150,100|200|400,1091,399,5849,5,1131
deep,ar_attitude_only,heave,150,15.0,523680,0.6720962647330764,0.4806167979435222,1.1503925650286964,0.6586728526775305,0.7811825468654663,0.8603575021355713,480,0.6513030605309414,0.6650510440029966,unseen_heading,0,True,108900,0.04083550500217825,,,,,6000,200,5,150,100|200|400,1091,399,5849,5,1131
deep,ar_attitude_only,roll_rate,10,1.0,523680,0.11240916447355163,0.07886753779720454,1.496365800803394,0.9943567681729257,2.7329053966256955,0.04113174375239723,480,0.9940077519175642,0.9946545311635119,unseen_heading,0,True,108900,0.04083550500217825,,,,,6000,200,5,150,100|200|400,1091,399,5849,5,1131
deep,ar_attitude_only,roll_rate,20,2.0,523680,0.21017560929519946,0.15032254249477173,2.8692372611215187,0.9946342342879748,2.733103738947202,0.07689997503576633,480,0.9942091971555139,0.9949995008214401,unseen_heading,0,True,108900,0.04083550500217825,,,,,6000,200,5,150,100|200|400,1091,399,5849,5,1131
deep,ar_attitude_only,roll_rate,30,3.0,523680,0.36531518042912886,0.25941007997196824,4.0088531458929,0.9916958507855208,2.7334550855651965,0.13364594222099416,480,0.9911161663588046,0.9922057222242532,unseen_heading,0,True,108900,0.04083550500217825,,,,,6000,200,5,150,100|200|400,1091,399,5849,5,1131
deep,ar_attitude_only,roll_rate,50,5.0,523680,0.48951486481551715,0.348881362388131,5.2834712249933995,0.991415933456281,2.7343446430162044,0.17902456666016411,480,0.9908959480315658,0.9918386050457589,unseen_heading,0,True,108900,0.04083550500217825,,,,,6000,200,5,150,100|200|400,1091,399,5849,5,1131
deep,ar_attitude_only,roll_rate,100,10.0,523680,1.1512472551325124,0.8174812102174226,2.6429837700458685,0.810264663003559,2.7365812696344305,0.4206881293484491,480,0.7971096375559633,0.8205195055762187,unseen_heading,0,True,108900,0.04083550500217825,,,,,6000,200,5,150,100|200|400,1091,399,5849,5,1131
deep,ar_attitude_only,roll_rate,150,15.0,523680,1.6497225017496966,1.1606919638094157,4.094001103855046,0.8376224870196313,2.7388693489929,0.6023370564778163,480,0.8311807786288797,0.84315598633688,unseen_heading,0,True,108900,0.04083550500217825,,,,,6000,200,5,150,100|200|400,1091,399,5849,5,1131
deep,ar_attitude_only,pitch_rate,10,1.0,523680,0.12326456093452849,0.07303065604770459,0.04871387351515087,-5.402817715669041,0.06577974949658247,1.8738983027129437,480,-6.0320627042289265,-4.751321602207234,unseen_heading,0,True,108900,0.04083550500217825,,,,,6000,200,5,150,100|200|400,1091,399,5849,5,1131
deep,ar_attitude_only,pitch_rate,20,2.0,523680,0.35521547631744294,0.21105615214460935,0.08950701497098114,-14.749602993909892,0.06577715932011105,5.400286056574011,480,-16.35793852490186,-13.122278911942226,unseen_heading,0,True,108900,0.04083550500217825,,,,,6000,200,5,150,100|200|400,1091,399,5849,5,1131
deep,ar_attitude_only,pitch_rate,30,3.0,523680,0.45068438715826376,0.27306660140632133,0.11623753086061682,-14.03322904921917,0.06577136566147114,6.852288722085554,480,-15.496254386367712,-12.525358903573686,unseen_heading,0,True,108900,0.04083550500217825,,,,,6000,200,5,150,100|200|400,1091,399,5849,5,1131
deep,ar_attitude_only,pitch_rate,50,5.0,523680,0.551787026594118,0.33663101966676207,0.11925019059267393,-20.410401274777126,0.06578308851738435,8.387976895434129,480,-22.21855461539718,-18.444163013871556,unseen_heading,0,True,108900,0.04083550500217825,,,,,6000,200,5,150,100|200|400,1091,399,5849,5,1131
deep,ar_attitude_only,pitch_rate,100,10.0,523680,0.6317245940481969,0.3876960867165413,0.08393345585625119,-55.64810155640436,0.06580276410079416,9.600274436504602,480,-60.37916837726589,-50.50404707285391,unseen_heading,0,True,108900,0.04083550500217825,,,,,6000,200,5,150,100|200|400,1091,399,5849,5,1131
deep,ar_attitude_only,pitch_rate,150,15.0,523680,0.31948615153772403,0.21723375392727762,0.09491203609082535,-10.330824047661949,0.06580895137545853,4.854752201033654,480,-10.997421827915645,-9.611340092077402,unseen_heading,0,True,108900,0.04083550500217825,,,,,6000,200,5,150,100|200|400,1091,399,5849,5,1131
deep,ar_attitude_only,heave_rate,10,1.0,523680,0.03899411916192682,0.02709418969655668,0.2706847189471826,0.9792474843123444,0.4491058818542492,0.0868261154829003,480,0.9788870783506364,0.9796256567003986,unseen_heading,0,True,108900,0.04083550500217825,,,,,6000,200,5,150,100|200|400,1091,399,5849,5,1131
deep,ar_attitude_only,heave_rate,20,2.0,523680,0.06265249625726278,0.04301519909861164,0.5128844770374408,0.9850776353420696,0.44918603230426235,0.1394800633845717,480,0.98471779746987,0.9854583046253155,unseen_heading,0,True,108900,0.04083550500217825,,,,,6000,200,5,150,100|200|400,1091,399,5849,5,1131
deep,ar_attitude_only,heave_rate,30,3.0,523680,0.09415581503185838,0.06640853037307207,0.7022250494754589,0.9820219882731158,0.449227566067434,0.20959491835308378,480,0.9817067618657664,0.9823558127768997,unseen_heading,0,True,108900,0.04083550500217825,,,,,6000,200,5,150,100|200|400,1091,399,5849,5,1131
deep,ar_attitude_only,heave_rate,50,5.0,523680,0.08831932497684944,0.06373196316520911,0.8648560633370971,0.9895714527510953,0.44938743218437077,0.19653269907337897,480,0.9893572604771065,0.9897416266573135,unseen_heading,0,True,108900,0.04083550500217825,,,,,6000,200,5,150,100|200|400,1091,399,5849,5,1131
deep,ar_attitude_only,heave_rate,100,10.0,523680,0.2574169163603604,0.18502074003565055,0.4407535771484572,0.6588994060670801,0.44966469020344285,0.5724641537762208,480,0.6470550645735496,0.6688667706387654,unseen_heading,0,True,108900,0.04083550500217825,,,,,6000,200,5,150,100|200|400,1091,399,5849,5,1131
deep,ar_attitude_only,heave_rate,150,15.0,523680,0.37463380864248763,0.26499899152917933,0.6919525909599663,0.7068693336159506,0.4497908308267742,0.8329067267864528,480,0.6998703169315185,0.7134626220589566,unseen_heading,0,True,108900,0.04083550500217825,,,,,6000,200,5,150,100|200|400,1091,399,5849,5,1131
deep,dlinear,roll,10,1.0,523680,0.03914220365691234,0.0256865979067216,2.6978975128886376,0.9997895060349489,5.056322481397262,0.007741239567080736,480,0.999784607067237,0.9997936156947562,unseen_heading,0,False,60300,,,,,mse,6000,200,5,150,100|200|400,1091,399,5849,5,1131
deep,dlinear,roll,20,2.0,523680,0.3653903906831616,0.21960022670068893,5.190221153779305,0.9950438719713878,5.056996988280291,0.07225442125632314,480,0.9950084986535295,0.9950843149144833,unseen_heading,0,False,60300,,,,,mse,6000,200,5,150,100|200|400,1091,399,5849,5,1131
deep,dlinear,roll,30,3.0,523680,0.8833448665948673,0.5387860841822634,7.290482390340638,0.9853192565766006,5.057530912723518,0.17465931139888566,480,0.985199159376562,0.9854329543362826,unseen_heading,0,False,60300,,,,,mse,6000,200,5,150,100|200|400,1091,399,5849,5,1131
deep,dlinear,roll,50,5.0,523680,1.1082690784734854,0.6784456458790444,9.760571515162436,0.9871074169752025,5.058598032252167,0.21908621151700142,480,0.9868723537137069,0.9872982709666009,unseen_heading,0,False,60300,,,,,mse,6000,200,5,150,100|200|400,1091,399,5849,5,1131
deep,dlinear,roll,100,10.0,523680,2.412849692214184,1.520008629673642,5.0288206238444655,0.769787846493263,5.062743782240931,0.4765893349527122,480,0.7603937414625696,0.777039371908948,unseen_heading,0,False,60300,,,,,mse,6000,200,5,150,100|200|400,1091,399,5849,5,1131
deep,dlinear,roll,150,15.0,523680,3.508434021873508,2.181099155495157,7.3753549279801005,0.7737123888682421,5.066780440794619,0.6924385342664036,480,0.7705308218543925,0.7765201326511179,unseen_heading,0,False,60300,,,,,mse,6000,200,5,150,100|200|400,1091,399,5849,5,1131
deep,dlinear,pitch,10,1.0,523680,0.0022812526842915315,0.0018897064031589547,0.06420293830905709,0.9987374837496805,0.09332436934600122,0.024444340746989243,480,0.9986890467934763,0.9987763605895412,unseen_heading,0,False,60300,,,,,mse,6000,200,5,150,100|200|400,1091,399,5849,5,1131
deep,dlinear,pitch,20,2.0,523680,0.009758276345434599,0.007308722574973806,0.11934868235086321,0.9933148528939116,0.09333665010532012,0.10454924549384899,480,0.9932804921651016,0.9933468362653349,unseen_heading,0,False,60300,,,,,mse,6000,200,5,150,100|200|400,1091,399,5849,5,1131
deep,dlinear,pitch,30,3.0,523680,0.024767013361138342,0.018605454110277125,0.15817580952707133,0.9754830102628499,0.09335358633520026,0.2653032875695703,480,0.975299123052125,0.9756392311751798,unseen_heading,0,False,60300,,,,,mse,6000,200,5,150,100|200|400,1091,399,5849,5,1131
deep,dlinear,pitch,50,5.0,523680,0.03045825692798362,0.022737777387869015,0.17475317044267974,0.9696219449806154,0.09335704034097117,0.32625559697201056,480,0.9691458614943241,0.970046664149925,unseen_heading,0,False,60300,,,,,mse,6000,200,5,150,100|200|400,1091,399,5849,5,1131
deep,dlinear,pitch,100,10.0,523680,0.07367536427666925,0.055325922752510255,0.1063766786670643,0.5203198679965046,0.0933970173286122,0.7888406544873546,480,0.5099929119422567,0.5307263195947829,unseen_heading,0,False,60300,,,,,mse,6000,200,5,150,100|200|400,1091,399,5849,5,1131
deep,dlinear,pitch,150,15.0,523680,0.09189229411383058,0.06804966616911444,0.13937788114588798,0.565319185786377,0.09341040339836806,0.9837479635104113,480,0.5587361439291345,0.5709299655424215,unseen_heading,0,False,60300,,,,,mse,6000,200,5,150,100|200|400,1091,399,5849,5,1131
deep,dlinear,heave,10,1.0,523680,0.01066323296215259,0.007097151540878701,0.44205195638216316,0.9994181230403226,0.7795114815459023,0.01367937896309828,480,0.9994000033884349,0.9994366092495355,unseen_heading,0,False,60300,,,,,mse,6000,200,5,150,100|200|400,1091,399,5849,5,1131
deep,dlinear,heave,20,2.0,523680,0.07988869132674455,0.05046553768002625,0.8432697274661302,0.9910249351734838,0.7797270150985163,0.10245725719359722,480,0.9907095029834674,0.991383173448258,unseen_heading,0,False,60300,,,,,mse,6000,200,5,150,100|200|400,1091,399,5849,5,1131
deep,dlinear,heave,30,3.0,523680,0.201222141422336,0.12842661218870632,1.167873357571095,0.9703134293928531,0.7799869447915249,0.2579814223379325,480,0.9694183119942381,0.9713352580159815,unseen_heading,0,False,60300,,,,,mse,6000,200,5,150,100|200|400,1091,399,5849,5,1131
deep,dlinear,heave,50,5.0,523680,0.24871441585215964,0.1592445957417315,1.495302537129683,0.9723341653926433,0.7803116436734177,0.3187372864017567,480,0.9716956085898463,0.9729890324317415,unseen_heading,0,False,60300,,,,,mse,6000,200,5,150,100|200|400,1091,399,5849,5,1131
deep,dlinear,heave,100,10.0,523680,0.5058734090319439,0.34210270035352847,0.8096850048687823,0.6096524027822294,0.7809870809852986,0.6477359502461046,480,0.5895170030518693,0.6263926427727569,unseen_heading,0,False,60300,,,,,mse,6000,200,5,150,100|200|400,1091,399,5849,5,1131
deep,dlinear,heave,150,15.0,523680,0.6966000070012591,0.4685731155061569,1.1503925650286964,0.6333304744860111,0.7811825468654663,0.8917250005090375,480,0.6269974934034684,0.6392453920872336,unseen_heading,0,False,60300,,,,,mse,6000,200,5,150,100|200|400,1091,399,5849,5,1131
deep,dlinear,roll_rate,10,1.0,523680,0.022974381560388796,0.016010586342412612,1.496365800803394,0.9997642714898635,2.7329053966256955,0.008406577698867714,480,0.9997561276751178,0.9997712395770694,unseen_heading,0,False,60300,,,,,mse,6000,200,5,150,100|200|400,1091,399,5849,5,1131
deep,dlinear,roll_rate,20,2.0,523680,0.2001181540880589,0.12787165353686972,2.8692372611215187,0.9951354793397486,2.733103738947202,0.07322010915148977,480,0.9950973950808384,0.9951702094821187,unseen_heading,0,False,60300,,,,,mse,6000,200,5,150,100|200|400,1091,399,5849,5,1131
deep,dlinear,roll_rate,30,3.0,523680,0.48750151472226233,0.3156157917454827,4.0088531458929,0.9852119250055806,2.7334550855651965,0.17834626853635008,480,0.9850182223295453,0.9853708839411932,unseen_heading,0,False,60300,,,,,mse,6000,200,5,150,100|200|400,1091,399,5849,5,1131
deep,dlinear,roll_rate,50,5.0,523680,0.6107828562808197,0.3962411084356058,5.2834712249933995,0.9866360456277674,2.7343446430162044,0.22337449591104822,480,0.9863133893179749,0.9869021893030882,unseen_heading,0,False,60300,,,,,mse,6000,200,5,150,100|200|400,1091,399,5849,5,1131
deep,dlinear,roll_rate,100,10.0,523680,1.3694007191062367,0.909502293289379,2.6429837700458685,0.7315446207369474,2.7365812696344305,0.5004056463812492,480,0.7178665060357078,0.7421972151782565,unseen_heading,0,False,60300,,,,,mse,6000,200,5,150,100|200|400,1091,399,5849,5,1131
deep,dlinear,roll_rate,150,15.0,523680,1.9679827216471666,1.281074489742896,4.094001103855046,0.7689283575000893,2.7388693489929,0.7185383714527334,480,0.7650022803679255,0.7723332022929532,unseen_heading,0,False,60300,,,,,mse,6000,200,5,150,100|200|400,1091,399,5849,5,1131
deep,dlinear,pitch_rate,10,1.0,523680,0.001807339435449208,0.0014774870053675727,0.04871387351515087,0.9986235066380839,0.06577974949658247,0.02747562052578365,480,0.9985812655306537,0.9986573458963447,unseen_heading,0,False,60300,,,,,mse,6000,200,5,150,100|200|400,1091,399,5849,5,1131
deep,dlinear,pitch_rate,20,2.0,523680,0.00777113568669795,0.005911126003785758,0.08950701497098114,0.9924620225081594,0.06577715932011105,0.11814337631819807,480,0.9924225508488279,0.9924987121446844,unseen_heading,0,False,60300,,,,,mse,6000,200,5,150,100|200|400,1091,399,5849,5,1131
deep,dlinear,pitch_rate,30,3.0,523680,0.019357683983595074,0.014743687374508076,0.11623753086061682,0.9722659024166114,0.06577136566147114,0.29431780515597233,480,0.9720616984876329,0.9724440691468409,unseen_heading,0,False,60300,,,,,mse,6000,200,5,150,100|200|400,1091,399,5849,5,1131
deep,dlinear,pitch_rate,50,5.0,523680,0.023826925495589502,0.018089750302601786,0.11925019059267393,0.9600774889292053,0.06578308851738435,0.3622044211149012,480,0.9595306019556629,0.960546789949174,unseen_heading,0,False,60300,,,,,mse,6000,200,5,150,100|200|400,1091,399,5849,5,1131
deep,dlinear,pitch_rate,100,10.0,523680,0.0576777021482129,0.043867147329225205,0.08393345585625119,0.5277785722932891,0.06580276410079416,0.8765240022419787,480,0.5221202477979963,0.5337975915692029,unseen_heading,0,False,60300,,,,,mse,6000,200,5,150,100|200|400,1091,399,5849,5,1131
deep,dlinear,pitch_rate,150,15.0,523680,0.06699129494022474,0.05040538457701961,0.09491203609082535,0.5018109642744266,0.06580895137545853,1.0179663030644661,480,0.49398580974768996,0.5082218502601666,unseen_heading,0,False,60300,,,,,mse,6000,200,5,150,100|200|400,1091,399,5849,5,1131
deep,dlinear,heave_rate,10,1.0,523680,0.005916993459925104,0.004268346209056022,0.2706847189471826,0.9995221685835785,0.4491058818542492,0.013175052251587696,480,0.9995155987952244,0.999527903905029,unseen_heading,0,False,60300,,,,,mse,6000,200,5,150,100|200|400,1091,399,5849,5,1131
deep,dlinear,heave_rate,20,2.0,523680,0.041841369406678104,0.02889941610019002,0.5128844770374408,0.9933446228698655,0.44918603230426235,0.09314931097041833,480,0.993218810846944,0.9934806459856003,unseen_heading,0,False,60300,,,,,mse,6000,200,5,150,100|200|400,1091,399,5849,5,1131
deep,dlinear,heave_rate,30,3.0,523680,0.10622822035553216,0.07378265478980532,0.7022250494754589,0.9771162509334589,0.449227566067434,0.23646861497271993,480,0.9767878597769573,0.9774567331593561,unseen_heading,0,False,60300,,,,,mse,6000,200,5,150,100|200|400,1091,399,5849,5,1131
deep,dlinear,heave_rate,50,5.0,523680,0.13240605658649168,0.09183580486244852,0.8648560633370971,0.97656159612129,0.44938743218437077,0.2946367590720011,480,0.9762728187023476,0.9768243758868367,unseen_heading,0,False,60300,,,,,mse,6000,200,5,150,100|200|400,1091,399,5849,5,1131
deep,dlinear,heave_rate,100,10.0,523680,0.29832779034602663,0.21259655696936253,0.4407535771484572,0.5418626162875481,0.44966469020344285,0.6634449998977093,480,0.5179470111308628,0.5626263881205078,unseen_heading,0,False,60300,,,,,mse,6000,200,5,150,100|200|400,1091,399,5849,5,1131
deep,dlinear,heave_rate,150,15.0,523680,0.4101162400580425,0.2887514124004083,0.6919525909599663,0.648713666280144,0.4497908308267742,0.9117932424371465,480,0.6448220303386683,0.6521412801896194,unseen_heading,0,False,60300,,,,,mse,6000,200,5,150,100|200|400,1091,399,5849,5,1131
deep,dlinear,roll,10,1.0,523680,0.05030520727907288,0.0323400375561468,2.6978975128886376,0.9996523237777372,5.056322481397262,0.00994897130555873,480,0.9996444937065658,0.9996586771959397,unseen_heading,1,False,60300,,,,,mse,6000,200,5,150,100|200|400,1091,399,5849,5,1131
deep,dlinear,roll,20,2.0,523680,0.35629989806733975,0.21683702112239223,5.190221153779305,0.9952874098691932,5.056996988280291,0.07045681436889781,480,0.9952542751579408,0.9953190612900109,unseen_heading,1,False,60300,,,,,mse,6000,200,5,150,100|200|400,1091,399,5849,5,1131
deep,dlinear,roll,30,3.0,523680,0.8946193852743703,0.5440755439589658,7.290482390340638,0.984942111446191,5.057530912723518,0.1768885649366424,480,0.9848240594365253,0.98505515675232,unseen_heading,1,False,60300,,,,,mse,6000,200,5,150,100|200|400,1091,399,5849,5,1131
deep,dlinear,roll,50,5.0,523680,1.0905193376503133,0.6728581405135564,9.760571515162436,0.9875170782957222,5.058598032252167,0.21557738541340415,480,0.9872778785307114,0.9877159876510245,unseen_heading,1,False,60300,,,,,mse,6000,200,5,150,100|200|400,1091,399,5849,5,1131
deep,dlinear,roll,100,10.0,523680,2.3773691326630337,1.5049099676021254,5.0288206238444655,0.7765085312379716,5.062743782240931,0.46958116683731027,480,0.766866818053111,0.7839225691833771,unseen_heading,1,False,60300,,,,,mse,6000,200,5,150,100|200|400,1091,399,5849,5,1131
deep,dlinear,roll,150,15.0,523680,3.485895261266268,2.1708088794423515,7.3753549279801005,0.7766104681046367,5.066780440794619,0.6879901945622057,480,0.7734408829458277,0.779383480819486,unseen_heading,1,False,60300,,,,,mse,6000,200,5,150,100|200|400,1091,399,5849,5,1131
deep,dlinear,pitch,10,1.0,523680,0.0017009278771904677,0.0012826409598940768,0.06420293830905709,0.999298121419295,0.09332436934600122,0.018225977728113622,480,0.9992915538331953,0.999303838517232,unseen_heading,1,False,60300,,,,,mse,6000,200,5,150,100|200|400,1091,399,5849,5,1131
deep,dlinear,pitch,20,2.0,523680,0.010362414099660634,0.00787027842107267,0.11934868235086321,0.992461470656358,0.09333665010532012,0.1110219199849983,480,0.9923956676029806,0.9925167613623064,unseen_heading,1,False,60300,,,,,mse,6000,200,5,150,100|200|400,1091,399,5849,5,1131
deep,dlinear,pitch,30,3.0,523680,0.024382699630235795,0.018252165512193358,0.15817580952707133,0.9762379751543263,0.09335358633520026,0.26118653377371065,480,0.9760814956142159,0.9763747558318482,unseen_heading,1,False,60300,,,,,mse,6000,200,5,150,100|200|400,1091,399,5849,5,1131
deep,dlinear,pitch,50,5.0,523680,0.03069404412112856,0.02293413813885158,0.17475317044267974,0.9691497918336386,0.09335704034097117,0.328781246802851,480,0.968650379785674,0.9696031102504394,unseen_heading,1,False,60300,,,,,mse,6000,200,5,150,100|200|400,1091,399,5849,5,1131
deep,dlinear,pitch,100,10.0,523680,0.07385390735322882,0.05547432829167803,0.1063766786670643,0.5179921607462752,0.0933970173286122,0.7907523116437215,480,0.5074029530303275,0.528567271559591,unseen_heading,1,False,60300,,,,,mse,6000,200,5,150,100|200|400,1091,399,5849,5,1131
deep,dlinear,pitch,150,15.0,523680,0.09194521607954109,0.06809535028170971,0.13937788114588798,0.5648183649598886,0.09341040339836806,0.9843145167398712,480,0.5581909719606067,0.570499968830413,unseen_heading,1,False,60300,,,,,mse,6000,200,5,150,100|200|400,1091,399,5849,5,1131
deep,dlinear,heave,10,1.0,523680,0.01179059020129234,0.00797044924950913,0.44205195638216316,0.9992885826438224,0.7795114815459023,0.015125614542469109,480,0.9992756781593519,0.9993011670023403,unseen_heading,1,False,60300,,,,,mse,6000,200,5,150,100|200|400,1091,399,5849,5,1131
deep,dlinear,heave,20,2.0,523680,0.08002206528250196,0.05105605262685587,0.8432697274661302,0.9909949424647125,0.7797270150985163,0.10262830930949776,480,0.9907079062362029,0.9913247933203815,unseen_heading,1,False,60300,,,,,mse,6000,200,5,150,100|200|400,1091,399,5849,5,1131
deep,dlinear,heave,30,3.0,523680,0.20238335698336354,0.12884595645740263,1.167873357571095,0.9699698094043746,0.7799869447915249,0.25947018515477416,480,0.9690607881539992,0.9710063796835646,unseen_heading,1,False,60300,,,,,mse,6000,200,5,150,100|200|400,1091,399,5849,5,1131
deep,dlinear,heave,50,5.0,523680,0.2492400876092623,0.16025526332585935,1.495302537129683,0.972217095244409,0.7803116436734177,0.3194109553920437,480,0.9715738734105104,0.9728304543407841,unseen_heading,1,False,60300,,,,,mse,6000,200,5,150,100|200|400,1091,399,5849,5,1131
deep,dlinear,heave,100,10.0,523680,0.5059682550604144,0.3426902711105302,0.8096850048687823,0.6095060167917219,0.7809870809852986,0.6478573940327943,480,0.589059146657516,0.6265978952474555,unseen_heading,1,False,60300,,,,,mse,6000,200,5,150,100|200|400,1091,399,5849,5,1131
deep,dlinear,heave,150,15.0,523680,0.6966310306374479,0.46877737719942314,1.1503925650286964,0.6332978139199661,0.7811825468654663,0.891764714192239,480,0.626948484246847,0.6391747041642476,unseen_heading,1,False,60300,,,,,mse,6000,200,5,150,100|200|400,1091,399,5849,5,1131
deep,dlinear,roll_rate,10,1.0,523680,0.029121445152542634,0.01970618185569125,1.496365800803394,0.9996212520435321,2.7329053966256955,0.010655855555226586,480,0.9996103796315987,0.9996303767567093,unseen_heading,1,False,60300,,,,,mse,6000,200,5,150,100|200|400,1091,399,5849,5,1131
deep,dlinear,roll_rate,20,2.0,523680,0.1966494048789297,0.1271655218152376,2.8692372611215187,0.9953026561877876,2.733103738947202,0.07195094795585019,480,0.9952585952518906,0.9953399774077588,unseen_heading,1,False,60300,,,,,mse,6000,200,5,150,100|200|400,1091,399,5849,5,1131
deep,dlinear,roll_rate,30,3.0,523680,0.49262922168094275,0.3176654187533477,4.0088531458929,0.9848991969014455,2.7334550855651965,0.18022217532763368,480,0.9847137729556826,0.9850502757894632,unseen_heading,1,False,60300,,,,,mse,6000,200,5,150,100|200|400,1091,399,5849,5,1131
deep,dlinear,roll_rate,50,5.0,523680,0.6047174856484809,0.3947680689410096,5.2834712249933995,0.9869001488722441,2.7343446430162044,0.2211562785960399,480,0.9865509396366008,0.9871961063465232,unseen_heading,1,False,60300,,,,,mse,6000,200,5,150,100|200|400,1091,399,5849,5,1131
deep,dlinear,roll_rate,100,10.0,523680,1.3548782587900348,0.9034722546511635,2.6429837700458685,0.7372083539122447,2.7365812696344305,0.49509885703888773,480,0.7231496822141482,0.7481755932543441,unseen_heading,1,False,60300,,,,,mse,6000,200,5,150,100|200|400,1091,399,5849,5,1131
deep,dlinear,roll_rate,150,15.0,523680,1.9579228836093385,1.2764867131128774,4.094001103855046,0.7712846810893998,2.7388693489929,0.7148653820706268,480,0.7672562254601973,0.7747847311124387,unseen_heading,1,False,60300,,,,,mse,6000,200,5,150,100|200|400,1091,399,5849,5,1131
deep,dlinear,pitch_rate,10,1.0,523680,0.0013396302882790919,0.0010209005273583143,0.04871387351515087,0.9992437513925455,0.06577974949658247,0.02036539054239924,480,0.9992389417206722,0.9992477699754878,unseen_heading,1,False,60300,,,,,mse,6000,200,5,150,100|200|400,1091,399,5849,5,1131
deep,dlinear,pitch_rate,20,2.0,523680,0.008200218420079333,0.0062926115620882675,0.08950701497098114,0.9916066237219964,0.06577715932011105,0.12466665488201092,480,0.9915385707286117,0.9916666825149648,unseen_heading,1,False,60300,,,,,mse,6000,200,5,150,100|200|400,1091,399,5849,5,1131
deep,dlinear,pitch_rate,30,3.0,523680,0.018932271946561764,0.014393873562356524,0.11623753086061682,0.9734714986669288,0.06577136566147114,0.28784976191626027,480,0.9732922023684163,0.9736302368151142,unseen_heading,1,False,60300,,,,,mse,6000,200,5,150,100|200|400,1091,399,5849,5,1131
deep,dlinear,pitch_rate,50,5.0,523680,0.023923215136562325,0.018168049722283197,0.11925019059267393,0.95975416633203,0.06578308851738435,0.3636681657207413,480,0.9592012830537509,0.9602369513956661,unseen_heading,1,False,60300,,,,,mse,6000,200,5,150,100|200|400,1091,399,5849,5,1131
deep,dlinear,pitch_rate,100,10.0,523680,0.057767019021427155,0.043938468245972424,0.08393345585625119,0.5263149218113481,0.06580276410079416,0.8778813445122432,480,0.5205540446695283,0.5324154929944498,unseen_heading,1,False,60300,,,,,mse,6000,200,5,150,100|200|400,1091,399,5849,5,1131
deep,dlinear,pitch_rate,150,15.0,523680,0.06703327471408546,0.05043762796186141,0.09491203609082535,0.5011863931009828,0.06580895137545853,1.0186042067688,480,0.4933213928039261,0.5076498964448408,unseen_heading,1,False,60300,,,,,mse,6000,200,5,150,100|200|400,1091,399,5849,5,1131
deep,dlinear,heave_rate,10,1.0,523680,0.006806505033474079,0.004872298983228857,0.2706847189471826,0.9993677033776837,0.4491058818542492,0.015155680004393778,480,0.9993606571911361,0.9993744462451286,unseen_heading,1,False,60300,,,,,mse,6000,200,5,150,100|200|400,1091,399,5849,5,1131
deep,dlinear,heave_rate,20,2.0,523680,0.042350771841761,0.02942747602591285,0.5128844770374408,0.9931815831344488,0.44918603230426235,0.09428336768288939,480,0.993074005112209,0.9933005101789472,unseen_heading,1,False,60300,,,,,mse,6000,200,5,150,100|200|400,1091,399,5849,5,1131
deep,dlinear,heave_rate,30,3.0,523680,0.1065347188176394,0.07377909100276224,0.7022250494754589,0.9769840082521836,0.449227566067434,0.23715089381146162,480,0.9766465559501101,0.9773394079039528,unseen_heading,1,False,60300,,,,,mse,6000,200,5,150,100|200|400,1091,399,5849,5,1131
deep,dlinear,heave_rate,50,5.0,523680,0.1332278994443846,0.09259936484328223,0.8648560633370971,0.9762697293146354,0.44938743218437077,0.29646556601904483,480,0.9759468209923984,0.9765508773037925,unseen_heading,1,False,60300,,,,,mse,6000,200,5,150,100|200|400,1091,399,5849,5,1131
deep,dlinear,heave_rate,100,10.0,523680,0.29879207050733986,0.2131369339118001,0.4407535771484572,0.5404355309246295,0.44966469020344285,0.6644775029414843,480,0.5159878209265102,0.5615660338149252,unseen_heading,1,False,60300,,,,,mse,6000,200,5,150,100|200|400,1091,399,5849,5,1131
deep,dlinear,heave_rate,150,15.0,523680,0.4101561650518935,0.2888806505618415,0.6919525909599663,0.648645267197061,0.4497908308267742,0.9118820059047735,480,0.6446441822288153,0.6520481911257812,unseen_heading,1,False,60300,,,,,mse,6000,200,5,150,100|200|400,1091,399,5849,5,1131
deep,dlinear,roll,10,1.0,523680,0.04629251720382037,0.02805856639609635,2.6978975128886376,0.9997055777022424,5.056322481397262,0.009155372778167407,480,0.9997021978370225,0.9997092858075876,unseen_heading,2,False,60300,,,,,mse,6000,200,5,150,100|200|400,1091,399,5849,5,1131
deep,dlinear,roll,20,2.0,523680,0.3703850807276929,0.2224194280168336,5.190221153779305,0.9949074506910263,5.056996988280291,0.07324210031883922,480,0.9948712626362883,0.9949489899346284,unseen_heading,2,False,60300,,,,,mse,6000,200,5,150,100|200|400,1091,399,5849,5,1131
deep,dlinear,roll,30,3.0,523680,0.9005961777559389,0.5445436134744873,7.290482390340638,0.9847402412286317,5.057530912723518,0.17807032587586522,480,0.984617710411375,0.9848561077094262,unseen_heading,2,False,60300,,,,,mse,6000,200,5,150,100|200|400,1091,399,5849,5,1131
deep,dlinear,roll,50,5.0,523680,1.0843525968673324,0.6676988040378695,9.760571515162436,0.9876578576233515,5.058598032252167,0.21435832417476383,480,0.9874169483610061,0.9878511612197239,unseen_heading,2,False,60300,,,,,mse,6000,200,5,150,100|200|400,1091,399,5849,5,1131
deep,dlinear,roll,100,10.0,523680,2.3868938131979607,1.5081353300702482,5.0288206238444655,0.7747141535879756,5.062743782240931,0.4714624946201496,480,0.7652325879647933,0.7819854265001872,unseen_heading,2,False,60300,,,,,mse,6000,200,5,150,100|200|400,1091,399,5849,5,1131
deep,dlinear,roll,150,15.0,523680,3.480863704703898,2.168262045017209,7.3753549279801005,0.7772548855583095,5.066780440794619,0.6869971464873653,480,0.7740070004417771,0.7800863762196107,unseen_heading,2,False,60300,,,,,mse,6000,200,5,150,100|200|400,1091,399,5849,5,1131
deep,dlinear,pitch,10,1.0,523680,0.0017961497988345004,0.0014367177599851433,0.06420293830905709,0.9992173361063711,0.09332436934600122,0.01924631059841673,480,0.9991962016371309,0.9992345002440977,unseen_heading,2,False,60300,,,,,mse,6000,200,5,150,100|200|400,1091,399,5849,5,1131
deep,dlinear,pitch,20,2.0,523680,0.009957300288453756,0.007496052210171576,0.11934868235086321,0.9930393795679309,0.09333665010532012,0.10668156910729108,480,0.992997260417114,0.9930778320515192,unseen_heading,2,False,60300,,,,,mse,6000,200,5,150,100|200|400,1091,399,5849,5,1131
deep,dlinear,pitch,30,3.0,523680,0.02403176086846263,0.017949852023821745,0.15817580952707133,0.9769170635425473,0.09335358633520026,0.2574272913541097,480,0.9767820785147654,0.9770408703815088,unseen_heading,2,False,60300,,,,,mse,6000,200,5,150,100|200|400,1091,399,5849,5,1131
deep,dlinear,pitch,50,5.0,523680,0.03069866872426626,0.022973713639873394,0.17475317044267974,0.9691404948692631,0.09335704034097117,0.3288307835396714,480,0.9686382235312511,0.9695955504579825,unseen_heading,2,False,60300,,,,,mse,6000,200,5,150,100|200|400,1091,399,5849,5,1131
deep,dlinear,pitch,100,10.0,523680,0.07382536644799485,0.05547112149132433,0.1063766786670643,0.5183646334390413,0.0933970173286122,0.7904467247411597,480,0.5079106170460816,0.5288606976625976,unseen_heading,2,False,60300,,,,,mse,6000,200,5,150,100|200|400,1091,399,5849,5,1131
deep,dlinear,pitch,150,15.0,523680,0.09202384011874615,0.06815946313055422,0.13937788114588798,0.5640737831611495,0.09341040339836806,0.9851562221211204,480,0.5574099381301583,0.5697939580808032,unseen_heading,2,False,60300,,,,,mse,6000,200,5,150,100|200|400,1091,399,5849,5,1131
deep,dlinear,heave,10,1.0,523680,0.010877737072004746,0.006837406564828966,0.44205195638216316,0.9993944772278919,0.7795114815459023,0.013954556577450745,480,0.9993687733882436,0.9994241862813887,unseen_heading,2,False,60300,,,,,mse,6000,200,5,150,100|200|400,1091,399,5849,5,1131
deep,dlinear,heave,20,2.0,523680,0.07963171102819443,0.050434657704370986,0.8432697274661302,0.991082583014354,0.7797270150985163,0.10212767992671536,480,0.9907788144487212,0.9914255396274672,unseen_heading,2,False,60300,,,,,mse,6000,200,5,150,100|200|400,1091,399,5849,5,1131
deep,dlinear,heave,30,3.0,523680,0.20207016530818653,0.12791548703949807,1.167873357571095,0.9700626819456842,0.7799869447915249,0.25906865064542317,480,0.9691300023098912,0.9711432944649454,unseen_heading,2,False,60300,,,,,mse,6000,200,5,150,100|200|400,1091,399,5849,5,1131
deep,dlinear,heave,50,5.0,523680,0.24851020430257928,0.1593834532679414,1.495302537129683,0.9723795778272073,0.7803116436734177,0.3184755812852996,480,0.9717268870238628,0.9730341873668302,unseen_heading,2,False,60300,,,,,mse,6000,200,5,150,100|200|400,1091,399,5849,5,1131
deep,dlinear,heave,100,10.0,523680,0.505736214778807,0.34217341488404424,0.8096850048687823,0.6098641007453455,0.7809870809852986,0.6475602824835038,480,0.5896988460665037,0.6267478700381258,unseen_heading,2,False,60300,,,,,mse,6000,200,5,150,100|200|400,1091,399,5849,5,1131
deep,dlinear,heave,150,15.0,523680,0.6971025660306464,0.4691272079854789,1.1503925650286964,0.6328012193883948,0.7811825468654663,0.8923683316118685,480,0.6264230714904824,0.6386924843852134,unseen_heading,2,False,60300,,,,,mse,6000,200,5,150,100|200|400,1091,399,5849,5,1131
deep,dlinear,roll_rate,10,1.0,523680,0.02545915932210782,0.016620095108460988,1.496365800803394,0.9997105239953098,2.7329053966256955,0.009315785081160188,480,0.9997072394267563,0.9997136616891176,unseen_heading,2,False,60300,,,,,mse,6000,200,5,150,100|200|400,1091,399,5849,5,1131
deep,dlinear,roll_rate,20,2.0,523680,0.20287715900034958,0.1294135768643013,2.8692372611215187,0.9950004215790487,2.733103738947202,0.07422958598655255,480,0.9949624245960867,0.9950364644707628,unseen_heading,2,False,60300,,,,,mse,6000,200,5,150,100|200|400,1091,399,5849,5,1131
deep,dlinear,roll_rate,30,3.0,523680,0.49390420829740916,0.31695370427716896,4.0088531458929,0.9848209301806995,2.7334550855651965,0.18068861306908382,480,0.9846613657462487,0.9849536684616791,unseen_heading,2,False,60300,,,,,mse,6000,200,5,150,100|200|400,1091,399,5849,5,1131
deep,dlinear,roll_rate,50,5.0,523680,0.5998059281381706,0.39138119382036207,5.2834712249933995,0.9871120805064443,2.7343446430162044,0.21936003190751255,480,0.986768367056785,0.9873989085849277,unseen_heading,2,False,60300,,,,,mse,6000,200,5,150,100|200|400,1091,399,5849,5,1131
deep,dlinear,roll_rate,100,10.0,523680,1.3577710533803762,0.9041462658907179,2.6429837700458685,0.7360849853741653,2.7365812696344305,0.49615594042334277,480,0.7222037382698335,0.7469176223104235,unseen_heading,2,False,60300,,,,,mse,6000,200,5,150,100|200|400,1091,399,5849,5,1131
deep,dlinear,roll_rate,150,15.0,523680,1.9548325346557525,1.2750012406173892,4.094001103855046,0.7720061112789156,2.7388693489929,0.7137370518876912,480,0.7679675129794994,0.7755654677904711,unseen_heading,2,False,60300,,,,,mse,6000,200,5,150,100|200|400,1091,399,5849,5,1131
deep,dlinear,pitch_rate,10,1.0,523680,0.0014566191894686965,0.0011565515592392584,0.04871387351515087,0.9991058987011381,0.06577974949658247,0.02214388471552896,480,0.9990866059675584,0.9991216682809378,unseen_heading,2,False,60300,,,,,mse,6000,200,5,150,100|200|400,1091,399,5849,5,1131
deep,dlinear,pitch_rate,20,2.0,523680,0.007921946449655274,0.006045856675271467,0.08950701497098114,0.9921666116615362,0.06577715932011105,0.12043612906879025,480,0.9921181519293976,0.9922117174330064,unseen_heading,2,False,60300,,,,,mse,6000,200,5,150,100|200|400,1091,399,5849,5,1131
deep,dlinear,pitch_rate,30,3.0,523680,0.018770604363689485,0.014249887894293272,0.11623753086061682,0.9739226317498837,0.06577136566147114,0.28539173810534546,480,0.9737577417032073,0.9740777007334767,unseen_heading,2,False,60300,,,,,mse,6000,200,5,150,100|200|400,1091,399,5849,5,1131
deep,dlinear,pitch_rate,50,5.0,523680,0.02401927596273485,0.018261491017159334,0.11925019059267393,0.9594303127163554,0.06578308851738435,0.3651284320040299,480,0.9588489343090824,0.9599192322820295,unseen_heading,2,False,60300,,,,,mse,6000,200,5,150,100|200|400,1091,399,5849,5,1131
deep,dlinear,pitch_rate,100,10.0,523680,0.05780284612028669,0.04397883692528857,0.08393345585625119,0.5257271807423254,0.06580276410079416,0.8784258064257984,480,0.5200718266877186,0.5317425745913338,unseen_heading,2,False,60300,,,,,mse,6000,200,5,150,100|200|400,1091,399,5849,5,1131
deep,dlinear,pitch_rate,150,15.0,523680,0.06708486298342774,0.05047909808354218,0.09491203609082535,0.500418331783901,0.06580895137545853,1.0193881163778127,480,0.4925396980552029,0.5069133607355684,unseen_heading,2,False,60300,,,,,mse,6000,200,5,150,100|200|400,1091,399,5849,5,1131
deep,dlinear,heave_rate,10,1.0,523680,0.005648004955264897,0.003939159992341012,0.2706847189471826,0.9995646258295705,0.4491058818542492,0.012576109963079653,480,0.9995536696747213,0.9995759221046447,unseen_heading,2,False,60300,,,,,mse,6000,200,5,150,100|200|400,1091,399,5849,5,1131
deep,dlinear,heave_rate,20,2.0,523680,0.04191204875824899,0.028957310479936955,0.5128844770374408,0.9933221190632385,0.44918603230426235,0.093306660813218,480,0.9932011867507323,0.9934526466382531,unseen_heading,2,False,60300,,,,,mse,6000,200,5,150,100|200|400,1091,399,5849,5,1131
deep,dlinear,heave_rate,30,3.0,523680,0.1056798644693528,0.07295829776015249,0.7022250494754589,0.9773518954842857,0.449227566067434,0.23524795104289992,480,0.9769927505049982,0.9777350376023586,unseen_heading,2,False,60300,,,,,mse,6000,200,5,150,100|200|400,1091,399,5849,5,1131
deep,dlinear,heave_rate,50,5.0,523680,0.1323681656748854,0.0919850792868906,0.8648560633370971,0.9765750090336205,0.44938743218437077,0.29455244226896526,480,0.9762682621631871,0.9768479012528176,unseen_heading,2,False,60300,,,,,mse,6000,200,5,150,100|200|400,1091,399,5849,5,1131
deep,dlinear,heave_rate,100,10.0,523680,0.2982838195806688,0.21265903166087644,0.4407535771484572,0.5419976567865212,0.44966469020344285,0.6633472142224811,480,0.5178099342986008,0.5628670353558893,unseen_heading,2,False,60300,,,,,mse,6000,200,5,150,100|200|400,1091,399,5849,5,1131
deep,dlinear,heave_rate,150,15.0,523680,0.4104324682157215,0.2890872746275848,0.6919525909599663,0.6481717250106394,0.4497908308267742,0.9124962984712096,480,0.6441503523766942,0.6515908901560367,unseen_heading,2,False,60300,,,,,mse,6000,200,5,150,100|200|400,1091,399,5849,5,1131
deep,dlinear_ols,roll,10,1.0,523680,0.015276010272721628,0.00936019847579204,2.6978975128886376,0.9999679395962011,5.056322481397262,0.003021170095246825,480,0.9999676289722411,0.9999682361391612,unseen_heading,0,True,60300,0.13290436699753627,,,,,6000,200,5,150,100|200|400,1091,399,5849,5,1131
deep,dlinear_ols,roll,20,2.0,523680,0.15057793780087533,0.09215732717371872,5.190221153779305,0.9991583123335227,5.056996988280291,0.02977615730241549,480,0.9991494213313481,0.9991666646548292,unseen_heading,0,True,60300,0.13290436699753627,,,,,6000,200,5,150,100|200|400,1091,399,5849,5,1131
deep,dlinear_ols,roll,30,3.0,523680,0.5350009303190815,0.32668813902942395,7.290482390340638,0.9946148656353837,5.057530912723518,0.10578302724223577,480,0.9945529506595714,0.9946727399226767,unseen_heading,0,True,60300,0.13290436699753627,,,,,6000,200,5,150,100|200|400,1091,399,5849,5,1131
deep,dlinear_ols,roll,50,5.0,523680,1.1320348270450231,0.687848147157554,9.760571515162436,0.9865485506541889,5.058598032252167,0.2237843014660375,480,0.9863021573813283,0.9867583884704832,unseen_heading,0,True,60300,0.13290436699753627,,,,,6000,200,5,150,100|200|400,1091,399,5849,5,1131
deep,dlinear_ols,roll,100,10.0,523680,2.3967079184505895,1.4949743056372098,5.0288206238444655,0.7728577455670484,5.062743782240931,0.4734009899647204,480,0.7644036667937109,0.7796803845851245,unseen_heading,0,True,60300,0.13290436699753627,,,,,6000,200,5,150,100|200|400,1091,399,5849,5,1131
deep,dlinear_ols,roll,150,15.0,523680,3.463077643558601,2.1562529928988576,7.3753549279801005,0.7795253775534234,5.066780440794619,0.6834868185082614,480,0.7761951047671204,0.7824199898855754,unseen_heading,0,True,60300,0.13290436699753627,,,,,6000,200,5,150,100|200|400,1091,399,5849,5,1131
deep,dlinear_ols,pitch,10,1.0,523680,0.00043480489516290453,0.00032577410008984974,0.06420293830905709,0.9999541352489156,0.09332436934600122,0.004659071346636806,480,0.9999539079405568,0.9999543326855774,unseen_heading,0,True,60300,0.13290436699753627,,,,,6000,200,5,150,100|200|400,1091,399,5849,5,1131
deep,dlinear_ols,pitch,20,2.0,523680,0.004229081740171462,0.0031653244334286282,0.11934868235086321,0.9987443838258204,0.09333665010532012,0.045309979899636525,480,0.9987376959639095,0.9987501498930146,unseen_heading,0,True,60300,0.13290436699753627,,,,,6000,200,5,150,100|200|400,1091,399,5849,5,1131
deep,dlinear_ols,pitch,30,3.0,523680,0.014685782310812093,0.010970078792547857,0.15817580952707133,0.9913798655230349,0.09335358633520026,0.15731353113827418,480,0.9913239282285995,0.9914271912672074,unseen_heading,0,True,60300,0.13290436699753627,,,,,6000,200,5,150,100|200|400,1091,399,5849,5,1131
deep,dlinear_ols,pitch,50,5.0,523680,0.02921511645429782,0.021681337363638056,0.17475317044267974,0.9720510744824747,0.09335704034097117,0.3129396170614925,480,0.9716969617582689,0.9723748963578556,unseen_heading,0,True,60300,0.13290436699753627,,,,,6000,200,5,150,100|200|400,1091,399,5849,5,1131
deep,dlinear_ols,pitch,100,10.0,523680,0.06916757926885145,0.05174967952336247,0.1063766786670643,0.57722207784159,0.0933970173286122,0.7405758904001096,480,0.5688235115967905,0.5858203129364191,unseen_heading,0,True,60300,0.13290436699753627,,,,,6000,200,5,150,100|200|400,1091,399,5849,5,1131
deep,dlinear_ols,pitch,150,15.0,523680,0.09155089683399893,0.06785887858898838,0.13937788114588798,0.5685430291800149,0.09341040339836806,0.9800931534741492,480,0.5619086757395884,0.5742926816974663,unseen_heading,0,True,60300,0.13290436699753627,,,,,6000,200,5,150,100|200|400,1091,399,5849,5,1131
deep,dlinear_ols,heave,10,1.0,523680,0.0034000560110823796,0.0021919579510747663,0.44205195638216316,0.9999408403618393,0.7795114815459023,0.004361777974507183,480,0.9999390728797545,0.999942878126106,unseen_heading,0,True,60300,0.13290436699753627,,,,,6000,200,5,150,100|200|400,1091,399,5849,5,1131
deep,dlinear_ols,heave,20,2.0,523680,0.0335706736607786,0.021590443804002882,0.8432697274661302,0.9984151539095625,0.7797270150985163,0.043054393410413054,480,0.9983701706617406,0.9984680360339492,unseen_heading,0,True,60300,0.13290436699753627,,,,,6000,200,5,150,100|200|400,1091,399,5849,5,1131
deep,dlinear_ols,heave,30,3.0,523680,0.11961498304400417,0.07658866168408211,1.167873357571095,0.9895098991387474,0.7799869447915249,0.15335510913708292,480,0.9892112830857296,0.9898462254070585,unseen_heading,0,True,60300,0.13290436699753627,,,,,6000,200,5,150,100|200|400,1091,399,5849,5,1131
deep,dlinear_ols,heave,50,5.0,523680,0.2563338290201679,0.16175863997117196,1.495302537129683,0.9706131044460028,0.7803116436734177,0.3285018634522014,480,0.9698716495813083,0.9714275261055563,unseen_heading,0,True,60300,0.13290436699753627,,,,,6000,200,5,150,100|200|400,1091,399,5849,5,1131
deep,dlinear_ols,heave,100,10.0,523680,0.5071058009085261,0.33723256538607765,0.8096850048687823,0.6077481825885358,0.7809870809852986,0.6493139429000003,480,0.5904649156586296,0.6224080796223053,unseen_heading,0,True,60300,0.13290436699753627,,,,,6000,200,5,150,100|200|400,1091,399,5849,5,1131
deep,dlinear_ols,heave,150,15.0,523680,0.6895991871252057,0.4642808990707314,1.1503925650286964,0.6406634867859853,0.7811825468654663,0.8827631773037642,480,0.6344730408851553,0.6465140024915512,unseen_heading,0,True,60300,0.13290436699753627,,,,,6000,200,5,150,100|200|400,1091,399,5849,5,1131
deep,dlinear_ols,roll_rate,10,1.0,523680,0.008469049708442406,0.005510670133030445,1.496365800803394,0.9999679672801113,2.7329053966256955,0.00309891799361189,480,0.999967573873714,0.9999682981357286,unseen_heading,0,True,60300,0.13290436699753627,,,,,6000,200,5,150,100|200|400,1091,399,5849,5,1131
deep,dlinear_ols,roll_rate,20,2.0,523680,0.08331531650529178,0.05412227419630598,2.8692372611215187,0.9991568268416404,2.733103738947202,0.03048377392999544,480,0.999145242326917,0.9991664821249356,unseen_heading,0,True,60300,0.13290436699753627,,,,,6000,200,5,150,100|200|400,1091,399,5849,5,1131
deep,dlinear_ols,roll_rate,30,3.0,523680,0.29502854408988416,0.1910523190793688,4.0088531458929,0.9945838862399831,2.7334550855651965,0.10793246453833029,480,0.9944967084330821,0.9946537024921125,unseen_heading,0,True,60300,0.13290436699753627,,,,,6000,200,5,150,100|200|400,1091,399,5849,5,1131
deep,dlinear_ols,roll_rate,50,5.0,523680,0.6185771654933747,0.39739924212747213,5.2834712249933995,0.9862927897173879,2.7343446430162044,0.2262250177837984,480,0.9859778753345044,0.9865491623083725,unseen_heading,0,True,60300,0.13290436699753627,,,,,6000,200,5,150,100|200|400,1091,399,5849,5,1131
deep,dlinear_ols,roll_rate,100,10.0,523680,1.3455572811914822,0.884786329777563,2.6429837700458685,0.7408117025746392,2.7365812696344305,0.4916927906077608,480,0.7285800185368009,0.7504662554932611,unseen_heading,0,True,60300,0.13290436699753627,,,,,6000,200,5,150,100|200|400,1091,399,5849,5,1131
deep,dlinear_ols,roll_rate,150,15.0,523680,1.9445421497006832,1.2679316474443654,4.094001103855046,0.7744001472892855,2.7388693489929,0.7099798865600156,480,0.7704653381504091,0.7778648408013957,unseen_heading,0,True,60300,0.13290436699753627,,,,,6000,200,5,150,100|200|400,1091,399,5849,5,1131
deep,dlinear_ols,pitch_rate,10,1.0,523680,0.0003475099042877114,0.00026425201582747884,0.04871387351515087,0.9999491103990555,0.06577974949658247,0.0052829314028592644,480,0.9999488731828596,0.9999493469051319,unseen_heading,0,True,60300,0.13290436699753627,,,,,6000,200,5,150,100|200|400,1091,399,5849,5,1131
deep,dlinear_ols,pitch_rate,20,2.0,523680,0.003358332328423266,0.002552597326344742,0.08950701497098114,0.9985922251809313,0.06577715932011105,0.051056208008004866,480,0.9985849907884142,0.998599222521211,unseen_heading,0,True,60300,0.13290436699753627,,,,,6000,200,5,150,100|200|400,1091,399,5849,5,1131
deep,dlinear_ols,pitch_rate,30,3.0,523680,0.011535733924248576,0.008760409569873458,0.11623753086061682,0.9901508736551454,0.06577136566147114,0.17539143072722008,480,0.9900887849205103,0.990207164107891,unseen_heading,0,True,60300,0.13290436699753627,,,,,6000,200,5,150,100|200|400,1091,399,5849,5,1131
deep,dlinear_ols,pitch_rate,50,5.0,523680,0.02221415034270151,0.016813226419097976,0.11925019059267393,0.9652990591568598,0.06578308851738435,0.337687859347483,480,0.964880829675023,0.9656711818258906,unseen_heading,0,True,60300,0.13290436699753627,,,,,6000,200,5,150,100|200|400,1091,399,5849,5,1131
deep,dlinear_ols,pitch_rate,100,10.0,523680,0.05349226772717702,0.04060251752052052,0.08393345585625119,0.593826290683905,0.06580276410079416,0.8129182483161286,480,0.5890760774217771,0.5988608019058784,unseen_heading,0,True,60300,0.13290436699753627,,,,,6000,200,5,150,100|200|400,1091,399,5849,5,1131
deep,dlinear_ols,pitch_rate,150,15.0,523680,0.06691616413782425,0.050382518938131345,0.09491203609082535,0.5029277766457309,0.06580895137545853,1.0168246528659721,480,0.49513810398399144,0.5093539124335605,unseen_heading,0,True,60300,0.13290436699753627,,,,,6000,200,5,150,100|200|400,1091,399,5849,5,1131
deep,dlinear_ols,heave_rate,10,1.0,523680,0.0018280187505418303,0.0012762683714082508,0.2706847189471826,0.9999543927575775,0.4491058818542492,0.004070351390176375,480,0.9999537562247652,0.9999550701295183,unseen_heading,0,True,60300,0.13290436699753627,,,,,6000,200,5,150,100|200|400,1091,399,5849,5,1131
deep,dlinear_ols,heave_rate,20,2.0,523680,0.017977904184319788,0.012526515837048818,0.5128844770374408,0.998771319366067,0.44918603230426235,0.04002329300422727,480,0.9987551780273485,0.998788965357337,unseen_heading,0,True,60300,0.13290436699753627,,,,,6000,200,5,150,100|200|400,1091,399,5849,5,1131
deep,dlinear_ols,heave_rate,30,3.0,523680,0.063605383272912,0.04416022483654027,0.7022250494754589,0.9917958212680457,0.449227566067434,0.14158833535020451,480,0.9916886226394233,0.9919089227885934,unseen_heading,0,True,60300,0.13290436699753627,,,,,6000,200,5,150,100|200|400,1091,399,5849,5,1131
deep,dlinear_ols,heave_rate,50,5.0,523680,0.1335205466045949,0.09158469486309663,0.8648560633370971,0.9761653634337079,0.44938743218437077,0.29711677951379656,480,0.9758544952300072,0.9764454752741518,unseen_heading,0,True,60300,0.13290436699753627,,,,,6000,200,5,150,100|200|400,1091,399,5849,5,1131
deep,dlinear_ols,heave_rate,100,10.0,523680,0.2903506045933377,0.20493720794923967,0.4407535771484572,0.5660359256800557,0.44966469020344285,0.6457047015676809,480,0.5455529413510456,0.5835870086126711,unseen_heading,0,True,60300,0.13290436699753627,,,,,6000,200,5,150,100|200|400,1091,399,5849,5,1131
deep,dlinear_ols,heave_rate,150,15.0,523680,0.4066625074409206,0.28657761855054403,0.6919525909599663,0.6546053640617302,0.4497908308267742,0.9041147119282575,480,0.6506530441195999,0.6580274642964904,unseen_heading,0,True,60300,0.13290436699753627,,,,,6000,200,5,150,100|200|400,1091,399,5849,5,1131
deep,tcn,roll,10,1.0,523680,0.44511541665418775,0.30340788985264366,2.6978975128886376,0.9727796078677141,5.056322481397262,0.08803145335207826,480,0.9708641216575983,0.9744006785933267,unseen_heading,0,False,196804,,,,,mse,6000,200,5,150,100|200|400,1091,399,5849,5,1131
deep,tcn,roll,20,2.0,523680,0.7356885303030346,0.4979280633286963,5.190221153779305,0.9799083204081251,5.056996988280291,0.14547932933478308,480,0.9786735364427939,0.980966174142122,unseen_heading,0,False,196804,,,,,mse,6000,200,5,150,100|200|400,1091,399,5849,5,1131
deep,tcn,roll,30,3.0,523680,1.1832626475611685,0.8094895577264731,7.290482390340638,0.9736579372566261,5.057530912723518,0.23396053686678758,480,0.9721177253927744,0.9748952541002511,unseen_heading,0,False,196804,,,,,mse,6000,200,5,150,100|200|400,1091,399,5849,5,1131
deep,tcn,roll,50,5.0,523680,1.9591401895131237,1.3065073970974883,9.760571515162436,0.9597115525474667,5.058598032252167,0.38728916134909497,480,0.9578263874689416,0.9611977812727573,unseen_heading,0,False,196804,,,,,mse,6000,200,5,150,100|200|400,1091,399,5849,5,1131
deep,tcn,roll,100,10.0,523680,2.12330344371094,1.4972218895371143,5.0288206238444655,0.8217244279479511,5.062743782240931,0.4193977682929667,480,0.8061302788588602,0.8339929426956741,unseen_heading,0,False,196804,,,,,mse,6000,200,5,150,100|200|400,1091,399,5849,5,1131
deep,tcn,roll,150,15.0,523680,3.055260911353176,2.0908732068425304,7.3753549279801005,0.8283946759438416,5.066780440794619,0.6029984813934471,480,0.8193054405436544,0.8365052359479608,unseen_heading,0,False,196804,,,,,mse,6000,200,5,150,100|200|400,1091,399,5849,5,1131
deep,tcn,pitch,10,1.0,523680,0.10976208011377825,0.07461804654142538,0.06420293830905709,-1.922771398215536,0.09332436934600122,1.1761352461631327,480,-2.102909552437387,-1.736762898431976,unseen_heading,0,False,196804,,,,,mse,6000,200,5,150,100|200|400,1091,399,5849,5,1131
deep,tcn,pitch,20,2.0,523680,0.366305591304057,0.2503533479527606,0.11934868235086321,-8.420020293267743,0.09333665010532012,3.9245632973834126,480,-8.965772773968363,-7.849631917765044,unseen_heading,0,False,196804,,,,,mse,6000,200,5,150,100|200|400,1091,399,5849,5,1131
deep,tcn,pitch,30,3.0,523680,0.7091335015980775,0.4791128214772653,0.15817580952707133,-19.09906593284882,0.09335358633520026,7.596210594971957,480,-20.27303915921429,-17.847217338062293,unseen_heading,0,False,196804,,,,,mse,6000,200,5,150,100|200|400,1091,399,5849,5,1131
deep,tcn,pitch,50,5.0,523680,0.857705284354288,0.5568673166754108,0.17475317044267974,-23.089403397168187,0.09335704034097117,9.187365850734567,480,-24.48988573808942,-21.55774327806376,unseen_heading,0,False,196804,,,,,mse,6000,200,5,150,100|200|400,1091,399,5849,5,1131
deep,tcn,pitch,100,10.0,523680,0.9197166311387038,0.6428583070042112,0.1063766786670643,-73.7506935947373,0.0933970173286122,9.847387608779112,480,-76.7859338315368,-70.36812838786248,unseen_heading,0,False,196804,,,,,mse,6000,200,5,150,100|200|400,1091,399,5849,5,1131
deep,tcn,pitch,150,15.0,523680,0.7405792218926853,0.5145637314656599,0.13937788114588798,-27.23288961701305,0.09341040339836806,7.928230635450009,480,-28.793618107122505,-25.585959441409166,unseen_heading,0,False,196804,,,,,mse,6000,200,5,150,100|200|400,1091,399,5849,5,1131
deep,tcn,heave,10,1.0,523680,0.042645458075853834,0.029458437751489448,0.44205195638216316,0.9906932310217252,0.7795114815459023,0.054707928087577004,480,0.9905865158442799,0.9907913622859977,unseen_heading,0,False,196804,,,,,mse,6000,200,5,150,100|200|400,1091,399,5849,5,1131
deep,tcn,heave,20,2.0,523680,0.1293109459039891,0.09102640274148174,0.8432697274661302,0.976485402063004,0.7797270150985163,0.16584130522610022,480,0.9762316177826742,0.9767277315569175,unseen_heading,0,False,196804,,,,,mse,6000,200,5,150,100|200|400,1091,399,5849,5,1131
deep,tcn,heave,30,3.0,523680,0.29734203432403983,0.20662976689463702,1.167873357571095,0.9351781958051829,0.7799869447915249,0.38121411686385787,480,0.9346357662921578,0.9356632546816397,unseen_heading,0,False,196804,,,,,mse,6000,200,5,150,100|200|400,1091,399,5849,5,1131
deep,tcn,heave,50,5.0,523680,0.4721923515053352,0.31326687800448094,1.495302537129683,0.9002805772206562,0.7803116436734177,0.6051330328513731,480,0.8994171618394152,0.9010705944454643,unseen_heading,0,False,196804,,,,,mse,6000,200,5,150,100|200|400,1091,399,5849,5,1131
deep,tcn,heave,100,10.0,523680,0.7175143767982417,0.479156452679045,0.8096850048687823,0.21471188946308617,0.7809870809852986,0.9187275875204245,480,0.17056275399740714,0.25184143175567814,unseen_heading,0,False,196804,,,,,mse,6000,200,5,150,100|200|400,1091,399,5849,5,1131
deep,tcn,heave,150,15.0,523680,0.8407851978107062,0.5726349445590865,1.1503925650286964,0.46583185908825975,0.7811825468654663,1.0762979807784985,480,0.45863290159325015,0.4726540131333138,unseen_heading,0,False,196804,,,,,mse,6000,200,5,150,100|200|400,1091,399,5849,5,1131
deep,tcn,roll_rate,10,1.0,523680,0.3326847312191179,0.2397951520818501,1.496365800803394,0.950570047812184,2.7329053966256955,0.121732984840925,480,0.946885932506583,0.9536041985250634,unseen_heading,0,False,196804,,,,,mse,6000,200,5,150,100|200|400,1091,399,5849,5,1131
deep,tcn,roll_rate,20,2.0,523680,0.5849980383549612,0.41933089132022955,2.8692372611215187,0.9584303952383175,2.733103738947202,0.2140416516280146,480,0.9557221681307974,0.9607058065111824,unseen_heading,0,False,196804,,,,,mse,6000,200,5,150,100|200|400,1091,399,5849,5,1131
deep,tcn,roll_rate,30,3.0,523680,0.76478600877115,0.5393856199628785,4.0088531458929,0.9636051801591533,2.7334550855651965,0.27978729660122265,480,0.9616866809024893,0.9652278792026663,unseen_heading,0,False,196804,,,,,mse,6000,200,5,150,100|200|400,1091,399,5849,5,1131
deep,tcn,roll_rate,50,5.0,523680,0.9284523846252533,0.6466407906526477,5.2834712249933995,0.9691197662569482,2.7343446430162044,0.3395520703641421,480,0.9673214844834694,0.9706377659265315,unseen_heading,0,False,196804,,,,,mse,6000,200,5,150,100|200|400,1091,399,5849,5,1131
deep,tcn,roll_rate,100,10.0,523680,1.3143076197905186,0.9111251377305883,2.6429837700458685,0.7527108515586413,2.7365812696344305,0.4802735567820692,480,0.7352072685212744,0.7668152740030191,unseen_heading,0,False,196804,,,,,mse,6000,200,5,150,100|200|400,1091,399,5849,5,1131
deep,tcn,roll_rate,150,15.0,523680,1.8300792695106174,1.2367713605980382,4.094001103855046,0.8001777282096418,2.7388693489929,0.6681878674437498,480,0.7930028842161483,0.80687159283788,unseen_heading,0,False,196804,,,,,mse,6000,200,5,150,100|200|400,1091,399,5849,5,1131
deep,tcn,pitch_rate,10,1.0,523680,0.19849451682145278,0.13939329809621184,0.04871387351515087,-15.603196218421306,0.06577974949658247,3.017562674539607,480,-16.350817535012613,-14.81865566550979,unseen_heading,0,False,196804,,,,,mse,6000,200,5,150,100|200|400,1091,399,5849,5,1131
deep,tcn,pitch_rate,20,2.0,523680,0.3662976819960393,0.2529216930543487,0.08950701497098114,-15.747662221563505,0.06577715932011105,5.568767118893283,480,-16.75071758131586,-14.722899227057216,unseen_heading,0,False,196804,,,,,mse,6000,200,5,150,100|200|400,1091,399,5849,5,1131
deep,tcn,pitch_rate,30,3.0,523680,0.4029705488414682,0.27273784043219185,0.11623753086061682,-11.018599454090044,0.06577136566147114,6.126838705396205,480,-11.798960307407834,-10.207815383279023,unseen_heading,0,False,196804,,,,,mse,6000,200,5,150,100|200|400,1091,399,5849,5,1131
deep,tcn,pitch_rate,50,5.0,523680,0.6191606323502765,0.43873690325775705,0.11925019059267393,-25.958051992436634,0.06578308851738435,9.41215510406831,480,-27.26594835307193,-24.535131703276374,unseen_heading,0,False,196804,,,,,mse,6000,200,5,150,100|200|400,1091,399,5849,5,1131
deep,tcn,pitch_rate,100,10.0,523680,0.7735559657335532,0.5470263571306497,0.08393345585625119,-83.94019810356662,0.06580276410079416,11.755675864142267,480,-87.59905449168302,-80.09086042490188,unseen_heading,0,False,196804,,,,,mse,6000,200,5,150,100|200|400,1091,399,5849,5,1131
deep,tcn,pitch_rate,150,15.0,523680,0.467357918994058,0.32168726380435275,0.09491203609082535,-23.246922893703662,0.06580895137545853,7.101737821769108,480,-24.368667404795925,-22.074424085732158,unseen_heading,0,False,196804,,,,,mse,6000,200,5,150,100|200|400,1091,399,5849,5,1131
deep,tcn,heave_rate,10,1.0,523680,0.08465582685881054,0.060521385472769335,0.2706847189471826,0.9021893300226754,0.4491058818542492,0.18849859304733924,480,0.9014677346884469,0.9029152676276376,unseen_heading,0,False,196804,,,,,mse,6000,200,5,150,100|200|400,1091,399,5849,5,1131
deep,tcn,heave_rate,20,2.0,523680,0.17114275053382483,0.1196370656926041,0.5128844770374408,0.8886531577335013,0.44918603230426235,0.38100639429032584,480,0.8872683403487457,0.8902216406870382,unseen_heading,0,False,196804,,,,,mse,6000,200,5,150,100|200|400,1091,399,5849,5,1131
deep,tcn,heave_rate,30,3.0,523680,0.2003503320081522,0.13737123253574396,0.7022250494754589,0.918599420224803,0.449227566067434,0.4459885081452846,480,0.9173616252063018,0.9199902232568682,unseen_heading,0,False,196804,,,,,mse,6000,200,5,150,100|200|400,1091,399,5849,5,1131
deep,tcn,heave_rate,50,5.0,523680,0.19945387856217786,0.1457554755081559,0.8648560633370971,0.9468140032218119,0.44938743218437077,0.4438350169088566,480,0.9457158079258161,0.9477668668853759,unseen_heading,0,False,196804,,,,,mse,6000,200,5,150,100|200|400,1091,399,5849,5,1131
deep,tcn,heave_rate,100,10.0,523680,0.3823113926520014,0.280690588927441,0.4407535771484572,0.24761039202403778,0.44966469020344285,0.8502143952620149,480,0.2050764486670108,0.2827436661281125,unseen_heading,0,False,196804,,,,,mse,6000,200,5,150,100|200|400,1091,399,5849,5,1131
deep,tcn,heave_rate,150,15.0,523680,0.4497518568577222,0.3210744116712855,0.6919525909599663,0.5775325528259202,0.4497908308267742,0.9999133509036181,480,0.5690132353689175,0.5856512800979906,unseen_heading,0,False,196804,,,,,mse,6000,200,5,150,100|200|400,1091,399,5849,5,1131
deep,tcn,roll,10,1.0,523680,0.374874167332896,0.24652271233635153,2.6978975128886376,0.9806927627762857,5.056322481397262,0.07413968723555453,480,0.9797018725565749,0.981551525084056,unseen_heading,1,False,196804,,,,,mse,6000,200,5,150,100|200|400,1091,399,5849,5,1131
deep,tcn,roll,20,2.0,523680,0.7959859542375317,0.5433779490613315,5.190221153779305,0.9764799044397365,5.056996988280291,0.15740289268161475,480,0.9751139057134006,0.9775675335692291,unseen_heading,1,False,196804,,,,,mse,6000,200,5,150,100|200|400,1091,399,5849,5,1131
deep,tcn,roll,30,3.0,523680,1.2948601504358155,0.8826015109935564,7.290482390340638,0.9684548061482906,5.057530912723518,0.25602614650921107,480,0.9667046026878927,0.9698754209172901,unseen_heading,1,False,196804,,,,,mse,6000,200,5,150,100|200|400,1091,399,5849,5,1131
deep,tcn,roll,50,5.0,523680,2.133154295686109,1.426341925055041,9.760571515162436,0.9522367308464601,5.058598032252167,0.4216888319818516,480,0.9498282998386737,0.9542057237592011,unseen_heading,1,False,196804,,,,,mse,6000,200,5,150,100|200|400,1091,399,5849,5,1131
deep,tcn,roll,100,10.0,523680,2.358779022333536,1.6471984986013875,5.0288206238444655,0.7799900998402859,5.062743782240931,0.4659092230990733,480,0.760089194232283,0.7952037155466993,unseen_heading,1,False,196804,,,,,mse,6000,200,5,150,100|200|400,1091,399,5849,5,1131
deep,tcn,roll,150,15.0,523680,3.5345507366884767,2.4079779586260543,7.3753549279801005,0.7703308884502907,5.066780440794619,0.6975930332860755,480,0.7558279574564832,0.7824911199411734,unseen_heading,1,False,196804,,,,,mse,6000,200,5,150,100|200|400,1091,399,5849,5,1131
deep,tcn,pitch,10,1.0,523680,0.11046534946818193,0.07514383900610323,0.06420293830905709,-1.9603450402992637,0.09332436934600122,1.1836709987144978,480,-2.081044631173611,-1.8404722848971073,unseen_heading,1,False,196804,,,,,mse,6000,200,5,150,100|200|400,1091,399,5849,5,1131
deep,tcn,pitch,20,2.0,523680,0.3214569566561425,0.21660248384227754,0.11934868235086321,-6.254548697313484,0.09333665010532012,3.4440592874654676,480,-6.651235506254474,-5.831436304438596,unseen_heading,1,False,196804,,,,,mse,6000,200,5,150,100|200|400,1091,399,5849,5,1131
deep,tcn,pitch,30,3.0,523680,0.6508047115253319,0.42879720929135196,0.15817580952707133,-15.928607865960945,0.09335358633520026,6.971394855560434,480,-16.98150906940847,-14.803510296907664,unseen_heading,1,False,196804,,,,,mse,6000,200,5,150,100|200|400,1091,399,5849,5,1131
deep,tcn,pitch,50,5.0,523680,0.9445627004859624,0.5994354453543631,0.17475317044267974,-28.21537441582056,0.09335704034097117,10.117744703946302,480,-30.11098695612336,-26.167490823514,unseen_heading,1,False,196804,,,,,mse,6000,200,5,150,100|200|400,1091,399,5849,5,1131
deep,tcn,pitch,100,10.0,523680,0.9728644871033713,0.6281900363748427,0.1063766786670643,-82.63958088240383,0.0933970173286122,10.416440641572114,480,-87.03278885484892,-77.82160012224612,unseen_heading,1,False,196804,,,,,mse,6000,200,5,150,100|200|400,1091,399,5849,5,1131
deep,tcn,pitch,150,15.0,523680,0.838359078913715,0.5183048376257146,0.13937788114588798,-35.180321999451934,0.09341040339836806,8.975007583880766,480,-37.766209906086274,-32.362927924089256,unseen_heading,1,False,196804,,,,,mse,6000,200,5,150,100|200|400,1091,399,5849,5,1131
deep,tcn,heave,10,1.0,523680,0.05655697923550716,0.03628079370498394,0.44205195638216316,0.9836308632565685,0.7795114815459023,0.07255438896595232,480,0.9832291632815369,0.9839933597142094,unseen_heading,1,False,196804,,,,,mse,6000,200,5,150,100|200|400,1091,399,5849,5,1131
deep,tcn,heave,20,2.0,523680,0.1452086471374443,0.09976324214678907,0.8432697274661302,0.9703481401488191,0.7797270150985163,0.18623010916082933,480,0.9701297963657199,0.9705446599471025,unseen_heading,1,False,196804,,,,,mse,6000,200,5,150,100|200|400,1091,399,5849,5,1131
deep,tcn,heave,30,3.0,523680,0.3142753897160964,0.2172434219024951,1.167873357571095,0.9275848816100205,0.7799869447915249,0.4029239102201846,480,0.927081552642372,0.9280692188501068,unseen_heading,1,False,196804,,,,,mse,6000,200,5,150,100|200|400,1091,399,5849,5,1131
deep,tcn,heave,50,5.0,523680,0.5574872706247954,0.3790740326916241,1.495302537129683,0.8610009697399238,0.7803116436734177,0.7144418196816239,480,0.8587655723780274,0.8629128629865569,unseen_heading,1,False,196804,,,,,mse,6000,200,5,150,100|200|400,1091,399,5849,5,1131
deep,tcn,heave,100,10.0,523680,0.8529646344331527,0.5918192304889599,0.8096850048687823,-0.10976201842064093,0.7809870809852986,1.0921622843710126,480,-0.19001399648521725,-0.04525255047418602,unseen_heading,1,False,196804,,,,,mse,6000,200,5,150,100|200|400,1091,399,5849,5,1131
deep,tcn,heave,150,15.0,523680,0.9435304611070071,0.638484278638539,1.1503925650286964,0.3273026470916929,0.7811825468654663,1.2078232736931591,480,0.3202838530354259,0.3341446824388882,unseen_heading,1,False,196804,,,,,mse,6000,200,5,150,100|200|400,1091,399,5849,5,1131
deep,tcn,roll_rate,10,1.0,523680,0.3160750422493036,0.22442336093630022,1.496365800803394,0.9553825380956956,2.7329053966256955,0.1156553178311843,480,0.9527831437264795,0.9576253342240663,unseen_heading,1,False,196804,,,,,mse,6000,200,5,150,100|200|400,1091,399,5849,5,1131
deep,tcn,roll_rate,20,2.0,523680,0.5656021950462202,0.4037799276600188,2.8692372611215187,0.9611412122381903,2.733103738947202,0.20694501529023246,480,0.9589090247421704,0.9630420121745163,unseen_heading,1,False,196804,,,,,mse,6000,200,5,150,100|200|400,1091,399,5849,5,1131
deep,tcn,roll_rate,30,3.0,523680,0.7882926433875233,0.556297238668537,4.0088531458929,0.9613335186869906,2.7334550855651965,0.2883869018189951,480,0.9591630783595417,0.9631910871874922,unseen_heading,1,False,196804,,,,,mse,6000,200,5,150,100|200|400,1091,399,5849,5,1131
deep,tcn,roll_rate,50,5.0,523680,1.0330476535812052,0.7160900116730583,5.2834712249933995,0.9617702006857235,2.7343446430162044,0.3778044791170398,480,0.9595396016851232,0.9637143051762171,unseen_heading,1,False,196804,,,,,mse,6000,200,5,150,100|200|400,1091,399,5849,5,1131
deep,tcn,roll_rate,100,10.0,523680,1.4648303723250597,1.0264398097773066,2.6429837700458685,0.692825132270058,2.7365812696344305,0.5352774969919826,480,0.6696475120488145,0.7110187029905757,unseen_heading,1,False,196804,,,,,mse,6000,200,5,150,100|200|400,1091,399,5849,5,1131
deep,tcn,roll_rate,150,15.0,523680,2.056910093321835,1.3927838654526428,4.094001103855046,0.7475736383025697,2.7388693489929,0.7510070146566772,480,0.7377001469398117,0.7565669643180352,unseen_heading,1,False,196804,,,,,mse,6000,200,5,150,100|200|400,1091,399,5849,5,1131
deep,tcn,pitch_rate,10,1.0,523680,0.18017705855266025,0.1226992121665233,0.04871387351515087,-12.68023812483078,0.06577974949658247,2.73909614937073,480,-13.292283532422452,-12.03037854854162,unseen_heading,1,False,196804,,,,,mse,6000,200,5,150,100|200|400,1091,399,5849,5,1131
deep,tcn,pitch_rate,20,2.0,523680,0.33183010576816074,0.22196801766313098,0.08950701497098114,-12.744135349653007,0.06577715932011105,5.044761877801331,480,-13.599824488151128,-11.828393150717442,unseen_heading,1,False,196804,,,,,mse,6000,200,5,150,100|200|400,1091,399,5849,5,1131
deep,tcn,pitch_rate,30,3.0,523680,0.40536810746127827,0.2634778183705299,0.11623753086061682,-11.162039306741297,0.06577136566147114,6.163291629791152,480,-12.0802218668509,-10.202906745229015,unseen_heading,1,False,196804,,,,,mse,6000,200,5,150,100|200|400,1091,399,5849,5,1131
deep,tcn,pitch_rate,50,5.0,523680,0.4548095454474222,0.3109377770253375,0.11925019059267393,-13.545912753129246,0.06578308851738435,6.913776104130938,480,-14.270151594664302,-12.771914764954996,unseen_heading,1,False,196804,,,,,mse,6000,200,5,150,100|200|400,1091,399,5849,5,1131
deep,tcn,pitch_rate,100,10.0,523680,0.6219667263688783,0.41710115094646544,0.08393345585625119,-53.911599372950775,0.06580276410079416,9.451984804409939,480,-56.926458230698465,-50.794821541284705,unseen_heading,1,False,196804,,,,,mse,6000,200,5,150,100|200|400,1091,399,5849,5,1131
deep,tcn,pitch_rate,150,15.0,523680,0.4232361288162216,0.28916419704558793,0.09491203609082535,-18.8848759715998,0.06580895137545853,6.4312851059051335,480,-19.858389203935,-17.970768421125364,unseen_heading,1,False,196804,,,,,mse,6000,200,5,150,100|200|400,1091,399,5849,5,1131
deep,tcn,heave_rate,10,1.0,523680,0.08230785887780973,0.05666789333813095,0.2706847189471826,0.9075397357368666,0.4491058818542492,0.1832704985692473,480,0.9056407066153983,0.909566744712493,unseen_heading,1,False,196804,,,,,mse,6000,200,5,150,100|200|400,1091,399,5849,5,1131
deep,tcn,heave_rate,20,2.0,523680,0.1681763392349692,0.11662906872327856,0.5128844770374408,0.8924796474469628,0.44918603230426235,0.37440242380700883,480,0.8906896445488278,0.8943047248643784,unseen_heading,1,False,196804,,,,,mse,6000,200,5,150,100|200|400,1091,399,5849,5,1131
deep,tcn,heave_rate,30,3.0,523680,0.21243091471697373,0.1466790480432407,0.7022250494754589,0.9084869977143708,0.449227566067434,0.47288040797809255,480,0.9071047443135906,0.9098458986043592,unseen_heading,1,False,196804,,,,,mse,6000,200,5,150,100|200|400,1091,399,5849,5,1131
deep,tcn,heave_rate,50,5.0,523680,0.21071518999566793,0.15248629384877913,0.8648560633370971,0.9406386158325589,0.44938743218437077,0.46889426562605235,480,0.938680151045843,0.9423649458564517,unseen_heading,1,False,196804,,,,,mse,6000,200,5,150,100|200|400,1091,399,5849,5,1131
deep,tcn,heave_rate,100,10.0,523680,0.396513975230187,0.287244873153825,0.4407535771484572,0.19067062044839034,0.44966469020344285,0.8817992247752237,480,0.13294448861692212,0.2397442652180004,unseen_heading,1,False,196804,,,,,mse,6000,200,5,150,100|200|400,1091,399,5849,5,1131
deep,tcn,heave_rate,150,15.0,523680,0.48230235142360883,0.3422623726997353,0.6919525909599663,0.5141680424317407,0.4497908308267742,1.0722814214266534,480,0.505074230319392,0.5226507272740796,unseen_heading,1,False,196804,,,,,mse,6000,200,5,150,100|200|400,1091,399,5849,5,1131
deep,tcn,roll,10,1.0,523680,0.2746213710671498,0.17551677978147406,2.6978975128886376,0.9896386160636237,5.056322481397262,0.054312471579395984,480,0.9893148560533079,0.9899195168731968,unseen_heading,2,False,196804,,,,,mse,6000,200,5,150,100|200|400,1091,399,5849,5,1131
deep,tcn,roll,20,2.0,523680,0.7140743699826159,0.48564741678091183,5.190221153779305,0.9810715451297982,5.056996988280291,0.14120521954778695,480,0.9801101427823612,0.981879884818075,unseen_heading,2,False,196804,,,,,mse,6000,200,5,150,100|200|400,1091,399,5849,5,1131
deep,tcn,roll,30,3.0,523680,1.2724887558946703,0.8749857711362083,7.290482390340638,0.9695354072859076,5.057530912723518,0.25160276384933167,480,0.9678192910719062,0.9709645613989404,unseen_heading,2,False,196804,,,,,mse,6000,200,5,150,100|200|400,1091,399,5849,5,1131
deep,tcn,roll,50,5.0,523680,2.1411450145344264,1.4327969583581357,9.760571515162436,0.9518782216626828,5.058598032252167,0.42326846309651434,480,0.9495027925592414,0.9538284407071432,unseen_heading,2,False,196804,,,,,mse,6000,200,5,150,100|200|400,1091,399,5849,5,1131
deep,tcn,roll,100,10.0,523680,2.2757785597983213,1.5826230166014057,5.0288206238444655,0.7952010556781487,5.062743782240931,0.44951485946835523,480,0.776843720925383,0.8095752151788621,unseen_heading,2,False,196804,,,,,mse,6000,200,5,150,100|200|400,1091,399,5849,5,1131
deep,tcn,roll,150,15.0,523680,3.1869322615721907,2.151527178658877,7.3753549279801005,0.8132847392930137,5.066780440794619,0.628985664330935,480,0.802797657000609,0.8227577318320405,unseen_heading,2,False,196804,,,,,mse,6000,200,5,150,100|200|400,1091,399,5849,5,1131
deep,tcn,pitch,10,1.0,523680,0.11541666646208516,0.07446118090861428,0.06420293830905709,-2.2316717684718346,0.09332436934600122,1.2367259191881221,480,-2.4440244810377063,-2.005973067030352,unseen_heading,2,False,196804,,,,,mse,6000,200,5,150,100|200|400,1091,399,5849,5,1131
deep,tcn,pitch,20,2.0,523680,0.389386512211961,0.25444169557155905,0.11934868235086321,-9.644531487498625,0.09333665010532012,4.171850090747646,480,-10.327632624429683,-8.925733455638376,unseen_heading,2,False,196804,,,,,mse,6000,200,5,150,100|200|400,1091,399,5849,5,1131
deep,tcn,pitch,30,3.0,523680,0.7582950565998642,0.504302375578205,0.15817580952707133,-21.982449682696565,0.09335358633520026,8.12282726747198,480,-23.361982473614717,-20.475147943322817,unseen_heading,2,False,196804,,,,,mse,6000,200,5,150,100|200|400,1091,399,5849,5,1131
deep,tcn,pitch,50,5.0,523680,0.9419174374690963,0.5952725658989457,0.17475317044267974,-28.051967298017235,0.09335704034097117,10.089409797363952,480,-29.877041117115166,-26.029708365396885,unseen_heading,2,False,196804,,,,,mse,6000,200,5,150,100|200|400,1091,399,5849,5,1131
deep,tcn,pitch,100,10.0,523680,0.9965788656708036,0.6962784409579913,0.1063766786670643,-86.76684621135327,0.0933970173286122,10.67035001947007,480,-90.87101568121972,-82.3487290653274,unseen_heading,2,False,196804,,,,,mse,6000,200,5,150,100|200|400,1091,399,5849,5,1131
deep,tcn,pitch,150,15.0,523680,0.8734563714968052,0.5925164031955965,0.13937788114588798,-38.273057945365615,0.09341040339836806,9.350739743321407,480,-41.09543612040745,-35.43137550513353,unseen_heading,2,False,196804,,,,,mse,6000,200,5,150,100|200|400,1091,399,5849,5,1131
deep,tcn,heave,10,1.0,523680,0.06536544637059702,0.04167542348447737,0.44205195638216316,0.9781349825343683,0.7795114815459023,0.08385437279379945,480,0.9777094146027059,0.9785716767007213,unseen_heading,2,False,196804,,,,,mse,6000,200,5,150,100|200|400,1091,399,5849,5,1131
deep,tcn,heave,20,2.0,523680,0.17041386297035205,0.11409632954645073,0.8432697274661302,0.9591608379337382,0.7797270150985163,0.2185558018004811,480,0.9587375521501211,0.9595762453692727,unseen_heading,2,False,196804,,,,,mse,6000,200,5,150,100|200|400,1091,399,5849,5,1131
deep,tcn,heave,30,3.0,523680,0.34472257353847546,0.2286498306315942,1.167873357571095,0.9128739661601145,0.7799869447915249,0.4419594146291936,480,0.9119997587571482,0.9137734706628959,unseen_heading,2,False,196804,,,,,mse,6000,200,5,150,100|200|400,1091,399,5849,5,1131
deep,tcn,heave,50,5.0,523680,0.5445421612823047,0.3447641932872813,1.495302537129683,0.8673812649871047,0.7803116436734177,0.6978521539404465,480,0.8662778482962157,0.868554781955898,unseen_heading,2,False,196804,,,,,mse,6000,200,5,150,100|200|400,1091,399,5849,5,1131
deep,tcn,heave,100,10.0,523680,0.7952640703197182,0.516328924617532,0.8096850048687823,0.03530388257548578,0.7809870809852986,1.0182806984673904,480,-0.017915512493229143,0.07955295165426991,unseen_heading,2,False,196804,,,,,mse,6000,200,5,150,100|200|400,1091,399,5849,5,1131
deep,tcn,heave,150,15.0,523680,0.8871150677939698,0.5872504083374549,1.1503925650286964,0.4053412969520225,0.7811825468654663,1.1356053349547592,480,0.3997265004942482,0.41101529152115773,unseen_heading,2,False,196804,,,,,mse,6000,200,5,150,100|200|400,1091,399,5849,5,1131
deep,tcn,roll_rate,10,1.0,523680,0.3925539011687702,0.2750342204793677,1.496365800803394,0.9311786721712588,2.7329053966256955,0.14363976947517265,480,0.9272546550352564,0.9345079800085448,unseen_heading,2,False,196804,,,,,mse,6000,200,5,150,100|200|400,1091,399,5849,5,1131
deep,tcn,roll_rate,20,2.0,523680,0.6394807961987556,0.45453026648325395,2.8692372611215187,0.9503268055855645,2.733103738947202,0.23397604236020883,480,0.9472607389796681,0.9529361475319686,unseen_heading,2,False,196804,,,,,mse,6000,200,5,150,100|200|400,1091,399,5849,5,1131
deep,tcn,roll_rate,30,3.0,523680,0.8015572024371092,0.5623954431792887,4.0088531458929,0.9600212927066388,2.7334550855651965,0.2932395731211992,480,0.9578163188858332,0.9619127287610353,unseen_heading,2,False,196804,,,,,mse,6000,200,5,150,100|200|400,1091,399,5849,5,1131
deep,tcn,roll_rate,50,5.0,523680,0.9441826983273017,0.6472921799663012,5.2834712249933995,0.9680645247970766,2.7343446430162044,0.3453049346719481,480,0.9663489044769893,0.96953788796884,unseen_heading,2,False,196804,,,,,mse,6000,200,5,150,100|200|400,1091,399,5849,5,1131
deep,tcn,roll_rate,100,10.0,523680,1.4296498099328236,0.9618956495587596,2.6429837700458685,0.7074026764295103,2.7365812696344305,0.522421835520275,480,0.6891753999974987,0.7219014271823428,unseen_heading,2,False,196804,,,,,mse,6000,200,5,150,100|200|400,1091,399,5849,5,1131
deep,tcn,roll_rate,150,15.0,523680,2.0231972380695917,1.3329471992946738,4.094001103855046,0.7557803884730983,2.7388693489929,0.7386979736048871,480,0.7478975071417141,0.7630717948663727,unseen_heading,2,False,196804,,,,,mse,6000,200,5,150,100|200|400,1091,399,5849,5,1131
deep,tcn,pitch_rate,10,1.0,523680,0.19884936365892505,0.13187759323576076,0.04871387351515087,-15.662612044478522,0.06577974949658247,3.0229571438130227,480,-16.658751695002167,-14.622063491446433,unseen_heading,2,False,196804,,,,,mse,6000,200,5,150,100|200|400,1091,399,5849,5,1131
deep,tcn,pitch_rate,20,2.0,523680,0.37577384231365885,0.2549054856063646,0.08950701497098114,-16.625398438618326,0.06577715932011105,5.7128317214934485,480,-17.707089186564964,-15.491978947881679,unseen_heading,2,False,196804,,,,,mse,6000,200,5,150,100|200|400,1091,399,5849,5,1131
deep,tcn,pitch_rate,30,3.0,523680,0.42792259090052537,0.2894729961566296,0.11623753086061682,-12.553069853015174,0.06577136566147114,6.506214164733429,480,-13.41872481581855,-11.64019368677815,unseen_heading,2,False,196804,,,,,mse,6000,200,5,150,100|200|400,1091,399,5849,5,1131
deep,tcn,pitch_rate,50,5.0,523680,0.5603872916489917,0.4073192946701429,0.11925019059267393,-21.083016253929035,0.06578308851738435,8.518713612859624,480,-21.940510292183948,-20.20722860606639,unseen_heading,2,False,196804,,,,,mse,6000,200,5,150,100|200|400,1091,399,5849,5,1131
deep,tcn,pitch_rate,100,10.0,523680,0.748139835756313,0.5509723056402527,0.08393345585625119,-78.45026496672435,0.06580276410079416,11.369428715947874,480,-80.17219659299944,-76.73521680688022,unseen_heading,2,False,196804,,,,,mse,6000,200,5,150,100|200|400,1091,399,5849,5,1131
deep,tcn,pitch_rate,150,15.0,523680,0.4673810768218732,0.33878816824545194,0.09491203609082535,-23.24932584850151,0.06580895137545853,7.102089716569605,480,-23.877871023923475,-22.66234800365001,unseen_heading,2,False,196804,,,,,mse,6000,200,5,150,100|200|400,1091,399,5849,5,1131
deep,tcn,heave_rate,10,1.0,523680,0.09458177096806866,0.06027031910684543,0.2706847189471826,0.8779079446328819,0.4491058818542492,0.2106001608742319,480,0.8749417073397828,0.8813940787525396,unseen_heading,2,False,196804,,,,,mse,6000,200,5,150,100|200|400,1091,399,5849,5,1131
deep,tcn,heave_rate,20,2.0,523680,0.17897237449280257,0.11737505953925412,0.5128844770374408,0.8782320792371159,0.44918603230426235,0.398437087579725,480,0.8749776901097273,0.8818502588983227,unseen_heading,2,False,196804,,,,,mse,6000,200,5,150,100|200|400,1091,399,5849,5,1131
deep,tcn,heave_rate,30,3.0,523680,0.2148691682820408,0.14232598774564292,0.7022250494754589,0.9063741937148664,0.449227566067434,0.4783080659163881,480,0.9041840107230916,0.9087768832882328,unseen_heading,2,False,196804,,,,,mse,6000,200,5,150,100|200|400,1091,399,5849,5,1131
deep,tcn,heave_rate,50,5.0,523680,0.20512520404088672,0.14832001916011453,0.8648560633370971,0.9437463919244563,0.44938743218437077,0.4564551417110609,480,0.942676318477059,0.9446512299838699,unseen_heading,2,False,196804,,,,,mse,6000,200,5,150,100|200|400,1091,399,5849,5,1131
deep,tcn,heave_rate,100,10.0,523680,0.361638418224575,0.2650982889692498,0.4407535771484572,0.32677934724888025,0.44966469020344285,0.8042401952018027,480,0.28968529711944774,0.3585297098093568,unseen_heading,2,False,196804,,,,,mse,6000,200,5,150,100|200|400,1091,399,5849,5,1131
deep,tcn,heave_rate,150,15.0,523680,0.44706744611858273,0.31392847988835665,0.6919525909599663,0.582560621899729,0.4497908308267742,0.9939452195964389,480,0.5738065936352326,0.5911036540129978,unseen_heading,2,False,196804,,,,,mse,6000,200,5,150,100|200|400,1091,399,5849,5,1131
deep,transformer,roll,10,1.0,523680,2.2615844818526387,1.350718259094679,2.6978975128886376,0.2972922625980938,5.056322481397262,0.44727852904423004,480,0.2850356182174852,0.3087255083128638,unseen_heading,0,False,2712708,,,,,mse,6000,200,5,150,100|200|400,1091,399,5849,5,1131
deep,transformer,roll,20,2.0,523680,2.3894302093770947,1.442722515366365,5.190221153779305,0.788058026731331,5.056996988280291,0.47249982843862776,480,0.7842884964057625,0.7914932282537285,unseen_heading,0,False,2712708,,,,,mse,6000,200,5,150,100|200|400,1091,399,5849,5,1131
deep,transformer,roll,30,3.0,523680,2.4487624156182095,1.5031885487048933,7.290482390340638,0.8871813830656229,5.057530912723518,0.48418140351010386,480,0.8849254961062765,0.8891029118740031,unseen_heading,0,False,2712708,,,,,mse,6000,200,5,150,100|200|400,1091,399,5849,5,1131
deep,transformer,roll,50,5.0,523680,2.5594026325194883,1.5959613662117036,9.760571515162436,0.9312414469383716,5.058598032252167,0.5059509801335217,480,0.9296475505979171,0.9325709335046968,unseen_heading,0,False,2712708,,,,,mse,6000,200,5,150,100|200|400,1091,399,5849,5,1131
deep,transformer,roll,100,10.0,523680,2.7348003020730567,1.767787959335041,5.0288206238444655,0.704253952745957,5.062743782240931,0.5401814548992537,480,0.688688784219471,0.7165129805167603,unseen_heading,0,False,2712708,,,,,mse,6000,200,5,150,100|200|400,1091,399,5849,5,1131
deep,transformer,roll,150,15.0,523680,3.6345582294973715,2.295682855948636,7.3753549279801005,0.7571503888819864,5.066780440794619,0.7173309110128654,480,0.7523206529145116,0.7611166975439748,unseen_heading,0,False,2712708,,,,,mse,6000,200,5,150,100|200|400,1091,399,5849,5,1131
deep,transformer,pitch,10,1.0,523680,0.3993619537971465,0.26791325359333984,0.06420293830905709,-37.692212821058504,0.09332436934600122,4.279289070966097,480,-39.050012915951996,-36.2183050691414,unseen_heading,0,False,2712708,,,,,mse,6000,200,5,150,100|200|400,1091,399,5849,5,1131
deep,transformer,pitch,20,2.0,523680,0.5283896105582624,0.3575330559411175,0.11934868235086321,-18.60077675342946,0.09333665010532012,5.661116077789732,480,-19.372865785684347,-17.787934066910765,unseen_heading,0,False,2712708,,,,,mse,6000,200,5,150,100|200|400,1091,399,5849,5,1131
deep,transformer,pitch,30,3.0,523680,0.6353569598394921,0.4214630065096827,0.15817580952707133,-15.134497781338002,0.09335358633520026,6.805919137998044,480,-15.848762586375924,-14.38150475541529,unseen_heading,0,False,2712708,,,,,mse,6000,200,5,150,100|200|400,1091,399,5849,5,1131
deep,transformer,pitch,50,5.0,523680,0.5783198293643229,0.39525866075488575,0.17475317044267974,-9.951813510099347,0.09335704034097117,6.1947104069720424,480,-10.45518332014113,-9.418719952469935,unseen_heading,0,False,2712708,,,,,mse,6000,200,5,150,100|200|400,1091,399,5849,5,1131
deep,transformer,pitch,100,10.0,523680,0.8521338824246865,0.5427452770793324,0.1063766786670643,-63.16863706628733,0.0933970173286122,9.123780467490743,480,-66.99816422586353,-59.00632400485054,unseen_heading,0,False,2712708,,,,,mse,6000,200,5,150,100|200|400,1091,399,5849,5,1131
deep,transformer,pitch,150,15.0,523680,0.8545672671145971,0.5455575157880579,0.13937788114588798,-36.59281016753789,0.09341040339836806,9.148523462318405,480,-39.260976726689215,-33.9168833490388,unseen_heading,0,False,2712708,,,,,mse,6000,200,5,150,100|200|400,1091,399,5849,5,1131
deep,transformer,heave,10,1.0,523680,0.18294298224193362,0.11998595249373491,0.44205195638216316,0.8287285892542445,0.7795114815459023,0.23468927215687307,480,0.8237554843237476,0.8332681326331265,unseen_heading,0,False,2712708,,,,,mse,6000,200,5,150,100|200|400,1091,399,5849,5,1131
deep,transformer,heave,20,2.0,523680,0.2098134858963093,0.1377222340080352,0.8432697274661302,0.9380938523955115,0.7797270150985163,0.2690858234144933,480,0.9367127799788787,0.9392772552283855,unseen_heading,0,False,2712708,,,,,mse,6000,200,5,150,100|200|400,1091,399,5849,5,1131
deep,transformer,heave,30,3.0,523680,0.2576218467894128,0.16975309457528906,1.167873357571095,0.9513398015018185,0.7799869447915249,0.33028994717119275,480,0.9503241334498964,0.9522725578267102,unseen_heading,0,False,2712708,,,,,mse,6000,200,5,150,100|200|400,1091,399,5849,5,1131
deep,transformer,heave,50,5.0,523680,0.30794405842825895,0.19604344826170705,1.495302537129683,0.9575883159146018,0.7803116436734177,0.3946423982328043,480,0.9565190928507508,0.9585460895002532,unseen_heading,0,False,2712708,,,,,mse,6000,200,5,150,100|200|400,1091,399,5849,5,1131
deep,transformer,heave,100,10.0,523680,0.5935140989301743,0.37073911681662286,0.8096850048687823,0.4626838583990739,0.7809870809852986,0.7599537986997081,480,0.445802477377349,0.4773092270764974,unseen_heading,0,False,2712708,,,,,mse,6000,200,5,150,100|200|400,1091,399,5849,5,1131
deep,transformer,heave,150,15.0,523680,0.8929112750129914,0.5573108155149582,1.1503925650286964,0.39754518260153116,0.7811825468654663,1.143025120819509,480,0.3710560009587938,0.4260110802658624,unseen_heading,0,False,2712708,,,,,mse,6000,200,5,150,100|200|400,1091,399,5849,5,1131
deep,transformer,roll_rate,10,1.0,523680,1.218368933628983,0.7774227368380718,1.496365800803394,0.3370479993591984,2.7329053966256955,0.4458145295235235,480,0.32455437869631243,0.34856517079769345,unseen_heading,0,False,2712708,,,,,mse,6000,200,5,150,100|200|400,1091,399,5849,5,1131
deep,transformer,roll_rate,20,2.0,523680,1.2991448410673596,0.8286480315934953,2.8692372611215187,0.7949866124085541,2.733103738947202,0.4753368203900644,480,0.7913380862577133,0.7983161342092429,unseen_heading,0,False,2712708,,,,,mse,6000,200,5,150,100|200|400,1091,399,5849,5,1131
deep,transformer,roll_rate,30,3.0,523680,1.3793918329303128,0.874010077318085,4.0088531458929,0.8816045517672766,2.7334550855651965,0.5046330705101364,480,0.879563504285272,0.8834411800395781,unseen_heading,0,False,2712708,,,,,mse,6000,200,5,150,100|200|400,1091,399,5849,5,1131
deep,transformer,roll_rate,50,5.0,523680,1.3868575076580103,0.8854430317038954,5.2834712249933995,0.9310990847746544,2.7343446430162044,0.5071992337177342,480,0.9291071380176524,0.932744206138153,unseen_heading,0,False,2712708,,,,,mse,6000,200,5,150,100|200|400,1091,399,5849,5,1131
deep,transformer,roll_rate,100,10.0,523680,1.5526980116944422,1.0312030555856604,2.6429837700458685,0.6548681802961516,2.7365812696344305,0.5673860407229423,480,0.6350936034843975,0.6707529725439028,unseen_heading,0,False,2712708,,,,,mse,6000,200,5,150,100|200|400,1091,399,5849,5,1131
deep,transformer,roll_rate,150,15.0,523680,2.083605291210999,1.3502721354764595,4.094001103855046,0.7409789900434742,2.7388693489929,0.7607538095883084,480,0.7362951911437001,0.7448720334185384,unseen_heading,0,False,2712708,,,,,mse,6000,200,5,150,100|200|400,1091,399,5849,5,1131
deep,transformer,pitch_rate,10,1.0,523680,0.30575208279262195,0.2128906878993843,0.04871387351515087,-38.394311983830576,0.06577974949658247,4.648118685956794,480,-39.28474444474845,-37.41804662933144,unseen_heading,0,False,2712708,,,,,mse,6000,200,5,150,100|200|400,1091,399,5849,5,1131
deep,transformer,pitch_rate,20,2.0,523680,0.324809435918999,0.2251168631995511,0.08950701497098114,-12.16870676131735,0.06577715932011105,4.938027717771784,480,-12.610885734807066,-11.684161486146674,unseen_heading,0,False,2712708,,,,,mse,6000,200,5,150,100|200|400,1091,399,5849,5,1131
deep,transformer,pitch_rate,30,3.0,523680,0.29569305228195464,0.21004366183909623,0.11623753086061682,-5.4712695280765535,0.06577136566147114,4.495771819668503,480,-5.681212045844608,-5.256464450428394,unseen_heading,0,False,2712708,,,,,mse,6000,200,5,150,100|200|400,1091,399,5849,5,1131
deep,transformer,pitch_rate,50,5.0,523680,0.5851726207332313,0.3887029444185207,0.11925019059267393,-23.07963127216035,0.06578308851738435,8.895487182523956,480,-24.55336419842244,-21.539286099812067,unseen_heading,0,False,2712708,,,,,mse,6000,200,5,150,100|200|400,1091,399,5849,5,1131
deep,transformer,pitch_rate,100,10.0,523680,0.5071282977436573,0.3496938057984308,0.08393345585625119,-35.50610340715096,0.06580276410079416,7.706793243014192,480,-37.515264424785144,-33.36779655437024,unseen_heading,0,False,2712708,,,,,mse,6000,200,5,150,100|200|400,1091,399,5849,5,1131
deep,transformer,pitch_rate,150,15.0,523680,0.5080147387590855,0.34001741243343303,0.09491203609082535,-27.649038070135536,0.06580895137545853,7.719538575546037,480,-29.41517218406466,-25.819516105522634,unseen_heading,0,False,2712708,,,,,mse,6000,200,5,150,100|200|400,1091,399,5849,5,1131
deep,transformer,heave_rate,10,1.0,523680,0.13290220272818043,0.08966951750185255,0.2706847189471826,0.7589334903599037,0.4491058818542492,0.2959262127217294,480,0.7551411391559818,0.7625301841096802,unseen_heading,0,False,2712708,,,,,mse,6000,200,5,150,100|200|400,1091,399,5849,5,1131
deep,transformer,heave_rate,20,2.0,523680,0.1498589740250584,0.10153077326499697,0.5128844770374408,0.9146258485576731,0.44918603230426235,0.3336234060001878,480,0.9130901430709881,0.9160578006115339,unseen_heading,0,False,2712708,,,,,mse,6000,200,5,150,100|200|400,1091,399,5849,5,1131
deep,transformer,heave_rate,30,3.0,523680,0.1478967061827229,0.09914550121793601,0.7022250494754589,0.9556427749682858,0.449227566067434,0.3292244674061742,480,0.9546933752897991,0.956506197542089,unseen_heading,0,False,2712708,,,,,mse,6000,200,5,150,100|200|400,1091,399,5849,5,1131
deep,transformer,heave_rate,50,5.0,523680,0.18246970951671987,0.12260876934891612,0.8648560633370971,0.955486279729526,0.44938743218437077,0.406040971439223,480,0.9543223566509789,0.9565480574476936,unseen_heading,0,False,2712708,,,,,mse,6000,200,5,150,100|200|400,1091,399,5849,5,1131
deep,transformer,heave_rate,100,10.0,523680,0.3114319276401878,0.21349944694194212,0.4407535771484572,0.5007310285934512,0.44966469020344285,0.6925870196730055,480,0.47881882656358155,0.5195994984152245,unseen_heading,0,False,2712708,,,,,mse,6000,200,5,150,100|200|400,1091,399,5849,5,1131
deep,transformer,heave_rate,150,15.0,523680,0.4672938934276947,0.3142638672420716,0.6919525909599663,0.5439341730350755,0.4497908308267742,1.0389137825881145,480,0.5280073078051354,0.5600676286247213,unseen_heading,0,False,2712708,,,,,mse,6000,200,5,150,100|200|400,1091,399,5849,5,1131
deep,transformer,roll,10,1.0,523680,1.8884897332987014,1.0725499326756613,2.6978975128886376,0.5100199916647248,5.056322481397262,0.3734907613679017,480,0.49653921320969246,0.5220746900955338,unseen_heading,1,False,2712708,,,,,mse,6000,200,5,150,100|200|400,1091,399,5849,5,1131
deep,transformer,roll,20,2.0,523680,2.078140616538824,1.1946355280365524,5.190221153779305,0.8396835326719199,5.056996988280291,0.4109436136416461,480,0.8354643616374599,0.843366939058682,unseen_heading,1,False,2712708,,,,,mse,6000,200,5,150,100|200|400,1091,399,5849,5,1131
deep,transformer,roll,30,3.0,523680,2.2377616003872816,1.311783258627518,7.290482390340638,0.9057860735615769,5.057530912723518,0.4424612798228514,480,0.9035315960458745,0.9077728592806967,unseen_heading,1,False,2712708,,,,,mse,6000,200,5,150,100|200|400,1091,399,5849,5,1131
deep,transformer,roll,50,5.0,523680,2.5584468709980617,1.5119819243856762,9.760571515162436,0.9312927905668366,5.058598032252167,0.5057620421085328,480,0.92981407826606,0.9325516596874113,unseen_heading,1,False,2712708,,,,,mse,6000,200,5,150,100|200|400,1091,399,5849,5,1131
deep,transformer,roll,100,10.0,523680,2.8969026746618494,1.778380668228985,5.0288206238444655,0.6681548154378668,5.062743782240931,0.5722001348011312,480,0.6555534156995378,0.6784894612173176,unseen_heading,1,False,2712708,,,,,mse,6000,200,5,150,100|200|400,1091,399,5849,5,1131
deep,transformer,roll,150,15.0,523680,4.133536936439359,2.4562519314111584,7.3753549279801005,0.6858928693033026,5.066780440794619,0.8158113391215152,480,0.6790444274636163,0.6920619047385604,unseen_heading,1,False,2712708,,,,,mse,6000,200,5,150,100|200|400,1091,399,5849,5,1131
deep,transformer,pitch,10,1.0,523680,0.4141586896530481,0.28013973515558,0.06420293830905709,-40.612494138390836,0.09332436934600122,4.437840754300195,480,-41.78796369455836,-39.309196987143416,unseen_heading,1,False,2712708,,,,,mse,6000,200,5,150,100|200|400,1091,399,5849,5,1131
deep,transformer,pitch,20,2.0,523680,0.5367543624999815,0.3589594330837418,0.11934868235086321,-19.22627503875946,0.09333665010532012,5.750735235240534,480,-19.964742141452312,-18.422286041189437,unseen_heading,1,False,2712708,,,,,mse,6000,200,5,150,100|200|400,1091,399,5849,5,1131
deep,transformer,pitch,30,3.0,523680,0.6463439525523086,0.4266011198242542,0.15817580952707133,-15.697338356696445,0.09335358633520026,6.923611378265772,480,-16.39016603798075,-14.959655551274803,unseen_heading,1,False,2712708,,,,,mse,6000,200,5,150,100|200|400,1091,399,5849,5,1131
deep,transformer,pitch,50,5.0,523680,0.5762244272709669,0.3866585314590008,0.17475317044267974,-9.872594788187184,0.09335704034097117,6.172265371378552,480,-10.383998475772758,-9.346743585626367,unseen_heading,1,False,2712708,,,,,mse,6000,200,5,150,100|200|400,1091,399,5849,5,1131
deep,transformer,pitch,100,10.0,523680,0.8704760298662052,0.5848453986711243,0.1063766786670643,-65.96082257690323,0.0933970173286122,9.320169473972426,480,-69.37680138198255,-62.11811879136386,unseen_heading,1,False,2712708,,,,,mse,6000,200,5,150,100|200|400,1091,399,5849,5,1131
deep,transformer,pitch,150,15.0,523680,0.9604687327760703,0.6101297946707787,0.13937788114588798,-46.4874387841125,0.09341040339836806,10.282245850924676,480,-49.72441790378139,-43.146008211343066,unseen_heading,1,False,2712708,,,,,mse,6000,200,5,150,100|200|400,1091,399,5849,5,1131
deep,transformer,heave,10,1.0,523680,0.16499153315746337,0.10599986547338665,0.44205195638216316,0.8606917994630571,0.7795114815459023,0.21166017058563066,480,0.8566771135302572,0.8642075768879458,unseen_heading,1,False,2712708,,,,,mse,6000,200,5,150,100|200|400,1091,399,5849,5,1131
deep,transformer,heave,20,2.0,523680,0.19404093373329792,0.1244527021330661,0.8432697274661302,0.9470514962752549,0.7797270150985163,0.24885752317916213,480,0.9457055389045337,0.9482498660168756,unseen_heading,1,False,2712708,,,,,mse,6000,200,5,150,100|200|400,1091,399,5849,5,1131
deep,transformer,heave,30,3.0,523680,0.23415936384593497,0.14893450118522955,1.167873357571095,0.9597994905392356,0.7799869447915249,0.30020933736079536,480,0.9588674252423797,0.9605885052800809,unseen_heading,1,False,2712708,,,,,mse,6000,200,5,150,100|200|400,1091,399,5849,5,1131
deep,transformer,heave,50,5.0,523680,0.30379053704639286,0.18155116367403876,1.495302537129683,0.9587246900805011,0.7803116436734177,0.38931949754877393,480,0.9575403608511512,0.9599633554654764,unseen_heading,1,False,2712708,,,,,mse,6000,200,5,150,100|200|400,1091,399,5849,5,1131
deep,transformer,heave,100,10.0,523680,0.6202590779403302,0.3750275061237873,0.8096850048687823,0.4131676246406121,0.7809870809852986,0.7941988965525616,480,0.40191695986226406,0.42401616823505217,unseen_heading,1,False,2712708,,,,,mse,6000,200,5,150,100|200|400,1091,399,5849,5,1131
deep,transformer,heave,150,15.0,523680,0.9542048827170939,0.5731541278811553,1.1503925650286964,0.3119957252071509,0.7811825468654663,1.2214877131419388,480,0.27432465195817857,0.3525024818549952,unseen_heading,1,False,2712708,,,,,mse,6000,200,5,150,100|200|400,1091,399,5849,5,1131
deep,transformer,roll_rate,10,1.0,523680,1.0154529868036655,0.6278991250500293,1.496365800803394,0.5394846668632645,2.7329053966256955,0.3715653633885169,480,0.5282672696698266,0.5498673518828149,unseen_heading,1,False,2712708,,,,,mse,6000,200,5,150,100|200|400,1091,399,5849,5,1131
deep,transformer,roll_rate,20,2.0,523680,1.158654866813456,0.71108615803798,2.8692372611215187,0.83692955508908,2.733103738947202,0.42393373156767644,480,0.8332583554902097,0.8401438910636813,unseen_heading,1,False,2712708,,,,,mse,6000,200,5,150,100|200|400,1091,399,5849,5,1131
deep,transformer,roll_rate,30,3.0,523680,1.28316173321371,0.7736406961270588,4.0088531458929,0.897547513184975,2.7334550855651965,0.46942850460203944,480,0.8952896980723452,0.8994413439255261,unseen_heading,1,False,2712708,,,,,mse,6000,200,5,150,100|200|400,1091,399,5849,5,1131
deep,transformer,roll_rate,50,5.0,523680,1.3584428639534558,0.8123859266077031,5.2834712249933995,0.9338935157752674,2.7343446430162044,0.4968074772223969,480,0.9324932372035785,0.9350785223887152,unseen_heading,1,False,2712708,,,,,mse,6000,200,5,150,100|200|400,1091,399,5849,5,1131
deep,transformer,roll_rate,100,10.0,523680,1.626102887678595,1.0094412102334231,2.6429837700458685,0.6214641211478296,2.7365812696344305,0.5942096095307339,480,0.6080223031871559,0.632432310422826,unseen_heading,1,False,2712708,,,,,mse,6000,200,5,150,100|200|400,1091,399,5849,5,1131
deep,transformer,roll_rate,150,15.0,523680,2.2693972931345017,1.3883154414689,4.094001103855046,0.6927264668161275,2.7388693489929,0.8285891015462178,480,0.6860262677108667,0.6989941303924019,unseen_heading,1,False,2712708,,,,,mse,6000,200,5,150,100|200|400,1091,399,5849,5,1131
deep,transformer,pitch_rate,10,1.0,523680,0.3211258292787936,0.21946778134800424,0.04871387351515087,-42.455539825074986,0.06577974949658247,4.881834177484628,480,-43.79894658070766,-40.97412066050148,unseen_heading,1,False,2712708,,,,,mse,6000,200,5,150,100|200|400,1091,399,5849,5,1131
deep,transformer,pitch_rate,20,2.0,523680,0.35593075457801043,0.24663495136536825,0.08950701497098114,-14.813095108407396,0.06577715932011105,5.411160321561444,480,-15.348657293816105,-14.217096515058703,unseen_heading,1,False,2712708,,,,,mse,6000,200,5,150,100|200|400,1091,399,5849,5,1131
deep,transformer,pitch_rate,30,3.0,523680,0.3210975153444751,0.2278784627838788,0.11623753086061682,-6.630994454736966,0.06577136566147114,4.882025971563094,480,-6.828009701186114,-6.413830711339986,unseen_heading,1,False,2712708,,,,,mse,6000,200,5,150,100|200|400,1091,399,5849,5,1131
deep,transformer,pitch_rate,50,5.0,523680,0.5674150285740633,0.3792748285183938,0.11925019059267393,-21.64036921902868,0.06578308851738435,8.625545582647945,480,-22.870664004117135,-20.418126578782292,unseen_heading,1,False,2712708,,,,,mse,6000,200,5,150,100|200|400,1091,399,5849,5,1131
deep,transformer,pitch_rate,100,10.0,523680,0.46231641653349603,0.33168236859596595,0.08393345585625119,-29.339500077448356,0.06580276410079416,7.025790220990373,480,-30.838104302264785,-27.782769727327423,unseen_heading,1,False,2712708,,,,,mse,6000,200,5,150,100|200|400,1091,399,5849,5,1131
deep,transformer,pitch_rate,150,15.0,523680,0.5465954868303114,0.3443940248553654,0.09491203609082535,-32.16572555167179,0.06580895137545853,8.305792379395788,480,-34.595064359225525,-29.636486561550164,unseen_heading,1,False,2712708,,,,,mse,6000,200,5,150,100|200|400,1091,399,5849,5,1131
deep,transformer,heave_rate,10,1.0,523680,0.11235588695937859,0.07541142924509656,0.2706847189471826,0.8277083672059115,0.4491058818542492,0.25017683245538536,480,0.8250177967428648,0.8304515274754954,unseen_heading,1,False,2712708,,,,,mse,6000,200,5,150,100|200|400,1091,399,5849,5,1131
deep,transformer,heave_rate,20,2.0,523680,0.1273248448760103,0.08485960353593298,0.5128844770374408,0.9383707047237261,0.44918603230426235,0.2834568212703575,480,0.9372627774046026,0.939361767898041,unseen_heading,1,False,2712708,,,,,mse,6000,200,5,150,100|200|400,1091,399,5849,5,1131
deep,transformer,heave_rate,30,3.0,523680,0.1351978182578695,0.08821523500249714,0.7022250494754589,0.9629330602769272,0.449227566067434,0.30095619340860935,480,0.9619996407277411,0.9638380624072643,unseen_heading,1,False,2712708,,,,,mse,6000,200,5,150,100|200|400,1091,399,5849,5,1131
deep,transformer,heave_rate,50,5.0,523680,0.16201941288383498,0.10347964257570906,0.8648560633370971,0.9649049036465595,0.44938743218437077,0.36053392080035535,480,0.9640887685291296,0.9657476128983501,unseen_heading,1,False,2712708,,,,,mse,6000,200,5,150,100|200|400,1091,399,5849,5,1131
deep,transformer,heave_rate,100,10.0,523680,0.3037433529770095,0.20102256465678447,0.4407535771484572,0.52507845269805,0.44966469020344285,0.6754885575729466,480,0.5157604022355836,0.5330853184366083,unseen_heading,1,False,2712708,,,,,mse,6000,200,5,150,100|200|400,1091,399,5849,5,1131
deep,transformer,heave_rate,150,15.0,523680,0.4834976157964465,0.31467386039507744,0.6919525909599663,0.5117570353759328,0.4497908308267742,1.074938799680987,480,0.48923920427092793,0.5351518896969315,unseen_heading,1,False,2712708,,,,,mse,6000,200,5,150,100|200|400,1091,399,5849,5,1131
deep,transformer,roll,10,1.0,523680,1.912659104995715,1.1804768939667571,2.6978975128886376,0.49739795781889395,5.056322481397262,0.37827079108039235,480,0.48348183095081054,0.5102390835769017,unseen_heading,2,False,2712708,,,,,mse,6000,200,5,150,100|200|400,1091,399,5849,5,1131
deep,transformer,roll,20,2.0,523680,2.0496404271723843,1.2697503767213516,5.190221153779305,0.8440506279899197,5.056996988280291,0.4053078204164396,480,0.8399288875374825,0.8479990453225458,unseen_heading,2,False,2712708,,,,,mse,6000,200,5,150,100|200|400,1091,399,5849,5,1131
deep,transformer,roll,30,3.0,523680,2.1769460447689934,1.3786977867767667,7.290482390340638,0.9108373844318141,5.057530912723518,0.43043652769226315,480,0.9082169818465371,0.9131966450555148,unseen_heading,2,False,2712708,,,,,mse,6000,200,5,150,100|200|400,1091,399,5849,5,1131
deep,transformer,roll,50,5.0,523680,2.4266751073376605,1.5992735416961097,9.760571515162436,0.9381880030230696,5.058598032252167,0.4797129742007326,480,0.9356222898153803,0.9401968758086393,unseen_heading,2,False,2712708,,,,,mse,6000,200,5,150,100|200|400,1091,399,5849,5,1131
deep,transformer,roll,100,10.0,523680,2.7699308879883535,1.8836760682928917,5.0288206238444655,0.6966069856814692,5.062743782240931,0.5471204957487092,480,0.6736053850933044,0.7145549373704255,unseen_heading,2,False,2712708,,,,,mse,6000,200,5,150,100|200|400,1091,399,5849,5,1131
deep,transformer,roll,150,15.0,523680,3.8461886557088785,2.524535507984451,7.3753549279801005,0.728046084941077,5.066780440794619,0.759099136157888,480,0.7203991410329292,0.7348808999741535,unseen_heading,2,False,2712708,,,,,mse,6000,200,5,150,100|200|400,1091,399,5849,5,1131
deep,transformer,pitch,10,1.0,523680,0.42761630468770967,0.257413752413402,0.06420293830905709,-43.36073196212577,0.09332436934600122,4.582043336422849,480,-45.922338303123865,-40.61167392296793,unseen_heading,2,False,2712708,,,,,mse,6000,200,5,150,100|200|400,1091,399,5849,5,1131
deep,transformer,pitch,20,2.0,523680,0.5067234253434016,0.3055332329332444,0.11934868235086321,-17.026304642757193,0.09333665010532012,5.42898662820682,480,-18.165633479325216,-15.792522675211709,unseen_heading,2,False,2712708,,,,,mse,6000,200,5,150,100|200|400,1091,399,5849,5,1131
deep,transformer,pitch,30,3.0,523680,0.5923864973704523,0.36197488702303005,0.15817580952707133,-13.025881650263477,0.09335358633520026,6.345621208845673,480,-13.871354520844255,-12.121993932662654,unseen_heading,2,False,2712708,,,,,mse,6000,200,5,150,100|200|400,1091,399,5849,5,1131
deep,transformer,pitch,50,5.0,523680,0.6380662425731181,0.36278432967242796,0.17475317044267974,-12.331573450387781,0.09335704034097117,6.8346879918502825,480,-13.278336877689757,-11.337232433807593,unseen_heading,2,False,2712708,,,,,mse,6000,200,5,150,100|200|400,1091,399,5849,5,1131
deep,transformer,pitch,100,10.0,523680,1.1100032625686882,0.6582163549445064,0.1063766786670643,-107.88189168852614,0.0933970173286122,11.884782772700369,480,-115.2937408125949,-99.77890379031795,unseen_heading,2,False,2712708,,,,,mse,6000,200,5,150,100|200|400,1091,399,5849,5,1131
deep,transformer,pitch,150,15.0,523680,1.1187919989241952,0.6837546332968405,0.13937788114588798,-63.43339095604938,0.09341040339836806,11.977166977353415,480,-68.27087922059799,-58.46210517122986,unseen_heading,2,False,2712708,,,,,mse,6000,200,5,150,100|200|400,1091,399,5849,5,1131
deep,transformer,heave,10,1.0,523680,0.17734958066496387,0.11342071267483604,0.44205195638216316,0.8390415808583597,0.7795114815459023,0.227513750423855,480,0.8355524648815522,0.8429499507953254,unseen_heading,2,False,2712708,,,,,mse,6000,200,5,150,100|200|400,1091,399,5849,5,1131
deep,transformer,heave,20,2.0,523680,0.20117241278407383,0.13107736729177114,0.8432697274661302,0.9430880023810488,0.7797270150985163,0.25800364600507814,480,0.9419438793258699,0.9442902809676409,unseen_heading,2,False,2712708,,,,,mse,6000,200,5,150,100|200|400,1091,399,5849,5,1131
deep,transformer,heave,30,3.0,523680,0.234028956424014,0.15510304530963637,1.167873357571095,0.9598442547964344,0.7799869447915249,0.3000421455599687,480,0.9590007576060534,0.96066660057089,unseen_heading,2,False,2712708,,,,,mse,6000,200,5,150,100|200|400,1091,399,5849,5,1131
deep,transformer,heave,50,5.0,523680,0.34609187695346677,0.22189054043639564,1.495302537129683,0.9464296267919257,0.7803116436734177,0.4435303250432028,480,0.9455080791440185,0.9473369441716839,unseen_heading,2,False,2712708,,,,,mse,6000,200,5,150,100|200|400,1091,399,5849,5,1131
deep,transformer,heave,100,10.0,523680,0.7308587915815257,0.44947346666858173,0.8096850048687823,0.1852305093222646,0.7809870809852986,0.9358141887052335,480,0.16786822937278742,0.2004316059690358,unseen_heading,2,False,2712708,,,,,mse,6000,200,5,150,100|200|400,1091,399,5849,5,1131
deep,transformer,heave,150,15.0,523680,1.0532415026135942,0.652427881865061,1.1503925650286964,0.1617688505790701,0.7811825468654663,1.348265532607939,480,0.12150331349397696,0.20451430687383904,unseen_heading,2,False,2712708,,,,,mse,6000,200,5,150,100|200|400,1091,399,5849,5,1131
deep,transformer,roll_rate,10,1.0,523680,1.0686805246409434,0.6971021775653004,1.496365800803394,0.4899412031093354,2.7329053966256955,0.39104190213113044,480,0.47525113835753874,0.5029960842284614,unseen_heading,2,False,2712708,,,,,mse,6000,200,5,150,100|200|400,1091,399,5849,5,1131
deep,transformer,roll_rate,20,2.0,523680,1.1813826408120507,0.7904337169909744,2.8692372611215187,0.8304693426965809,2.733103738947202,0.4322494693403486,480,0.8243715389840993,0.8355549210039883,unseen_heading,2,False,2712708,,,,,mse,6000,200,5,150,100|200|400,1091,399,5849,5,1131
deep,transformer,roll_rate,30,3.0,523680,1.2555800213510329,0.8439658637053525,4.0088531458929,0.9019046324577416,2.7334550855651965,0.4593380838710275,480,0.8980784618448825,0.9050211741969366,unseen_heading,2,False,2712708,,,,,mse,6000,200,5,150,100|200|400,1091,399,5849,5,1131
deep,transformer,roll_rate,50,5.0,523680,1.235247342828563,0.8284771916586986,5.2834712249933995,0.9453400583572026,2.7343446430162044,0.4517526150127092,480,0.9425142600989487,0.9476482522427983,unseen_heading,2,False,2712708,,,,,mse,6000,200,5,150,100|200|400,1091,399,5849,5,1131
deep,transformer,roll_rate,100,10.0,523680,1.4952170691031759,1.029133568390041,2.6429837700458685,0.6799487704598145,2.7365812696344305,0.5463813867668971,480,0.6543574665249088,0.6998604636486254,unseen_heading,2,False,2712708,,,,,mse,6000,200,5,150,100|200|400,1091,399,5849,5,1131
deep,transformer,roll_rate,150,15.0,523680,2.180682963998771,1.4358832534758084,4.094001103855046,0.7162805229337071,2.7388693489929,0.7961982431913455,480,0.7101484958124243,0.7215275568914824,unseen_heading,2,False,2712708,,,,,mse,6000,200,5,150,100|200|400,1091,399,5849,5,1131
deep,transformer,pitch_rate,10,1.0,523680,0.2816029460554832,0.1725329465422124,0.04871387351515087,-32.41712318743619,0.06577974949658247,4.280997544238347,480,-34.313120708119484,-30.402257129043164,unseen_heading,2,False,2712708,,,,,mse,6000,200,5,150,100|200|400,1091,399,5849,5,1131
deep,transformer,pitch_rate,20,2.0,523680,0.3095119898265574,0.19599785351036045,0.08950701497098114,-10.957511494929411,0.06577715932011105,4.70546300609132,480,-11.55575824220818,-10.314358391789956,unseen_heading,2,False,2712708,,,,,mse,6000,200,5,150,100|200|400,1091,399,5849,5,1131
deep,transformer,pitch_rate,30,3.0,523680,0.31248958654935355,0.1930381845398768,0.11623753086061682,-6.227337684090547,0.06577136566147114,4.751149431163627,480,-6.641151153272448,-5.786957046730993,unseen_heading,2,False,2712708,,,,,mse,6000,200,5,150,100|200|400,1091,399,5849,5,1131
deep,transformer,pitch_rate,50,5.0,523680,0.6092197150532608,0.367557748255816,0.11925019059267393,-25.0993525978491,0.06578308851738435,9.261038494601294,480,-27.12564773126506,-22.961150652336496,unseen_heading,2,False,2712708,,,,,mse,6000,200,5,150,100|200|400,1091,399,5849,5,1131
deep,transformer,pitch_rate,100,10.0,523680,0.5845438779794293,0.38363578972802576,0.08393345585625119,-47.50248866401887,0.06580276410079416,8.883272396947449,480,-50.719691227918645,-44.12800353330347,unseen_heading,2,False,2712708,,,,,mse,6000,200,5,150,100|200|400,1091,399,5849,5,1131
deep,transformer,pitch_rate,150,15.0,523680,0.641383416375858,0.41588750291125104,0.09491203609082535,-44.66598954641023,0.06580895137545853,9.746142477131807,480,-48.03004077774765,-41.2469288025034,unseen_heading,2,False,2712708,,,,,mse,6000,200,5,150,100|200|400,1091,399,5849,5,1131
deep,transformer,heave_rate,10,1.0,523680,0.10880182594760107,0.07256222354304609,0.2706847189471826,0.838435891107327,0.4491058818542492,0.24226319525895482,480,0.8357754790404038,0.8414238235173719,unseen_heading,2,False,2712708,,,,,mse,6000,200,5,150,100|200|400,1091,399,5849,5,1131
deep,transformer,heave_rate,20,2.0,523680,0.1311513792485408,0.08851750468744447,0.5128844770374408,0.9346107110883627,0.44918603230426235,0.2919756399720453,480,0.9335046098786305,0.9357782878704111,unseen_heading,2,False,2712708,,,,,mse,6000,200,5,150,100|200|400,1091,399,5849,5,1131
deep,transformer,heave_rate,30,3.0,523680,0.1565054235371841,0.10356985264375455,0.7022250494754589,0.950328628736166,0.449227566067434,0.34838784473366646,480,0.9494614187215605,0.9512644497024083,unseen_heading,2,False,2712708,,,,,mse,6000,200,5,150,100|200|400,1091,399,5849,5,1131
deep,transformer,heave_rate,50,5.0,523680,0.18603616208717677,0.1219081748895538,0.8648560633370971,0.9537291930115991,0.44938743218437077,0.41397722491458433,480,0.9528315749140147,0.9547773379492877,unseen_heading,2,False,2712708,,,,,mse,6000,200,5,150,100|200|400,1091,399,5849,5,1131
deep,transformer,heave_rate,100,10.0,523680,0.3468838647809798,0.23802418009904458,0.4407535771484572,0.3805924324624137,0.44966469020344285,0.7714278491024908,480,0.36394621597829185,0.39393232905818215,unseen_heading,2,False,2712708,,,,,mse,6000,200,5,150,100|200|400,1091,399,5849,5,1131
deep,transformer,heave_rate,150,15.0,523680,0.5270511889715445,0.3570390713808714,0.6919525909599663,0.4198331433870788,0.4497908308267742,1.1717695267436992,480,0.39827229011768256,0.4417873867259505,unseen_heading,2,False,2712708,,,,,mse,6000,200,5,150,100|200|400,1091,399,5849,5,1131
deep,lstm,roll,10,1.0,523680,0.8509577988582642,0.5297156004843389,2.6978975128886376,0.9005132714252235,5.056322481397262,0.1682957924438219,480,0.8960391845841988,0.9042511650920538,unseen_heading,0,False,317828,,,,,mse,6000,200,5,150,100|200|400,1091,399,5849,5,1131
deep,lstm,roll,20,2.0,523680,1.2217942914229913,0.7912091887082486,5.190221153779305,0.9445853676170385,5.056996988280291,0.24160471011838217,480,0.9419363891193726,0.9467773552324891,unseen_heading,0,False,317828,,,,,mse,6000,200,5,150,100|200|400,1091,399,5849,5,1131
deep,lstm,roll,30,3.0,523680,1.637438111674591,1.1140843553632143,7.290482390340638,0.9495551008262452,5.057530912723518,0.32376235359337,480,0.9467047742302962,0.9517991491843901,unseen_heading,0,False,317828,,,,,mse,6000,200,5,150,100|200|400,1091,399,5849,5,1131
deep,lstm,roll,50,5.0,523680,2.2368363668981965,1.5702423785194293,9.760571515162436,0.947480820297622,5.058598032252167,0.44218503874725185,480,0.9437558245385352,0.9504530153433215,unseen_heading,0,False,317828,,,,,mse,6000,200,5,150,100|200|400,1091,399,5849,5,1131
deep,lstm,roll,100,10.0,523680,3.744731115245602,2.58986334811842,5.0288206238444655,0.4454905024913629,5.062743782240931,0.7396643552022824,480,0.38518778541643217,0.4911080832324238,unseen_heading,0,False,317828,,,,,mse,6000,200,5,150,100|200|400,1091,399,5849,5,1131
deep,lstm,roll,150,15.0,523680,5.079083149504073,3.419414246956714,7.3753549279801005,0.5257527780457156,5.066780440794619,1.002428111668388,480,0.4949727465296067,0.552471545118175,unseen_heading,0,False,317828,,,,,mse,6000,200,5,150,100|200|400,1091,399,5849,5,1131
deep,lstm,pitch,10,1.0,523680,0.4566035668996044,0.2775110781197785,0.06420293830905709,-49.57883137386099,0.09332436934600122,4.892650977439143,480,-53.84669438078988,-45.254972738697425,unseen_heading,0,False,317828,,,,,mse,6000,200,5,150,100|200|400,1091,399,5849,5,1131
deep,lstm,pitch,20,2.0,523680,0.8258352755973324,0.5681316598485847,0.11934868235086321,-46.87972005209415,0.09333665010532012,8.847920668520548,480,-48.94334284421961,-44.703629276320626,unseen_heading,0,False,317828,,,,,mse,6000,200,5,150,100|200|400,1091,399,5849,5,1131
deep,lstm,pitch,30,3.0,523680,1.2606836320339694,0.8728385516678014,0.15817580952707133,-62.5231603900492,0.09335358633520026,13.504394223348774,480,-64.57750561065929,-60.289378697206395,unseen_heading,0,False,317828,,,,,mse,6000,200,5,150,100|200|400,1091,399,5849,5,1131
deep,lstm,pitch,50,5.0,523680,1.5495924071220895,1.0693449050941162,0.17475317044267974,-77.62937654533134,0.09335704034097117,16.598559695792186,480,-79.78729248519384,-75.26157274098492,unseen_heading,0,False,317828,,,,,mse,6000,200,5,150,100|200|400,1091,399,5849,5,1131
deep,lstm,pitch,100,10.0,523680,1.8465998962940877,1.313068891849081,0.1063766786670643,-300.3372084404615,0.0933970173286122,19.77150822490325,480,-306.6427617547495,-293.3776227541143,unseen_heading,0,False,317828,,,,,mse,6000,200,5,150,100|200|400,1091,399,5849,5,1131
deep,lstm,pitch,150,15.0,523680,1.8182500007021585,1.2848337962425866,0.13937788114588798,-169.18429380129916,0.09341040339836806,19.46517662436221,480,-173.18326040674603,-165.15213413513146,unseen_heading,0,False,317828,,,,,mse,6000,200,5,150,100|200|400,1091,399,5849,5,1131
deep,lstm,heave,10,1.0,523680,0.24560782587374602,0.1399326401102238,0.44205195638216316,0.6912991910420931,0.7795114815459023,0.3150791639228513,480,0.677780703842189,0.7049520169870822,unseen_heading,0,False,317828,,,,,mse,6000,200,5,150,100|200|400,1091,399,5849,5,1131
deep,lstm,heave,20,2.0,523680,0.4086254684909891,0.2607666169304928,0.8432697274661302,0.7651893216018688,0.7797270150985163,0.5240622173894545,480,0.7608856556355807,0.7695134747122241,unseen_heading,0,False,317828,,,,,mse,6000,200,5,150,100|200|400,1091,399,5849,5,1131
deep,lstm,heave,30,3.0,523680,0.618892643744863,0.4111221496686397,1.167873357571095,0.7191728198832013,0.7799869447915249,0.7934653879498981,480,0.7173021730021082,0.7209428672119526,unseen_heading,0,False,317828,,,,,mse,6000,200,5,150,100|200|400,1091,399,5849,5,1131
deep,lstm,heave,50,5.0,523680,0.83535339594001,0.5479151674527768,1.495302537129683,0.6879082096740026,0.7803116436734177,1.0705381660172033,480,0.6827695233325362,0.6925779660822174,unseen_heading,0,False,317828,,,,,mse,6000,200,5,150,100|200|400,1091,399,5849,5,1131
deep,lstm,heave,100,10.0,523680,1.1590689954026054,0.782649576880754,0.8096850048687823,-1.0492096148155996,0.7809870809852986,1.4841077703107663,480,-1.1844640037349954,-0.935672187633225,unseen_heading,0,False,317828,,,,,mse,6000,200,5,150,100|200|400,1091,399,5849,5,1131
deep,lstm,heave,150,15.0,523680,1.3525248180071383,0.9164046503760827,1.1503925650286964,-0.38228741292962987,0.7811825468654663,1.7313812545277814,480,-0.40539548048052326,-0.3600323156286044,unseen_heading,0,False,317828,,,,,mse,6000,200,5,150,100|200|400,1091,399,5849,5,1131
deep,lstm,roll_rate,10,1.0,523680,0.6625163467314865,0.4136784413857678,1.496365800803394,0.803972207642346,2.7329053966256955,0.24242198341351007,480,0.7982212303394631,0.8090835242450498,unseen_heading,0,False,317828,,,,,mse,6000,200,5,150,100|200|400,1091,399,5849,5,1131
deep,lstm,roll_rate,20,2.0,523680,0.8448221064713212,0.5775154539859131,2.8692372611215187,0.9133042885703929,2.733103738947202,0.30910722283697456,480,0.9092108359215548,0.9165908501244219,unseen_heading,0,False,317828,,,,,mse,6000,200,5,150,100|200|400,1091,399,5849,5,1131
deep,lstm,roll_rate,30,3.0,523680,1.0238275568895525,0.7250736448450037,4.0088531458929,0.9347751130924634,2.7334550855651965,0.3745543734360851,480,0.9309943775263892,0.9378728794316329,unseen_heading,0,False,317828,,,,,mse,6000,200,5,150,100|200|400,1091,399,5849,5,1131
deep,lstm,roll_rate,50,5.0,523680,1.3081742963234686,0.9220702976086392,5.2834712249933995,0.9386954752107487,2.7343446430162044,0.4784233398173414,480,0.9349105492607541,0.9418154157242126,unseen_heading,0,False,317828,,,,,mse,6000,200,5,150,100|200|400,1091,399,5849,5,1131
deep,lstm,roll_rate,100,10.0,523680,2.163842292863488,1.5238498797950075,2.6429837700458685,0.32971080694331545,2.7365812696344305,0.7907100428091973,480,0.2646711160904141,0.38090936342089704,unseen_heading,0,False,317828,,,,,mse,6000,200,5,150,100|200|400,1091,399,5849,5,1131
deep,lstm,roll_rate,150,15.0,523680,2.769427627842064,1.9009493399965274,4.094001103855046,0.5424019869941782,2.7388693489929,1.0111572605171548,480,0.5160491849638495,0.5657499253336996,unseen_heading,0,False,317828,,,,,mse,6000,200,5,150,100|200|400,1091,399,5849,5,1131
deep,lstm,pitch_rate,10,1.0,523680,0.44992153937673335,0.3091012396199938,0.04871387351515087,-84.30377320039149,0.06577974949658247,6.839818376020247,480,-86.94362005606142,-81.43156829975634,unseen_heading,0,False,317828,,,,,mse,6000,200,5,150,100|200|400,1091,399,5849,5,1131
deep,lstm,pitch_rate,20,2.0,523680,0.6255639725031521,0.43973098420077134,0.08950701497098114,-47.84603430746297,0.06577715932011105,9.5103525139902,480,-49.342750221457855,-46.21962398583771,unseen_heading,0,False,317828,,,,,mse,6000,200,5,150,100|200|400,1091,399,5849,5,1131
deep,lstm,pitch_rate,30,3.0,523680,0.629160097294214,0.44769024015857234,0.11623753086061682,-28.29743435246617,0.06577136566147114,9.565866406553512,480,-29.37964756418981,-27.14296079951857,unseen_heading,0,False,317828,,,,,mse,6000,200,5,150,100|200|400,1091,399,5849,5,1131
deep,lstm,pitch_rate,50,5.0,523680,1.0024184395395477,0.7151033366802241,0.11925019059267393,-69.66102455046195,0.06578308851738435,15.23823922123451,480,-71.34632117560339,-67.92395546528417,unseen_heading,0,False,317828,,,,,mse,6000,200,5,150,100|200|400,1091,399,5849,5,1131
deep,lstm,pitch_rate,100,10.0,523680,1.1454384908035247,0.8441352153154368,0.08393345585625119,-185.2401598314157,0.06580276410079416,17.407148566722604,480,-187.92888698522538,-182.15949993239957,unseen_heading,0,False,317828,,,,,mse,6000,200,5,150,100|200|400,1091,399,5849,5,1131
deep,lstm,pitch_rate,150,15.0,523680,1.0566708715979494,0.7651795098602918,0.09491203609082535,-122.94724874061524,0.06580895137545853,16.056643503850193,480,-125.68371406223375,-120.41812622319064,unseen_heading,0,False,317828,,,,,mse,6000,200,5,150,100|200|400,1091,399,5849,5,1131
deep,lstm,heave_rate,10,1.0,523680,0.2011027294969396,0.12720338442471024,0.2706847189471826,0.4480389245790599,0.4491058818542492,0.4477846708812524,480,0.4311092517257733,0.46550670172980635,unseen_heading,0,False,317828,,,,,mse,6000,200,5,150,100|200|400,1091,399,5849,5,1131
deep,lstm,heave_rate,20,2.0,523680,0.29741431624600134,0.20140736817649932,0.5128844770374408,0.6637327055013281,0.44918603230426235,0.6621183537705012,480,0.6611325561066673,0.6663677510653762,unseen_heading,0,False,317828,,,,,mse,6000,200,5,150,100|200|400,1091,399,5849,5,1131
deep,lstm,heave_rate,30,3.0,523680,0.3299469560575631,0.22204593292018765,0.7022250494754589,0.7792322571142254,0.449227566067434,0.7344762008839734,480,0.7775820693629455,0.7809385369566385,unseen_heading,0,False,317828,,,,,mse,6000,200,5,150,100|200|400,1091,399,5849,5,1131
deep,lstm,heave_rate,50,5.0,523680,0.4565235204822752,0.31814475421644484,0.8648560633370971,0.7213630893423126,0.44938743218437077,1.015879590275183,480,0.7158807559147177,0.7262819874266434,unseen_heading,0,False,317828,,,,,mse,6000,200,5,150,100|200|400,1091,399,5849,5,1131
deep,lstm,heave_rate,100,10.0,523680,0.6580974467223387,0.4648092249090841,0.4407535771484572,-1.22940371374907,0.44966469020344285,1.4635292942939195,480,-1.3466336532330663,-1.1280042077468706,unseen_heading,0,False,317828,,,,,mse,6000,200,5,150,100|200|400,1091,399,5849,5,1131
deep,lstm,heave_rate,150,15.0,523680,0.757805071441014,0.5291735958107731,0.6919525909599663,-0.19939527895476195,0.4497908308267742,1.6847943966489258,480,-0.21224902411950067,-0.1875550617208283,unseen_heading,0,False,317828,,,,,mse,6000,200,5,150,100|200|400,1091,399,5849,5,1131
deep,lstm,roll,10,1.0,523680,1.328167000459376,0.6358137489302798,2.6978975128886376,0.7576436095753823,5.056322481397262,0.2626745041175362,480,0.7416982220199816,0.7723974441523133,unseen_heading,1,False,317828,,,,,mse,6000,200,5,150,100|200|400,1091,399,5849,5,1131
deep,lstm,roll,20,2.0,523680,1.5690009621023011,0.894599042627173,5.190221153779305,0.9086150469636471,5.056996988280291,0.3102633768100906,480,0.9046659026019626,0.912247864216419,unseen_heading,1,False,317828,,,,,mse,6000,200,5,150,100|200|400,1091,399,5849,5,1131
deep,lstm,roll,30,3.0,523680,1.9831184677742815,1.2335274410131776,7.290482390340638,0.9260079964537138,5.057530912723518,0.39211198151754995,480,0.9233327857176568,0.9283619101687597,unseen_heading,1,False,317828,,,,,mse,6000,200,5,150,100|200|400,1091,399,5849,5,1131
deep,lstm,roll,50,5.0,523680,2.48284430788064,1.5671810731867084,9.760571515162436,0.9352934152137448,5.058598032252167,0.4908166832096044,480,0.9328990118117356,0.9372447485798682,unseen_heading,1,False,317828,,,,,mse,6000,200,5,150,100|200|400,1091,399,5849,5,1131
deep,lstm,roll,100,10.0,523680,2.6765304541871746,1.7383859525363963,5.0288206238444655,0.7167224948137411,5.062743782240931,0.5286719157259934,480,0.6958189665053335,0.7327876487552525,unseen_heading,1,False,317828,,,,,mse,6000,200,5,150,100|200|400,1091,399,5849,5,1131
deep,lstm,roll,150,15.0,523680,3.2673142925139906,2.1215842173707995,7.3753549279801005,0.8037471486891551,5.066780440794619,0.6448501826145008,480,0.7935154264475065,0.8122224391996355,unseen_heading,1,False,317828,,,,,mse,6000,200,5,150,100|200|400,1091,399,5849,5,1131
deep,lstm,pitch,10,1.0,523680,0.47679977112229893,0.2796346302005595,0.06420293830905709,-54.15212719528452,0.09332436934600122,5.10905966430438,480,-58.64708835991418,-49.355633867608695,unseen_heading,1,False,317828,,,,,mse,6000,200,5,150,100|200|400,1091,399,5849,5,1131
deep,lstm,pitch,20,2.0,523680,0.9575355216016318,0.6103603501684405,0.11934868235086321,-63.368669241198475,0.09333665010532012,10.258944589517178,480,-67.62593086457032,-58.95494458079431,unseen_heading,1,False,317828,,,,,mse,6000,200,5,150,100|200|400,1091,399,5849,5,1131
deep,lstm,pitch,30,3.0,523680,1.346516672035405,0.8948417297331457,0.15817580952707133,-71.46750989107952,0.09335358633520026,14.423834422392,480,-75.17972451414978,-67.48031261245319,unseen_heading,1,False,317828,,,,,mse,6000,200,5,150,100|200|400,1091,399,5849,5,1131
deep,lstm,pitch,50,5.0,523680,1.4485138273777147,0.9961829921309518,0.17475317044267974,-67.70607882631533,0.09335704034097117,15.515849925053935,480,-70.27639332962612,-64.86840217920069,unseen_heading,1,False,317828,,,,,mse,6000,200,5,150,100|200|400,1091,399,5849,5,1131
deep,lstm,pitch,100,10.0,523680,1.5504368394686752,1.112720929197929,0.1063766786670643,-211.42973383920088,0.0933970173286122,16.600496287944072,480,-217.51578297076873,-204.4905957485033,unseen_heading,1,False,317828,,,,,mse,6000,200,5,150,100|200|400,1091,399,5849,5,1131
deep,lstm,pitch,150,15.0,523680,1.2844778028857156,0.8948661472358193,0.13937788114588798,-83.93085403697958,0.09341040339836806,13.750907352447598,480,-87.87474919051185,-79.73561548219897,unseen_heading,1,False,317828,,,,,mse,6000,200,5,150,100|200|400,1091,399,5849,5,1131
deep,lstm,heave,10,1.0,523680,0.29435225366972345,0.15527129450308844,0.44205195638216316,0.5566077512488217,0.7795114815459023,0.3776111842329422,480,0.5307064177567057,0.5860230980989953,unseen_heading,1,False,317828,,,,,mse,6000,200,5,150,100|200|400,1091,399,5849,5,1131
deep,lstm,heave,20,2.0,523680,0.4649349497242161,0.2827783959653502,0.8432697274661302,0.696015550241339,0.7797270150985163,0.5962791345192432,480,0.6862250551426301,0.7070286431354096,unseen_heading,1,False,317828,,,,,mse,6000,200,5,150,100|200|400,1091,399,5849,5,1131
deep,lstm,heave,30,3.0,523680,0.6557454514687424,0.4205965915552864,1.167873357571095,0.6847325954252629,0.7799869447915249,0.8407133681500403,480,0.679784194910915,0.6905894224909965,unseen_heading,1,False,317828,,,,,mse,6000,200,5,150,100|200|400,1091,399,5849,5,1131
deep,lstm,heave,50,5.0,523680,0.7132220196179014,0.4565947623877412,1.495302537129683,0.7724947907010968,0.7803116436734177,0.9140220133846996,480,0.7705800499986877,0.7744014416313916,unseen_heading,1,False,317828,,,,,mse,6000,200,5,150,100|200|400,1091,399,5849,5,1131
deep,lstm,heave,100,10.0,523680,0.887330694591925,0.5873857089788735,0.8096850048687823,-0.20098841230709996,0.7809870809852986,1.1361656501058413,480,-0.2661465423462788,-0.1462723319486287,unseen_heading,1,False,317828,,,,,mse,6000,200,5,150,100|200|400,1091,399,5849,5,1131
deep,lstm,heave,150,15.0,523680,0.987327057215859,0.6493258119731442,1.1503925650286964,0.2634030009188931,0.7811825468654663,1.26388775732069,480,0.25015643892869754,0.2760081591047913,unseen_heading,1,False,317828,,,,,mse,6000,200,5,150,100|200|400,1091,399,5849,5,1131
deep,lstm,roll_rate,10,1.0,523680,0.8853512140787273,0.4872358553181294,1.496365800803394,0.6499294099920344,2.7329053966256955,0.32395970060722407,480,0.6368820534946925,0.6632730382681938,unseen_heading,1,False,317828,,,,,mse,6000,200,5,150,100|200|400,1091,399,5849,5,1131
deep,lstm,roll_rate,20,2.0,523680,1.1533418114064888,0.6866432194173508,2.8692372611215187,0.8384216574806475,2.733103738947202,0.4219897675200426,480,0.8343330284766672,0.8422246264456437,unseen_heading,1,False,317828,,,,,mse,6000,200,5,150,100|200|400,1091,399,5849,5,1131
deep,lstm,roll_rate,30,3.0,523680,1.2718156894964219,0.7907437800031369,4.0088531458929,0.8993513249901407,2.7334550855651965,0.46527769788961015,480,0.8968126865416243,0.9016920174019696,unseen_heading,1,False,317828,,,,,mse,6000,200,5,150,100|200|400,1091,399,5849,5,1131
deep,lstm,roll_rate,50,5.0,523680,1.2965715562897284,0.8365191904199374,5.2834712249933995,0.9397781230760945,2.7343446430162044,0.4741800049241432,480,0.9376060918163516,0.9417840646955242,unseen_heading,1,False,317828,,,,,mse,6000,200,5,150,100|200|400,1091,399,5849,5,1131
deep,lstm,roll_rate,100,10.0,523680,1.5481133004945236,1.005219497159655,2.6429837700458685,0.6569033392316338,2.7365812696344305,0.5657106981154374,480,0.6361127979502201,0.673182394872921,unseen_heading,1,False,317828,,,,,mse,6000,200,5,150,100|200|400,1091,399,5849,5,1131
deep,lstm,roll_rate,150,15.0,523680,1.9830752311280515,1.2531901244058272,4.094001103855046,0.7653705786723937,2.7388693489929,0.7240488604749405,480,0.7590171994261842,0.7708085245262927,unseen_heading,1,False,317828,,,,,mse,6000,200,5,150,100|200|400,1091,399,5849,5,1131
deep,lstm,pitch_rate,10,1.0,523680,0.5586432397502734,0.33529545745751343,0.04871387351515087,-130.51151081395057,0.06577974949658247,8.492632520275823,480,-140.74246626763028,-119.5771692719167,unseen_heading,1,False,317828,,,,,mse,6000,200,5,150,100|200|400,1091,399,5849,5,1131
deep,lstm,pitch_rate,20,2.0,523680,0.6538789118425631,0.43782365689172387,0.08950701497098114,-52.36794927374509,0.06577715932011105,9.940820166167358,480,-55.042076750669324,-49.58746668851921,unseen_heading,1,False,317828,,,,,mse,6000,200,5,150,100|200|400,1091,399,5849,5,1131
deep,lstm,pitch_rate,30,3.0,523680,0.6536618128335169,0.4503407838558014,0.11623753086061682,-30.62375786576659,0.06577136566147114,9.938395018250805,480,-32.184808871676296,-28.986719488330817,unseen_heading,1,False,317828,,,,,mse,6000,200,5,150,100|200|400,1091,399,5849,5,1131
deep,lstm,pitch_rate,50,5.0,523680,1.0758518634025867,0.7685545071981685,0.11925019059267393,-80.39294997347804,0.06578308851738435,16.354535605580054,480,-83.12907483970129,-77.53991460482673,unseen_heading,1,False,317828,,,,,mse,6000,200,5,150,100|200|400,1091,399,5849,5,1131
deep,lstm,pitch_rate,100,10.0,523680,1.3038756114845886,0.9260945298103026,0.08393345585625119,-240.32488845852984,0.06580276410079416,19.8149063994844,480,-251.69411595726814,-228.30766725314092,unseen_heading,1,False,317828,,,,,mse,6000,200,5,150,100|200|400,1091,399,5849,5,1131
deep,lstm,pitch_rate,150,15.0,523680,0.7358347390848943,0.5381931263959245,0.09491203609082535,-59.10602312565427,0.06580895137545853,11.18137766527764,480,-62.263034203085134,-56.11019017072039,unseen_heading,1,False,317828,,,,,mse,6000,200,5,150,100|200|400,1091,399,5849,5,1131
deep,lstm,heave_rate,10,1.0,523680,0.2793727031095692,0.16157944096070853,0.2706847189471826,-0.06522281988830247,0.4491058818542492,0.6220642267166644,480,-0.12411882986372592,0.0012205031436068464,unseen_heading,1,False,317828,,,,,mse,6000,200,5,150,100|200|400,1091,399,5849,5,1131
deep,lstm,heave_rate,20,2.0,523680,0.3440759364991808,0.21807614027929523,0.5128844770374408,0.5499409580104111,0.44918603230426235,0.7659987438481084,480,0.5352158048522492,0.5665848145418141,unseen_heading,1,False,317828,,,,,mse,6000,200,5,150,100|200|400,1091,399,5849,5,1131
deep,lstm,heave_rate,30,3.0,523680,0.34050650713193853,0.2186392514122964,0.7022250494754589,0.7648753312162452,0.449227566067434,0.7579822184839493,480,0.7593564938049245,0.7716261784777498,unseen_heading,1,False,317828,,,,,mse,6000,200,5,150,100|200|400,1091,399,5849,5,1131
deep,lstm,heave_rate,50,5.0,523680,0.4543988472813967,0.31169045714121635,0.8648560633370971,0.7239506219853922,0.44938743218437077,1.011151658320008,480,0.7222585513701014,0.7258170026465204,unseen_heading,1,False,317828,,,,,mse,6000,200,5,150,100|200|400,1091,399,5849,5,1131
deep,lstm,heave_rate,100,10.0,523680,0.6101681770576111,0.42547372885255996,0.4407535771484572,-0.9164937869108278,0.44966469020344285,1.3569403832476845,480,-0.9863048074848042,-0.8536004002434849,unseen_heading,1,False,317828,,,,,mse,6000,200,5,150,100|200|400,1091,399,5849,5,1131
deep,lstm,heave_rate,150,15.0,523680,0.5651751939368982,0.3858583937638063,0.6919525909599663,0.33286534007558144,0.4497908308267742,1.2565289356789078,480,0.31530945111524755,0.3506493008117098,unseen_heading,1,False,317828,,,,,mse,6000,200,5,150,100|200|400,1091,399,5849,5,1131
deep,lstm,roll,10,1.0,523680,1.153800105300347,0.6211794678855116,2.6978975128886376,0.8171014539904708,5.056322481397262,0.2281895803808594,480,0.8132354691136331,0.8205574667844054,unseen_heading,2,False,317828,,,,,mse,6000,200,5,150,100|200|400,1091,399,5849,5,1131
deep,lstm,roll,20,2.0,523680,1.2575091176127304,0.7452865080428548,5.190221153779305,0.9412983162440641,5.056996988280291,0.24866716759512358,480,0.9399837709395669,0.9424241904514211,unseen_heading,2,False,317828,,,,,mse,6000,200,5,150,100|200|400,1091,399,5849,5,1131
deep,lstm,roll,30,3.0,523680,1.7147947973753312,1.1303998615917823,7.290482390340638,0.9446762278738977,5.057530912723518,0.3390576996892544,480,0.9422804890980396,0.9465254862237881,unseen_heading,2,False,317828,,,,,mse,6000,200,5,150,100|200|400,1091,399,5849,5,1131
deep,lstm,roll,50,5.0,523680,2.9230111969173453,2.0100232017458177,9.760571515162436,0.9103169308711657,5.058598032252167,0.5778302957224642,480,0.904809075725356,0.9147579516231231,unseen_heading,2,False,317828,,,,,mse,6000,200,5,150,100|200|400,1091,399,5849,5,1131
deep,lstm,roll,100,10.0,523680,3.9592628183423026,2.776600692271575,5.0288206238444655,0.3801360586695498,5.062743782240931,0.7820389473847337,480,0.3191594303089133,0.42552063954279684,unseen_heading,2,False,317828,,,,,mse,6000,200,5,150,100|200|400,1091,399,5849,5,1131
deep,lstm,roll,150,15.0,523680,5.227128213951457,3.666681163320015,7.3753549279801005,0.49770314859390585,5.066780440794619,1.031646876163375,480,0.4652731274456883,0.5248076990532459,unseen_heading,2,False,317828,,,,,mse,6000,200,5,150,100|200|400,1091,399,5849,5,1131
deep,lstm,pitch,10,1.0,523680,0.553346245428475,0.31676583216652215,0.06420293830905709,-73.28209198857166,0.09332436934600122,5.929279236561858,480,-79.15196537707737,-67.1892796869761,unseen_heading,2,False,317828,,,,,mse,6000,200,5,150,100|200|400,1091,399,5849,5,1131
deep,lstm,pitch,20,2.0,523680,1.0261443459927118,0.6737630854876543,0.11934868235086321,-72.92335275564717,0.09333665010532012,10.994013014553458,480,-76.33912243944965,-69.17219544312506,unseen_heading,2,False,317828,,,,,mse,6000,200,5,150,100|200|400,1091,399,5849,5,1131
deep,lstm,pitch,30,3.0,523680,1.4291162339090422,0.9719323876102705,0.15817580952707133,-80.6309730818591,0.09335358633520026,15.30863772900575,480,-83.63640831178564,-77.35321585796558,unseen_heading,2,False,317828,,,,,mse,6000,200,5,150,100|200|400,1091,399,5849,5,1131
deep,lstm,pitch,50,5.0,523680,1.6119910386357872,1.104342858531738,0.17475317044267974,-84.08933294442713,0.09335704034097117,17.266946689272242,480,-86.84496988424219,-81.09305907838026,unseen_heading,2,False,317828,,,,,mse,6000,200,5,150,100|200|400,1091,399,5849,5,1131
deep,lstm,pitch,100,10.0,523680,1.921790894241486,1.3764228880018525,0.1063766786670643,-325.3768973922991,0.0933970173286122,20.576576738845652,480,-333.02572663819495,-317.0715587603712,unseen_heading,2,False,317828,,,,,mse,6000,200,5,150,100|200|400,1091,399,5849,5,1131
deep,lstm,pitch,150,15.0,523680,1.979581501390243,1.4203316062760958,0.13937788114588798,-200.7246904117955,0.09341040339836806,21.192302242266383,480,-205.06527950229332,-196.66955426521278,unseen_heading,2,False,317828,,,,,mse,6000,200,5,150,100|200|400,1091,399,5849,5,1131
deep,lstm,heave,10,1.0,523680,0.24718199453704212,0.12889524000309685,0.44205195638216316,0.6873294117970901,0.7795114815459023,0.3170985936561687,480,0.6690977575739375,0.706514399296372,unseen_heading,2,False,317828,,,,,mse,6000,200,5,150,100|200|400,1091,399,5849,5,1131
deep,lstm,heave,20,2.0,523680,0.4616692742005952,0.27965499365628016,0.8432697274661302,0.700270890449926,0.7797270150985163,0.5920909052282415,480,0.6919990724380952,0.7097463210104243,unseen_heading,2,False,317828,,,,,mse,6000,200,5,150,100|200|400,1091,399,5849,5,1131
deep,lstm,heave,30,3.0,523680,0.7149229786100444,0.46047176440888415,1.167873357571095,0.6252626251934783,0.7799869447915249,0.9165832625584897,480,0.6209700809413826,0.6300666816931069,unseen_heading,2,False,317828,,,,,mse,6000,200,5,150,100|200|400,1091,399,5849,5,1131
deep,lstm,heave,50,5.0,523680,0.8912596365931184,0.5797754319509717,1.495302537129683,0.6447367071527279,0.7803116436734177,1.1421842078344477,480,0.641554312714145,0.647612497003772,unseen_heading,2,False,317828,,,,,mse,6000,200,5,150,100|200|400,1091,399,5849,5,1131
deep,lstm,heave,100,10.0,523680,1.2727629680098742,0.8629775238195588,0.8096850048687823,-1.470943805364994,0.7809870809852986,1.6296850472918807,480,-1.6224709653194571,-1.347030914216346,unseen_heading,2,False,317828,,,,,mse,6000,200,5,150,100|200|400,1091,399,5849,5,1131
deep,lstm,heave,150,15.0,523680,1.4252842604499927,0.9866205361232058,1.1503925650286964,-0.5350087166928701,0.7811825468654663,1.824521382574427,480,-0.5605442516205886,-0.5117109332013811,unseen_heading,2,False,317828,,,,,mse,6000,200,5,150,100|200|400,1091,399,5849,5,1131
deep,lstm,roll_rate,10,1.0,523680,0.912298034229983,0.5825428332451318,1.496365800803394,0.6282954046075309,2.7329053966256955,0.33381983707024504,480,0.6192149940445218,0.636341523069988,unseen_heading,2,False,317828,,,,,mse,6000,200,5,150,100|200|400,1091,399,5849,5,1131
deep,lstm,roll_rate,20,2.0,523680,1.1895291454170687,0.7934977091886857,2.8692372611215187,0.8281232034814101,2.733103738947202,0.435230148225284,480,0.8221702358978047,0.8327546699384312,unseen_heading,2,False,317828,,,,,mse,6000,200,5,150,100|200|400,1091,399,5849,5,1131
deep,lstm,roll_rate,30,3.0,523680,1.3962106408367299,0.9415736082288302,4.0088531458929,0.878699778883837,2.7334550855651965,0.5107860188410724,480,0.873628145818166,0.8829004443696297,unseen_heading,2,False,317828,,,,,mse,6000,200,5,150,100|200|400,1091,399,5849,5,1131
deep,lstm,roll_rate,50,5.0,523680,1.3858459012856537,0.9477630378672863,5.2834712249933995,0.931199564000373,2.7343446430162044,0.5068292707085208,480,0.9277935196185203,0.9339857234491117,unseen_heading,2,False,317828,,,,,mse,6000,200,5,150,100|200|400,1091,399,5849,5,1131
deep,lstm,roll_rate,100,10.0,523680,2.3139216394381363,1.6137609687222954,2.6429837700458685,0.23350680652199285,2.7365812696344305,0.8455519538607543,480,0.16818193799638978,0.2831539427488664,unseen_heading,2,False,317828,,,,,mse,6000,200,5,150,100|200|400,1091,399,5849,5,1131
deep,lstm,roll_rate,150,15.0,523680,3.1412695200949936,2.1478279682020145,4.094001103855046,0.4112722732481263,2.7388693489929,1.1469220031433989,480,0.3819679174353789,0.4370584977675831,unseen_heading,2,False,317828,,,,,mse,6000,200,5,150,100|200|400,1091,399,5849,5,1131
deep,lstm,pitch_rate,10,1.0,523680,0.5964794213633474,0.41334795116312656,0.04871387351515087,-148.92898530451666,0.06577974949658247,9.067827499013767,480,-152.42303234758032,-145.02487934225695,unseen_heading,2,False,317828,,,,,mse,6000,200,5,150,100|200|400,1091,399,5849,5,1131
deep,lstm,pitch_rate,20,2.0,523680,0.6032778141072709,0.428832433182843,0.08950701497098114,-44.42768030183673,0.06577715932011105,9.171539487914943,480,-45.34869980511897,-43.445735851342455,unseen_heading,2,False,317828,,,,,mse,6000,200,5,150,100|200|400,1091,399,5849,5,1131
deep,lstm,pitch_rate,30,3.0,523680,0.5783174316996647,0.40552044772871254,0.11623753086061682,-23.753682376297327,0.06577136566147114,8.792845121633881,480,-24.581695115006163,-22.86757787013694,unseen_heading,2,False,317828,,,,,mse,6000,200,5,150,100|200|400,1091,399,5849,5,1131
deep,lstm,pitch_rate,50,5.0,523680,0.825727735982854,0.5880594616648779,0.11925019059267393,-46.94635335298994,0.06578308851738435,12.552279842632212,480,-48.297404567311965,-45.63415822616837,unseen_heading,2,False,317828,,,,,mse,6000,200,5,150,100|200|400,1091,399,5849,5,1131
deep,lstm,pitch_rate,100,10.0,523680,1.0979559028547585,0.8108335046979218,0.08393345585625119,-170.1195327867971,0.06580276410079416,16.685559001335438,480,-172.56067602826536,-167.4581429743171,unseen_heading,2,False,317828,,,,,mse,6000,200,5,150,100|200|400,1091,399,5849,5,1131
deep,lstm,pitch_rate,150,15.0,523680,0.9810233930163502,0.7313683764765528,0.09491203609082535,-105.8356377010049,0.06580895137545853,14.907142151822729,480,-109.11291661823016,-102.57700793535366,unseen_heading,2,False,317828,,,,,mse,6000,200,5,150,100|200|400,1091,399,5849,5,1131
deep,lstm,heave_rate,10,1.0,523680,0.32695429152027755,0.2107822138609107,0.2706847189471826,-0.4589708208341734,0.4491058818542492,0.7280115997821329,480,-0.4916506409939587,-0.42094836906845695,unseen_heading,2,False,317828,,,,,mse,6000,200,5,150,100|200|400,1091,399,5849,5,1131
deep,lstm,heave_rate,20,2.0,523680,0.38277880586943086,0.2591800759233624,0.5128844770374408,0.44299812551936835,0.44918603230426235,0.8521609719381265,480,0.4377858129713039,0.4485320838462907,unseen_heading,2,False,317828,,,,,mse,6000,200,5,150,100|200|400,1091,399,5849,5,1131
deep,lstm,heave_rate,30,3.0,523680,0.36958158606822894,0.249982033088335,0.7022250494754589,0.7230074967753004,0.449227566067434,0.822704602265549,480,0.7213470138264729,0.7247477658885791,unseen_heading,2,False,317828,,,,,mse,6000,200,5,150,100|200|400,1091,399,5849,5,1131
deep,lstm,heave_rate,50,5.0,523680,0.4569700594324624,0.3159116691253514,0.8648560633370971,0.7208177370067221,0.44938743218437077,1.016873251686711,480,0.7163329938317465,0.7247555014076409,unseen_heading,2,False,317828,,,,,mse,6000,200,5,150,100|200|400,1091,399,5849,5,1131
deep,lstm,heave_rate,100,10.0,523680,0.6401905309605846,0.465502371197891,0.4407535771484572,-1.109729623511388,0.44966469020344285,1.4237064748645079,480,-1.2272583133950796,-1.0114734712506999,unseen_heading,2,False,317828,,,,,mse,6000,200,5,150,100|200|400,1091,399,5849,5,1131
deep,lstm,heave_rate,150,15.0,523680,0.7449401037311131,0.5233184266962879,0.6919525909599663,-0.1590175988417306,0.4497908308267742,1.6561922846711128,480,-0.17386176766405423,-0.14480486428566589,unseen_heading,2,False,317828,,,,,mse,6000,200,5,150,100|200|400,1091,399,5849,5,1131
deep,persistence,roll,10,1.0,418944,0.9937824600727138,0.4762443791580969,0.9937824600727138,0.0,2.164337896495412,0.45916234321909194,384,0.0,0.0,unseen_vessel,0,True,0,0.0,,,,,6000,200,5,150,100|200|400,1091,399,5849,5,1131
deep,persistence,roll,20,2.0,418944,1.9304732108180853,0.9194594987034481,1.9304732108180853,0.0,2.164546439184654,0.8918603804801065,384,0.0,0.0,unseen_vessel,0,True,0,0.0,,,,,6000,200,5,150,100|200|400,1091,399,5849,5,1131
deep,persistence,roll,30,3.0,418944,2.7574928795393854,1.2999611503087989,2.7574928795393854,0.0,2.1644640050160047,1.273984170283763,384,0.0,0.0,unseen_vessel,0,True,0,0.0,,,,,6000,200,5,150,100|200|400,1091,399,5849,5,1131
deep,persistence,roll,50,5.0,418944,3.916023936558119,1.7865825112806526,3.916023936558119,0.0,2.16448261355922,1.8092194005285676,384,0.0,0.0,unseen_vessel,0,True,0,0.0,,,,,6000,200,5,150,100|200|400,1091,399,5849,5,1131
deep,persistence,roll,100,10.0,418944,3.2722450879087255,1.3666031684163167,3.2722450879087255,0.0,2.1658219526506457,1.5108559980676073,384,0.0,0.0,unseen_vessel,0,True,0,0.0,,,,,6000,200,5,150,100|200|400,1091,399,5849,5,1131
deep,persistence,roll,150,15.0,418944,1.6805099749527599,0.8844238313494828,1.6805099749527599,0.0,2.1674952305339903,0.7753234938093703,384,0.0,0.0,unseen_vessel,0,True,0,0.0,,,,,6000,200,5,150,100|200|400,1091,399,5849,5,1131
deep,persistence,pitch,10,1.0,418944,0.6877023559188356,0.41929828154827964,0.6877023559188356,0.0,1.0558196506943205,0.6513445316788655,384,0.0,0.0,unseen_vessel,0,True,0,0.0,,,,,6000,200,5,150,100|200|400,1091,399,5849,5,1131
deep,persistence,pitch,20,2.0,418944,1.2858543786712318,0.7822953229647731,1.2858543786712318,0.0,1.0560780997802575,1.2175750817470647,384,0.0,0.0,unseen_vessel,0,True,0,0.0,,,,,6000,200,5,150,100|200|400,1091,399,5849,5,1131
deep,persistence,pitch,30,3.0,418944,1.7230749268005872,1.043334289086088,1.7230749268005872,0.0,1.0563648177875178,1.631136230388141,384,0.0,0.0,unseen_vessel,0,True,0,0.0,,,,,6000,200,5,150,100|200|400,1091,399,5849,5,1131
deep,persistence,pitch,50,5.0,418944,1.9925227630235358,1.1761643487263396,1.9925227630235358,0.0,1.056518056585286,1.885933468532908,384,0.0,0.0,unseen_vessel,0,True,0,0.0,,,,,6000,200,5,150,100|200|400,1091,399,5849,5,1131
deep,persistence,pitch,100,10.0,418944,1.153113221907809,0.7006557219411883,1.153113221907809,0.0,1.0571110110609412,1.0908156379437557,384,0.0,0.0,unseen_vessel,0,True,0,0.0,,,,,6000,200,5,150,100|200|400,1091,399,5849,5,1131
deep,persistence,pitch,150,15.0,418944,1.59606195052592,0.9226825799170756,1.59606195052592,0.0,1.0572954896417577,1.5095703766472246,384,0.0,0.0,unseen_vessel,0,True,0,0.0,,,,,6000,200,5,150,100|200|400,1091,399,5849,5,1131
deep,persistence,heave,10,1.0,418944,0.3615447710820917,0.2246678306031383,0.3615447710820917,0.0,0.6545431487959708,0.5523620127216238,384,0.0,0.0,unseen_vessel,0,True,0,0.0,,,,,6000,200,5,150,100|200|400,1091,399,5849,5,1131
deep,persistence,heave,20,2.0,418944,0.6911291778528944,0.42792658928266014,0.6911291778528944,0.0,0.6546139081318875,1.0557813839079784,384,0.0,0.0,unseen_vessel,0,True,0,0.0,,,,,6000,200,5,150,100|200|400,1091,399,5849,5,1131
deep,persistence,heave,30,3.0,418944,0.9606404750801385,0.5909564626833238,0.9606404750801385,0.0,0.6547865316989431,1.4671048174854955,384,0.0,0.0,unseen_vessel,0,True,0,0.0,,,,,6000,200,5,150,100|200|400,1091,399,5849,5,1131
deep,persistence,heave,50,5.0,418944,1.2460719712770065,0.7477286299243168,1.2460719712770065,0.0,0.65504861780891,1.902258759731494,384,0.0,0.0,unseen_vessel,0,True,0,0.0,,,,,6000,200,5,150,100|200|400,1091,399,5849,5,1131
deep,persistence,heave,100,10.0,418944,0.7178352074130163,0.4050248366122192,0.7178352074130163,0.0,0.6551836782357057,1.0956243741388982,384,0.0,0.0,unseen_vessel,0,True,0,0.0,,,,,6000,200,5,150,100|200|400,1091,399,5849,5,1131
deep,persistence,heave,150,15.0,418944,0.9508272981508525,0.5695174000514538,0.9508272981508525,0.0,0.655175104834019,1.4512567573698234,384,0.0,0.0,unseen_vessel,0,True,0,0.0,,,,,6000,200,5,150,100|200|400,1091,399,5849,5,1131
deep,persistence,roll_rate,10,1.0,418944,0.4781279856234528,0.24794967814311275,0.4781279856234528,0.0,1.003429994097196,0.47649361533550044,384,0.0,0.0,unseen_vessel,0,True,0,0.0,,,,,6000,200,5,150,100|200|400,1091,399,5849,5,1131
deep,persistence,roll_rate,20,2.0,418944,0.9253840074739831,0.4759500246996513,0.9253840074739831,0.0,1.0035097495577645,0.9221475006912384,384,0.0,0.0,unseen_vessel,0,True,0,0.0,,,,,6000,200,5,150,100|200|400,1091,399,5849,5,1131
deep,persistence,roll_rate,30,3.0,418944,1.3139364134521425,0.6665065425628924,1.3139364134521425,0.0,1.0037292675872695,1.3090545985677378,384,0.0,0.0,unseen_vessel,0,True,0,0.0,,,,,6000,200,5,150,100|200|400,1091,399,5849,5,1131
deep,persistence,roll_rate,50,5.0,418944,1.8337097261313333,0.8893472988944685,1.8337097261313333,0.0,1.0040780504963167,1.8262621369174725,384,0.0,0.0,unseen_vessel,0,True,0,0.0,,,,,6000,200,5,150,100|200|400,1091,399,5849,5,1131
deep,persistence,roll_rate,100,10.0,418944,1.4567282314550298,0.6443158567084479,1.4567282314550298,0.0,1.0043507567410217,1.4504178163631898,384,0.0,0.0,unseen_vessel,0,True,0,0.0,,,,,6000,200,5,150,100|200|400,1091,399,5849,5,1131
deep,persistence,roll_rate,150,15.0,418944,0.8980835140127613,0.4913260073371837,0.8980835140127613,0.0,1.0045752968253436,0.8939932296273685,384,0.0,0.0,unseen_vessel,0,True,0,0.0,,,,,6000,200,5,150,100|200|400,1091,399,5849,5,1131
deep,persistence,pitch_rate,10,1.0,418944,0.5015970472126259,0.30528721712666373,0.5015970472126259,0.0,0.7033033480444127,0.7132015631766204,384,0.0,0.0,unseen_vessel,0,True,0,0.0,,,,,6000,200,5,150,100|200|400,1091,399,5849,5,1131
deep,persistence,pitch_rate,20,2.0,418944,0.9240384272025958,0.5627598156703468,0.9240384272025958,0.0,0.7032718636851464,1.3139135445581913,384,0.0,0.0,unseen_vessel,0,True,0,0.0,,,,,6000,200,5,150,100|200|400,1091,399,5849,5,1131
deep,persistence,pitch_rate,30,3.0,418944,1.2081985494446832,0.7355291156777486,1.2081985494446832,0.0,0.7032100749235104,1.7181189413079747,384,0.0,0.0,unseen_vessel,0,True,0,0.0,,,,,6000,200,5,150,100|200|400,1091,399,5849,5,1131
deep,persistence,pitch_rate,50,5.0,418944,1.2931639105009303,0.7758963300381162,1.2931639105009303,0.0,0.7033693151644206,1.8385276164608324,384,0.0,0.0,unseen_vessel,0,True,0,0.0,,,,,6000,200,5,150,100|200|400,1091,399,5849,5,1131
deep,persistence,pitch_rate,100,10.0,418944,0.8285948086236703,0.506628166730843,0.8285948086236703,0.0,0.7035318108543728,1.1777645244177664,384,0.0,0.0,unseen_vessel,0,True,0,0.0,,,,,6000,200,5,150,100|200|400,1091,399,5849,5,1131
deep,persistence,pitch_rate,150,15.0,418944,1.0505844537780828,0.6202782407014108,1.0505844537780828,0.0,0.7034916636610969,1.4933857898338876,384,0.0,0.0,unseen_vessel,0,True,0,0.0,,,,,6000,200,5,150,100|200|400,1091,399,5849,5,1131
deep,persistence,heave_rate,10,1.0,418944,0.2165955614354243,0.13793552022353023,0.2165955614354243,0.0,0.36707332495950795,0.59006075001314,384,0.0,0.0,unseen_vessel,0,True,0,0.0,,,,,6000,200,5,150,100|200|400,1091,399,5849,5,1131
deep,persistence,heave_rate,20,2.0,418944,0.41108398190696405,0.26106130139204536,0.41108398190696405,0.0,0.36712395638464107,1.1197416424556763,384,0.0,0.0,unseen_vessel,0,True,0,0.0,,,,,6000,200,5,150,100|200|400,1091,399,5849,5,1131
deep,persistence,heave_rate,30,3.0,418944,0.5646443215908621,0.35668906206106193,0.5646443215908621,0.0,0.3671127019343226,1.5380680608863226,384,0.0,0.0,unseen_vessel,0,True,0,0.0,,,,,6000,200,5,150,100|200|400,1091,399,5849,5,1131
deep,persistence,heave_rate,50,5.0,418944,0.7045835327535368,0.43534967609728425,0.7045835327535368,0.0,0.36712660650455187,1.9191840642168247,384,0.0,0.0,unseen_vessel,0,True,0,0.0,,,,,6000,200,5,150,100|200|400,1091,399,5849,5,1131
deep,persistence,heave_rate,100,10.0,418944,0.36620124201119936,0.22602076406280552,0.36620124201119936,0.0,0.3672622047104473,0.9971111574084123,384,0.0,0.0,unseen_vessel,0,True,0,0.0,,,,,6000,200,5,150,100|200|400,1091,399,5849,5,1131
deep,persistence,heave_rate,150,15.0,418944,0.5674871567575078,0.3442341051993384,0.5674871567575078,0.0,0.3672906057877314,1.5450630857830223,384,0.0,0.0,unseen_vessel,0,True,0,0.0,,,,,6000,200,5,150,100|200|400,1091,399,5849,5,1131
deep,window_mean,roll,10,1.0,418944,2.2897986211612062,1.0356969282523028,0.9937824600727138,-4.308990208768664,2.164337896495412,1.0579672540359553,384,-4.377496154964908,-4.221406156859763,unseen_vessel,0,True,0,0.0,,,,,6000,200,5,150,100|200|400,1091,399,5849,5,1131
deep,window_mean,roll,20,2.0,418944,2.432652602618648,1.09254094514042,1.9304732108180853,-0.5879346607705758,2.164546439184654,1.1238625139107594,384,-0.6119039862077217,-0.5581311644842725,unseen_vessel,0,True,0,0.0,,,,,6000,200,5,150,100|200|400,1091,399,5849,5,1131
deep,window_mean,roll,30,3.0,418944,2.522689170262401,1.1246271101628673,2.7574928795393854,0.16305159457100782,2.1644640050160047,1.1655029441082099,384,0.14889842352260999,0.18122584076887369,unseen_vessel,0,True,0,0.0,,,,,6000,200,5,150,100|200|400,1091,399,5849,5,1131
deep,window_mean,roll,50,5.0,418944,2.5128344985531696,1.105578693390945,3.916023936558119,0.5882466927392992,2.16448261355922,1.1609400245637127,384,0.580365992207711,0.5984081362511545,unseen_vessel,0,True,0,0.0,,,,,6000,200,5,150,100|200|400,1091,399,5849,5,1131
deep,window_mean,roll,100,10.0,418944,1.8948845105487075,0.86638578896694,3.2722450879087255,0.6646688930592386,2.1658219526506457,0.8749031785505956,384,0.6503308571046118,0.6747570386630627,unseen_vessel,0,True,0,0.0,,,,,6000,200,5,150,100|200|400,1091,399,5849,5,1131
deep,window_mean,roll,150,15.0,418944,2.2600767005655813,1.0230060313406877,1.6805099749527599,-0.8086901228981613,2.1674952305339903,1.0427135749723344,384,-1.0308146966341192,-0.5893165046601258,unseen_vessel,0,True,0,0.0,,,,,6000,200,5,150,100|200|400,1091,399,5849,5,1131
deep,window_mean,pitch,10,1.0,418944,1.1106725881493664,0.6649555228967146,0.6877023559188356,-1.6083813275151853,1.0558196506943205,1.0519529423599703,384,-1.7146835826127598,-1.5013177963124822,unseen_vessel,0,True,0,0.0,,,,,6000,200,5,150,100|200|400,1091,399,5849,5,1131
deep,window_mean,pitch,20,2.0,418944,1.1386350935502094,0.6815392938761261,1.2858543786712318,0.21587454289290875,1.0560780997802575,1.0781731898304965,384,0.18524155273234721,0.24587829520228865,unseen_vessel,0,True,0,0.0,,,,,6000,200,5,150,100|200|400,1091,399,5849,5,1131
deep,window_mean,pitch,30,3.0,418944,1.1384393398586963,0.6802963700009158,1.7230749268005872,0.5634726451271634,1.0563648177875178,1.0776952438108245,384,0.5484620151063968,0.5783111359448899,unseen_vessel,0,True,0,0.0,,,,,6000,200,5,150,100|200|400,1091,399,5849,5,1131
deep,window_mean,pitch,50,5.0,418944,1.0733884479561169,0.6400542333458514,1.9925227630235358,0.7097934228946059,1.056518056585286,1.0159679158019852,384,0.7040818104981245,0.7149191724621953,unseen_vessel,0,True,0,0.0,,,,,6000,200,5,150,100|200|400,1091,399,5849,5,1131
deep,window_mean,pitch,100,10.0,418944,1.0484730559606859,0.6293729941046005,1.153113221907809,0.17325677476182821,1.0571110110609412,0.9918287152343763,384,0.11040423220307867,0.23399585841451598,unseen_vessel,0,True,0,0.0,,,,,6000,200,5,150,100|200|400,1091,399,5849,5,1131
deep,window_mean,pitch,150,15.0,418944,1.0779902243307362,0.6440196434964103,1.59606195052592,0.543826391064006,1.0572954896417577,1.0195732743511376,384,0.519971560349664,0.5642693510114859,unseen_vessel,0,True,0,0.0,,,,,6000,200,5,150,100|200|400,1091,399,5849,5,1131
deep,window_mean,heave,10,1.0,418944,0.6982541395205824,0.41625928675241053,0.3615447710820917,-2.7299487828877425,0.6545431487959708,1.0667809155210284,384,-2.866199517258134,-2.5930167743920105,unseen_vessel,0,True,0,0.0,,,,,6000,200,5,150,100|200|400,1091,399,5849,5,1131
deep,window_mean,heave,20,2.0,418944,0.7184865298652016,0.4280216779267513,0.6911291778528944,-0.08073397441072805,0.6546139081318875,1.097572967729316,384,-0.11950037087129824,-0.040792681349116795,unseen_vessel,0,True,0,0.0,,,,,6000,200,5,150,100|200|400,1091,399,5849,5,1131
deep,window_mean,heave,30,3.0,418944,0.723265140294901,0.4304959231769979,0.9606404750801385,0.43314327253776996,0.6547865316989431,1.1045815777827312,384,0.4135579646487283,0.45341571750661486,unseen_vessel,0,True,0,0.0,,,,,6000,200,5,150,100|200|400,1091,399,5849,5,1131
deep,window_mean,heave,50,5.0,418944,0.6892643845402473,0.40985804015076194,1.2460719712770065,0.6940253672624341,0.65504861780891,1.0522339347051621,384,0.6866852154366453,0.7013264962498195,unseen_vessel,0,True,0,0.0,,,,,6000,200,5,150,100|200|400,1091,399,5849,5,1131
deep,window_mean,heave,100,10.0,418944,0.6248291725361637,0.378964735227803,0.7178352074130163,0.24234222258138916,0.6551836782357057,0.9536702352212415,384,0.16099633119916495,0.3073210517706101,unseen_vessel,0,True,0,0.0,,,,,6000,200,5,150,100|200|400,1091,399,5849,5,1131
deep,window_mean,heave,150,15.0,418944,0.6869076505988888,0.40791748168505,0.9508272981508525,0.4780926376130439,0.655175104834019,1.0484336867056463,384,0.4433685777570124,0.5113382702317533,unseen_vessel,0,True,0,0.0,,,,,6000,200,5,150,100|200|400,1091,399,5849,5,1131
deep,window_mean,roll_rate,10,1.0,418944,1.0682852190823848,0.5132338010405623,0.4781279856234528,-3.9921325732664474,1.003429994097196,1.0646335323507448,384,-4.091295594350434,-3.873314230029875,unseen_vessel,0,True,0,0.0,,,,,6000,200,5,150,100|200|400,1091,399,5849,5,1131
deep,window_mean,roll_rate,20,2.0,418944,1.1299625545918506,0.5386549763558132,0.9253840074739831,-0.4910222493369265,1.0035097495577645,1.1260105395984568,384,-0.524120195910728,-0.45141895294972545,unseen_vessel,0,True,0,0.0,,,,,6000,200,5,150,100|200|400,1091,399,5849,5,1131
deep,window_mean,roll_rate,30,3.0,418944,1.1663851691045735,0.551489011276072,1.3139364134521425,0.21198355529504298,1.0037292675872695,1.1620515678578256,384,0.19338171306578247,0.2339789873927246,unseen_vessel,0,True,0,0.0,,,,,6000,200,5,150,100|200|400,1091,399,5849,5,1131
deep,window_mean,roll_rate,50,5.0,418944,1.1513118804386644,0.5372050619052671,1.8337097261313333,0.6057925792992771,1.0040780504963167,1.1466358415758315,384,0.5968096999384099,0.6166320919543579,unseen_vessel,0,True,0,0.0,,,,,6000,200,5,150,100|200|400,1091,399,5849,5,1131
deep,window_mean,roll_rate,100,10.0,418944,0.8828689636228754,0.4343009566464858,1.4567282314550298,0.6326877386479385,1.0043507567410217,0.8790444550344764,384,0.6117356096156068,0.6479218705842177,unseen_vessel,0,True,0,0.0,,,,,6000,200,5,150,100|200|400,1091,399,5849,5,1131
deep,window_mean,roll_rate,150,15.0,418944,1.057947052123039,0.5069085875954998,0.8980835140127613,-0.38769625799989593,1.0045752968253436,1.053128675835809,384,-0.5505647171997625,-0.22953370752499577,unseen_vessel,0,True,0,0.0,,,,,6000,200,5,150,100|200|400,1091,399,5849,5,1131
deep,window_mean,pitch_rate,10,1.0,418944,0.7362979989508863,0.4496530401479044,0.5015970472126259,-1.1547520268670963,0.7033033480444127,1.0469138260157835,384,-1.2360732869237931,-1.0758055300037483,unseen_vessel,0,True,0,0.0,,,,,6000,200,5,150,100|200|400,1091,399,5849,5,1131
deep,window_mean,pitch_rate,20,2.0,418944,0.7523632880769556,0.45954930715797526,0.9240384272025958,0.3370586213490797,0.7032718636851464,1.0698043344640151,384,0.3158724054405455,0.35845607202120267,unseen_vessel,0,True,0,0.0,,,,,6000,200,5,150,100|200|400,1091,399,5849,5,1131
deep,window_mean,pitch_rate,30,3.0,418944,0.7477233832960183,0.45647074791680153,1.2081985494446832,0.6169942404489823,0.7032100749235104,1.0633001573211955,384,0.6070500918116642,0.6264632615715724,unseen_vessel,0,True,0,0.0,,,,,6000,200,5,150,100|200|400,1091,399,5849,5,1131
deep,window_mean,pitch_rate,50,5.0,418944,0.7009181897656724,0.42790816855247304,1.2931639105009303,0.7062164262099941,0.7033693151644206,0.9965151658653532,384,0.7013335368952129,0.710562036207856,unseen_vessel,0,True,0,0.0,,,,,6000,200,5,150,100|200|400,1091,399,5849,5,1131
deep,window_mean,pitch_rate,100,10.0,418944,0.7096155430120613,0.4315410755155775,0.8285948086236703,0.26656467574664755,0.7035318108543728,1.0086474158862844,384,0.2207003360574958,0.3145944901456668,unseen_vessel,0,True,0,0.0,,,,,6000,200,5,150,100|200|400,1091,399,5849,5,1131
deep,window_mean,pitch_rate,150,15.0,418944,0.7089985676488572,0.43310998623131186,1.0505844537780828,0.544562511728354,0.7034916636610969,1.0078279591247767,384,0.5265868589046044,0.5593786150931368,unseen_vessel,0,True,0,0.0,,,,,6000,200,5,150,100|200|400,1091,399,5849,5,1131
deep,window_mean,heave_rate,10,1.0,418944,0.3898164140297751,0.24107914932023783,0.2165955614354243,-2.2390760045021123,0.36707332495950795,1.061957891036555,384,-2.365664365820107,-2.1109454780730856,unseen_vessel,0,True,0,0.0,,,,,6000,200,5,150,100|200|400,1091,399,5849,5,1131
deep,window_mean,heave_rate,20,2.0,418944,0.3994868764370342,0.2472642647956561,0.41108398190696405,0.055626211610028564,0.36712395638464107,1.0881525694239522,384,0.020186695971125754,0.09040919674117336,unseen_vessel,0,True,0,0.0,,,,,6000,200,5,150,100|200|400,1091,399,5849,5,1131
deep,window_mean,heave_rate,30,3.0,418944,0.40027425505870284,0.2478167478048658,0.5646443215908621,0.497466074346851,0.3671127019343226,1.0903307157438342,384,0.4809400165782541,0.5137848318471967,unseen_vessel,0,True,0,0.0,,,,,6000,200,5,150,100|200|400,1091,399,5849,5,1131
deep,window_mean,heave_rate,50,5.0,418944,0.3786325811181338,0.23458756240620293,0.7045835327535368,0.7112174237528537,0.36712660650455187,1.0313406176771862,384,0.7060516599648181,0.7160022717511426,unseen_vessel,0,True,0,0.0,,,,,6000,200,5,150,100|200|400,1091,399,5849,5,1131
deep,window_mean,heave_rate,100,10.0,418944,0.3565561455677409,0.22322571099516542,0.36620124201119936,0.0519827784062562,0.3672622047104473,0.9708490037760702,384,-0.030363216941295634,0.12418135907929115,unseen_vessel,0,True,0,0.0,,,,,6000,200,5,150,100|200|400,1091,399,5849,5,1131
deep,window_mean,heave_rate,150,15.0,418944,0.38177962250700637,0.23532558129396777,0.5674871567575078,0.5474011833144092,0.3672906057877314,1.039448372735263,384,0.5235876107411251,0.5700776924097983,unseen_vessel,0,True,0,0.0,,,,,6000,200,5,150,100|200|400,1091,399,5849,5,1131
deep,damped_persistence,roll,10,1.0,418944,1.3757762974141567,0.6315465922560576,0.9937824600727138,-0.9165183913761905,2.164337896495412,0.6356568905631013,384,-0.9376433019106771,-0.8902680015794046,unseen_vessel,0,True,6,0.14865378302056342,,,,,6000,200,5,150,100|200|400,1091,399,5849,5,1131
deep,damped_persistence,roll,20,2.0,418944,2.1023723534774708,0.9569183881991244,1.9304732108180853,-0.18601918758577174,2.164546439184654,0.9712761599466523,384,-0.20132707577084893,-0.16713297550009007,unseen_vessel,0,True,6,0.14865378302056342,,,,,6000,200,5,150,100|200|400,1091,399,5849,5,1131
deep,damped_persistence,roll,30,3.0,418944,2.4473358593757286,1.1020693093603584,2.7574928795393854,0.21230452961267,2.1644640050160047,1.1306891007215583,384,0.20050473592366252,0.2272309764668592,unseen_vessel,0,True,6,0.14865378302056342,,,,,6000,200,5,150,100|200|400,1091,399,5849,5,1131
deep,damped_persistence,roll,50,5.0,418944,2.5501356721668738,1.1251261763183358,3.916023936558119,0.5759316140978941,2.16448261355922,1.178173322433621,384,0.5683229598264463,0.5857550633314736,unseen_vessel,0,True,6,0.14865378302056342,,,,,6000,200,5,150,100|200|400,1091,399,5849,5,1131
deep,damped_persistence,roll,100,10.0,418944,1.896000977366145,0.8666148348999348,3.2722450879087255,0.6642736221644839,2.1658219526506457,0.8754186719022403,384,0.6500136308444978,0.674315727870889,unseen_vessel,0,True,6,0.14865378302056342,,,,,6000,200,5,150,100|200|400,1091,399,5849,5,1131
deep,damped_persistence,roll,150,15.0,418944,2.259981347297815,1.0229724720561126,1.6805099749527599,-0.808537507833913,2.1674952305339903,1.042669582595132,384,-1.0306351825916527,-0.5891897546131083,unseen_vessel,0,True,6,0.14865378302056342,,,,,6000,200,5,150,100|200|400,1091,399,5849,5,1131
deep,damped_persistence,pitch,10,1.0,418944,0.8150393955809856,0.4924263346861931,0.6877023559188356,-0.40461136529114117,1.0558196506943205,0.7719494470907085,384,-0.44791730908597094,-0.36250088405790143,unseen_vessel,0,True,6,0.14865378302056342,,,,,6000,200,5,150,100|200|400,1091,399,5849,5,1131
deep,damped_persistence,pitch,20,2.0,418944,1.0971507491779744,0.6606489822945228,1.2858543786712318,0.2719704088216103,1.0560780997802575,1.0388916779983062,384,0.2496110115431126,0.29448214661675925,unseen_vessel,0,True,6,0.14865378302056342,,,,,6000,200,5,150,100|200|400,1091,399,5849,5,1131
deep,damped_persistence,pitch,30,3.0,418944,1.1546929081313568,0.6920442463274165,1.7230749268005872,0.5509190101675199,1.0563648177875178,1.0930815648989336,384,0.5374466154670281,0.564222058111786,unseen_vessel,0,True,6,0.14865378302056342,,,,,6000,200,5,150,100|200|400,1091,399,5849,5,1131
deep,damped_persistence,pitch,50,5.0,418944,1.0808359841155863,0.6443204370449817,1.9925227630235358,0.705752347208896,1.056518056585286,1.0230170486710817,384,0.700123132749039,0.7108232402364538,unseen_vessel,0,True,6,0.14865378302056342,,,,,6000,200,5,150,100|200|400,1091,399,5849,5,1131
deep,damped_persistence,pitch,100,10.0,418944,1.0484347225359436,0.6293536533656241,1.153113221907809,0.17331722709234587,1.0571110110609412,0.991792452794253,384,0.11047664511915636,0.23404581808839153,unseen_vessel,0,True,6,0.14865378302056342,,,,,6000,200,5,150,100|200|400,1091,399,5849,5,1131
deep,damped_persistence,pitch,150,15.0,418944,1.0779903239557467,0.6440196853250636,1.59606195052592,0.5438263067472809,1.0572954896417577,1.0195733685774078,384,0.5199715140975169,0.5642692358297777,unseen_vessel,0,True,6,0.14865378302056342,,,,,6000,200,5,150,100|200|400,1091,399,5849,5,1131
deep,damped_persistence,heave,10,1.0,418944,0.45410839914954715,0.27490830967253976,0.3615447710820917,-0.5775927422412299,0.6545431487959708,0.6937791648799282,384,-0.621058727581772,-0.5339446111056433,unseen_vessel,0,True,6,0.14865378302056342,,,,,6000,200,5,150,100|200|400,1091,399,5849,5,1131
deep,damped_persistence,heave,20,2.0,418944,0.655097796490066,0.39505748443779953,0.6911291778528944,0.10155019088443717,0.6546139081318875,1.000739196573992,384,0.07608917585334839,0.12777164069911442,unseen_vessel,0,True,6,0.14865378302056342,,,,,6000,200,5,150,100|200|400,1091,399,5849,5,1131
deep,damped_persistence,heave,30,3.0,418944,0.7235402814497764,0.43406191852738635,0.9606404750801385,0.4327119085142376,0.6547865316989431,1.1050017775601482,384,0.41638801142479426,0.4493679861832728,unseen_vessel,0,True,6,0.14865378302056342,,,,,6000,200,5,150,100|200|400,1091,399,5849,5,1131
deep,damped_persistence,heave,50,5.0,418944,0.7007843200219385,0.417055131810875,1.2460719712770065,0.6837121584835439,0.65504861780891,1.0698203171025855,384,0.6765698236757821,0.6908228808378787,unseen_vessel,0,True,6,0.14865378302056342,,,,,6000,200,5,150,100|200|400,1091,399,5849,5,1131
deep,damped_persistence,heave,100,10.0,418944,0.6246712288219308,0.3788659018008661,0.7178352074130163,0.24272521417029702,0.6551836782357057,0.9534291673810625,384,0.1614748848039578,0.3076248012530736,unseen_vessel,0,True,6,0.14865378302056342,,,,,6000,200,5,150,100|200|400,1091,399,5849,5,1131
deep,damped_persistence,heave,150,15.0,418944,0.6869075134742043,0.40791779829904923,0.9508272981508525,0.47809284598566915,0.655175104834019,1.048433477410935,384,0.4433697547947273,0.5113375749008513,unseen_vessel,0,True,6,0.14865378302056342,,,,,6000,200,5,150,100|200|400,1091,399,5849,5,1131
deep,damped_persistence,roll_rate,10,1.0,418944,0.6525739359344369,0.3203627930901042,0.4781279856234528,-0.8628209733419665,1.003429994097196,0.650343262383311,384,-0.8932429996048005,-0.8262787587422111,unseen_vessel,0,True,6,0.14865378302056342,,,,,6000,200,5,150,100|200|400,1091,399,5849,5,1131
deep,damped_persistence,roll_rate,20,2.0,418944,0.9868022589774755,0.4792848732874059,0.9253840074739831,-0.13714616365775134,1.0035097495577645,0.9833509434386145,384,-0.15842898026538021,-0.11177811959281171,unseen_vessel,0,True,6,0.14865378302056342,,,,,6000,200,5,150,100|200|400,1091,399,5849,5,1131
deep,damped_persistence,roll_rate,30,3.0,418944,1.1378169457779093,0.5451922616775123,1.3139364134521425,0.2501125281483634,1.0037292675872695,1.1335894872458538,384,0.23481184134418884,0.2682018299283468,unseen_vessel,0,True,6,0.14865378302056342,,,,,6000,200,5,150,100|200|400,1091,399,5849,5,1131
deep,damped_persistence,roll_rate,50,5.0,418944,1.168403898404174,0.5467450504910768,1.8337097261313333,0.5940011367272751,1.0040780504963167,1.163658440523255,384,0.585318530277847,0.6044895298466987,unseen_vessel,0,True,6,0.14865378302056342,,,,,6000,200,5,150,100|200|400,1091,399,5849,5,1131
deep,damped_persistence,roll_rate,100,10.0,418944,0.8831399568104006,0.43432317417072197,1.4567282314550298,0.6324622139071323,1.0043507567410217,0.8793142743039959,384,0.6115788974200953,0.6476535886133197,unseen_vessel,0,True,6,0.14865378302056342,,,,,6000,200,5,150,100|200|400,1091,399,5849,5,1131
deep,damped_persistence,roll_rate,150,15.0,418944,1.0579177218631641,0.5068985265385855,0.8980835140127613,-0.3876193147774656,1.0045752968253436,1.053099479159395,384,-0.5504724466535917,-0.229471666822678,unseen_vessel,0,True,6,0.14865378302056342,,,,,6000,200,5,150,100|200|400,1091,399,5849,5,1131
deep,damped_persistence,pitch_rate,10,1.0,418944,0.5760385877414346,0.3526459498491375,0.5015970472126259,-0.3188433427754598,0.7033033480444127,0.8190471285870495,384,-0.3555793041289091,-0.2830350051016086,unseen_vessel,0,True,6,0.14865378302056342,,,,,6000,200,5,150,100|200|400,1091,399,5849,5,1131
deep,damped_persistence,pitch_rate,20,2.0,418944,0.7405878939445731,0.45303422458222287,0.9240384272025958,0.3576478935266022,0.7032718636851464,1.0530606045632065,384,0.3406430823035425,0.3746519170450045,unseen_vessel,0,True,6,0.14865378302056342,,,,,6000,200,5,150,100|200|400,1091,399,5849,5,1131
deep,damped_persistence,pitch_rate,30,3.0,418944,0.7587258382626261,0.4633863496491776,1.2081985494446832,0.6056397545048859,0.7032100749235104,1.0789462001737593,384,0.596375121976015,0.6144964765279404,unseen_vessel,0,True,6,0.14865378302056342,,,,,6000,200,5,150,100|200|400,1091,399,5849,5,1131
deep,damped_persistence,pitch_rate,50,5.0,418944,0.7031290063455011,0.42917584334325093,1.2931639105009303,0.704360215527457,0.7033693151644206,0.9996583461721481,384,0.6995234937899668,0.7086755042241408,unseen_vessel,0,True,6,0.14865378302056342,,,,,6000,200,5,150,100|200|400,1091,399,5849,5,1131
deep,damped_persistence,pitch_rate,100,10.0,418944,0.7096110019491868,0.4315387387401973,0.8285948086236703,0.26657406270356476,0.7035318108543728,1.008640961220263,384,0.22071168861049645,0.31460204857376134,unseen_vessel,0,True,6,0.14865378302056342,,,,,6000,200,5,150,100|200|400,1091,399,5849,5,1131
deep,damped_persistence,pitch_rate,150,15.0,418944,0.7089985744211241,0.43310998874434353,1.0505844537780828,0.5445625030277885,0.7034916636610969,1.007827968751425,384,0.5265868534311646,0.5593786037652683,unseen_vessel,0,True,6,0.14865378302056342,,,,,6000,200,5,150,100|200|400,1091,399,5849,5,1131
deep,damped_persistence,heave_rate,10,1.0,418944,0.26695371604381923,0.16709536235325906,0.2165955614354243,-0.5190526830154905,0.36707332495950795,0.727249020541787,384,-0.5633679769872062,-0.4753315356933913,unseen_vessel,0,True,6,0.14865378302056342,,,,,6000,200,5,150,100|200|400,1091,399,5849,5,1131
deep,damped_persistence,heave_rate,20,2.0,418944,0.3735925639399503,0.23324201484892518,0.41108398190696405,0.1740850307973153,0.36712395638464107,1.0176196825154389,384,0.15021721457295836,0.19796225226865805,unseen_vessel,0,True,6,0.14865378302056342,,,,,6000,200,5,150,100|200|400,1091,399,5849,5,1131
deep,damped_persistence,heave_rate,30,3.0,418944,0.40355107823243114,0.2510416131015977,0.5646443215908621,0.4892044629022365,0.3671127019343226,1.0992566481794668,384,0.4749655450839487,0.503256429165047,unseen_vessel,0,True,6,0.14865378302056342,,,,,6000,200,5,150,100|200|400,1091,399,5849,5,1131
deep,damped_persistence,heave_rate,50,5.0,418944,0.3833228899408864,0.2374868108202931,0.7045835327535368,0.7040185252094604,0.36712660650455187,1.0441163433795795,384,0.6989773806042057,0.7087049962673255,unseen_vessel,0,True,6,0.14865378302056342,,,,,6000,200,5,150,100|200|400,1091,399,5849,5,1131
deep,damped_persistence,heave_rate,100,10.0,418944,0.3565050546398406,0.22319661760531265,0.36620124201119936,0.05225444170522109,0.3672622047104473,0.9707098908283043,384,-0.030047131206141775,0.12441009906949865,unseen_vessel,0,True,6,0.14865378302056342,,,,,6000,200,5,150,100|200|400,1091,399,5849,5,1131
deep,damped_persistence,heave_rate,150,15.0,418944,0.3817798404578363,0.23532572031682153,0.5674871567575078,0.5474006665539011,0.3672906057877314,1.0394489661368544,384,0.5235873017304475,0.570076993439337,unseen_vessel,0,True,6,0.14865378302056342,,,,,6000,200,5,150,100|200|400,1091,399,5849,5,1131
deep,ar10,roll,10,1.0,418944,0.007731837760192778,0.004346788096713128,0.9937824600727138,0.9999394683084541,2.164337896495412,0.0035723801596379656,384,0.9999348037957633,0.9999429411897841,unseen_vessel,0,True,54900,0.01906250399770215,,,,,6000,200,5,150,100|200|400,1091,399,5849,5,1131
deep,ar10,roll,20,2.0,418944,0.06261925915959157,0.035001210785942566,1.9304732108180853,0.9989478242410774,2.164546439184654,0.028929505981483646,384,0.9988689941237414,0.9990072002047806,unseen_vessel,0,True,54900,0.01906250399770215,,,,,6000,200,5,150,100|200|400,1091,399,5849,5,1131
deep,ar10,roll,30,3.0,418944,0.22301536020904675,0.12291666041047175,2.7574928795393854,0.9934590511498652,2.1644640050160047,0.10303491288939116,384,0.9930014317105924,0.9938108364989069,unseen_vessel,0,True,54900,0.01906250399770215,,,,,6000,200,5,150,100|200|400,1091,399,5849,5,1131
deep,ar10,roll,50,5.0,418944,0.8969634077102839,0.47364032480233725,3.916023936558119,0.9475363168340842,2.16448261355922,0.4144008374524849,384,0.9446345587755464,0.9497218018617374,unseen_vessel,0,True,54900,0.01906250399770215,,,,,6000,200,5,150,100|200|400,1091,399,5849,5,1131
deep,ar10,roll,100,10.0,418944,1.9519533844772265,0.9428157126683304,3.2722450879087255,0.6441661702620608,2.1658219526506457,0.9012529317510724,384,0.6319829187730069,0.6544750822962988,unseen_vessel,0,True,54900,0.01906250399770215,,,,,6000,200,5,150,100|200|400,1091,399,5849,5,1131
deep,ar10,roll,150,15.0,418944,2.184929521799603,1.07542112983027,1.6805099749527599,-0.6904124245785697,2.1674952305339903,1.008043520013337,384,-0.9420226305688796,-0.4421753774257535,unseen_vessel,0,True,54900,0.01906250399770215,,,,,6000,200,5,150,100|200|400,1091,399,5849,5,1131
deep,ar10,pitch,10,1.0,418944,0.007089809513713179,0.004590745723331039,0.6877023559188356,0.9998937159464651,1.0558196506943205,0.006714981587102333,384,0.9998764218857578,0.9999094808605632,unseen_vessel,0,True,54900,0.01906250399770215,,,,,6000,200,5,150,100|200|400,1091,399,5849,5,1131
deep,ar10,pitch,20,2.0,418944,0.07401211387594978,0.04758171479562422,1.2858543786712318,0.9966869953873121,1.0560780997802575,0.07008204591246593,384,0.9961376941955785,0.9971814535537198,unseen_vessel,0,True,54900,0.01906250399770215,,,,,6000,200,5,150,100|200|400,1091,399,5849,5,1131
deep,ar10,pitch,30,3.0,418944,0.24929721004461633,0.1590546117203635,1.7230749268005872,0.9790672392034866,1.0563648177875178,0.2359953738015924,384,0.9757512173509993,0.9821720421321046,unseen_vessel,0,True,54900,0.01906250399770215,,,,,6000,200,5,150,100|200|400,1091,399,5849,5,1131
deep,ar10,pitch,50,5.0,418944,0.5500544117539315,0.33839738915160306,1.9925227630235358,0.9237912704871176,1.056518056585286,0.52062944719727,384,0.9130123457883661,0.933246854845941,unseen_vessel,0,True,54900,0.01906250399770215,,,,,6000,200,5,150,100|200|400,1091,399,5849,5,1131
deep,ar10,pitch,100,10.0,418944,0.8445063533439395,0.5257884246808611,1.153113221907809,0.4636331376657611,1.0571110110609412,0.7988814273123248,384,0.4406359607838464,0.4894120218291778,unseen_vessel,0,True,54900,0.01906250399770215,,,,,6000,200,5,150,100|200|400,1091,399,5849,5,1131
deep,ar10,pitch,150,15.0,418944,1.030897500205067,0.6306066018727416,1.59606195052592,0.5828123107352121,1.0572954896417577,0.9750325337662842,384,0.5577778303867524,0.6038659217768279,unseen_vessel,0,True,54900,0.01906250399770215,,,,,6000,200,5,150,100|200|400,1091,399,5849,5,1131
deep,ar10,heave,10,1.0,418944,0.0019375595191746585,0.00125228223658966,0.3615447710820917,0.9999712799008454,0.6545431487959708,0.0029601708042300812,384,0.9999670550283088,0.9999751570384193,unseen_vessel,0,True,54900,0.01906250399770215,,,,,6000,200,5,150,100|200|400,1091,399,5849,5,1131
deep,ar10,heave,20,2.0,418944,0.016281542253854177,0.010491383317167459,0.6911291778528944,0.9994450260160241,0.6546139081318875,0.024871977285538936,384,0.9993625724276395,0.9995204992185536,unseen_vessel,0,True,54900,0.01906250399770215,,,,,6000,200,5,150,100|200|400,1091,399,5849,5,1131
deep,ar10,heave,30,3.0,418944,0.05563415012619321,0.03582922386923222,0.9606404750801385,0.9966460147049155,0.6547865316989431,0.08496532447275902,384,0.9961669389412745,0.9970862817743764,unseen_vessel,0,True,54900,0.01906250399770215,,,,,6000,200,5,150,100|200|400,1091,399,5849,5,1131
deep,ar10,heave,50,5.0,418944,0.20424501045148885,0.12949139880849134,1.2460719712770065,0.9731331557796689,0.65504861780891,0.31180129977935617,384,0.9705159982510732,0.9756909800243093,unseen_vessel,0,True,54900,0.01906250399770215,,,,,6000,200,5,150,100|200|400,1091,399,5849,5,1131
deep,ar10,heave,100,10.0,418944,0.4091421460068897,0.2500016805257042,0.7178352074130163,0.6751379899615151,0.6551836782357057,0.6244693810270694,384,0.6486088054570623,0.7011347486191631,unseen_vessel,0,True,54900,0.01906250399770215,,,,,6000,200,5,150,100|200|400,1091,399,5849,5,1131
deep,ar10,heave,150,15.0,418944,0.5196480426219571,0.3281576328628216,0.9508272981508525,0.7013136966393125,0.655175104834019,0.7931437546815884,384,0.6720782739458563,0.7279069130911585,unseen_vessel,0,True,54900,0.01906250399770215,,,,,6000,200,5,150,100|200|400,1091,399,5849,5,1131
deep,ar10,roll_rate,10,1.0,418944,0.021582887672860897,0.012154057611924847,0.4781279856234528,0.9979623444482204,1.003429994097196,0.021509111547218008,384,0.9978300290901824,0.9980733138519932,unseen_vessel,0,True,54900,0.01906250399770215,,,,,6000,200,5,150,100|200|400,1091,399,5849,5,1131
deep,ar10,roll_rate,20,2.0,418944,0.0992776700891439,0.05512450042555502,0.9253840074739831,0.9884904280239191,1.0035097495577645,0.09893044898955337,384,0.9878434782635533,0.9890067019732225,unseen_vessel,0,True,54900,0.01906250399770215,,,,,6000,200,5,150,100|200|400,1091,399,5849,5,1131
deep,ar10,roll_rate,30,3.0,418944,0.23232528086244297,0.1258828742287024,1.3139364134521425,0.9687360214071231,1.0037292675872695,0.2314620967672873,384,0.9672222189074606,0.9699632308160906,unseen_vessel,0,True,54900,0.01906250399770215,,,,,6000,200,5,150,100|200|400,1091,399,5849,5,1131
deep,ar10,roll_rate,50,5.0,418944,0.4518072442458343,0.22955277474470068,1.8337097261313333,0.9392921009704238,1.0040780504963167,0.44997223475058096,384,0.936772763770381,0.9418953829495965,unseen_vessel,0,True,54900,0.01906250399770215,,,,,6000,200,5,150,100|200|400,1091,399,5849,5,1131
deep,ar10,roll_rate,100,10.0,418944,0.9381197334835828,0.4823411105684373,1.4567282314550298,0.5852757130661501,1.0043507567410217,0.9340558835517291,384,0.5682082990544604,0.5976328048626276,unseen_vessel,0,True,54900,0.01906250399770215,,,,,6000,200,5,150,100|200|400,1091,399,5849,5,1131
deep,ar10,roll_rate,150,15.0,418944,1.2349508572059935,0.6330044217822163,0.8980835140127613,-0.8908884256082248,1.0045752968253436,1.2293263243767611,384,-1.209133806169605,-0.5879763988762897,unseen_vessel,0,True,54900,0.01906250399770215,,,,,6000,200,5,150,100|200|400,1091,399,5849,5,1131
deep,ar10,pitch_rate,10,1.0,418944,0.023674181542757106,0.015276295219625468,0.5015970472126259,0.9977723856608611,0.7033033480444127,0.033661408848095105,384,0.9973827441331594,0.9981446636760293,unseen_vessel,0,True,54900,0.01906250399770215,,,,,6000,200,5,150,100|200|400,1091,399,5849,5,1131
deep,ar10,pitch_rate,20,2.0,418944,0.12205373809218312,0.07825138370674833,0.9240384272025958,0.9825529459944308,0.7032718636851464,0.1735512884770069,384,0.9794143871404161,0.9854825392877611,unseen_vessel,0,True,54900,0.01906250399770215,,,,,6000,200,5,150,100|200|400,1091,399,5849,5,1131
deep,ar10,pitch_rate,30,3.0,418944,0.22065755038142987,0.13975870283844924,1.2081985494446832,0.9666449984494518,0.7032100749235104,0.31378610496362874,384,0.9607103588195722,0.9719651405163966,unseen_vessel,0,True,54900,0.01906250399770215,,,,,6000,200,5,150,100|200|400,1091,399,5849,5,1131
deep,ar10,pitch_rate,50,5.0,418944,0.316513204312319,0.20695178893351698,1.2931639105009303,0.9400931459580105,0.7033693151644206,0.4499957525703697,384,0.9343428222708375,0.9450048890333116,unseen_vessel,0,True,54900,0.01906250399770215,,,,,6000,200,5,150,100|200|400,1091,399,5849,5,1131
deep,ar10,pitch_rate,100,10.0,418944,0.6366934522049382,0.41846261240509564,0.8285948086236703,0.40955921201618883,0.7035318108543728,0.9049959680312597,384,0.36408663081902615,0.45318190565765837,unseen_vessel,0,True,54900,0.01906250399770215,,,,,6000,200,5,150,100|200|400,1091,399,5849,5,1131
deep,ar10,pitch_rate,150,15.0,418944,0.693836244587041,0.4376805296302506,1.0505844537780828,0.563833781925782,0.7034916636610969,0.9862750056997016,384,0.5428164093619384,0.5810096240744346,unseen_vessel,0,True,54900,0.01906250399770215,,,,,6000,200,5,150,100|200|400,1091,399,5849,5,1131
deep,ar10,heave_rate,10,1.0,418944,0.0057360118484738425,0.003696397949797243,0.2165955614354243,0.9992986723292834,0.36707332495950795,0.0156263380051018,384,0.9991856048300707,0.9994045266969391,unseen_vessel,0,True,54900,0.01906250399770215,,,,,6000,200,5,150,100|200|400,1091,399,5849,5,1131
deep,ar10,heave_rate,20,2.0,418944,0.025506618847014547,0.016424457281255064,0.41108398190696405,0.9961501423142333,0.36712395638464107,0.06947685762105618,384,0.995535979720556,0.996712801836329,unseen_vessel,0,True,54900,0.01906250399770215,,,,,6000,200,5,150,100|200|400,1091,399,5849,5,1131
deep,ar10,heave_rate,30,3.0,418944,0.055192383789188164,0.03541091003906923,0.5646443215908621,0.9904454910003491,0.3671127019343226,0.15034179830438615,384,0.9891364837671703,0.9917141209398797,unseen_vessel,0,True,54900,0.01906250399770215,,,,,6000,200,5,150,100|200|400,1091,399,5849,5,1131
deep,ar10,heave_rate,50,5.0,418944,0.11018793258774663,0.06661113223375241,0.7045835327535368,0.9755430051735807,0.36712660650455187,0.30013605833926515,384,0.9732803650596648,0.9776517876761751,unseen_vessel,0,True,54900,0.01906250399770215,,,,,6000,200,5,150,100|200|400,1091,399,5849,5,1131
deep,ar10,heave_rate,100,10.0,418944,0.2545619903564882,0.15868815859865967,0.36620124201119936,0.51677711926569,0.3672622047104473,0.693134188847957,384,0.5005872647054643,0.5336972689625029,unseen_vessel,0,True,54900,0.01906250399770215,,,,,6000,200,5,150,100|200|400,1091,399,5849,5,1131
deep,ar10,heave_rate,150,15.0,418944,0.3318526343165648,0.20933889340937042,0.5674871567575078,0.658037514685646,0.3672906057877314,0.9035151705141969,384,0.630934711102622,0.6824082956698484,unseen_vessel,0,True,54900,0.01906250399770215,,,,,6000,200,5,150,100|200|400,1091,399,5849,5,1131
deep,ar20,roll,10,1.0,418944,0.006524588745386658,0.003697904731909039,0.9937824600727138,0.9999568953988757,2.164337896495412,0.0030145887829952757,384,0.9999530242793657,0.9999598071967291,unseen_vessel,0,True,108900,0.06449928801157512,,,,,6000,200,5,150,100|200|400,1091,399,5849,5,1131
deep,ar20,roll,20,2.0,418944,0.05427422307823901,0.030620158542870705,1.9304732108180853,0.9992095768123472,2.164546439184654,0.025074178172256326,384,0.9991406133610129,0.9992622564629029,unseen_vessel,0,True,108900,0.06449928801157512,,,,,6000,200,5,150,100|200|400,1091,399,5849,5,1131
deep,ar20,roll,30,3.0,418944,0.1943202141809926,0.10866089910438802,2.7574928795393854,0.9950339948955381,2.1644640050160047,0.08977752170083131,384,0.9946166653675966,0.9953576540786268,unseen_vessel,0,True,108900,0.06449928801157512,,,,,6000,200,5,150,100|200|400,1091,399,5849,5,1131
deep,ar20,roll,50,5.0,418944,0.7664542799798745,0.4134615319059866,3.916023936558119,0.961692674499514,2.16448261355922,0.3541050758174198,384,0.9589131182891032,0.963804034409661,unseen_vessel,0,True,108900,0.06449928801157512,,,,,6000,200,5,150,100|200|400,1091,399,5849,5,1131
deep,ar20,roll,100,10.0,418944,1.8524540114503207,0.8960039556730723,3.2722450879087255,0.6795183105971697,2.1658219526506457,0.8553122333916651,384,0.668412967370449,0.6891700657462833,unseen_vessel,0,True,108900,0.06449928801157512,,,,,6000,200,5,150,100|200|400,1091,399,5849,5,1131
deep,ar20,roll,150,15.0,418944,2.037825589232252,1.0186922463889894,1.6805099749527599,-0.47045532214198493,2.1674952305339903,0.9401753510342016,384,-0.6913227310669441,-0.2568408324846007,unseen_vessel,0,True,108900,0.06449928801157512,,,,,6000,200,5,150,100|200|400,1091,399,5849,5,1131
deep,ar20,pitch,10,1.0,418944,0.004869122032977063,0.0033317761162778388,0.6877023559188356,0.999949869701087,1.0558196506943205,0.004611698626536327,384,0.9999439711984354,0.999955469946465,unseen_vessel,0,True,108900,0.06449928801157512,,,,,6000,200,5,150,100|200|400,1091,399,5849,5,1131
deep,ar20,pitch,20,2.0,418944,0.05223784612366625,0.03532830718468666,1.2858543786712318,0.9983496086173718,1.0560780997802575,0.049463999049441126,384,0.9981414196498861,0.9985425819153032,unseen_vessel,0,True,108900,0.06449928801157512,,,,,6000,200,5,150,100|200|400,1091,399,5849,5,1131
deep,ar20,pitch,30,3.0,418944,0.19008998830302148,0.12588630908829399,1.7230749268005872,0.9878294511973503,1.0563648177875178,0.1799472919792536,384,0.986201304435981,0.9893037619999818,unseen_vessel,0,True,108900,0.06449928801157512,,,,,6000,200,5,150,100|200|400,1091,399,5849,5,1131
deep,ar20,pitch,50,5.0,418944,0.5128912805653777,0.3189362334199037,1.9925227630235358,0.9337411263983355,1.056518056585286,0.48545434445584906,384,0.925422622730087,0.9411227856733605,unseen_vessel,0,True,108900,0.06449928801157512,,,,,6000,200,5,150,100|200|400,1091,399,5849,5,1131
deep,ar20,pitch,100,10.0,418944,0.8331868614468939,0.5209323285547053,1.153113221907809,0.47791535301699484,1.0571110110609412,0.7881734772686628,384,0.45541466226507915,0.5019282621689364,unseen_vessel,0,True,108900,0.06449928801157512,,,,,6000,200,5,150,100|200|400,1091,399,5849,5,1131
deep,ar20,pitch,150,15.0,418944,1.0262668088994091,0.6315260813264791,1.59606195052592,0.5865518261087128,1.0572954896417577,0.9706527824564333,384,0.562720746340615,0.6073770565960608,unseen_vessel,0,True,108900,0.06449928801157512,,,,,6000,200,5,150,100|200|400,1091,399,5849,5,1131
deep,ar20,heave,10,1.0,418944,0.0012200163359495648,0.0007918073438674951,0.3615447710820917,0.9999886130576446,0.6545431487959708,0.0018639204125713935,384,0.9999871090780572,0.999990070143921,unseen_vessel,0,True,108900,0.06449928801157512,,,,,6000,200,5,150,100|200|400,1091,399,5849,5,1131
deep,ar20,heave,20,2.0,418944,0.011269724319544802,0.007240770178344178,0.6911291778528944,0.9997341062504247,0.6546139081318875,0.017215833913009758,384,0.9996991236397448,0.9997680851137012,unseen_vessel,0,True,108900,0.06449928801157512,,,,,6000,200,5,150,100|200|400,1091,399,5849,5,1131
deep,ar20,heave,30,3.0,418944,0.043613690978969104,0.027698073149376817,0.9606404750801385,0.9979387820198803,0.6547865316989431,0.06660749552347504,384,0.9976741025587825,0.9981996902066149,unseen_vessel,0,True,108900,0.06449928801157512,,,,,6000,200,5,150,100|200|400,1091,399,5849,5,1131
deep,ar20,heave,50,5.0,418944,0.19099142530928054,0.11753352101948657,1.2460719712770065,0.9765068373760045,0.65504861780891,0.29156832045250775,384,0.974038459585962,0.9789064814737101,unseen_vessel,0,True,108900,0.06449928801157512,,,,,6000,200,5,150,100|200|400,1091,399,5849,5,1131
deep,ar20,heave,100,10.0,418944,0.3684957530381888,0.2273332753322316,0.7178352074130163,0.7364788582846113,0.6551836782357057,0.5624312162819486,384,0.7143182859327691,0.7563669794620126,unseen_vessel,0,True,108900,0.06449928801157512,,,,,6000,200,5,150,100|200|400,1091,399,5849,5,1131
deep,ar20,heave,150,15.0,418944,0.48575246462119387,0.30875634957457976,0.9508272981508525,0.7390082724573799,0.655175104834019,0.7414086112814888,384,0.7173135711087363,0.7591739063491596,unseen_vessel,0,True,108900,0.06449928801157512,,,,,6000,200,5,150,100|200|400,1091,399,5849,5,1131
deep,ar20,roll_rate,10,1.0,418944,0.018626916622141977,0.010560394214684937,0.4781279856234528,0.9984822731672681,1.003429994097196,0.018563244802046155,384,0.9983723606286442,0.9985693712220124,unseen_vessel,0,True,108900,0.06449928801157512,,,,,6000,200,5,150,100|200|400,1091,399,5849,5,1131
deep,ar20,roll_rate,20,2.0,418944,0.08641279712957407,0.04858018782357096,0.9253840074739831,0.9912800870998276,1.0035097495577645,0.08611057059251813,384,0.9906749745197625,0.9917538341817457,unseen_vessel,0,True,108900,0.06449928801157512,,,,,6000,200,5,150,100|200|400,1091,399,5849,5,1131
deep,ar20,roll_rate,30,3.0,418944,0.19878097438115439,0.11003167398317441,1.3139364134521425,0.9771123642519728,1.0037292675872695,0.19804242119887305,384,0.9756372430560435,0.9782328250433616,unseen_vessel,0,True,108900,0.06449928801157512,,,,,6000,200,5,150,100|200|400,1091,399,5849,5,1131
deep,ar20,roll_rate,50,5.0,418944,0.364112544108523,0.1889616109516183,1.8337097261313333,0.9605715136205826,1.0040780504963167,0.36263370554564145,384,0.9590282357948866,0.9618774968541628,unseen_vessel,0,True,108900,0.06449928801157512,,,,,6000,200,5,150,100|200|400,1091,399,5849,5,1131
deep,ar20,roll_rate,100,10.0,418944,0.7841395017313826,0.4084997442399001,1.4567282314550298,0.7102458993713193,1.0043507567410217,0.7807426802522717,384,0.6951435946594249,0.7214467380678568,unseen_vessel,0,True,108900,0.06449928801157512,,,,,6000,200,5,150,100|200|400,1091,399,5849,5,1131
deep,ar20,roll_rate,150,15.0,418944,1.1267421596797649,0.5747678004995413,0.8980835140127613,-0.5740395526215953,1.0045752968253436,1.1216104589078515,384,-0.8483255422941278,-0.3043608658420436,unseen_vessel,0,True,108900,0.06449928801157512,,,,,6000,200,5,150,100|200|400,1091,399,5849,5,1131
deep,ar20,pitch_rate,10,1.0,418944,0.016100731877594556,0.010989646100641596,0.5015970472126259,0.9989696582614227,0.7033033480444127,0.022893011845263978,384,0.9988316539367669,0.9991007664822557,unseen_vessel,0,True,108900,0.06449928801157512,,,,,6000,200,5,150,100|200|400,1091,399,5849,5,1131
deep,ar20,pitch_rate,20,2.0,418944,0.08962524178507746,0.06004184986704452,0.9240384272025958,0.9905923616005945,0.7032718636851464,0.1274403917077543,384,0.9892151879206856,0.9918971151612543,unseen_vessel,0,True,108900,0.06449928801157512,,,,,6000,200,5,150,100|200|400,1091,399,5849,5,1131
deep,ar20,pitch_rate,30,3.0,418944,0.1855466665462035,0.12002333848871295,1.2081985494446832,0.9764153360320929,0.7032100749235104,0.2638566669659643,384,0.9728165953096912,0.9799152605198475,unseen_vessel,0,True,108900,0.06449928801157512,,,,,6000,200,5,150,100|200|400,1091,399,5849,5,1131
deep,ar20,pitch_rate,50,5.0,418944,0.2695733103282109,0.17832788332030733,1.2931639105009303,0.9565443118366477,0.7033693151644206,0.383259980946418,384,0.9533063770503224,0.959103518597917,unseen_vessel,0,True,108900,0.06449928801157512,,,,,6000,200,5,150,100|200|400,1091,399,5849,5,1131
deep,ar20,pitch_rate,100,10.0,418944,0.5923139756263813,0.38957291295845703,0.8285948086236703,0.4890015958218453,0.7035318108543728,0.841914987336638,384,0.45598302152888454,0.5223274407048191,unseen_vessel,0,True,108900,0.06449928801157512,,,,,6000,200,5,150,100|200|400,1091,399,5849,5,1131
deep,ar20,pitch_rate,150,15.0,418944,0.6838651961467132,0.4297217594134639,1.0505844537780828,0.5762799023502925,0.7034916636610969,0.9721013502672595,384,0.5570213809363308,0.5921122701581171,unseen_vessel,0,True,108900,0.06449928801157512,,,,,6000,200,5,150,100|200|400,1091,399,5849,5,1131
deep,ar20,heave_rate,10,1.0,418944,0.0036578172080773933,0.002366799884047783,0.2165955614354243,0.9997148030398686,0.36707332495950795,0.009964813456496434,384,0.9996754238606952,0.9997551940878806,unseen_vessel,0,True,108900,0.06449928801157512,,,,,6000,200,5,150,100|200|400,1091,399,5849,5,1131
deep,ar20,heave_rate,20,2.0,418944,0.018945355782856874,0.012098734323345501,0.41108398190696405,0.9978760493496796,0.36712395638464107,0.05160479302257124,384,0.9975794028680925,0.9981740579905706,unseen_vessel,0,True,108900,0.06449928801157512,,,,,6000,200,5,150,100|200|400,1091,399,5849,5,1131
deep,ar20,heave_rate,30,3.0,418944,0.04774379666063703,0.02997744433970263,0.5646443215908621,0.9928503633087037,0.3671127019343226,0.13005215131231965,384,0.9918637124805652,0.9937891702894379,unseen_vessel,0,True,108900,0.06449928801157512,,,,,6000,200,5,150,100|200|400,1091,399,5849,5,1131
deep,ar20,heave_rate,50,5.0,418944,0.09646499469286579,0.05892224405538601,0.7045835327535368,0.9812554718784993,0.36712660650455187,0.26275675198623816,384,0.9796592508340222,0.9829550877492239,unseen_vessel,0,True,108900,0.06449928801157512,,,,,6000,200,5,150,100|200|400,1091,399,5849,5,1131
deep,ar20,heave_rate,100,10.0,418944,0.23062429762244882,0.14431432936326513,0.36620124201119936,0.6033837574344908,0.3672622047104473,0.6279554352843768,384,0.5812571199274787,0.6248524224442197,unseen_vessel,0,True,108900,0.06449928801157512,,,,,6000,200,5,150,100|200|400,1091,399,5849,5,1131
deep,ar20,heave_rate,150,15.0,418944,0.32168118052684724,0.20226106509537856,0.5674871567575078,0.6786789084966539,0.3672906057877314,0.875821966197406,384,0.6529889690269303,0.703122244218901,unseen_vessel,0,True,108900,0.06449928801157512,,,,,6000,200,5,150,100|200|400,1091,399,5849,5,1131
deep,ar40,roll,10,1.0,418944,0.004037274742678964,0.0023571069819467265,0.9937824600727138,0.9999834958198696,2.164337896495412,0.0018653624968708866,384,0.9999816406388599,0.9999850031019755,unseen_vessel,0,True,216900,0.18241032300284132,,,,,6000,200,5,150,100|200|400,1091,399,5849,5,1131
deep,ar40,roll,20,2.0,418944,0.03449142009864274,0.02010662377762924,1.9304732108180853,0.999680776692626,2.164546439184654,0.015934710142617704,384,0.999644080922923,0.9997090496293668,unseen_vessel,0,True,216900,0.18241032300284132,,,,,6000,200,5,150,100|200|400,1091,399,5849,5,1131
deep,ar40,roll,30,3.0,418944,0.12899553204707348,0.07477644660688965,2.7574928795393854,0.9978116310862339,2.1644640050160047,0.05959698648170388,384,0.9975609512149637,0.998000342100543,unseen_vessel,0,True,216900,0.18241032300284132,,,,,6000,200,5,150,100|200|400,1091,399,5849,5,1131
deep,ar40,roll,50,5.0,418944,0.5664688925022762,0.31547317924247037,3.916023936558119,0.9790751932458713,2.16448261355922,0.26171099224991656,384,0.977046542693504,0.9806068937697916,unseen_vessel,0,True,216900,0.18241032300284132,,,,,6000,200,5,150,100|200|400,1091,399,5849,5,1131
deep,ar40,roll,100,10.0,418944,1.8121054679201567,0.863441019324551,3.2722450879087255,0.6933271757534752,2.1658219526506457,0.8366825655739649,384,0.6855645276068372,0.7012645681264226,unseen_vessel,0,True,216900,0.18241032300284132,,,,,6000,200,5,150,100|200|400,1091,399,5849,5,1131
deep,ar40,roll,150,15.0,418944,2.1005690263989627,1.032713106123892,1.6805099749527599,-0.5623981839173451,2.1674952305339903,0.9691227905869304,384,-0.8159881099302964,-0.31739490019845695,unseen_vessel,0,True,216900,0.18241032300284132,,,,,6000,200,5,150,100|200|400,1091,399,5849,5,1131
deep,ar40,pitch,10,1.0,418944,0.004086946630810909,0.0028332687380517854,0.6877023559188356,0.9999646819344081,1.0558196506943205,0.003870875701284098,384,0.9999607493326403,0.9999682995718104,unseen_vessel,0,True,216900,0.18241032300284132,,,,,6000,200,5,150,100|200|400,1091,399,5849,5,1131
deep,ar40,pitch,20,2.0,418944,0.04421860499411284,0.03060411782937982,1.2858543786712318,0.9988174309771863,1.0560780997802575,0.04187058230192785,384,0.9986860230736759,0.9989364091110777,unseen_vessel,0,True,216900,0.18241032300284132,,,,,6000,200,5,150,100|200|400,1091,399,5849,5,1131
deep,ar40,pitch,30,3.0,418944,0.1661212382041169,0.11363484262570334,1.7230749268005872,0.9907051583950393,1.0563648177875178,0.15725745065236668,384,0.9896520780376153,0.9916346602849896,unseen_vessel,0,True,216900,0.18241032300284132,,,,,6000,200,5,150,100|200|400,1091,399,5849,5,1131
deep,ar40,pitch,50,5.0,418944,0.499275593042483,0.31710708587271863,1.9925227630235358,0.9372123701600574,1.056518056585286,0.47256702328038214,384,0.9298472619188446,0.9435847458247049,unseen_vessel,0,True,216900,0.18241032300284132,,,,,6000,200,5,150,100|200|400,1091,399,5849,5,1131
deep,ar40,pitch,100,10.0,418944,0.794277823371651,0.5043364013439416,1.153113221907809,0.5255385080137278,1.0571110110609412,0.7513665216432618,384,0.5039872504989557,0.5472507062278671,unseen_vessel,0,True,216900,0.18241032300284132,,,,,6000,200,5,150,100|200|400,1091,399,5849,5,1131
deep,ar40,pitch,150,15.0,418944,1.0178475768030648,0.6341927464498957,1.59606195052592,0.5933076479477324,1.0572954896417577,0.962689793699906,384,0.5690430328833636,0.6148773194374542,unseen_vessel,0,True,216900,0.18241032300284132,,,,,6000,200,5,150,100|200|400,1091,399,5849,5,1131
deep,ar40,heave,10,1.0,418944,0.0009026286529039995,0.0005843100150533914,0.3615447710820917,0.9999937670439947,0.6545431487959708,0.0013790208553315102,384,0.9999928790079193,0.9999946378230946,unseen_vessel,0,True,216900,0.18241032300284132,,,,,6000,200,5,150,100|200|400,1091,399,5849,5,1131
deep,ar40,heave,20,2.0,418944,0.008195337203486685,0.005264193012164962,0.6911291778528944,0.9998593903268185,0.6546139081318875,0.012519344764418815,384,0.9998397295296781,0.9998789033809395,unseen_vessel,0,True,216900,0.18241032300284132,,,,,6000,200,5,150,100|200|400,1091,399,5849,5,1131
deep,ar40,heave,30,3.0,418944,0.033917057738026474,0.02137125396193605,0.9606404750801385,0.9987534360033026,0.6547865316989431,0.05179864901928193,384,0.9985818620914874,0.9989233338884976,unseen_vessel,0,True,216900,0.18241032300284132,,,,,6000,200,5,150,100|200|400,1091,399,5849,5,1131
deep,ar40,heave,50,5.0,418944,0.1784868323590836,0.10620949922756343,1.2460719712770065,0.9794824212170137,0.65504861780891,0.2724787557847371,384,0.9769333750383785,0.9820884751399672,unseen_vessel,0,True,216900,0.18241032300284132,,,,,6000,200,5,150,100|200|400,1091,399,5849,5,1131
deep,ar40,heave,100,10.0,418944,0.3603630063250596,0.22019831564228534,0.7178352074130163,0.7479823878723336,0.6551836782357057,0.5500182899785503,384,0.7278586016884904,0.767452433801631,unseen_vessel,0,True,216900,0.18241032300284132,,,,,6000,200,5,150,100|200|400,1091,399,5849,5,1131
deep,ar40,heave,150,15.0,418944,0.4729340769902148,0.3010632407007642,0.9508272981508525,0.7526010042515529,0.655175104834019,0.7218437842048763,384,0.731386048420093,0.7719812321569289,unseen_vessel,0,True,216900,0.18241032300284132,,,,,6000,200,5,150,100|200|400,1091,399,5849,5,1131
deep,ar40,roll_rate,10,1.0,418944,0.01157668686432501,0.006758503882198148,0.4781279856234528,0.9994137535258463,1.003429994097196,0.011537114629248016,384,0.9993580145537377,0.999460178427299,unseen_vessel,0,True,216900,0.18241032300284132,,,,,6000,200,5,150,100|200|400,1091,399,5849,5,1131
deep,ar40,roll_rate,20,2.0,418944,0.056638983248140796,0.03295075557072632,0.9253840074739831,0.9962538348652066,1.0035097495577645,0.056440889859915126,384,0.995907014333529,0.9965347101071621,unseen_vessel,0,True,216900,0.18241032300284132,,,,,6000,200,5,150,100|200|400,1091,399,5849,5,1131
deep,ar40,roll_rate,30,3.0,418944,0.13941979370446783,0.08005197928385448,1.3139364134521425,0.9887409907860035,1.0037292675872695,0.1389017917546635,384,0.9877604414165041,0.9895219727566474,unseen_vessel,0,True,216900,0.18241032300284132,,,,,6000,200,5,150,100|200|400,1091,399,5849,5,1131
deep,ar40,roll_rate,50,5.0,418944,0.3278343574690796,0.1718734033934301,1.8337097261313333,0.9680369837600188,1.0040780504963167,0.32650286230938996,384,0.9666471728364463,0.9690979311142018,unseen_vessel,0,True,216900,0.18241032300284132,,,,,6000,200,5,150,100|200|400,1091,399,5849,5,1131
deep,ar40,roll_rate,100,10.0,418944,0.6799307465099572,0.36061509531408603,1.4567282314550298,0.7821426146987318,1.0043507567410217,0.6769853479438177,384,0.7676092342268844,0.7931662804754424,unseen_vessel,0,True,216900,0.18241032300284132,,,,,6000,200,5,150,100|200|400,1091,399,5849,5,1131
deep,ar40,roll_rate,150,15.0,418944,1.0041835005102004,0.5136795641951551,0.8980835140127613,-0.2502380560017994,1.0045752968253436,0.9996099881050416,384,-0.4789388520997403,-0.022008690984652905,unseen_vessel,0,True,216900,0.18241032300284132,,,,,6000,200,5,150,100|200|400,1091,399,5849,5,1131
deep,ar40,pitch_rate,10,1.0,418944,0.01338184745159806,0.009280778093073136,0.5015970472126259,0.9992882586347382,0.7033033480444127,0.019027134576861154,384,0.9992026305874528,0.9993691704320188,unseen_vessel,0,True,216900,0.18241032300284132,,,,,6000,200,5,150,100|200|400,1091,399,5849,5,1131
deep,ar40,pitch_rate,20,2.0,418944,0.07718400487651556,0.05318055156299569,0.9240384272025958,0.9930229063233916,0.7032718636851464,0.10974988317045868,384,0.9921566804688775,0.9938540644095621,unseen_vessel,0,True,216900,0.18241032300284132,,,,,6000,200,5,150,100|200|400,1091,399,5849,5,1131
deep,ar40,pitch_rate,30,3.0,418944,0.16870512569747687,0.11299027868752957,1.2081985494446832,0.9805024548100311,0.7032100749235104,0.2399071510968145,384,0.977823561419054,0.9829912876066111,unseen_vessel,0,True,216900,0.18241032300284132,,,,,6000,200,5,150,100|200|400,1091,399,5849,5,1131
deep,ar40,pitch_rate,50,5.0,418944,0.29519404853752074,0.18955107292827528,1.2931639105009303,0.9478915634391445,0.7033693151644206,0.4196857073136831,384,0.9416168817642945,0.9536432297912696,unseen_vessel,0,True,216900,0.18241032300284132,,,,,6000,200,5,150,100|200|400,1091,399,5849,5,1131
deep,ar40,pitch_rate,100,10.0,418944,0.6036312789451412,0.39945193287464165,0.8285948086236703,0.4692878188188022,0.7035318108543728,0.8580014004087295,384,0.42857700572558266,0.5077755212540592,unseen_vessel,0,True,216900,0.18241032300284132,,,,,6000,200,5,150,100|200|400,1091,399,5849,5,1131
deep,ar40,pitch_rate,150,15.0,418944,0.6863670035149727,0.4365985125332754,1.0505844537780828,0.5731740121652771,0.7034916636610969,0.9756576217875782,384,0.5512111976242288,0.5911215213960503,unseen_vessel,0,True,216900,0.18241032300284132,,,,,6000,200,5,150,100|200|400,1091,399,5849,5,1131
deep,ar40,heave_rate,10,1.0,418944,0.0026058482776516482,0.0016880100171837557,0.2165955614354243,0.9998552564745228,0.36707332495950795,0.007098985680692272,384,0.9998323485099185,0.9998766415663437,unseen_vessel,0,True,216900,0.18241032300284132,,,,,6000,200,5,150,100|200|400,1091,399,5849,5,1131
deep,ar40,heave_rate,20,2.0,418944,0.014144459154794311,0.009010871079988448,0.41108398190696405,0.9988161093720791,0.36712395638464107,0.03852774766889622,384,0.9986297705578911,0.9989915647208593,unseen_vessel,0,True,216900,0.18241032300284132,,,,,6000,200,5,150,100|200|400,1091,399,5849,5,1131
deep,ar40,heave_rate,30,3.0,418944,0.04009493979035119,0.02475287261241557,0.5646443215908621,0.9949576939606376,0.3671127019343226,0.10921697772670443,384,0.9941696497937956,0.995702606786827,unseen_vessel,0,True,216900,0.18241032300284132,,,,,6000,200,5,150,100|200|400,1091,399,5849,5,1131
deep,ar40,heave_rate,50,5.0,418944,0.1047712294240243,0.06078419068749014,0.7045835327535368,0.9778884543119611,0.36712660650455187,0.285381739072418,384,0.9747936155456777,0.9809088189768178,unseen_vessel,0,True,216900,0.18241032300284132,,,,,6000,200,5,150,100|200|400,1091,399,5849,5,1131
deep,ar40,heave_rate,100,10.0,418944,0.22853588307326742,0.14183403952546916,0.36620124201119936,0.6105343379700889,0.3672622047104473,0.6222689951269206,384,0.5898991923264808,0.6324569995447336,unseen_vessel,0,True,216900,0.18241032300284132,,,,,6000,200,5,150,100|200|400,1091,399,5849,5,1131
deep,ar40,heave_rate,150,15.0,418944,0.3139824903270554,0.19786214869488117,0.5674871567575078,0.6938750091326087,0.3672906057877314,0.8548612063018992,384,0.6662339092314817,0.7195357225471747,unseen_vessel,0,True,216900,0.18241032300284132,,,,,6000,200,5,150,100|200|400,1091,399,5849,5,1131
deep,ar_attitude_only,roll,10,1.0,418944,0.023033530426161915,0.01303035602139171,0.9937824600727138,0.9994627970820081,2.164337896495412,0.010642298720296303,384,0.9994031707675163,0.9995083488217754,unseen_vessel,0,True,108900,0.0451894210127648,,,,,6000,200,5,150,100|200|400,1091,399,5849,5,1131
deep,ar_attitude_only,roll,20,2.0,418944,0.1074933589651786,0.060801926492475615,1.9304732108180853,0.9968994716310356,2.164546439184654,0.04966091603267677,384,0.9965447987898407,0.99717133652364,unseen_vessel,0,True,108900,0.0451894210127648,,,,,6000,200,5,150,100|200|400,1091,399,5849,5,1131
deep,ar_attitude_only,roll,30,3.0,418944,0.2831205455992574,0.1589955624838485,2.7574928795393854,0.9894582193873421,2.1644640050160047,0.130803998099827,384,0.9882804017598998,0.9903704736730052,unseen_vessel,0,True,108900,0.0451894210127648,,,,,6000,200,5,150,100|200|400,1091,399,5849,5,1131
deep,ar_attitude_only,roll,50,5.0,418944,0.7995092475231561,0.4335033029286834,3.916023936558119,0.9583172554087697,2.16448261355922,0.3693766087630815,384,0.9544131042792409,0.9614285622551934,unseen_vessel,0,True,108900,0.0451894210127648,,,,,6000,200,5,150,100|200|400,1091,399,5849,5,1131
deep,ar_attitude_only,roll,100,10.0,418944,1.9068400980107993,0.9280469085769025,3.2722450879087255,0.6604240667338538,2.1658219526506457,0.8804232941110921,384,0.6468332287251407,0.671019299770358,unseen_vessel,0,True,108900,0.0451894210127648,,,,,6000,200,5,150,100|200|400,1091,399,5849,5,1131
deep,ar_attitude_only,roll,150,15.0,418944,2.1032678118767865,1.0576116482141633,1.6805099749527599,-0.5664154632164418,2.1674952305339903,0.9703679077340435,384,-0.791224582887711,-0.3495132575640255,unseen_vessel,0,True,108900,0.0451894210127648,,,,,6000,200,5,150,100|200|400,1091,399,5849,5,1131
deep,ar_attitude_only,pitch,10,1.0,418944,0.015689057176143672,0.010660450831215456,0.6877023559188356,0.9994795336367145,1.0558196506943205,0.014859599521401546,384,0.9994182830947969,0.9995356647794431,unseen_vessel,0,True,108900,0.0451894210127648,,,,,6000,200,5,150,100|200|400,1091,399,5849,5,1131
deep,ar_attitude_only,pitch,20,2.0,418944,0.09988031178901861,0.06736815854445477,1.2858543786712318,0.9939664043410892,1.0560780997802575,0.09457663387755236,384,0.9932492220771497,0.9946092702544276,unseen_vessel,0,True,108900,0.0451894210127648,,,,,6000,200,5,150,100|200|400,1091,399,5849,5,1131
deep,ar_attitude_only,pitch,30,3.0,418944,0.2707692869116581,0.17994453114400327,1.7230749268005872,0.9753060549902479,1.0563648177875178,0.2563217577415778,384,0.9724215232819491,0.97799830212267,unseen_vessel,0,True,108900,0.0451894210127648,,,,,6000,200,5,150,100|200|400,1091,399,5849,5,1131
deep,ar_attitude_only,pitch,50,5.0,418944,0.5346690347828476,0.3365504064364492,1.9925227630235358,0.92799486277163,1.056518056585286,0.5060671054794103,384,0.9213233831236165,0.9337254613591578,unseen_vessel,0,True,108900,0.0451894210127648,,,,,6000,200,5,150,100|200|400,1091,399,5849,5,1131
deep,ar_attitude_only,pitch,100,10.0,418944,0.8338083718354466,0.5169836912325968,1.153113221907809,0.47713617113332685,1.0571110110609412,0.7887614102123647,384,0.45566318764010777,0.49924705257350355,unseen_vessel,0,True,108900,0.0451894210127648,,,,,6000,200,5,150,100|200|400,1091,399,5849,5,1131
deep,ar_attitude_only,pitch,150,15.0,418944,1.0348949138470374,0.635209252165711,1.59606195052592,0.5795706595595125,1.0572954896417577,0.9788133251166046,384,0.5560997181799648,0.5998964953319301,unseen_vessel,0,True,108900,0.0451894210127648,,,,,6000,200,5,150,100|200|400,1091,399,5849,5,1131
deep,ar_attitude_only,heave,10,1.0,418944,0.004289615157297798,0.0026923683082900455,0.3615447710820917,0.9998592292278629,0.6545431487959708,0.006553601798733248,384,0.9998393204947698,0.999878701918518,unseen_vessel,0,True,108900,0.0451894210127648,,,,,6000,200,5,150,100|200|400,1091,399,5849,5,1131
deep,ar_attitude_only,heave,20,2.0,418944,0.023816854019043425,0.01479835902428222,0.6911291778528944,0.9988124542958048,0.6546139081318875,0.03638305529897931,384,0.9986486146266723,0.9989748903602734,unseen_vessel,0,True,108900,0.0451894210127648,,,,,6000,200,5,150,100|200|400,1091,399,5849,5,1131
deep,ar_attitude_only,heave,30,3.0,418944,0.0716530812141228,0.043979638708514276,0.9606404750801385,0.9944365014501958,0.6547865316989431,0.10942968088883563,384,0.9937089189758805,0.9951669082622426,unseen_vessel,0,True,108900,0.0451894210127648,,,,,6000,200,5,150,100|200|400,1091,399,5849,5,1131
deep,ar_attitude_only,heave,50,5.0,418944,0.23993322688709953,0.1425973708631832,1.2460719712770065,0.9629238581267101,0.65504861780891,0.3662830824521983,384,0.9589332030128472,0.9669376072364761,unseen_vessel,0,True,108900,0.0451894210127648,,,,,6000,200,5,150,100|200|400,1091,399,5849,5,1131
deep,ar_attitude_only,heave,100,10.0,418944,0.3897639830147549,0.2384350474774306,0.7178352074130163,0.7051820656253239,0.6551836782357057,0.594892693396027,384,0.6775818837311615,0.7300955017730837,unseen_vessel,0,True,108900,0.0451894210127648,,,,,6000,200,5,150,100|200|400,1091,399,5849,5,1131
deep,ar_attitude_only,heave,150,15.0,418944,0.5176991727022676,0.32618222198809027,0.9508272981508525,0.7035498609628358,0.655175104834019,0.7901691759692558,384,0.6787341453294881,0.7261588668730641,unseen_vessel,0,True,108900,0.0451894210127648,,,,,6000,200,5,150,100|200|400,1091,399,5849,5,1131
deep,ar_attitude_only,roll_rate,10,1.0,418944,0.12151582894021065,0.05676104513923408,0.4781279856234528,0.9354082012591156,1.003429994097196,0.12110045509407023,384,0.9258091500113799,0.9460494578379988,unseen_vessel,0,True,108900,0.0451894210127648,,,,,6000,200,5,150,100|200|400,1091,399,5849,5,1131
deep,ar_attitude_only,roll_rate,20,2.0,418944,0.12375623484817477,0.06485218300341751,0.9253840074739831,0.9821149484429331,1.0035097495577645,0.1233234005974658,384,0.9790527012911383,0.9851749479932373,unseen_vessel,0,True,108900,0.0451894210127648,,,,,6000,200,5,150,100|200|400,1091,399,5849,5,1131
deep,ar_attitude_only,roll_rate,30,3.0,418944,0.17739999659994796,0.09995959407314661,1.3139364134521425,0.9817711816459604,1.0037292675872695,0.1767408825552891,384,0.979430685022585,0.9838906220102323,unseen_vessel,0,True,108900,0.0451894210127648,,,,,6000,200,5,150,100|200|400,1091,399,5849,5,1131
deep,ar_attitude_only,roll_rate,50,5.0,418944,0.31054001445016116,0.16731655480647095,1.8337097261313333,0.9713203424906162,1.0040780504963167,0.30927876004924215,384,0.9697430382019864,0.9726193736298969,unseen_vessel,0,True,108900,0.0451894210127648,,,,,6000,200,5,150,100|200|400,1091,399,5849,5,1131
deep,ar_attitude_only,roll_rate,100,10.0,418944,0.8258595482061958,0.42597884277489095,1.4567282314550298,0.6785930122215736,1.0043507567410217,0.8222819992549166,384,0.6603235815422774,0.6927778906216021,unseen_vessel,0,True,108900,0.0451894210127648,,,,,6000,200,5,150,100|200|400,1091,399,5849,5,1131
deep,ar_attitude_only,roll_rate,150,15.0,418944,1.0079668783556344,0.513109613748201,0.8980835140127613,-0.2596766369060213,1.0045752968253436,1.0033761347118617,384,-0.48776251227999257,-0.031452972834253176,unseen_vessel,0,True,108900,0.0451894210127648,,,,,6000,200,5,150,100|200|400,1091,399,5849,5,1131
deep,ar_attitude_only,pitch_rate,10,1.0,418944,0.06790452051640128,0.04417063500134564,0.5015970472126259,0.9816731666211442,0.7033033480444127,0.0965508278969734,384,0.9800799066714057,0.9832352838817382,unseen_vessel,0,True,108900,0.0451894210127648,,,,,6000,200,5,150,100|200|400,1091,399,5849,5,1131
deep,ar_attitude_only,pitch_rate,20,2.0,418944,0.14857881364785827,0.09900965660658573,0.9240384272025958,0.9741456449708686,0.7032718636851464,0.21126796239125067,384,0.971045605898859,0.9770161008452442,unseen_vessel,0,True,108900,0.0451894210127648,,,,,6000,200,5,150,100|200|400,1091,399,5849,5,1131
deep,ar_attitude_only,pitch_rate,30,3.0,418944,0.21501485304323642,0.14029140380928637,1.2081985494446832,0.9683291074148727,0.7032100749235104,0.30576190630747724,384,0.9644506396299987,0.9718825082228411,unseen_vessel,0,True,108900,0.0451894210127648,,,,,6000,200,5,150,100|200|400,1091,399,5849,5,1131
deep,ar_attitude_only,pitch_rate,50,5.0,418944,0.33335318702488215,0.22492821968841858,1.2931639105009303,0.9335489157672465,0.7033693151644206,0.4739376311105597,384,0.9278794311494801,0.9384017661360166,unseen_vessel,0,True,108900,0.0451894210127648,,,,,6000,200,5,150,100|200|400,1091,399,5849,5,1131
deep,ar_attitude_only,pitch_rate,100,10.0,418944,0.6159574790393054,0.4053676091002063,0.8285948086236703,0.4473921502852318,0.7035318108543728,0.8755218591911053,384,0.40870830411620723,0.48519833764543785,unseen_vessel,0,True,108900,0.0451894210127648,,,,,6000,200,5,150,100|200|400,1091,399,5849,5,1131
deep,ar_attitude_only,pitch_rate,150,15.0,418944,0.6874918508937461,0.4340765503952698,1.0505844537780828,0.571773864702403,0.7034916636610969,0.9772565709107555,384,0.55107316500801,0.5883158005759028,unseen_vessel,0,True,108900,0.0451894210127648,,,,,6000,200,5,150,100|200|400,1091,399,5849,5,1131
deep,ar_attitude_only,heave_rate,10,1.0,418944,0.036604449627113615,0.021234547305507688,0.2165955614354243,0.9714393125002392,0.36707332495950795,0.09971972120597832,384,0.9677950236405846,0.9748479405152645,unseen_vessel,0,True,108900,0.0451894210127648,,,,,6000,200,5,150,100|200|400,1091,399,5849,5,1131
deep,ar_attitude_only,heave_rate,20,2.0,418944,0.04937523543459729,0.028924738155451067,0.41108398190696405,0.9855736239152428,0.36712395638464107,0.13449200079677215,384,0.9833541878872096,0.9876563941825702,unseen_vessel,0,True,108900,0.0451894210127648,,,,,6000,200,5,150,100|200|400,1091,399,5849,5,1131
deep,ar_attitude_only,heave_rate,30,3.0,418944,0.07583395832753442,0.04457490188734053,0.5646443215908621,0.9819624511109486,0.3671127019343226,0.20656860394087184,384,0.9790366990026529,0.9846815481532541,unseen_vessel,0,True,108900,0.0451894210127648,,,,,6000,200,5,150,100|200|400,1091,399,5849,5,1131
deep,ar_attitude_only,heave_rate,50,5.0,418944,0.105933035920739,0.06354455751439304,0.7045835327535368,0.9773953461962717,0.36712660650455187,0.28854633263804474,384,0.9746558957607715,0.9800050368837626,unseen_vessel,0,True,108900,0.0451894210127648,,,,,6000,200,5,150,100|200|400,1091,399,5849,5,1131
deep,ar_attitude_only,heave_rate,100,10.0,418944,0.2354391594118707,0.14880008659184052,0.36620124201119936,0.5866501625126037,0.3672622047104473,0.6410655830961234,384,0.5697090302760761,0.6029602918878606,unseen_vessel,0,True,108900,0.0451894210127648,,,,,6000,200,5,150,100|200|400,1091,399,5849,5,1131
deep,ar_attitude_only,heave_rate,150,15.0,418944,0.3208093909157042,0.20234433637279378,0.5674871567575078,0.6804181759649781,0.3672906057877314,0.8734483971558747,384,0.6523207091343289,0.706323225082384,unseen_vessel,0,True,108900,0.0451894210127648,,,,,6000,200,5,150,100|200|400,1091,399,5849,5,1131
deep,dlinear,roll,10,1.0,418944,0.041327561033295546,0.017366009321746336,0.9937824600727138,0.998270594255532,2.164337896495412,0.019094782335149652,384,0.9979231097706647,0.9986637897499868,unseen_vessel,0,False,60300,,,,,mse,6000,200,5,150,100|200|400,1091,399,5849,5,1131
deep,dlinear,roll,20,2.0,418944,0.3082497220008727,0.11619290803773726,1.9304732108180853,0.9745036607827867,2.164546439184654,0.1424084586131517,384,0.9692907177617334,0.9804090337643253,unseen_vessel,0,False,60300,,,,,mse,6000,200,5,150,100|200|400,1091,399,5849,5,1131
deep,dlinear,roll,30,3.0,418944,0.772938098115798,0.29209072563086397,2.7574928795393854,0.9214292987890786,2.1644640050160047,0.3571036969543333,384,0.905042039068599,0.940119110449587,unseen_vessel,0,False,60300,,,,,mse,6000,200,5,150,100|200|400,1091,399,5849,5,1131
deep,dlinear,roll,50,5.0,418944,0.8604010799222446,0.32880601785613195,3.916023936558119,0.9517262298640581,2.16448261355922,0.39750888943728824,384,0.9415883508571841,0.9629977390419588,unseen_vessel,0,False,60300,,,,,mse,6000,200,5,150,100|200|400,1091,399,5849,5,1131
deep,dlinear,roll,100,10.0,418944,1.5733931649030717,0.6591471799455054,3.2722450879087255,0.7688026406193226,2.1658219526506457,0.7264646860640928,384,0.7465492701496208,0.7936247039021219,unseen_vessel,0,False,60300,,,,,mse,6000,200,5,150,100|200|400,1091,399,5849,5,1131
deep,dlinear,roll,150,15.0,418944,2.222241310632357,0.9412860165680138,1.6805099749527599,-0.7486393376908986,2.1674952305339903,1.0252577626594728,384,-1.134939228153216,-0.36135735620914755,unseen_vessel,0,False,60300,,,,,mse,6000,200,5,150,100|200|400,1091,399,5849,5,1131
deep,dlinear,pitch,10,1.0,418944,0.016713728241619718,0.010003246936629564,0.6877023559188356,0.9994093290004938,1.0558196506943205,0.015830097716620976,384,0.9993151646972948,0.99949307189247,unseen_vessel,0,False,60300,,,,,mse,6000,200,5,150,100|200|400,1091,399,5849,5,1131
deep,dlinear,pitch,20,2.0,418944,0.1189639584614733,0.06900604582099594,1.2858543786712318,0.9914405228448598,1.0560780997802575,0.11264693253863196,384,0.989942140559084,0.9927704920342273,unseen_vessel,0,False,60300,,,,,mse,6000,200,5,150,100|200|400,1091,399,5849,5,1131
deep,dlinear,pitch,30,3.0,418944,0.3012313492991819,0.17410631002854177,1.7230749268005872,0.9694372795889303,1.0563648177875178,0.2851584454791763,384,0.9640549163654152,0.9742472557347059,unseen_vessel,0,False,60300,,,,,mse,6000,200,5,150,100|200|400,1091,399,5849,5,1131
deep,dlinear,pitch,50,5.0,418944,0.3747255005194833,0.21809446954735776,1.9925227630235358,0.9646312335253444,1.056518056585286,0.35467969353085455,384,0.959117175003295,0.9696736377767973,unseen_vessel,0,False,60300,,,,,mse,6000,200,5,150,100|200|400,1091,399,5849,5,1131
deep,dlinear,pitch,100,10.0,418944,0.8132378096049605,0.4935197848320631,1.153113221907809,0.5026166763406859,1.0571110110609412,0.7693021840618008,384,0.47985980366297043,0.5282780617337278,unseen_vessel,0,False,60300,,,,,mse,6000,200,5,150,100|200|400,1091,399,5849,5,1131
deep,dlinear,pitch,150,15.0,418944,1.0446320613473143,0.6255639192577767,1.59606195052592,0.571621946521069,1.0572954896417577,0.9880228106347696,384,0.5352756357914243,0.6030797601192247,unseen_vessel,0,False,60300,,,,,mse,6000,200,5,150,100|200|400,1091,399,5849,5,1131
deep,dlinear,heave,10,1.0,418944,0.012413078765412349,0.006299637872238875,0.3615447710820917,0.9988212143165629,0.6545431487959708,0.018964492697305217,384,0.9984789935287235,0.9991330244014376,unseen_vessel,0,False,60300,,,,,mse,6000,200,5,150,100|200|400,1091,399,5849,5,1131
deep,dlinear,heave,20,2.0,418944,0.0908098444426851,0.044751362370366025,0.6911291778528944,0.9827357622975049,0.6546139081318875,0.1387227544581734,384,0.9775641154674003,0.9874967472192759,unseen_vessel,0,False,60300,,,,,mse,6000,200,5,150,100|200|400,1091,399,5849,5,1131
deep,dlinear,heave,30,3.0,418944,0.23458500364358975,0.11579614695356583,0.9606404750801385,0.9403680887728276,0.6547865316989431,0.3582618033314206,384,0.922725593246009,0.956774041311053,unseen_vessel,0,False,60300,,,,,mse,6000,200,5,150,100|200|400,1091,399,5849,5,1131
deep,dlinear,heave,50,5.0,418944,0.290089490965032,0.14389797192260664,1.2460719712770065,0.9458026892678371,0.65504861780891,0.4428518480587903,384,0.9299847023428437,0.9607292473151807,unseen_vessel,0,False,60300,,,,,mse,6000,200,5,150,100|200|400,1091,399,5849,5,1131
deep,dlinear,heave,100,10.0,418944,0.4981993657910791,0.2839270480478702,0.7178352074130163,0.5183219785715881,0.6551836782357057,0.7603964847424807,384,0.46193808003876524,0.575540052532901,unseen_vessel,0,False,60300,,,,,mse,6000,200,5,150,100|200|400,1091,399,5849,5,1131
deep,dlinear,heave,150,15.0,418944,0.6506134842564208,0.3820087958960861,0.9508272981508525,0.5317876806781213,0.655175104834019,0.9930375550842186,384,0.4596012784465877,0.5966789232234693,unseen_vessel,0,False,60300,,,,,mse,6000,200,5,150,100|200|400,1091,399,5849,5,1131
deep,dlinear,roll_rate,10,1.0,418944,0.017271761154268362,0.008041233736289389,0.4781279856234528,0.9986950769021016,1.003429994097196,0.017212721620712638,384,0.9984484778768238,0.9989650358724765,unseen_vessel,0,False,60300,,,,,mse,6000,200,5,150,100|200|400,1091,399,5849,5,1131
deep,dlinear,roll_rate,20,2.0,418944,0.12789141657605926,0.05320194798805833,0.9253840074739831,0.9808997603588734,1.0035097495577645,0.12744411963353577,384,0.9771590213093307,0.9850115272605855,unseen_vessel,0,False,60300,,,,,mse,6000,200,5,150,100|200|400,1091,399,5849,5,1131
deep,dlinear,roll_rate,30,3.0,418944,0.3198061641521852,0.13357230231525843,1.3139364134521425,0.9407586476842804,1.0037292675872695,0.318617952549022,384,0.9289566895448503,0.9537761058702573,unseen_vessel,0,False,60300,,,,,mse,6000,200,5,150,100|200|400,1091,399,5849,5,1131
deep,dlinear,roll_rate,50,5.0,418944,0.3568202845842428,0.1527484444160117,1.8337097261313333,0.9621350059017514,1.0040780504963167,0.3553710634425941,384,0.9549894417309687,0.9700749482778193,unseen_vessel,0,False,60300,,,,,mse,6000,200,5,150,100|200|400,1091,399,5849,5,1131
deep,dlinear,roll_rate,100,10.0,418944,0.6848618780487188,0.31980251192634895,1.4567282314550298,0.7789711770277264,1.0043507567410217,0.6818951182662522,384,0.7622261594561944,0.7964108938852736,unseen_vessel,0,False,60300,,,,,mse,6000,200,5,150,100|200|400,1091,399,5849,5,1131
deep,dlinear,roll_rate,150,15.0,418944,0.9779044914056889,0.45324704930929677,0.8980835140127613,-0.18565799253980897,1.0045752968253436,0.9734506656654411,384,-0.43167806705225076,0.05732983353583531,unseen_vessel,0,False,60300,,,,,mse,6000,200,5,150,100|200|400,1091,399,5849,5,1131
deep,dlinear,pitch_rate,10,1.0,418944,0.012574356905621063,0.007607647337451589,0.5015970472126259,0.9993715631782013,0.7033033480444127,0.017878994804425424,384,0.9993165576917866,0.9994218110155634,unseen_vessel,0,False,60300,,,,,mse,6000,200,5,150,100|200|400,1091,399,5849,5,1131
deep,dlinear,pitch_rate,20,2.0,418944,0.08681345987373233,0.051647236245868255,0.9240384272025958,0.9911733874062726,0.7032718636851464,0.12344224809283508,384,0.990421348943512,0.9918729838010457,unseen_vessel,0,False,60300,,,,,mse,6000,200,5,150,100|200|400,1091,399,5849,5,1131
deep,dlinear,pitch_rate,30,3.0,418944,0.2092465335938261,0.1262551336609629,1.2081985494446832,0.9700056175787427,0.7032100749235104,0.29755906670789134,384,0.9676866358804628,0.9722343451817164,unseen_vessel,0,False,60300,,,,,mse,6000,200,5,150,100|200|400,1091,399,5849,5,1131
deep,dlinear,pitch_rate,50,5.0,418944,0.2618394341904229,0.15821923974998917,1.2931639105009303,0.9590019731104562,0.7033693151644206,0.37226451104028463,384,0.9549876478008853,0.9627209967977842,unseen_vessel,0,False,60300,,,,,mse,6000,200,5,150,100|200|400,1091,399,5849,5,1131
deep,dlinear,pitch_rate,100,10.0,418944,0.5902394680625344,0.3600670800384123,0.8285948086236703,0.49257474693762027,0.7035318108543728,0.8389662826272837,384,0.47704632979655803,0.5078779589112287,unseen_vessel,0,False,60300,,,,,mse,6000,200,5,150,100|200|400,1091,399,5849,5,1131
deep,dlinear,pitch_rate,150,15.0,418944,0.7071730533190768,0.43051821933232326,1.0505844537780828,0.5469047937969662,0.7034916636610969,1.005233025276833,384,0.5223626420560983,0.569020911560172,unseen_vessel,0,False,60300,,,,,mse,6000,200,5,150,100|200|400,1091,399,5849,5,1131
deep,dlinear,heave_rate,10,1.0,418944,0.005546715531859834,0.0033054754607327835,0.2165955614354243,0.9993441980838487,0.36707332495950795,0.015110647259567811,384,0.999215696294867,0.9994575119882707,unseen_vessel,0,False,60300,,,,,mse,6000,200,5,150,100|200|400,1091,399,5849,5,1131
deep,dlinear,heave_rate,20,2.0,418944,0.03996906723920967,0.023290689552048136,0.41108398190696405,0.9905466243201891,0.36712395638464107,0.10887076842605581,384,0.9885773072738381,0.9923061415998939,unseen_vessel,0,False,60300,,,,,mse,6000,200,5,150,100|200|400,1091,399,5849,5,1131
deep,dlinear,heave_rate,30,3.0,418944,0.1032904633904001,0.06014910728148595,0.5646443215908621,0.9665365647921644,0.3671127019343226,0.2813590018709814,384,0.9597176599141849,0.9727414098438261,unseen_vessel,0,False,60300,,,,,mse,6000,200,5,150,100|200|400,1091,399,5849,5,1131
deep,dlinear,heave_rate,50,5.0,418944,0.1282598307245863,0.0751369549432848,0.7045835327535368,0.9668627589325948,0.36712660650455187,0.3493613060239916,384,0.9605048680998564,0.972905182321568,unseen_vessel,0,False,60300,,,,,mse,6000,200,5,150,100|200|400,1091,399,5849,5,1131
deep,dlinear,heave_rate,100,10.0,418944,0.25588720195041587,0.16150353008137855,0.36620124201119936,0.5117328516204829,0.3672622047104473,0.6967425416186225,384,0.4726202744914309,0.5514608274032429,unseen_vessel,0,False,60300,,,,,mse,6000,200,5,150,100|200|400,1091,399,5849,5,1131
deep,dlinear,heave_rate,150,15.0,418944,0.34658208455917294,0.2181568163206179,0.5674871567575078,0.6270074609077638,0.3672906057877314,0.9436181571152775,384,0.5977915206135278,0.6542363684024102,unseen_vessel,0,False,60300,,,,,mse,6000,200,5,150,100|200|400,1091,399,5849,5,1131
deep,dlinear,roll,10,1.0,418944,0.04381477233915589,0.017079220535094742,0.9937824600727138,0.9980561691775961,2.164337896495412,0.020243961171729535,384,0.9976800916496729,0.9984814351923108,unseen_vessel,1,False,60300,,,,,mse,6000,200,5,150,100|200|400,1091,399,5849,5,1131
deep,dlinear,roll,20,2.0,418944,0.31040667245277553,0.11843771855502193,1.9304732108180853,0.9741455955811045,2.164546439184654,0.14340494933880937,384,0.9688588803270859,0.9801314930783316,unseen_vessel,1,False,60300,,,,,mse,6000,200,5,150,100|200|400,1091,399,5849,5,1131
deep,dlinear,roll,30,3.0,418944,0.7831026388377748,0.2944832969572681,2.7574928795393854,0.9193492193395186,2.1644640050160047,0.36179979755864977,384,0.9026636693558803,0.9384270755980584,unseen_vessel,1,False,60300,,,,,mse,6000,200,5,150,100|200|400,1091,399,5849,5,1131
deep,dlinear,roll,50,5.0,418944,0.8569046607922435,0.3289531404224408,3.916023936558119,0.9521177737384658,2.16448261355922,0.39589352920842885,384,0.9421390419633207,0.9631924578806934,unseen_vessel,1,False,60300,,,,,mse,6000,200,5,150,100|200|400,1091,399,5849,5,1131
deep,dlinear,roll,100,10.0,418944,1.563501863376028,0.6556506645356625,3.2722450879087255,0.7717003963817508,2.1658219526506457,0.7218976894488178,384,0.749569688884891,0.7962718697105544,unseen_vessel,1,False,60300,,,,,mse,6000,200,5,150,100|200|400,1091,399,5849,5,1131
deep,dlinear,roll,150,15.0,418944,2.218926315393196,0.9397878430823858,1.6805099749527599,-0.7434262157330851,2.1674952305339903,1.0237283497258425,384,-1.129314607751161,-0.3571036166978128,unseen_vessel,1,False,60300,,,,,mse,6000,200,5,150,100|200|400,1091,399,5849,5,1131
deep,dlinear,pitch,10,1.0,418944,0.016337801818761453,0.009492796281466404,0.6877023559188356,0.9994356010163197,1.0558196506943205,0.015474045977471158,384,0.9993331494441025,0.9995261351479248,unseen_vessel,1,False,60300,,,,,mse,6000,200,5,150,100|200|400,1091,399,5849,5,1131
deep,dlinear,pitch,20,2.0,418944,0.11974416194022529,0.06962973341691134,1.2858543786712318,0.9913278831411654,1.0560780997802575,0.11338570695210984,384,0.9898110953713446,0.992675097476728,unseen_vessel,1,False,60300,,,,,mse,6000,200,5,150,100|200|400,1091,399,5849,5,1131
deep,dlinear,pitch,30,3.0,418944,0.29823482277136887,0.17188784474370478,1.7230749268005872,0.9700423062071313,1.0563648177875178,0.28232180563907916,384,0.9645291114047292,0.9749569370357457,unseen_vessel,1,False,60300,,,,,mse,6000,200,5,150,100|200|400,1091,399,5849,5,1131
deep,dlinear,pitch,50,5.0,418944,0.3730956621150862,0.21726567802653776,1.9925227630235358,0.9649382316446594,1.056518056585286,0.35313704275055,384,0.9594621611123427,0.9699480424168145,unseen_vessel,1,False,60300,,,,,mse,6000,200,5,150,100|200|400,1091,399,5849,5,1131
deep,dlinear,pitch,100,10.0,418944,0.8125522722798671,0.4931666650526205,1.153113221907809,0.5034548840899393,1.0571110110609412,0.7686536832724605,384,0.48078277486840554,0.5290800783913755,unseen_vessel,1,False,60300,,,,,mse,6000,200,5,150,100|200|400,1091,399,5849,5,1131
deep,dlinear,pitch,150,15.0,418944,1.0440014957562167,0.6252233158911361,1.59606195052592,0.5721389494828237,1.0572954896417577,0.9874264157789556,384,0.5358802708909209,0.6036368689138926,unseen_vessel,1,False,60300,,,,,mse,6000,200,5,150,100|200|400,1091,399,5849,5,1131
deep,dlinear,heave,10,1.0,418944,0.012408056665006887,0.005938004483728143,0.3615447710820917,0.9988221679530641,0.6545431487959708,0.01895682001687964,384,0.9984632932541141,0.9991480286613273,unseen_vessel,1,False,60300,,,,,mse,6000,200,5,150,100|200|400,1091,399,5849,5,1131
deep,dlinear,heave,20,2.0,418944,0.09109037079356819,0.044880237944152974,0.6911291778528944,0.9826289334805743,0.6546139081318875,0.13915129156592235,384,0.9774047133501587,0.9874429523213094,unseen_vessel,1,False,60300,,,,,mse,6000,200,5,150,100|200|400,1091,399,5849,5,1131
deep,dlinear,heave,30,3.0,418944,0.23403818859958297,0.11396956501409028,0.9606404750801385,0.9406457674108343,0.6547865316989431,0.3574266990378305,384,0.922670422404223,0.9573199885743052,unseen_vessel,1,False,60300,,,,,mse,6000,200,5,150,100|200|400,1091,399,5849,5,1131
deep,dlinear,heave,50,5.0,418944,0.2893146589258663,0.1434837159865795,1.2460719712770065,0.9460918257663543,0.65504861780891,0.4416689861793813,384,0.9304183665802725,0.960874690110474,unseen_vessel,1,False,60300,,,,,mse,6000,200,5,150,100|200|400,1091,399,5849,5,1131
deep,dlinear,heave,100,10.0,418944,0.49757739538859364,0.28366015030632147,0.7178352074130163,0.5195239169286363,0.6551836782357057,0.7594471778181074,384,0.46348250489553094,0.5765767150277833,unseen_vessel,1,False,60300,,,,,mse,6000,200,5,150,100|200|400,1091,399,5849,5,1131
deep,dlinear,heave,150,15.0,418944,0.6502334808375648,0.3817306099308818,0.9508272981508525,0.5323344579181197,0.655175104834019,0.9924575522482557,384,0.46019120414031356,0.5971148681310058,unseen_vessel,1,False,60300,,,,,mse,6000,200,5,150,100|200|400,1091,399,5849,5,1131
deep,dlinear,roll_rate,10,1.0,418944,0.018268423419132377,0.007798380009223939,0.4781279856234528,0.9985401312601581,1.003429994097196,0.018205977025401564,384,0.9982717295919143,0.9988405290514777,unseen_vessel,1,False,60300,,,,,mse,6000,200,5,150,100|200|400,1091,399,5849,5,1131
deep,dlinear,roll_rate,20,2.0,418944,0.12876860436420648,0.05417370604926565,0.9253840074739831,0.9806368505297689,1.0035097495577645,0.12831823947993864,384,0.9768486331244836,0.9848097517310433,unseen_vessel,1,False,60300,,,,,mse,6000,200,5,150,100|200|400,1091,399,5849,5,1131
deep,dlinear,roll_rate,30,3.0,418944,0.3237747240755031,0.13420307609081086,1.3139364134521425,0.9392792416557371,1.0037292675872695,0.3225717676378829,384,0.9272582993461866,0.9526014680217121,unseen_vessel,1,False,60300,,,,,mse,6000,200,5,150,100|200|400,1091,399,5849,5,1131
deep,dlinear,roll_rate,50,5.0,418944,0.3557654600162185,0.15284883515701772,1.8337097261313333,0.9623585463870103,1.0040780504963167,0.35432052303141504,384,0.9553125038005378,0.9701305540316464,unseen_vessel,1,False,60300,,,,,mse,6000,200,5,150,100|200|400,1091,399,5849,5,1131
deep,dlinear,roll_rate,100,10.0,418944,0.6807683433581682,0.31834151735612526,1.4567282314550298,0.7816055333697783,1.0043507567410217,0.6778193163981542,384,0.7650523299668928,0.7989361572857067,unseen_vessel,1,False,60300,,,,,mse,6000,200,5,150,100|200|400,1091,399,5849,5,1131
deep,dlinear,roll_rate,150,15.0,418944,0.9763659644217073,0.4525522178689414,0.8980835140127613,-0.18193016050721544,1.0045752968253436,0.9719191458392582,384,-0.42710338122089697,0.060435600389317674,unseen_vessel,1,False,60300,,,,,mse,6000,200,5,150,100|200|400,1091,399,5849,5,1131
deep,dlinear,pitch_rate,10,1.0,418944,0.012634416530201123,0.007395885293091749,0.5015970472126259,0.9993655455633796,0.7033033480444127,0.01796439127629928,384,0.9993000824120496,0.9994266346048858,unseen_vessel,1,False,60300,,,,,mse,6000,200,5,150,100|200|400,1091,399,5849,5,1131
deep,dlinear,pitch_rate,20,2.0,418944,0.08744169711884649,0.05215575375433356,0.9240384272025958,0.9910451752349356,0.7032718636851464,0.12433555447626153,384,0.9902954086151159,0.9917514869406653,unseen_vessel,1,False,60300,,,,,mse,6000,200,5,150,100|200|400,1091,399,5849,5,1131
deep,dlinear,pitch_rate,30,3.0,418944,0.20844747812286724,0.1254777402236054,1.2081985494446832,0.9702342609202237,0.7032100749235104,0.29642276974706383,384,0.9677574536616629,0.972563383946119,unseen_vessel,1,False,60300,,,,,mse,6000,200,5,150,100|200|400,1091,399,5849,5,1131
deep,dlinear,pitch_rate,50,5.0,418944,0.26095360104430815,0.1577058441839923,1.2931639105009303,0.9592789060197493,0.7033693151644206,0.371005097063848,384,0.9553025345496627,0.9629786244430035,unseen_vessel,1,False,60300,,,,,mse,6000,200,5,150,100|200|400,1091,399,5849,5,1131
deep,dlinear,pitch_rate,100,10.0,418944,0.5898215210366835,0.35982486003979386,0.8285948086236703,0.4932931055066063,0.7035318108543728,0.8383722127936207,384,0.47773040559046204,0.5086233624904025,unseen_vessel,1,False,60300,,,,,mse,6000,200,5,150,100|200|400,1091,399,5849,5,1131
deep,dlinear,pitch_rate,150,15.0,418944,0.706861757014645,0.43034375603757646,1.0505844537780828,0.5473036093861556,0.7034916636610969,1.0047905235095602,384,0.5226837529018218,0.5694291243779693,unseen_vessel,1,False,60300,,,,,mse,6000,200,5,150,100|200|400,1091,399,5849,5,1131
deep,dlinear,heave_rate,10,1.0,418944,0.005346340240007112,0.00305000707698822,0.2165955614354243,0.9993907239845924,0.36707332495950795,0.014564774600815435,384,0.9992511253189967,0.9995125150924389,unseen_vessel,1,False,60300,,,,,mse,6000,200,5,150,100|200|400,1091,399,5849,5,1131
deep,dlinear,heave_rate,20,2.0,418944,0.04006270050502477,0.023362597647897543,0.41108398190696405,0.990502280666712,0.36712395638464107,0.10912581379748071,384,0.9885123743096506,0.9922782152961038,unseen_vessel,1,False,60300,,,,,mse,6000,200,5,150,100|200|400,1091,399,5849,5,1131
deep,dlinear,heave_rate,30,3.0,418944,0.1018776898928381,0.05881990054264712,0.5646443215908621,0.9674457085448694,0.3671127019343226,0.27751066458894763,384,0.9604539554700813,0.9737137755377329,unseen_vessel,1,False,60300,,,,,mse,6000,200,5,150,100|200|400,1091,399,5849,5,1131
deep,dlinear,heave_rate,50,5.0,418944,0.12786986374742085,0.07487580851292412,0.7045835327535368,0.967063956527953,0.36712660650455187,0.34829909214393984,384,0.9607412324247919,0.973060863645355,unseen_vessel,1,False,60300,,,,,mse,6000,200,5,150,100|200|400,1091,399,5849,5,1131
deep,dlinear,heave_rate,100,10.0,418944,0.25569522308260906,0.16139893522440452,0.36620124201119936,0.5124652197157142,0.3672622047104473,0.6962198119030555,384,0.4734858843201951,0.5521243143786174,unseen_vessel,1,False,60300,,,,,mse,6000,200,5,150,100|200|400,1091,399,5849,5,1131
deep,dlinear,heave_rate,150,15.0,418944,0.3463344917900207,0.21799104300248326,0.5674871567575078,0.627540190514732,0.3672906057877314,0.9429440512022736,384,0.5982903941013906,0.6546613230419168,unseen_vessel,1,False,60300,,,,,mse,6000,200,5,150,100|200|400,1091,399,5849,5,1131
deep,dlinear,roll,10,1.0,418944,0.04127015641891803,0.016177674390090074,0.9937824600727138,0.9982753952609401,2.164337896495412,0.019068259390432715,384,0.9979197032470228,0.9986777293043909,unseen_vessel,2,False,60300,,,,,mse,6000,200,5,150,100|200|400,1091,399,5849,5,1131
deep,dlinear,roll,20,2.0,418944,0.3002357709389467,0.11428787601383854,1.9304732108180853,0.9758121476134204,2.164546439184654,0.1387060889541553,384,0.9707225929667262,0.9815596400815619,unseen_vessel,2,False,60300,,,,,mse,6000,200,5,150,100|200|400,1091,399,5849,5,1131
deep,dlinear,roll,30,3.0,418944,0.7841771336414713,0.2941231807234219,2.7574928795393854,0.9191277456968175,2.1644640050160047,0.362296222909779,384,0.9024789943318342,0.9381672790584812,unseen_vessel,2,False,60300,,,,,mse,6000,200,5,150,100|200|400,1091,399,5849,5,1131
deep,dlinear,roll,50,5.0,418944,0.862250950875036,0.3302047475590247,3.916023936558119,0.9515184285363895,2.16448261355922,0.3983635375371173,384,0.9413777705905759,0.9628023162581185,unseen_vessel,2,False,60300,,,,,mse,6000,200,5,150,100|200|400,1091,399,5849,5,1131
deep,dlinear,roll,100,10.0,418944,1.5669556995278522,0.6571131694705848,3.2722450879087255,0.7706906369860782,2.1658219526506457,0.7234923893952272,384,0.7485175927465306,0.7953890379200955,unseen_vessel,2,False,60300,,,,,mse,6000,200,5,150,100|200|400,1091,399,5849,5,1131
deep,dlinear,roll,150,15.0,418944,2.219550318233508,0.9401818222998423,1.6805099749527599,-0.744406920565043,2.1674952305339903,1.0240162409430968,384,-1.1301057823699259,-0.3580302520259349,unseen_vessel,2,False,60300,,,,,mse,6000,200,5,150,100|200|400,1091,399,5849,5,1131
deep,dlinear,pitch,10,1.0,418944,0.017665669305694194,0.010471843018412625,0.6877023559188356,0.9993401288085346,1.0558196506943205,0.016731711039927155,384,0.999247518299601,0.999421064902634,unseen_vessel,2,False,60300,,,,,mse,6000,200,5,150,100|200|400,1091,399,5849,5,1131
deep,dlinear,pitch,20,2.0,418944,0.12108776174689269,0.07070569812607545,1.2858543786712318,0.9911321788217263,1.0560780997802575,0.11465796116034213,384,0.9896783343457626,0.9924115667610124,unseen_vessel,2,False,60300,,,,,mse,6000,200,5,150,100|200|400,1091,399,5849,5,1131
deep,dlinear,pitch,30,3.0,418944,0.29822674757886025,0.171620347472783,1.7230749268005872,0.9700439284916594,1.0563648177875178,0.28231416131737075,384,0.9645063840730503,0.9749755615542688,unseen_vessel,2,False,60300,,,,,mse,6000,200,5,150,100|200|400,1091,399,5849,5,1131
deep,dlinear,pitch,50,5.0,418944,0.3750170989775802,0.21832251385344048,1.9925227630235358,0.9645761666000842,1.056518056585286,0.35495569303344643,384,0.9590390298083217,0.9696272563521009,unseen_vessel,2,False,60300,,,,,mse,6000,200,5,150,100|200|400,1091,399,5849,5,1131
deep,dlinear,pitch,100,10.0,418944,0.813991385294969,0.49395855879562856,1.153113221907809,0.5016944623561739,1.0571110110609412,0.7700150474055022,384,0.4789768992899846,0.5275441631147316,unseen_vessel,2,False,60300,,,,,mse,6000,200,5,150,100|200|400,1091,399,5849,5,1131
deep,dlinear,pitch,150,15.0,418944,1.0441662295191574,0.6253286102448594,1.59606195052592,0.5720039138110382,1.0572954896417577,0.9875822225184665,384,0.5357107531226403,0.6034909193340716,unseen_vessel,2,False,60300,,,,,mse,6000,200,5,150,100|200|400,1091,399,5849,5,1131
deep,dlinear,heave,10,1.0,418944,0.012413233918602086,0.006371450209484597,0.3615447710820917,0.9988211848486919,0.6545431487959708,0.018964729737735664,384,0.9984827660530171,0.9991338233987499,unseen_vessel,2,False,60300,,,,,mse,6000,200,5,150,100|200|400,1091,399,5849,5,1131
deep,dlinear,heave,20,2.0,418944,0.0902773408058175,0.045236999122477334,0.6911291778528944,0.9829376416206692,0.6546139081318875,0.1379092923085725,384,0.9779353401539017,0.9875623807565798,unseen_vessel,2,False,60300,,,,,mse,6000,200,5,150,100|200|400,1091,399,5849,5,1131
deep,dlinear,heave,30,3.0,418944,0.23517842352134444,0.11493448174644032,0.9606404750801385,0.9400660104717766,0.6547865316989431,0.3591680832394923,384,0.9221097434113975,0.9567539753920062,unseen_vessel,2,False,60300,,,,,mse,6000,200,5,150,100|200|400,1091,399,5849,5,1131
deep,dlinear,heave,50,5.0,418944,0.2901798252212204,0.14394220004322328,1.2460719712770065,0.9457689297819147,0.65504861780891,0.4429897527176697,384,0.9299413994786409,0.9607119391755375,unseen_vessel,2,False,60300,,,,,mse,6000,200,5,150,100|200|400,1091,399,5849,5,1131
deep,dlinear,heave,100,10.0,418944,0.49815868804541336,0.2841713669748902,0.7178352074130163,0.518400632931632,0.6551836782357057,0.7603343987244418,384,0.4624302267145843,0.5755117148067385,unseen_vessel,2,False,60300,,,,,mse,6000,200,5,150,100|200|400,1091,399,5849,5,1131
deep,dlinear,heave,150,15.0,418944,0.6502576830977724,0.38177551390000236,0.9508272981508525,0.5322996434272742,0.655175104834019,0.9924944923884245,384,0.460179397444467,0.5970624316335421,unseen_vessel,2,False,60300,,,,,mse,6000,200,5,150,100|200|400,1091,399,5849,5,1131
deep,dlinear,roll_rate,10,1.0,418944,0.017185339906537384,0.007511632275715623,0.4781279856234528,0.9987081028980901,1.003429994097196,0.017126595784092882,384,0.9984558179132699,0.998984843605575,unseen_vessel,2,False,60300,,,,,mse,6000,200,5,150,100|200|400,1091,399,5849,5,1131
deep,dlinear,roll_rate,20,2.0,418944,0.12441821455028286,0.052535510562070224,0.9253840074739831,0.9819231002288563,1.0035097495577645,0.12398306504257937,384,0.9783050056955789,0.9859086440085507,unseen_vessel,2,False,60300,,,,,mse,6000,200,5,150,100|200|400,1091,399,5849,5,1131
deep,dlinear,roll_rate,30,3.0,418944,0.32446758656061053,0.13415936118371322,1.3139364134521425,0.939019084531013,1.0037292675872695,0.32326205585352186,384,0.9270247696677213,0.9523174467535058,unseen_vessel,2,False,60300,,,,,mse,6000,200,5,150,100|200|400,1091,399,5849,5,1131
deep,dlinear,roll_rate,50,5.0,418944,0.35768855565275204,0.15334610660507603,1.8337097261313333,0.9619505036122866,1.0040780504963167,0.3562358080389729,384,0.9548032101669366,0.9698966416978735,unseen_vessel,2,False,60300,,,,,mse,6000,200,5,150,100|200|400,1091,399,5849,5,1131
deep,dlinear,roll_rate,100,10.0,418944,0.6822474558765762,0.31902567260151166,1.4567282314550298,0.7806554865057558,1.0043507567410217,0.6792920215347615,384,0.7640006763457134,0.7980142839484147,unseen_vessel,2,False,60300,,,,,mse,6000,200,5,150,100|200|400,1091,399,5849,5,1131
deep,dlinear,roll_rate,150,15.0,418944,0.9767166907015123,0.4527474911756578,0.8980835140127613,-0.18277944947653602,1.0045752968253436,0.9722682747506634,384,-0.4281031698384109,0.059603447708665706,unseen_vessel,2,False,60300,,,,,mse,6000,200,5,150,100|200|400,1091,399,5849,5,1131
deep,dlinear,pitch_rate,10,1.0,418944,0.013240733536226106,0.007926661053411879,0.5015970472126259,0.9993031903622679,0.7033033480444127,0.018826490124130575,384,0.9992554336626306,0.999349465034443,unseen_vessel,2,False,60300,,,,,mse,6000,200,5,150,100|200|400,1091,399,5849,5,1131
deep,dlinear,pitch_rate,20,2.0,418944,0.08834773841449667,0.052786856374554735,0.9240384272025958,0.9908586400768288,0.7032718636851464,0.12562387744556464,384,0.9901548452029558,0.9915273741131183,unseen_vessel,2,False,60300,,,,,mse,6000,200,5,150,100|200|400,1091,399,5849,5,1131
deep,dlinear,pitch_rate,30,3.0,418944,0.20714017420474748,0.12468086797690973,1.2081985494446832,0.970606449101771,0.7032100749235104,0.2945637180003124,384,0.9682072074239828,0.9729076362086644,unseen_vessel,2,False,60300,,,,,mse,6000,200,5,150,100|200|400,1091,399,5849,5,1131
deep,dlinear,pitch_rate,50,5.0,418944,0.2619516013532911,0.15834907657247538,1.2931639105009303,0.9589668399964693,0.7033693151644206,0.37242398226038187,384,0.9549334088696178,0.9626698551267497,unseen_vessel,2,False,60300,,,,,mse,6000,200,5,150,100|200|400,1091,399,5849,5,1131
deep,dlinear,pitch_rate,100,10.0,418944,0.5905345899516706,0.36025223054422734,0.8285948086236703,0.4920671911209308,0.7035318108543728,0.8393857688318632,384,0.47639338294526296,0.5076351480619875,unseen_vessel,2,False,60300,,,,,mse,6000,200,5,150,100|200|400,1091,399,5849,5,1131
deep,dlinear,pitch_rate,150,15.0,418944,0.7069797764518717,0.4304138549481212,1.0505844537780828,0.547152430084471,0.7034916636610969,1.0049582858915798,384,0.5225278027939314,0.5692791752260928,unseen_vessel,2,False,60300,,,,,mse,6000,200,5,150,100|200|400,1091,399,5849,5,1131
deep,dlinear,heave_rate,10,1.0,418944,0.005676679501137917,0.0034183915398099582,0.2165955614354243,0.9993131061231038,0.36707332495950795,0.015464701777946177,384,0.9991870214106253,0.9994293725039393,unseen_vessel,2,False,60300,,,,,mse,6000,200,5,150,100|200|400,1091,399,5849,5,1131
deep,dlinear,heave_rate,20,2.0,418944,0.0403358334427458,0.023805843287634517,0.41108398190696405,0.9903723352110971,0.36712395638464107,0.10986979395178822,384,0.9884723144431882,0.9920971555213458,unseen_vessel,2,False,60300,,,,,mse,6000,200,5,150,100|200|400,1091,399,5849,5,1131
deep,dlinear,heave_rate,30,3.0,418944,0.10266225939410878,0.059325812456262575,0.5646443215908621,0.9669423706415533,0.3671127019343226,0.2796477998532323,384,0.9599728645895689,0.9732033910282566,unseen_vessel,2,False,60300,,,,,mse,6000,200,5,150,100|200|400,1091,399,5849,5,1131
deep,dlinear,heave_rate,50,5.0,418944,0.12828640289799187,0.07516876057389925,0.7045835327535368,0.9668490271239311,0.36712660650455187,0.3494336847972398,384,0.9604835100446343,0.9728919830547998,unseen_vessel,2,False,60300,,,,,mse,6000,200,5,150,100|200|400,1091,399,5849,5,1131
deep,dlinear,heave_rate,100,10.0,418944,0.2562105942963437,0.1617439982695424,0.36620124201119936,0.5104979196959318,0.3672622047104473,0.6976230905609858,384,0.47123030664729887,0.5504538373777781,unseen_vessel,2,False,60300,,,,,mse,6000,200,5,150,100|200|400,1091,399,5849,5,1131
deep,dlinear,heave_rate,150,15.0,418944,0.34637496386770256,0.21802470836084842,0.5674871567575078,0.6274531353500018,0.3672906057877314,0.9430542420893917,384,0.5982270413334543,0.654583283205806,unseen_vessel,2,False,60300,,,,,mse,6000,200,5,150,100|200|400,1091,399,5849,5,1131
deep,dlinear_ols,roll,10,1.0,418944,0.01282309038400133,0.004874315762279455,0.9937824600727138,0.9998335044033175,2.164337896495412,0.00592471739498949,384,0.9997981878353471,0.999873564267352,unseen_vessel,0,True,60300,0.08966310101095587,,,,,6000,200,5,150,100|200|400,1091,399,5849,5,1131
deep,dlinear_ols,roll,20,2.0,418944,0.12529352531513077,0.0475671164979593,1.9304732108180853,0.9957875990771871,2.164546439184654,0.057884424675280516,384,0.9948904806127008,0.9968024957340978,unseen_vessel,0,True,60300,0.08966310101095587,,,,,6000,200,5,150,100|200|400,1091,399,5849,5,1131
deep,dlinear_ols,roll,30,3.0,418944,0.44104824680375654,0.16703601782323535,2.7574928795393854,0.9744174753773829,2.1644640050160047,0.20376788238642726,384,0.9689530323766088,0.9806188213881252,unseen_vessel,0,True,60300,0.08966310101095587,,,,,6000,200,5,150,100|200|400,1091,399,5849,5,1131
deep,dlinear_ols,roll,50,5.0,418944,0.8899953228468361,0.33727439802711373,3.916023936558119,0.9483482817764721,2.16448261355922,0.41118155316727195,384,0.9373223591777083,0.9605068529047502,unseen_vessel,0,True,60300,0.08966310101095587,,,,,6000,200,5,150,100|200|400,1091,399,5849,5,1131
deep,dlinear_ols,roll,100,10.0,418944,1.6249270645721647,0.6688192373919039,3.2722450879087255,0.7534096394020049,2.1658219526506457,0.7502588394135974,384,0.7272875553924589,0.7830889430518388,unseen_vessel,0,True,60300,0.08966310101095587,,,,,6000,200,5,150,100|200|400,1091,399,5849,5,1131
deep,dlinear_ols,roll,150,15.0,418944,2.158212393481647,0.9187000231648881,1.6805099749527599,-0.6493247457310576,2.1674952305339903,0.9957172514515493,384,-1.009566352598731,-0.2869423423918165,unseen_vessel,0,True,60300,0.08966310101095587,,,,,6000,200,5,150,100|200|400,1091,399,5849,5,1131
deep,dlinear_ols,pitch,10,1.0,418944,0.0054305872306148004,0.003180935816985638,0.6877023559188356,0.9999376419445449,1.0558196506943205,0.005143479975054051,384,0.9999278439071848,0.9999463682882677,unseen_vessel,0,True,60300,0.08966310101095587,,,,,6000,200,5,150,100|200|400,1091,399,5849,5,1131
deep,dlinear_ols,pitch,20,2.0,418944,0.052802255526560746,0.030842683018939936,1.2858543786712318,0.998313752290563,1.0560780997802575,0.04999843812455493,384,0.9980419128312753,0.998555969434509,unseen_vessel,0,True,60300,0.08966310101095587,,,,,6000,200,5,150,100|200|400,1091,399,5849,5,1131
deep,dlinear_ols,pitch,30,3.0,418944,0.18386229365917195,0.10679542043035153,1.7230749268005872,0.9886138468393352,1.0563648177875178,0.174051890562068,384,0.9866985727493034,0.990310368522493,unseen_vessel,0,True,60300,0.08966310101095587,,,,,6000,200,5,150,100|200|400,1091,399,5849,5,1131
deep,dlinear_ols,pitch,50,5.0,418944,0.37081450935410654,0.21162642329468098,1.9925227630235358,0.9653656648752593,1.056518056585286,0.35097791944284956,384,0.9590694443241351,0.9710748313059798,unseen_vessel,0,True,60300,0.08966310101095587,,,,,6000,200,5,150,100|200|400,1091,399,5849,5,1131
deep,dlinear_ols,pitch,100,10.0,418944,0.7863837885193422,0.4729747770247398,1.153113221907809,0.5349226385812659,1.0571110110609412,0.7438989664199119,384,0.5110472676375292,0.560900543416678,unseen_vessel,0,True,60300,0.08966310101095587,,,,,6000,200,5,150,100|200|400,1091,399,5849,5,1131
deep,dlinear_ols,pitch,150,15.0,418944,1.0372991823808768,0.6215973286964733,1.59606195052592,0.5776149069607319,1.0572954896417577,0.9810873048671983,384,0.5416863853886631,0.6088912980080923,unseen_vessel,0,True,60300,0.08966310101095587,,,,,6000,200,5,150,100|200|400,1091,399,5849,5,1131
deep,dlinear_ols,heave,10,1.0,418944,0.004017735074701849,0.0020079530440733208,0.3615447710820917,0.9998765081140454,0.6545431487959708,0.006138227987096732,384,0.999839246963495,0.9999103906008805,unseen_vessel,0,True,60300,0.08966310101095587,,,,,6000,200,5,150,100|200|400,1091,399,5849,5,1131
deep,dlinear_ols,heave,20,2.0,418944,0.03971071732874965,0.019757137150589618,0.6911291778528944,0.9966986086592545,0.6546139081318875,0.06066280724476906,384,0.9957034684828113,0.9976103287951688,unseen_vessel,0,True,60300,0.08966310101095587,,,,,6000,200,5,150,100|200|400,1091,399,5849,5,1131
deep,dlinear_ols,heave,30,3.0,418944,0.14195865411048297,0.07008026417546483,0.9606404750801385,0.9781625469427944,0.6547865316989431,0.2168014264773432,384,0.9715543803558353,0.9842528323858558,unseen_vessel,0,True,60300,0.08966310101095587,,,,,6000,200,5,150,100|200|400,1091,399,5849,5,1131
deep,dlinear_ols,heave,50,5.0,418944,0.306571395864849,0.14806294242420232,1.2460719712770065,0.9394691171694717,0.65504861780891,0.4680131940287242,384,0.9211041366175007,0.9567220356668389,unseen_vessel,0,True,60300,0.08966310101095587,,,,,6000,200,5,150,100|200|400,1091,399,5849,5,1131
deep,dlinear_ols,heave,100,10.0,418944,0.5228441267252757,0.28741334893326526,0.7178352074130163,0.46948831116791134,0.6551836782357057,0.798011525765115,384,0.3936103633346854,0.5437948076082225,unseen_vessel,0,True,60300,0.08966310101095587,,,,,6000,200,5,150,100|200|400,1091,399,5849,5,1131
deep,dlinear_ols,heave,150,15.0,418944,0.6464442016417793,0.378993172670678,0.9508272981508525,0.5377692803346602,0.655175104834019,0.98667393933649,384,0.46601412539900616,0.602453911946235,unseen_vessel,0,True,60300,0.08966310101095587,,,,,6000,200,5,150,100|200|400,1091,399,5849,5,1131
deep,dlinear_ols,roll_rate,10,1.0,418944,0.0053227794842583215,0.0022591854553333725,0.4781279856234528,0.9998760665271087,1.003429994097196,0.005304584789741432,384,0.9998510455511533,0.999903301599484,unseen_vessel,0,True,60300,0.08966310101095587,,,,,6000,200,5,150,100|200|400,1091,399,5849,5,1131
deep,dlinear_ols,roll_rate,20,2.0,418944,0.051954310159619904,0.022016242940493487,0.9253840074739831,0.9968479058138142,1.0035097495577645,0.05177260129512004,384,0.9962049335573633,0.9975429179297338,unseen_vessel,0,True,60300,0.08966310101095587,,,,,6000,200,5,150,100|200|400,1091,399,5849,5,1131
deep,dlinear_ols,roll_rate,30,3.0,418944,0.18258309901266645,0.07710649697017104,1.3139364134521425,0.9806904367320369,1.0037292675872695,0.18190472760802673,384,0.9767747629076534,0.9849615177972443,unseen_vessel,0,True,60300,0.08966310101095587,,,,,6000,200,5,150,100|200|400,1091,399,5849,5,1131
deep,dlinear_ols,roll_rate,50,5.0,418944,0.3676529297060927,0.15533589621096086,1.8337097261313333,0.9598010337391067,1.0040780504963167,0.36615971191120206,384,0.9520537540534869,0.9682054308052871,unseen_vessel,0,True,60300,0.08966310101095587,,,,,6000,200,5,150,100|200|400,1091,399,5849,5,1131
deep,dlinear_ols,roll_rate,100,10.0,418944,0.7006521645555646,0.3206855213183018,1.4567282314550298,0.768661528302292,1.0043507567410217,0.6976170026785097,384,0.7485108460170824,0.789502056352335,unseen_vessel,0,True,60300,0.08966310101095587,,,,,6000,200,5,150,100|200|400,1091,399,5849,5,1131
deep,dlinear_ols,roll_rate,150,15.0,418944,0.9518963496890097,0.4437913861586944,0.8980835140127613,-0.12342963104658167,1.0045752968253436,0.9475609769593083,384,-0.34993218373213103,0.10200961467947528,unseen_vessel,0,True,60300,0.08966310101095587,,,,,6000,200,5,150,100|200|400,1091,399,5849,5,1131
deep,dlinear_ols,pitch_rate,10,1.0,418944,0.0040828499017610915,0.002417338570100717,0.5015970472126259,0.9999337452703904,0.7033033480444127,0.005805247356085762,384,0.9999282456505474,0.9999389318587956,unseen_vessel,0,True,60300,0.08966310101095587,,,,,6000,200,5,150,100|200|400,1091,399,5849,5,1131
deep,dlinear_ols,pitch_rate,20,2.0,418944,0.03888415850463655,0.0231509464086359,0.9240384272025958,0.99822921699538,0.7032718636851464,0.05529036566440104,384,0.9980844615045933,0.9983670068927115,unseen_vessel,0,True,60300,0.08966310101095587,,,,,6000,200,5,150,100|200|400,1091,399,5849,5,1131
deep,dlinear_ols,pitch_rate,30,3.0,418944,0.13108157261791795,0.07864286647470664,1.2081985494446832,0.9882291814176574,0.7032100749235104,0.18640457139664268,384,0.987261099803829,0.9891302319230423,unseen_vessel,0,True,60300,0.08966310101095587,,,,,6000,200,5,150,100|200|400,1091,399,5849,5,1131
deep,dlinear_ols,pitch_rate,50,5.0,418944,0.24420357243631943,0.14832656684106024,1.2931639105009303,0.9643387243725167,0.7033693151644206,0.34719110881206705,384,0.9610486455289277,0.9671687086634267,unseen_vessel,0,True,60300,0.08966310101095587,,,,,6000,200,5,150,100|200|400,1091,399,5849,5,1131
deep,dlinear_ols,pitch_rate,100,10.0,418944,0.5549044863840825,0.3395462657857131,0.8285948086236703,0.5515107309634055,0.7035318108543728,0.7887411454930567,384,0.5374483074665423,0.5663061225764436,unseen_vessel,0,True,60300,0.08966310101095587,,,,,6000,200,5,150,100|200|400,1091,399,5849,5,1131
deep,dlinear_ols,pitch_rate,150,15.0,418944,0.7037008379052527,0.42846001976166015,1.0505844537780828,0.5513432600023473,0.7034916636610969,1.0002973372037804,384,0.5267124359891896,0.5735365660595177,unseen_vessel,0,True,60300,0.08966310101095587,,,,,6000,200,5,150,100|200|400,1091,399,5849,5,1131
deep,dlinear_ols,heave_rate,10,1.0,418944,0.0017923579133828237,0.0010577400400689108,0.2165955614354243,0.9999315221100067,0.36707332495950795,0.004882833459992059,384,0.9999179723462643,0.9999436967831956,unseen_vessel,0,True,60300,0.08966310101095587,,,,,6000,200,5,150,100|200|400,1091,399,5849,5,1131
deep,dlinear_ols,heave_rate,20,2.0,418944,0.017631277891623134,0.010364320983343266,0.41108398190696405,0.9981604717073288,0.36712395638464107,0.0480254082715065,384,0.9977942762081774,0.9984931533108478,unseen_vessel,0,True,60300,0.08966310101095587,,,,,6000,200,5,150,100|200|400,1091,399,5849,5,1131
deep,dlinear_ols,heave_rate,30,3.0,418944,0.0625281713018567,0.03650437200304757,0.5646443215908621,0.9877368645541154,0.3671127019343226,0.17032418375173286,384,0.9852657072224583,0.9899955921312374,unseen_vessel,0,True,60300,0.08966310101095587,,,,,6000,200,5,150,100|200|400,1091,399,5849,5,1131
deep,dlinear_ols,heave_rate,50,5.0,418944,0.13213896301385328,0.07567181898961609,0.7045835327535368,0.9648280205338456,0.36712660650455187,0.3599275036804366,384,0.9573728032827378,0.9717612439128626,unseen_vessel,0,True,60300,0.08966310101095587,,,,,6000,200,5,150,100|200|400,1091,399,5849,5,1131
deep,dlinear_ols,heave_rate,100,10.0,418944,0.256778796044825,0.15917454533418113,0.36620124201119936,0.5083243612478856,0.3672622047104473,0.6991702188556855,384,0.46510580630828796,0.5514060408406597,unseen_vessel,0,True,60300,0.08966310101095587,,,,,6000,200,5,150,100|200|400,1091,399,5849,5,1131
deep,dlinear_ols,heave_rate,150,15.0,418944,0.34382002342947177,0.2163866848567022,0.5674871567575078,0.6329288461995286,0.3672906057877314,0.9360980597150803,384,0.6039675699865001,0.6599261393823385,unseen_vessel,0,True,60300,0.08966310101095587,,,,,6000,200,5,150,100|200|400,1091,399,5849,5,1131
deep,tcn,roll,10,1.0,418944,0.23387063194071245,0.13260613605555105,0.9937824600727138,0.9446179887298684,2.164337896495412,0.1080564325558434,384,0.9398445940007244,0.9479784391808018,unseen_vessel,0,False,196804,,,,,mse,6000,200,5,150,100|200|400,1091,399,5849,5,1131
deep,tcn,roll,20,2.0,418944,0.5619490491721288,0.29617183239787037,1.9304732108180853,0.9152643192501259,2.164546439184654,0.259615150314726,384,0.9062282480621381,0.9223982153235339,unseen_vessel,0,False,196804,,,,,mse,6000,200,5,150,100|200|400,1091,399,5849,5,1131
deep,tcn,roll,30,3.0,418944,0.9900737473399746,0.5158609843416323,2.7574928795393854,0.8710841576736171,2.1644640050160047,0.4574221354781336,384,0.8554898971425021,0.8835605336418613,unseen_vessel,0,False,196804,,,,,mse,6000,200,5,150,100|200|400,1091,399,5849,5,1131
deep,tcn,roll,50,5.0,418944,1.6931209412402655,0.8531675294842007,3.916023936558119,0.8130672964562162,2.16448261355922,0.7822289403637854,384,0.7898916067148468,0.8310833363897874,unseen_vessel,0,False,196804,,,,,mse,6000,200,5,150,100|200|400,1091,399,5849,5,1131
deep,tcn,roll,100,10.0,418944,2.5145491272437495,1.2000728990566578,3.2722450879087255,0.40948817200349974,2.1658219526506457,1.1610137777790612,384,0.2971665619642026,0.48824710976750885,unseen_vessel,0,False,196804,,,,,mse,6000,200,5,150,100|200|400,1091,399,5849,5,1131
deep,tcn,roll,150,15.0,418944,2.827630516003993,1.3998767248129438,1.6805099749527599,-1.831151635328308,2.1674952305339903,1.304561355508667,384,-1.994633118997883,-1.6379474375443106,unseen_vessel,0,False,196804,,,,,mse,6000,200,5,150,100|200|400,1091,399,5849,5,1131
deep,tcn,pitch,10,1.0,418944,0.041591528282316645,0.027145437164440008,0.6877023559188356,0.996342294516688,1.0558196506943205,0.039392644619718455,384,0.9958100104503921,0.9967988687083539,unseen_vessel,0,False,196804,,,,,mse,6000,200,5,150,100|200|400,1091,399,5849,5,1131
deep,tcn,pitch,20,2.0,418944,0.0921093330602221,0.05882797943620881,1.2858543786712318,0.9948687437998895,1.0560780997802575,0.08721829671440746,384,0.9941193268259008,0.9955535773725154,unseen_vessel,0,False,196804,,,,,mse,6000,200,5,150,100|200|400,1091,399,5849,5,1131
deep,tcn,pitch,30,3.0,418944,0.15868286119194366,0.09879672910518757,1.7230749268005872,0.9915189090719252,1.0563648177875178,0.15021596565880888,384,0.9904607254340444,0.9925101199044872,unseen_vessel,0,False,196804,,,,,mse,6000,200,5,150,100|200|400,1091,399,5849,5,1131
deep,tcn,pitch,50,5.0,418944,0.207132937993313,0.13015511061331392,1.9925227630235358,0.989193333541202,1.056518056585286,0.19605243535806285,384,0.9882104530858998,0.990067941541975,unseen_vessel,0,False,196804,,,,,mse,6000,200,5,150,100|200|400,1091,399,5849,5,1131
deep,tcn,pitch,100,10.0,418944,0.4737048058410418,0.27675413168240953,1.153113221907809,0.831239160263526,1.0571110110609412,0.44811263990677824,384,0.8138633032242578,0.8473219725475782,unseen_vessel,0,False,196804,,,,,mse,6000,200,5,150,100|200|400,1091,399,5849,5,1131
deep,tcn,pitch,150,15.0,418944,0.7491751860623435,0.44680695323052827,1.59606195052592,0.7796732237038756,1.0572954896417577,0.7085769242392075,384,0.7677836459274349,0.7911987349223516,unseen_vessel,0,False,196804,,,,,mse,6000,200,5,150,100|200|400,1091,399,5849,5,1131
deep,tcn,heave,10,1.0,418944,0.026517114861914597,0.016759515304150617,0.3615447710820917,0.9946206677374866,0.6545431487959708,0.040512401528749804,384,0.9940439016765937,0.9951403698471103,unseen_vessel,0,False,196804,,,,,mse,6000,200,5,150,100|200|400,1091,399,5849,5,1131
deep,tcn,heave,20,2.0,418944,0.05992180680430967,0.03675943087344911,0.6911291778528944,0.9924828824164431,0.6546139081318875,0.09153763166339111,384,0.991454299522283,0.9934364788396102,unseen_vessel,0,False,196804,,,,,mse,6000,200,5,150,100|200|400,1091,399,5849,5,1131
deep,tcn,heave,30,3.0,418944,0.09966710124147654,0.06030342573717853,0.9606404750801385,0.9892357966768016,0.6547865316989431,0.1522131204850459,384,0.9877265494551863,0.9906520263696335,unseen_vessel,0,False,196804,,,,,mse,6000,200,5,150,100|200|400,1091,399,5849,5,1131
deep,tcn,heave,50,5.0,418944,0.15294776251547415,0.0871646573714003,1.2460719712770065,0.9849339292837097,0.65504861780891,0.23349070337263408,384,0.9829100456492338,0.9868763113087968,unseen_vessel,0,False,196804,,,,,mse,6000,200,5,150,100|200|400,1091,399,5849,5,1131
deep,tcn,heave,100,10.0,418944,0.2576707955877774,0.1506784592438844,0.7178352074130163,0.8711510492370764,0.6551836782357057,0.39328024208667633,384,0.854586322183815,0.8849819450346708,unseen_vessel,0,False,196804,,,,,mse,6000,200,5,150,100|200|400,1091,399,5849,5,1131
deep,tcn,heave,150,15.0,418944,0.38926219064729295,0.23553601104228222,0.9508272981508525,0.8323972418859485,0.655175104834019,0.5941345874946027,384,0.8227720966011766,0.8411892930386862,unseen_vessel,0,False,196804,,,,,mse,6000,200,5,150,100|200|400,1091,399,5849,5,1131
deep,tcn,roll_rate,10,1.0,418944,0.16581282728199,0.09800595191027112,0.4781279856234528,0.8797326005626352,1.003429994097196,0.1652460343595517,384,0.8659823847518453,0.8912553509906117,unseen_vessel,0,False,196804,,,,,mse,6000,200,5,150,100|200|400,1091,399,5849,5,1131
deep,tcn,roll_rate,20,2.0,418944,0.311953212506134,0.1780094850822629,0.9253840074739831,0.8863590265404155,1.0035097495577645,0.31086216416293744,384,0.872992091103349,0.8983544036065018,unseen_vessel,0,False,196804,,,,,mse,6000,200,5,150,100|200|400,1091,399,5849,5,1131
deep,tcn,roll_rate,30,3.0,418944,0.39566206364379924,0.2202864089542351,1.3139364134521425,0.9093223771136891,1.0037292675872695,0.39419201613486704,384,0.8979793176633637,0.9193531852863229,unseen_vessel,0,False,196804,,,,,mse,6000,200,5,150,100|200|400,1091,399,5849,5,1131
deep,tcn,roll_rate,50,5.0,418944,0.5757363142956954,0.31059205055769423,1.8337097261313333,0.9014206229432474,1.0040780504963167,0.5733979684259689,384,0.8908148068183233,0.9103596720996705,unseen_vessel,0,False,196804,,,,,mse,6000,200,5,150,100|200|400,1091,399,5849,5,1131
deep,tcn,roll_rate,100,10.0,418944,1.1216942757933235,0.5704414046567428,1.4567282314550298,0.4070856884848525,1.0043507567410217,1.1168351975290636,384,0.3177177651437005,0.47126762406164785,unseen_vessel,0,False,196804,,,,,mse,6000,200,5,150,100|200|400,1091,399,5849,5,1131
deep,tcn,roll_rate,150,15.0,418944,1.3689656773679941,0.7092063576932117,0.8980835140127613,-1.3235481196918033,1.0045752968253436,1.3627307795584822,384,-1.4680885051772588,-1.178805966880585,unseen_vessel,0,False,196804,,,,,mse,6000,200,5,150,100|200|400,1091,399,5849,5,1131
deep,tcn,pitch_rate,10,1.0,418944,0.05121402851454121,0.03275813540064008,0.5015970472126259,0.9895751951119546,0.7033033480444127,0.07281925879770887,384,0.9878586142654908,0.9911691879752333,unseen_vessel,0,False,196804,,,,,mse,6000,200,5,150,100|200|400,1091,399,5849,5,1131
deep,tcn,pitch_rate,20,2.0,418944,0.08810684309671604,0.054041835614659646,0.9240384272025958,0.9909084230962021,0.7032718636851464,0.12528134231765786,384,0.9895493474609278,0.9921559868859887,unseen_vessel,0,False,196804,,,,,mse,6000,200,5,150,100|200|400,1091,399,5849,5,1131
deep,tcn,pitch_rate,30,3.0,418944,0.100249910558109,0.06149710000977222,1.2081985494446832,0.9931151993827647,0.7032100749235104,0.14256040141207219,384,0.9920793652419745,0.9939998512714626,unseen_vessel,0,False,196804,,,,,mse,6000,200,5,150,100|200|400,1091,399,5849,5,1131
deep,tcn,pitch_rate,50,5.0,418944,0.17884030469378193,0.10869710283006236,1.2931639105009303,0.9808740220606227,0.7033693151644206,0.2542623069247426,384,0.9789841865182315,0.9827475766975531,unseen_vessel,0,False,196804,,,,,mse,6000,200,5,150,100|200|400,1091,399,5849,5,1131
deep,tcn,pitch_rate,100,10.0,418944,0.38239599671358393,0.22624635480070077,0.8285948086236703,0.7870183152835666,0.7035318108543728,0.5435376067063694,384,0.770748237597745,0.8032431409419908,unseen_vessel,0,False,196804,,,,,mse,6000,200,5,150,100|200|400,1091,399,5849,5,1131
deep,tcn,pitch_rate,150,15.0,418944,0.5461927584967117,0.3238319837602269,1.0505844537780828,0.7297100263811589,0.7034916636610969,0.7764026024903073,384,0.7152474522564588,0.7430188645392337,unseen_vessel,0,False,196804,,,,,mse,6000,200,5,150,100|200|400,1091,399,5849,5,1131
deep,tcn,heave_rate,10,1.0,418944,0.02431518366531327,0.01595381643356765,0.2165955614354243,0.9873975203897557,0.36707332495950795,0.06624067185485485,384,0.9858988873139004,0.9887945902283336,unseen_vessel,0,False,196804,,,,,mse,6000,200,5,150,100|200|400,1091,399,5849,5,1131
deep,tcn,heave_rate,20,2.0,418944,0.04105667404648123,0.026205662555780794,0.41108398190696405,0.9900251489261811,0.36712395638464107,0.11183327410937345,384,0.9888059116640922,0.9911083922301253,unseen_vessel,0,False,196804,,,,,mse,6000,200,5,150,100|200|400,1091,399,5849,5,1131
deep,tcn,heave_rate,30,3.0,418944,0.04803723036308126,0.02987239620722992,0.5646443215908621,0.9927622098101179,0.3671127019343226,0.13085145272820128,384,0.9918584890397021,0.993608225862701,unseen_vessel,0,False,196804,,,,,mse,6000,200,5,150,100|200|400,1091,399,5849,5,1131
deep,tcn,heave_rate,50,5.0,418944,0.08487261492413511,0.05017961490641504,0.7045835327535368,0.9854899072544399,0.36712660650455187,0.23118077911109614,384,0.9829904428916201,0.987726751575142,unseen_vessel,0,False,196804,,,,,mse,6000,200,5,150,100|200|400,1091,399,5849,5,1131
deep,tcn,heave_rate,100,10.0,418944,0.16948588006722123,0.10257313269456432,0.36620124201119936,0.785796077301461,0.3672622047104473,0.4614846774141798,384,0.7622688808403516,0.8096608144130825,unseen_vessel,0,False,196804,,,,,mse,6000,200,5,150,100|200|400,1091,399,5849,5,1131
deep,tcn,heave_rate,150,15.0,418944,0.24338876584638242,0.149092586031026,0.5674871567575078,0.8160545783630889,0.3672906057877314,0.6626599265297962,384,0.8027495078273218,0.8289760652024613,unseen_vessel,0,False,196804,,,,,mse,6000,200,5,150,100|200|400,1091,399,5849,5,1131
deep,tcn,roll,10,1.0,418944,0.24663870590140413,0.1440402216797361,0.9937824600727138,0.9384058010653425,2.164337896495412,0.11395573043413047,384,0.9323526287597752,0.9430036201838444,unseen_vessel,1,False,196804,,,,,mse,6000,200,5,150,100|200|400,1091,399,5849,5,1131
deep,tcn,roll,20,2.0,418944,0.5753878670648295,0.30505937459278926,1.9304732108180853,0.9111630087844869,2.164546439184654,0.26582375718470047,384,0.9019645130914693,0.9185076315110378,unseen_vessel,1,False,196804,,,,,mse,6000,200,5,150,100|200|400,1091,399,5849,5,1131
deep,tcn,roll,30,3.0,418944,1.002231825714211,0.5181947873801976,2.7574928795393854,0.8678985514650011,2.1644640050160047,0.46303926671527174,384,0.852454202330995,0.8803714775869421,unseen_vessel,1,False,196804,,,,,mse,6000,200,5,150,100|200|400,1091,399,5849,5,1131
deep,tcn,roll,50,5.0,418944,1.6699855148833513,0.8350712012984982,3.916023936558119,0.81814102755737,2.16448261355922,0.7715402768411569,384,0.7949533742612871,0.8367402205332533,unseen_vessel,1,False,196804,,,,,mse,6000,200,5,150,100|200|400,1091,399,5849,5,1131
deep,tcn,roll,100,10.0,418944,2.5957520513658494,1.2358670940340164,3.2722450879087255,0.3707332813475842,2.1658219526506457,1.198506667729096,384,0.2496507687220233,0.45559982986081254,unseen_vessel,1,False,196804,,,,,mse,6000,200,5,150,100|200|400,1091,399,5849,5,1131
deep,tcn,roll,150,15.0,418944,2.9091458009599833,1.4392163599272114,1.6805099749527599,-1.996738078832859,2.1674952305339903,1.3421694128679942,384,-2.171135129750865,-1.7949692486662148,unseen_vessel,1,False,196804,,,,,mse,6000,200,5,150,100|200|400,1091,399,5849,5,1131
deep,tcn,pitch,10,1.0,418944,0.03845031888915571,0.025061126179934563,0.6877023559188356,0.9968739287832791,1.0558196506943205,0.03641750640260417,384,0.9963983384820171,0.9973327713575991,unseen_vessel,1,False,196804,,,,,mse,6000,200,5,150,100|200|400,1091,399,5849,5,1131
deep,tcn,pitch,20,2.0,418944,0.08791737543504481,0.05640361265371782,1.2858543786712318,0.9953251696665569,1.0560780997802575,0.08324893343904977,384,0.9947015965450234,0.9958719459551436,unseen_vessel,1,False,196804,,,,,mse,6000,200,5,150,100|200|400,1091,399,5849,5,1131
deep,tcn,pitch,30,3.0,418944,0.14469890679037517,0.09205766605161171,1.7230749268005872,0.9929478397203693,1.0563648177875178,0.13697815788056716,384,0.9922924882465513,0.9935287769310123,unseen_vessel,1,False,196804,,,,,mse,6000,200,5,150,100|200|400,1091,399,5849,5,1131
deep,tcn,pitch,50,5.0,418944,0.208557907250853,0.13456989852163984,1.9925227630235358,0.989044133352668,1.056518056585286,0.19740117639344618,384,0.9880076859643175,0.9899810946652269,unseen_vessel,1,False,196804,,,,,mse,6000,200,5,150,100|200|400,1091,399,5849,5,1131
deep,tcn,pitch,100,10.0,418944,0.47980102074010883,0.2831942126385553,1.153113221907809,0.8268675673283659,1.0571110110609412,0.45387950340103767,384,0.8089955648283745,0.843158845120267,unseen_vessel,1,False,196804,,,,,mse,6000,200,5,150,100|200|400,1091,399,5849,5,1131
deep,tcn,pitch,150,15.0,418944,0.7456517953536208,0.4450944759018925,1.59606195052592,0.7817407557243969,1.0572954896417577,0.705244468229283,384,0.7702679096810593,0.7933034714349394,unseen_vessel,1,False,196804,,,,,mse,6000,200,5,150,100|200|400,1091,399,5849,5,1131
deep,tcn,heave,10,1.0,418944,0.027844307205027227,0.017110377318080534,0.3615447710820917,0.9940687167598393,0.6545431487959708,0.04254006364018431,384,0.9933876211961714,0.9947166125689518,unseen_vessel,1,False,196804,,,,,mse,6000,200,5,150,100|200|400,1091,399,5849,5,1131
deep,tcn,heave,20,2.0,418944,0.06419385960874546,0.0374974007076103,0.6911291778528944,0.991372826747416,0.6546139081318875,0.09806369649544948,384,0.9899578715805091,0.9926480411950112,unseen_vessel,1,False,196804,,,,,mse,6000,200,5,150,100|200|400,1091,399,5849,5,1131
deep,tcn,heave,30,3.0,418944,0.10726330739312441,0.06253656866704953,0.9606404750801385,0.9875324647146745,0.6547865316989431,0.1638141626322299,384,0.9855084275199226,0.9893865156053494,unseen_vessel,1,False,196804,,,,,mse,6000,200,5,150,100|200|400,1091,399,5849,5,1131
deep,tcn,heave,50,5.0,418944,0.153776448623697,0.09007016832094147,1.2460719712770065,0.9847702280839977,0.65504861780891,0.23475577910242454,384,0.9827605870254802,0.98661757363079,unseen_vessel,1,False,196804,,,,,mse,6000,200,5,150,100|200|400,1091,399,5849,5,1131
deep,tcn,heave,100,10.0,418944,0.26840258132670297,0.15847283592081737,0.7178352074130163,0.8601946258346662,0.6551836782357057,0.40966005448955,384,0.8439350981149374,0.8740454752793646,unseen_vessel,1,False,196804,,,,,mse,6000,200,5,150,100|200|400,1091,399,5849,5,1131
deep,tcn,heave,150,15.0,418944,0.39177348190469174,0.2358341546525041,0.9508272981508525,0.8302277168249071,0.655175104834019,0.5979675952491251,384,0.8217971913612787,0.8385082600745514,unseen_vessel,1,False,196804,,,,,mse,6000,200,5,150,100|200|400,1091,399,5849,5,1131
deep,tcn,roll_rate,10,1.0,418944,0.1685243054631653,0.09691749209943565,0.4781279856234528,0.8757670599783034,1.003429994097196,0.1679482439776874,384,0.8629719653564885,0.8871140402424449,unseen_vessel,1,False,196804,,,,,mse,6000,200,5,150,100|200|400,1091,399,5849,5,1131
deep,tcn,roll_rate,20,2.0,418944,0.3120287121489198,0.17414020639247255,0.9253840074739831,0.8863040125779621,1.0035097495577645,0.310937399747663,384,0.8722837223959071,0.8988167203144609,unseen_vessel,1,False,196804,,,,,mse,6000,200,5,150,100|200|400,1091,399,5849,5,1131
deep,tcn,roll_rate,30,3.0,418944,0.383884550932524,0.21167423801947555,1.3139364134521425,0.9146403604778888,1.0037292675872695,0.38245826173355757,384,0.9034338218535929,0.9247999551389027,unseen_vessel,1,False,196804,,,,,mse,6000,200,5,150,100|200|400,1091,399,5849,5,1131
deep,tcn,roll_rate,50,5.0,418944,0.5793526958132157,0.31531728056664504,1.8337097261313333,0.9001783171347321,1.0040780504963167,0.5769996620549978,384,0.8891724028944682,0.9094465079015643,unseen_vessel,1,False,196804,,,,,mse,6000,200,5,150,100|200|400,1091,399,5849,5,1131
deep,tcn,roll_rate,100,10.0,418944,1.1363579573780236,0.5766302114827712,1.4567282314550298,0.3914822637137918,1.0043507567410217,1.131435357369916,384,0.29942743063926014,0.4584205594641794,unseen_vessel,1,False,196804,,,,,mse,6000,200,5,150,100|200|400,1091,399,5849,5,1131
deep,tcn,roll_rate,150,15.0,418944,1.3961889798544969,0.7240925499844507,0.8980835140127613,-1.4168793062323015,1.0045752968253436,1.3898300946347475,384,-1.5657096381809927,-1.265760215881699,unseen_vessel,1,False,196804,,,,,mse,6000,200,5,150,100|200|400,1091,399,5849,5,1131
deep,tcn,pitch_rate,10,1.0,418944,0.05099337138898617,0.033388076139231546,0.5015970472126259,0.9896648327396489,0.7033033480444127,0.07250551491156275,384,0.9882350241134361,0.9909825831800504,unseen_vessel,1,False,196804,,,,,mse,6000,200,5,150,100|200|400,1091,399,5849,5,1131
deep,tcn,pitch_rate,20,2.0,418944,0.0805109879500521,0.05126866042086384,0.9240384272025958,0.9924084536606415,0.7032718636851464,0.1144806043116446,384,0.9915831964051464,0.9931434243196894,unseen_vessel,1,False,196804,,,,,mse,6000,200,5,150,100|200|400,1091,399,5849,5,1131
deep,tcn,pitch_rate,30,3.0,418944,0.09908474479755965,0.06470086068051732,1.2081985494446832,0.9932743080740791,0.7032100749235104,0.14090347725512506,384,0.9924757888826206,0.9939570831888058,unseen_vessel,1,False,196804,,,,,mse,6000,200,5,150,100|200|400,1091,399,5849,5,1131
deep,tcn,pitch_rate,50,5.0,418944,0.17681753519949142,0.1071623563845559,1.2931639105009303,0.9813042232731102,0.7033693151644206,0.25138647846495593,384,0.9794181201639464,0.9831971859793397,unseen_vessel,1,False,196804,,,,,mse,6000,200,5,150,100|200|400,1091,399,5849,5,1131
deep,tcn,pitch_rate,100,10.0,418944,0.3798837827757993,0.22393069935085463,0.8285948086236703,0.7898075599058905,0.7035318108543728,0.5399667462292379,384,0.7728202601224817,0.8057268689722853,unseen_vessel,1,False,196804,,,,,mse,6000,200,5,150,100|200|400,1091,399,5849,5,1131
deep,tcn,pitch_rate,150,15.0,418944,0.5457396365839148,0.3240237902265004,1.0505844537780828,0.7301583058779588,0.7034916636610969,0.7757584983221943,384,0.7163091661296221,0.7435632400619602,unseen_vessel,1,False,196804,,,,,mse,6000,200,5,150,100|200|400,1091,399,5849,5,1131
deep,tcn,heave_rate,10,1.0,418944,0.027480592055265447,0.016203422788775977,0.2165955614354243,0.9839026989966954,0.36707332495950795,0.07486403992525702,384,0.9809899293731666,0.9865797675725044,unseen_vessel,1,False,196804,,,,,mse,6000,200,5,150,100|200|400,1091,399,5849,5,1131
deep,tcn,heave_rate,20,2.0,418944,0.044289392641981444,0.026933893509033514,0.41108398190696405,0.9883925094135688,0.36712395638464107,0.12063879752804474,384,0.9866528221128681,0.9899910750528349,unseen_vessel,1,False,196804,,,,,mse,6000,200,5,150,100|200|400,1091,399,5849,5,1131
deep,tcn,heave_rate,30,3.0,418944,0.04567765608715825,0.029090724662487955,0.5646443215908621,0.9934557830145437,0.3671127019343226,0.12442406881178984,384,0.9927679837221342,0.9940919786396324,unseen_vessel,1,False,196804,,,,,mse,6000,200,5,150,100|200|400,1091,399,5849,5,1131
deep,tcn,heave_rate,50,5.0,418944,0.09287390027724975,0.051838178068472344,0.7045835327535368,0.9826250969082703,0.36712660650455187,0.25297512801240746,384,0.9792596705226888,0.9856706493050972,unseen_vessel,1,False,196804,,,,,mse,6000,200,5,150,100|200|400,1091,399,5849,5,1131
deep,tcn,heave_rate,100,10.0,418944,0.17261552772894764,0.10345423562755239,0.36620124201119936,0.7778122583008724,0.3672622047104473,0.4700062394523804,384,0.7505500807812878,0.8042711401605923,unseen_vessel,1,False,196804,,,,,mse,6000,200,5,150,100|200|400,1091,399,5849,5,1131
deep,tcn,heave_rate,150,15.0,418944,0.2458019437028342,0.15119052254116253,0.5674871567575078,0.8123888907005001,0.3672906057877314,0.6692301404650974,384,0.7985907931926273,0.8258522941731716,unseen_vessel,1,False,196804,,,,,mse,6000,200,5,150,100|200|400,1091,399,5849,5,1131
deep,tcn,roll,10,1.0,418944,0.2441578195505307,0.13534254333301063,0.9937824600727138,0.9396386949391978,2.164337896495412,0.11280947394853708,384,0.9338741119516016,0.9439689833753219,unseen_vessel,2,False,196804,,,,,mse,6000,200,5,150,100|200|400,1091,399,5849,5,1131
deep,tcn,roll,20,2.0,418944,0.5803309054929775,0.3039843407606662,1.9304732108180853,0.9096300919423471,2.164546439184654,0.26810739422693,384,0.9003020449570543,0.9169722139080383,unseen_vessel,2,False,196804,,,,,mse,6000,200,5,150,100|200|400,1091,399,5849,5,1131
deep,tcn,roll,30,3.0,418944,1.0113425070636226,0.5232029110997299,2.7574928795393854,0.8654859270163782,2.1644640050160047,0.4672484757057184,384,0.8505139903192293,0.8775976923780114,unseen_vessel,2,False,196804,,,,,mse,6000,200,5,150,100|200|400,1091,399,5849,5,1131
deep,tcn,roll,50,5.0,418944,1.6933108007658912,0.8556674960005165,3.916023936558119,0.8130253703971165,2.16448261355922,0.7823166562569215,384,0.7905287586263363,0.8305382236499997,unseen_vessel,2,False,196804,,,,,mse,6000,200,5,150,100|200|400,1091,399,5849,5,1131
deep,tcn,roll,100,10.0,418944,2.5755946967436842,1.2333877598343412,3.2722450879087255,0.3804684963278374,2.1658219526506457,1.1891996447776039,384,0.2646985569975863,0.4616535525515507,unseen_vessel,2,False,196804,,,,,mse,6000,200,5,150,100|200|400,1091,399,5849,5,1131
deep,tcn,roll,150,15.0,418944,2.842347283116846,1.4159376157540355,1.6805099749527599,-1.8606985124818856,2.1674952305339903,1.3113511130617794,384,-2.012807418082461,-1.6857597076232447,unseen_vessel,2,False,196804,,,,,mse,6000,200,5,150,100|200|400,1091,399,5849,5,1131
deep,tcn,pitch,10,1.0,418944,0.040963269139750416,0.02597207435784318,0.6877023559188356,0.9964519625635659,1.0558196506943205,0.03879760062508066,384,0.995882938825014,0.9969760051230339,unseen_vessel,2,False,196804,,,,,mse,6000,200,5,150,100|200|400,1091,399,5849,5,1131
deep,tcn,pitch,20,2.0,418944,0.08705266100664305,0.05630903357051307,1.2858543786712318,0.9954166763492698,1.0560780997802575,0.08243013563557132,384,0.9948295959369794,0.9959586992199504,unseen_vessel,2,False,196804,,,,,mse,6000,200,5,150,100|200|400,1091,399,5849,5,1131
deep,tcn,pitch,30,3.0,418944,0.14246458255565173,0.09022423953206384,1.7230749268005872,0.9931639458534121,1.0563648177875178,0.13486305124590747,384,0.9924239712413713,0.993843194744757,unseen_vessel,2,False,196804,,,,,mse,6000,200,5,150,100|200|400,1091,399,5849,5,1131
deep,tcn,pitch,50,5.0,418944,0.19183577944257327,0.12129142755538191,1.9925227630235358,0.9907305783301475,1.056518056585286,0.1815735928476179,384,0.9901397970656076,0.9912898156276274,unseen_vessel,2,False,196804,,,,,mse,6000,200,5,150,100|200|400,1091,399,5849,5,1131
deep,tcn,pitch,100,10.0,418944,0.47065747689973525,0.27294413423072866,1.153113221907809,0.8334034433513234,1.0571110110609412,0.445229944608535,384,0.8163007967101878,0.8488751531891306,unseen_vessel,2,False,196804,,,,,mse,6000,200,5,150,100|200|400,1091,399,5849,5,1131
deep,tcn,pitch,150,15.0,418944,0.7460191113308068,0.4443989635113344,1.59606195052592,0.7815256691265695,1.0572954896417577,0.7055918791288702,384,0.7696777041690598,0.7934814634471956,unseen_vessel,2,False,196804,,,,,mse,6000,200,5,150,100|200|400,1091,399,5849,5,1131
deep,tcn,heave,10,1.0,418944,0.02986309978439588,0.017897082420840427,0.3615447710820917,0.993177467688612,0.6545431487959708,0.04562434094578626,384,0.9922288548588186,0.9940882365830322,unseen_vessel,2,False,196804,,,,,mse,6000,200,5,150,100|200|400,1091,399,5849,5,1131
deep,tcn,heave,20,2.0,418944,0.06758718042121338,0.03900279760602445,0.6911291778528944,0.9904366466695025,0.6546139081318875,0.103247394504787,384,0.9887625414509131,0.9919805911768711,unseen_vessel,2,False,196804,,,,,mse,6000,200,5,150,100|200|400,1091,399,5849,5,1131
deep,tcn,heave,30,3.0,418944,0.11231676606953246,0.0646006665515127,0.9606404750801385,0.9863300344942936,0.6547865316989431,0.17153188196786753,384,0.9840125823192871,0.9885148851178216,unseen_vessel,2,False,196804,,,,,mse,6000,200,5,150,100|200|400,1091,399,5849,5,1131
deep,tcn,heave,50,5.0,418944,0.15856434527785615,0.09168355740946796,1.2460719712770065,0.9838070929559402,0.65504861780891,0.24206500245469162,384,0.9816393845697212,0.9858476735717765,unseen_vessel,2,False,196804,,,,,mse,6000,200,5,150,100|200|400,1091,399,5849,5,1131
deep,tcn,heave,100,10.0,418944,0.26848613242606806,0.15642148027992073,0.7178352074130163,0.8601075721951315,0.6551836782357057,0.40978757765922064,384,0.8418752661227794,0.8760313922498288,unseen_vessel,2,False,196804,,,,,mse,6000,200,5,150,100|200|400,1091,399,5849,5,1131
deep,tcn,heave,150,15.0,418944,0.391995984664786,0.23737269471855924,0.9508272981508525,0.8300348220517897,0.655175104834019,0.5983072033301596,384,0.8205419693197898,0.8391752052834914,unseen_vessel,2,False,196804,,,,,mse,6000,200,5,150,100|200|400,1091,399,5849,5,1131
deep,tcn,roll_rate,10,1.0,418944,0.1724359297343965,0.09894117824804581,0.4781279856234528,0.8699329778929661,1.003429994097196,0.17184649726316006,384,0.8556121136838555,0.88256658828429,unseen_vessel,2,False,196804,,,,,mse,6000,200,5,150,100|200|400,1091,399,5849,5,1131
deep,tcn,roll_rate,20,2.0,418944,0.3116008979731596,0.1731657064263556,0.9253840074739831,0.8866155698689293,1.0035097495577645,0.3105110818409872,384,0.8739325847606535,0.897840555262301,unseen_vessel,2,False,196804,,,,,mse,6000,200,5,150,100|200|400,1091,399,5849,5,1131
deep,tcn,roll_rate,30,3.0,418944,0.3867117658057041,0.21520929437489864,1.3139364134521425,0.9133784252949962,1.0037292675872695,0.38527497233917346,384,0.9030475898655854,0.9224258737236136,unseen_vessel,2,False,196804,,,,,mse,6000,200,5,150,100|200|400,1091,399,5849,5,1131
deep,tcn,roll_rate,50,5.0,418944,0.6060150061083667,0.3295558197372779,1.8337097261313333,0.8907791430993163,1.0040780504963167,0.6035536837089636,384,0.878915713029188,0.9005802201571638,unseen_vessel,2,False,196804,,,,,mse,6000,200,5,150,100|200|400,1091,399,5849,5,1131
deep,tcn,roll_rate,100,10.0,418944,1.1708890980112485,0.5933834744708715,1.4567282314550298,0.3539376231706546,1.0043507567410217,1.1658169122216033,384,0.2587266472768137,0.42330943705198404,unseen_vessel,2,False,196804,,,,,mse,6000,200,5,150,100|200|400,1091,399,5849,5,1131
deep,tcn,roll_rate,150,15.0,418944,1.433631827312644,0.7420334826108547,0.8980835140127613,-1.548248748403314,1.0045752968253436,1.4271024101858802,384,-1.7103363410445862,-1.3831634527437389,unseen_vessel,2,False,196804,,,,,mse,6000,200,5,150,100|200|400,1091,399,5849,5,1131
deep,tcn,pitch_rate,10,1.0,418944,0.04690093205600862,0.030842404756728167,0.5015970472126259,0.9912571504597079,0.7033033480444127,0.0666866327117881,384,0.9900789899828224,0.9923274341493621,unseen_vessel,2,False,196804,,,,,mse,6000,200,5,150,100|200|400,1091,399,5849,5,1131
deep,tcn,pitch_rate,20,2.0,418944,0.07787459663918632,0.04898557210979239,0.9240384272025958,0.9928974948725539,0.7032718636851464,0.11073185301502499,384,0.9920605670658901,0.9936523483603165,unseen_vessel,2,False,196804,,,,,mse,6000,200,5,150,100|200|400,1091,399,5849,5,1131
deep,tcn,pitch_rate,30,3.0,418944,0.08824851817955899,0.05577526795503087,1.2081985494446832,0.9946649533237922,0.7032100749235104,0.125493819452399,384,0.9941403326590698,0.9951483563186536,unseen_vessel,2,False,196804,,,,,mse,6000,200,5,150,100|200|400,1091,399,5849,5,1131
deep,tcn,pitch_rate,50,5.0,418944,0.17349126256185862,0.10601990308165056,1.2931639105009303,0.9820010129951217,0.7033693151644206,0.24665742280967015,384,0.9801604435339134,0.9837773428678072,unseen_vessel,2,False,196804,,,,,mse,6000,200,5,150,100|200|400,1091,399,5849,5,1131
deep,tcn,pitch_rate,100,10.0,418944,0.3796662279646885,0.22639138782021148,0.8285948086236703,0.7900482402646342,0.7035318108543728,0.53965751385658,384,0.7750152077814009,0.8049714133438142,unseen_vessel,2,False,196804,,,,,mse,6000,200,5,150,100|200|400,1091,399,5849,5,1131
deep,tcn,pitch_rate,150,15.0,418944,0.5440949185698251,0.3204079113964966,1.0505844537780828,0.7317823210532038,0.7034916636610969,0.773420562993252,384,0.7182478266399077,0.7450103090173573,unseen_vessel,2,False,196804,,,,,mse,6000,200,5,150,100|200|400,1091,399,5849,5,1131
deep,tcn,heave_rate,10,1.0,418944,0.028183128857403345,0.017429563042591502,0.2165955614354243,0.9830691287431159,0.36707332495950795,0.07677792675485814,384,0.9805672744991926,0.9853396211420632,unseen_vessel,2,False,196804,,,,,mse,6000,200,5,150,100|200|400,1091,399,5849,5,1131
deep,tcn,heave_rate,20,2.0,418944,0.04444304024727682,0.02689524964208504,0.41108398190696405,0.9883118329085459,0.36712395638464107,0.12105731449655986,384,0.98658944047176,0.989909320781346,unseen_vessel,2,False,196804,,,,,mse,6000,200,5,150,100|200|400,1091,399,5849,5,1131
deep,tcn,heave_rate,30,3.0,418944,0.046489219723474556,0.029071961123806996,0.5646443215908621,0.9932211724762987,0.3671127019343226,0.12663473499696995,384,0.9924098649763634,0.9939687063342446,unseen_vessel,2,False,196804,,,,,mse,6000,200,5,150,100|200|400,1091,399,5849,5,1131
deep,tcn,heave_rate,50,5.0,418944,0.08690811783510492,0.049217890004264686,0.7045835327535368,0.9847855691225129,0.36712660650455187,0.2367251958733407,384,0.9818899868800991,0.9873971222176687,unseen_vessel,2,False,196804,,,,,mse,6000,200,5,150,100|200|400,1091,399,5849,5,1131
deep,tcn,heave_rate,100,10.0,418944,0.16683187987929898,0.10246846480293482,0.36620124201119936,0.7924520437663226,0.3672622047104473,0.4542582322371851,384,0.7723638803657784,0.8128028295427419,unseen_vessel,2,False,196804,,,,,mse,6000,200,5,150,100|200|400,1091,399,5849,5,1131
deep,tcn,heave_rate,150,15.0,418944,0.2391962634571786,0.14710393123977553,0.5674871567575078,0.8223371158650504,0.3672906057877314,0.6512452529085853,384,0.8104033809605098,0.8338001398749105,unseen_vessel,2,False,196804,,,,,mse,6000,200,5,150,100|200|400,1091,399,5849,5,1131
deep,transformer,roll,10,1.0,418944,1.5076886527153937,0.6549549858564266,0.9937824600727138,-1.301657389951297,2.164337896495412,0.6966050241770047,384,-1.4713098361147434,-1.1416389181107436,unseen_vessel,0,False,2712708,,,,,mse,6000,200,5,150,100|200|400,1091,399,5849,5,1131
deep,transformer,roll,20,2.0,418944,1.700349816848706,0.7281986457379352,1.9304732108180853,0.22420138606982665,2.164546439184654,0.78554554712589,384,0.15960696931759866,0.28536870180182894,unseen_vessel,0,False,2712708,,,,,mse,6000,200,5,150,100|200|400,1091,399,5849,5,1131
deep,transformer,roll,30,3.0,418944,1.981183668737914,0.8413628497824658,2.7574928795393854,0.48379681554798193,2.1644640050160047,0.9153229918107437,384,0.43648741159010507,0.5294373742316301,unseen_vessel,0,False,2712708,,,,,mse,6000,200,5,150,100|200|400,1091,399,5849,5,1131
deep,transformer,roll,50,5.0,418944,2.350897986131963,1.0173709560584652,3.916023936558119,0.6396065474017519,2.16448261355922,1.0861246800528495,384,0.602427606173612,0.6733158738671761,unseen_vessel,0,False,2712708,,,,,mse,6000,200,5,150,100|200|400,1091,399,5849,5,1131
deep,transformer,roll,100,10.0,418944,3.0898137828865604,1.3621355738228753,3.2722450879087255,0.1083940390313266,2.1658219526506457,1.4266240948869713,384,-0.03407631954511909,0.21976018481267245,unseen_vessel,0,False,2712708,,,,,mse,6000,200,5,150,100|200|400,1091,399,5849,5,1131
deep,transformer,roll,150,15.0,418944,3.759389526511293,1.6881849008454524,1.6805099749527599,-4.004405181041313,2.1674952305339903,1.734439584250028,384,-4.421329018765388,-3.5472730866652293,unseen_vessel,0,False,2712708,,,,,mse,6000,200,5,150,100|200|400,1091,399,5849,5,1131
deep,transformer,pitch,10,1.0,418944,0.19100228653994616,0.10600584587928354,0.6877023559188356,0.922860626316407,1.0558196506943205,0.1809042732007693,384,0.9067368502756564,0.9368536006184651,unseen_vessel,0,False,2712708,,,,,mse,6000,200,5,150,100|200|400,1091,399,5849,5,1131
deep,transformer,pitch,20,2.0,418944,0.22924608814697478,0.1281649755296711,1.2858543786712318,0.9682151408661799,1.0560780997802575,0.2170730443086311,384,0.9617178942253418,0.9740566891674467,unseen_vessel,0,False,2712708,,,,,mse,6000,200,5,150,100|200|400,1091,399,5849,5,1131
deep,transformer,pitch,30,3.0,418944,0.28310368325417606,0.15539750588954862,1.7230749268005872,0.973005038424841,1.0563648177875178,0.2679980234926007,384,0.9678345979037254,0.9775722283016641,unseen_vessel,0,False,2712708,,,,,mse,6000,200,5,150,100|200|400,1091,399,5849,5,1131
deep,transformer,pitch,50,5.0,418944,0.33955536974935346,0.19800707732761438,1.9925227630235358,0.9709587956684277,1.056518056585286,0.32139097636136166,384,0.9665374366299643,0.9746788627931414,unseen_vessel,0,False,2712708,,,,,mse,6000,200,5,150,100|200|400,1091,399,5849,5,1131
deep,transformer,pitch,100,10.0,418944,0.6170525952864572,0.3695202271072346,1.153113221907809,0.7136478404509387,1.0571110110609412,0.5837159851992922,384,0.6920931937025255,0.7350515464249873,unseen_vessel,0,False,2712708,,,,,mse,6000,200,5,150,100|200|400,1091,399,5849,5,1131
deep,transformer,pitch,150,15.0,418944,0.8504815792923468,0.511390622495155,1.59606195052592,0.7160575439544188,1.0572954896417577,0.8043934620212128,384,0.6979059753694025,0.7319679966687276,unseen_vessel,0,False,2712708,,,,,mse,6000,200,5,150,100|200|400,1091,399,5849,5,1131
deep,transformer,heave,10,1.0,418944,0.15836527889974256,0.07512897985827265,0.3615447710820917,0.8081349945873744,0.6545431487959708,0.24194780617756795,384,0.7710298880901841,0.8448146366370956,unseen_vessel,0,False,2712708,,,,,mse,6000,200,5,150,100|200|400,1091,399,5849,5,1131
deep,transformer,heave,20,2.0,418944,0.19679812097997545,0.09153537594644905,0.6911291778528944,0.9189181893397109,0.6546139081318875,0.3006323552482875,384,0.903225703861586,0.9343507904096839,unseen_vessel,0,False,2712708,,,,,mse,6000,200,5,150,100|200|400,1091,399,5849,5,1131
deep,transformer,heave,30,3.0,418944,0.23085173862406858,0.10921024440854352,0.9606404750801385,0.9422509908006244,0.6547865316989431,0.35256030392850124,384,0.9314274701174916,0.9525228241829138,unseen_vessel,0,False,2712708,,,,,mse,6000,200,5,150,100|200|400,1091,399,5849,5,1131
deep,transformer,heave,50,5.0,418944,0.2291309446706301,0.11827027634679178,1.2460719712770065,0.9661871921310224,0.65504861780891,0.349792272575212,384,0.960587519596092,0.9715841914378953,unseen_vessel,0,False,2712708,,,,,mse,6000,200,5,150,100|200|400,1091,399,5849,5,1131
deep,transformer,heave,100,10.0,418944,0.35954559194788316,0.20517406297869403,0.7178352074130163,0.7491243984388825,0.6551836782357057,0.5487706789584199,384,0.7321504203773207,0.7657889304866167,unseen_vessel,0,False,2712708,,,,,mse,6000,200,5,150,100|200|400,1091,399,5849,5,1131
deep,transformer,heave,150,15.0,418944,0.48432166435065915,0.29140826700119915,0.9508272981508525,0.7405435279241854,0.655175104834019,0.7392247672068621,384,0.7174946720986997,0.7623637759578252,unseen_vessel,0,False,2712708,,,,,mse,6000,200,5,150,100|200|400,1091,399,5849,5,1131
deep,transformer,roll_rate,10,1.0,418944,0.7820454621117573,0.337362473727638,0.4781279856234528,-1.6753196033302884,1.003429994097196,0.7793722199976468,384,-1.8975345635178622,-1.4390641950576417,unseen_vessel,0,False,2712708,,,,,mse,6000,200,5,150,100|200|400,1091,399,5849,5,1131
deep,transformer,roll_rate,20,2.0,418944,0.8869981962348222,0.38976602905580277,0.9253840074739831,0.08124123802600525,1.0035097495577645,0.8838959428403286,384,-0.0032869173886776308,0.16467405165326665,unseen_vessel,0,False,2712708,,,,,mse,6000,200,5,150,100|200|400,1091,399,5849,5,1131
deep,transformer,roll_rate,30,3.0,418944,0.9329398683842675,0.4182604146441981,1.3139364134521425,0.4958513503052796,1.0037292675872695,0.9294736125676964,384,0.44853430860589233,0.5415070169587826,unseen_vessel,0,False,2712708,,,,,mse,6000,200,5,150,100|200|400,1091,399,5849,5,1131
deep,transformer,roll_rate,50,5.0,418944,1.055110343793444,0.47723375041480737,1.8337097261313333,0.6689187514592214,1.0040780504963167,1.0508250262735073,384,0.6324684485284867,0.7032266925290133,unseen_vessel,0,False,2712708,,,,,mse,6000,200,5,150,100|200|400,1091,399,5849,5,1131
deep,transformer,roll_rate,100,10.0,418944,1.3675554896834041,0.6523737211802492,1.4567282314550298,0.11868159352067775,1.0043507567410217,1.3616313628526862,384,-0.021159366293832235,0.2329153177997446,unseen_vessel,0,False,2712708,,,,,mse,6000,200,5,150,100|200|400,1091,399,5849,5,1131
deep,transformer,roll_rate,150,15.0,418944,1.7004121477474752,0.8160374160071447,0.8980835140127613,-2.5848826970911447,1.0045752968253436,1.692667690636146,384,-2.9117916338785,-2.251480312345675,unseen_vessel,0,False,2712708,,,,,mse,6000,200,5,150,100|200|400,1091,399,5849,5,1131
deep,transformer,pitch_rate,10,1.0,418944,0.1088556058579051,0.0637112486412934,0.5015970472126259,0.9529031722164769,0.7033033480444127,0.15477760224032233,384,0.9450960685803915,0.9600098649720324,unseen_vessel,0,False,2712708,,,,,mse,6000,200,5,150,100|200|400,1091,399,5849,5,1131
deep,transformer,pitch_rate,20,2.0,418944,0.13897166775964134,0.07845194987177488,0.9240384272025958,0.9773810482418869,0.7032718636851464,0.19760731935361306,384,0.9737374194189529,0.9805864671891295,unseen_vessel,0,False,2712708,,,,,mse,6000,200,5,150,100|200|400,1091,399,5849,5,1131
deep,transformer,pitch_rate,30,3.0,418944,0.16293758511210593,0.09705584996655989,1.2081985494446832,0.9818127963095228,0.7032100749235104,0.23170541908096096,384,0.9790241138270712,0.9841900352649805,unseen_vessel,0,False,2712708,,,,,mse,6000,200,5,150,100|200|400,1091,399,5849,5,1131
deep,transformer,pitch_rate,50,5.0,418944,0.2673430817039669,0.15979630288327998,1.2931639105009303,0.9572603709839016,0.7033693151644206,0.38008920198839274,384,0.9531480033612952,0.9610610303373199,unseen_vessel,0,False,2712708,,,,,mse,6000,200,5,150,100|200|400,1091,399,5849,5,1131
deep,transformer,pitch_rate,100,10.0,418944,0.4708747521365923,0.2825886865452149,0.8285948086236703,0.677056614923953,0.7035318108543728,0.6693012950825343,384,0.6480478403495373,0.7039161908650069,unseen_vessel,0,False,2712708,,,,,mse,6000,200,5,150,100|200|400,1091,399,5849,5,1131
deep,transformer,pitch_rate,150,15.0,418944,0.6039048367353345,0.36495864643448006,1.0505844537780828,0.6695733434587122,0.7034916636610969,0.858439222424478,384,0.6537228271172321,0.6843489368340405,unseen_vessel,0,False,2712708,,,,,mse,6000,200,5,150,100|200|400,1091,399,5849,5,1131
deep,transformer,heave_rate,10,1.0,418944,0.09026058366463459,0.045688414362173434,0.2165955614354243,0.8263410504087222,0.36707332495950795,0.2458925166370814,384,0.7902920413625837,0.8600924702406766,unseen_vessel,0,False,2712708,,,,,mse,6000,200,5,150,100|200|400,1091,399,5849,5,1131
deep,transformer,heave_rate,20,2.0,418944,0.09629994018326864,0.050893439810752186,0.41108398190696405,0.9451229287276539,0.36712395638464107,0.26230906076413546,384,0.9346171701869925,0.95489838838752,unseen_vessel,0,False,2712708,,,,,mse,6000,200,5,150,100|200|400,1091,399,5849,5,1131
deep,transformer,heave_rate,30,3.0,418944,0.09651497883762,0.05366356114886479,0.5646443215908621,0.9707827383620923,0.3671127019343226,0.26290285879262976,384,0.9658409972687094,0.975400664805612,unseen_vessel,0,False,2712708,,,,,mse,6000,200,5,150,100|200|400,1091,399,5849,5,1131
deep,transformer,heave_rate,50,5.0,418944,0.14153912453416767,0.07645284357161025,0.7045835327535368,0.9596458659392141,0.36712660650455187,0.3855321897853589,384,0.9532909271436919,0.9657408130036522,unseen_vessel,0,False,2712708,,,,,mse,6000,200,5,150,100|200|400,1091,399,5849,5,1131
deep,transformer,heave_rate,100,10.0,418944,0.21194715498464883,0.12675613886709663,0.36620124201119936,0.6650225619035893,0.3672622047104473,0.5771003720672804,384,0.640600944487819,0.6911254236434504,unseen_vessel,0,False,2712708,,,,,mse,6000,200,5,150,100|200|400,1091,399,5849,5,1131
deep,transformer,heave_rate,150,15.0,418944,0.27767233825187165,0.1716774403663434,0.5674871567575078,0.7605840055054662,0.3672906057877314,0.7560017432418271,384,0.7403922680677293,0.7790466409020492,unseen_vessel,0,False,2712708,,,,,mse,6000,200,5,150,100|200|400,1091,399,5849,5,1131
deep,transformer,roll,10,1.0,418944,1.4582254641354286,0.6263002855279244,0.9937824600727138,-1.1531123942167123,2.164337896495412,0.6737512966421044,384,-1.2962598618268053,-1.010607657120522,unseen_vessel,1,False,2712708,,,,,mse,6000,200,5,150,100|200|400,1091,399,5849,5,1131
deep,transformer,roll,20,2.0,418944,1.6539853558195836,0.7072243951759496,1.9304732108180853,0.26593289739330694,2.164546439184654,0.7641256042732953,384,0.21145496627618093,0.3178994903391254,unseen_vessel,1,False,2712708,,,,,mse,6000,200,5,150,100|200|400,1091,399,5849,5,1131
deep,transformer,roll,30,3.0,418944,1.9227129296061993,0.825670596290915,2.7574928795393854,0.5138166360103971,2.1644640050160047,0.8883090340843909,384,0.4712113739160135,0.5527640512251573,unseen_vessel,1,False,2712708,,,,,mse,6000,200,5,150,100|200|400,1091,399,5849,5,1131
deep,transformer,roll,50,5.0,418944,2.2751681072710794,0.9883168796987926,3.916023936558119,0.66245140314222,2.16448261355922,1.0511371599930992,384,0.6256016754490862,0.6966008892823743,unseen_vessel,1,False,2712708,,,,,mse,6000,200,5,150,100|200|400,1091,399,5849,5,1131
deep,transformer,roll,100,10.0,418944,2.9792562176046946,1.3265328144827284,3.2722450879087255,0.1710581617155852,2.1658219526506457,1.3755776249098064,384,0.030335276744462118,0.2835203545412228,unseen_vessel,1,False,2712708,,,,,mse,6000,200,5,150,100|200|400,1091,399,5849,5,1131
deep,transformer,roll,150,15.0,418944,3.6161230727252005,1.6240014412848478,1.6805099749527599,-3.630247615592438,2.1674952305339903,1.6683418822722493,384,-4.000371909955576,-3.23003968501753,unseen_vessel,1,False,2712708,,,,,mse,6000,200,5,150,100|200|400,1091,399,5849,5,1131
deep,transformer,pitch,10,1.0,418944,0.15707217143117522,0.08162498266562124,0.6877023559188356,0.947832806751159,1.0558196506943205,0.1487679939731019,384,0.9367062438351484,0.9577389790147507,unseen_vessel,1,False,2712708,,,,,mse,6000,200,5,150,100|200|400,1091,399,5849,5,1131
deep,transformer,pitch,20,2.0,418944,0.19058552857304997,0.1041009559022507,1.2858543786712318,0.978031709354403,1.0560780997802575,0.1804653733589456,384,0.9738163266522283,0.9818438188116729,unseen_vessel,1,False,2712708,,,,,mse,6000,200,5,150,100|200|400,1091,399,5849,5,1131
deep,transformer,pitch,30,3.0,418944,0.24799168875900113,0.13780523564857478,1.7230749268005872,0.9792859067820304,1.0563648177875178,0.2347595116603773,384,0.9757210574386218,0.9825028516089054,unseen_vessel,1,False,2712708,,,,,mse,6000,200,5,150,100|200|400,1091,399,5849,5,1131
deep,transformer,pitch,50,5.0,418944,0.3165168845437843,0.17902316210407632,1.9925227630235358,0.9747659370846422,1.056518056585286,0.2995849267042166,384,0.9705032480930568,0.9782791083179436,unseen_vessel,1,False,2712708,,,,,mse,6000,200,5,150,100|200|400,1091,399,5849,5,1131
deep,transformer,pitch,100,10.0,418944,0.6087286330697513,0.3630631505559475,1.153113221907809,0.7213214405501693,1.0571110110609412,0.5758417296768266,384,0.6962359672486038,0.7464145835482453,unseen_vessel,1,False,2712708,,,,,mse,6000,200,5,150,100|200|400,1091,399,5849,5,1131
deep,transformer,pitch,150,15.0,418944,0.8546318332528855,0.5081377808150968,1.59606195052592,0.7132795681765087,1.0572954896417577,0.8083188111797011,384,0.6970531307335248,0.7290428646149003,unseen_vessel,1,False,2712708,,,,,mse,6000,200,5,150,100|200|400,1091,399,5849,5,1131
deep,transformer,heave,10,1.0,418944,0.14575016501251412,0.06637067561274285,0.3615447710820917,0.8374848172459819,0.6545431487959708,0.22267464762349268,384,0.8065009046553471,0.8668599650247553,unseen_vessel,1,False,2712708,,,,,mse,6000,200,5,150,100|200|400,1091,399,5849,5,1131
deep,transformer,heave,20,2.0,418944,0.18156052693014207,0.08250136232625714,0.6911291778528944,0.9309880319650865,0.6546139081318875,0.2773551320476411,384,0.9177756196078235,0.9435566771433018,unseen_vessel,1,False,2712708,,,,,mse,6000,200,5,150,100|200|400,1091,399,5849,5,1131
deep,transformer,heave,30,3.0,418944,0.21562236013599148,0.10172965027749142,0.9606404750801385,0.9496191107507352,0.6547865316989431,0.32930176431168573,384,0.9404026339848769,0.9585091202389685,unseen_vessel,1,False,2712708,,,,,mse,6000,200,5,150,100|200|400,1091,399,5849,5,1131
deep,transformer,heave,50,5.0,418944,0.2194714440906992,0.11076949357980899,1.2460719712770065,0.968978000394332,0.65504861780891,0.335046037994577,384,0.964479926110069,0.9732950238042501,unseen_vessel,1,False,2712708,,,,,mse,6000,200,5,150,100|200|400,1091,399,5849,5,1131
deep,transformer,heave,100,10.0,418944,0.3514231433368059,0.20032286806515223,0.7178352074130163,0.7603313621343231,0.6551836782357057,0.5363734705405461,384,0.7431573224175086,0.7765677969595003,unseen_vessel,1,False,2712708,,,,,mse,6000,200,5,150,100|200|400,1091,399,5849,5,1131
deep,transformer,heave,150,15.0,418944,0.4763833228080524,0.2836011666758712,0.9508272981508525,0.748979138873865,0.655175104834019,0.7271084009346457,384,0.7287626985663412,0.7675307132642016,unseen_vessel,1,False,2712708,,,,,mse,6000,200,5,150,100|200|400,1091,399,5849,5,1131
deep,transformer,roll_rate,10,1.0,418944,0.7541677054439239,0.3332362269179452,0.4781279856234528,-1.4879837178261814,1.003429994097196,0.7515897570138533,384,-1.672364153275033,-1.2942933405678536,unseen_vessel,1,False,2712708,,,,,mse,6000,200,5,150,100|200|400,1091,399,5849,5,1131
deep,transformer,roll_rate,20,2.0,418944,0.8507100316981305,0.38097647843360427,0.9253840074739831,0.15487854207198481,1.0035097495577645,0.8477346952264578,384,0.07962978523088578,0.22615676128071704,unseen_vessel,1,False,2712708,,,,,mse,6000,200,5,150,100|200|400,1091,399,5849,5,1131
deep,transformer,roll_rate,30,3.0,418944,0.899827218888046,0.4053358980065425,1.3139364134521425,0.5310035504442085,1.0037292675872695,0.8964839902008838,384,0.4844685224833442,0.5750084540949113,unseen_vessel,1,False,2712708,,,,,mse,6000,200,5,150,100|200|400,1091,399,5849,5,1131
deep,transformer,roll_rate,50,5.0,418944,1.0344910808326073,0.46902557203489426,1.8337097261313333,0.6817324769527606,1.0040780504963167,1.0302895081923735,384,0.6483243648653385,0.7124281752755134,unseen_vessel,1,False,2712708,,,,,mse,6000,200,5,150,100|200|400,1091,399,5849,5,1131
deep,transformer,roll_rate,100,10.0,418944,1.3270823764089872,0.6318434062050085,1.4567282314550298,0.17007530084165123,1.0043507567410217,1.3213335754484665,384,0.037500070340476234,0.2799846800750988,unseen_vessel,1,False,2712708,,,,,mse,6000,200,5,150,100|200|400,1091,399,5849,5,1131
deep,transformer,roll_rate,150,15.0,418944,1.6470344414251177,0.7828209912196732,0.8980835140127613,-2.3633488365209283,1.0045752968253436,1.6395330908793715,384,-2.6504218667147272,-2.065072281553943,unseen_vessel,1,False,2712708,,,,,mse,6000,200,5,150,100|200|400,1091,399,5849,5,1131
deep,transformer,pitch_rate,10,1.0,418944,0.09357375654360416,0.0550984842797371,0.5015970472126259,0.9651984820675205,0.7033033480444127,0.13304892803907864,384,0.9600759209583072,0.9697691710503088,unseen_vessel,1,False,2712708,,,,,mse,6000,200,5,150,100|200|400,1091,399,5849,5,1131
deep,transformer,pitch_rate,20,2.0,418944,0.12281985232982166,0.07064542924108659,0.9240384272025958,0.9823332331644273,0.7032718636851464,0.17464064563346146,384,0.9795741724720254,0.9849163077980405,unseen_vessel,1,False,2712708,,,,,mse,6000,200,5,150,100|200|400,1091,399,5849,5,1131
deep,transformer,pitch_rate,30,3.0,418944,0.14327534234124023,0.08075098383040924,1.2081985494446832,0.9859373784367133,0.7032100749235104,0.20374472359035042,384,0.9833108560587542,0.9882255414188277,unseen_vessel,1,False,2712708,,,,,mse,6000,200,5,150,100|200|400,1091,399,5849,5,1131
deep,transformer,pitch_rate,50,5.0,418944,0.25004306270695886,0.1527839407247472,1.2931639105009303,0.9626128407453809,0.7033693151644206,0.35549327688329485,384,0.9593937763119976,0.9658481225449191,unseen_vessel,1,False,2712708,,,,,mse,6000,200,5,150,100|200|400,1091,399,5849,5,1131
deep,transformer,pitch_rate,100,10.0,418944,0.47038711487256873,0.2815037826112904,0.8285948086236703,0.6777251480545969,0.7035318108543728,0.6686081675558183,384,0.6480137913555056,0.7051519152264477,unseen_vessel,1,False,2712708,,,,,mse,6000,200,5,150,100|200|400,1091,399,5849,5,1131
deep,transformer,pitch_rate,150,15.0,418944,0.5997386180167598,0.3607093879994417,1.0505844537780828,0.6741167121868641,0.7034916636610969,0.8525170218728851,384,0.6576745517811443,0.69003413436702,unseen_vessel,1,False,2712708,,,,,mse,6000,200,5,150,100|200|400,1091,399,5849,5,1131
deep,transformer,heave_rate,10,1.0,418944,0.08290582435238882,0.04069072345285063,0.2165955614354243,0.8534887483284475,0.36707332495950795,0.22585630367320808,384,0.8239256875984765,0.8818268963765086,unseen_vessel,1,False,2712708,,,,,mse,6000,200,5,150,100|200|400,1091,399,5849,5,1131
deep,transformer,heave_rate,20,2.0,418944,0.08928444968097966,0.04586187965266538,0.41108398190696405,0.9528273207916784,0.36712395638464107,0.24319973711395465,384,0.9436790894149518,0.9613366876137697,unseen_vessel,1,False,2712708,,,,,mse,6000,200,5,150,100|200|400,1091,399,5849,5,1131
deep,transformer,heave_rate,30,3.0,418944,0.08836670640543344,0.04618081401360067,0.5646443215908621,0.9755078220206251,0.3671127019343226,0.24070729762230475,384,0.9712096256758115,0.9796635128782095,unseen_vessel,1,False,2712708,,,,,mse,6000,200,5,150,100|200|400,1091,399,5849,5,1131
deep,transformer,heave_rate,50,5.0,418944,0.12892054886060952,0.06895603782224205,0.7045835327535368,0.9665204729743248,0.36712660650455187,0.35116100706531356,384,0.9610535055092729,0.9717045891282335,unseen_vessel,1,False,2712708,,,,,mse,6000,200,5,150,100|200|400,1091,399,5849,5,1131
deep,transformer,heave_rate,100,10.0,418944,0.19826968767448616,0.11821144613665949,0.36620124201119936,0.7068613934478367,0.3672622047104473,0.5398586762577535,384,0.6845494113536753,0.7284564037634222,unseen_vessel,1,False,2712708,,,,,mse,6000,200,5,150,100|200|400,1091,399,5849,5,1131
deep,transformer,heave_rate,150,15.0,418944,0.26724620403758265,0.16486821370263224,0.5674871567575078,0.7782258026162083,0.3672906057877314,0.727615135879714,384,0.7633307361578276,0.7915890266013145,unseen_vessel,1,False,2712708,,,,,mse,6000,200,5,150,100|200|400,1091,399,5849,5,1131
deep,transformer,roll,10,1.0,418944,1.4185724577945003,0.6284167308306984,0.9937824600727138,-1.037606852532817,2.164337896495412,0.6554302172925555,384,-1.218461577539948,-0.8633172063033606,unseen_vessel,2,False,2712708,,,,,mse,6000,200,5,150,100|200|400,1091,399,5849,5,1131
deep,transformer,roll,20,2.0,418944,1.5878955186863564,0.6951427919275435,1.9304732108180853,0.3234244682765307,2.164546439184654,0.7335927240648569,384,0.25743917803173627,0.3851008565015938,unseen_vessel,2,False,2712708,,,,,mse,6000,200,5,150,100|200|400,1091,399,5849,5,1131
deep,transformer,roll,30,3.0,418944,1.808426810370533,0.790995204398655,2.7574928795393854,0.569896403090276,2.1644640050160047,0.8355079161305623,384,0.5228007253208696,0.6118193660042532,unseen_vessel,2,False,2712708,,,,,mse,6000,200,5,150,100|200|400,1091,399,5849,5,1131
deep,transformer,roll,50,5.0,418944,2.151451237917491,0.9519365503599074,3.916023936558119,0.6981630948553343,2.16448261355922,0.9939794500726894,384,0.6591880223106142,0.7317944478961366,unseen_vessel,2,False,2712708,,,,,mse,6000,200,5,150,100|200|400,1091,399,5849,5,1131
deep,transformer,roll,100,10.0,418944,2.778414451551641,1.2655344917760936,3.2722450879087255,0.2790545428508977,2.1658219526506457,1.2828452718152907,384,0.14493918690850152,0.3819143299311064,unseen_vessel,2,False,2712708,,,,,mse,6000,200,5,150,100|200|400,1091,399,5849,5,1131
deep,transformer,roll,150,15.0,418944,3.36863173292963,1.5577817422385627,1.6805099749527599,-3.0181383090420884,2.1674952305339903,1.554158775288158,384,-3.3347109671381796,-2.651785403778107,unseen_vessel,2,False,2712708,,,,,mse,6000,200,5,150,100|200|400,1091,399,5849,5,1131
deep,transformer,pitch,10,1.0,418944,0.1908734779932782,0.10214306327354243,0.6877023559188356,0.9229646340787547,1.0558196506943205,0.18078227457478876,384,0.9057427558106644,0.937456081062869,unseen_vessel,2,False,2712708,,,,,mse,6000,200,5,150,100|200|400,1091,399,5849,5,1131
deep,transformer,pitch,20,2.0,418944,0.21986038318097215,0.11999083971198109,1.2858543786712318,0.9707645094822095,1.0560780997802575,0.20818572341072067,384,0.9644774202505448,0.9764289523634957,unseen_vessel,2,False,2712708,,,,,mse,6000,200,5,150,100|200|400,1091,399,5849,5,1131
deep,transformer,pitch,30,3.0,418944,0.26709890588556956,0.1489098386389197,1.7230749268005872,0.975970989216687,1.0563648177875178,0.25284721848744407,384,0.9714583159945545,0.9799600494457972,unseen_vessel,2,False,2712708,,,,,mse,6000,200,5,150,100|200|400,1091,399,5849,5,1131
deep,transformer,pitch,50,5.0,418944,0.3188279705826136,0.1830756566606891,1.9925227630235358,0.9743960926836951,1.056518056585286,0.30177238201974504,384,0.9707045332224734,0.9776548204884288,unseen_vessel,2,False,2712708,,,,,mse,6000,200,5,150,100|200|400,1091,399,5849,5,1131
deep,transformer,pitch,100,10.0,418944,0.586553327661765,0.35292484002805974,1.153113221907809,0.7412555147820208,1.0571110110609412,0.554864457492583,384,0.7175650794394393,0.7634815453538948,unseen_vessel,2,False,2712708,,,,,mse,6000,200,5,150,100|200|400,1091,399,5849,5,1131
deep,transformer,pitch,150,15.0,418944,0.8372190008644421,0.5065965521758111,1.59606195052592,0.7248442050564414,1.0572954896417577,0.7918495908349293,384,0.7066035039054539,0.74172493763185,unseen_vessel,2,False,2712708,,,,,mse,6000,200,5,150,100|200|400,1091,399,5849,5,1131
deep,transformer,heave,10,1.0,418944,0.1544953387902528,0.0764356921095317,0.3615447710820917,0.8173975532760203,0.6545431487959708,0.23603537684940448,384,0.7841020616265266,0.8494743892677248,unseen_vessel,2,False,2712708,,,,,mse,6000,200,5,150,100|200|400,1091,399,5849,5,1131
deep,transformer,heave,20,2.0,418944,0.18514336895405145,0.08975237412965716,0.6911291778528944,0.9282374491395327,0.6546139081318875,0.2828283460741105,384,0.9150032672598952,0.9409494157311945,unseen_vessel,2,False,2712708,,,,,mse,6000,200,5,150,100|200|400,1091,399,5849,5,1131
deep,transformer,heave,30,3.0,418944,0.21259234860433518,0.10448273544779661,0.9606404750801385,0.9510251067992677,0.6547865316989431,0.3246742843850683,384,0.9420769203212647,0.9591886818705484,unseen_vessel,2,False,2712708,,,,,mse,6000,200,5,150,100|200|400,1091,399,5849,5,1131
deep,transformer,heave,50,5.0,418944,0.21272494985500737,0.11371098965230707,1.2460719712770065,0.9708559028857418,0.65504861780891,0.3247468112619745,384,0.9668640111838461,0.9746004397865284,unseen_vessel,2,False,2712708,,,,,mse,6000,200,5,150,100|200|400,1091,399,5849,5,1131
deep,transformer,heave,100,10.0,418944,0.32784515523090313,0.19496881671799635,0.7178352074130163,0.7914126195656375,0.6551836782357057,0.5003866337356456,384,0.7744376593086635,0.8067238602040646,unseen_vessel,2,False,2712708,,,,,mse,6000,200,5,150,100|200|400,1091,399,5849,5,1131
deep,transformer,heave,150,15.0,418944,0.4625547054731912,0.28290202944521975,0.9508272981508525,0.763341055604107,0.655175104834019,0.7060016506432645,384,0.7454718811593113,0.7785768361817526,unseen_vessel,2,False,2712708,,,,,mse,6000,200,5,150,100|200|400,1091,399,5849,5,1131
deep,transformer,roll_rate,10,1.0,418944,0.6850466716767234,0.3098191940163899,0.4781279856234528,-1.0528253043388949,1.003429994097196,0.6827049975649494,384,-1.2396413714925352,-0.8582056493642957,unseen_vessel,2,False,2712708,,,,,mse,6000,200,5,150,100|200|400,1091,399,5849,5,1131
deep,transformer,roll_rate,20,2.0,418944,0.7923422874186276,0.3615872053122607,0.9253840074739831,0.2668688201070809,1.0035097495577645,0.7895710906324567,384,0.18977135052401503,0.3421104810989578,unseen_vessel,2,False,2712708,,,,,mse,6000,200,5,150,100|200|400,1091,399,5849,5,1131
deep,transformer,roll_rate,30,3.0,418944,0.8665114360865992,0.3958181916610169,1.3139364134521425,0.5650894922578618,1.0037292675872695,0.8632919892527295,384,0.5136343892119513,0.6129713106172588,unseen_vessel,2,False,2712708,,,,,mse,6000,200,5,150,100|200|400,1091,399,5849,5,1131
deep,transformer,roll_rate,50,5.0,418944,1.01711531559251,0.4649675514044066,1.8337097261313333,0.6923342086141482,1.0040780504963167,1.012984314406384,384,0.6534109966125653,0.7270974128554976,unseen_vessel,2,False,2712708,,,,,mse,6000,200,5,150,100|200|400,1091,399,5849,5,1131
deep,transformer,roll_rate,100,10.0,418944,1.2928046521792906,0.6284538229204869,1.4567282314550298,0.21239450298408102,1.0043507567410217,1.2872043392233423,384,0.07083472912319065,0.32746355510673164,unseen_vessel,2,False,2712708,,,,,mse,6000,200,5,150,100|200|400,1091,399,5849,5,1131
deep,transformer,roll_rate,150,15.0,418944,1.5846789485417556,0.7783815444001304,0.8980835140127613,-2.1135018557192917,1.0045752968253436,1.5774615935208183,384,-2.3636903303799506,-1.8487391675431517,unseen_vessel,2,False,2712708,,,,,mse,6000,200,5,150,100|200|400,1091,399,5849,5,1131
deep,transformer,pitch_rate,10,1.0,418944,0.10734492533341439,0.06187873644169633,0.5015970472126259,0.9542013059764152,0.7033033480444127,0.1526296236636651,384,0.9455542280548564,0.961541809595879,unseen_vessel,2,False,2712708,,,,,mse,6000,200,5,150,100|200|400,1091,399,5849,5,1131
deep,transformer,pitch_rate,20,2.0,418944,0.1354244925397408,0.07788409846723571,0.9240384272025958,0.9785209846042693,0.7032718636851464,0.19256350144610662,384,0.9750356028337362,0.9815351748773222,unseen_vessel,2,False,2712708,,,,,mse,6000,200,5,150,100|200|400,1091,399,5849,5,1131
deep,transformer,pitch_rate,30,3.0,418944,0.15343481030001896,0.08937214167777183,1.2081985494446832,0.9838723465980593,0.7032100749235104,0.21819199663302374,384,0.9814109193875312,0.9859831279171521,unseen_vessel,2,False,2712708,,,,,mse,6000,200,5,150,100|200|400,1091,399,5849,5,1131
deep,transformer,pitch_rate,50,5.0,418944,0.25138567375686166,0.1500189332699017,1.2931639105009303,0.9622102606625799,0.7033693151644206,0.3574021048929287,384,0.9582108370759546,0.9660699285644078,unseen_vessel,2,False,2712708,,,,,mse,6000,200,5,150,100|200|400,1091,399,5849,5,1131
deep,transformer,pitch_rate,100,10.0,418944,0.44785700717531957,0.26623359381029216,0.8285948086236703,0.7078577759600662,0.7035318108543728,0.6365838761881139,384,0.6834803444825448,0.7316968224799423,unseen_vessel,2,False,2712708,,,,,mse,6000,200,5,150,100|200|400,1091,399,5849,5,1131
deep,transformer,pitch_rate,150,15.0,418944,0.592279008367601,0.3568939954270105,1.0505844537780828,0.6821730346220909,0.7034916636610969,0.8419133288449712,384,0.6651972788138149,0.6977373009820587,unseen_vessel,2,False,2712708,,,,,mse,6000,200,5,150,100|200|400,1091,399,5849,5,1131
deep,transformer,heave_rate,10,1.0,418944,0.08603079600265118,0.044503806706366195,0.2165955614354243,0.8422356846047215,0.36707332495950795,0.23436951190103852,384,0.8103006921636758,0.8719013276112318,unseen_vessel,2,False,2712708,,,,,mse,6000,200,5,150,100|200|400,1091,399,5849,5,1131
deep,transformer,heave_rate,20,2.0,418944,0.09297581596197496,0.04958544989181635,0.41108398190696405,0.9488460838013737,0.36712395638464107,0.2532545597884189,384,0.938954791905163,0.9577775071703089,unseen_vessel,2,False,2712708,,,,,mse,6000,200,5,150,100|200|400,1091,399,5849,5,1131
deep,transformer,heave_rate,30,3.0,418944,0.0946825455977371,0.05214070617696812,0.5646443215908621,0.9718816442393128,0.3671127019343226,0.2579113855196327,384,0.9670110681768046,0.9763903551471982,unseen_vessel,2,False,2712708,,,,,mse,6000,200,5,150,100|200|400,1091,399,5849,5,1131
deep,transformer,heave_rate,50,5.0,418944,0.1288787425174627,0.07054069275933879,0.7045835327535368,0.9665421829292907,0.36712660650455187,0.3510471326078209,384,0.960915910169716,0.9719475466113338,unseen_vessel,2,False,2712708,,,,,mse,6000,200,5,150,100|200|400,1091,399,5849,5,1131
deep,transformer,heave_rate,100,10.0,418944,0.1914049674055593,0.1157489689024239,0.36620124201119936,0.7268087512877847,0.3672622047104473,0.5211670706939873,384,0.7043273730041804,0.7488501033578515,unseen_vessel,2,False,2712708,,,,,mse,6000,200,5,150,100|200|400,1091,399,5849,5,1131
deep,transformer,heave_rate,150,15.0,418944,0.2652457391287431,0.1649164126576537,0.5674871567575078,0.7815335467237972,0.3672906057877314,0.7221685906174166,384,0.7655741097135715,0.7960311866513721,unseen_vessel,2,False,2712708,,,,,mse,6000,200,5,150,100|200|400,1091,399,5849,5,1131
deep,lstm,roll,10,1.0,418944,0.459163796413675,0.2667860686546057,0.9937824600727138,0.7865222477473828,2.164337896495412,0.21214977437542104,384,0.7655157851669426,0.8028269867852128,unseen_vessel,0,False,317828,,,,,mse,6000,200,5,150,100|200|400,1091,399,5849,5,1131
deep,lstm,roll,20,2.0,418944,0.7888468553586707,0.4402584917306241,1.9304732108180853,0.8330225445406805,2.164546439184654,0.36443979259498593,384,0.8167140786127273,0.8456517590899083,unseen_vessel,0,False,317828,,,,,mse,6000,200,5,150,100|200|400,1091,399,5849,5,1131
deep,lstm,roll,30,3.0,418944,1.1635660873942666,0.639880895581544,2.7574928795393854,0.821945353774175,2.1644640050160047,0.5375770096882082,384,0.8033868355032479,0.8362177760917812,unseen_vessel,0,False,317828,,,,,mse,6000,200,5,150,100|200|400,1091,399,5849,5,1131
deep,lstm,roll,50,5.0,418944,1.7540919812223144,0.9283093878011518,3.916023936558119,0.7993616022942666,2.16448261355922,0.8103978152718586,384,0.7744754818326527,0.8181759672757398,unseen_vessel,0,False,317828,,,,,mse,6000,200,5,150,100|200|400,1091,399,5849,5,1131
deep,lstm,roll,100,10.0,418944,2.5052912443858895,1.2342204619651993,3.2722450879087255,0.4138283739699121,2.1658219526506457,1.156739242263097,384,0.3044626536363473,0.48984208861288064,unseen_vessel,0,False,317828,,,,,mse,6000,200,5,150,100|200|400,1091,399,5849,5,1131
deep,lstm,roll,150,15.0,418944,2.9187865773930985,1.4990624869126636,1.6805099749527599,-2.016633096380018,2.1674952305339903,1.346617301055845,384,-2.142254455405006,-1.8837296670774322,unseen_vessel,0,False,317828,,,,,mse,6000,200,5,150,100|200|400,1091,399,5849,5,1131
deep,lstm,pitch,10,1.0,418944,0.09674742826998169,0.059070232321984,0.6877023559188356,0.9802085399215849,1.0558196506943205,0.09163253232345064,384,0.9779325421333163,0.9824364503398366,unseen_vessel,0,False,317828,,,,,mse,6000,200,5,150,100|200|400,1091,399,5849,5,1131
deep,lstm,pitch,20,2.0,418944,0.13858823625191372,0.08298116048594117,1.2858543786712318,0.9883836641635693,1.0560780997802575,0.13122915462478613,384,0.9875929276138314,0.9891434249351105,unseen_vessel,0,False,317828,,,,,mse,6000,200,5,150,100|200|400,1091,399,5849,5,1131
deep,lstm,pitch,30,3.0,418944,0.19335345954673455,0.11410058210384418,1.7230749268005872,0.9874079752596205,1.0563648177875178,0.18303663307502027,384,0.9867133128126818,0.9880257448538718,unseen_vessel,0,False,317828,,,,,mse,6000,200,5,150,100|200|400,1091,399,5849,5,1131
deep,lstm,pitch,50,5.0,418944,0.23897796471666685,0.13860643364982278,1.9925227630235358,0.9856150242853141,1.056518056585286,0.22619392373572336,384,0.984581097619201,0.9866482526250202,unseen_vessel,0,False,317828,,,,,mse,6000,200,5,150,100|200|400,1091,399,5849,5,1131
deep,lstm,pitch,100,10.0,418944,0.5076970716829857,0.2929175101595729,1.153113221907809,0.8061501750672065,1.0571110110609412,0.48026845465685686,384,0.7880025408046638,0.8223510932713903,unseen_vessel,0,False,317828,,,,,mse,6000,200,5,150,100|200|400,1091,399,5849,5,1131
deep,lstm,pitch,150,15.0,418944,0.7741974494859369,0.4551297864188515,1.59606195052592,0.7647097214537089,1.0572954896417577,0.7322432158944113,384,0.7505466061918276,0.7789539423111352,unseen_vessel,0,False,317828,,,,,mse,6000,200,5,150,100|200|400,1091,399,5849,5,1131
deep,lstm,heave,10,1.0,418944,0.04318650405993983,0.02759891661832704,0.3615447710820917,0.9857317099528546,0.6545431487959708,0.06597961362727761,384,0.984450111500682,0.986951195600024,unseen_vessel,0,False,317828,,,,,mse,6000,200,5,150,100|200|400,1091,399,5849,5,1131
deep,lstm,heave,20,2.0,418944,0.07805579983806346,0.05254268204327672,0.6911291778528944,0.9872446640922483,0.6546139081318875,0.11923944613522827,384,0.9865840731032741,0.9878018310309057,unseen_vessel,0,False,317828,,,,,mse,6000,200,5,150,100|200|400,1091,399,5849,5,1131
deep,lstm,heave,30,3.0,418944,0.12853733239375192,0.08487467416519273,0.9606404750801385,0.9820965468957489,0.6547865316989431,0.1963041787989168,384,0.9811314479849289,0.9829387725189396,unseen_vessel,0,False,317828,,,,,mse,6000,200,5,150,100|200|400,1091,399,5849,5,1131
deep,lstm,heave,50,5.0,418944,0.1876509312289803,0.11909664675334944,1.2460719712770065,0.9773214547086153,0.65504861780891,0.28646870801232893,384,0.9760616605246529,0.9784929575763234,unseen_vessel,0,False,317828,,,,,mse,6000,200,5,150,100|200|400,1091,399,5849,5,1131
deep,lstm,heave,100,10.0,418944,0.3067227284713001,0.1842261840840708,0.7178352074130163,0.8174245384241831,0.6551836782357057,0.46814769454765787,384,0.7988445902725602,0.8327990856367149,unseen_vessel,0,False,317828,,,,,mse,6000,200,5,150,100|200|400,1091,399,5849,5,1131
deep,lstm,heave,150,15.0,418944,0.41528823239053597,0.2531188197116376,0.9508272981508525,0.8092361992533894,0.655175104834019,0.6338583827841634,384,0.7996835027728879,0.81842028376028,unseen_vessel,0,False,317828,,,,,mse,6000,200,5,150,100|200|400,1091,399,5849,5,1131
deep,lstm,roll_rate,10,1.0,418944,0.21463418875140214,0.14134884924869492,0.4781279856234528,0.7984840280140064,1.003429994097196,0.21390051126039178,384,0.7750020932348205,0.8165509381361388,unseen_vessel,0,False,317828,,,,,mse,6000,200,5,150,100|200|400,1091,399,5849,5,1131
deep,lstm,roll_rate,20,2.0,418944,0.3162017734972857,0.20328151136011033,0.9253840074739831,0.8832425440648827,1.0035097495577645,0.31509586592121525,384,0.8689284834175888,0.8945108297610137,unseen_vessel,0,False,317828,,,,,mse,6000,200,5,150,100|200|400,1091,399,5849,5,1131
deep,lstm,roll_rate,30,3.0,418944,0.4074176699890115,0.2487386379230957,1.3139364134521425,0.9038540434799753,1.0037292675872695,0.405903945561285,384,0.8918993925885216,0.9133928376832319,unseen_vessel,0,False,317828,,,,,mse,6000,200,5,150,100|200|400,1091,399,5849,5,1131
deep,lstm,roll_rate,50,5.0,418944,0.6690978075692535,0.3766129178444866,1.8337097261313333,0.8668570924944257,1.0040780504963167,0.6663802751574122,384,0.852461746980316,0.8781231563653207,unseen_vessel,0,False,317828,,,,,mse,6000,200,5,150,100|200|400,1091,399,5849,5,1131
deep,lstm,roll_rate,100,10.0,418944,1.1387380573809356,0.5969324852304779,1.4567282314550298,0.38893051525779077,1.0043507567410217,1.1338051469946435,384,0.2988723894878794,0.4559383661873785,unseen_vessel,0,False,317828,,,,,mse,6000,200,5,150,100|200|400,1091,399,5849,5,1131
deep,lstm,roll_rate,150,15.0,418944,1.4110682391436224,0.7640229279339328,0.8980835140127613,-1.468667417318466,1.0045752968253436,1.404641586950104,384,-1.6095988296530295,-1.333665789209328,unseen_vessel,0,False,317828,,,,,mse,6000,200,5,150,100|200|400,1091,399,5849,5,1131
deep,lstm,pitch_rate,10,1.0,418944,0.08482819222056835,0.05745265650294663,0.5015970472126259,0.9713997070777577,0.7033033480444127,0.12061394625297811,384,0.9688307409159109,0.9737825247797189,unseen_vessel,0,False,317828,,,,,mse,6000,200,5,150,100|200|400,1091,399,5849,5,1131
deep,lstm,pitch_rate,20,2.0,418944,0.10867301863360489,0.06613466777248224,0.9240384272025958,0.9861686873969194,0.7032718636851464,0.15452490600741225,384,0.9850736019807895,0.9873389386056607,unseen_vessel,0,False,317828,,,,,mse,6000,200,5,150,100|200|400,1091,399,5849,5,1131
deep,lstm,pitch_rate,30,3.0,418944,0.12120071703074638,0.07284998498580504,1.2081985494446832,0.9899368543548007,0.7032100749235104,0.17235349912176617,384,0.9892251516487396,0.9907049694196345,unseen_vessel,0,False,317828,,,,,mse,6000,200,5,150,100|200|400,1091,399,5849,5,1131
deep,lstm,pitch_rate,50,5.0,418944,0.18239750150783837,0.10989752341952774,1.2931639105009303,0.9801056104133484,0.7033693151644206,0.2593196739968687,384,0.9787508609408979,0.9812729728463893,unseen_vessel,0,False,317828,,,,,mse,6000,200,5,150,100|200|400,1091,399,5849,5,1131
deep,lstm,pitch_rate,100,10.0,418944,0.3953597573672713,0.22841160221818407,0.8285948086236703,0.7723327786485219,0.7035318108543728,0.5619642939629756,384,0.7535985576052299,0.791419501758195,unseen_vessel,0,False,317828,,,,,mse,6000,200,5,150,100|200|400,1091,399,5849,5,1131
deep,lstm,pitch_rate,150,15.0,418944,0.5643891899763297,0.3322089602012098,1.0505844537780828,0.7114005933314832,0.7034916636610969,0.8022684832385177,384,0.6968119233916082,0.7248828358152736,unseen_vessel,0,False,317828,,,,,mse,6000,200,5,150,100|200|400,1091,399,5849,5,1131
deep,lstm,heave_rate,10,1.0,418944,0.04443513678988567,0.029821398435125265,0.2165955614354243,0.9579124216758705,0.36707332495950795,0.12105248125776323,384,0.9536334403924432,0.9617605020870821,unseen_vessel,0,False,317828,,,,,mse,6000,200,5,150,100|200|400,1091,399,5849,5,1131
deep,lstm,heave_rate,20,2.0,418944,0.05833936938270754,0.03860764630237152,0.41108398190696405,0.9798598662007714,0.36712395638464107,0.1589091868512785,384,0.9782751116651817,0.9812808526352211,unseen_vessel,0,False,317828,,,,,mse,6000,200,5,150,100|200|400,1091,399,5849,5,1131
deep,lstm,heave_rate,30,3.0,418944,0.05966243639931679,0.03914519879768861,0.5646443215908621,0.9888351719494783,0.3671127019343226,0.16251803896992523,384,0.9880908476450279,0.989524944207264,unseen_vessel,0,False,317828,,,,,mse,6000,200,5,150,100|200|400,1091,399,5849,5,1131
deep,lstm,heave_rate,50,5.0,418944,0.09550331694745023,0.06043451284138276,0.7045835327535368,0.9816273444386222,0.36712660650455187,0.26013728031522043,384,0.9799981839459586,0.9831246017701647,unseen_vessel,0,False,317828,,,,,mse,6000,200,5,150,100|200|400,1091,399,5849,5,1131
deep,lstm,heave_rate,100,10.0,418944,0.1782084690129428,0.11367180619124788,0.36620124201119936,0.7631807221020603,0.3672622047104473,0.4852349812402937,384,0.7440421236775304,0.7824837862732759,unseen_vessel,0,False,317828,,,,,mse,6000,200,5,150,100|200|400,1091,399,5849,5,1131
deep,lstm,heave_rate,150,15.0,418944,0.25184962684684287,0.1561479596620761,0.5674871567575078,0.803043395175109,0.3672906057877314,0.6856958029370198,384,0.7925101026364393,0.8118603884282943,unseen_vessel,0,False,317828,,,,,mse,6000,200,5,150,100|200|400,1091,399,5849,5,1131
deep,lstm,roll,10,1.0,418944,0.46564372658179015,0.28333611010874926,0.9937824600727138,0.7804543392244019,2.164337896495412,0.2151437293297781,384,0.7598567980116844,0.7966535269470598,unseen_vessel,1,False,317828,,,,,mse,6000,200,5,150,100|200|400,1091,399,5849,5,1131
deep,lstm,roll,20,2.0,418944,0.7848924836925091,0.45468319490708486,1.9304732108180853,0.8346924147932394,2.164546439184654,0.36261291025392095,384,0.8193985049095355,0.8466203363151383,unseen_vessel,1,False,317828,,,,,mse,6000,200,5,150,100|200|400,1091,399,5849,5,1131
deep,lstm,roll,30,3.0,418944,1.1424367341648956,0.6291266644591778,2.7574928795393854,0.8283532760958684,2.1644640050160047,0.5278150763964532,384,0.8104819907360341,0.8422830579394945,unseen_vessel,1,False,317828,,,,,mse,6000,200,5,150,100|200|400,1091,399,5849,5,1131
deep,lstm,roll,50,5.0,418944,1.744182172315783,0.9069339911102842,3.916023936558119,0.8016222268763414,2.16448261355922,0.8058194422027232,384,0.7775712952894422,0.8201818931382495,unseen_vessel,1,False,317828,,,,,mse,6000,200,5,150,100|200|400,1091,399,5849,5,1131
deep,lstm,roll,100,10.0,418944,2.5367060986666226,1.2446363742305189,3.2722450879087255,0.39903572290151634,2.1658219526506457,1.1712440607419596,384,0.2884933617690398,0.47510060538642523,unseen_vessel,1,False,317828,,,,,mse,6000,200,5,150,100|200|400,1091,399,5849,5,1131
deep,lstm,roll,150,15.0,418944,2.9175803150838044,1.4749177364188304,1.6805099749527599,-2.014140211898647,2.1674952305339903,1.3460607774278797,384,-2.151829141126602,-1.8577798716501774,unseen_vessel,1,False,317828,,,,,mse,6000,200,5,150,100|200|400,1091,399,5849,5,1131
deep,lstm,pitch,10,1.0,418944,0.09504421858525545,0.057554894673374914,0.6877023559188356,0.9808992515728172,1.0558196506943205,0.09001936885977938,384,0.978595010951783,0.9831020854887907,unseen_vessel,1,False,317828,,,,,mse,6000,200,5,150,100|200|400,1091,399,5849,5,1131
deep,lstm,pitch,20,2.0,418944,0.1412650925269629,0.08760410123726732,1.2858543786712318,0.9879305872277303,1.0560780997802575,0.13376386893768227,384,0.987063955971475,0.9887555423264749,unseen_vessel,1,False,317828,,,,,mse,6000,200,5,150,100|200|400,1091,399,5849,5,1131
deep,lstm,pitch,30,3.0,418944,0.19409075957135763,0.1182662454297013,1.7230749268005872,0.9873117597447905,1.0563648177875178,0.1837345927308211,384,0.9866659259964541,0.987936354545627,unseen_vessel,1,False,317828,,,,,mse,6000,200,5,150,100|200|400,1091,399,5849,5,1131
deep,lstm,pitch,50,5.0,418944,0.253399040574413,0.14835180336554837,1.9925227630235358,0.9838265247125362,1.056518056585286,0.23984354928434454,384,0.9831580120436346,0.9845329675721293,unseen_vessel,1,False,317828,,,,,mse,6000,200,5,150,100|200|400,1091,399,5849,5,1131
deep,lstm,pitch,100,10.0,418944,0.515341956560466,0.2933008330263618,1.153113221907809,0.8002682532422677,1.0571110110609412,0.48750032037151597,384,0.7843494543722881,0.816536945350337,unseen_vessel,1,False,317828,,,,,mse,6000,200,5,150,100|200|400,1091,399,5849,5,1131
deep,lstm,pitch,150,15.0,418944,0.7764688827588436,0.4532776826899161,1.59606195052592,0.7633270504595084,1.0572954896417577,0.7343915588081567,384,0.7480150815919187,0.7796658010507741,unseen_vessel,1,False,317828,,,,,mse,6000,200,5,150,100|200|400,1091,399,5849,5,1131
deep,lstm,heave,10,1.0,418944,0.04267122417480689,0.026568062013810352,0.3615447710820917,0.9860701629876871,0.6545431487959708,0.065192377696261,384,0.9847806912530814,0.9872386464070957,unseen_vessel,1,False,317828,,,,,mse,6000,200,5,150,100|200|400,1091,399,5849,5,1131
deep,lstm,heave,20,2.0,418944,0.07521824547485462,0.04872926976356632,0.6911291778528944,0.988155194290405,0.6546139081318875,0.11490474696681838,384,0.9873465773335732,0.9888914132328221,unseen_vessel,1,False,317828,,,,,mse,6000,200,5,150,100|200|400,1091,399,5849,5,1131
deep,lstm,heave,30,3.0,418944,0.12295145253827564,0.0807400187644449,0.9606404750801385,0.9836188055472482,0.6547865316989431,0.18777333770024168,384,0.9825143740434956,0.9845639358663035,unseen_vessel,1,False,317828,,,,,mse,6000,200,5,150,100|200|400,1091,399,5849,5,1131
deep,lstm,heave,50,5.0,418944,0.19334261035329806,0.1239791336069602,1.2460719712770065,0.9759248555776224,0.65504861780891,0.2951576495192296,384,0.9744888874226029,0.9771791436996284,unseen_vessel,1,False,317828,,,,,mse,6000,200,5,150,100|200|400,1091,399,5849,5,1131
deep,lstm,heave,100,10.0,418944,0.3226108960345363,0.19495967855187687,0.7178352074130163,0.7980199141885349,0.6551836782357057,0.49239763863359765,384,0.778933942623716,0.813538361671535,unseen_vessel,1,False,317828,,,,,mse,6000,200,5,150,100|200|400,1091,399,5849,5,1131
deep,lstm,heave,150,15.0,418944,0.4305947639363404,0.2604400963299329,0.9508272981508525,0.7949148544074245,0.655175104834019,0.6572208876059578,384,0.7815846281639737,0.80771333873091,unseen_vessel,1,False,317828,,,,,mse,6000,200,5,150,100|200|400,1091,399,5849,5,1131
deep,lstm,roll_rate,10,1.0,418944,0.20610289164204385,0.13451247058726687,0.4781279856234528,0.8141853972618056,1.003429994097196,0.20539837642333814,384,0.7961811655671507,0.8281883635816099,unseen_vessel,1,False,317828,,,,,mse,6000,200,5,150,100|200|400,1091,399,5849,5,1131
deep,lstm,roll_rate,20,2.0,418944,0.3044945671259648,0.18589726300753934,0.9253840074739831,0.8917282598077455,1.0035097495577645,0.3034296052032899,384,0.8780378989860457,0.9030333829780643,unseen_vessel,1,False,317828,,,,,mse,6000,200,5,150,100|200|400,1091,399,5849,5,1131
deep,lstm,roll_rate,30,3.0,418944,0.40654033317077415,0.24632150607694492,1.3139364134521425,0.9042676807431443,1.0037292675872695,0.4050298684106343,384,0.8917188058542375,0.9143847630502502,unseen_vessel,1,False,317828,,,,,mse,6000,200,5,150,100|200|400,1091,399,5849,5,1131
deep,lstm,roll_rate,50,5.0,418944,0.6630271386771329,0.3793534060668553,1.8337097261313333,0.8692621215655773,1.0040780504963167,0.6603342622113868,384,0.854854854490274,0.88079860442045,unseen_vessel,1,False,317828,,,,,mse,6000,200,5,150,100|200|400,1091,399,5849,5,1131
deep,lstm,roll_rate,100,10.0,418944,1.1799623809632898,0.6200190889125804,1.4567282314550298,0.3438860839157958,1.0043507567410217,1.174850890531614,384,0.24624198152583682,0.4178228582280478,unseen_vessel,1,False,317828,,,,,mse,6000,200,5,150,100|200|400,1091,399,5849,5,1131
deep,lstm,roll_rate,150,15.0,418944,1.4247197402507905,0.7650405766169018,0.8980835140127613,-1.5166651494351004,1.0045752968253436,1.418230912857589,384,-1.6524130238679902,-1.3884881594259553,unseen_vessel,1,False,317828,,,,,mse,6000,200,5,150,100|200|400,1091,399,5849,5,1131
deep,lstm,pitch_rate,10,1.0,418944,0.07656567531143521,0.049087840413358064,0.5015970472126259,0.976699872782791,0.7033033480444127,0.1088657910193827,384,0.974550977434233,0.9785761944286817,unseen_vessel,1,False,317828,,,,,mse,6000,200,5,150,100|200|400,1091,399,5849,5,1131
deep,lstm,pitch_rate,20,2.0,418944,0.09837523135584521,0.061160087450544805,0.9240384272025958,0.9886657844146516,0.7032718636851464,0.1398822225595074,384,0.9877114587164413,0.9896108059852792,unseen_vessel,1,False,317828,,,,,mse,6000,200,5,150,100|200|400,1091,399,5849,5,1131
deep,lstm,pitch_rate,30,3.0,418944,0.11549573523234248,0.0701936136330814,1.2081985494446832,0.9908619132672943,0.7032100749235104,0.16424072883896776,384,0.9901706659712604,0.9915907002184045,unseen_vessel,1,False,317828,,,,,mse,6000,200,5,150,100|200|400,1091,399,5849,5,1131
deep,lstm,pitch_rate,50,5.0,418944,0.18481870079131993,0.10791177290587621,1.2931639105009303,0.979573936661895,0.7033693151644206,0.2627619613291155,384,0.9781015448790197,0.9808760335232658,unseen_vessel,1,False,317828,,,,,mse,6000,200,5,150,100|200|400,1091,399,5849,5,1131
deep,lstm,pitch_rate,100,10.0,418944,0.3864762250355113,0.22457139861133812,0.8285948086236703,0.7824489674329882,0.7035318108543728,0.5493372425706985,384,0.766778001960933,0.7993928819376559,unseen_vessel,1,False,317828,,,,,mse,6000,200,5,150,100|200|400,1091,399,5849,5,1131
deep,lstm,pitch_rate,150,15.0,418944,0.5614332440950217,0.32704802326462057,1.0505844537780828,0.7144157121905998,0.7034916636610969,0.7980666624721924,384,0.7009615962004333,0.7268745123867693,unseen_vessel,1,False,317828,,,,,mse,6000,200,5,150,100|200|400,1091,399,5849,5,1131
deep,lstm,heave_rate,10,1.0,418944,0.039531403687872786,0.025574231166999164,0.2165955614354243,0.9666891767578243,0.36707332495950795,0.10769347974885812,384,0.9633204109825908,0.9697717068077739,unseen_vessel,1,False,317828,,,,,mse,6000,200,5,150,100|200|400,1091,399,5849,5,1131
deep,lstm,heave_rate,20,2.0,418944,0.053966423457491974,0.03605690066776679,0.41108398190696405,0.9827659969919952,0.36712395638464107,0.14699782599027827,384,0.9814691598790116,0.9839679810682971,unseen_vessel,1,False,317828,,,,,mse,6000,200,5,150,100|200|400,1091,399,5849,5,1131
deep,lstm,heave_rate,30,3.0,418944,0.0593242601889096,0.03964003911233318,0.5646443215908621,0.988961381299648,0.3671127019343226,0.1615968607905124,384,0.9882458052592543,0.9896071136342593,unseen_vessel,1,False,317828,,,,,mse,6000,200,5,150,100|200|400,1091,399,5849,5,1131
deep,lstm,heave_rate,50,5.0,418944,0.09275466751499806,0.059155797750514404,0.7045835327535368,0.9826696805398891,0.36712660650455187,0.2526503551407627,384,0.9811025918689756,0.9840751558061389,unseen_vessel,1,False,317828,,,,,mse,6000,200,5,150,100|200|400,1091,399,5849,5,1131
deep,lstm,heave_rate,100,10.0,418944,0.18050946460642414,0.11436150596586102,0.36620124201119936,0.7570257051937445,0.3672622047104473,0.49150024775552215,384,0.7402353229125447,0.7747063244503163,unseen_vessel,1,False,317828,,,,,mse,6000,200,5,150,100|200|400,1091,399,5849,5,1131
deep,lstm,heave_rate,150,15.0,418944,0.24766480153707898,0.15315416548844915,0.5674871567575078,0.8095344203970012,0.3672906057877314,0.6743020312373906,384,0.7990472813551218,0.8186379211837289,unseen_vessel,1,False,317828,,,,,mse,6000,200,5,150,100|200|400,1091,399,5849,5,1131
deep,lstm,roll,10,1.0,418944,0.48476244853476036,0.27743194054322984,0.9937824600727138,0.7620557106550421,2.164337896495412,0.22397724926394735,384,0.7347487147074371,0.7829365507243651,unseen_vessel,2,False,317828,,,,,mse,6000,200,5,150,100|200|400,1091,399,5849,5,1131
deep,lstm,roll,20,2.0,418944,0.7996351525152424,0.43862088359081786,1.9304732108180853,0.8284241350604141,2.164546439184654,0.3694238839322157,384,0.809380813965538,0.8432680849097777,unseen_vessel,2,False,317828,,,,,mse,6000,200,5,150,100|200|400,1091,399,5849,5,1131
deep,lstm,roll,30,3.0,418944,1.140068129570162,0.6104561733928663,2.7574928795393854,0.8290642857206321,2.1644640050160047,0.5267207617812669,384,0.8096693702514345,0.8439477386979214,unseen_vessel,2,False,317828,,,,,mse,6000,200,5,150,100|200|400,1091,399,5849,5,1131
deep,lstm,roll,50,5.0,418944,1.6795222893746742,0.8674204007711893,3.916023936558119,0.8160580152696882,2.16448261355922,0.7759463064537676,384,0.7928180289156956,0.8337014517147545,unseen_vessel,2,False,317828,,,,,mse,6000,200,5,150,100|200|400,1091,399,5849,5,1131
deep,lstm,roll,100,10.0,418944,2.4790887951940226,1.2138930432280075,3.2722450879087255,0.42602560884415563,2.1658219526506457,1.144641087491049,384,0.31970139702831973,0.4985954898959376,unseen_vessel,2,False,317828,,,,,mse,6000,200,5,150,100|200|400,1091,399,5849,5,1131
deep,lstm,roll,150,15.0,418944,2.940193277639589,1.5093915423208835,1.6805099749527599,-2.0610439931988758,2.1674952305339903,1.3564935397413698,384,-2.1904409942149745,-1.9187267817794094,unseen_vessel,2,False,317828,,,,,mse,6000,200,5,150,100|200|400,1091,399,5849,5,1131
deep,lstm,pitch,10,1.0,418944,0.10681667064010737,0.06879737702315623,0.6877023559188356,0.9758744595821258,1.0558196506943205,0.1011694284813352,384,0.9721281567193142,0.9792040757797394,unseen_vessel,2,False,317828,,,,,mse,6000,200,5,150,100|200|400,1091,399,5849,5,1131
deep,lstm,pitch,20,2.0,418944,0.15966524741805738,0.10154125152558952,1.2858543786712318,0.9845816741267127,1.0560780997802575,0.15118696945924698,384,0.9829198606926053,0.986201836176988,unseen_vessel,2,False,317828,,,,,mse,6000,200,5,150,100|200|400,1091,399,5849,5,1131
deep,lstm,pitch,30,3.0,418944,0.21665938268757187,0.1358099471811463,1.7230749268005872,0.9841894609537905,1.0563648177875178,0.20509901412785575,384,0.9829907826371552,0.985303520099008,unseen_vessel,2,False,317828,,,,,mse,6000,200,5,150,100|200|400,1091,399,5849,5,1131
deep,lstm,pitch,50,5.0,418944,0.2525375952076603,0.15233311900867041,1.9925227630235358,0.9839363032106694,1.056518056585286,0.23902818663021544,384,0.9830554712023086,0.984767431395217,unseen_vessel,2,False,317828,,,,,mse,6000,200,5,150,100|200|400,1091,399,5849,5,1131
deep,lstm,pitch,100,10.0,418944,0.5186170446915046,0.3051195903509639,1.153113221907809,0.7977215261657427,1.0571110110609412,0.4905984700424305,384,0.7810751424732751,0.8129710775175777,unseen_vessel,2,False,317828,,,,,mse,6000,200,5,150,100|200|400,1091,399,5849,5,1131
deep,lstm,pitch,150,15.0,418944,0.7869417711185162,0.4697194506323004,1.59606195052592,0.7568995805446128,1.0572954896417577,0.7442969149382779,384,0.7423026964769549,0.7708722255510854,unseen_vessel,2,False,317828,,,,,mse,6000,200,5,150,100|200|400,1091,399,5849,5,1131
deep,lstm,heave,10,1.0,418944,0.05094046459935399,0.03309497478412378,0.3615447710820917,0.9801481203565163,0.6545431487959708,0.07782598396004717,384,0.9786764767014764,0.9814956476402104,unseen_vessel,2,False,317828,,,,,mse,6000,200,5,150,100|200|400,1091,399,5849,5,1131
deep,lstm,heave,20,2.0,418944,0.0786167300773552,0.05212593473301006,0.6911291778528944,0.9870606787381452,0.6546139081318875,0.1200963332748439,384,0.9864018506434384,0.9875905348149874,unseen_vessel,2,False,317828,,,,,mse,6000,200,5,150,100|200|400,1091,399,5849,5,1131
deep,lstm,heave,30,3.0,418944,0.11188624889529436,0.07498677488029291,0.9606404750801385,0.9864346293120388,0.6547865316989431,0.17087438955866807,384,0.9856995825032941,0.9869974470367213,unseen_vessel,2,False,317828,,,,,mse,6000,200,5,150,100|200|400,1091,399,5849,5,1131
deep,lstm,heave,50,5.0,418944,0.17350730689987903,0.11405321407637256,1.2460719712770065,0.9806112735506984,0.65504861780891,0.2648769910854073,384,0.9793885789584982,0.9816315135834478,unseen_vessel,2,False,317828,,,,,mse,6000,200,5,150,100|200|400,1091,399,5849,5,1131
deep,lstm,heave,100,10.0,418944,0.3134104261350125,0.19355269385482174,0.7178352074130163,0.8093760917321733,0.6551836782357057,0.4783550575908295,384,0.7918626792410773,0.8238444886073742,unseen_vessel,2,False,317828,,,,,mse,6000,200,5,150,100|200|400,1091,399,5849,5,1131
deep,lstm,heave,150,15.0,418944,0.43089909429256695,0.2674002149293212,0.9508272981508525,0.7946248569592128,0.655175104834019,0.6576853899259958,384,0.7826055255111823,0.8063113555082411,unseen_vessel,2,False,317828,,,,,mse,6000,200,5,150,100|200|400,1091,399,5849,5,1131
deep,lstm,roll_rate,10,1.0,418944,0.19376343118561945,0.1265181080874,0.4781279856234528,0.8357689369709279,1.003429994097196,0.19310109556766028,384,0.819742536120851,0.8484235763186807,unseen_vessel,2,False,317828,,,,,mse,6000,200,5,150,100|200|400,1091,399,5849,5,1131
deep,lstm,roll_rate,20,2.0,418944,0.2773442248260413,0.17332055455974052,0.9253840074739831,0.910175610448071,1.0035097495577645,0.2763742205277665,384,0.8996808329432605,0.9187260609110177,unseen_vessel,2,False,317828,,,,,mse,6000,200,5,150,100|200|400,1091,399,5849,5,1131
deep,lstm,roll_rate,30,3.0,418944,0.36920965798404126,0.22024624351079994,1.3139364134521425,0.9210417691341989,1.0037292675872695,0.3678378920558279,384,0.9104037865075671,0.9296223248831287,unseen_vessel,2,False,317828,,,,,mse,6000,200,5,150,100|200|400,1091,399,5849,5,1131
deep,lstm,roll_rate,50,5.0,418944,0.6836220872254529,0.37546060568565837,1.8337097261313333,0.861014019621755,1.0040780504963167,0.6808455646326875,384,0.8439880458767115,0.8748340106845756,unseen_vessel,2,False,317828,,,,,mse,6000,200,5,150,100|200|400,1091,399,5849,5,1131
deep,lstm,roll_rate,100,10.0,418944,1.1737179138446503,0.6088537268736083,1.4567282314550298,0.3508121364378852,1.0043507567410217,1.1686334738803816,384,0.24884075646231638,0.42571530999035695,unseen_vessel,2,False,317828,,,,,mse,6000,200,5,150,100|200|400,1091,399,5849,5,1131
deep,lstm,roll_rate,150,15.0,418944,1.418197287077195,0.7604613397644798,0.8980835140127613,-1.493675004658817,1.0045752968253436,1.4117381659284063,384,-1.626508557010655,-1.366806188825019,unseen_vessel,2,False,317828,,,,,mse,6000,200,5,150,100|200|400,1091,399,5849,5,1131
deep,lstm,pitch_rate,10,1.0,418944,0.08913124830339164,0.058919449732072665,0.5015970472126259,0.9684245146079024,0.7033033480444127,0.12673229631456712,384,0.9651029748365741,0.9716257296549072,unseen_vessel,2,False,317828,,,,,mse,6000,200,5,150,100|200|400,1091,399,5849,5,1131
deep,lstm,pitch_rate,20,2.0,418944,0.11541879021851491,0.07317961979664613,0.9240384272025958,0.9843982623323551,0.7032718636851464,0.16411688875724412,384,0.9828252350321162,0.9857806663237986,unseen_vessel,2,False,317828,,,,,mse,6000,200,5,150,100|200|400,1091,399,5849,5,1131
deep,lstm,pitch_rate,30,3.0,418944,0.12447033800989053,0.0778259021398935,1.2081985494446832,0.9893865856902838,0.7032100749235104,0.17700306416034983,384,0.9883829966011143,0.9902963316751696,unseen_vessel,2,False,317828,,,,,mse,6000,200,5,150,100|200|400,1091,399,5849,5,1131
deep,lstm,pitch_rate,50,5.0,418944,0.1979831907030506,0.11972774428816346,1.2931639105009303,0.9765604383025598,0.7033693151644206,0.28147828805521574,384,0.9747969366711339,0.9780188119510052,unseen_vessel,2,False,317828,,,,,mse,6000,200,5,150,100|200|400,1091,399,5849,5,1131
deep,lstm,pitch_rate,100,10.0,418944,0.4005512290736232,0.24259369101646425,0.8285948086236703,0.7663145237912545,0.7035318108543728,0.5693434509907828,384,0.7498297970089286,0.7836502377954885,unseen_vessel,2,False,317828,,,,,mse,6000,200,5,150,100|200|400,1091,399,5849,5,1131
deep,lstm,pitch_rate,150,15.0,418944,0.5633691041507172,0.33417410464308217,1.0505844537780828,0.712442888687727,0.7034916636610969,0.8008184506676926,384,0.6983841891172674,0.7244531543809684,unseen_vessel,2,False,317828,,,,,mse,6000,200,5,150,100|200|400,1091,399,5849,5,1131
deep,lstm,heave_rate,10,1.0,418944,0.038367898220287314,0.02703815559056722,0.2165955614354243,0.9686211579265421,0.36707332495950795,0.10452379841144735,384,0.9657265501382748,0.9713340469466594,unseen_vessel,2,False,317828,,,,,mse,6000,200,5,150,100|200|400,1091,399,5849,5,1131
deep,lstm,heave_rate,20,2.0,418944,0.047190357517259654,0.03311185461750725,0.41108398190696405,0.9868221237167092,0.36712395638464107,0.1285406650712209,384,0.9856404940729359,0.9878545637224244,unseen_vessel,2,False,317828,,,,,mse,6000,200,5,150,100|200|400,1091,399,5849,5,1131
deep,lstm,heave_rate,30,3.0,418944,0.053897625526872106,0.03703891508106762,0.5646443215908621,0.9908885114157708,0.3671127019343226,0.14681492970110996,384,0.9901058043959602,0.9915830828072604,unseen_vessel,2,False,317828,,,,,mse,6000,200,5,150,100|200|400,1091,399,5849,5,1131
deep,lstm,heave_rate,50,5.0,418944,0.095425805541121,0.060027986342402896,0.7045835327535368,0.9816571551826544,0.36712660650455187,0.25992615040810957,384,0.9798525463146155,0.9832227811737564,unseen_vessel,2,False,317828,,,,,mse,6000,200,5,150,100|200|400,1091,399,5849,5,1131
deep,lstm,heave_rate,100,10.0,418944,0.18200296099329977,0.11616619471488966,0.36620124201119936,0.7529884384197112,0.3672622047104473,0.4955668148231928,384,0.7356369949334344,0.7695389053960932,unseen_vessel,2,False,317828,,,,,mse,6000,200,5,150,100|200|400,1091,399,5849,5,1131
deep,lstm,heave_rate,150,15.0,418944,0.24896069624079417,0.15596954490482806,0.5674871567575078,0.8075360009187527,0.3672906057877314,0.6778302856585345,384,0.7976964993467557,0.8164577134271637,unseen_vessel,2,False,317828,,,,,mse,6000,200,5,150,100|200|400,1091,399,5849,5,1131
